run_id,start_seconds,end_seconds
deep-researcher-1785976314-b3fa744458ba,1.810,41.381
wide-researcher-1785976314-be45322a63d3,1.822,37.138
reviewer-1785976314-7babde4fb7e3,1.903,305.120
data-analyst-1785976314-60c42cd88dce,1.944,399.037
deep-researcher-1785976314-6c4d18adf1dc,1.952,305.232
wide-researcher-1785976314-9dcb74b43499,1.961,37.587
reviewer-1785976314-6ea8b041254a,1.970,163.298
data-analyst-1785976314-891461d58ec2,2.001,196.823
deep-researcher-1785976314-a3829f339bda,2.009,38.351
wide-researcher-1785976314-4a12d8b85fa0,2.017,74.147
reviewer-1785976314-ce1bcbf593aa,2.025,438.298
data-analyst-1785976314-e48420cfea97,2.053,423.894
deep-researcher-1785976314-6398f24cb383,2.063,39.791
wide-researcher-1785976314-c00726c441c2,2.073,104.858
reviewer-1785976314-c4528204c7fa,2.083,130.579
data-analyst-1785976314-c12f16280dd0,2.103,202.939
deep-researcher-1785976314-ace7bf4cff09,2.117,41.103
wide-researcher-1785976314-1064de7c9513,2.126,307.719
reviewer-1785976314-1aaa91ceb088,2.135,130.028
data-analyst-1785976314-f9866ae2cb8e,2.159,306.885
deep-researcher-1785976314-7cc9dfecb788,2.169,38.548
wide-researcher-1785976314-d3ad8eb79681,2.179,205.373
reviewer-1785976314-4385b340bc98,2.189,137.460
data-analyst-1785976314-e0c6f4a6b3d2,2.214,204.848
deep-researcher-1785976314-2883485a0840,2.223,78.693
wide-researcher-1785976314-d3ff2bd92d53,2.229,37.172
reviewer-1785976314-a37c9501d374,2.243,467.069
data-analyst-1785976314-743451e05b26,2.268,582.464
deep-researcher-1785976314-c13a379a424b,2.278,423.179
wide-researcher-1785976314-c9c2c6186f8f,2.288,39.955
reviewer-1785976314-0a641a1131fa,2.298,425.984
data-analyst-1785976314-10157e6f8705,2.323,170.034
deep-researcher-1785976314-911e99369834,2.332,39.441
wide-researcher-1785976314-ba652238d3f1,2.342,37.363
reviewer-1785976314-20f79c93bf5c,2.352,322.749
data-analyst-1785976314-90651c2c356a,2.377,539.003
deep-researcher-1785976314-7ca7c76617f3,2.387,39.630
wide-researcher-1785976314-eb6bc097fd5d,2.397,38.364
reviewer-1785976314-5c18dd754cdd,2.407,351.474
data-analyst-1785976314-b8a761632d01,2.432,431.314
deep-researcher-1785976314-9ca2c62aaf59,2.442,348.319
wide-researcher-1785976314-9a9c49f97c52,2.451,37.532
reviewer-1785976314-85b698575125,2.461,125.339
data-analyst-1785976314-955b34bb9ffb,2.487,419.978
deep-researcher-1785976315-a074a3c4c236,2.497,37.927
wide-researcher-1785976315-684a5ce21dce,2.507,204.895
reviewer-1785976315-47b000fa454e,2.517,203.051
data-analyst-1785976315-63c835630982,2.542,211.749
deep-researcher-1785976315-8e7b8629c70d,2.552,313.512
wide-researcher-1785976315-28d53a45ce0f,2.561,106.762
reviewer-1785976315-e91220911eae,2.571,546.946
data-analyst-1785976315-caa76b1f9a53,2.591,416.378
deep-researcher-1785976315-850d66c53e95,2.601,113.352
wide-researcher-1785976315-4ea265e09be9,2.611,103.479
reviewer-1785976315-9e3c6a25d499,2.621,250.051
data-analyst-1785976315-fd746f8c117f,2.642,304.269
deep-researcher-1785976315-5210cf94163e,2.655,202.323
wide-researcher-1785976315-72a5e284e5e7,2.664,38.591
reviewer-1785976315-7ec34666672d,2.673,212.313
data-analyst-1785976315-d9e2ca3661d8,2.694,126.571
deep-researcher-1785976315-3b61ecdf6fc5,2.708,128.412
wide-researcher-1785976315-737cb6acbc3f,2.718,39.847
reviewer-1785976315-852f572da737,2.728,209.492
data-analyst-1785976315-3d8e205909fa,2.753,208.515
deep-researcher-1785976315-1e217a0127ee,2.763,316.492
wide-researcher-1785976315-a14b45f4d06e,2.778,38.561
reviewer-1785976315-1043703b3907,2.788,320.024
data-analyst-1785976315-3f04c3292936,2.813,321.761
deep-researcher-1785976315-0c6294a8f1c8,2.823,37.553
wide-researcher-1785976315-75d49799771b,2.833,37.445
reviewer-1785976315-bf35beb8f212,2.843,314.259
data-analyst-1785976315-5f4f9c8bb8be,2.868,126.875
deep-researcher-1785976315-43ca57b44542,2.878,94.639
wide-researcher-1785976315-3d809abdb37e,2.888,41.188
reviewer-1785976315-acaa97bba66d,2.898,313.213
data-analyst-1785976315-f19e8e604259,2.923,189.675
deep-researcher-1785976315-1f221c3ee700,2.932,540.724
wide-researcher-1785976315-64e8c3510479,2.942,37.714
reviewer-1785976315-0d65595c3cf5,2.952,201.642
data-analyst-1785976315-bb447e6522d3,2.977,169.523
deep-researcher-1785976315-bad2038be333,2.987,42.379
wide-researcher-1785976315-ff82e995d7fe,2.997,41.207
reviewer-1785976315-c78d80837132,3.007,128.623
data-analyst-1785976315-c6baae93627b,3.032,309.222
deep-researcher-1785976315-d19a266186aa,3.042,637.325
wide-researcher-1785976315-01b35c0032bc,3.052,78.045
reviewer-1785976315-901fa735d43a,3.062,212.567
data-analyst-1785976315-11e4171bb6ca,3.087,302.095
deep-researcher-1785976315-864623e408d0,3.097,420.831
wide-researcher-1785976315-3e54e798c0d2,3.106,37.314
reviewer-1785976315-bbeaf648fc34,3.113,347.893
data-analyst-1785976315-3dc04d706fb5,3.142,264.615
deep-researcher-1785976315-c4ba8f295609,3.151,37.763
wide-researcher-1785976315-33d6ceb8a650,3.161,360.625
reviewer-1785976315-e4e9b5d6e9ea,3.170,458.974
data-analyst-1785976315-9533d6f6864e,3.195,127.057
deep-researcher-1785976315-0b6c89ee206f,3.204,127.983
wide-researcher-1785976315-d61490ff47e3,3.213,39.904
reviewer-1785976315-50194b5c11e8,3.222,211.129
data-analyst-1785976315-58c24affea18,3.246,103.688
deep-researcher-1785976315-ac33f3b9689b,3.255,38.095
wide-researcher-1785976315-b478835fc7a0,3.264,37.780
reviewer-1785976315-a1bbfca9b4ed,3.273,204.271
data-analyst-1785976315-c2a0769df113,3.297,207.647
deep-researcher-1785976315-6adefcb9ead9,3.306,36.790
wide-researcher-1785976315-92e2318a15d6,3.316,202.640
reviewer-1785976315-66a2d6c79fc6,3.330,131.220
data-analyst-1785976315-ae469b854ab4,3.354,129.314
deep-researcher-1785976315-b131d58dab9b,3.368,71.960
wide-researcher-1785976315-5791da417ec3,3.377,98.474
reviewer-1785976315-cb5e2cfa92c8,3.386,349.738
data-analyst-1785976315-77beed07a9fa,3.410,207.869
deep-researcher-1785976315-a78b14b6d4fc,3.420,457.456
wide-researcher-1785976315-58928d5085ca,3.429,37.892
reviewer-1785976315-037e28f8509d,3.438,281.722
data-analyst-1785976315-cfb683490947,3.462,323.241
deep-researcher-1785976315-55064370c533,3.471,36.955
wide-researcher-1785976315-cf3fec084475,3.480,72.444
reviewer-1785976316-19af584ac193,3.490,427.698
data-analyst-1785976316-bb3aceddf7fd,3.515,417.427
deep-researcher-1785976316-2a819f8b454c,3.525,37.797
wide-researcher-1785976316-81f387e456f1,3.535,36.826
reviewer-1785976316-b0cb98bb9bf0,3.546,416.228
data-analyst-1785976316-67cf61c7b253,3.571,80.457
deep-researcher-1785976316-3551f5c56161,3.581,439.185
wide-researcher-1785976316-a44167a3103c,3.590,40.349
reviewer-1785976316-ad17e9615d22,3.599,206.963
data-analyst-1785976316-dccde3a4b9a1,3.623,425.090
deep-researcher-1785976316-21faeed714e6,3.634,77.349
wide-researcher-1785976316-babb24a8ff3a,3.643,323.458
reviewer-1785976316-1aafc7702c83,3.652,238.746
data-analyst-1785976316-09769d5a022e,3.676,305.921
deep-researcher-1785976316-26ad0bb9d54e,3.685,87.766
wide-researcher-1785976316-f7c122cca7b7,3.694,326.844
reviewer-1785976316-f485891566b9,3.703,315.689
data-analyst-1785976316-ac783588e453,3.727,299.696
deep-researcher-1785976316-086a9c7a01b6,3.736,79.682
wide-researcher-1785976316-c4ff22ad4710,3.746,49.242
reviewer-1785976316-94f33f568c73,3.756,533.441
data-analyst-1785976316-d88eec19925c,3.781,636.189
deep-researcher-1785976316-04d1ad1b32f3,3.791,444.744
wide-researcher-1785976316-f6f9c75fbfd5,3.801,37.055
reviewer-1785976316-b7f288337cf1,3.811,306.556
data-analyst-1785976316-69633a51e0c1,3.836,218.923
deep-researcher-1785976316-c25ce5f9b8d5,3.846,78.377
wide-researcher-1785976316-cf1e61ee8573,3.860,38.819
reviewer-1785976316-5e0a74b6d255,3.869,209.602
data-analyst-1785976316-1a773baec6de,3.893,429.871
deep-researcher-1785976316-2788f66f5e14,3.903,71.664
wide-researcher-1785976316-d01b2b977f56,3.913,75.853
reviewer-1785976316-dc650b1d4d78,3.923,315.210
data-analyst-1785976316-2d0adcec07dc,3.948,206.398
deep-researcher-1785976316-9b6fdee5e0b4,3.958,416.417
wide-researcher-1785976316-85dfe55a3f70,3.967,38.737
reviewer-1785976316-75ebc9fa732a,3.976,213.045
data-analyst-1785976316-31b4a0ee8e01,3.999,203.916
deep-researcher-1785976316-cfad49ffba80,4.015,94.079
wide-researcher-1785976316-93fb6e91e06a,4.025,37.279
reviewer-1785976316-bc6239e2c7b5,4.034,309.760
data-analyst-1785976316-8a9afbe2c83f,4.058,481.368
deep-researcher-1785976316-aafc1d4abe0e,4.067,70.382
wide-researcher-1785976316-85cf93cf4735,4.076,544.423
reviewer-1785976316-c4dfdd5defd1,4.085,426.703
data-analyst-1785976316-817994a27df6,4.109,376.565
deep-researcher-1785976316-6991e64543a7,4.118,307.592
wide-researcher-1785976316-4bf4764a8214,4.127,417.228
reviewer-1785976316-fbd048846018,4.137,243.010
data-analyst-1785976316-8fbf6fe2e469,4.161,210.667
deep-researcher-1785976316-fb063a154a20,4.171,127.108
wide-researcher-1785976316-39bdda4f7f95,4.180,89.204
reviewer-1785976316-e0b9fae37c48,4.189,320.008
data-analyst-1785976316-838604b5ea76,4.208,541.435
deep-researcher-1785976316-f0298d198c5f,4.220,200.505
wide-researcher-1785976316-d327071e16ed,4.229,211.931
reviewer-1785976316-7683ae963190,4.239,210.828
data-analyst-1785976316-313d3c757320,4.260,372.202
deep-researcher-1785976316-4bec3c660d4c,4.273,259.151
wide-researcher-1785976316-e50380bb7cd1,4.283,39.427
reviewer-1785976316-53179a74d228,4.294,311.651
data-analyst-1785976316-a604950dc576,4.321,480.343
deep-researcher-1785976316-feb07028e7ba,4.331,133.833
wide-researcher-1785976316-613195d6de80,4.342,39.070
reviewer-1785976316-f4d4f4480874,4.352,416.698
data-analyst-1785976316-9aa35056c672,4.379,129.505
deep-researcher-1785976316-cd774b11e629,4.391,554.772
wide-researcher-1785976316-6541478b3ad8,4.399,62.975
reviewer-1785976316-82807570538a,4.413,414.984
data-analyst-1785976316-14484b4cb08c,4.440,428.262
deep-researcher-1785976316-ca2fbed9a9fe,4.450,435.792
wide-researcher-1785976316-190017798590,4.461,318.581
reviewer-1785976316-e18584ee1bc6,4.470,206.593
data-analyst-1785976317-a8608967277b,4.496,127.565
deep-researcher-1785976317-9c10dfda890f,4.505,125.137
wide-researcher-1785976317-b6338b40a6cf,4.514,37.695
reviewer-1785976317-e292f45034d3,4.523,208.497
data-analyst-1785976317-a5ae97e1eadb,4.549,153.021
deep-researcher-1785976317-0d2f62fe19fb,4.558,40.310
wide-researcher-1785976317-0e768a14a95a,4.568,70.339
reviewer-1785976317-7fb5511126ae,4.578,419.477
data-analyst-1785976317-3ea118840848,4.604,201.209
deep-researcher-1785976317-e94f63bec4e5,4.614,321.851
wide-researcher-1785976317-e424e378e6e4,4.624,304.742
reviewer-1785976317-092da1e8814e,4.639,315.143
data-analyst-1785976317-e4e2174425a8,4.667,299.219
deep-researcher-1785976317-ce41919b58ff,4.676,427.082
wide-researcher-1785976317-85257d93e7a7,4.688,120.251
reviewer-1785976317-cfd87fa33442,4.697,241.157
data-analyst-1785976317-3174a23b11a9,4.718,436.338
deep-researcher-1785976317-5bc6a09bc966,4.731,129.222
wide-researcher-1785976317-e3dcaa444082,4.741,424.081
reviewer-1785976317-1feeaa4a07c4,4.756,318.824
data-analyst-1785976317-87b1e14d4fee,4.781,316.208
deep-researcher-1785976317-1f92334c27e1,4.791,421.696
wide-researcher-1785976317-c234e3c23f3f,4.801,38.061
reviewer-1785976317-5b3c47a69d33,4.812,303.829
data-analyst-1785976317-5439b62d0d58,4.845,320.534
deep-researcher-1785976317-860f66e4fa3d,4.855,639.801
wide-researcher-1785976317-a9643f17e2e0,4.865,58.710
reviewer-1785976317-a4c6a1672c0a,4.875,175.661
data-analyst-1785976317-7a8c0d09989c,4.903,127.436
deep-researcher-1785976317-3e69d406ee0d,4.913,39.456
wide-researcher-1785976317-fc4e9f456f24,4.924,38.253
reviewer-1785976317-c058c7a379b8,4.935,213.258
data-analyst-1785976317-800b9d9d0067,4.963,303.978
deep-researcher-1785976317-e96a2059ba08,4.973,95.166
wide-researcher-1785976317-51388978447b,4.984,39.828
reviewer-1785976317-2cf2993629ed,4.994,560.953
data-analyst-1785976317-7cfcdf19ea77,5.022,207.977
deep-researcher-1785976317-0d53e7997f60,5.033,43.294
wide-researcher-1785976317-65d858da31b6,5.049,39.597
reviewer-1785976317-6853a9e159cc,5.060,321.959
data-analyst-1785976317-ea581142ccc0,5.086,502.238
deep-researcher-1785976317-9dd602d4a042,5.096,330.650
wide-researcher-1785976317-0fa982c85cd2,5.107,37.657
reviewer-1785976317-dd4b8299c592,5.118,210.777
data-analyst-1785976317-54f0b5659854,5.145,300.986
deep-researcher-1785976317-a2f8aebd9f54,5.155,38.016
wide-researcher-1785976317-d4b210b0f9c6,5.165,146.000
reviewer-1785976317-3b6c82195583,5.177,338.446
data-analyst-1785976317-d6d0170a8413,5.203,417.412
deep-researcher-1785976317-67915dcd4a9d,5.212,161.879
wide-researcher-1785976317-a9a6a561bdec,5.221,38.459
reviewer-1785976317-f08d204da0d8,5.230,333.773
data-analyst-1785976317-8821f0c893e2,5.249,480.003
deep-researcher-1785976317-1788c7f90848,5.258,390.564
wide-researcher-1785976317-f64cc0457171,5.268,150.887
reviewer-1785976317-85bd59d3de7e,5.277,320.936
data-analyst-1785976317-12229defa6b8,5.298,512.332
deep-researcher-1785976317-045b8045563d,5.312,43.422
wide-researcher-1785976317-7900d61374a5,5.322,40.956
reviewer-1785976317-162e3536e113,5.331,538.660
data-analyst-1785976317-ed29736e569a,5.353,306.260
deep-researcher-1785976317-3f77063924f8,5.366,42.564
wide-researcher-1785976317-715332ee48f7,5.378,430.298
reviewer-1785976317-a2518907f698,5.391,197.405
data-analyst-1785976317-68a33312889f,5.417,321.601
deep-researcher-1785976317-f94e0c9f3c13,5.427,168.581
wide-researcher-1785976317-402d3bae2ca5,5.437,142.699
reviewer-1785976317-1e5bc8268549,5.443,306.345
data-analyst-1785976317-31335e7335c5,5.474,421.619
deep-researcher-1785976317-d64cc345eb1d,5.484,169.085
wide-researcher-1785976318-07a142c9d355,5.498,70.808
reviewer-1785976318-a06bc6bf039c,5.509,203.751
data-analyst-1785976318-020411a3b7c5,5.537,439.439
deep-researcher-1785976318-ecc5e27aadeb,5.548,38.938
wide-researcher-1785976318-184519de5c73,5.559,70.445
reviewer-1785976318-cbc053595f12,5.569,433.454
data-analyst-1785976318-b28a17e8fa32,5.596,208.816
deep-researcher-1785976318-77d03d64ec4d,5.606,242.187
wide-researcher-1785976318-d77b5386bfef,5.616,40.936
reviewer-1785976318-c94d88b5c6b9,5.626,204.947
data-analyst-1785976318-f5a8d368bd9f,5.653,422.033
deep-researcher-1785976318-bcb810196e77,5.663,39.016
wide-researcher-1785976318-faf16b9d9773,5.674,134.689
reviewer-1785976318-0a64467d5233,5.684,292.391
data-analyst-1785976318-7f3004386e7d,5.710,201.224
deep-researcher-1785976318-44e36783c9c7,5.720,428.748
wide-researcher-1785976318-b37ae1f7dd52,5.730,318.040
reviewer-1785976318-3bfcb78e6fae,5.741,201.578
data-analyst-1785976318-3107188e9930,5.769,418.205
deep-researcher-1785976318-63da69a3e645,5.780,45.273
wide-researcher-1785976318-9beb48bffcdf,5.791,81.054
reviewer-1785976318-9a6c1d020369,5.801,152.565
data-analyst-1785976318-df1823a14178,5.827,548.421
deep-researcher-1785976318-186714c29c32,5.838,46.253
wide-researcher-1785976318-e41331960cc4,5.848,206.460
reviewer-1785976318-121b9332f3d0,5.857,148.553
data-analyst-1785976318-b8d3a41ce3cc,5.883,427.001
deep-researcher-1785976318-566b49148877,5.893,203.888
wide-researcher-1785976318-5bd85eb89a10,5.903,213.306
reviewer-1785976318-dca7e48edda7,5.913,428.310
data-analyst-1785976318-6a64c14170c1,5.939,217.191
deep-researcher-1785976318-79b064c3d417,5.949,558.238
wide-researcher-1785976318-1269fedbf3ad,5.959,305.755
reviewer-1785976318-f530ea2426e3,5.969,399.152
data-analyst-1785976318-a9f25342b2ac,5.997,200.595
deep-researcher-1785976318-ee8e54816d6e,6.010,203.235
wide-researcher-1785976318-d9604eef0926,6.021,315.522
reviewer-1785976318-aa875f6112b4,6.031,561.125
data-analyst-1785976318-d612aa20f79d,6.058,593.125
deep-researcher-1785976318-d72707496e2b,6.068,275.991
wide-researcher-1785976318-f9c213c33661,6.078,236.232
reviewer-1785976318-195f9a24dbb9,6.085,372.864
data-analyst-1785976318-fd867c3a3b83,6.116,434.761
deep-researcher-1785976318-dacff79c282c,6.125,320.040
wide-researcher-1785976318-3c8f06888187,6.135,314.642
reviewer-1785976318-2725f987db27,6.145,567.216
data-analyst-1785976318-ecc63c2d56bb,6.171,310.332
deep-researcher-1785976318-3c7b8343d008,6.181,435.723
wide-researcher-1785976318-5cf086e41e4e,6.192,543.590
reviewer-1785976318-c4d11ed69945,6.202,201.402
data-analyst-1785976318-1847f1ab33b8,6.228,227.871
deep-researcher-1785976318-7ab9c2e04ce9,6.238,65.321
wide-researcher-1785976318-18099330add3,6.253,87.078
reviewer-1785976318-ddd4c7ecea0c,6.262,224.034
data-analyst-1785976318-7e1f6bed2a67,6.281,319.172
deep-researcher-1785976318-9aacbf985418,6.295,70.286
wide-researcher-1785976318-8b117bd48e09,6.304,209.295
reviewer-1785976318-4b7200a4d2d3,6.315,202.711
data-analyst-1785976318-a0df1f4e5b04,6.336,209.710
deep-researcher-1785976318-29148e037a8b,6.346,307.559
wide-researcher-1785976318-bbf6ed612ff8,6.356,429.037
reviewer-1785976318-c459f89f3604,6.366,437.975
data-analyst-1785976318-adf9f8da5f7f,6.392,331.547
deep-researcher-1785976318-0dfcb7d99b03,6.401,199.521
wide-researcher-1785976318-8c7242d87099,6.411,85.257
reviewer-1785976318-3d12ed673b6a,6.422,312.025
data-analyst-1785976318-67c10bf061f4,6.447,305.832
deep-researcher-1785976318-820dfabf6376,6.461,534.317
wide-researcher-1785976318-7d25f13cdd59,6.470,416.596
reviewer-1785976319-04a0554b1e80,6.480,213.467
data-analyst-1785976319-2a73767a859d,6.506,200.558
deep-researcher-1785976319-4980807a21a9,6.516,95.602
wide-researcher-1785976319-688a22a6246e,6.527,425.277
reviewer-1785976319-6bc692571878,6.537,372.171
data-analyst-1785976319-96689b1d78ce,6.563,130.443
deep-researcher-1785976319-66e615de77c1,6.572,86.792
wide-researcher-1785976319-830b8432b7e2,6.583,211.971
reviewer-1785976319-b87fe6654a93,6.594,271.916
data-analyst-1785976319-4cde375c459e,6.621,340.268
deep-researcher-1785976319-02a99c654192,6.631,42.600
wide-researcher-1785976319-766bd91f4b23,6.642,102.031
reviewer-1785976319-34ef25646e8b,6.654,205.265
data-analyst-1785976319-4f02aa41e701,6.681,200.155
deep-researcher-1785976319-7dcf04afd5ab,6.692,41.133
wide-researcher-1785976319-5012157c81cf,6.704,72.570
reviewer-1785976319-b3d80cc5204e,6.715,366.958
data-analyst-1785976319-a03d04a654d9,6.743,544.984
deep-researcher-1785976319-4a8abb34d8ff,6.753,442.557
wide-researcher-1785976319-8262602b46bf,6.765,455.749
reviewer-1785976319-f0bac666395c,6.775,205.609
data-analyst-1785976319-f434c4648fe0,6.808,319.438
deep-researcher-1785976319-985f13656ab9,6.818,44.886
wide-researcher-1785976319-452a527c6224,6.828,207.821
reviewer-1785976319-29c201cd0806,6.838,202.447
data-analyst-1785976319-536bf7701dc8,6.865,312.427
deep-researcher-1785976319-a70ab522f204,6.876,211.543
wide-researcher-1785976319-1d21ba8ee711,6.886,38.395
reviewer-1785976319-90118051882f,6.897,309.513
data-analyst-1785976319-1374299bd9e1,6.922,209.216
deep-researcher-1785976319-3dd27e27d734,6.932,87.046
wide-researcher-1785976319-d8a5d543a4cd,6.942,38.646
reviewer-1785976319-a466290988c0,6.953,504.370
data-analyst-1785976319-823f052718c3,6.977,315.703
deep-researcher-1785976319-81bdb25cad99,6.991,434.490
wide-researcher-1785976319-7c3d5e89cd08,7.001,436.370
reviewer-1785976319-e9e616ce691f,7.012,305.036
data-analyst-1785976319-330e995576eb,7.038,318.953
deep-researcher-1785976319-36c4eb31a7cd,7.049,70.472
wide-researcher-1785976319-16b898e151d1,7.059,125.669
reviewer-1785976319-9855564f56dc,7.069,439.551
data-analyst-1785976319-b7ab37b463ea,7.095,420.817
deep-researcher-1785976319-61b047041091,7.105,70.459
wide-researcher-1785976319-9c839545cc77,7.115,85.394
reviewer-1785976319-e628b8f9b9e3,7.125,325.992
data-analyst-1785976319-91a967c949fb,7.153,429.531
deep-researcher-1785976319-ed8d4c2077da,7.163,674.928
wide-researcher-1785976319-07962f5fe8c8,7.174,100.081
reviewer-1785976319-baa30b78de02,7.186,420.423
data-analyst-1785976319-fc17b3627010,7.211,134.780
deep-researcher-1785976319-81cf71e73470,7.226,174.675
wide-researcher-1785976319-a171b1238aee,7.235,52.081
reviewer-1785976319-9a5a0422a0a8,7.246,471.601
data-analyst-1785976319-2faf950b31a1,7.271,372.217
deep-researcher-1785976319-72968eeda4a3,7.281,575.629
wide-researcher-1785976319-c83c882e3592,7.291,205.934
reviewer-1785976319-efe3c06f6f47,7.301,311.712
data-analyst-1785976319-6548cfbb52ad,7.325,162.810
deep-researcher-1785976319-c1aa014250ef,7.333,95.833
wide-researcher-1785976319-a8c62681351a,7.341,308.993
reviewer-1785976319-ee0797f14496,7.350,139.791
data-analyst-1785976319-e76b9e08d230,7.369,302.563
deep-researcher-1785976319-d138d436b7b8,7.379,106.203
wide-researcher-1785976319-baa074a7ee39,7.387,207.299
reviewer-1785976319-9a1ab9a10d45,7.399,316.038
data-analyst-1785976319-fe3178f520e7,7.418,204.585
deep-researcher-1785976319-82f07c98bf4d,7.427,43.899
wide-researcher-1785976319-9a81dff292f8,7.435,70.272
reviewer-1785976319-19e2ccd28c56,7.444,370.716
data-analyst-1785976319-476e44703a46,7.468,304.961
deep-researcher-1785976319-4f5255e3a33c,7.477,487.412
wide-researcher-1785976320-da17d6ad59cc,7.486,38.870
reviewer-1785976320-19e76d2dcf8b,7.496,422.560
data-analyst-1785976320-bf622103b512,7.519,317.563
deep-researcher-1785976320-7b9c532f0095,7.530,74.306
wide-researcher-1785976320-8c14b1f085e3,7.540,70.835
reviewer-1785976320-d1c81092411d,7.551,159.033
data-analyst-1785976320-a96d3380299d,7.578,353.571
deep-researcher-1785976320-cd497c8b9db0,7.587,70.321
wide-researcher-1785976320-232284aa9801,7.601,423.321
reviewer-1785976320-730e55451b3c,7.611,551.046
data-analyst-1785976320-7a1a67c71832,7.638,314.575
deep-researcher-1785976320-c31c6fc1dc66,7.647,123.934
wide-researcher-1785976320-10c6c0b4ce26,7.656,305.954
reviewer-1785976320-5e1de0b31c8d,7.666,304.541
data-analyst-1785976320-740585f91800,7.691,165.336
deep-researcher-1785976320-79267a686228,7.700,471.760
wide-researcher-1785976320-3a556022010d,7.711,437.152
reviewer-1785976320-77fd06098a23,7.721,544.208
data-analyst-1785976320-c6cb9c9bb858,7.747,306.929
deep-researcher-1785976320-8d2cdd45a035,7.756,128.547
wide-researcher-1785976320-b632440c2a98,7.765,346.286
reviewer-1785976320-8eae398c2768,7.774,322.995
data-analyst-1785976320-86911b765052,7.798,414.747
deep-researcher-1785976320-d58d7c95905b,7.808,428.222
wide-researcher-1785976320-75a9c571a1d9,7.818,421.072
reviewer-1785976320-75915eaaa202,7.828,440.564
data-analyst-1785976320-8a1ec535ac9d,7.854,182.708
deep-researcher-1785976320-1e47ac90684c,7.864,126.634
wide-researcher-1785976320-32eb98567085,7.875,70.129
reviewer-1785976320-1d41d274a2bf,7.885,216.078
data-analyst-1785976320-e8d905738a4b,7.910,264.859
deep-researcher-1785976320-9cebef00ef08,7.920,48.918
wide-researcher-1785976320-c7583c1ba646,7.931,314.709
reviewer-1785976320-693f489ae806,7.941,205.029
data-analyst-1785976320-aec01429bf97,7.967,219.009
deep-researcher-1785976320-8ce03666bf9d,7.977,656.992
wide-researcher-1785976320-35d15366b1e3,7.987,115.781
reviewer-1785976320-418a1a3f8672,7.998,316.841
data-analyst-1785976320-68eecc2057cf,8.025,319.528
deep-researcher-1785976320-fa5861458004,8.035,127.891
wide-researcher-1785976320-6345c315a4b3,8.045,124.610
reviewer-1785976320-e4fef330271e,8.054,314.917
data-analyst-1785976320-c4f482b54b93,8.079,321.780
deep-researcher-1785976320-404ee4e885ed,8.089,74.323
wide-researcher-1785976320-df426006967d,8.099,305.803
reviewer-1785976320-312f67b012d0,8.110,283.686
data-analyst-1785976320-968515ba9ce7,8.136,421.682
deep-researcher-1785976320-8ce502ca4750,8.146,45.176
wide-researcher-1785976320-91ea2dd7d648,8.157,42.803
reviewer-1785976320-e530c26ab2e0,8.168,437.878
data-analyst-1785976320-046ddb2f489c,8.196,274.094
deep-researcher-1785976320-8a17d3993689,8.206,455.764
wide-researcher-1785976320-0a921be073e7,8.218,58.727
reviewer-1785976320-fd04ed031ecb,8.229,222.188
data-analyst-1785976320-1fef673b163b,8.261,318.384
deep-researcher-1785976320-af3c964e48f3,8.271,73.211
wide-researcher-1785976320-9ef1ca172305,8.287,303.921
reviewer-1785976320-763c741acfa6,8.298,202.654
data-analyst-1785976320-056dd3d461cd,8.326,336.011
deep-researcher-1785976320-67e8950fba31,8.336,86.811
wide-researcher-1785976320-92c4fa441265,8.346,316.508
reviewer-1785976320-f41a0b5c5bdf,8.355,304.008
data-analyst-1785976320-8ef994ab7f74,8.375,443.694
deep-researcher-1785976320-5aa91399fdf2,8.390,70.258
wide-researcher-1785976320-1f4ca14dfdab,8.399,52.689
reviewer-1785976320-8343c0a1e293,8.409,442.157
data-analyst-1785976320-956fc77ff09e,8.429,266.521
deep-researcher-1785976320-9611e31e20c9,8.442,537.506
wide-researcher-1785976320-19a4a862e5f8,8.452,71.680
reviewer-1785976320-78527f817ea2,8.462,321.838
data-analyst-1785976320-32dc4e2c826b,8.487,320.301
deep-researcher-1785976321-e1ed4a9cdd7a,8.497,254.215
wide-researcher-1785976321-92304b88db52,8.508,77.803
reviewer-1785976321-90fd7a1e4421,8.519,563.226
data-analyst-1785976321-fbe1e97e437f,8.545,557.409
deep-researcher-1785976321-34a527027797,8.558,76.192
wide-researcher-1785976321-68d0d01500a5,8.568,92.018
reviewer-1785976321-3df783199f22,8.578,328.243
data-analyst-1785976321-4a0956dfa825,8.607,203.298
deep-researcher-1785976321-e8f10e0ffce5,8.616,327.728
wide-researcher-1785976321-24716239eec1,8.627,307.086
reviewer-1785976321-14e3ff3c0a41,8.637,417.932
data-analyst-1785976321-42b066dc8b69,8.665,303.561
deep-researcher-1785976321-90bbadcbd6a4,8.674,139.014
wide-researcher-1785976321-7567551a85a1,8.684,209.098
reviewer-1785976321-ab42fe52d37a,8.694,304.788
data-analyst-1785976321-bcfa7afdf00b,8.721,634.635
deep-researcher-1785976321-762e27ae8f61,8.731,128.593
wide-researcher-1785976321-1ad127820292,8.742,124.974
reviewer-1785976321-a268e068edc5,8.752,201.751
data-analyst-1785976321-cb65b370f034,8.774,189.861
deep-researcher-1785976321-201ce71859e3,8.790,58.315
wide-researcher-1785976321-c412398c6cfb,8.800,676.653
reviewer-1785976321-9ea530f094d5,8.811,224.020
data-analyst-1785976321-7d30e8069992,8.838,332.406
deep-researcher-1785976321-80ff315ffe2c,8.848,57.726
wide-researcher-1785976321-a8ba87bfd826,8.858,132.368
reviewer-1785976321-5fc473ec6a93,8.868,324.942
data-analyst-1785976321-1be327947ea3,8.894,223.191
deep-researcher-1785976321-827b8f52d122,8.904,128.775
wide-researcher-1785976321-e567717f527e,8.913,330.757
reviewer-1785976321-b0d49c2567ef,8.923,316.393
data-analyst-1785976321-8cafea015baf,8.943,150.610
deep-researcher-1785976321-702e4df21bac,8.955,351.525
wide-researcher-1785976321-42cf9575fe13,8.965,128.159
reviewer-1785976321-45bd40e9ead3,8.975,220.019
data-analyst-1785976321-a8f1dda7d1fa,8.996,132.301
deep-researcher-1785976321-cceef95b9ac8,9.005,86.642
wide-researcher-1785976321-3a9bd71ca1a5,9.016,124.661
reviewer-1785976321-3e5bebe08454,9.026,454.973
data-analyst-1785976321-70b81a343133,9.048,431.377
deep-researcher-1785976321-a72abfcc6a1c,9.063,331.401
wide-researcher-1785976321-45f476a4317f,9.074,70.208
reviewer-1785976321-c0bbafdab376,9.084,432.397
data-analyst-1785976321-be0bb2118090,9.109,148.013
deep-researcher-1785976321-ebbc420cf3ae,9.119,134.567
wide-researcher-1785976321-c6f01132f9f8,9.129,70.776
reviewer-1785976321-e5087419f629,9.140,367.081
data-analyst-1785976321-a5148c4ad6c2,9.167,206.933
deep-researcher-1785976321-2768dcf1e311,9.177,176.060
wide-researcher-1785976321-23800ae02c6e,9.188,202.566
reviewer-1785976321-be09d2cc2655,9.199,305.433
data-analyst-1785976321-6a093c9a874f,9.233,319.942
deep-researcher-1785976321-38ab1402a186,9.243,127.258
wide-researcher-1785976321-8b6b23deb633,9.253,136.593
reviewer-1785976321-729d424a446e,9.264,205.756
data-analyst-1785976321-0bef6d0e02fb,9.291,343.701
deep-researcher-1785976321-0477c8fb3d82,9.300,90.258
wide-researcher-1785976321-200a3c0bc3c3,9.310,70.224
reviewer-1785976321-8afb839406aa,9.320,433.041
data-analyst-1785976321-ef1379815c29,9.345,434.620
deep-researcher-1785976321-f530f2ed89c6,9.354,556.965
wide-researcher-1785976321-066df39e00ed,9.364,48.564
reviewer-1785976321-32c4a5922bc4,9.374,426.175
data-analyst-1785976321-6802f2fceb56,9.401,206.701
deep-researcher-1785976321-84e41e9f2aa5,9.410,72.755
wide-researcher-1785976321-fb0c24f928bd,9.420,300.171
reviewer-1785976321-8b183f8360de,9.429,429.975
data-analyst-1785976321-0b51e40b4d01,9.453,315.659
deep-researcher-1785976321-38b746136b83,9.461,72.486
wide-researcher-1785976321-7f0cd06e2485,9.470,426.721
reviewer-1785976322-71fa55dbe03b,9.479,441.044
data-analyst-1785976322-5c259fa574e0,9.498,309.992
deep-researcher-1785976322-6fd43e2c552a,9.507,463.500
wide-researcher-1785976322-0ed3993d8cf9,9.517,317.548
reviewer-1785976322-5c0807703995,9.532,638.393
data-analyst-1785976322-6977308d1686,9.566,306.648
deep-researcher-1785976322-39561685fdce,9.577,68.318
wide-researcher-1785976322-5330d5d4e65e,9.588,129.109
reviewer-1785976322-b46538689654,9.598,208.939
data-analyst-1785976322-772413e3f62d,9.624,301.993
deep-researcher-1785976322-893436a738ae,9.634,85.064
wide-researcher-1785976322-45d6a10a2a38,9.651,128.348
reviewer-1785976322-2ce42b8dad99,9.662,418.819
data-analyst-1785976322-7be214e337d0,9.690,342.086
deep-researcher-1785976322-2ea056f407e6,9.700,129.189
wide-researcher-1785976322-fa346b314b08,9.710,319.776
reviewer-1785976322-f9e29f84a982,9.721,446.210
data-analyst-1785976322-a4e05eff1036,9.747,504.095
deep-researcher-1785976322-6256dd77cef4,9.756,82.118
wide-researcher-1785976322-2e98646d2a3d,9.765,224.452
reviewer-1785976322-b3b16220988b,9.775,427.377
data-analyst-1785976322-fccae3925237,9.801,236.350
deep-researcher-1785976322-d3ec51ff680f,9.814,104.494
wide-researcher-1785976322-99105b45c5fd,9.823,77.532
reviewer-1785976322-4e4020f1ae18,9.837,499.974
data-analyst-1785976322-95972ff0a770,9.862,361.611
deep-researcher-1785976322-d61a565d7823,9.872,61.553
wide-researcher-1785976322-9bfb1e3f414b,9.881,72.384
reviewer-1785976322-a46e64668e73,9.891,416.313
data-analyst-1785976322-de2130de4bee,9.917,304.240
deep-researcher-1785976322-43cad198118c,9.927,75.011
wide-researcher-1785976322-138b4ce16f56,9.937,534.599
reviewer-1785976322-31b683c6e9dd,9.948,131.504
data-analyst-1785976322-d8c5e29c4005,9.972,211.404
deep-researcher-1785976322-45d43c5e7eed,9.986,73.177
wide-researcher-1785976322-2099fee54a75,9.997,98.223
reviewer-1785976322-72c3b68df1fe,10.009,314.241
data-analyst-1785976322-eef93181c092,10.036,335.774
deep-researcher-1785976322-c5590a07616a,10.050,61.602
wide-researcher-1785976322-80a38b7570a5,10.060,74.814
reviewer-1785976322-45a97db174ff,10.070,490.940
data-analyst-1785976322-910583fca9d5,10.096,208.414
deep-researcher-1785976322-0b28e8916bf0,10.106,414.952
wide-researcher-1785976322-9c7650269192,10.116,195.525
reviewer-1785976322-e6e7f77bfbc6,10.127,204.141
data-analyst-1785976322-30a9ad7839ec,10.152,572.655
deep-researcher-1785976322-82754e3c4f08,10.162,126.720
wide-researcher-1785976322-1e6c8cccb6ca,10.173,148.325
reviewer-1785976322-04014968772f,10.182,310.085
data-analyst-1785976322-00602708f049,10.214,416.195
deep-researcher-1785976322-13d376fa8ef1,10.224,552.605
wide-researcher-1785976322-194cfb5f867a,10.235,439.772
reviewer-1785976322-582980754a37,10.246,421.557
data-analyst-1785976322-f9033574a768,10.274,304.422
deep-researcher-1785976322-560a63acd6aa,10.289,81.038
wide-researcher-1785976322-2fffda7bba09,10.300,53.029
reviewer-1785976322-144f3ac72336,10.313,209.893
data-analyst-1785976322-0f4e1c467106,10.343,452.108
deep-researcher-1785976322-b9f8ab13509d,10.352,86.338
wide-researcher-1785976322-2389ead3e04b,10.362,126.686
reviewer-1785976322-401f7c6373d2,10.372,318.715
data-analyst-1785976322-c70c3bc712ad,10.398,305.595
deep-researcher-1785976322-9c7e9b1f4203,10.407,337.553
wide-researcher-1785976322-e09738c63fea,10.416,202.801
reviewer-1785976322-5a60c96abd90,10.426,311.480
data-analyst-1785976322-70dd7d9ea5f8,10.452,420.327
deep-researcher-1785976322-a6fb36cbf5f0,10.461,70.193
wide-researcher-1785976322-390e8c689db9,10.471,72.178
reviewer-1785976323-310b1ad085d0,10.480,339.093
data-analyst-1785976323-bf31a95d64d0,10.504,435.082
deep-researcher-1785976323-55786990c5b6,10.513,126.029
wide-researcher-1785976323-b087ee932c1e,10.522,426.347
reviewer-1785976323-b4ddb8a9a086,10.537,305.154
data-analyst-1785976323-5ec2503e8c12,10.562,540.632
deep-researcher-1785976323-cc49039a6aa2,10.572,214.712
wide-researcher-1785976323-edd14343fa33,10.581,88.006
reviewer-1785976323-568fe7743553,10.592,420.342
data-analyst-1785976323-1842f6af78f0,10.613,425.158
deep-researcher-1785976323-9e75723eefa8,10.628,125.428
wide-researcher-1785976323-8e593d7f039f,10.642,440.465
reviewer-1785976323-9b0a24d8e27d,10.652,443.278
data-analyst-1785976323-aa8d878f8471,10.673,356.476
deep-researcher-1785976323-b734f5fff9a7,10.686,652.122
wide-researcher-1785976323-50e888bb8ed5,10.696,300.613
reviewer-1785976323-038757439b96,10.706,405.199
data-analyst-1785976323-a32437354adc,10.733,206.185
deep-researcher-1785976323-2822d59045db,10.744,203.283
wide-researcher-1785976323-1844333b12d9,10.757,204.215
reviewer-1785976323-db8ace1d3d1a,10.768,301.656
data-analyst-1785976323-99afa92ecff1,10.795,194.848
deep-researcher-1785976323-63e4d8158d2d,10.806,206.094
wide-researcher-1785976323-232b01ba895a,10.814,42.872
reviewer-1785976323-6163613e1cac,10.825,532.527
data-analyst-1785976323-d9b03ad1dd58,10.851,414.762
deep-researcher-1785976323-6b89d69db70d,10.865,407.749
wide-researcher-1785976323-027257da9cd7,10.874,75.184
reviewer-1785976323-f6004cee004e,10.884,204.168
data-analyst-1785976323-e63d38cc0187,10.910,634.051
deep-researcher-1785976323-02c1a7714c0e,10.920,145.964
wide-researcher-1785976323-dab6b03dc48f,10.931,192.027
reviewer-1785976323-74b3967e4a66,10.941,429.916
data-analyst-1785976323-4a2bb7862a88,10.968,519.400
deep-researcher-1785976323-8da08a21cbfb,10.978,203.310
wide-researcher-1785976323-27b28e15c1f6,10.989,109.984
reviewer-1785976323-f01b43583461,11.003,202.237
data-analyst-1785976323-58404bc297bc,11.029,532.636
deep-researcher-1785976323-9861edda96e4,11.044,580.913
wide-researcher-1785976323-61988a639d5c,11.053,113.773
reviewer-1785976323-c79948335f18,11.063,225.623
data-analyst-1785976323-4072a0b17f3e,11.087,264.582
deep-researcher-1785976323-d4900979bfa6,11.097,418.616
wide-researcher-1785976323-f1f16b38d1cd,11.111,311.041
reviewer-1785976323-92a426131b74,11.124,415.605
data-analyst-1785976323-2b9b36b84fc8,11.148,393.084
deep-researcher-1785976323-ca2ec1709ac2,11.158,139.683
wide-researcher-1785976323-c632ebc02746,11.168,331.461
reviewer-1785976323-38e74fd8c271,11.178,308.065
data-analyst-1785976323-b5a32eb43009,11.204,420.355
deep-researcher-1785976323-29b562e7d5e3,11.214,238.713
wide-researcher-1785976323-71200b12fa83,11.223,85.331
reviewer-1785976323-e2a19bdf7f8b,11.234,529.725
data-analyst-1785976323-bd50111f4f88,11.261,300.369
deep-researcher-1785976323-f734e7e730e4,11.271,84.915
wide-researcher-1785976323-42bcb045e7a5,11.287,78.908
reviewer-1785976323-89e09df24e94,11.298,254.299
data-analyst-1785976323-6e47b48ad0bc,11.325,308.633
deep-researcher-1785976323-664962e6700b,11.335,125.701
wide-researcher-1785976323-90825371acdc,11.345,103.187
reviewer-1785976323-4141e01526f4,11.356,550.769
data-analyst-1785976323-6210ec8ee6e1,11.384,203.708
deep-researcher-1785976323-28fd4f6d1b03,11.393,127.310
wide-researcher-1785976323-3bca34fed093,11.407,124.806
reviewer-1785976323-b6696b2a677b,11.421,418.390
data-analyst-1785976323-58ebaccc48d3,11.445,427.182
deep-researcher-1785976323-03eb3b44ac0e,11.455,124.713
wide-researcher-1785976323-a086ed8d6dbd,11.465,61.486
reviewer-1785976324-ee3ca0b12f99,11.481,217.608
data-analyst-1785976324-7693c3e66ef8,11.506,377.297
deep-researcher-1785976324-26a4ac39267f,11.515,80.292
wide-researcher-1785976324-bcdeb50c0aa7,11.524,75.671
reviewer-1785976324-fdd1280fc1b7,11.533,306.018
data-analyst-1785976324-e20c15fa6948,11.558,369.271
deep-researcher-1785976324-7a94b2bac8cb,11.567,79.010
wide-researcher-1785976324-0e095b858748,11.582,83.388
reviewer-1785976324-f35e4cb7b739,11.592,201.529
data-analyst-1785976324-f1ccd216e02c,11.617,301.614
deep-researcher-1785976324-d3adbfd6bf74,11.626,441.162
wide-researcher-1785976324-16d6965ee4ec,11.640,414.965
reviewer-1785976324-bfcc9ef78120,11.651,214.426
data-analyst-1785976324-1da8c92b5934,11.672,443.076
deep-researcher-1785976324-1f542b74358c,11.685,74.290
wide-researcher-1785976324-954b629af504,11.696,76.050
reviewer-1785976324-3072d64698f6,11.706,546.341
data-analyst-1785976324-ac6033576e12,11.731,543.963
deep-researcher-1785976324-90378b837225,11.741,495.179
wide-researcher-1785976324-a1bf0dab0b52,11.755,81.161
reviewer-1785976324-2309d1bd938c,11.765,497.707
data-analyst-1785976324-30dd7f6501d8,11.791,231.263
deep-researcher-1785976324-1cbbad7ac9ab,11.801,125.601
wide-researcher-1785976324-b834605f79c4,11.811,266.628
reviewer-1785976324-cf4afcf42490,11.822,508.739
data-analyst-1785976324-c9f98a9a9d2a,11.851,215.228
deep-researcher-1785976324-00483ef5f900,11.861,66.063
wide-researcher-1785976324-154ffef3ec3e,11.871,125.168
reviewer-1785976324-0d2f5abddfc1,11.886,494.282
data-analyst-1785976324-d7b53ae7752d,11.908,205.109
deep-researcher-1785976324-edb3e38607cf,11.923,73.586
wide-researcher-1785976324-74c773014c6f,11.933,326.162
reviewer-1785976324-33779b0560ca,11.945,207.990
data-analyst-1785976324-8349840481e0,11.970,425.783
deep-researcher-1785976324-d344ec2ff849,11.981,72.190
wide-researcher-1785976324-9072b1ea93e1,11.992,87.916
reviewer-1785976324-5e9873670961,12.003,420.090
data-analyst-1785976324-c0e32d637ee1,12.035,201.111
deep-researcher-1785976324-cb8a933d42f2,12.046,300.772
wide-researcher-1785976324-af2e8469d371,12.061,80.327
reviewer-1785976324-2ea20d5ea0cc,12.072,431.477
data-analyst-1785976324-e62d9fa8c890,12.101,318.852
deep-researcher-1785976324-99da61b02902,12.111,124.838
wide-researcher-1785976324-0c812de3848f,12.121,221.602
reviewer-1785976324-616c25fee629,12.131,306.587
data-analyst-1785976324-85a50ac2f22c,12.156,653.579
deep-researcher-1785976324-d1b427b090a9,12.167,59.876
wide-researcher-1785976324-5a727f0d3f0f,12.181,83.471
reviewer-1785976324-7e1587065190,12.192,321.275
data-analyst-1785976324-4cafa81f2cab,12.219,305.624
deep-researcher-1785976324-0b354983c3b6,12.229,161.928
wide-researcher-1785976324-8229e1d41e50,12.239,554.679
reviewer-1785976324-b294f5506d68,12.249,420.899
data-analyst-1785976324-30ba90853318,12.275,311.680
deep-researcher-1785976324-9ea64cc102a1,12.286,574.016
wide-researcher-1785976324-3beda52c6d84,12.297,428.535
reviewer-1785976324-bbc2115c9137,12.307,420.488
data-analyst-1785976324-8df8d4f5d268,12.333,217.054
deep-researcher-1785976324-5a444cd8edd3,12.344,204.558
wide-researcher-1785976324-8b8a825c6676,12.359,85.990
reviewer-1785976324-8a6ea00015d3,12.371,318.644
data-analyst-1785976324-19769a03ac23,12.394,425.415
deep-researcher-1785976324-6b73dba7a2ee,12.408,156.722
wide-researcher-1785976324-62972616c567,12.420,305.769
reviewer-1785976324-e536cf3aa264,12.432,635.131
data-analyst-1785976324-0e342ab841b5,12.459,387.945
deep-researcher-1785976324-70413092637a,12.472,160.586
wide-researcher-1785976324-9a02fe519c72,12.485,169.947
reviewer-1785976325-65619801c5e4,12.498,210.362
data-analyst-1785976325-92a2ebcd9686,12.536,315.397
deep-researcher-1785976325-dd37e656f073,12.545,420.307
wide-researcher-1785976325-a44ddf360eeb,12.557,420.933
reviewer-1785976325-48961cc85bec,12.575,315.755
data-analyst-1785976325-c7a89d9d049e,12.596,497.395
deep-researcher-1785976325-b08a5bd71b90,12.610,540.142
wide-researcher-1785976325-7fd3ba98167b,12.627,423.828
reviewer-1785976325-d98b13d2f4fc,12.640,538.450
data-analyst-1785976325-b488cb9e3bf7,12.664,206.819
deep-researcher-1785976325-39aefbc491af,12.674,224.702
wide-researcher-1785976325-99f14ff79ee5,12.685,115.799
reviewer-1785976325-d0f5db34f01f,12.695,417.010
data-analyst-1785976325-42fcc9e5daf0,12.720,314.690
deep-researcher-1785976325-8e25bbc92c8a,12.730,445.863
wide-researcher-1785976325-34b25726e1b0,12.740,420.521
reviewer-1785976325-246aa00cc71a,12.754,308.172
data-analyst-1785976325-2261f02d9a6d,12.779,417.679
deep-researcher-1785976325-e336102111cc,12.789,201.886
wide-researcher-1785976325-f870c82e5b28,12.797,126.464
reviewer-1785976325-26306c4bb321,12.808,424.796
data-analyst-1785976325-b7a9c8bce4a7,12.834,304.633
deep-researcher-1785976325-e1ef18353d4d,12.844,547.450
wide-researcher-1785976325-0e811f039829,12.855,79.224
reviewer-1785976325-3848b813074b,12.865,315.535
data-analyst-1785976325-744ec39bffb5,12.890,311.559
deep-researcher-1785976325-c308cf025e6a,12.899,74.273
wide-researcher-1785976325-1807ac306d72,12.908,125.089
reviewer-1785976325-b28fab9541b1,12.918,646.065
data-analyst-1785976325-2030749ce080,12.941,540.851
deep-researcher-1785976325-ee79b31894b8,12.950,650.297
wide-researcher-1785976325-3970db442d8f,12.960,423.808
reviewer-1785976325-02be1a80edf3,12.969,424.197
data-analyst-1785976325-d4ac3805d483,13.000,438.644
deep-researcher-1785976325-9c76571969ae,13.013,436.268
wide-researcher-1785976325-8ef145610510,13.024,97.510
reviewer-1785976325-864551158656,13.038,546.727
data-analyst-1785976325-6b663b224065,13.066,310.271
deep-researcher-1785976325-8fe1ec901aa3,13.077,72.249
wide-researcher-1785976325-8b012d521d1d,13.091,321.184
reviewer-1785976325-aa64b101ba9c,13.100,246.392
data-analyst-1785976325-5f8f5828a91c,13.126,306.758
deep-researcher-1785976325-735cbac6b512,13.139,162.886
wide-researcher-1785976325-1a1d1e9154c6,13.154,552.299
reviewer-1785976325-861aa730f3f0,13.164,436.021
data-analyst-1785976325-543d6e0759e0,13.189,531.792
deep-researcher-1785976325-99d5a40646e3,13.199,317.996
wide-researcher-1785976325-32f1e1f1828a,13.209,201.594
reviewer-1785976325-be999a55071d,13.223,354.741
data-analyst-1785976325-773eff1a40ac,13.249,247.638
deep-researcher-1785976325-b69d2e9da89b,13.264,415.421
wide-researcher-1785976325-baf319907b41,13.274,588.532
reviewer-1785976325-1e2d06c2875a,13.284,427.427
data-analyst-1785976325-d0257fb14cd0,13.309,550.449
deep-researcher-1785976325-7bf1153976ba,13.318,445.927
wide-researcher-1785976325-66232d785728,13.337,47.815
reviewer-1785976325-1cf38ef76ff4,13.347,538.675
data-analyst-1785976325-2fd486acd48a,13.372,319.349
deep-researcher-1785976325-336847eed140,13.387,70.595
wide-researcher-1785976325-86e8e9e7d7d3,13.398,126.174
reviewer-1785976325-c5529dd325a5,13.407,535.506
data-analyst-1785976325-abf0663be936,13.432,425.208
deep-researcher-1785976325-a6919d3fb03f,13.443,125.981
wide-researcher-1785976325-dd553c379f98,13.459,303.739
reviewer-1785976325-ebc689f9143b,13.472,377.411
data-analyst-1785976326-189e71bdea75,13.497,312.918
deep-researcher-1785976326-3cfa148e2ea5,13.516,137.215
wide-researcher-1785976326-0d99796b7e44,13.530,175.536
reviewer-1785976326-679fa9606e22,13.544,343.867
data-analyst-1785976326-a53ba7fa8a2f,13.568,319.633
deep-researcher-1785976326-fb37f0e8dff8,13.586,202.861
wide-researcher-1785976326-9e94a2ec7aff,13.596,635.930
reviewer-1785976326-39bac4db9667,13.605,303.476
data-analyst-1785976326-cda9fbe06a29,13.629,360.032
deep-researcher-1785976326-479f01b1e721,13.638,74.994
wide-researcher-1785976326-cd974147631d,13.647,207.434
reviewer-1785976326-d99786fb4506,13.656,210.480
data-analyst-1785976326-5624a34d6a25,13.679,385.019
deep-researcher-1785976326-5e9849f55c11,13.688,71.884
wide-researcher-1785976326-f668dee51274,13.697,338.038
reviewer-1785976326-a59d3466ce2e,13.706,327.518
data-analyst-1785976326-b5da62580c7d,13.729,366.912
deep-researcher-1785976326-ac8d41ae0ea8,13.738,72.055
wide-researcher-1785976326-9c1898d1f221,13.748,554.445
reviewer-1785976326-e4d8d60c63c4,13.757,314.967
data-analyst-1785976326-145d7062ba9c,13.781,405.265
deep-researcher-1785976326-5a65db10a447,13.796,212.947
wide-researcher-1785976326-8d38d374a44c,13.811,317.978
reviewer-1785976326-e9a89622e687,13.821,545.331
data-analyst-1785976326-2f4870d58071,13.848,390.426
deep-researcher-1785976326-e23eeb9b2366,13.857,589.303
wide-researcher-1785976326-b5f736d2aa06,13.871,227.958
reviewer-1785976326-7cada84844aa,13.881,429.085
data-analyst-1785976326-1d58f6605d09,13.912,313.049
deep-researcher-1785976326-6a878853e831,13.923,193.833
wide-researcher-1785976326-affc9b90aea8,13.937,143.709
reviewer-1785976326-d1f68e5741a3,13.947,372.454
data-analyst-1785976326-01eb0220d8b7,13.973,433.172
deep-researcher-1785976326-b08d7159145a,13.983,572.338
wide-researcher-1785976326-a5719574ad12,13.999,305.324
reviewer-1785976326-3af9f88e8089,14.015,317.581
data-analyst-1785976326-f59b93fe2bd8,14.040,452.990
deep-researcher-1785976326-bad53dbf1b9c,14.054,73.983
wide-researcher-1785976326-4d382088a437,14.063,299.828
reviewer-1785976326-f7d2b112c80b,14.082,417.698
data-analyst-1785976326-701d48314695,14.117,539.841
deep-researcher-1785976326-d5e9578b15f8,14.132,210.597
wide-researcher-1785976326-bd48741b616b,14.142,77.175
reviewer-1785976326-70e8a280c6fb,14.152,305.846
data-analyst-1785976326-607c7e9a6fea,14.184,321.246
deep-researcher-1785976326-6fbe455b6188,14.194,109.912
wide-researcher-1785976326-3d6099066dec,14.211,70.176
reviewer-1785976326-f63459267361,14.229,414.831
data-analyst-1785976326-4b8b7178382b,14.258,307.619
deep-researcher-1785976326-4ecf0c91d00a,14.268,461.660
wide-researcher-1785976326-ca3fa36ac216,14.278,153.830
reviewer-1785976326-3af89c4b20d6,14.299,416.295
data-analyst-1785976326-c1eb2c51eff9,14.323,306.915
deep-researcher-1785976326-c168a69f9609,14.337,201.010
wide-researcher-1785976326-636ff2747d1b,14.348,391.626
reviewer-1785976326-9982bb792189,14.363,534.854
data-analyst-1785976326-be62ef8e99d0,14.388,261.862
deep-researcher-1785976326-bf2b7bf3bbe4,14.401,200.747
wide-researcher-1785976326-69244057747c,14.411,133.632
reviewer-1785976326-5c5f491130e1,14.421,268.687
data-analyst-1785976326-def0323b66a1,14.449,323.370
deep-researcher-1785976326-66f8c8e8fb0b,14.464,128.562
wide-researcher-1785976326-66aeaf358c2b,14.480,329.655
reviewer-1785976327-2c357d5d1f03,14.494,311.465
data-analyst-1785976327-6f2427db25c7,14.524,372.670
deep-researcher-1785976327-c1b9f27184b0,14.539,319.480
wide-researcher-1785976327-4e53175a6277,14.549,127.779
reviewer-1785976327-3e04b72c0d0f,14.563,187.579
data-analyst-1785976327-66d019d0663e,14.588,211.684
deep-researcher-1785976327-00f18ea107f5,14.601,275.251
wide-researcher-1785976327-3e200a41eefa,14.611,433.188
reviewer-1785976327-2cee45911c10,14.620,208.530
data-analyst-1785976327-8af51bc62021,14.649,559.095
deep-researcher-1785976327-84b81da59aee,14.659,124.699
wide-researcher-1785976327-e097277aed6d,14.677,324.279
reviewer-1785976327-fc8eaa01bb51,14.686,577.431
data-analyst-1785976327-34b7046c6f0f,14.712,317.081
deep-researcher-1785976327-de3acf3df89f,14.732,560.350
wide-researcher-1785976327-9c688dc01ba6,14.742,71.063
reviewer-1785976327-fa65fb8cd8cd,14.752,373.206
data-analyst-1785976327-284d3a026f7c,14.781,453.185
deep-researcher-1785976327-d230e32b9c6b,14.792,96.816
wide-researcher-1785976327-e517e56ae8c6,14.805,92.256
reviewer-1785976327-d2b6a20e736e,14.815,432.646
data-analyst-1785976327-342762132216,14.840,303.938
deep-researcher-1785976327-5109b83d65e7,14.854,430.775
wide-researcher-1785976327-ee95004c72ab,14.864,325.367
reviewer-1785976327-859a08173287,14.878,541.238
data-analyst-1785976327-034d37945ac7,14.902,322.202
deep-researcher-1785976327-70d3ec70103b,14.916,98.244
wide-researcher-1785976327-f19e8b220876,14.929,216.627
reviewer-1785976327-5f8460148e41,14.948,318.192
data-analyst-1785976327-e540a746b3be,14.971,320.399
deep-researcher-1785976327-17f8ec6de224,14.981,157.902
wide-researcher-1785976327-5a678c065334,14.990,124.934
reviewer-1785976327-c6351ca724cb,14.999,552.070
data-analyst-1785976327-1023ef73c138,15.024,319.334
deep-researcher-1785976327-a62ad98b6de8,15.037,205.562
wide-researcher-1785976327-296ce7a368d5,15.052,318.796
reviewer-1785976327-a64b7665b830,15.066,554.616
data-analyst-1785976327-5b6135e33d6a,15.089,402.553
deep-researcher-1785976327-7ec7c6345db1,15.103,205.249
wide-researcher-1785976327-07132ef6f1bc,15.117,142.852
reviewer-1785976327-e093f3eca928,15.126,449.130
data-analyst-1785976327-dc6651c2e86c,15.154,329.690
deep-researcher-1785976327-bfe7a1b20a0b,15.164,128.478
wide-researcher-1785976327-69f0ed755d41,15.174,245.199
reviewer-1785976327-1ca8e992d514,15.197,309.847
data-analyst-1785976327-de32d9f00d26,15.221,215.259
deep-researcher-1785976327-4b8981dc56cd,15.230,106.894
wide-researcher-1785976327-71000073aa92,15.244,126.108
reviewer-1785976327-e3adaf042826,15.258,320.613
data-analyst-1785976327-4ddcff134d8b,15.288,306.617
deep-researcher-1785976327-f7c092962a63,15.297,106.188
wide-researcher-1785976327-b5aed2b157e2,15.312,210.614
reviewer-1785976327-8beceec9f20d,15.327,202.955
data-analyst-1785976327-6802b45b80e6,15.352,309.593
deep-researcher-1785976327-b30c8bde18d2,15.362,75.872
wide-researcher-1785976327-782e08fe24a0,15.381,228.973
reviewer-1785976327-866ab459b093,15.391,243.076
data-analyst-1785976327-ee7e03478f70,15.415,316.095
deep-researcher-1785976327-55342458fb96,15.435,126.366
wide-researcher-1785976327-21fb7f217368,15.451,439.007
reviewer-1785976327-4f40c6a296f6,15.464,442.095
data-analyst-1785976327-5851f3021196,15.490,440.203
deep-researcher-1785976328-e03df11d65b8,15.505,126.961
wide-researcher-1785976328-69bf3952193b,15.516,128.332
reviewer-1785976328-d9c484d25883,15.531,427.979
data-analyst-1785976328-8eb32934292c,15.554,464.139
deep-researcher-1785976328-9ba126e4a44b,15.567,128.921
wide-researcher-1785976328-e674c579c9de,15.576,362.433
reviewer-1785976328-d98a823619ff,15.585,485.337
data-analyst-1785976328-68bf9a0e7a49,15.611,354.174
deep-researcher-1785976328-4227b8634467,15.626,467.145
wide-researcher-1785976328-d7a5d1aba6d9,15.636,228.267
reviewer-1785976328-81da4147721a,15.651,449.734
data-analyst-1785976328-997519c00eeb,15.675,543.154
deep-researcher-1785976328-c6cae881e911,15.685,645.817
wide-researcher-1785976328-1850e44ae89e,15.695,311.846
reviewer-1785976328-2febbc896a6a,15.704,318.178
data-analyst-1785976328-a75ffcb7c1ce,15.729,419.821
deep-researcher-1785976328-26ba45e36140,15.743,90.579
wide-researcher-1785976328-3649295a8200,15.753,125.653
reviewer-1785976328-535ba7cd1e49,15.762,429.262
data-analyst-1785976328-181f5aaeee81,15.787,434.847
deep-researcher-1785976328-9b80548be0c4,15.807,129.286
wide-researcher-1785976328-1801c1b1713f,15.817,143.577
reviewer-1785976328-507bea920b47,15.835,371.110
data-analyst-1785976328-e42d37d89c84,15.861,414.504
deep-researcher-1785976328-8def2cff8498,15.880,205.847
wide-researcher-1785976328-b537255a26ec,15.894,92.048
reviewer-1785976328-4718f9098d98,15.909,430.662
data-analyst-1785976328-47b83946e85b,15.934,537.600
deep-researcher-1785976328-5c705e942660,15.944,558.004
wide-researcher-1785976328-6f01b032bc84,15.979,78.362
reviewer-1785976328-a875bacd213a,15.989,439.497
data-analyst-1785976328-7e4221b34b42,16.013,313.298
deep-researcher-1785976328-6c18d02b87c8,16.022,534.441
wide-researcher-1785976328-2ca7fecb9e29,16.041,128.228
reviewer-1785976328-f93e0ab9405c,16.061,424.429
data-analyst-1785976328-a74f610016c1,16.087,424.998
deep-researcher-1785976328-1be5926d5501,16.103,551.973
wide-researcher-1785976328-c60394702160,16.117,425.429
reviewer-1785976328-b1cd64cc519b,16.131,217.157
data-analyst-1785976328-aa8c55d9d278,16.155,372.820
deep-researcher-1785976328-f8a2de05ad87,16.168,199.655
wide-researcher-1785976328-c89ec51bb4b4,16.178,128.698
reviewer-1785976328-d4ed247b079a,16.192,503.648
data-analyst-1785976328-5b3e44b251cd,16.223,310.130
deep-researcher-1785976328-e536d89a3400,16.237,171.920
wide-researcher-1785976328-d81c6fefafa3,16.255,161.790
reviewer-1785976328-00b2a266fb4a,16.265,399.064
data-analyst-1785976328-02755c4600c4,16.293,349.138
deep-researcher-1785976328-6e90372803a7,16.307,70.501
wide-researcher-1785976328-3f84bef9af60,16.316,178.871
reviewer-1785976328-d6398ba85a7b,16.329,414.996
data-analyst-1785976328-0e20199d443f,16.358,309.237
deep-researcher-1785976328-b25a071e3d2a,16.368,166.271
wide-researcher-1785976328-abf2fd412c60,16.386,202.205
reviewer-1785976328-26344f7516bc,16.400,587.204
data-analyst-1785976328-86f51f550c03,16.424,304.391
deep-researcher-1785976328-45b5ea586603,16.433,76.121
wide-researcher-1785976328-c56fc5ffb69e,16.457,206.046
reviewer-1785976328-8439f88d5a44,16.466,434.153
data-analyst-1785976328-5e03febba7b0,16.490,535.429
deep-researcher-1785976329-db5626a91a85,16.499,199.890
wide-researcher-1785976329-382bb73a958e,16.513,82.101
reviewer-1785976329-6f34cbbd0aac,16.522,437.805
data-analyst-1785976329-739d9eb8cd20,16.552,443.247
deep-researcher-1785976329-fc08eb8de3f3,16.567,128.051
wide-researcher-1785976329-d6c9316506dc,16.577,369.355
reviewer-1785976329-7dd941f79c7a,16.586,474.712
data-analyst-1785976329-71737d694791,16.613,425.957
deep-researcher-1785976329-25327f136310,16.633,558.735
wide-researcher-1785976329-63c110f1f1e4,16.642,113.722
reviewer-1785976329-7fdbdfd5a874,16.651,211.332
data-analyst-1785976329-79a292893115,16.677,435.215
deep-researcher-1785976329-9bfd20d90d82,16.691,424.219
wide-researcher-1785976329-2d7202c69c95,16.708,320.165
reviewer-1785976329-66f05479e580,16.718,309.371
data-analyst-1785976329-af5ad9bdfc4f,16.754,236.610
deep-researcher-1785976329-eae13ea73e31,16.768,88.449
wide-researcher-1785976329-b3743cac72e9,16.778,128.097
reviewer-1785976329-a0f705001e3e,16.788,546.301
data-analyst-1785976329-90ec392f684d,16.813,212.089
deep-researcher-1785976329-21584b40b085,16.827,201.960
wide-researcher-1785976329-0004dfe991dd,16.841,98.373
reviewer-1785976329-6952a48fff1d,16.851,424.031
data-analyst-1785976329-8e0012646805,16.881,312.457
deep-researcher-1785976329-81bf31093c87,16.895,126.079
wide-researcher-1785976329-27f422237d4c,16.910,321.111
reviewer-1785976329-33ed4a9e5d8d,16.920,637.925
data-analyst-1785976329-ec705f4011ce,16.948,417.118
deep-researcher-1785976329-5cdb2a0bc58b,16.967,635.620
wide-researcher-1785976329-65c90dc5151c,16.976,162.133
reviewer-1785976329-1926df162e14,16.985,334.492
data-analyst-1785976329-f0c9a749e374,17.009,602.981
deep-researcher-1785976329-663ed648a8c5,17.023,407.815
wide-researcher-1785976329-4de0f2b205ec,17.032,131.471
reviewer-1785976329-40f401557c40,17.046,462.417
data-analyst-1785976329-b0a1bea31921,17.070,306.005
deep-researcher-1785976329-d1ba048dcb6c,17.083,149.082
wide-researcher-1785976329-dc2c37b74590,17.097,79.964
reviewer-1785976329-ca77fe9cad87,17.106,419.628
data-analyst-1785976329-088f9465fba0,17.136,554.386
deep-researcher-1785976329-657a547bda83,17.148,196.758
wide-researcher-1785976329-119662ff450c,17.167,457.716
reviewer-1785976329-251ab6145a2d,17.175,498.011
data-analyst-1785976329-53a7568dc003,17.197,432.490
deep-researcher-1785976329-f25a3efa1566,17.207,204.695
wide-researcher-1785976329-a03a25a29c4a,17.220,131.453
reviewer-1785976329-42907af8e9bc,17.229,660.821
data-analyst-1785976329-a11fb66de474,17.254,369.488
deep-researcher-1785976329-0e8b2d05a0c5,17.264,129.095
wide-researcher-1785976329-65ef1336b30d,17.277,128.211
reviewer-1785976329-3a5ba2486f70,17.292,331.432
data-analyst-1785976329-43443d92c566,17.322,531.524
deep-researcher-1785976329-a3413c04e2f7,17.341,82.841
wide-researcher-1785976329-142613a6d825,17.355,90.336
reviewer-1785976329-a18c2cf6d458,17.365,430.067
data-analyst-1785976329-349e0e33138a,17.389,548.131
deep-researcher-1785976329-d35909e84a69,17.413,634.659
wide-researcher-1785976329-917c02e4cad6,17.423,531.374
reviewer-1785976329-d9867f3c0331,17.437,426.584
data-analyst-1785976329-9ef96724291c,17.465,206.126
deep-researcher-1785976329-fb7464dc14cd,17.478,126.302
wide-researcher-1785976329-e42757e56792,17.487,127.341
reviewer-1785976330-7d913c215b1f,17.506,307.532
data-analyst-1785976330-6d30fd2eed54,17.534,310.703
deep-researcher-1785976330-5796010d889d,17.548,70.628
wide-researcher-1785976330-7d665405a0b6,17.564,126.785
reviewer-1785976330-0cddcc46a528,17.578,551.873
data-analyst-1785976330-2eb1f55b9fac,17.606,246.820
deep-researcher-1785976330-75a24258eccc,17.615,141.612
wide-researcher-1785976330-5c34cf7f1d6f,17.629,124.916
reviewer-1785976330-15720073277b,17.643,417.148
data-analyst-1785976330-00a2001c5802,17.672,204.756
deep-researcher-1785976330-21ed1c94381d,17.683,78.313
wide-researcher-1785976330-9af138848cc9,17.698,207.941
reviewer-1785976330-ca7a5f09664d,17.711,535.412
data-analyst-1785976330-0de8a049a1c2,17.740,305.464
deep-researcher-1785976330-35a1c04b3611,17.755,204.773
wide-researcher-1785976330-4a3fda06cc7b,17.771,635.083
reviewer-1785976330-b676403c1e14,17.783,532.133
data-analyst-1785976330-2ee06a5a7af8,17.813,419.841
deep-researcher-1785976330-ec4ca48e8660,17.825,125.538
wide-researcher-1785976330-df59ac0ed668,17.839,385.655
reviewer-1785976330-e7d21e61da11,17.848,256.904
data-analyst-1785976330-c56e20d6297b,17.878,532.165
deep-researcher-1785976330-74b1d78a9cf4,17.887,431.145
wide-researcher-1785976330-501c825ea80a,17.906,430.037
reviewer-1785976330-1b109fa5047b,17.915,318.026
data-analyst-1785976330-e1e37599d5e3,17.940,443.043
deep-researcher-1785976330-8887258c43fe,17.960,130.682
wide-researcher-1785976330-a6a8bdf70f34,17.969,125.244
reviewer-1785976330-96bede7edb41,17.979,429.167
data-analyst-1785976330-709fdca36040,18.005,206.245
deep-researcher-1785976330-e796aa3ee81c,18.017,504.046
wide-researcher-1785976330-11f1d2347c8a,18.028,72.109
reviewer-1785976330-03865a40ca53,18.040,211.031
data-analyst-1785976330-5754d7b4e799,18.064,548.095
deep-researcher-1785976330-a52a4f2ce913,18.078,323.442
wide-researcher-1785976330-28dce88108f9,18.088,481.028
reviewer-1785976330-37b8b1239b30,18.097,542.912
data-analyst-1785976330-0c7a86d18460,18.126,210.421
deep-researcher-1785976330-39f58b516c37,18.140,125.293
wide-researcher-1785976330-b81b484efbe7,18.150,314.725
reviewer-1785976330-d2b8a8d8f697,18.159,540.403
data-analyst-1785976330-b7858c3dab3b,18.188,416.397
deep-researcher-1785976330-de625e6c7af7,18.207,79.161
wide-researcher-1785976330-63d4a49bda3c,18.225,89.665
reviewer-1785976330-6a927fb2d38b,18.234,322.067
data-analyst-1785976330-b87eb03687bc,18.259,561.882
deep-researcher-1785976330-3dc2542a0965,18.278,220.886
wide-researcher-1785976330-e48cef972cbc,18.295,127.863
reviewer-1785976330-66f7f9fc8577,18.305,316.621
data-analyst-1785976330-64cf4915127f,18.333,391.829
deep-researcher-1785976330-788effca8ece,18.348,415.634
wide-researcher-1785976330-0418ea8ef917,18.356,161.896
reviewer-1785976330-094dc97801ba,18.366,418.741
data-analyst-1785976330-433c7bc103e3,18.394,426.935
deep-researcher-1785976330-b44d1a4da0f0,18.409,74.696
wide-researcher-1785976330-be49c5350c18,18.428,85.452
reviewer-1785976330-302c24197a99,18.442,411.178
data-analyst-1785976330-541c9948d67e,18.471,201.624
deep-researcher-1785976330-337f09c79046,18.491,91.920
wide-researcher-1785976330-9d49942f0861,18.501,424.699
reviewer-1785976331-c9faa8389821,18.521,429.213
data-analyst-1785976331-0bd41304f6a6,18.544,545.623
deep-researcher-1785976331-207f51c6b6db,18.567,83.072
wide-researcher-1785976331-3999da02547c,18.577,665.687
reviewer-1785976331-782856e77ebb,18.591,421.520
data-analyst-1785976331-e025adad503e,18.615,488.404
deep-researcher-1785976331-a9b8b4510850,18.624,126.923
wide-researcher-1785976331-1917c81cc243,18.634,316.746
reviewer-1785976331-0ef2328979da,18.652,451.901
data-analyst-1785976331-1f94f2a7dbcc,18.681,322.270
deep-researcher-1785976331-a492cfa41c7a,18.691,625.736
wide-researcher-1785976331-a136fa45aad1,18.708,71.426
reviewer-1785976331-ac241bcc9214,18.729,515.920
data-analyst-1785976331-27de28f8fb1f,18.754,323.105
deep-researcher-1785976331-5fcae0576e4b,18.765,487.817
wide-researcher-1785976331-bd8de3550451,18.785,75.921
reviewer-1785976331-3905198a404b,18.800,539.662
data-analyst-1785976331-e6f556dca564,18.831,559.655
deep-researcher-1785976331-4fad6a5ef3d7,18.846,96.411
wide-researcher-1785976331-46cdfaca64b1,18.860,549.847
reviewer-1785976331-c21722e05ccd,18.874,463.827
data-analyst-1785976331-6063dbabc28b,18.899,422.492
deep-researcher-1785976331-2cc9c3e65c1f,18.916,76.417
wide-researcher-1785976331-60acbe5e9f7c,18.929,149.187
reviewer-1785976331-40ee12203e14,18.938,322.457
data-analyst-1785976331-6bd2cf24acac,18.964,537.657
deep-researcher-1785976331-59763c33f528,18.978,125.353
wide-researcher-1785976331-8a1cc997f492,18.991,126.127
reviewer-1785976331-11fe6cb1b2f7,19.001,322.731
data-analyst-1785976331-0d0a9c62e968,19.028,321.797
deep-researcher-1785976331-4a387145828e,19.046,482.489
wide-researcher-1785976331-4dd9dd428be6,19.059,107.570
reviewer-1785976331-cad18ae771c4,19.073,205.684
data-analyst-1785976331-16be01aea197,19.096,680.330
deep-researcher-1785976331-890d67425ad9,19.114,127.326
wide-researcher-1785976331-075d6c083832,19.128,97.741
reviewer-1785976331-8a0d235c56f4,19.142,390.312
data-analyst-1785976331-9f3a0d332922,19.165,315.490
deep-researcher-1785976331-705e9e85c72f,19.179,387.915
wide-researcher-1785976331-aa74153e4c4c,19.193,126.847
reviewer-1785976331-87ce940c2b2c,19.212,537.918
data-analyst-1785976331-f4988d8e62bd,19.234,309.864
deep-researcher-1785976331-4fc78935c837,19.255,540.311
wide-researcher-1785976331-651916b4530a,19.269,78.241
reviewer-1785976331-0bec90ef313e,19.283,441.812
data-analyst-1785976331-bce0146b181c,19.310,483.603
deep-researcher-1785976331-06194fe3925e,19.339,538.381
wide-researcher-1785976331-eec6b2c9b676,19.348,321.824
reviewer-1785976331-953aa6ae6237,19.364,302.602
data-analyst-1785976331-bcb79dd5a7cb,19.390,425.012
deep-researcher-1785976331-acada6a7626c,19.414,125.557
wide-researcher-1785976331-1a93cd4bca76,19.424,188.021
reviewer-1785976331-73c0a4dd03d5,19.433,561.945
data-analyst-1785976331-32fd91fd54e6,19.457,266.417
deep-researcher-1785976331-a173b4bfb2df,19.476,107.588
wide-researcher-1785976331-6f75483e984e,19.490,110.441
reviewer-1785976332-0142a734796e,19.498,445.896
data-analyst-1785976332-c43b698f590b,19.522,314.622
deep-researcher-1785976332-6e65b68e2c64,19.542,475.661
wide-researcher-1785976332-412c924cfd66,19.555,199.623
reviewer-1785976332-d702982155aa,19.563,527.146
data-analyst-1785976332-fc19b5171409,19.594,425.292
deep-researcher-1785976332-133ce3f55ce3,19.613,99.463
wide-researcher-1785976332-1d6bee37f8f4,19.633,303.444
reviewer-1785976332-5e3894e38c24,19.647,323.035
data-analyst-1785976332-9bda236bd9c5,19.671,541.405
deep-researcher-1785976332-7b609b3db9ee,19.686,125.367
wide-researcher-1785976332-7edabdf704a7,19.703,558.652
reviewer-1785976332-8b713aada37b,19.718,307.692
data-analyst-1785976332-ca74938cc9ce,19.742,436.152
deep-researcher-1785976332-8483a28022fe,19.756,307.631
wide-researcher-1785976332-b942f11edb10,19.775,470.818
reviewer-1785976332-90fb87dcf005,19.789,202.078
data-analyst-1785976332-6a42d7c0f598,19.813,467.085
deep-researcher-1785976332-8187ba9b5018,19.827,536.990
wide-researcher-1785976332-ce6f7889ac8b,19.847,83.373
reviewer-1785976332-4db4e5fa6e36,19.859,304.513
data-analyst-1785976332-788d9c05d6f0,19.883,539.721
deep-researcher-1785976332-28ee33a12cfd,19.892,126.093
wide-researcher-1785976332-1504dff7d130,19.910,434.913
reviewer-1785976332-261887b70348,19.924,480.487
data-analyst-1785976332-5a804f043728,19.951,637.012
deep-researcher-1785976332-c602ebedc89e,19.965,90.931
wide-researcher-1785976332-c2bd19e187e2,19.979,72.712
reviewer-1785976332-056afa4c3d4d,20.002,466.408
data-analyst-1785976332-eec08837f906,20.035,532.933
deep-researcher-1785976332-b61c66ffdfcd,20.044,512.143
wide-researcher-1785976332-481ba521f7ef,20.056,308.572
reviewer-1785976332-bb5ed5c76b40,20.069,310.146
data-analyst-1785976332-13da8c6a734b,20.092,549.099
deep-researcher-1785976332-0db66702ab3b,20.106,557.466
wide-researcher-1785976332-19c10371d431,20.120,84.162
reviewer-1785976332-b70caf7f7865,20.134,205.786
data-analyst-1785976332-6688ddf22ac2,20.163,652.000
deep-researcher-1785976332-b2b76317335d,20.177,77.147
wide-researcher-1785976332-f4e6a09149b9,20.190,125.822
reviewer-1785976332-389851d4ea87,20.199,316.731
data-analyst-1785976332-cdd40dfc56fe,20.227,341.718
deep-researcher-1785976332-b4e2291239d3,20.241,131.936
wide-researcher-1785976332-c21bc313dcf9,20.250,173.501
reviewer-1785976332-afe00f057fd5,20.260,414.463
data-analyst-1785976332-8af37c66d7a5,20.293,639.330
deep-researcher-1785976332-7231ad938c57,20.310,125.870
wide-researcher-1785976332-edaf943b3194,20.319,200.140
reviewer-1785976332-3ae9284fcbcc,20.333,315.079
data-analyst-1785976332-09c11e64cfbf,20.357,306.869
deep-researcher-1785976332-e3c695ee803a,20.381,87.623
wide-researcher-1785976332-468081652e1f,20.390,129.240
reviewer-1785976332-100c001bf27f,20.399,427.942
data-analyst-1785976332-a6ff3c855814,20.439,321.633
deep-researcher-1785976332-3279155010af,20.450,339.352
wide-researcher-1785976332-54d3e2f4daa3,20.470,310.771
reviewer-1785976332-619707a23bcb,20.496,374.667
data-analyst-1785976333-a630b99dc18b,20.522,434.521
deep-researcher-1785976333-1a3f47d3e72d,20.537,163.285
wide-researcher-1785976333-806405e653c8,20.551,300.874
reviewer-1785976333-199e8ebf327c,20.571,513.151
data-analyst-1785976333-9d10190079d9,20.600,531.466
deep-researcher-1785976333-ad2cbf1f18a1,20.616,82.936
wide-researcher-1785976333-85b0fd874053,20.633,436.829
reviewer-1785976333-bf0d9ad5c77b,20.643,306.488
data-analyst-1785976333-f258ac80dafd,20.671,238.853
deep-researcher-1785976333-4bda5f9925fb,20.686,80.214
wide-researcher-1785976333-97df0df93af8,20.700,125.154
reviewer-1785976333-8859924e7a21,20.719,308.539
data-analyst-1785976333-b4c183260585,20.743,434.600
deep-researcher-1785976333-0ce8118d93f2,20.757,95.430
wide-researcher-1785976333-51e2ae77579e,20.766,317.113
reviewer-1785976333-abde80516ecf,20.780,383.837
data-analyst-1785976333-391abbb8bdc5,20.808,307.300
deep-researcher-1785976333-842edf527069,20.827,128.130
wide-researcher-1785976333-8722e83a838f,20.841,366.344
reviewer-1785976333-64848f8b4479,20.879,417.346
data-analyst-1785976333-49040b832da4,20.903,311.591
deep-researcher-1785976333-8377a2d15da6,20.922,556.530
wide-researcher-1785976333-58e63607f215,20.936,323.075
reviewer-1785976333-721e1f1d162c,20.945,416.742
data-analyst-1785976333-ca08a0c64642,20.968,207.904
deep-researcher-1785976333-6f2a8a8af945,20.990,199.742
wide-researcher-1785976333-84793a1946d2,21.018,159.591
reviewer-1785976333-c7d247ca1d5e,21.027,326.008
data-analyst-1785976333-854263a269e5,21.051,484.777
deep-researcher-1785976333-7ca51451bbad,21.064,204.200
wide-researcher-1785976333-bd4eb4ba2f80,21.073,205.487
reviewer-1785976333-0d874c7c8790,21.082,202.758
data-analyst-1785976333-cf5979510e18,21.111,425.106
deep-researcher-1785976333-ae9e610078e5,21.130,322.560
wide-researcher-1785976333-5dec4a83c423,21.144,238.885
reviewer-1785976333-b8e477f9d357,21.158,434.652
data-analyst-1785976333-992762341559,21.185,307.884
deep-researcher-1785976333-288d4117e46d,21.199,127.998
wide-researcher-1785976333-0f3d4df92767,21.213,322.136
reviewer-1785976333-f60fbc75e761,21.227,366.372
data-analyst-1785976333-97ef8404ad85,21.249,428.616
deep-researcher-1785976333-f84d037c594a,21.267,172.160
wide-researcher-1785976333-c2d4f6075b36,21.280,229.152
reviewer-1785976333-33c89f6fc316,21.292,500.063
data-analyst-1785976333-559475c853ed,21.315,419.144
deep-researcher-1785976333-8132cbbcbad0,21.333,126.652
wide-researcher-1785976333-ea90401bb16f,21.346,325.022
reviewer-1785976333-bf077db716c1,21.360,231.279
data-analyst-1785976333-6447e3bbb364,21.387,462.371
deep-researcher-1785976333-7ba617af30df,21.399,79.618
wide-researcher-1785976333-8209105adc67,21.417,332.372
reviewer-1785976333-4a31e47f945d,21.436,267.658
data-analyst-1785976333-79cfe9336dd1,21.462,531.302
deep-researcher-1785976333-21cbd2011329,21.479,537.772
wide-researcher-1785976333-84a55386af97,21.501,71.157
reviewer-1785976334-8eb708f36d65,21.515,460.168
data-analyst-1785976334-4ece83fb6c0e,21.541,426.632
deep-researcher-1785976334-14243fe0c57c,21.549,132.121
wide-researcher-1785976334-b8b93742c5d4,21.567,279.838
reviewer-1785976334-55fdf47c5517,21.580,587.132
data-analyst-1785976334-44a6ee500170,21.617,445.549
deep-researcher-1785976334-d59443748396,21.630,564.255
wide-researcher-1785976334-07621e57722c,21.638,316.543
reviewer-1785976334-50548405d58d,21.652,421.330
data-analyst-1785976334-198a4a8945eb,21.674,569.819
deep-researcher-1785976334-24cc0322acbe,21.683,129.611
wide-researcher-1785976334-5ca5c8ebed06,21.692,421.262
reviewer-1785976334-a1d979fdcae7,21.705,303.816
data-analyst-1785976334-b2282a5368e9,21.735,540.601
deep-researcher-1785976334-a73b060c7533,21.754,126.408
wide-researcher-1785976334-20b9cbbbc709,21.768,582.008
reviewer-1785976334-2a82082af598,21.782,428.872
data-analyst-1785976334-9d6c2cd7ca40,21.810,306.541
deep-researcher-1785976334-8d37602bd7fc,21.824,200.976
wide-researcher-1785976334-486f55e9c3cf,21.838,318.699
reviewer-1785976334-15edfe2c534a,21.852,570.816
data-analyst-1785976334-65c9f9f4be9b,21.878,426.042
deep-researcher-1785976334-8d5567ad3629,21.892,202.983
wide-researcher-1785976334-7be13a64de91,21.906,348.858
reviewer-1785976334-437fb90a2ee8,21.920,478.103
data-analyst-1785976334-58866700e979,21.944,418.066
deep-researcher-1785976334-997c3b5daec3,21.957,312.341
wide-researcher-1785976334-dcd19f8faaaa,21.981,129.267
reviewer-1785976334-fb9bc3787177,21.995,636.061
data-analyst-1785976334-1f981ca72cb7,22.025,244.822
deep-researcher-1785976334-db8f19572b08,22.043,96.107
wide-researcher-1785976334-4753fabd7162,22.059,420.405
reviewer-1785976334-31dad3b12f9e,22.078,414.925
data-analyst-1785976334-7ffbbc7fbb5b,22.107,532.794
deep-researcher-1785976334-a763db6a3184,22.121,555.948
wide-researcher-1785976334-651aeada490f,22.136,431.621
reviewer-1785976334-637bd7e1f56e,22.154,397.391
data-analyst-1785976334-51a14beb80bf,22.191,639.978
deep-researcher-1785976334-2cd98c4cf1a8,22.206,652.441
wide-researcher-1785976334-e67a3bd5566e,22.219,430.196
reviewer-1785976334-62cf3dffbd98,22.234,534.196
data-analyst-1785976334-db56328d830e,22.266,610.107
deep-researcher-1785976334-b6d7565c97bd,22.275,121.763
wide-researcher-1785976334-beac00eecd0f,22.300,212.068
reviewer-1785976334-16a6a4f686f7,22.318,530.694
data-analyst-1785976334-24fd42f7796b,22.347,343.686
deep-researcher-1785976334-8eed3f1fb9f9,22.376,72.404
wide-researcher-1785976334-fef5562e5c57,22.390,124.645
reviewer-1785976334-73bf06b60bc6,22.398,442.714
data-analyst-1785976334-61412b9fe369,22.427,548.533
deep-researcher-1785976334-c611b5e5e117,22.441,543.418
wide-researcher-1785976334-d1742bfa1e64,22.455,164.561
reviewer-1785976334-52b7d1e869be,22.479,416.775
data-analyst-1785976334-03da5af95542,22.508,423.547
deep-researcher-1785976335-ee6451b8bf66,22.523,126.318
wide-researcher-1785976335-dd1b82664217,22.532,138.342
reviewer-1785976335-60067e74433a,22.541,384.263
data-analyst-1785976335-cf019840de49,22.570,559.520
deep-researcher-1785976335-61a0a5618009,22.579,300.269
wide-researcher-1785976335-34de289ed204,22.598,103.558
reviewer-1785976335-10b25680ddd7,22.607,505.782
data-analyst-1785976335-b702d7012d67,22.634,417.664
deep-researcher-1785976335-4f89daead8c1,22.661,203.110
wide-researcher-1785976335-20293aefaa54,22.679,640.236
reviewer-1785976335-af10b909a584,22.697,439.200
data-analyst-1785976335-3631f7e3cd4d,22.726,456.279
deep-researcher-1785976335-81cbd0e68e0c,22.740,638.645
wide-researcher-1785976335-eb073c2f0a31,22.749,200.335
reviewer-1785976335-2da6c20b2d7b,22.764,505.130
data-analyst-1785976335-1ea4ff66eb8c,22.788,431.820
deep-researcher-1785976335-fca9ede5ba8f,22.802,81.378
wide-researcher-1785976335-3a57aa13ffb9,22.820,126.225
reviewer-1785976335-45cc868b3c2e,22.838,310.206
data-analyst-1785976335-45b55ff2b59f,22.872,497.236
deep-researcher-1785976335-53f7024a058b,22.881,635.164
wide-researcher-1785976335-f98410943a23,22.895,202.028
reviewer-1785976335-550f41d70f98,22.934,531.840
data-analyst-1785976335-3a2d8ed936eb,22.962,345.722
deep-researcher-1785976335-7f2b9f0982db,22.976,125.684
wide-researcher-1785976335-b2847bda9d55,22.990,110.330
reviewer-1785976335-c69deb5c2db6,23.009,461.771
data-analyst-1785976335-24e33d4b588b,23.038,303.398
deep-researcher-1785976335-368e6300a179,23.053,436.471
wide-researcher-1785976335-73780bb32788,23.065,200.449
reviewer-1785976335-f1587acf6ff3,23.080,554.829
data-analyst-1785976335-5f77eeed7363,23.119,649.086
deep-researcher-1785976335-fe016c85ec67,23.129,125.885
wide-researcher-1785976335-131848a021a6,23.143,233.584
reviewer-1785976335-7c141b68b883,23.157,434.287
data-analyst-1785976335-51f2f2d5989c,23.186,487.559
deep-researcher-1785976335-7150673656aa,23.200,105.535
wide-researcher-1785976335-2601bbc9d1b8,23.214,127.662
reviewer-1785976335-635d5cfc4cbe,23.228,415.192
data-analyst-1785976335-980e2cd13892,23.262,212.815
deep-researcher-1785976335-f87f6a96e7ef,23.286,152.000
wide-researcher-1785976335-470f73ac5902,23.300,102.883
reviewer-1785976335-07210b9e91f1,23.309,338.331
data-analyst-1785976335-983ec6db5b8e,23.339,418.568
deep-researcher-1785976335-0affbc36e28c,23.363,114.956
wide-researcher-1785976335-77f710b8d9c7,23.372,317.932
reviewer-1785976335-64599aeff142,23.396,315.095
data-analyst-1785976335-cf3cdf6d7727,23.420,431.546
deep-researcher-1785976335-c69e7bbb3e19,23.435,302.970
wide-researcher-1785976335-8c05cc04df1e,23.458,125.627
reviewer-1785976335-a0189ca7b059,23.467,259.892
data-analyst-1785976335-cb630fd21ae3,23.494,416.533
deep-researcher-1785976336-64ca6ecad404,23.504,70.905
wide-researcher-1785976336-34fc0128af41,23.534,209.310
reviewer-1785976336-3f88fec7ec9d,23.553,322.153
data-analyst-1785976336-2ac002a87e48,23.593,307.040
deep-researcher-1785976336-5de2d2e911a3,23.602,254.780
wide-researcher-1785976336-f8879ec584a2,23.620,495.542
reviewer-1785976336-2735d867a37b,23.644,571.001
data-analyst-1785976336-3e2223ef0855,23.668,435.450
deep-researcher-1785976336-967ec8695a64,23.677,475.923
wide-researcher-1785976336-0680f659f21a,23.686,84.094
reviewer-1785976336-c7c375435158,23.700,304.254
data-analyst-1785976336-763cc3aee2a6,23.742,430.396
deep-researcher-1785976336-ceed9ffdbbcf,23.752,319.304
wide-researcher-1785976336-80364484c87b,23.774,440.612
reviewer-1785976336-7a1f65700877,23.787,531.419
data-analyst-1785976336-9ff776c09ea7,23.829,371.910
deep-researcher-1785976336-9eac07b2a7fc,23.843,423.999
wide-researcher-1785976336-d7bbd4a9da45,23.863,320.890
reviewer-1785976336-6fe20918ffab,23.888,303.255
data-analyst-1785976336-707035bfd1d7,23.912,541.298
deep-researcher-1785976336-ef2fd67b0b52,23.928,76.489
wide-researcher-1785976336-e4f053d05f20,23.943,476.975
reviewer-1785976336-98fc704f8bb9,23.957,418.047
data-analyst-1785976336-b04773971e71,23.990,308.880
deep-researcher-1785976336-bfd0ce379368,24.008,244.838
wide-researcher-1785976336-5c181975ab07,24.031,128.950
reviewer-1785976336-682fe8e2b7e2,24.045,311.339
data-analyst-1785976336-715a95805e57,24.080,321.414
deep-researcher-1785976336-5f66c6616bc7,24.094,544.525
wide-researcher-1785976336-f2aa72b7f269,24.112,130.395
reviewer-1785976336-615feddceafe,24.125,414.581
data-analyst-1785976336-01cb7b320c67,24.169,399.782
deep-researcher-1785976336-d4d7819e1f80,24.193,217.071
wide-researcher-1785976336-32bbe5367b90,24.207,229.523
reviewer-1785976336-5f77bdb1e52c,24.221,359.827
data-analyst-1785976336-1bc8ea6ba142,24.266,468.841
deep-researcher-1785976336-5807a2b6d491,24.284,91.469
wide-researcher-1785976336-a07075b46b6b,24.293,241.612
reviewer-1785976336-60679f6ccc42,24.312,488.648
data-analyst-1785976336-75033c292b20,24.346,559.468
deep-researcher-1785976336-9332315b6fe4,24.355,319.757
wide-researcher-1785976336-9885cd3eb033,24.379,306.944
reviewer-1785976336-db937dd959f2,24.393,311.206
data-analyst-1785976336-b1039645bb15,24.453,372.135
deep-researcher-1785976336-b1acebf08c89,24.465,354.204
wide-researcher-1785976336-1898fe8b75ef,24.488,192.043
reviewer-1785976336-255d896b69db,24.507,522.123
data-analyst-1785976337-74da3440328b,24.544,422.754
deep-researcher-1785976337-3757ffdec720,24.567,302.407
wide-researcher-1785976337-13a408fdb1c9,24.590,305.367
reviewer-1785976337-79b97931447d,24.603,429.679
data-analyst-1785976337-d556e3f286f9,24.629,308.776
deep-researcher-1785976337-8887ca605552,24.638,204.376
wide-researcher-1785976337-5f3702aff81b,24.652,98.651
reviewer-1785976337-7cc8f8bd0939,24.669,634.470
data-analyst-1785976337-ca1c68620951,24.698,556.572
deep-researcher-1785976337-2ed1e3464b13,24.707,201.075
wide-researcher-1785976337-e3d9fee089a1,24.721,202.819
reviewer-1785976337-13b8abdfeb47,24.730,438.674
data-analyst-1785976337-74980d431741,24.753,416.653
deep-researcher-1785976337-614b5242e702,24.771,72.666
wide-researcher-1785976337-db247fd42933,24.785,217.397
reviewer-1785976337-904024fcd8ee,24.804,548.259
data-analyst-1785976337-f03b9b60d8e5,24.833,367.660
deep-researcher-1785976337-d37637be1753,24.867,544.161
wide-researcher-1785976337-5a987324818f,24.876,433.252
reviewer-1785976337-16adfcf562e3,24.885,636.236
data-analyst-1785976337-3965c0462ce3,24.912,351.847
deep-researcher-1785976337-c0e8db152cd8,24.926,646.228
wide-researcher-1785976337-2781597b7223,24.946,281.263
reviewer-1785976337-94ad2f29d010,24.955,535.840
data-analyst-1785976337-529993bb47df,24.982,346.271
deep-researcher-1785976337-efc10d89bc95,25.002,133.070
wide-researcher-1785976337-0616fced1167,25.010,124.536
reviewer-1785976337-3b6472519b7b,25.023,512.444
data-analyst-1785976337-3b9f59889360,25.057,353.112
deep-researcher-1785976337-034e5a2517c7,25.074,169.183
wide-researcher-1785976337-eb2358cadd3b,25.096,203.080
reviewer-1785976337-f578e4352bf9,25.109,331.700
data-analyst-1785976337-1beeb94f2a0c,25.153,433.363
deep-researcher-1785976337-ae57b71320de,25.166,651.648
wide-researcher-1785976337-d49005fdbe43,25.180,543.699
reviewer-1785976337-7b76ed436e51,25.195,418.422
data-analyst-1785976337-c3bff941d1bb,25.229,228.047
deep-researcher-1785976337-f5848722b35f,25.247,204.345
wide-researcher-1785976337-54e357272432,25.264,89.287
reviewer-1785976337-bb60cd53917c,25.277,350.585
data-analyst-1785976337-788b455c082a,25.304,212.123
deep-researcher-1785976337-cf841280f883,25.317,123.949
wide-researcher-1785976337-94051b6d2655,25.335,119.149
reviewer-1785976337-01f27214118a,25.348,428.086
data-analyst-1785976337-62bd942af374,25.375,204.359
deep-researcher-1785976337-cdf33b468007,25.393,320.316
wide-researcher-1785976337-52ea0b3d4902,25.403,135.525
reviewer-1785976337-cded709a1ff4,25.419,597.574
data-analyst-1785976337-21aad9106f30,25.445,306.851
deep-researcher-1785976337-a0bb5c417c06,25.472,322.639
wide-researcher-1785976337-90a951e85bb9,25.481,150.803
reviewer-1785976337-a4c1ddf19a01,25.501,426.439
data-analyst-1785976338-653f7e633f65,25.534,403.948
deep-researcher-1785976338-569c5904f6da,25.555,127.535
wide-researcher-1785976338-f9579551775f,25.567,308.356
reviewer-1785976338-91406b260f19,25.590,318.325
data-analyst-1785976338-27b3a81dc0b0,25.615,306.120
deep-researcher-1785976338-9385395ad25d,25.631,129.397
wide-researcher-1785976338-c910874a9aa5,25.639,187.881
reviewer-1785976338-6293cd6e25f1,25.652,450.105
data-analyst-1785976338-0c3f780c0ab8,25.687,432.146
deep-researcher-1785976338-b82f9cb6b122,25.704,210.075
wide-researcher-1785976338-2660db672162,25.717,85.945
reviewer-1785976338-74692c584be0,25.730,433.348
data-analyst-1785976338-bfc1844511c9,25.756,540.183
deep-researcher-1785976338-29534a371526,25.773,434.045
wide-researcher-1785976338-f799b80ddac2,25.781,320.549
reviewer-1785976338-057f6b4f152f,25.795,474.907
data-analyst-1785976338-6c0d9b255e74,25.826,418.000
deep-researcher-1785976338-18cea7d18af4,25.834,206.520
wide-researcher-1785976338-539c9ec02597,25.857,210.859
reviewer-1785976338-7999880f1254,25.887,312.073
data-analyst-1785976338-2ac36e42b091,25.914,331.336
deep-researcher-1785976338-20532687f539,25.965,205.990
wide-researcher-1785976338-4642df25c458,25.975,124.256
reviewer-1785976338-7eb8c560b987,25.997,656.537
data-analyst-1785976338-ad53f16700d1,26.022,433.156
deep-researcher-1785976338-d38ab5fa310b,26.053,416.905
wide-researcher-1785976338-347ce9ba40e8,26.074,126.255
reviewer-1785976338-0d332a61df0b,26.106,415.266
data-analyst-1785976338-ddd6d7040b9f,26.127,393.869
deep-researcher-1785976338-4562eed94eb6,26.141,92.736
wide-researcher-1785976338-31ae8356d926,26.161,125.899
reviewer-1785976338-001030a0f6c7,26.173,257.936
data-analyst-1785976338-4ef8102faece,26.195,428.569
deep-researcher-1785976338-b3354c757332,26.207,126.479
wide-researcher-1785976338-a6b1e56a090f,26.234,213.110
reviewer-1785976338-c173a7c1a571,26.243,424.131
data-analyst-1785976338-5d3db958a53e,26.273,351.459
deep-researcher-1785976338-dc3e3860a267,26.295,317.742
wide-researcher-1785976338-d3b711d3772d,26.315,554.266
reviewer-1785976338-4d3d12707d4e,26.342,472.208
data-analyst-1785976338-9c37d181c775,26.376,430.937
deep-researcher-1785976338-398d355e6180,26.385,86.322
wide-researcher-1785976338-af0a3246d04f,26.399,77.879
reviewer-1785976338-36401e873a65,26.416,322.443
data-analyst-1785976338-914e9ab7b619,26.445,321.811
deep-researcher-1785976338-35d4e560bd04,26.463,643.054
wide-researcher-1785976338-b656b184a30f,26.471,191.632
reviewer-1785976338-8a36182b4c05,26.494,420.680
data-analyst-1785976339-708e7e9900da,26.520,280.733
deep-researcher-1785976339-08e7ece45d12,26.539,200.465
wide-researcher-1785976339-7b8e7f84679f,26.552,312.274
reviewer-1785976339-6d5a5a92ee1a,26.564,370.760
data-analyst-1785976339-c297e0328a7d,26.603,642.837
deep-researcher-1785976339-2d2d989b82b9,26.626,435.198
wide-researcher-1785976339-ae2ca2abae81,26.673,105.741
reviewer-1785976339-a1b989ec3833,26.685,311.282
data-analyst-1785976339-fc27ef1cd270,26.712,484.396
deep-researcher-1785976339-0b6bc4d0b753,26.735,542.823
wide-researcher-1785976339-1b0504f19e22,26.743,94.692
reviewer-1785976339-e78097578848,26.761,642.427
data-analyst-1785976339-47a6c698ae2a,26.793,662.190
deep-researcher-1785976339-300be00eac14,26.807,311.130
wide-researcher-1785976339-bc03b68036a9,26.844,134.550
reviewer-1785976339-4df14b8d2988,26.859,420.259
data-analyst-1785976339-5ee4d0289017,26.907,644.220
deep-researcher-1785976339-59fe905da873,26.921,122.702
wide-researcher-1785976339-75ee262c1097,26.939,158.335
reviewer-1785976339-860f9614c63a,26.951,646.510
data-analyst-1785976339-d087d4c700fd,26.981,436.985
deep-researcher-1785976339-a0512d57a55b,26.996,550.277
wide-researcher-1785976339-b61d6c146c51,27.016,137.122
reviewer-1785976339-a480e1e3f7f4,27.024,328.631
data-analyst-1785976339-24c9e84369a6,27.055,429.613
deep-researcher-1785976339-700d056e0e5a,27.067,500.078
wide-researcher-1785976339-48e2cdfead27,27.082,424.182
reviewer-1785976339-839aa6f47a69,27.098,545.104
data-analyst-1785976339-9c66962f9480,27.128,208.355
deep-researcher-1785976339-eb448ca88a18,27.143,75.979
wide-researcher-1785976339-20957aa02d30,27.156,203.324
reviewer-1785976339-e03bd9ac7594,27.165,357.083
data-analyst-1785976339-439e62c8fcd3,27.198,414.857
deep-researcher-1785976339-4484e3b347fa,27.212,204.402
wide-researcher-1785976339-440c95ac98a7,27.231,516.886
reviewer-1785976339-73e8318d02cd,27.250,524.986
data-analyst-1785976339-dd8558e58bc4,27.283,267.041
deep-researcher-1785976339-2f60dea11b31,27.296,657.360
wide-researcher-1785976339-2823a7a2e8ad,27.315,141.467
reviewer-1785976339-193220d2d18c,27.333,541.192
data-analyst-1785976339-3583bf51d3e7,27.397,438.411
deep-researcher-1785976339-d087eeacae3f,27.407,675.372
wide-researcher-1785976339-97db90accea7,27.421,97.826
reviewer-1785976339-384796a012a6,27.461,303.691
data-analyst-1785976339-bc6c7c13b71b,27.486,444.195
deep-researcher-1785976339-620791c6ecee,27.501,82.296
wide-researcher-1785976339-52423a9a7f89,27.519,141.365
reviewer-1785976340-d653b2031a29,27.538,425.832
data-analyst-1785976340-967e2aaaf244,27.567,462.116
deep-researcher-1785976340-4bd31d6d8d57,27.586,306.602
wide-researcher-1785976340-1ff4a83acf5b,27.605,178.604
reviewer-1785976340-35e9be0d426d,27.618,540.971
data-analyst-1785976340-9ed98b96e8ee,27.667,256.763
deep-researcher-1785976340-f89b3ff92d8d,27.677,551.441
wide-researcher-1785976340-9eb09a1c3cf6,27.695,126.333
reviewer-1785976340-f145cce27c9b,27.703,544.007
data-analyst-1785976340-4f7c84da5e55,27.739,548.960
deep-researcher-1785976340-052fca01243f,27.753,162.758
wide-researcher-1785976340-61281a10a4b1,27.762,230.034
reviewer-1785976340-5492f093da92,27.780,424.586
data-analyst-1785976340-7c861806eaca,27.806,246.953
deep-researcher-1785976340-bf92abc1917e,27.823,544.659
wide-researcher-1785976340-9219c7e4789c,27.832,209.727
reviewer-1785976340-b955bfef2c9a,27.853,538.313
data-analyst-1785976340-bb6d00b6543e,27.875,534.919
deep-researcher-1785976340-e0345f5ea99a,27.893,226.359
wide-researcher-1785976340-dbb106756bdb,27.901,125.416
reviewer-1785976340-422551bb0bef,27.915,322.518
data-analyst-1785976340-0e921dccbc06,27.954,433.467
deep-researcher-1785976340-546757558b3f,27.972,136.671
wide-researcher-1785976340-f31d785c8a46,27.980,167.057
reviewer-1785976340-148fd431ec96,28.003,646.798
data-analyst-1785976340-c45883214036,28.037,307.923
deep-researcher-1785976340-e8d2fa4d8465,28.059,124.790
wide-researcher-1785976340-3998b10bb279,28.078,127.921
reviewer-1785976340-cb04215dd219,28.124,531.481
data-analyst-1785976340-8402a32e1640,28.175,429.729
deep-researcher-1785976340-05aef36bc64c,28.192,203.460
wide-researcher-1785976340-19c170c1c13d,28.207,201.717
reviewer-1785976340-0df57a4a45e0,28.224,515.861
data-analyst-1785976340-086ef3ff34ef,28.276,320.580
deep-researcher-1785976340-034e56c86f21,28.317,211.579
wide-researcher-1785976340-a344dd61dc4e,28.341,127.198
reviewer-1785976340-dc8c1e765dc4,28.360,543.916
data-analyst-1785976340-2a7d363bcfb0,28.399,314.740
deep-researcher-1785976340-8a95a2dea06a,28.423,125.760
wide-researcher-1785976340-03de0d89a3a1,28.437,125.074
reviewer-1785976340-3157df979dca,28.452,321.907
data-analyst-1785976340-58b10f9f7729,28.496,425.800
deep-researcher-1785976340-9a7bf9534e00,28.509,191.612
wide-researcher-1785976341-0fa0324a5564,28.532,92.092
reviewer-1785976341-c12fff2556dc,28.545,439.840
data-analyst-1785976341-b7c558f1e301,28.590,435.526
deep-researcher-1785976341-84b1b893831c,28.610,478.503
wide-researcher-1785976341-57dbea107385,28.620,136.313
reviewer-1785976341-9254c435470e,28.659,441.905
data-analyst-1785976341-c62c5ef34899,28.683,419.084
deep-researcher-1785976341-b2d5aa512314,28.698,125.044
wide-researcher-1785976341-f157c3fd9d4b,28.714,419.098
reviewer-1785976341-b26951087a35,28.741,425.817
data-analyst-1785976341-c1beaf63fd00,28.776,537.348
deep-researcher-1785976341-4f3529a9ca78,28.791,200.942
wide-researcher-1785976341-5b0cc7af35e0,28.810,154.018
reviewer-1785976341-fd3b8a9e9631,28.825,679.116
data-analyst-1785976341-251ec329f9a3,28.852,307.463
deep-researcher-1785976341-e4f1b1d6e9a4,28.874,98.189
wide-researcher-1785976341-7c497d809845,28.899,501.506
reviewer-1785976341-5881152962b5,28.913,417.837
data-analyst-1785976341-624894cb1abf,28.946,398.623
deep-researcher-1785976341-6e6e8551e95b,28.970,653.499
wide-researcher-1785976341-31ca23d3e537,28.984,206.919
reviewer-1785976341-a765d1275121,28.998,424.352
data-analyst-1785976341-005e761e6ad6,29.026,540.001
deep-researcher-1785976341-7b5280199fb8,29.045,203.957
wide-researcher-1785976341-7b8616b41d0d,29.055,127.292
reviewer-1785976341-b8018b7d45f1,29.068,323.118
data-analyst-1785976341-6a800e3cacae,29.094,403.226
deep-researcher-1785976341-b313ded368c3,29.113,204.599
wide-researcher-1785976341-3745152fec0b,29.126,430.574
reviewer-1785976341-98bf5c72aba1,29.157,638.377
data-analyst-1785976341-1745fe94c3e3,29.183,431.224
deep-researcher-1785976341-9b8382cf3f03,29.192,133.326
wide-researcher-1785976341-b9a842f8f6e4,29.206,131.186
reviewer-1785976341-e250910b3ece,29.215,537.710
data-analyst-1785976341-2a54d970886f,29.254,440.856
deep-researcher-1785976341-1c99a75788a1,29.266,556.170
wide-researcher-1785976341-90402b997241,29.288,250.482
reviewer-1785976341-d1a802d9e67c,29.301,551.015
data-analyst-1785976341-f446083b62f5,29.332,305.107
deep-researcher-1785976341-7ed76c6d5222,29.346,124.948
wide-researcher-1785976341-e5ad899c59eb,29.367,202.496
reviewer-1785976341-8fee65442a62,29.376,545.266
data-analyst-1785976341-9b214744cee8,29.411,320.764
deep-researcher-1785976341-058411069c5c,29.438,639.069
wide-researcher-1785976341-ba89e5037420,29.464,329.598
reviewer-1785976341-718b1f482940,29.486,531.964
data-analyst-1785976341-6d37671b4407,29.514,508.245
deep-researcher-1785976342-3bb6100b8ed9,29.523,598.156
wide-researcher-1785976342-5d7d9ee26878,29.544,207.149
reviewer-1785976342-e0ced9e246b8,29.570,308.293
data-analyst-1785976342-fa415dc5bc6b,29.634,323.354
deep-researcher-1785976342-ae93ab317410,29.648,200.830
wide-researcher-1785976342-c8ba7b6f480f,29.709,369.472
reviewer-1785976342-e176fba05ffb,29.733,421.315
data-analyst-1785976342-7f31ae932b19,29.782,211.957
deep-researcher-1785976342-1e868fb27f9d,29.821,533.487
wide-researcher-1785976342-18c0ddb9a890,29.844,162.497
reviewer-1785976342-d99de608b358,29.858,420.214
data-analyst-1785976342-3d15b2711624,29.889,351.281
deep-researcher-1785976342-46132e50e06e,29.903,305.670
wide-researcher-1785976342-b371e67a72c2,29.932,306.076
reviewer-1785976342-b45b1d13bda5,29.944,532.406
data-analyst-1785976342-32d1128cafc7,29.973,469.081
deep-researcher-1785976342-d69e98066362,29.991,203.508
wide-researcher-1785976342-b1c66c69948d,30.005,541.633
reviewer-1785976342-b34a77aa7c90,30.018,309.356
data-analyst-1785976342-11f30b64c09b,30.047,442.756
deep-researcher-1785976342-04f16ab684d3,30.059,206.668
wide-researcher-1785976342-25ee065ebe3b,30.071,128.178
reviewer-1785976342-b02875895ed6,30.095,312.987
data-analyst-1785976342-64701f1d797a,30.128,553.030
deep-researcher-1785976342-610b724714e3,30.141,173.482
wide-researcher-1785976342-40da99b478d3,30.166,264.602
reviewer-1785976342-9b2126e41e42,30.182,626.886
data-analyst-1785976342-acf198fd1922,30.209,322.834
deep-researcher-1785976342-856a3d9f1c19,30.227,310.021
wide-researcher-1785976342-d0de70c40d91,30.244,137.735
reviewer-1785976342-63274766f775,30.266,434.539
data-analyst-1785976342-e7e648a36534,30.292,232.233
deep-researcher-1785976342-cca12d70dd28,30.310,127.487
wide-researcher-1785976342-ae4a7d8facd6,30.332,308.389
reviewer-1785976342-637f59d756d1,30.341,426.804
data-analyst-1785976342-b8f34620fe3b,30.371,540.679
deep-researcher-1785976342-756b045d125c,30.407,305.581
wide-researcher-1785976342-a073f55565e0,30.428,126.208
reviewer-1785976342-f306e8a22a45,30.440,209.743
data-analyst-1785976342-983a73331225,30.471,344.205
deep-researcher-1785976342-a7ab27a9887e,30.489,490.457
wide-researcher-1785976342-88e9ca24e388,30.503,128.366
reviewer-1785976343-2c1364dab763,30.517,662.695
data-analyst-1785976343-5965e106db51,30.557,663.812
deep-researcher-1785976343-997f798e5275,30.569,644.630
wide-researcher-1785976343-b39578105a43,30.582,138.295
reviewer-1785976343-18d842e00c2b,30.605,545.467
data-analyst-1785976343-38ef15fe24ac,30.671,539.394
deep-researcher-1785976343-236201e476e1,30.704,116.117
wide-researcher-1785976343-32f22873e1ae,30.716,313.036
reviewer-1785976343-af3a46c87079,30.729,431.271
data-analyst-1785976343-fefda2e29bd9,30.765,202.048
deep-researcher-1785976343-a1d27c739ed1,30.777,207.469
wide-researcher-1785976343-3e82bfaa4c5e,30.803,129.475
reviewer-1785976343-85c8e522ba8a,30.815,533.927
data-analyst-1785976343-d44e97e2529e,30.845,315.808
deep-researcher-1785976343-d2f121e804da,30.875,126.188
wide-researcher-1785976343-7e5ccf6be53f,30.887,244.852
reviewer-1785976343-384618b15b1a,30.899,548.942
data-analyst-1785976343-5dbe7d49d4fd,30.924,355.891
deep-researcher-1785976343-9289cf5c7445,30.950,211.594
wide-researcher-1785976343-5d837f8e383b,30.958,133.902
reviewer-1785976343-1711fbe68a25,30.975,532.041
data-analyst-1785976343-b356f36cb24a,31.001,536.974
deep-researcher-1785976343-17011e0b07d6,31.009,550.021
wide-researcher-1785976343-4a6b29088de0,31.026,203.195
reviewer-1785976343-c449cdc30ab3,31.038,417.885
data-analyst-1785976343-d134b9998cc7,31.063,312.826
deep-researcher-1785976343-e9b4d09f1442,31.081,126.158
wide-researcher-1785976343-f9c07684b6ec,31.090,124.867
reviewer-1785976343-4323fbf8c023,31.115,426.015
data-analyst-1785976343-4574eee6e1ca,31.141,537.365
deep-researcher-1785976343-e883dc388cb6,31.153,178.454
wide-researcher-1785976343-4ea087f96f26,31.161,337.960
reviewer-1785976343-25945dbc23f6,31.201,440.279
data-analyst-1785976343-2a1ad5a1380c,31.243,532.118
deep-researcher-1785976343-b8e669f1cfc1,31.255,587.269
wide-researcher-1785976343-ef520e8774fe,31.278,151.371
reviewer-1785976343-150648b3da46,31.294,435.591
data-analyst-1785976343-8eaf3348139b,31.330,420.040
deep-researcher-1785976343-74b76333f134,31.356,202.788
wide-researcher-1785976343-b2a7719fdb0a,31.368,124.594
reviewer-1785976343-516c9dbbff49,31.381,536.310
data-analyst-1785976343-e4d037730d17,31.425,644.780
deep-researcher-1785976343-6b187723c558,31.442,201.704
wide-researcher-1785976343-337e0b7a3348,31.454,323.167
reviewer-1785976343-314aa1733ed5,31.466,558.326
data-analyst-1785976343-0cc97af8bb08,31.512,206.803
deep-researcher-1785976344-1294c7e29146,31.524,645.704
wide-researcher-1785976344-78e1dbb18e96,31.537,200.912
reviewer-1785976344-5719bcf084d5,31.554,440.418
data-analyst-1785976344-97334f92ef22,31.602,304.865
deep-researcher-1785976344-2f326ec4ae8d,31.611,309.280
wide-researcher-1785976344-88083404ed61,31.633,282.919
reviewer-1785976344-d552e677a8c6,31.672,583.011
data-analyst-1785976344-9434fb90a33a,31.713,614.154
deep-researcher-1785976344-7f00a8d07bb8,31.725,200.027
wide-researcher-1785976344-b59d5230047a,31.747,210.634
reviewer-1785976344-874094b2a7fe,31.777,303.019
data-analyst-1785976344-ca5e2262e312,31.808,345.877
deep-researcher-1785976344-fa3f98e2600b,31.834,663.045
wide-researcher-1785976344-783dd0fff9c4,31.850,86.511
reviewer-1785976344-73944bb5a60c,31.862,304.224
data-analyst-1785976344-cb39f0e0e323,31.915,437.390
deep-researcher-1785976344-43f24af5d651,31.928,642.514
wide-researcher-1785976344-7d4789a03b60,31.956,205.013
reviewer-1785976344-f2f4ae97b9d7,31.985,304.913
data-analyst-1785976344-20353e33bcf5,32.014,683.163
deep-researcher-1785976344-afd2ec56416d,32.026,125.478
wide-researcher-1785976344-56f0bad5a0f3,32.035,429.946
reviewer-1785976344-41e487609583,32.061,336.220
data-analyst-1785976344-c91b7638a7c9,32.092,417.243
deep-researcher-1785976344-425f63153c81,32.118,138.375
wide-researcher-1785976344-36b7d8cbe45d,32.131,205.639
reviewer-1785976344-17386a32051b,32.147,553.512
data-analyst-1785976344-13bfa1fe205d,32.186,425.914
deep-researcher-1785976344-6be9fc3b7e82,32.212,315.740
wide-researcher-1785976344-2b8282a4a165,32.246,224.360
reviewer-1785976344-7d091fabe15d,32.272,545.138
data-analyst-1785976344-17f12ff63965,32.305,434.777
deep-researcher-1785976344-d493d0a20369,32.322,125.311
wide-researcher-1785976344-a225a8272bb1,32.334,211.608
reviewer-1785976344-9c74c34cbaf7,32.365,653.516
data-analyst-1785976344-98b3d2dcc69b,32.393,538.121
deep-researcher-1785976344-1e279900bc7c,32.405,202.670
wide-researcher-1785976344-5b9cf8246aca,32.418,130.730
reviewer-1785976344-6b4414ff37a0,32.455,648.777
data-analyst-1785976344-159eda3c2fb7,32.501,312.041
deep-researcher-1785976344-7353a2b6a256,32.519,127.809
wide-researcher-1785976344-9051cb327cf1,32.541,211.715
reviewer-1785976345-5681f7653410,32.553,534.181
data-analyst-1785976345-5d39c019b1c1,32.593,432.747
deep-researcher-1785976345-60c6af010763,32.602,138.918
wide-researcher-1785976345-1b676a5f29dc,32.625,188.968
reviewer-1785976345-d4c315641cf0,32.639,307.781
data-analyst-1785976345-a79f1f2e5cf0,32.678,416.365
deep-researcher-1785976345-31927e63696b,32.706,581.924
wide-researcher-1785976345-383c89decbec,32.723,281.739
reviewer-1785976345-9fb7e61fdb40,32.748,433.529
data-analyst-1785976345-f11b57c0d316,32.820,348.825
deep-researcher-1785976345-2b932106f7bd,32.837,455.730
wide-researcher-1785976345-dd11d1c8b485,32.858,138.360
reviewer-1785976345-f54f80da4d64,32.875,418.548
data-analyst-1785976345-537190c511ad,32.900,313.359
deep-researcher-1785976345-4a7a046cedad,32.931,82.254
wide-researcher-1785976345-7ddf6ca9f8f4,32.940,160.319
reviewer-1785976345-eb3669deb7de,32.961,537.170
data-analyst-1785976345-20d36ae2f723,32.991,308.275
deep-researcher-1785976345-c70fc4efc45e,33.011,208.368
wide-researcher-1785976345-5d1840907941,33.027,427.261
reviewer-1785976345-37c91542856c,33.036,541.162
data-analyst-1785976345-5e701510200a,33.070,544.927
deep-researcher-1785976345-2a9960e9e3fb,33.110,127.183
wide-researcher-1785976345-30f361e95ab6,33.123,184.224
reviewer-1785976345-170af4cac1da,33.145,403.017
data-analyst-1785976345-1ca961ffc432,33.182,655.635
deep-researcher-1785976345-4e2d9b7df7c9,33.195,485.653
wide-researcher-1785976345-e50931ebbc25,33.222,321.428
reviewer-1785976345-4ae44853a9c1,33.240,517.996
data-analyst-1785976345-51aded36a9ee,33.282,414.688
deep-researcher-1785976345-3a7c2641b96c,33.294,201.241
wide-researcher-1785976345-57a2eab6a144,33.318,381.212
reviewer-1785976345-e50f992b81cf,33.347,415.435
data-analyst-1785976345-7d203927bfbf,33.376,498.026
deep-researcher-1785976345-7cb44b7a16f2,33.424,557.724
wide-researcher-1785976345-ed28c84fd36f,33.468,533.912
reviewer-1785976345-b3d603e37f6e,33.497,416.164
data-analyst-1785976345-017ac167e157,33.526,559.702
deep-researcher-1785976345-551336299c6f,33.539,171.756
wide-researcher-1785976346-8010148cae8a,33.551,425.226
reviewer-1785976346-99271de16082,33.568,430.542
data-analyst-1785976346-e7aca77b29d8,33.603,437.679
deep-researcher-1785976346-d375f61053c3,33.628,248.475
wide-researcher-1785976346-46045143b32e,33.641,146.315
reviewer-1785976346-4cc851dd3a02,33.658,311.784
data-analyst-1785976346-44fd0c2f800c,33.695,531.732
deep-researcher-1785976346-c155774929e7,33.709,440.724
wide-researcher-1785976346-cb10c045872d,33.731,336.559
reviewer-1785976346-49fbead331ad,33.753,419.328
data-analyst-1785976346-cc3238baf53b,33.785,418.981
deep-researcher-1785976346-a1ef721fcdb4,33.802,167.558
wide-researcher-1785976346-25dbdff45fe6,33.818,321.473
reviewer-1785976346-148ae5ddb08b,33.831,558.312
data-analyst-1785976346-623a5ffb07d1,33.852,544.600
deep-researcher-1785976346-c7d8a51dc68d,33.869,82.571
wide-researcher-1785976346-f4e76d7586a1,33.882,90.485
reviewer-1785976346-939125970f2e,33.904,564.158
data-analyst-1785976346-490ebd9ba379,33.931,467.765
deep-researcher-1785976346-6bfb0a4f61d7,33.944,559.282
wide-researcher-1785976346-aed3b661f9b4,33.965,442.249
reviewer-1785976346-af33a0af6773,33.981,441.338
data-analyst-1785976346-89a62122b7e8,34.012,581.895
deep-researcher-1785976346-d3aeb8eb4157,34.028,128.713
wide-researcher-1785976346-657cff431d7e,34.054,227.514
reviewer-1785976346-a1e53fd376cf,34.066,448.855
data-analyst-1785976346-4edfd101a0d0,34.094,555.224
deep-researcher-1785976346-df0fb0008b9c,34.106,128.083
wide-researcher-1785976346-4374d54e0f13,34.119,147.103
reviewer-1785976346-9fc294df83f1,34.136,651.061
data-analyst-1785976346-99d820371cb3,34.158,656.019
deep-researcher-1785976346-fd8ed163a878,34.171,128.397
wide-researcher-1785976346-cb0a20ba9cf5,34.183,415.041
reviewer-1785976346-b4014ca49b44,34.196,445.784
data-analyst-1785976346-b60c5fe55754,34.225,544.644
deep-researcher-1785976346-8df22616e0f7,34.263,209.394
wide-researcher-1785976346-6b06c89f946a,34.279,311.949
reviewer-1785976346-243985ec01eb,34.299,563.088
data-analyst-1785976346-6925eb2048d8,34.326,526.563
deep-researcher-1785976346-4d39d295e134,34.370,134.735
wide-researcher-1785976346-4f1a0e62d3db,34.388,148.473
reviewer-1785976346-b684340ba527,34.414,438.245
data-analyst-1785976346-dc4643a059da,34.440,647.487
deep-researcher-1785976346-aafc45971b80,34.462,139.774
wide-researcher-1785976346-e0254b39b9af,34.478,143.357
reviewer-1785976346-cdae7d8003f2,34.495,570.771
data-analyst-1785976347-cb4c2ac37532,34.535,427.310
deep-researcher-1785976347-9eaa47fa75ce,34.551,533.330
wide-researcher-1785976347-1276e20310e5,34.563,203.369
reviewer-1785976347-0cab8fd70b2f,34.579,556.863
data-analyst-1785976347-e947841f2728,34.624,420.565
deep-researcher-1785976347-a1f6d995ab66,34.636,125.835
wide-researcher-1785976347-5ae42aa0df67,34.657,625.285
reviewer-1785976347-1df6c5c1c594,34.669,550.218
data-analyst-1785976347-1ddb1860d467,34.699,433.058
deep-researcher-1785976347-fd49bb494710,34.733,200.350
wide-researcher-1785976347-75afd8f4123f,34.751,304.282
reviewer-1785976347-093a068b60f5,34.769,416.102
data-analyst-1785976347-69699be2cb72,34.796,509.188
deep-researcher-1785976347-c3bd3fae6e33,34.808,125.790
wide-researcher-1785976347-50036d927d70,34.828,206.427
reviewer-1785976347-42b3b6abc3f6,34.855,429.326
data-analyst-1785976347-7c8de4a786a4,34.884,437.562
deep-researcher-1785976347-5e8aada51251,34.897,554.936
wide-researcher-1785976347-57cdb4ff1aec,34.930,132.136
reviewer-1785976347-07e777f0fabb,34.973,315.845
data-analyst-1785976347-e55cfabd6f65,35.004,323.272
deep-researcher-1785976347-b8f128281caa,35.024,152.120
wide-researcher-1785976347-a0041008426e,35.040,201.854
reviewer-1785976347-db61fae7cc93,35.053,525.419
data-analyst-1785976347-e01cb4124f62,35.080,316.700
deep-researcher-1785976347-40ae8b2d8593,35.092,564.241
wide-researcher-1785976347-5da87da89954,35.108,216.643
reviewer-1785976347-08f38660b893,35.146,536.941
data-analyst-1785976347-b0cb11c60d6b,35.172,313.393
deep-researcher-1785976347-a442b0eff49d,35.181,126.450
wide-researcher-1785976347-f46610de4ef5,35.201,209.360
reviewer-1785976347-8d64024b3180,35.214,313.624
data-analyst-1785976347-d1b2ad7716a8,35.243,309.498
deep-researcher-1785976347-64270b37d284,35.271,125.031
wide-researcher-1785976347-c0ec1b22066f,35.295,135.900
reviewer-1785976347-6223d2763438,35.326,635.148
data-analyst-1785976347-902d7739e853,35.357,360.515
deep-researcher-1785976347-8d6dfc17e8c4,35.378,184.140
wide-researcher-1785976347-8126b4fcdaaf,35.391,125.570
reviewer-1785976347-22b2223bee33,35.416,461.591
data-analyst-1785976347-2accf5cfd13d,35.444,371.024
deep-researcher-1785976347-de49292741c6,35.470,125.325
wide-researcher-1785976347-3a84a765943e,35.489,441.793
reviewer-1785976347-f6d5c348b5ae,35.503,303.891
data-analyst-1785976348-c95b0cdae077,35.563,268.957
deep-researcher-1785976348-6de7a7adf935,35.575,312.293
wide-researcher-1785976348-e342e47cef56,35.587,161.996
reviewer-1785976348-6b53b7236746,35.616,558.137
data-analyst-1785976348-d826f3fe0995,35.647,539.828
deep-researcher-1785976348-5fdfeeb4185f,35.659,205.130
wide-researcher-1785976348-35e07b31eae8,35.672,481.425
reviewer-1785976348-1bdbf2931197,35.685,313.004
data-analyst-1785976348-130c0ec2522d,35.715,644.390
deep-researcher-1785976348-6c1ff82ce1b6,35.771,638.441
wide-researcher-1785976348-d2bd01ebd095,35.815,440.921
reviewer-1785976348-d396801ad428,35.828,503.367
data-analyst-1785976348-2f15b34739b5,35.880,427.441
deep-researcher-1785976348-01048630670e,35.902,645.784
wide-researcher-1785976348-5dd44151b4c2,35.926,148.242
reviewer-1785976348-941b21d6bfaf,35.942,444.485
data-analyst-1785976348-7c853fdabae3,35.969,555.691
deep-researcher-1785976348-58898cbfc56d,35.991,533.098
wide-researcher-1785976348-62c505b96e6c,36.004,200.299
reviewer-1785976348-ef812bb8ef84,36.017,424.146
data-analyst-1785976348-b0beb5dfbdd8,36.046,556.125
deep-researcher-1785976348-08157253f642,36.059,169.429
wide-researcher-1785976348-9d715439674c,36.077,360.004
reviewer-1785976348-283915c50ced,36.095,440.774
data-analyst-1785976348-701f2737d0fa,36.122,552.820
deep-researcher-1785976348-47ac9124bacf,36.136,205.593
wide-researcher-1785976348-27ccb4ad4584,36.169,174.157
reviewer-1785976348-dc62d985c9ab,36.191,560.416
data-analyst-1785976348-bb3132d34daa,36.218,402.905
deep-researcher-1785976348-4a753ec3c4cf,36.240,638.941
wide-researcher-1785976348-6ff80c0391df,36.266,536.796
reviewer-1785976348-3534e7d717d7,36.276,542.459
data-analyst-1785976348-0994072e52e4,36.369,311.878
deep-researcher-1785976348-6cbd57a0dbfe,36.382,200.419
wide-researcher-1785976348-1bbcfde4b556,36.404,205.550
reviewer-1785976348-1066f9a8a545,36.466,342.625
data-analyst-1785976348-d6a1beef4b60,36.507,425.060
deep-researcher-1785976348-98b70d7efd66,36.542,648.297
wide-researcher-1785976348-6d8d611b72d5,36.559,317.174
reviewer-1785976349-df2d2007260b,36.573,425.928
data-analyst-1785976349-fbd22841e365,36.611,306.184
deep-researcher-1785976349-19ce6de0c8dc,36.647,128.609
wide-researcher-1785976349-37cc1659aaf9,36.665,303.003
reviewer-1785976349-30ec327b53b3,36.683,645.585
data-analyst-1785976349-901d0518b146,36.715,260.713
deep-researcher-1785976349-bdfb24149150,36.729,430.345
wide-researcher-1785976349-d6708807947c,36.741,89.258
reviewer-1785976349-d29b80189e91,36.780,534.363
data-analyst-1785976349-776e92b110d3,36.811,491.142
deep-researcher-1785976349-275feb500f64,36.840,201.544
wide-researcher-1785976349-90d62971e339,36.853,200.780
reviewer-1785976349-12879e502513,36.873,422.507
data-analyst-1785976349-def24c9894ed,36.901,436.566
deep-researcher-1785976349-2baf4f539668,36.927,344.000
wide-researcher-1785976349-502100f349e1,36.941,236.595
reviewer-1785976349-dc868dfd09d7,36.979,343.839
data-analyst-1785976349-2868fabd022f,37.007,426.881
deep-researcher-1785976349-2224a23f3b2c,37.022,145.931
wide-researcher-1785976349-2cf8aad77206,37.074,538.265
reviewer-1785976349-63a4404e01ee,37.088,434.696
data-analyst-1785976349-d335393c2731,37.126,319.496
deep-researcher-1785976349-55530653a427,37.143,451.194
wide-researcher-1785976349-7881bd9e986a,37.180,312.581
reviewer-1785976349-3775f78dbcb3,37.199,550.338
data-analyst-1785976349-2781bf851f48,37.231,217.652
deep-researcher-1785976349-7aa3cc57407f,37.250,349.685
wide-researcher-1785976349-4dd1b5880895,37.269,124.853
reviewer-1785976349-4ae65650e46c,37.304,554.355
data-analyst-1785976349-61d787ee9b0d,37.339,327.741
deep-researcher-1785976349-fbeefe301ce9,37.421,270.105
wide-researcher-1785976349-289ddc91876e,37.440,201.784
reviewer-1785976349-d7a6e07dcd76,37.459,416.756
data-analyst-1785976349-ba9b14102f50,37.488,431.397
deep-researcher-1785976349-b3f736fccd76,37.512,142.996
wide-researcher-1785976350-5e230c861489,37.531,522.796
reviewer-1785976350-035b4ce6c8c4,37.543,527.662
data-analyst-1785976350-74cc7e3bff1f,37.572,535.566
deep-researcher-1785976350-a775a89b88e9,37.587,559.195
wide-researcher-1785976350-6b5c6703f3c3,37.605,206.380
reviewer-1785976350-69d3ead8c14f,37.618,466.493
data-analyst-1785976350-dee9032af5bb,37.676,303.671
deep-researcher-1785976350-e70dd19b48ed,37.690,566.285
wide-researcher-1785976350-1fd338864107,37.709,203.734
reviewer-1785976350-2dd4abc9eb8a,37.729,480.999
data-analyst-1785976350-441d77c43b71,37.767,307.572
deep-researcher-1785976350-b445a233ea60,37.785,204.053
wide-researcher-1785976350-a0dae182ee54,37.801,324.444
reviewer-1785976350-b7f3bb7a2219,37.875,419.963
data-analyst-1785976350-27912016560e,37.896,429.053
deep-researcher-1785976350-c3c4b3bb1011,37.913,129.625
wide-researcher-1785976350-f6e24d4bf542,37.949,416.118
reviewer-1785976350-66fda5850509,37.981,436.915
data-analyst-1785976350-8fe252b90d99,38.015,433.964
deep-researcher-1785976350-15c4f5316862,38.094,168.258
wide-researcher-1785976350-6ed796d1eda1,38.122,125.381
reviewer-1785976350-11a6ba6c5662,38.145,207.611
data-analyst-1785976350-a1f6c0eaaf4f,38.176,417.379
deep-researcher-1785976350-84b9ac7842af,38.203,658.734
wide-researcher-1785976350-5716ad700be2,38.229,418.096
reviewer-1785976350-edf5099dccda,38.245,635.020
data-analyst-1785976350-8713009c20c7,38.286,426.293
deep-researcher-1785976350-2b64ce9df020,38.299,126.351
wide-researcher-1785976350-5de0a7448a87,38.317,154.423
reviewer-1785976350-cd5d95a69f0d,38.334,547.389
data-analyst-1785976350-f1f783e99fad,38.383,416.631
deep-researcher-1785976350-8500f3dc21e8,38.395,213.518
wide-researcher-1785976350-2851c20ad701,38.413,305.476
reviewer-1785976350-8805e3395b50,38.433,595.770
data-analyst-1785976350-c75a8b7d78f3,38.459,346.956
deep-researcher-1785976350-1c75307cc1ab,38.486,326.423
wide-researcher-1785976350-d20a899d3886,38.501,420.742
reviewer-1785976351-adcd632a0ba5,38.523,670.742
data-analyst-1785976351-717c9d1b11f6,38.573,425.649
deep-researcher-1785976351-986228f01607,38.591,128.066
wide-researcher-1785976351-5933a5a0442d,38.604,550.754
reviewer-1785976351-30bcc4d65722,38.618,319.742
data-analyst-1785976334-d7f950f8ac41,38.661,210.514
data-analyst-1785976351-d077719d669e,38.683,322.670
deep-researcher-1785976351-15cd80c3f6fa,38.696,125.120
wide-researcher-1785976351-e717e33e2dda,38.713,303.491
reviewer-1785976351-b7161babf25f,38.727,507.836
data-analyst-1785976351-31ee9329933b,38.771,661.042
deep-researcher-1785976351-8e1dfaecbf46,38.809,124.625
wide-researcher-1785976351-1a847c3a5d5b,38.827,186.103
reviewer-1785976351-8f017ac5600e,38.845,542.594
data-analyst-1785976351-cdd6151b1aee,38.899,634.847
deep-researcher-1785976351-c0553a86b6e7,38.921,318.934
wide-researcher-1785976351-f37b423779ad,38.934,322.185
reviewer-1785976351-b77894849800,38.950,578.368
data-analyst-1785976351-9383b70ca99c,38.980,385.488
deep-researcher-1785976351-a7ce78d2c196,39.006,165.273
wide-researcher-1785976351-bb94ddbe3afc,39.021,302.729
data-analyst-1785976335-91a02cefc755,39.034,74.193
reviewer-1785976351-18c3d596bdba,39.051,326.405
data-analyst-1785976351-87a456c57508,39.085,419.904
deep-researcher-1785976351-2bd24dcaed53,39.102,451.541
wide-researcher-1785976351-411f309aa254,39.127,145.188
reviewer-1785976351-d72d754a8328,39.140,649.417
data-analyst-1785976351-a93c3926b15e,39.186,543.637
deep-researcher-1785976351-846e4ee8fdd3,39.218,311.894
wide-researcher-1785976351-dc3ace8e1535,39.246,396.013
reviewer-1785976351-768fc5a4ba4e,39.286,317.048
data-analyst-1785976351-ec7626cb123d,39.313,469.402
deep-researcher-1785976351-1eeb0ba6ae93,39.385,167.692
wide-researcher-1785976351-85e436ea8bfd,39.403,419.131
reviewer-1785976351-79b9369219dd,39.417,566.173
data-analyst-1785976351-1d8bb9b7eb17,39.465,538.064
deep-researcher-1785976351-cbc198cbccdd,39.489,86.778
wide-researcher-1785976351-ceabdc76381f,39.503,136.685
reviewer-1785976351-a9f50be206ac,39.525,306.293
data-analyst-1785976352-ae0a00b352ae,39.592,323.307
deep-researcher-1785976352-9dfc93414b3b,39.610,208.023
wide-researcher-1785976352-8588a4a11ba3,39.629,330.243
reviewer-1785976352-8c032f91627f,39.656,312.936
data-analyst-1785976352-d3d490cfe75b,39.695,589.577
deep-researcher-1785976352-d7443d5159c7,39.713,655.574
wide-researcher-1785976352-d35c4e29b9d9,39.732,274.743
reviewer-1785976352-778a2bb2541a,39.750,427.783
data-analyst-1785976352-d7f76e284c9a,39.791,534.935
deep-researcher-1785976352-f48cabd78976,39.807,202.012
wide-researcher-1785976352-20886307cb8f,39.837,136.130
reviewer-1785976352-d289dd84b42c,39.856,550.186
data-analyst-1785976352-0ab503188e19,39.885,450.075
deep-researcher-1785976352-99b451eaecb0,39.899,224.512
wide-researcher-1785976352-8a3bcb92c469,39.913,310.570
reviewer-1785976352-1271b198635c,39.927,568.212
data-analyst-1785976352-0abcf82c74b2,39.965,426.618
deep-researcher-1785976352-fd256a67d0fb,40.004,178.885
wide-researcher-1785976352-460bf001b8e4,40.019,129.173
reviewer-1785976352-b20fb771b135,40.033,422.802
data-analyst-1785976352-7c65985e01c3,40.086,456.092
deep-researcher-1785976352-18a05a851a29,40.109,439.788
wide-researcher-1785976352-300a762d6d3a,40.124,166.159
reviewer-1785976352-398850cc3f60,40.139,647.052
data-analyst-1785976352-d28c6f11e937,40.190,680.230
deep-researcher-1785976352-989286a482b9,40.204,126.421
wide-researcher-1785976352-85c24fddecae,40.224,129.076
reviewer-1785976352-cf0c8aaeb805,40.244,536.498
data-analyst-1785976352-a2fad819fae1,40.320,533.989
deep-researcher-1785976352-d8ecaafcb6e2,40.335,259.689
wide-researcher-1785976352-a08d5820a76e,40.363,432.847
reviewer-1785976352-61a58f291455,40.431,440.333
data-analyst-1785976352-6993fc57df49,40.467,422.154
deep-researcher-1785976352-8966cc89044b,40.489,590.741
data-analyst-1785976337-fbc0fe668c4c,40.507,74.104
wide-researcher-1785976352-27dc73fa5fcd,40.511,127.169
reviewer-1785976353-ae3d6db78e8c,40.535,652.478
data-analyst-1785976353-32bfe763da04,40.562,559.876
deep-researcher-1785976353-f3551e836032,40.575,315.158
wide-researcher-1785976353-029ee275c5e5,40.594,236.922
data-analyst-1785976337-bee77d046cda,40.611,80.410
reviewer-1785976353-2943c0ce9d34,40.633,551.825
data-analyst-1785976353-db20bcabb5e2,40.662,428.992
deep-researcher-1785976353-86883cd9ab8f,40.693,305.420
wide-researcher-1785976353-a27999514daf,40.726,522.882
data-analyst-1785976335-266ee2bfd75d,40.739,85.593
reviewer-1785976353-edcc195dda52,40.755,651.001
data-analyst-1785976353-125a404c1084,40.791,317.205
deep-researcher-1785976353-66ea384af528,40.802,128.889
wide-researcher-1785976353-bd0b754802fc,40.850,445.707
reviewer-1785976353-dee0a2348b17,40.893,638.706
data-analyst-1785976353-b2bd53e4c56b,40.917,531.675
deep-researcher-1785976353-a6e51a3c37fe,40.940,442.980
wide-researcher-1785976353-d1d0e20e3081,40.970,411.327
data-analyst-1785976337-839be10f4954,40.975,83.157
reviewer-1785976353-e42e59f8ef63,40.996,547.330
data-analyst-1785976333-9990ad1f602a,41.025,88.998
data-analyst-1785976353-775d660e21bf,41.039,349.539
deep-researcher-1785976353-f6f3723af7e4,41.054,129.154
wide-researcher-1785976353-77ac1206a425,41.097,127.876
reviewer-1785976353-ece705bcbbaf,41.142,422.635
data-analyst-1785976353-88e2274e40a0,41.182,535.535
deep-researcher-1785976353-1add03b68c89,41.197,207.925
wide-researcher-1785976353-fb4988367732,41.211,139.504
reviewer-1785976353-d2b049f18a82,41.249,442.420
data-analyst-1785976353-8d85c7477056,41.278,488.592
deep-researcher-1785976353-fcd5cba90584,41.298,125.183
wide-researcher-1785976353-78182dc3ce5d,41.309,143.213
reviewer-1785976353-ad4bc6070989,41.331,313.248
data-analyst-1785976353-7c4a40ec269f,41.362,654.023
deep-researcher-1785976353-3e9859b5a377,41.376,202.433
wide-researcher-1785976353-73e9675facbf,41.396,149.979
reviewer-1785976353-ff5bbe793724,41.417,418.512
data-analyst-1785976353-b996910ae8f2,41.446,645.540
deep-researcher-1785976353-a7df18987f9d,41.460,128.462
wide-researcher-1785976353-6090b0de4596,41.479,133.614
reviewer-1785976353-65e1e6c9877b,41.515,591.467
data-analyst-1785976354-7e5ea79bc0a8,41.546,315.064
deep-researcher-1785976354-b3080df19135,41.560,551.114
wide-researcher-1785976354-b90c94627bd3,41.578,535.646
reviewer-1785976354-604a6b861357,41.593,543.108
data-analyst-1785976354-606255135c20,41.627,332.390
deep-researcher-1785976354-5ddc271beea1,41.642,210.406
wide-researcher-1785976354-a2e898101c01,41.659,319.973
data-analyst-1785976338-b9a38ee87f62,41.664,79.459
reviewer-1785976354-4d2eb9633512,41.674,309.878
data-analyst-1785976354-84d54bd36e5a,41.703,639.030
deep-researcher-1785976354-34eb6cf87292,41.717,552.907
wide-researcher-1785976354-7fa9e5471b05,41.736,128.497
reviewer-1785976354-5334a22015eb,41.765,335.555
data-analyst-1785976354-5a86b368572c,41.840,313.594
deep-researcher-1785976354-dcc3bbfbcabb,41.865,182.512
data-analyst-1785976338-b0eebd37c81b,41.874,75.638
wide-researcher-1785976354-77d24116ab0f,41.884,310.787
reviewer-1785976354-41aee25fad3d,41.938,552.833
data-analyst-1785976354-01f46884965b,41.977,436.510
deep-researcher-1785976354-30975dc5245a,42.000,425.971
wide-researcher-1785976354-dcd95b06b8ca,42.020,437.117
reviewer-1785976354-9fccacdaa35a,42.044,423.792
data-analyst-1785976354-7921cfd71aec,42.075,387.586
deep-researcher-1785976354-6ae798b3eb41,42.089,650.633
wide-researcher-1785976354-933f40fedd18,42.108,182.692
reviewer-1785976354-328c0dd8c79a,42.126,344.262
data-analyst-1785976354-bdfda577ebc6,42.164,446.062
deep-researcher-1785976354-611e2e0e7a04,42.197,426.985
wide-researcher-1785976354-bdca25e1c23a,42.210,201.799
reviewer-1785976354-9cfc9a4a9bf7,42.239,477.673
data-analyst-1785976354-8a010472c4ba,42.273,319.926
deep-researcher-1785976354-739449fc998e,42.297,203.791
wide-researcher-1785976354-01d0e85d471d,42.311,325.134
reviewer-1785976354-ad6b04ef3b3d,42.334,532.962
data-analyst-1785976354-d150ddcd3781,42.412,331.290
deep-researcher-1785976354-b59c40b5a312,42.425,204.830
wide-researcher-1785976354-d55545801ab7,42.445,441.616
reviewer-1785976354-d0b7150d2ab5,42.486,531.600
data-analyst-1785976337-b3b6bfb0b89d,42.511,75.077
data-analyst-1785976354-d74ec0ea03cd,42.521,542.244
deep-researcher-1785976354-5c7ebaf41385,42.548,244.036
wide-researcher-1785976355-05efc4b6be5a,42.569,429.546
reviewer-1785976355-967248dd453d,42.600,423.774
data-analyst-1785976355-99c2e329ea1e,42.648,559.746
deep-researcher-1785976355-2121aff3ebfe,42.666,431.805
wide-researcher-1785976355-7abd6584b3ae,42.690,206.152
reviewer-1785976355-724ec50919af,42.725,537.950
data-analyst-1785976337-2a3105a84344,42.739,71.050
data-analyst-1785976355-eb6d7851e0ca,42.757,335.265
data-analyst-1785976337-bc76b1f4dbb7,42.762,70.163
deep-researcher-1785976355-f71cecf4ded3,42.798,535.003
wide-researcher-1785976355-2855b2e7208b,42.817,554.415
reviewer-1785976355-104a0521d383,42.832,549.590
data-analyst-1785976355-43e3edba89ce,42.876,539.646
deep-researcher-1785976355-8278a8ae1afa,42.890,127.402
wide-researcher-1785976355-8e1882e7086a,42.913,305.817
reviewer-1785976355-402254722279,42.928,421.490
data-analyst-1785976355-f95ed5fe5c45,42.959,309.342
deep-researcher-1785976355-6c4a4a9e6a2c,42.973,231.146
data-analyst-1785976337-3bda983d86b9,42.998,77.408
data-analyst-1785976336-1e1fdbbf0087,43.015,70.922
wide-researcher-1785976355-6dc03bdc90e1,43.019,203.540
data-analyst-1785976335-1ec0ea151078,43.036,43.036
reviewer-1785976355-2d28e4938f2d,43.044,636.284
data-analyst-1785976337-0d6cbd015fe1,43.052,72.206
data-analyst-1785976355-22247454df51,43.070,429.664
deep-researcher-1785976355-1e6fb814e612,43.095,535.272
wide-researcher-1785976355-086b17301326,43.113,272.709
reviewer-1785976355-da713ea660e4,43.126,436.881
data-analyst-1785976332-a53f3e122e25,43.138,43.139
data-analyst-1785976355-a986b8dfb9ea,43.157,243.814
deep-researcher-1785976355-2029ccd3e29e,43.169,174.058
wide-researcher-1785976355-557cfc998e91,43.190,134.914
reviewer-1785976355-927ba1a00ccd,43.203,430.739
data-analyst-1785976336-f3c5df50e7e3,43.204,201.764
data-analyst-1785976355-d07decb022c3,43.252,429.296
data-analyst-1785976336-f3bd2762d540,43.252,71.512
deep-researcher-1785976355-c02a955ff47c,43.268,124.553
wide-researcher-1785976355-87fe79c5d23b,43.289,239.862
reviewer-1785976355-e6a464799e68,43.343,420.104
data-analyst-1785976355-fc9706b3b1ff,43.391,441.875
deep-researcher-1785976355-f43b077ce0cf,43.412,542.443
wide-researcher-1785976355-3d97944c41c1,43.436,522.627
reviewer-1785976355-aee4bab18c62,43.455,545.973
data-analyst-1785976355-19a38c3c3340,43.489,667.559
deep-researcher-1785976355-c5bc0b686fa1,43.527,152.761
wide-researcher-1785976356-bf016b5fd0bf,43.558,248.541
reviewer-1785976356-ab2fd9b54a9e,43.571,306.697
data-analyst-1785976335-e132a57fb0ff,43.575,73.294
data-analyst-1785976356-c502bb8dcdd0,43.601,352.061
deep-researcher-1785976356-0338a6d90545,43.642,549.189
wide-researcher-1785976356-c7aec300092a,43.655,323.153
reviewer-1785976356-e80a338904e6,43.674,514.508
data-analyst-1785976335-6b0a6323448d,43.693,73.739
data-analyst-1785976356-a4d601985c1a,43.711,240.143
deep-researcher-1785976356-2d6c90963dda,43.745,653.241
wide-researcher-1785976356-d01060462cab,43.758,127.227
reviewer-1785976356-3bfa7ad31fb9,43.779,390.440
data-analyst-1785976356-aed80606f967,43.808,306.570
deep-researcher-1785976356-3decdd4f7885,43.825,441.458
wide-researcher-1785976356-62a7171894a2,43.928,339.139
reviewer-1785976356-ff73cdb47611,43.940,459.716
data-analyst-1785976356-aed796694a9a,43.986,419.299
deep-researcher-1785976356-cbaa2e5724f7,44.000,426.107
wide-researcher-1785976356-8bdf617d0af7,44.012,531.510
reviewer-1785976356-c24a6c47b8ec,44.030,543.622
data-analyst-1785976356-39d238c629f5,44.062,374.653
deep-researcher-1785976356-89b0797b057a,44.080,582.022
wide-researcher-1785976356-e3c2d5ba6384,44.113,201.508
reviewer-1785976356-e9a5a3c01756,44.129,322.881
data-analyst-1785976356-7b31768537b8,44.159,609.547
deep-researcher-1785976356-1674cad2afe8,44.178,127.794
wide-researcher-1785976356-3b82777e50a5,44.203,272.341
reviewer-1785976356-98753d94e5ed,44.225,532.764
data-analyst-1785976356-31a7780fa68e,44.250,420.442
deep-researcher-1785976356-284071898c6f,44.271,114.150
wide-researcher-1785976356-3abd305f718b,44.297,545.671
reviewer-1785976356-f3440ad996f1,44.328,566.456
data-analyst-1785976356-d69aa864d856,44.398,321.321
deep-researcher-1785976356-ad460ba3639d,44.424,160.137
wide-researcher-1785976356-e09bd5e8ef09,44.442,141.568
reviewer-1785976356-ef7141e8511b,44.454,531.917
data-analyst-1785976356-57e4788e2a20,44.484,655.335
data-analyst-1785976340-2b2c81cc1603,44.492,88.496
deep-researcher-1785976356-471ed484e4d8,44.530,126.751
wide-researcher-1785976357-d21d3a6f8af8,44.549,125.966
reviewer-1785976357-a6b09ccf8abb,44.591,553.072
data-analyst-1785976340-6346d253ca2a,44.595,71.649
data-analyst-1785976357-44f458c81b3c,44.629,537.410
deep-researcher-1785976357-445afe8abbd6,44.643,128.832
wide-researcher-1785976357-be50ec1d2f99,44.666,126.605
reviewer-1785976357-2203397d153a,44.684,540.465
data-analyst-1785976357-328b2ae8f526,44.711,316.823
deep-researcher-1785976357-715cfefcce1b,44.724,177.233
wide-researcher-1785976357-6b9888e59a91,44.747,425.496
reviewer-1785976357-2e654f48755d,44.778,650.200
data-analyst-1785976357-766a91fade9f,44.828,538.483
deep-researcher-1785976357-dc345f49458b,44.851,126.905
wide-researcher-1785976357-fff775c2f8ac,44.865,183.541
reviewer-1785976357-99acae00096b,44.877,415.177
data-analyst-1785976357-a422f2d242d8,44.926,432.784
deep-researcher-1785976357-c0f3afd72114,44.947,469.802
wide-researcher-1785976357-107d2ee93ea3,44.974,307.810
reviewer-1785976357-2e1cf5d34f07,44.987,545.197
data-analyst-1785976357-40e78d290871,45.040,210.649
deep-researcher-1785976357-d9bbcc3fc75c,45.066,126.890
wide-researcher-1785976357-717ff7c9d89a,45.079,416.133
reviewer-1785976357-981e8b3dab0f,45.091,541.856
data-analyst-1785976332-bc87a8e51ab0,45.142,45.142
data-analyst-1785976357-68a0953a51cb,45.150,322.942
deep-researcher-1785976357-2efb56f3414c,45.163,205.537
wide-researcher-1785976357-0c05f2efc606,45.184,208.850
reviewer-1785976357-0599264312f1,45.198,575.742
data-analyst-1785976357-28191530f0a9,45.255,424.679
deep-researcher-1785976357-2d6476dc79ed,45.287,172.175
wide-researcher-1785976357-c3c6a37a72e8,45.300,199.607
reviewer-1785976357-1da42ebb27c8,45.323,642.779
data-analyst-1785976336-f10f0885f2fe,45.339,45.340
data-analyst-1785976341-8c28fcf4234c,45.411,81.259
data-analyst-1785976341-41fadcb3e15b,45.423,72.423
data-analyst-1785976357-814241c2264d,45.439,415.075
deep-researcher-1785976357-0f326d78af58,45.456,543.434
wide-researcher-1785976357-9a4ac8d99f60,45.468,439.601
reviewer-1785976357-bb33c5d83c3a,45.494,548.628
data-analyst-1785976358-d4ea6dd7a60a,45.517,316.999
deep-researcher-1785976358-6a969a0baf12,45.539,199.873
data-analyst-1785976338-7e21b24fdbea,45.543,81.985
wide-researcher-1785976358-3b5b920c09b3,45.551,328.585
data-analyst-1785976335-d56079af8a8c,45.563,45.564
reviewer-1785976358-b325ed4d8beb,45.572,580.900
data-analyst-1785976358-958059dfbcd1,45.615,314.103
deep-researcher-1785976358-06babd44e0df,45.627,142.453
wide-researcher-1785976358-91755b37de7c,45.645,539.900
reviewer-1785976358-d794e49645e9,45.659,540.664
data-analyst-1785976358-e0be0b0354cd,45.685,558.560
deep-researcher-1785976358-37a368b8b56e,45.702,132.320
wide-researcher-1785976358-d4922e362c61,45.718,206.306
reviewer-1785976358-dfdb06d4df60,45.739,306.633
data-analyst-1785976358-99fb3565275d,45.780,443.092
deep-researcher-1785976358-24204f0073a9,45.818,304.975
wide-researcher-1785976358-202f3048fdbc,45.840,280.967
reviewer-1785976358-25ee7248f2ce,45.853,415.328
data-analyst-1785976358-4b33e8b9b3cf,45.880,643.003
deep-researcher-1785976358-de6acca9e0f0,45.899,199.922
wide-researcher-1785976358-4d5380dd1da9,45.917,168.314
data-analyst-1785976334-7df1386724b5,45.925,45.926
reviewer-1785976358-56c125f8dd7d,45.952,543.201
data-analyst-1785976358-abdecfb025e9,45.975,547.285
deep-researcher-1785976358-388e50d7928b,45.996,124.821
wide-researcher-1785976358-0485f7cfa9f7,46.018,513.980
reviewer-1785976358-13533203fbf9,46.038,542.274
data-analyst-1785976358-02d65430ac8b,46.065,440.743
deep-researcher-1785976358-4ba62bd918e4,46.092,437.594
wide-researcher-1785976358-e77da0b055d0,46.105,341.573
reviewer-1785976358-0b76d4ef14c2,46.117,430.257
data-analyst-1785976358-b119f7fe8d64,46.145,612.295
deep-researcher-1785976358-5e98cab39b84,46.160,203.180
wide-researcher-1785976358-fd71aa102a75,46.181,280.717
reviewer-1785976358-6b9f2bb63fb7,46.194,422.941
data-analyst-1785976358-eff93322ce3e,46.224,434.085
deep-researcher-1785976358-29f572a14c4a,46.238,129.460
wide-researcher-1785976358-8f199181f2d0,46.258,153.148
reviewer-1785976358-601ff173b6de,46.300,634.581
data-analyst-1785976335-9570a5eb80f1,46.305,46.305
data-analyst-1785976358-afbd36053a2c,46.339,443.141
deep-researcher-1785976358-1693875fb508,46.362,304.879
data-analyst-1785976336-d5b1d0d1a1b2,46.371,46.371
wide-researcher-1785976358-5817a42a1a19,46.375,426.603
reviewer-1785976358-2af0752892e9,46.392,503.632
data-analyst-1785976358-0396f502459c,46.429,422.838
deep-researcher-1785976358-7186fcdee44f,46.458,420.022
wide-researcher-1785976358-b5677a54909f,46.491,320.443
reviewer-1785976358-0fefbe8728e6,46.509,429.118
data-analyst-1785976358-18d72147b9e2,46.558,433.865
deep-researcher-1785976359-2b7c6244d268,46.581,430.162
wide-researcher-1785976359-3b2168d6c18a,46.605,126.513
reviewer-1785976359-afe16913c1ba,46.618,544.100
data-analyst-1785976359-9be27724032e,46.670,553.353
deep-researcher-1785976359-0ef140372310,46.697,522.333
wide-researcher-1785976359-aa166cb94357,46.713,316.077
reviewer-1785976359-dc650165d39e,46.725,588.319
data-analyst-1785976359-724107b33016,46.765,354.758
deep-researcher-1785976359-f01f10a9e064,46.778,128.790
data-analyst-1785976342-3462cd50a1bc,46.786,127.600
wide-researcher-1785976359-259d2b20d397,46.799,561.012
reviewer-1785976359-b70f72fbab30,46.811,549.277
data-analyst-1785976359-5e70e35165c9,46.840,439.617
deep-researcher-1785976359-fc475a3a92a3,46.891,140.934
wide-researcher-1785976359-0fba3da5fdda,46.925,152.507
reviewer-1785976359-d1d9eefca95a,46.947,442.172
data-analyst-1785976359-79d634dd09d5,47.005,415.312
deep-researcher-1785976359-d97b674bf913,47.017,305.080
wide-researcher-1785976359-fdedf038f945,47.030,207.362
reviewer-1785976359-b708e7ddb6b4,47.052,424.250
data-analyst-1785976359-0f857bb29d77,47.085,649.104
data-analyst-1785976342-9cc59c762857,47.089,70.401
deep-researcher-1785976359-ee2d66f5d7da,47.101,248.430
data-analyst-1785976342-72275596f069,47.101,75.281
data-analyst-1785976342-c753ea06f71e,47.117,79.132
wide-researcher-1785976359-5a5c9b7fba0b,47.162,200.244
reviewer-1785976359-f54f5289dd83,47.174,641.008
data-analyst-1785976340-874ad8e108cd,47.228,71.729
data-analyst-1785976335-c8668ea56aa9,47.244,47.245
data-analyst-1785976359-d9d26f85e163,47.253,433.893
data-analyst-1785976333-003740bc0334,47.261,47.262
data-analyst-1785976335-5a5c0f685f3d,47.274,47.275
deep-researcher-1785976359-4027db03e6b0,47.287,231.974
wide-researcher-1785976359-b606c5d3ad41,47.299,142.618
reviewer-1785976359-7ec89690db03,47.320,550.401
data-analyst-1785976359-83922e6d97ea,47.349,551.887
deep-researcher-1785976359-4af08ba8954e,47.368,303.577
data-analyst-1785976338-284f3869f227,47.385,47.386
wide-researcher-1785976359-1f15ce65538d,47.394,139.474
reviewer-1785976359-ad15c2eccf00,47.420,430.789
data-analyst-1785976359-bc3570edafec,47.455,423.292
deep-researcher-1785976359-b4768532e2ab,47.469,150.931
wide-researcher-1785976359-fef5d324b329,47.487,457.105
reviewer-1785976359-e15d005f57e7,47.510,570.248
data-analyst-1785976337-33fa4debd4d7,47.548,47.549
data-analyst-1785976360-ba72dd5ca527,47.549,535.820
deep-researcher-1785976360-45b6a039d484,47.600,650.049
wide-researcher-1785976360-c81d15643151,47.624,128.756
reviewer-1785976360-7fbe60b7cd0f,47.657,362.214
data-analyst-1785976360-145ee075c154,47.693,549.023
deep-researcher-1785976360-c24d4fb13f9f,47.713,426.028
wide-researcher-1785976360-22f60ffb5b10,47.726,436.753
reviewer-1785976360-a58fa11f0663,47.767,586.859
data-analyst-1785976360-f22cfe91acea,47.797,651.041
deep-researcher-1785976360-4230e7f1932d,47.819,361.921
data-analyst-1785976342-6b36bd7b34fe,47.832,127.507
wide-researcher-1785976360-d1de7db09d05,47.840,137.902
data-analyst-1785976342-bd367c197d00,47.848,90.367
reviewer-1785976360-09a7de99140d,47.857,435.310
data-analyst-1785976336-bf2c70b2b066,47.882,47.882
data-analyst-1785976360-4a8c69d09519,47.905,439.963
deep-researcher-1785976360-0465395832a4,47.971,436.847
wide-researcher-1785976360-a1b1fe063d76,48.016,125.913
reviewer-1785976360-00fb541b9645,48.028,307.736
data-analyst-1785976360-ce41990457ec,48.070,560.593
deep-researcher-1785976360-95b8e4b03488,48.092,431.347
wide-researcher-1785976360-2ce6af0a38c4,48.119,319.679
reviewer-1785976360-2160c27a5cec,48.131,655.500
data-analyst-1785976360-34244c299bcc,48.160,310.254
deep-researcher-1785976360-01a4fc16be62,48.178,303.993
wide-researcher-1785976360-b814237b0c40,48.201,204.467
reviewer-1785976360-5741d0315152,48.228,308.096
data-analyst-1785976360-bbb34d0bcd11,48.256,418.223
deep-researcher-1785976360-d353aa1b6d93,48.278,211.984
wide-researcher-1785976360-1801d7517050,48.304,162.822
reviewer-1785976360-d8b4100cdbfd,48.317,621.813
data-analyst-1785976360-b76bad5b589c,48.355,324.180
deep-researcher-1785976360-0a3c06ce0b4b,48.383,556.893
wide-researcher-1785976360-c87c00a8f32c,48.402,121.538
reviewer-1785976360-38cdd4ff2617,48.435,420.610
data-analyst-1785976360-4b1477d30705,48.465,454.756
deep-researcher-1785976360-a9c0ecef2242,48.514,133.917
wide-researcher-1785976360-a767d3ae172f,48.529,126.814
reviewer-1785976361-892edc74d21c,48.543,429.747
data-analyst-1785976361-ca7054dd6f89,48.574,307.822
deep-researcher-1785976361-ddc22fe8c34e,48.598,314.322
wide-researcher-1785976361-ff21ee138faa,48.612,321.487
reviewer-1785976361-a9e60fa2d1b0,48.628,533.548
data-analyst-1785976361-f95ac2eb9c61,48.667,319.693
deep-researcher-1785976361-95be670e3ad1,48.681,663.602
wide-researcher-1785976361-fbfa41c0c709,48.695,569.864
reviewer-1785976361-b4754938e44d,48.710,534.629
data-analyst-1785976361-fbbf124788e7,48.765,380.576
deep-researcher-1785976361-e4c365a55204,48.795,127.359
wide-researcher-1785976361-fbf8bc7ce92c,48.809,168.975
reviewer-1785976361-c1077833ae5b,48.832,445.911
data-analyst-1785976361-6c734c5eb374,48.862,342.641
deep-researcher-1785976361-b6bbfc91415e,48.941,231.959
wide-researcher-1785976361-6a29a25c4056,48.970,202.691
reviewer-1785976361-4f705573db98,48.994,311.265
data-analyst-1785976336-a4f3dd10f192,49.007,49.007
data-analyst-1785976361-e6e2ae6474e0,49.024,535.664
deep-researcher-1785976361-313748553b6e,49.042,134.498
wide-researcher-1785976361-46b029302ece,49.064,480.445
reviewer-1785976361-a8f6180ee62c,49.078,482.175
data-analyst-1785976361-16d72cdfea84,49.118,647.436
deep-researcher-1785976361-d52bfef224af,49.142,451.305
wide-researcher-1785976361-69f39addb8ad,49.168,548.406
reviewer-1785976361-0067b362ae73,49.186,563.882
data-analyst-1785976339-62742144d8bd,49.195,73.756
data-analyst-1785976361-f12db3597e24,49.220,591.073
deep-researcher-1785976361-c66d7379144c,49.233,200.171
data-analyst-1785976333-7d3205a9e879,49.255,49.255
wide-researcher-1785976361-f4590e9aaf8d,49.259,426.951
reviewer-1785976361-d4ee3b41e748,49.285,481.355
data-analyst-1785976361-800eff161694,49.316,542.227
deep-researcher-1785976361-9c39d7cb4681,49.333,661.784
wide-researcher-1785976361-c9fe5c42aac9,49.372,145.541
reviewer-1785976361-e9bd46db2f27,49.405,428.705
data-analyst-1785976361-c563c4ad0e3a,49.446,424.099
deep-researcher-1785976361-950f61902ca6,49.482,567.881
wide-researcher-1785976361-805aa0299262,49.504,534.885
reviewer-1785976361-97ede500618d,49.534,442.263
data-analyst-1785976362-3642daa974bf,49.572,326.569
deep-researcher-1785976362-08a2094625d7,49.585,679.217
wide-researcher-1785976362-c7f7169b61a2,49.601,200.124
reviewer-1785976362-ca78d0233fc8,49.630,434.791
data-analyst-1785976362-45a966f061e3,49.672,310.978
deep-researcher-1785976362-10d9e5b072ba,49.708,554.559
wide-researcher-1785976362-31d2054ac595,49.731,572.494
reviewer-1785976362-118a7328c631,49.750,431.836
data-analyst-1785976362-8361e4081691,49.783,538.970
deep-researcher-1785976362-e18c6f08aefe,49.806,559.061
wide-researcher-1785976362-a020213a87f3,49.824,211.847
reviewer-1785976362-b343c6d590b6,49.837,429.151
data-analyst-1785976362-4d045e74cdb9,49.867,324.359
deep-researcher-1785976362-2845e10e9236,49.898,659.984
wide-researcher-1785976362-4ccbf41dad3e,49.915,204.572
reviewer-1785976362-3d5ac6736408,49.945,432.507
data-analyst-1785976362-f09d66b9ca6f,49.981,533.143
deep-researcher-1785976362-547d63d2cc7f,50.009,564.189
wide-researcher-1785976362-4a2e7284882a,50.027,164.847
reviewer-1785976362-e6b2b8c71c61,50.039,420.391
data-analyst-1785976362-d1f267d53ef8,50.070,420.244
deep-researcher-1785976362-c9605f5f478e,50.087,194.018
wide-researcher-1785976362-11c2843da034,50.108,524.333
reviewer-1785976362-7c141674f9b4,50.122,635.481
data-analyst-1785976362-ab0311c5af15,50.153,566.372
deep-researcher-1785976362-05d63901b17e,50.179,144.052
data-analyst-1785976337-17f0032a922f,50.195,72.222
wide-researcher-1785976362-ee09e23fc2bb,50.204,453.111
reviewer-1785976362-0bcb10602af3,50.243,352.291
data-analyst-1785976362-69311d96cf86,50.296,535.728
data-analyst-1785976337-5e54a948c8a6,50.310,50.310
deep-researcher-1785976362-b88d8ed4448b,50.314,676.843
data-analyst-1785976337-5754c8300241,50.327,70.306
wide-researcher-1785976362-fcbe74b34cba,50.343,501.604
reviewer-1785976362-373f654010c1,50.362,542.564
data-analyst-1785976362-5773eb8ebe4d,50.398,369.674
deep-researcher-1785976362-34abdd171005,50.445,160.448
wide-researcher-1785976362-2b9394e37859,50.473,160.338
reviewer-1785976362-e93af01e2769,50.495,433.439
data-analyst-1785976362-5996f33c64b7,50.533,552.381
deep-researcher-1785976363-de3e51a563bd,50.545,366.358
wide-researcher-1785976363-4508c7723d43,50.572,133.871
reviewer-1785976363-3e13fc564178,50.623,540.584
data-analyst-1785976363-d2d6ddc27c60,50.689,420.277
deep-researcher-1785976363-bc19a86c9221,50.702,174.915
wide-researcher-1785976363-55134576a02e,50.728,175.815
reviewer-1785976363-afde52bd7bc6,50.740,682.556
data-analyst-1785976363-be5f5af99f13,50.770,533.115
deep-researcher-1785976363-93888569137d,50.795,461.154
wide-researcher-1785976363-55a937856ed8,50.807,324.684
reviewer-1785976363-c1740eac8476,50.834,342.522
data-analyst-1785976363-9ebe23cf2c47,50.879,319.364
deep-researcher-1785976363-615f6a7590f6,50.898,548.341
wide-researcher-1785976363-0faec25e77f6,50.920,304.344
reviewer-1785976363-2dd624e8579a,50.954,563.120
data-analyst-1785976337-3a0b8726f6ec,50.983,50.984
data-analyst-1785976363-cfd90d779c0f,50.992,531.856
deep-researcher-1785976363-18b0febc14f4,51.042,309.701
wide-researcher-1785976363-de3c968c9f0c,51.058,211.560
data-analyst-1785976344-f200a50545cc,51.075,156.270
reviewer-1785976363-aec43addbbc6,51.080,537.617
data-analyst-1785976363-37e8d98d6310,51.114,424.602
deep-researcher-1785976363-d0f7f3ad6dc3,51.139,316.176
wide-researcher-1785976363-b16e85fc27b4,51.152,509.646
reviewer-1785976363-d5b5b15eae7d,51.164,654.750
data-analyst-1785976363-13d836e2991d,51.215,417.568
deep-researcher-1785976363-739deb35c222,51.229,540.541
wide-researcher-1785976363-7a0f279ed36a,51.246,187.559
reviewer-1785976363-9d9f2312f760,51.258,533.159
data-analyst-1785976363-2367f4e3152d,51.321,326.896
deep-researcher-1785976363-847f1c77438a,51.336,127.645
wide-researcher-1785976363-0af97fa58b1f,51.352,322.257
reviewer-1785976363-807422b1e823,51.364,535.902
data-analyst-1785976363-d8314f32761c,51.401,383.294
data-analyst-1785976340-48ba8a01fff1,51.435,151.251
deep-researcher-1785976363-220b939d203b,51.450,202.251
wide-researcher-1785976363-77123e8bed94,51.471,541.822
reviewer-1785976363-e9df5e0ceaf9,51.487,335.325
data-analyst-1785976363-69758b8429ed,51.518,404.767
deep-researcher-1785976364-c9647343d16b,51.539,146.756
wide-researcher-1785976364-a3314e738e95,51.556,126.945
reviewer-1785976364-bc4f2afa0780,51.568,553.529
data-analyst-1785976340-841b7fd3d802,51.569,135.853
data-analyst-1785976364-f91a3f8b2ed7,51.622,418.700
deep-researcher-1785976364-4a044aef60df,51.634,133.665
wide-researcher-1785976364-b343c14deffc,51.646,257.753
reviewer-1785976364-0ae6b66c1f92,51.669,689.198
data-analyst-1785976364-5a580a139c49,51.710,553.464
deep-researcher-1785976364-5871913dc9e5,51.754,542.777
wide-researcher-1785976364-ccf0ab1eabd1,51.771,198.265
reviewer-1785976364-4217f438d8f5,51.803,315.550
data-analyst-1785976364-f5f3aadb23a6,51.834,309.894
deep-researcher-1785976364-b458207ef69a,51.866,336.716
wide-researcher-1785976364-a075fae1c45d,51.903,201.814
reviewer-1785976364-64751e406a96,51.954,551.030
data-analyst-1785976364-82284c0a82a4,51.988,433.139
data-analyst-1785976342-dc9698edfad9,51.997,70.146
deep-researcher-1785976364-9bc8ef3717f2,52.015,207.244
wide-researcher-1785976364-6dc8fa6077ac,52.050,201.946
reviewer-1785976364-45977eb71499,52.071,422.445
data-analyst-1785976364-ea26e2eb57b4,52.131,442.772
deep-researcher-1785976364-599e66b4b227,52.160,209.343
data-analyst-1785976336-5418ccf0798e,52.171,52.172
wide-researcher-1785976364-703b832b3f51,52.189,225.247
reviewer-1785976364-654cc965cabd,52.201,614.326
data-analyst-1785976364-cfc03a79b2eb,52.240,435.467
deep-researcher-1785976364-aa72a960822e,52.256,164.149
wide-researcher-1785976364-ecc175f277f8,52.281,124.573
data-analyst-1785976336-e67e777912ba,52.294,52.294
reviewer-1785976364-678f82b88cc1,52.306,452.926
data-analyst-1785976364-c65b7d5249ff,52.349,555.045
deep-researcher-1785976364-215cead5ebef,52.393,125.743
wide-researcher-1785976364-88ccedf303e5,52.412,210.137
reviewer-1785976364-648259bc6164,52.463,415.279
data-analyst-1785976334-6f4d0214dbc9,52.463,78.492
data-analyst-1785976364-013982c499eb,52.502,321.232
deep-researcher-1785976364-fa7b3e949cf9,52.524,418.532
wide-researcher-1785976364-a75a5f399faf,52.553,427.680
reviewer-1785976365-58034012f34a,52.571,437.518
data-analyst-1785976365-7a8835c60cfd,52.624,442.061
deep-researcher-1785976365-5cf52cca57fd,52.653,641.077
wide-researcher-1785976365-612abc070f02,52.671,437.790
reviewer-1785976365-908f7c0e6594,52.684,442.450
data-analyst-1785976335-1fa3945d0868,52.705,52.706
data-analyst-1785976365-fce965913075,52.718,330.616
data-analyst-1785976338-6a85239efb2b,52.719,52.723
deep-researcher-1785976365-5b3ebf3542d7,52.741,161.389
wide-researcher-1785976365-eb7eeed23697,52.760,325.249
reviewer-1785976365-f6b4c018584b,52.779,414.627
data-analyst-1785976365-11ae6e334d58,52.807,545.731
deep-researcher-1785976365-1c3af068e858,52.829,569.366
wide-researcher-1785976365-d788f2677898,52.852,312.598
reviewer-1785976365-5fa5d4b12d35,52.865,570.928
data-analyst-1785976365-fbde818570e1,52.893,415.729
deep-researcher-1785976365-ca79938012a5,52.979,406.087
wide-researcher-1785976365-f0f80124c09c,53.005,322.088
reviewer-1785976365-85b9ff9fac28,53.033,432.733
data-analyst-1785976365-73248e62a003,53.062,475.676
deep-researcher-1785976365-6c74dc94f391,53.077,666.423
wide-researcher-1785976365-3ddc3dfaa948,53.096,570.294
data-analyst-1785976338-fdfa65299428,53.122,53.122
reviewer-1785976365-fb0d9b789a5d,53.122,437.324
data-analyst-1785976338-03ff1aefcc8e,53.143,53.143
data-analyst-1785976365-a4b99d847212,53.155,457.781
deep-researcher-1785976365-ef10f42a29db,53.173,562.025
wide-researcher-1785976365-61397c994048,53.186,205.862
reviewer-1785976365-7a8b92c1588d,53.243,556.556
data-analyst-1785976340-8cf32621c46f,53.251,70.239
data-analyst-1785976365-82b6988468ad,53.277,648.247
deep-researcher-1785976365-6a95601a12a5,53.312,129.537
wide-researcher-1785976365-1ed2084c36aa,53.324,133.766
reviewer-1785976365-ba27686342d3,53.345,318.523
data-analyst-1785976365-0016dee2316f,53.385,551.599
deep-researcher-1785976365-7c4224f2463a,53.418,680.534
wide-researcher-1785976365-eb293462191e,53.460,313.065
reviewer-1785976365-5becac02786e,53.478,431.756
data-analyst-1785976365-cee02a03c183,53.513,533.190
deep-researcher-1785976365-35467ac951e9,53.559,556.214
wide-researcher-1785976366-073e6c9e46e7,53.585,429.343
reviewer-1785976366-0bbf9245a14b,53.643,308.587
data-analyst-1785976366-329b464e0256,53.693,532.651
deep-researcher-1785976366-efbe10e841c2,53.707,201.300
wide-researcher-1785976366-0bb03a86eb1b,53.720,132.057
reviewer-1785976366-0d07f907e495,53.751,427.357
data-analyst-1785976366-16e70441605b,53.818,443.029
deep-researcher-1785976366-bbfcb0ecd123,53.830,642.383
wide-researcher-1785976366-0e9c953d59e4,53.852,311.192
reviewer-1785976366-44d0a075cdce,53.866,449.871
data-analyst-1785976366-634b7309fa65,53.908,480.835
deep-researcher-1785976366-0ddad08cc497,53.975,421.649
wide-researcher-1785976366-9a7cc998f2c9,53.989,130.566
reviewer-1785976366-436dbce4620f,54.018,558.443
data-analyst-1785976336-d553d5cfe8fc,54.023,54.024
data-analyst-1785976366-6cbf1c5631e7,54.065,449.941
deep-researcher-1785976366-b8f53694fe78,54.088,200.898
wide-researcher-1785976366-68100fffc866,54.141,271.934
reviewer-1785976366-534388d144c7,54.193,559.382
data-analyst-1785976366-154bab6e0cea,54.232,307.444
deep-researcher-1785976366-b63bd4225e01,54.272,224.747
wide-researcher-1785976366-525c86c8ae3f,54.301,319.257
reviewer-1785976366-5f19785ebc01,54.328,614.740
data-analyst-1785976366-3feb2544987b,54.359,440.299
deep-researcher-1785976366-b519a703acec,54.382,206.199
data-analyst-1785976342-1355621723a2,54.406,71.172
wide-researcher-1785976366-144bc4cc4b88,54.500,166.961
reviewer-1785976366-22f0b958db4f,54.549,538.987
data-analyst-1785976366-6820e64c7752,54.579,439.918
deep-researcher-1785976366-44562a21e296,54.607,202.775
wide-researcher-1785976367-b817fe90f9a3,54.635,310.239
reviewer-1785976367-712af7cb79b2,54.649,541.906
data-analyst-1785976367-32c8bac7cc65,54.687,657.844
deep-researcher-1785976367-b691256d3911,54.737,648.131
wide-researcher-1785976367-205e6b9f5185,54.755,206.276
reviewer-1785976367-e6f3a1a8d30d,54.769,319.125
data-analyst-1785976367-c5a9114377f0,54.799,634.019
deep-researcher-1785976367-8cc3a0fd8efa,54.825,152.440
wide-researcher-1785976367-dbaa177ee2ba,54.842,436.698
reviewer-1785976367-4d8f4626aa6f,54.864,419.787
data-analyst-1785976367-8f9a79d6a1fa,54.892,437.909
deep-researcher-1785976367-6ef09bd17366,54.915,315.824
wide-researcher-1785976367-094475610e6b,54.932,636.517
reviewer-1785976367-c8d7c4395c01,54.950,415.358
data-analyst-1785976367-6d950c80dae5,54.984,308.646
deep-researcher-1785976367-6c4d923d9ad9,54.998,655.520
wide-researcher-1785976367-de39ee807f20,55.024,200.660
reviewer-1785976367-494faa82b00f,55.063,430.755
data-analyst-1785976367-7bed8e240b3f,55.105,634.244
deep-researcher-1785976367-5a0aab9ad580,55.127,200.575
wide-researcher-1785976367-eb6332f149c1,55.153,209.942
reviewer-1785976367-31d09d92abb1,55.166,677.831
data-analyst-1785976367-2eb9a5d2a20c,55.202,543.184
deep-researcher-1785976367-fb0229525ce5,55.216,213.450
wide-researcher-1785976367-e8a42c8c4eff,55.235,474.858
reviewer-1785976367-97726f52ba70,55.262,433.837
data-analyst-1785976332-9f76696ff42f,55.296,55.296
data-analyst-1785976367-736fbd4677bb,55.300,421.444
deep-researcher-1785976367-d9bef1ec7e7f,55.324,536.296
wide-researcher-1785976367-a5e18bf4d0d6,55.338,311.387
reviewer-1785976367-dfa1b54116ec,55.361,553.100
data-analyst-1785976367-275a1cd1966e,55.384,477.832
deep-researcher-1785976367-782ac277ad07,55.416,374.812
data-analyst-1785976344-bfb7f2cd9cfe,55.435,93.501
wide-researcher-1785976367-6f0f1f66ca1d,55.484,548.784
reviewer-1785976367-fa88c59413a8,55.498,449.196
data-analyst-1785976367-b1928d00cc06,55.534,634.117
deep-researcher-1785976367-c977a99d57f1,55.548,205.921
wide-researcher-1785976368-ee4f62c24330,55.576,235.835
reviewer-1785976368-6e31cd1745fc,55.591,441.687
data-analyst-1785976368-39533d6030ef,55.626,662.811
deep-researcher-1785976368-fce0b0adef33,55.649,242.084
wide-researcher-1785976368-7069e10395a1,55.690,220.296
reviewer-1785976368-f7f38b0e55b2,55.707,346.188
data-analyst-1785976368-667bed547cce,55.777,646.971
deep-researcher-1785976368-ba68add26113,55.789,127.678
wide-researcher-1785976368-f8616727dd33,55.812,312.392
reviewer-1785976368-2fd4ec557e24,55.835,549.158
data-analyst-1785976368-701961ce8c4d,55.869,554.572
deep-researcher-1785976368-0f2946038280,55.899,237.258
wide-researcher-1785976368-9c7960ac815a,55.934,592.939
reviewer-1785976368-7045683ee140,55.950,469.065
data-analyst-1785976368-f5dff3204c07,56.013,561.044
deep-researcher-1785976368-304f7ca81578,56.055,636.028
wide-researcher-1785976368-45b280bed896,56.072,349.811
data-analyst-1785976340-fa46c4e315a7,56.076,56.076
reviewer-1785976368-d95170809422,56.089,437.358
data-analyst-1785976368-559c50f40256,56.141,596.166
deep-researcher-1785976368-1a24d4871bff,56.153,202.479
wide-researcher-1785976368-b2493832f727,56.172,205.046
reviewer-1785976368-eed8827d0369,56.198,643.298
data-analyst-1785976368-d4ceb0f8a2ff,56.233,430.362
deep-researcher-1785976368-b3ff18af38e5,56.272,321.052
wide-researcher-1785976368-895c243607c8,56.285,314.210
reviewer-1785976368-db8674b1eec9,56.314,428.550
data-analyst-1785976368-1aca57ceaf17,56.373,659.726
deep-researcher-1785976368-9875997d68c5,56.409,651.451
wide-researcher-1785976368-ec1de7a3b369,56.436,200.485
reviewer-1785976368-892c162d8697,56.468,545.167
data-analyst-1785976336-32ca0d97d04f,56.481,56.481
data-analyst-1785976368-2d93d4b654ab,56.498,319.990
deep-researcher-1785976368-c6b3375c5a5a,56.529,141.869
wide-researcher-1785976369-eeabc440e4df,56.541,203.384
data-analyst-1785976344-7c1e60c640a1,56.558,73.550
reviewer-1785976369-6ac75e417e4c,56.571,471.647
data-analyst-1785976369-d9c270ac80a8,56.609,427.017
data-analyst-1785976337-9632fd8e9e4e,56.648,80.102
deep-researcher-1785976369-035691e5bed7,56.661,309.311
wide-researcher-1785976369-e1f25769a50c,56.674,429.244
reviewer-1785976369-9e92c24dbf63,56.691,532.856
data-analyst-1785976369-877fafb7226f,56.735,512.513
deep-researcher-1785976369-ad5518132e51,56.752,200.090
wide-researcher-1785976369-cac9a06b61c6,56.769,316.683
reviewer-1785976369-03f4084ee20a,56.781,442.354
data-analyst-1785976369-90274c6f4eaa,56.812,311.909
deep-researcher-1785976369-5f13b3b0c90b,56.829,320.130
data-analyst-1785976338-1caffd9bfaa4,56.842,56.842
wide-researcher-1785976369-812cdf18847b,56.846,347.129
reviewer-1785976369-7afa64efd75f,56.871,547.229
data-analyst-1785976369-647eeab6cb31,56.900,428.646
deep-researcher-1785976369-b64116c4b6a6,56.921,159.730
wide-researcher-1785976369-555184f0371a,56.933,203.248
reviewer-1785976369-8acf8706eb95,56.955,536.206
data-analyst-1785976369-2d1ea6dfdf61,56.998,424.498
deep-researcher-1785976369-12cc995aeced,57.010,135.203
wide-researcher-1785976369-3a285ba25bdd,57.051,209.261
reviewer-1785976369-74ece13f49ba,57.064,415.204
data-analyst-1785976369-b309e0957f9b,57.099,590.756
deep-researcher-1785976369-3504860f0b83,57.112,314.868
wide-researcher-1785976369-b8e90f0c5a84,57.139,211.002
reviewer-1785976369-3c62dcf2f563,57.198,316.424
data-analyst-1785976369-9b86ec77ead8,57.288,532.918
deep-researcher-1785976369-861896cea969,57.304,200.727
wide-researcher-1785976369-9dc67d5bc4e5,57.320,318.054
reviewer-1785976369-63058eaeaf73,57.351,570.657
data-analyst-1785976369-fe21736eb19c,57.386,448.664
deep-researcher-1785976369-056e425fb719,57.412,320.384
wide-researcher-1785976369-0de43e7cb7de,57.448,467.993
reviewer-1785976369-582754dade99,57.465,662.475
data-analyst-1785976369-d4bde859799d,57.526,307.356
deep-researcher-1785976369-e348b90d1faa,57.564,650.872
wide-researcher-1785976370-ebc71ee9e6c8,57.589,473.084
reviewer-1785976370-d6e31c479c92,57.614,595.812
data-analyst-1785976370-489a8a50ab9e,57.654,445.975
deep-researcher-1785976370-f558649ebf48,57.667,462.695
wide-researcher-1785976370-cbe2ff70aad2,57.680,315.447
reviewer-1785976370-4772410563e6,57.693,427.148
data-analyst-1785976370-9d83eb3df2a0,57.722,433.281
deep-researcher-1785976370-e566c10c0e74,57.760,318.271
wide-researcher-1785976370-7b72c5472ee0,57.778,487.398
reviewer-1785976370-33555f9463ae,57.796,628.107
data-analyst-1785976370-85192c316836,57.835,557.526
deep-researcher-1785976370-102b48b523df,57.860,649.259
wide-researcher-1785976370-e9649cf24d76,57.877,542.534
reviewer-1785976370-93818507421f,57.919,559.774
data-analyst-1785976370-6c834b7e49fb,57.948,474.761
deep-researcher-1785976370-6b10df97dffb,57.970,159.372
wide-researcher-1785976370-5babb970e6bd,57.988,202.517
reviewer-1785976370-2e0d769abe1c,58.009,504.840
data-analyst-1785976370-68180f434591,58.044,422.230
deep-researcher-1785976370-dcc6e8af32ef,58.069,200.369
wide-researcher-1785976370-0f21e90f7294,58.082,416.682
reviewer-1785976370-8defc4c74bd4,58.119,416.980
data-analyst-1785976370-0acabb8a5102,58.169,427.489
deep-researcher-1785976370-0caac480e091,58.185,174.041
wide-researcher-1785976370-b56657df4c11,58.197,127.630
reviewer-1785976370-4cbcfa1b7d8b,58.209,321.262
data-analyst-1785976370-cf4497fbcd66,58.252,415.107
deep-researcher-1785976370-580b08c8a0fd,58.286,211.385
wide-researcher-1785976370-54d28df00440,58.341,174.427
reviewer-1785976370-507d7b77ebe9,58.383,316.409
data-analyst-1785976340-69b9933cf9f0,58.408,58.409
data-analyst-1785976370-b7d9484a1589,58.435,365.858
deep-researcher-1785976370-f22ed85b46d7,58.447,248.292
wide-researcher-1785976370-dbae8c2699b2,58.464,210.294
reviewer-1785976370-ae614e8115a7,58.477,559.791
data-analyst-1785976336-4bce57938ae8,58.489,58.490
data-analyst-1785976371-d412d9f8b88b,58.507,672.569
deep-researcher-1785976371-78d8912cc489,58.557,185.012
wide-researcher-1785976371-bcf82c076805,58.569,311.436
reviewer-1785976371-a678df685f37,58.618,544.741
data-analyst-1785976342-13a41b6138f2,58.631,58.631
data-analyst-1785976371-18e2cf02abc6,58.648,417.083
deep-researcher-1785976371-19f5c15fa90b,58.714,212.643
data-analyst-1785976336-abf0a34dca21,58.740,58.740
wide-researcher-1785976371-70ba451acf42,58.758,477.400
reviewer-1785976371-a185c10215f0,58.793,539.437
data-analyst-1785976371-05aa1b334c41,58.819,433.544
deep-researcher-1785976371-acd2033258cd,58.841,159.064
wide-researcher-1785976371-e7b692ecd45a,58.863,617.504
reviewer-1785976371-9d8d83edfd33,58.893,678.431
data-analyst-1785976371-708ae61f7126,58.950,422.988
deep-researcher-1785976371-fe7369646cc4,58.982,309.426
wide-researcher-1785976371-3208b7376372,59.045,442.803
reviewer-1785976371-c812d6d89ad1,59.067,428.763
data-analyst-1785976371-2a44ef412dad,59.102,561.184
deep-researcher-1785976371-d2c8aabfb097,59.125,417.132
wide-researcher-1785976371-1c4c9daa9f6c,59.137,209.231
reviewer-1785976371-5b01d4417a8c,59.164,441.890
data-analyst-1785976371-df3f0f4a14a8,59.194,434.570
deep-researcher-1785976371-e9324bbafcf9,59.206,669.589
wide-researcher-1785976371-b57762cca35a,59.218,301.517
reviewer-1785976371-d87e9bb13e11,59.264,567.274
data-analyst-1785976371-d7da4664a875,59.293,491.157
deep-researcher-1785976371-3d016981cf26,59.305,544.855
wide-researcher-1785976371-8f36653d6f61,59.322,333.514
reviewer-1785976371-29537f1562f5,59.339,541.003
data-analyst-1785976371-1ea677474a59,59.373,681.639
deep-researcher-1785976371-ee77556a6e5f,59.396,199.723
wide-researcher-1785976371-4d691ff323d8,59.424,576.188
data-analyst-1785976347-d82adfb166a6,59.428,70.892
reviewer-1785976371-fe7a1b7dab03,59.436,320.597
data-analyst-1785976347-f6574d2cbc08,59.444,72.159
data-analyst-1785976371-a37fa1b6b646,59.484,540.100
deep-researcher-1785976371-e63fa9a27723,59.497,203.338
data-analyst-1785976347-dc872a5c30ce,59.510,127.241
data-analyst-1785976347-3413fe1a2679,59.522,127.582
wide-researcher-1785976371-c64201f1b885,59.526,200.283
reviewer-1785976372-65d4b00b55fb,59.553,547.642
data-analyst-1785976372-c2acf6af7cee,59.582,460.183
deep-researcher-1785976372-9e91364b1601,59.621,534.332
wide-researcher-1785976372-ca0c7d78d614,59.691,312.634
reviewer-1785976372-93b5b5112b21,59.703,367.929
data-analyst-1785976372-f71b5351377a,59.732,397.192
deep-researcher-1785976372-ba851554b870,59.763,185.165
wide-researcher-1785976372-a6a93c082d5d,59.784,422.135
reviewer-1785976372-e6d7c443a1f2,59.796,575.775
data-analyst-1785976372-b3812d82323a,59.825,642.117
deep-researcher-1785976372-2ca644534085,59.851,208.258
wide-researcher-1785976372-2a0bf5540612,59.885,646.169
reviewer-1785976372-55cf14f4204d,59.898,617.521
data-analyst-1785976372-0f04b5629695,59.941,661.846
deep-researcher-1785976372-a8fbcc120e5c,59.953,129.896
wide-researcher-1785976372-e86084b498bf,59.976,563.541
reviewer-1785976372-bb8d50b8dd16,59.988,426.328
data-analyst-1785976372-3d1a8d511d3d,60.017,299.741
deep-researcher-1785976372-07b7b2d5277a,60.043,484.876
wide-researcher-1785976372-8274ab07e77f,60.073,426.741
reviewer-1785976372-528b99aa34d5,60.118,357.439
data-analyst-1785976372-72a2f2708422,60.180,532.421
deep-researcher-1785976372-ffca7b481889,60.221,268.483
wide-researcher-1785976372-5d2a0c13f56e,60.265,334.301
data-analyst-1785976337-adec2f57ae0b,60.286,60.287
reviewer-1785976372-bc03ec949de8,60.300,548.992
data-analyst-1785976372-d0e4b9ea4f55,60.335,548.227
deep-researcher-1785976372-3bcd545adac9,60.353,129.207
wide-researcher-1785976372-9dc5e1864c1e,60.370,210.042
reviewer-1785976372-444f6c23c23f,60.406,317.526
data-analyst-1785976372-ce178b8e6795,60.473,614.771
deep-researcher-1785976372-ab0083fe655a,60.549,308.262
wide-researcher-1785976372-9c68be7b449e,60.561,441.079
reviewer-1785976372-5ef28f1385c2,60.584,554.051
data-analyst-1785976373-cd76f58d01c5,60.638,650.945
deep-researcher-1785976373-21aef28a0354,60.650,207.346
wide-researcher-1785976373-a8be21abd441,60.672,428.720
reviewer-1785976373-e1723a9a231d,60.684,457.927
data-analyst-1785976373-517e573d2114,60.718,344.218
deep-researcher-1785976373-59740fbc4800,60.778,218.484
wide-researcher-1785976373-df1bc3245535,60.790,420.121
reviewer-1785976373-be796c7fadf7,60.806,321.080
data-analyst-1785976373-6b1b17ecc676,60.840,650.279
deep-researcher-1785976373-2a60645b668c,60.857,203.778
wide-researcher-1785976373-bcc9fe80fa30,60.883,433.669
reviewer-1785976373-686b9e153539,60.933,650.182
data-analyst-1785976373-c7c7511d6ecc,61.010,644.168
deep-researcher-1785976373-8c305b3a69a9,61.031,278.940
wide-researcher-1785976373-8c940844c558,61.043,639.833
reviewer-1785976373-d65cf80aaf9c,61.074,367.100
data-analyst-1785976373-5322fa1aff39,61.132,652.350
deep-researcher-1785976373-6749830dd9bc,61.202,205.974
wide-researcher-1785976373-fae2e698bec4,61.219,202.220
reviewer-1785976373-b2e455c9bc59,61.231,634.067
data-analyst-1785976373-402a3be817b5,61.270,664.579
deep-researcher-1785976373-279f9168a06e,61.306,128.638
wide-researcher-1785976373-79efdb3fe4b5,61.341,483.109
reviewer-1785976373-e397ce5c901f,61.363,646.627
data-analyst-1785976373-ff8be0fdc7a8,61.391,398.762
deep-researcher-1785976373-ce0821f938e2,61.407,204.002
wide-researcher-1785976373-1314fca76b1d,61.444,160.430
reviewer-1785976373-8800964ea0d8,61.456,419.725
data-analyst-1785976373-86d40653dff2,61.490,538.137
deep-researcher-1785976373-35f0ca8088d7,61.502,303.358
wide-researcher-1785976374-ef5e8d020545,61.531,308.697
reviewer-1785976374-eb0439e8358e,61.553,652.846
data-analyst-1785976374-ac634952ed31,61.589,535.521
deep-researcher-1785976374-1dd17782af2a,61.607,554.280
wide-researcher-1785976374-5aeb96aefde4,61.624,421.245
reviewer-1785976374-25f8c73cd2bf,61.636,477.916
data-analyst-1785976374-607ff7379738,61.695,304.315
deep-researcher-1785976374-f18fa016c7ad,61.727,214.071
wide-researcher-1785976374-88fa5c502f99,61.839,171.658
reviewer-1785976374-1c6df6fedf3f,61.852,428.816
data-analyst-1785976374-cc21f1fbd914,61.882,307.992
deep-researcher-1785976374-dc452f30caec,61.909,204.154
wide-researcher-1785976374-25ee778388b2,61.921,369.783
reviewer-1785976374-94c280a75f6d,61.934,634.035
data-analyst-1785976374-5336c7248d6e,61.978,424.862
deep-researcher-1785976374-e96aa2b0a9ae,62.003,127.967
wide-researcher-1785976374-61402e348790,62.042,550.099
reviewer-1785976374-9b6f80b02707,62.061,542.366
data-analyst-1785976337-0d715924737a,62.087,70.352
data-analyst-1785976374-7d413c5ff234,62.091,559.932
data-analyst-1785976336-ee17b00f4def,62.110,100.212
deep-researcher-1785976374-706ee1a9cb1b,62.157,680.761
wide-researcher-1785976374-c535afea15f0,62.169,323.287
reviewer-1785976374-513f4d89fdb6,62.195,443.128
data-analyst-1785976374-5d92f7115fd3,62.229,434.058
data-analyst-1785976339-ab5b92dda9a6,62.246,62.247
deep-researcher-1785976374-3d862d691967,62.288,150.627
wide-researcher-1785976374-c49b00432744,62.300,317.633
reviewer-1785976374-d1f167156a56,62.317,569.559
data-analyst-1785976374-1ede470d8566,62.351,648.056
deep-researcher-1785976374-c8463cfe3fba,62.373,205.460
wide-researcher-1785976374-818ce3720272,62.400,537.442
reviewer-1785976374-ab57d597624a,62.439,423.739
data-analyst-1785976374-33a73a4d5e3e,62.508,318.865
deep-researcher-1785976374-0026da8e8a65,62.526,205.195
wide-researcher-1785976374-68550a4f3ea8,62.543,496.001
reviewer-1785976375-ec07c95b52ad,62.555,547.931
data-analyst-1785976375-dd7475c18e87,62.595,349.033
data-analyst-1785976338-666aa4a6b9a1,62.635,82.429
deep-researcher-1785976375-f630571290ea,62.657,317.727
wide-researcher-1785976375-0944efc1a846,62.675,201.421
reviewer-1785976375-c129f08131ce,62.692,557.557
data-analyst-1785976375-56eb1e4bd4f4,62.722,553.765
deep-researcher-1785976375-05649e1b6d15,62.734,227.162
wide-researcher-1785976375-752d50d20f7c,62.746,551.656
reviewer-1785976375-2c6e6cc7a479,62.759,431.854
data-analyst-1785976375-373d439eec99,62.788,317.963
deep-researcher-1785976375-f8c205d44d0f,62.805,204.496
wide-researcher-1785976375-7c641813d245,62.822,466.757
reviewer-1785976375-a39052a8bfeb,62.844,606.938
data-analyst-1785976375-827d8558d1fc,62.884,432.798
deep-researcher-1785976375-410e52782045,62.910,540.031
wide-researcher-1785976375-54880247a5f0,62.954,230.254
reviewer-1785976375-777d3065c20f,62.971,436.005
data-analyst-1785976375-d642e2633578,63.000,314.986
deep-researcher-1785976375-f70b28d9a1ca,63.013,218.288
wide-researcher-1785976375-e0e038fa2c3d,63.034,420.847
reviewer-1785976375-0da131436c73,63.046,421.197
data-analyst-1785976375-7b2333adf407,63.075,491.376
deep-researcher-1785976375-23f3e2ade53d,63.105,306.148
wide-researcher-1785976375-f3581c7aa54f,63.142,550.827
reviewer-1785976375-051e27ffb33d,63.154,571.654
data-analyst-1785976375-5d73c77331c3,63.183,505.034
deep-researcher-1785976375-fb0992ff64a6,63.239,420.948
wide-researcher-1785976375-9dcfa6ce8ded,63.314,428.246
reviewer-1785976375-4da7baef5ce4,63.355,429.808
data-analyst-1785976375-d1f68656f64a,63.411,490.831
deep-researcher-1785976375-6f21cd7d0fdf,63.433,272.310
wide-researcher-1785976375-9f570d791eb6,63.449,153.896
reviewer-1785976375-0b8bfac067e6,63.466,415.700
data-analyst-1785976375-e927a4dffd41,63.515,660.125
deep-researcher-1785976376-980ffcda5f29,63.548,554.024
wide-researcher-1785976376-f8fe83e143e9,63.570,207.101
reviewer-1785976376-1095db24b8af,63.582,422.770
data-analyst-1785976376-61194f0efe32,63.655,438.159
deep-researcher-1785976376-aa7562aa3404,63.672,305.093
wide-researcher-1785976376-0cabb9a2807c,63.699,308.323
reviewer-1785976376-2acae2c4682e,63.718,311.145
data-analyst-1785976376-e08814a71f84,63.748,543.575
deep-researcher-1785976376-08dd6a5e86e5,63.796,311.370
wide-researcher-1785976376-242718e7b242,63.809,550.233
data-analyst-1785976344-acc21ebc6918,63.813,70.368
reviewer-1785976376-99b8504be371,63.831,535.179
data-analyst-1785976376-425332096bab,63.883,430.414
deep-researcher-1785976376-f13ea150cbca,63.913,655.478
wide-researcher-1785976376-13577b34479f,63.941,200.762
reviewer-1785976376-f987a39c2013,63.959,468.826
data-analyst-1785976348-c52ec45a876b,64.003,73.095
data-analyst-1785976376-6e808e890860,64.008,550.887
data-analyst-1785976348-dbee856cdcfe,64.021,70.848
data-analyst-1785976348-4a81a86e044c,64.033,143.173
deep-researcher-1785976376-fd6947aad1c0,64.038,274.185
wide-researcher-1785976376-356fe24a8613,64.065,424.483
reviewer-1785976376-3cde90bbeb8c,64.077,422.284
data-analyst-1785976376-3d477b52d66a,64.155,315.639
deep-researcher-1785976376-4c4fe3a52c8f,64.183,159.562
data-analyst-1785976339-24fe79a56c34,64.191,64.192
wide-researcher-1785976376-3071bbe4c28d,64.210,436.588
reviewer-1785976376-c11a936cb7de,64.247,343.169
data-analyst-1785976376-09312416152c,64.277,434.667
deep-researcher-1785976376-26775f59fe3f,64.298,319.141
wide-researcher-1785976376-171aad02d80b,64.320,199.807
reviewer-1785976376-296438fede78,64.332,556.021
data-analyst-1785976376-96962072bd5d,64.368,461.482
deep-researcher-1785976376-983024749cc0,64.413,204.881
wide-researcher-1785976376-d8c9ff73f2a6,64.469,535.679
reviewer-1785976376-e4287164094d,64.486,560.031
data-analyst-1785976376-c28fd4b2438c,64.519,439.581
deep-researcher-1785976376-77556904ccd9,64.549,317.496
wide-researcher-1785976377-9832884f91c6,64.561,207.135
reviewer-1785976377-fedb73e26f8b,64.573,664.817
data-analyst-1785976377-47307068a9ed,64.613,423.512
deep-researcher-1785976377-bc677a838803,64.656,311.089
wide-researcher-1785976377-1904ae4937cd,64.668,210.812
reviewer-1785976377-63665468ecf7,64.681,319.014
data-analyst-1785976377-254dd5f296ac,64.761,617.795
data-analyst-1785976339-c90af6287688,64.804,64.804
deep-researcher-1785976377-c35a2ece5cc2,64.825,183.558
wide-researcher-1785976377-2531409e1a83,64.862,453.026
reviewer-1785976377-71f0acfd70ea,64.875,425.121
data-analyst-1785976377-91afa5e14568,64.914,518.863
deep-researcher-1785976377-6675b8fdcdd9,64.944,224.526
wide-researcher-1785976377-0c523966f5ac,64.956,200.059
reviewer-1785976377-cd08587b5cbd,64.977,676.325
data-analyst-1785976340-04928c223f2a,65.049,65.049
data-analyst-1785976377-cb91a84f3a36,65.078,531.776
deep-researcher-1785976377-390b5bbc9c5b,65.100,184.209
wide-researcher-1785976377-c117da45d9d6,65.157,200.867
reviewer-1785976377-88d8a5894421,65.174,545.423
data-analyst-1785976377-7d9cda847d68,65.214,535.443
deep-researcher-1785976377-8801a114ea30,65.232,318.239
wide-researcher-1785976377-4293640418e1,65.249,303.637
reviewer-1785976377-ec7f97ee04d3,65.304,539.190
data-analyst-1785976377-9308ab3faa59,65.344,440.128
deep-researcher-1785976377-c1ebf845ba19,65.376,205.214
wide-researcher-1785976377-4afe25e3d75a,65.395,200.074
reviewer-1785976377-ed8daf12f2a6,65.413,431.689
data-analyst-1785976377-d12b291c8116,65.449,532.605
deep-researcher-1785976377-c6eb0988006e,65.462,201.976
wide-researcher-1785976377-c2cb01db43ff,65.474,202.094
reviewer-1785976377-694c0f47aaf0,65.535,536.719
data-analyst-1785976378-8773c226f74f,65.569,532.779
deep-researcher-1785976378-b9795e92f89a,65.596,588.595
wide-researcher-1785976378-39fc081ab0a2,65.699,160.466
reviewer-1785976378-5a2cf907b96f,65.718,478.907
data-analyst-1785976378-c930cc9b4b4f,65.752,514.072
deep-researcher-1785976378-ac280b8deac4,65.770,558.196
wide-researcher-1785976378-99e70ddc7ca3,65.787,555.118
reviewer-1785976378-0f240b321138,65.814,500.991
data-analyst-1785976378-10262f5da7ff,65.849,421.590
deep-researcher-1785976378-f59b9ac6398c,65.872,209.974
wide-researcher-1785976378-98bf97e8dcf7,65.928,552.879
reviewer-1785976378-266a4634358e,65.977,664.408
data-analyst-1785976378-c4380b3e7cc0,66.007,652.925
deep-researcher-1785976378-92fb618d2644,66.032,210.184
wide-researcher-1785976378-288ce328bbce,66.054,434.586
reviewer-1785976378-824a23076b68,66.067,637.309
data-analyst-1785976378-09beae0f7473,66.092,495.513
deep-researcher-1785976378-607a1ab3bc4d,66.104,201.025
wide-researcher-1785976378-66a4c552b6b6,66.122,202.611
reviewer-1785976378-1d381c63e3a1,66.135,531.361
data-analyst-1785976378-1f74e75e6429,66.172,547.480
deep-researcher-1785976378-a80f6c371064,66.184,212.423
wide-researcher-1785976378-1f4bdeb428e1,66.227,205.317
reviewer-1785976378-228e5b563e71,66.255,435.808
data-analyst-1785976378-fcabe5ca0a7c,66.338,424.915
deep-researcher-1785976378-e987b63256b2,66.369,348.026
wide-researcher-1785976378-360a916d98e8,66.381,314.196
reviewer-1785976378-de8b95ddba9e,66.393,637.642
data-analyst-1785976378-a749c218e820,66.425,301.819
deep-researcher-1785976378-ee4046421c00,66.438,310.435
wide-researcher-1785976378-911fe8788cde,66.461,202.464
reviewer-1785976378-c89ae0e98159,66.494,636.469
data-analyst-1785976335-4d94f5fc5d24,66.562,66.563
data-analyst-1785976378-a6277099d312,66.575,314.932
deep-researcher-1785976379-aac68b9fcc6d,66.606,308.437
wide-researcher-1785976379-a8218cbeb8f6,66.676,320.363
reviewer-1785976379-d078757644af,66.738,638.566
data-analyst-1785976379-c65061f20ea2,66.811,664.454
deep-researcher-1785976379-dba5ddf487df,66.824,662.303
wide-researcher-1785976379-62c826f2f49b,66.852,209.617
reviewer-1785976379-ec83e0f2b9de,66.889,442.621
data-analyst-1785976379-711520fe3681,66.925,670.790
deep-researcher-1785976379-75f1a59ed42c,66.966,206.139
wide-researcher-1785976379-c3ad1007c791,66.984,570.712
reviewer-1785976379-6c09abc61a81,67.012,505.543
data-analyst-1785976379-03b83064b6df,67.047,423.306
deep-researcher-1785976379-3c9b54e21af5,67.080,204.327
wide-researcher-1785976379-9e1809a6cdf5,67.109,436.040
reviewer-1785976379-b78a9f11bc52,67.178,557.021
data-analyst-1785976379-b16d97a4844b,67.231,432.308
deep-researcher-1785976379-0cdca586ee0c,67.265,648.367
wide-researcher-1785976379-f33d64be29c3,67.278,312.228
reviewer-1785976379-8dcf15357a5f,67.301,547.436
data-analyst-1785976379-89a2a4bf9344,67.341,566.040
deep-researcher-1785976379-fb837a6c97f1,67.359,538.719
wide-researcher-1785976379-cf350a33a6ac,67.377,418.161
reviewer-1785976379-d378a24258d6,67.487,463.515
data-analyst-1785976379-769800bf44ad,67.538,647.796
deep-researcher-1785976379-4c059b92c22f,67.561,205.094
data-analyst-1785976344-8e16248ec085,67.565,70.417
wide-researcher-1785976379-46c384c06dcc,67.581,433.427
data-analyst-1785976337-a25bd1ccac9e,67.585,67.585
reviewer-1785976380-9c3c76ad6d9c,67.593,438.977
data-analyst-1785976380-c71d43a35286,67.619,640.960
deep-researcher-1785976380-d596ce0f5312,67.642,135.254
data-analyst-1785976341-4ce75641e680,67.666,67.667
wide-researcher-1785976380-46d39749d11b,67.680,419.040
reviewer-1785976380-2505b36b1c9a,67.693,451.853
data-analyst-1785976340-36f59a5781d0,67.701,67.702
data-analyst-1785976380-d664761dbba9,67.734,435.066
data-analyst-1785976335-846ebed521ac,67.748,72.126
deep-researcher-1785976380-cfafbb952497,67.776,638.582
wide-researcher-1785976380-6b69ed8f6736,67.831,424.748
data-analyst-1785976347-733cf8a4e518,67.841,70.431
reviewer-1785976380-5ac3a25ed319,67.849,556.790
data-analyst-1785976380-3d519174c81f,67.883,449.624
deep-researcher-1785976380-aafcbb324155,67.902,550.006
wide-researcher-1785976380-f00fdf633571,67.914,360.864
reviewer-1785976380-e580ac25eea8,67.937,564.272
data-analyst-1785976380-e1bee25d6eec,67.973,461.535
deep-researcher-1785976380-28d59bccf4d3,68.002,137.336
wide-researcher-1785976380-90d98d3d557b,68.016,542.259
reviewer-1785976380-740227f75311,68.114,560.044
data-analyst-1785976380-b104a56d8251,68.160,536.559
deep-researcher-1785976380-bc9d321c7ef1,68.244,655.062
wide-researcher-1785976380-8d1470a53762,68.262,317.616
data-analyst-1785976340-1cf2a3ca704f,68.303,68.304
reviewer-1785976380-d6c20454f0bf,68.313,441.096
data-analyst-1785976380-84f7a2d1d3f3,68.339,541.283
deep-researcher-1785976380-bdd7b594e16d,68.365,176.876
wide-researcher-1785976380-0411edb72141,68.400,212.998
reviewer-1785976380-49afb02a238e,68.412,320.520
data-analyst-1785976380-bc6e6fda2446,68.442,506.251
data-analyst-1785976337-823e9398e476,68.443,68.446
deep-researcher-1785976380-def0a80b3dd5,68.467,205.715
wide-researcher-1785976380-65de074b469d,68.489,230.821
reviewer-1785976380-5c91e19d1c9b,68.501,561.213
data-analyst-1785976381-b898016d240e,68.560,533.175
deep-researcher-1785976381-29883be7a037,68.573,642.486
wide-researcher-1785976381-4253d087f07e,68.595,543.651
reviewer-1785976381-6065b44f4872,68.617,447.311
data-analyst-1785976336-f92b1bceba93,68.664,68.665
data-analyst-1785976381-0f55c2887b3c,68.673,302.987
deep-researcher-1785976381-e60728739009,68.690,556.260
wide-researcher-1785976381-7332cc043efc,68.703,208.132
reviewer-1785976381-addbd91fb652,68.788,610.996
data-analyst-1785976381-05979d99ad55,68.818,571.773
deep-researcher-1785976381-53df3df66fc0,68.831,543.497
wide-researcher-1785976381-a55f77172e7c,68.849,238.697
reviewer-1785976381-12bebd12609e,68.872,651.340
data-analyst-1785976381-1bbfb5f353c3,68.990,427.097
deep-researcher-1785976381-135fa881c7ff,69.002,322.595
wide-researcher-1785976381-3330a6b46330,69.038,204.083
reviewer-1785976381-9d8de1bf9914,69.078,559.759
data-analyst-1785976381-3ca6e458461f,69.104,569.673
deep-researcher-1785976381-a2762d34b26a,69.116,208.309
wide-researcher-1785976381-26ce3629b1e2,69.128,313.377
reviewer-1785976381-c30486f85fde,69.149,357.531
data-analyst-1785976344-3a099f2d37d9,69.180,70.612
data-analyst-1785976381-f26d420e08e2,69.189,322.546
deep-researcher-1785976381-0a31ac0b8db9,69.211,210.465
wide-researcher-1785976381-ea59e04a20d5,69.223,431.674
reviewer-1785976381-aae19ebf795f,69.244,547.702
data-analyst-1785976381-e6e78886ed2e,69.282,317.916
deep-researcher-1785976381-2cb375a7ddfd,69.342,614.710
wide-researcher-1785976381-a1f3254bdb31,69.360,311.758
reviewer-1785976381-55e246d0d793,69.403,672.782
data-analyst-1785976349-7c78ae358eef,69.429,79.547
data-analyst-1785976381-9f18be7e2168,69.438,431.724
data-analyst-1785976349-7dbfaa109de7,69.446,81.069
deep-researcher-1785976381-d9417913aab1,69.450,202.549
wide-researcher-1785976381-d5d4c81bb9b4,69.462,429.932
data-analyst-1785976349-689c44e8d08e,69.462,82.057
data-analyst-1785976347-cc67c235b0d0,69.498,71.836
reviewer-1785976381-363054b9826a,69.504,658.596
data-analyst-1785976382-4b3b0bc8ba16,69.529,644.470
deep-researcher-1785976382-e28d34a1dd08,69.625,198.043
wide-researcher-1785976382-4d433474e81c,69.667,143.432
reviewer-1785976382-92549351228d,69.739,450.149
data-analyst-1785976382-970f49955711,69.768,535.038
deep-researcher-1785976382-1b28054ffe32,69.827,363.148
wide-researcher-1785976382-6f3ba3710a21,69.840,544.614
reviewer-1785976382-343070c79192,69.852,439.025
data-analyst-1785976382-f26e08caa12c,69.899,476.351
deep-researcher-1785976382-4cdbddb353bd,69.916,393.805
wide-researcher-1785976382-d44b5aa62617,69.928,224.347
reviewer-1785976382-8c77e09f5508,69.940,541.602
data-analyst-1785976382-25b2338e5705,69.984,428.030
deep-researcher-1785976382-1c1ec9af5954,69.996,537.395
wide-researcher-1785976382-1d3923705a34,70.008,544.177
reviewer-1785976382-084b7aa4dd70,70.026,678.640
data-analyst-1785976382-98aa6c6c7272,70.072,560.219
deep-researcher-1785976382-1eef1c369456,70.137,656.123
wide-researcher-1785976382-2ff3f3097746,70.150,204.525
reviewer-1785976382-7e1420cb05dc,70.180,533.010
data-analyst-1785976382-272758a5066b,70.238,316.261
deep-researcher-1785976382-4564725532f3,70.290,650.238
wide-researcher-1785976382-3e9f91aba2da,70.302,195.645
reviewer-1785976382-1846a093af0e,70.335,430.329
data-analyst-1785976382-6735ebd11f30,70.364,636.941
deep-researcher-1785976382-e1f86ca6898a,70.386,427.662
wide-researcher-1785976382-0e986d948b3f,70.494,562.119
reviewer-1785976382-c68c8bfb501e,70.510,341.519
data-analyst-1785976382-3dffbb8001c2,70.554,459.651
deep-researcher-1785976382-9f91241d6550,70.587,330.585
wide-researcher-1785976383-c716f468a277,70.603,245.396
reviewer-1785976383-122351a7e710,70.616,511.804
data-analyst-1785976383-23de00da89d0,70.641,648.671
deep-researcher-1785976383-561443548a96,70.657,209.326
wide-researcher-1785976383-eda92506a7b7,70.671,537.694
reviewer-1785976383-2a7b7f07bc80,70.699,423.583
data-analyst-1785976383-c865b6072df0,70.725,453.337
deep-researcher-1785976383-4ee6fc53c35e,70.762,392.862
wide-researcher-1785976383-cf1c82cc931a,70.794,658.675
reviewer-1785976383-90ec92e4eb23,70.848,590.135
data-analyst-1785976383-9d40c2e687b4,70.913,440.628
data-analyst-1785976349-e37905bffdfe,70.935,70.936
deep-researcher-1785976383-21e015402dbf,70.944,202.580
wide-researcher-1785976383-7666349c26c0,70.979,418.968
reviewer-1785976383-e9a4b7d39c16,71.017,535.380
data-analyst-1785976383-b8bb37e7cc66,71.041,344.443
deep-researcher-1785976383-4cd736354594,71.082,316.143
wide-researcher-1785976383-ab75256c2c72,71.182,282.224
reviewer-1785976383-72180ce31a4e,71.254,439.348
data-analyst-1785976383-7d64a9c3357a,71.287,446.474
deep-researcher-1785976383-c86c5c0385ab,71.339,318.356
wide-researcher-1785976383-1374aa55450e,71.352,429.713
reviewer-1785976383-ad2b898712ce,71.364,331.978
data-analyst-1785976383-9fdc6a5feeff,71.413,246.836
deep-researcher-1785976383-4f86095fc0d3,71.431,209.246
wide-researcher-1785976383-d85abc15b53d,71.445,250.658
reviewer-1785976383-0e6ea0095a1b,71.499,639.480
data-analyst-1785976383-1f1063283031,71.532,674.090
deep-researcher-1785976383-445d2f930aae,71.546,306.901
wide-researcher-1785976384-c6fcec1e4917,71.573,319.193
reviewer-1785976384-b768a1e4bd18,71.593,650.698
data-analyst-1785976384-b1d03d61143d,71.640,533.315
deep-researcher-1785976384-5547ebeda3d8,71.689,175.835
data-analyst-1785976349-4c8db002b712,71.715,71.715
wide-researcher-1785976384-54d98c10573c,71.729,619.964
reviewer-1785976384-e88fe53e9ba3,71.755,673.493
data-analyst-1785976355-b01dd2b00567,71.778,200.105
data-analyst-1785976384-527ca1bff17b,71.805,440.033
data-analyst-1785976349-e79fd7245220,71.816,71.817
deep-researcher-1785976384-904c9cbf5c5d,71.821,320.244
wide-researcher-1785976384-bd690b23905b,71.841,317.033
reviewer-1785976384-fa1228e161a5,71.863,559.904
data-analyst-1785976384-240157631c31,71.901,439.251
deep-researcher-1785976384-aee6fea4a1b4,71.932,207.486
wide-researcher-1785976384-885142e6c627,71.956,396.202
reviewer-1785976384-4e23a468751e,72.006,560.502
data-analyst-1785976384-b054bf11f060,72.040,551.724
deep-researcher-1785976384-628632be19d8,72.068,411.606
wide-researcher-1785976384-540368bb51e9,72.097,643.107
reviewer-1785976384-e36c088381ff,72.114,430.052
data-analyst-1785976384-d4eb0812fc5e,72.139,429.428
data-analyst-1785976349-ec42426ce93a,72.139,72.143
deep-researcher-1785976384-756f85d6f305,72.155,317.065
wide-researcher-1785976384-cb7aa48566b9,72.173,308.899
reviewer-1785976384-9bca2256097a,72.210,639.582
data-analyst-1785976349-80c7505cc82b,72.235,72.236
data-analyst-1785976384-a41c0748dc07,72.263,542.854
data-analyst-1785976356-2a714489e481,72.263,180.933
deep-researcher-1785976384-49c2d6b041c7,72.275,666.600
wide-researcher-1785976384-f817dedb65f0,72.298,207.957
reviewer-1785976384-bdd788f7d3ee,72.360,640.146
data-analyst-1785976384-0611692b0390,72.425,491.333
deep-researcher-1785976384-b3b8ed13fc51,72.466,439.647
wide-researcher-1785976384-375677bea1ea,72.486,385.215
reviewer-1785976384-f6c0ad99958f,72.519,513.023
data-analyst-1785976384-3b896b5f498a,72.553,307.478
deep-researcher-1785976385-9db6595deac6,72.642,441.828
wide-researcher-1785976385-183cc47eaaba,72.693,313.411
reviewer-1785976385-438428a33dd5,72.726,493.571
data-analyst-1785976385-67a04714560a,72.764,539.870
deep-researcher-1785976385-36e88438506a,72.782,551.203
data-analyst-1785976352-2d75e428ec41,72.790,72.791
wide-researcher-1785976385-4c7574416fe9,72.804,538.596
reviewer-1785976385-0bcc95592379,72.846,568.298
data-analyst-1785976385-5a322c3b8842,72.871,431.099
deep-researcher-1785976385-e519432eb825,72.888,316.964
wide-researcher-1785976385-afb403d8dd8d,72.936,205.623
reviewer-1785976385-fe3388f22d9b,72.948,431.599
data-analyst-1785976385-cb11e5a80dc5,72.974,393.320
deep-researcher-1785976385-96e1f6cfa649,72.998,135.775
wide-researcher-1785976385-05f6374044d8,73.016,162.028
reviewer-1785976385-d9d06c6e9aca,73.039,552.141
data-analyst-1785976385-871f97d958a3,73.086,541.774
deep-researcher-1785976385-c82bf64f6783,73.104,566.681
wide-researcher-1785976385-96119ed56f40,73.117,203.824
reviewer-1785976385-f525d3a72cd9,73.155,538.170
data-analyst-1785976385-dca2fc5ccab1,73.201,418.496
deep-researcher-1785976385-9806e2f6c69c,73.241,636.172
wide-researcher-1785976385-5914562e8639,73.265,199.957
reviewer-1785976385-e4afdd88c9a3,73.313,586.178
data-analyst-1785976357-2e7c6a1e2ece,73.339,199.756
data-analyst-1785976385-06c5e449f500,73.354,536.371
data-analyst-1785976357-fee33ead0d6b,73.354,126.285
deep-researcher-1785976385-ebc3f49042fd,73.374,304.023
wide-researcher-1785976385-400fbcbbe975,73.386,203.900
reviewer-1785976385-4a5e22213a8e,73.431,547.043
data-analyst-1785976385-51da4df5b53a,73.519,307.544
deep-researcher-1785976385-4e687826f9de,73.533,316.111
wide-researcher-1785976385-2a7a070814ee,73.554,649.004
reviewer-1785976386-06b6c700e4ef,73.577,561.302
data-analyst-1785976386-e1538dd52d3f,73.611,625.443
data-analyst-1785976349-54d88b4d5733,73.615,73.615
deep-researcher-1785976386-a13b0c275498,73.623,534.550
wide-researcher-1785976386-4d8df3cb64ea,73.636,648.041
reviewer-1785976386-197b21bc44ae,73.658,418.029
data-analyst-1785976386-977d2f84582f,73.688,417.394
deep-researcher-1785976386-bbeae756e7c5,73.717,200.882
wide-researcher-1785976386-e9fae3ff7e89,73.730,199.574
reviewer-1785976386-233cfafbc231,73.748,548.212
data-analyst-1785976386-6948ea9feaf6,73.779,678.978
data-analyst-1785976355-66e0319c4c7d,73.787,181.044
deep-researcher-1785976386-4f5baabf5b54,73.815,634.453
wide-researcher-1785976386-702dd2bc11b9,73.866,200.522
reviewer-1785976386-5c858b5df6aa,73.937,424.451
data-analyst-1785976386-888040c6d32c,73.967,664.501
deep-researcher-1785976386-ec13edbf66c7,73.988,210.846
wide-researcher-1785976386-6c26ba0a7982,74.027,200.961
reviewer-1785976386-f664df3cf126,74.052,673.544
data-analyst-1785976386-2574ae317c92,74.094,648.564
deep-researcher-1785976386-8dd60bf8b2cb,74.184,309.548
wide-researcher-1785976386-4b85ea1f799b,74.202,208.864
reviewer-1785976386-2ed0c1b9a467,74.234,542.897
data-analyst-1785976386-5f7c0ebeeaae,74.268,321.199
deep-researcher-1785976386-8bf5259c9afd,74.281,640.164
wide-researcher-1785976386-e41769830354,74.310,430.146
reviewer-1785976386-a89f9e45b1d2,74.356,324.624
data-analyst-1785976386-464134c0a129,74.391,431.528
deep-researcher-1785976386-16676bf7b097,74.453,191.903
wide-researcher-1785976386-a0b4e64f3f46,74.474,202.999
reviewer-1785976386-628c7f63afff,74.487,561.260
data-analyst-1785976386-8e76da7c0f07,74.522,553.404
deep-researcher-1785976387-bed4cc85e7ec,74.541,333.745
wide-researcher-1785976387-e01b67efc39a,74.563,303.590
data-analyst-1785976355-c9446d431ee9,74.582,74.582
reviewer-1785976387-3bbdf4eac06b,74.620,435.842
data-analyst-1785976349-1923c5f02ba4,74.643,74.643
data-analyst-1785976387-8f0c6ca365a9,74.652,318.290
deep-researcher-1785976387-50acf6862d16,74.682,312.259
wide-researcher-1785976387-2389de63ce5f,74.706,302.665
reviewer-1785976387-8a512b649ef9,74.770,636.501
data-analyst-1785976352-63a3cac09d3c,74.800,74.801
data-analyst-1785976387-4657d8aa0c7b,74.836,380.115
data-analyst-1785976353-0c0d11898c12,74.859,74.859
deep-researcher-1785976387-5b00403594cd,74.872,301.948
wide-researcher-1785976387-2a4c54d57f19,74.889,436.812
reviewer-1785976387-b1ee882085ee,74.902,538.736
data-analyst-1785976355-74e718811488,74.923,74.924
data-analyst-1785976353-6561d66de955,74.940,74.940
data-analyst-1785976387-075b9a1c2183,74.949,650.891
deep-researcher-1785976387-b7245eb6bc47,74.962,208.177
wide-researcher-1785976387-458536dca6b8,74.980,232.400
reviewer-1785976387-54749c78770c,75.036,639.676
data-analyst-1785976387-cd09cacb3f37,75.063,560.608
deep-researcher-1785976387-ebb8208232d9,75.086,348.896
wide-researcher-1785976387-d316f59f9328,75.099,178.677
reviewer-1785976387-a11ddc74b5f9,75.112,431.773
data-analyst-1785976387-e5afc20e14dd,75.154,554.401
data-analyst-1785976349-bc7835db96a5,75.164,75.164
deep-researcher-1785976387-d8eaf0412dd3,75.169,655.877
wide-researcher-1785976387-1ff608c6a6de,75.199,188.783
reviewer-1785976387-2fbfbc6e6690,75.225,540.210
data-analyst-1785976360-339983738548,75.240,126.381
data-analyst-1785976387-cf396e029a7a,75.253,424.649
deep-researcher-1785976387-2fef4d7ed15a,75.266,247.988
wide-researcher-1785976387-fc8a47f88e47,75.291,304.760
reviewer-1785976387-9b1e04610966,75.326,518.661
data-analyst-1785976387-a72369d46375,75.384,434.011
deep-researcher-1785976387-651987ddae1d,75.413,533.564
wide-researcher-1785976387-4cca1d35f732,75.447,308.199
data-analyst-1785976358-0f454f40141d,75.472,126.771
reviewer-1785976387-3aeef430e3f4,75.490,441.520
data-analyst-1785976387-adbbb62501b4,75.539,348.102
deep-researcher-1785976387-1e3a44e0b629,75.558,646.187
data-analyst-1785976356-ca90522d1724,75.572,205.504
data-analyst-1785976355-5b30aac9f05e,75.589,75.590
wide-researcher-1785976388-ccd59900f503,75.612,203.593
reviewer-1785976388-5d4d5aa3336f,75.653,536.704
data-analyst-1785976388-40cee1e6b68b,75.697,453.742
deep-researcher-1785976388-14c5c7e7c619,75.715,206.258
data-analyst-1785976357-19653a17830a,75.765,75.765
wide-researcher-1785976388-f8aae3a9b202,75.789,393.981
data-analyst-1785976357-97ca89661728,75.798,75.798
reviewer-1785976388-d35a1989115c,75.823,635.948
data-analyst-1785976388-f4548d63df8b,75.853,361.682
deep-researcher-1785976388-4a6e98fca712,75.876,235.491
data-analyst-1785976353-246434c980e2,75.891,75.891
wide-researcher-1785976388-f79a0579150e,75.962,163.645
reviewer-1785976388-bbf1ddafc093,75.975,636.397
data-analyst-1785976357-acbb71f59078,75.991,75.992
data-analyst-1785976388-0f1359f41bfe,76.000,556.909
deep-researcher-1785976388-f6fca1667c5b,76.013,204.543
wide-researcher-1785976388-74a636004f79,76.031,196.490
reviewer-1785976388-49420436a0fa,76.072,607.209
data-analyst-1785976388-52bf6bc332d3,76.126,580.968
deep-researcher-1785976388-8c6b54f9f6d5,76.139,533.830
data-analyst-1785976360-866bb520b40d,76.143,155.492
wide-researcher-1785976388-859dfbce3cba,76.164,211.110
reviewer-1785976388-703a54407ac7,76.217,637.422
data-analyst-1785976388-a73ea7b9313f,76.289,663.666
deep-researcher-1785976388-72ed4cb5a67a,76.324,415.620
wide-researcher-1785976388-df14f37c7b98,76.383,203.560
data-analyst-1785976356-6168c4ea8293,76.400,76.400
reviewer-1785976388-63a56c41421f,76.400,435.272
data-analyst-1785976349-a6c4a89c67f7,76.457,76.458
data-analyst-1785976388-f5058c8c944f,76.458,322.610
deep-researcher-1785976388-3cfc7c2f39cc,76.543,323.474
wide-researcher-1785976388-3dd0ced16877,76.561,309.457
reviewer-1785976388-3009e56c20cd,76.593,508.687
data-analyst-1785976389-fcbe2978f9dd,76.618,633.811
deep-researcher-1785976389-a8681a1c5e6f,76.630,215.747
data-analyst-1785976351-41137703076b,76.639,76.639
wide-researcher-1785976389-3dcbbb96365a,76.666,145.051
reviewer-1785976389-58225ea24669,76.680,425.310
data-analyst-1785976389-e0aaa1c66890,76.749,504.964
deep-researcher-1785976389-ef6cd0ba9311,76.761,578.992
wide-researcher-1785976389-fa1591275445,76.774,206.622
reviewer-1785976389-7cc22e21635f,76.787,383.280
data-analyst-1785976361-0d5e256b4bce,76.805,315.596
data-analyst-1785976361-3504566658f1,76.817,134.751
data-analyst-1785976389-fa46b612cd3d,76.830,309.266
deep-researcher-1785976389-8a90f46be18c,76.895,363.709
wide-researcher-1785976389-6af2d04ff8a1,76.925,211.438
reviewer-1785976389-fc28b92cd9a6,76.991,560.190
data-analyst-1785976389-cccb4026022d,77.094,686.852
deep-researcher-1785976389-d834c2305783,77.112,360.240
data-analyst-1785976349-73836ff0c041,77.116,77.116
wide-researcher-1785976389-7d42870262b1,77.124,537.818
reviewer-1785976389-a661ce7a2688,77.179,553.593
data-analyst-1785976389-8b6b412b780d,77.233,416.615
deep-researcher-1785976389-ea767b4f1309,77.263,331.491
wide-researcher-1785976389-a862eaa834a4,77.300,376.796
data-analyst-1785976355-f6c062715ddb,77.304,77.305
reviewer-1785976389-4bf6c8f025a3,77.331,440.597
data-analyst-1785976389-685de5b18bf6,77.363,442.819
data-analyst-1785976355-2ec94a394da1,77.364,77.368
deep-researcher-1785976389-7435f50eb4a2,77.412,203.265
wide-researcher-1785976389-1cd04f168018,77.465,662.009
reviewer-1785976389-e0a4a5a286a4,77.486,418.630
data-analyst-1785976389-769753de172f,77.511,438.929
deep-researcher-1785976389-eef123bb52e1,77.542,423.756
wide-researcher-1785976390-d613ca1cc7da,77.590,271.417
reviewer-1785976390-79ce1dd6e016,77.603,549.655
data-analyst-1785976354-f6244f6fa31d,77.665,209.047
data-analyst-1785976390-c53e253bdc13,77.678,657.548
deep-researcher-1785976390-0318a99bf86f,77.728,209.507
wide-researcher-1785976390-d32074a2a1a9,77.742,543.872
reviewer-1785976390-65b89dd695ef,77.794,552.226
data-analyst-1785976362-e43f8826e974,77.816,201.661
data-analyst-1785976390-6fa4119fdde2,77.834,540.297
data-analyst-1785976358-509c6fd2a843,77.852,77.852
deep-researcher-1785976390-f6b0b80c316e,77.887,433.879
wide-researcher-1785976390-3b82b7644034,77.909,206.855
reviewer-1785976390-a63650b1418b,77.925,646.267
data-analyst-1785976390-4b9e1412c33e,77.967,421.429
deep-researcher-1785976390-918bc3f551a2,78.054,224.376
wide-researcher-1785976390-bb3fcc6b3145,78.067,423.721
reviewer-1785976390-1b478a74f5dc,78.108,538.202
data-analyst-1785976390-2a735c36c79d,78.137,573.109
data-analyst-1785976358-8e0eb7d8063d,78.146,78.146
data-analyst-1785976354-72497e065ece,78.161,78.161
deep-researcher-1785976390-0124cc980d11,78.173,279.340
wide-researcher-1785976390-bd12d655d648,78.196,366.767
reviewer-1785976390-48cf917f023b,78.208,524.741
data-analyst-1785976359-652d5dd5c5ed,78.212,78.212
data-analyst-1785976390-921571bacc81,78.245,305.214
deep-researcher-1785976390-86aeeb34f376,78.264,309.970
wide-researcher-1785976390-239218e26836,78.276,153.006
reviewer-1785976390-cccf80db740c,78.290,508.988
data-analyst-1785976351-848f84bd9bb5,78.299,78.300
data-analyst-1785976390-e7487d126cd4,78.317,682.572
deep-researcher-1785976390-b13db5f30005,78.343,664.833
wide-researcher-1785976390-5f57b62cf3a8,78.392,472.781
reviewer-1785976390-30b39c30c8e4,78.406,352.193
data-analyst-1785976390-a694d5f7d7b7,78.437,415.938
deep-researcher-1785976390-30dbeb941a2a,78.466,201.733
wide-researcher-1785976390-73ba903181b2,78.502,309.252
reviewer-1785976390-53cd15ed108e,78.553,653.074
data-analyst-1785976391-477f846247a3,78.591,434.555
deep-researcher-1785976391-79e0d0108901,78.684,477.147
wide-researcher-1785976391-0c71460ca6a6,78.814,549.928
reviewer-1785976391-ad6465ff9d95,78.848,660.311
data-analyst-1785976391-ddd986722bec,78.881,559.312
deep-researcher-1785976391-d2464cfebc93,78.917,572.478
wide-researcher-1785976391-0aa919210600,78.979,304.772
reviewer-1785976391-5d72c462d8ab,78.992,321.307
data-analyst-1785976391-15f17547c391,79.022,421.412
deep-researcher-1785976391-0774b8966c09,79.059,201.040
wide-researcher-1785976391-2f5d3cd6d7e7,79.084,201.059
data-analyst-1785976361-1947dc00ad31,79.092,126.527
reviewer-1785976391-12a56c7871f7,79.097,428.918
data-analyst-1785976391-5ef28af0cec9,79.122,532.437
data-analyst-1785976358-bb085cbda4cc,79.175,79.176
deep-researcher-1785976391-7eed79609209,79.184,309.470
wide-researcher-1785976391-0d0496d004b5,79.206,200.800
reviewer-1785976391-e903f34d6d93,79.232,404.432
data-analyst-1785976391-920e8520ba2a,79.304,548.294
data-analyst-1785976364-1cf61a27cf36,79.327,129.412
deep-researcher-1785976391-d39678fe81d1,79.340,207.163
data-analyst-1785976364-09070c34bd9b,79.340,206.901
wide-researcher-1785976391-e90977cf90bb,79.403,424.896
reviewer-1785976391-215254cd44d8,79.421,369.720
data-analyst-1785976391-d2dd9df76033,79.507,422.721
data-analyst-1785976358-6774bfcb1865,79.526,128.581
deep-researcher-1785976391-8c6651d8cf43,79.556,584.430
wide-researcher-1785976391-e8568495cb5e,79.575,300.916
reviewer-1785976392-b9bcd2ab6293,79.589,560.672
data-analyst-1785976392-ed12b6c89d2d,79.628,315.411
deep-researcher-1785976392-639feee49694,79.642,211.624
wide-researcher-1785976392-4b13ceab05aa,79.656,319.109
reviewer-1785976392-bfcede9ef8cd,79.681,320.819
data-analyst-1785976392-1ec71d74593d,79.711,440.644
deep-researcher-1785976392-4486520fa547,79.729,305.547
wide-researcher-1785976392-5034a037a474,79.760,316.574
reviewer-1785976392-823657b2fc41,79.774,555.706
data-analyst-1785976392-03532ddfcdb2,79.799,559.988
deep-researcher-1785976392-813fc2f121e4,79.813,546.532
wide-researcher-1785976392-0e2ee95d220f,79.827,331.992
reviewer-1785976392-2674d1437191,79.853,550.510
data-analyst-1785976352-995e3e4691d2,79.874,79.875
data-analyst-1785976392-b10a8ba9beb2,79.896,442.743
deep-researcher-1785976392-88889c103af9,79.910,575.540
wide-researcher-1785976392-bcc2f4113685,79.929,365.272
data-analyst-1785976349-6fe50725578a,80.012,80.013
reviewer-1785976392-1841ae7ec351,80.027,372.005
data-analyst-1785976392-c2911ab9d728,80.065,550.292
deep-researcher-1785976392-051a0c3f0794,80.079,211.188
wide-researcher-1785976392-4614c803480a,80.098,304.050
reviewer-1785976392-02195880b613,80.111,549.054
data-analyst-1785976360-ed07e9e8f738,80.166,80.166
data-analyst-1785976360-a79f9ee0adb8,80.179,80.179
data-analyst-1785976392-d2693ec60395,80.192,433.588
data-analyst-1785976359-cec4fd506988,80.196,80.196
deep-researcher-1785976392-a20edda500df,80.205,200.644
wide-researcher-1785976392-9efd35e8b54f,80.228,306.047
reviewer-1785976392-3c86841f1db3,80.314,639.011
data-analyst-1785976358-01b5f5bfee3b,80.340,80.341
data-analyst-1785976392-d620a66fef10,80.350,539.080
deep-researcher-1785976392-d36126f9b7a7,80.363,232.251
wide-researcher-1785976392-e399c8c81ea9,80.395,256.680
data-analyst-1785976351-cd0b2813bcf3,80.425,80.426
reviewer-1785976392-1db81c9e6dd3,80.430,619.597
data-analyst-1785976365-a58ff25b23f8,80.474,143.124
data-analyst-1785976392-3e9876fba556,80.499,537.022
deep-researcher-1785976392-57a9b3c70fab,80.512,321.034
data-analyst-1785976360-8741014de781,80.512,80.513
wide-researcher-1785976392-d361199c14d5,80.531,364.150
reviewer-1785976393-64da3c6b5a0c,80.544,552.112
data-analyst-1785976365-b5cd76872d49,80.565,126.239
data-analyst-1785976393-41cb6029c6ba,80.592,652.990
deep-researcher-1785976393-ddfca81ebb7e,80.606,306.400
wide-researcher-1785976393-669f0b9345f1,80.619,555.511
reviewer-1785976393-914ab933a7d2,80.632,581.245
data-analyst-1785976393-436ef005979c,80.668,593.633
deep-researcher-1785976393-7454df29f31e,80.701,189.877
wide-researcher-1785976393-029221c73f00,80.751,546.399
reviewer-1785976393-cc86ab0043ed,80.816,662.378
data-analyst-1785976393-53b0b62cf017,80.858,644.185
data-analyst-1785976360-c4816754fd35,80.868,80.868
deep-researcher-1785976393-55cc76bac52d,80.888,335.605
wide-researcher-1785976393-9d46c749a9ff,80.907,423.415
reviewer-1785976393-534774ec70ec,80.921,655.206
data-analyst-1785976393-b1c7789c1f85,80.995,421.847
deep-researcher-1785976393-83fe6b1cc2b7,81.083,300.728
wide-researcher-1785976393-7407d97431ec,81.103,203.208
reviewer-1785976393-b652a4a42aeb,81.118,562.152
data-analyst-1785976393-8248a33d4be5,81.148,537.297
deep-researcher-1785976393-15f59178743b,81.185,539.612
wide-researcher-1785976393-cfd5580b1126,81.202,580.495
reviewer-1785976393-99b16123e804,81.215,541.132
data-analyst-1785976393-691b46e03005,81.241,431.329
deep-researcher-1785976393-89ad7d39d6c7,81.263,589.621
wide-researcher-1785976393-f05e273fcd75,81.294,308.679
reviewer-1785976393-cf01c2b1d775,81.307,441.133
data-analyst-1785976393-6d1881d3bca1,81.332,534.754
deep-researcher-1785976393-6e606e4209a0,81.360,313.475
wide-researcher-1785976393-77a7f9d4b576,81.374,316.440
reviewer-1785976393-cc9ddd3a8cde,81.412,430.991
data-analyst-1785976361-6caaa3aacb42,81.514,81.514
data-analyst-1785976360-333eab3173de,81.528,81.528
data-analyst-1785976393-7416640c50f9,81.540,426.276
deep-researcher-1785976393-e27400011603,81.557,546.743
data-analyst-1785976349-475c5af76ad3,81.561,81.561
wide-researcher-1785976393-256bbe80bdc1,81.578,210.964
reviewer-1785976393-f80905743bd3,81.607,564.065
data-analyst-1785976394-c58c30ef0747,81.707,311.025
deep-researcher-1785976394-15515158d2e1,81.750,310.224
data-analyst-1785976366-80d4feba3c32,81.797,208.398
data-analyst-1785976366-249b173a7a7c,81.811,137.368
wide-researcher-1785976394-757eba4bb38a,81.827,209.473
reviewer-1785976394-21adc89b573b,81.840,670.618
data-analyst-1785976394-55c908ff0cb8,81.870,666.194
deep-researcher-1785976394-d810453e9080,81.887,240.927
wide-researcher-1785976394-62adc5a95bbc,81.906,210.346
reviewer-1785976394-d108eee7fc69,81.929,414.844
data-analyst-1785976394-eacabb039ac1,82.005,423.111
deep-researcher-1785976394-4a4b086673b4,82.017,468.677
wide-researcher-1785976394-cb6b8415b044,82.041,175.065
reviewer-1785976394-f7d337c9d5b3,82.053,422.614
data-analyst-1785976394-f3197f32cef8,82.114,556.109
deep-researcher-1785976394-14717289cd29,82.127,207.786
data-analyst-1785976360-a5e6cdd191d0,82.136,82.136
wide-researcher-1785976394-0d151564e6b1,82.141,308.154
reviewer-1785976394-ea011c1fadba,82.153,592.925
data-analyst-1785976358-9d5876837b28,82.211,82.212
data-analyst-1785976359-37ae7632d433,82.282,82.283
data-analyst-1785976394-ff85aa76399e,82.315,439.713
deep-researcher-1785976394-2481b087a190,82.336,204.723
wide-researcher-1785976394-42077bef984d,82.349,204.929
reviewer-1785976394-e69c53e69c94,82.367,636.795
data-analyst-1785976355-40e19d1f3f79,82.412,82.412
data-analyst-1785976394-b2e76467d133,82.421,542.091
deep-researcher-1785976394-b591c1f4ca02,82.491,305.682
data-analyst-1785976354-a52bc7470210,82.517,82.518
data-analyst-1785976361-a4356be1972a,82.530,82.531
wide-researcher-1785976394-83fd00c90848,82.598,220.901
reviewer-1785976394-6beadb82e8f8,82.611,573.675
data-analyst-1785976365-024fd8f53165,82.619,126.590
data-analyst-1785976394-43e36de20aae,82.636,546.839
deep-researcher-1785976395-4c0d7aea53aa,82.661,639.138
wide-researcher-1785976395-3559347ef5fb,82.678,212.142
reviewer-1785976395-fd0215f5b741,82.701,547.420
data-analyst-1785976395-52d3eca3b364,82.726,457.577
deep-researcher-1785976395-49a69e408d2b,82.739,597.784
wide-researcher-1785976395-bfcdbf9dc681,82.751,208.747
reviewer-1785976395-488901a8cc65,82.775,420.199
data-analyst-1785976395-9a6ec62c9144,82.812,539.765
deep-researcher-1785976395-befe5f851ccd,82.825,204.509
wide-researcher-1785976395-bb10d343c35b,82.837,204.739
reviewer-1785976395-9fe1b01ae24b,82.850,540.356
data-analyst-1785976349-c2adc7177632,82.858,82.859
data-analyst-1785976395-b21d3fcf4b9f,82.886,323.132
deep-researcher-1785976395-bcc04a324f80,82.913,549.326
wide-researcher-1785976395-be4277edcdfc,82.944,207.037
reviewer-1785976395-57edd6cc9f31,83.049,580.231
data-analyst-1785976395-0bc7d9346f3b,83.085,540.837
deep-researcher-1785976395-b6b8f00fb19d,83.122,418.596
wide-researcher-1785976395-898fad44e689,83.183,312.326
reviewer-1785976395-61d098fdaffe,83.215,538.348
data-analyst-1785976395-0f7ab3cbbc12,83.254,553.560
deep-researcher-1785976395-1eadc3246ea5,83.339,667.724
wide-researcher-1785976395-ba64ae3c4d05,83.352,209.648
reviewer-1785976395-4ac067e7c270,83.365,667.442
data-analyst-1785976361-08fcdbd99a62,83.403,83.404
data-analyst-1785976395-c5c7909bb53f,83.419,645.069
deep-researcher-1785976395-8b39adf14ce7,83.451,316.361
wide-researcher-1785976395-fd796adc92c5,83.463,209.012
data-analyst-1785976362-84fcb3ae2526,83.485,83.485
data-analyst-1785976364-648208b68570,83.499,150.564
reviewer-1785976395-6a2974165b2c,83.522,543.048
data-analyst-1785976354-f79a1c8dc249,83.553,83.553
data-analyst-1785976395-8dd2c6680718,83.561,304.452
deep-researcher-1785976396-1977496c9107,83.574,221.823
wide-researcher-1785976396-aecc19fed4e8,83.615,400.107
reviewer-1785976396-23c7ad50b2b0,83.628,357.549
data-analyst-1785976396-b590ef5f9d00,83.654,553.449
deep-researcher-1785976396-7517dc1d3ab1,83.667,300.053
data-analyst-1785976354-12807210a253,83.805,126.270
wide-researcher-1785976396-eaa84bdd78c6,83.831,200.043
reviewer-1785976396-55bc766f3256,83.863,427.472
data-analyst-1785976396-ba1c6940e404,83.909,558.400
data-analyst-1785976364-416e0bc45bd1,83.999,124.773
deep-researcher-1785976396-850b283bc24a,84.004,318.747
wide-researcher-1785976396-91cc24c9ed25,84.025,433.950
reviewer-1785976396-2ac8cd2c309a,84.104,578.654
data-analyst-1785976361-940befff3e77,84.113,84.114
data-analyst-1785976396-c3c5149dd07f,84.135,647.069
deep-researcher-1785976396-f5c5ca7995b5,84.148,333.914
wide-researcher-1785976396-b6a9c788cc7b,84.189,220.342
reviewer-1785976396-4e314e1423dd,84.214,378.628
data-analyst-1785976396-de081dc4637b,84.256,420.638
data-analyst-1785976368-89685cb8b5f9,84.274,188.578
deep-researcher-1785976396-1e468ca408f5,84.291,209.441
wide-researcher-1785976396-eb6abf094f9d,84.304,138.514
reviewer-1785976396-ba8a4aef6e9c,84.326,655.732
data-analyst-1785976396-67e642b519e8,84.357,437.271
deep-researcher-1785976396-0a1ef44d1bde,84.398,540.493
wide-researcher-1785976396-16366702bbbe,84.422,305.184
reviewer-1785976396-64dd7bc2ff15,84.453,543.216
data-analyst-1785976396-13cdf7960fe8,84.568,467.261
deep-researcher-1785976396-9b089dbf253f,84.596,345.690
wide-researcher-1785976396-26d8816f19fc,84.631,204.994
reviewer-1785976397-fef8a0d900e6,84.644,551.246
data-analyst-1785976397-dd778e05ba30,84.698,686.100
data-analyst-1785976360-cbdfeee0d507,84.714,84.714
deep-researcher-1785976397-cebb966f4cd6,84.726,234.004
wide-researcher-1785976397-afc16a29e249,84.739,201.832
reviewer-1785976397-166dcc4c0de0,84.764,374.331
data-analyst-1785976397-5df026d4b329,84.848,431.052
deep-researcher-1785976397-26078ca496f8,84.861,320.197
wide-researcher-1785976397-d052a83899ef,84.874,557.833
reviewer-1785976397-b6dcf7b511db,84.887,565.387
data-analyst-1785976397-3756b6f4549d,84.924,305.491
deep-researcher-1785976397-7a0e2e8e512a,84.950,209.032
wide-researcher-1785976397-23c2eaacb1c8,84.967,319.589
data-analyst-1785976360-12878b20d324,85.019,85.020
reviewer-1785976397-88ef399c5c34,85.032,497.496
data-analyst-1785976397-fa75dd18abaf,85.068,493.287
data-analyst-1785976356-95dcf88da82f,85.082,85.083
deep-researcher-1785976397-69641695ca7f,85.131,304.035
wide-researcher-1785976397-8248b8199580,85.144,427.343
reviewer-1785976397-9c4938636157,85.157,437.184
data-analyst-1785976397-35578b68ead5,85.185,461.867
deep-researcher-1785976397-fd781a1bec98,85.236,204.095
wide-researcher-1785976397-152e03488c1a,85.286,416.566
reviewer-1785976397-30d725c06caa,85.344,341.899
data-analyst-1785976364-35b2f7297230,85.361,85.362
data-analyst-1785976397-b9ddbcb5541a,85.376,657.318
deep-researcher-1785976397-645865a9d720,85.484,428.168
wide-researcher-1785976397-ff6e28cce5fe,85.512,171.899
reviewer-1785976397-83bb218d869d,85.536,563.135
data-analyst-1785976397-deea0825080e,85.611,417.718
deep-researcher-1785976398-b0d78f3af933,85.625,334.284
wide-researcher-1785976398-290dbb35937f,85.656,224.312
reviewer-1785976398-6211686155d4,85.692,478.940
data-analyst-1785976398-5e3b97e147cd,85.727,536.061
deep-researcher-1785976398-bb3ec0318532,85.748,235.756
wide-researcher-1785976398-f7e12324f447,85.770,252.952
reviewer-1785976398-f27678cbd2d7,85.795,541.420
data-analyst-1785976398-4093888d2a1f,85.855,639.961
deep-researcher-1785976398-d6a6b2949735,85.869,651.927
wide-researcher-1785976398-0bbe2cabe85b,85.895,320.075
data-analyst-1785976360-cc93a9cfe3ef,85.912,85.913
reviewer-1785976398-0a8206c67198,85.932,441.230
data-analyst-1785976398-85eaf28299fc,85.964,634.972
data-analyst-1785976355-24716b4c817e,86.052,86.052
deep-researcher-1785976398-bb83cb282c6a,86.086,311.863
wide-researcher-1785976398-4e4c6fe984c4,86.110,417.899
reviewer-1785976398-99dfb9ce76c1,86.140,652.831
data-analyst-1785976398-4903b5f3f11f,86.196,565.706
deep-researcher-1785976398-837679ad19fd,86.243,351.802
wide-researcher-1785976398-5d4d9031da68,86.273,282.621
reviewer-1785976398-edefe301693a,86.382,553.277
data-analyst-1785976365-33e0914d6fef,86.398,86.399
data-analyst-1785976398-a86cce53e338,86.407,417.180
deep-researcher-1785976398-012d8d262796,86.437,209.760
wide-researcher-1785976398-1d37b44a1aa9,86.452,209.458
data-analyst-1785976360-41e676435c16,86.464,86.465
data-analyst-1785976349-1360fe9f6d5a,86.479,86.479
reviewer-1785976398-90ed50120411,86.484,552.806
data-analyst-1785976358-8c38d0d8d59e,86.528,86.528
data-analyst-1785976398-181cd6d0004a,86.549,424.729
deep-researcher-1785976399-843a41afcff4,86.573,241.685
wide-researcher-1785976399-d31d920881e2,86.632,309.152
reviewer-1785976399-094e8f4a76b8,86.653,647.335
data-analyst-1785976367-7aab6e04f3d3,86.674,86.674
data-analyst-1785976399-c2b80c2333d6,86.682,352.212
deep-researcher-1785976399-e852d6e7a81b,86.695,637.280
wide-researcher-1785976399-ae348bcf6c5d,86.720,309.385
reviewer-1785976399-8b713730b9b8,86.750,536.574
data-analyst-1785976399-b11fffdcf8a0,86.796,532.886
deep-researcher-1785976399-4019ed7009f9,86.851,304.164
wide-researcher-1785976399-57dfa1a3fec1,86.889,206.682
reviewer-1785976399-fe0a4caa8ee6,86.929,403.581
data-analyst-1785976349-f952d25dcb7c,86.937,86.938
data-analyst-1785976359-98786ba6e4a5,86.980,86.980
data-analyst-1785976399-073aecddbd8d,86.985,460.590
deep-researcher-1785976399-be6b56a24d77,87.017,432.879
wide-researcher-1785976399-8cacab65d9f6,87.051,314.837
reviewer-1785976399-45aecae5f2fb,87.123,532.542
data-analyst-1785976399-f8e0f82eda11,87.155,536.623
deep-researcher-1785976399-eff4ef1c7beb,87.169,658.942
wide-researcher-1785976399-90199eab8787,87.210,321.544
data-analyst-1785976366-11989ef9fea7,87.224,87.224
reviewer-1785976399-73d991a56296,87.243,545.931
data-analyst-1785976399-89bb549b29df,87.304,313.970
deep-researcher-1785976399-1b1ac43652f1,87.317,650.792
data-analyst-1785976358-c3162808ab3f,87.330,87.330
wide-researcher-1785976399-937f49d8ebb3,87.343,206.651
reviewer-1785976399-78e1507faf2f,87.357,475.230
data-analyst-1785976366-73d7684231ea,87.365,87.365
data-analyst-1785976367-1b47087e16ad,87.406,87.407
data-analyst-1785976367-f9216d2b3dc1,87.420,87.420
data-analyst-1785976399-66d945d3f80f,87.447,318.810
deep-researcher-1785976399-8f4d39ace9fa,87.476,643.700
wide-researcher-1785976399-889134e5da5e,87.587,321.339
reviewer-1785976399-f36623915393,87.600,587.118
data-analyst-1785976366-4fd748569526,87.639,87.639
data-analyst-1785976400-9c00ecb4062c,87.647,553.654
deep-researcher-1785976400-52fa474b4f92,87.717,202.270
wide-researcher-1785976400-2e9c0fa357bc,87.743,245.253
reviewer-1785976400-1798b5457cb2,87.787,425.691
data-analyst-1785976400-4ae81f287a44,87.865,550.558
data-analyst-1785976364-300d09fef7f2,87.881,87.882
deep-researcher-1785976400-da09299e4a5d,87.894,656.890
wide-researcher-1785976400-5d9d039152ae,87.909,424.816
reviewer-1785976400-8df36bccd104,87.925,636.595
data-analyst-1785976400-082a6206876f,87.961,661.332
deep-researcher-1785976400-43bd8b782a8d,87.987,206.836
wide-researcher-1785976400-c1f57b61df19,88.001,200.265
reviewer-1785976400-7123852ef9ec,88.040,558.356
data-analyst-1785976400-a41eeddcd211,88.084,509.739
deep-researcher-1785976400-a657101199c1,88.101,543.560
wide-researcher-1785976400-2a829642230e,88.143,210.263
reviewer-1785976400-47b3cf37a5cd,88.156,538.232
data-analyst-1785976400-1a3a208b7c22,88.182,372.061
deep-researcher-1785976400-5c979d0f9268,88.197,542.839
wide-researcher-1785976400-17468054a15f,88.234,429.414
reviewer-1785976400-c319d4009c8b,88.263,556.081
data-analyst-1785976400-6a87a5582e9a,88.313,533.050
deep-researcher-1785976400-2164f57f5d6a,88.363,616.642
wide-researcher-1785976400-da855a0208bc,88.409,311.929
reviewer-1785976400-b3278542a9d4,88.429,416.502
data-analyst-1785976400-9a6ebc18b4ee,88.505,417.490
deep-researcher-1785976400-d46ad4ce4861,88.539,199.553
wide-researcher-1785976400-3a3c96520d1b,88.563,211.418
reviewer-1785976401-0018cf016f2e,88.634,558.051
data-analyst-1785976401-875628e16d32,88.669,535.365
deep-researcher-1785976401-ff6f33c20ee6,88.703,322.026
wide-researcher-1785976401-cbbbcbe04504,88.729,201.868
reviewer-1785976401-512db137278e,88.751,651.944
data-analyst-1785976401-b1171087199b,88.818,432.247
deep-researcher-1785976401-82bf2c1342df,88.842,544.145
wide-researcher-1785976401-dc37360b80d3,88.862,423.630
reviewer-1785976401-1bb95e876d9a,88.884,662.779
data-analyst-1785976366-275ecbc8d20e,88.937,124.506
data-analyst-1785976401-ce3aeab662f1,88.950,473.532
deep-researcher-1785976401-5ab28bda9cb9,88.963,209.861
wide-researcher-1785976401-79d4d37486f9,88.993,211.092
reviewer-1785976401-ef086d4d41da,89.102,634.878
data-analyst-1785976401-cf03e8b1fb05,89.153,436.283
deep-researcher-1785976401-93ba8b3adaaa,89.167,316.328
data-analyst-1785976370-8e0e3ad22d50,89.218,126.002
wide-researcher-1785976401-5861117c8837,89.223,224.470
reviewer-1785976401-78c255eeaa51,89.236,658.479
data-analyst-1785976401-1457807f3ec8,89.296,403.867
data-analyst-1785976360-70b19f6a9996,89.305,89.305
deep-researcher-1785976401-496f4b3e6c17,89.314,303.270
wide-researcher-1785976401-5e422318be64,89.371,312.011
data-analyst-1785976360-a72f37021db5,89.385,89.386
reviewer-1785976401-99a31b02253f,89.394,478.725
data-analyst-1785976401-86ec80a14971,89.425,416.211
deep-researcher-1785976401-1b28e7287e0f,89.438,208.449
data-analyst-1785976367-1ebe3888a774,89.451,89.452
wide-researcher-1785976401-338bf424e998,89.471,426.822
data-analyst-1785976366-25b518369aee,89.485,89.486
reviewer-1785976401-3d4d77d289f6,89.503,677.909
data-analyst-1785976401-93f75ad513bd,89.552,319.575
deep-researcher-1785976402-5daf2be9d989,89.600,211.350
wide-researcher-1785976402-8f4928077a61,89.655,304.206
reviewer-1785976402-fce780504aa2,89.669,668.938
data-analyst-1785976372-79da302be1a3,89.682,140.083
data-analyst-1785976402-640a1b1f9a0b,89.700,394.032
deep-researcher-1785976402-7e4866126efc,89.726,201.676
wide-researcher-1785976402-aac9473e2eda,89.749,209.065
reviewer-1785976402-8e3e4d25a1e9,89.768,667.173
data-analyst-1785976402-9a5bfd98c320,89.814,439.171
data-analyst-1785976364-646fdc9b4f33,89.869,89.870
deep-researcher-1785976402-8061e2012dfa,89.882,539.986
wide-researcher-1785976402-db3183f87ff4,89.907,555.438
reviewer-1785976402-60802b00a662,89.938,636.974
data-analyst-1785976372-5b739ec1257a,90.014,125.640
data-analyst-1785976402-31a8a878703a,90.055,459.842
deep-researcher-1785976402-0d4e6e5a2b9d,90.074,305.353
wide-researcher-1785976402-8dfeb6185614,90.103,311.451
reviewer-1785976402-287f9e229b6f,90.147,549.688
data-analyst-1785976402-92681fd6d95c,90.178,570.439
deep-researcher-1785976402-1c90be65a1c7,90.217,425.370
wide-researcher-1785976402-f11a1f2fd805,90.237,594.103
reviewer-1785976402-67f6201dba52,90.250,426.058
data-analyst-1785976402-fa0439defca4,90.288,662.207
data-analyst-1785976365-044e7107d01e,90.305,90.306
deep-researcher-1785976402-5b4bc4dfc765,90.332,384.147
wide-researcher-1785976402-b4394ca20702,90.345,427.277
reviewer-1785976402-743b2841ad93,90.372,428.521
data-analyst-1785976366-789e9ae3115b,90.387,90.387
data-analyst-1785976402-12c3e9e9d2cc,90.399,486.005
data-analyst-1785976356-70c3842c70cf,90.418,90.419
deep-researcher-1785976402-e83ade27f794,90.428,642.596
wide-researcher-1785976402-5ab48bc0350f,90.465,215.854
reviewer-1785976402-a1d4226a4a92,90.494,664.939
data-analyst-1785976402-f28e25ec5eec,90.583,494.490
data-analyst-1785976360-a5a2b8de0e1b,90.597,90.597
deep-researcher-1785976402-669a477c10ce,90.616,426.966
wide-researcher-1785976403-493cccf96066,90.629,548.179
reviewer-1785976403-93af951d3260,90.668,588.425
data-analyst-1785976360-e450aa2a35ff,90.708,90.708
data-analyst-1785976403-9e94f9215184,90.713,546.591
data-analyst-1785976349-c71d16bb8c03,90.726,90.726
deep-researcher-1785976403-bf8621b378bd,90.734,309.612
wide-researcher-1785976403-0fd8d4ec37fc,90.749,239.883
reviewer-1785976403-e62e69c3c310,90.765,320.332
data-analyst-1785976361-8b62b276098f,90.787,128.847
data-analyst-1785976403-f5e9a4bd8f90,90.810,665.026
deep-researcher-1785976403-3a05026d33cc,90.881,303.505
wide-researcher-1785976403-61801a3602ab,90.913,207.803
reviewer-1785976403-b94267945e53,90.927,531.347
data-analyst-1785976403-93f77168c4b1,90.956,538.580
deep-researcher-1785976403-0f4ae6c27bfd,90.980,316.558
wide-researcher-1785976403-539bdeb3e0f5,91.009,212.457
reviewer-1785976403-22f0a9eb7f94,91.023,642.038
data-analyst-1785976403-0d65c846ae9d,91.063,665.494
deep-researcher-1785976403-b838209c30c8,91.082,300.327
wide-researcher-1785976403-20eb6226d1bb,91.112,220.852
reviewer-1785976403-50272817786f,91.174,417.195
data-analyst-1785976403-6b44af015863,91.209,437.070
deep-researcher-1785976403-910689caf4b3,91.222,546.503
wide-researcher-1785976403-fcb9cdd0b2f5,91.297,644.079
data-analyst-1785976364-c83365e83c77,91.312,91.312
reviewer-1785976403-2490bc340780,91.320,468.645
data-analyst-1785976403-c4fed72d7ce9,91.363,429.515
deep-researcher-1785976403-006b9d4ee191,91.383,304.179
data-analyst-1785976353-79859d8920b0,91.399,91.400
data-analyst-1785976349-a0210659fe20,91.416,91.417
wide-researcher-1785976403-066f50a8ddd6,91.421,549.779
reviewer-1785976403-f00f56243ec9,91.451,439.566
data-analyst-1785976403-7cd2d658f0c3,91.527,485.867
deep-researcher-1785976403-0aa4a9788993,91.555,664.972
wide-researcher-1785976403-7259baa23c7f,91.590,383.084
reviewer-1785976404-53d0fd06abbf,91.616,449.071
data-analyst-1785976404-ad00076cd2f3,91.731,576.044
deep-researcher-1785976404-dea3374392a3,91.754,650.344
wide-researcher-1785976404-bcd321c421ed,91.769,317.382
reviewer-1785976404-dbd282771337,91.802,634.084
data-analyst-1785976367-ecb93e5244a7,91.817,91.817
data-analyst-1785976404-e9dacec048c3,91.836,638.890
deep-researcher-1785976404-eefd7e33bb7e,91.862,567.705
wide-researcher-1785976404-5c0e54f3c544,91.891,307.177
reviewer-1785976404-ae9bb82dbdbb,91.904,635.981
data-analyst-1785976404-9e4a803d0ab8,91.948,537.459
deep-researcher-1785976404-38e653f034de,91.976,208.925
wide-researcher-1785976404-6853225cb386,92.014,438.176
reviewer-1785976404-d9bdc76340f2,92.100,433.794
data-analyst-1785976404-7a6991310c9e,92.136,494.316
deep-researcher-1785976404-88bfa3d9bf75,92.168,238.497
data-analyst-1785976373-3029cb0c80a6,92.169,125.507
wide-researcher-1785976404-af7cb1b2027a,92.185,563.289
reviewer-1785976404-ebf8dc817e7c,92.247,547.998
data-analyst-1785976404-4fdb68a9028d,92.283,323.324
data-analyst-1785976373-40521ee5d459,92.334,128.875
data-analyst-1785976373-3cc3321946d5,92.348,126.862
deep-researcher-1785976404-0781cb7b10ba,92.390,199.941
wide-researcher-1785976404-eefb17247875,92.422,322.684
reviewer-1785976404-d9581d54350a,92.446,437.629
data-analyst-1785976404-417d9fd94f4f,92.475,540.526
deep-researcher-1785976404-8cb5cc04809e,92.522,204.979
wide-researcher-1785976404-828df36bb197,92.535,304.815
reviewer-1785976405-cbe1cd1f844c,92.554,545.608
data-analyst-1785976405-0906302fe698,92.623,534.803
deep-researcher-1785976405-d5c34df85373,92.663,561.467
wide-researcher-1785976405-e6c40714987f,92.683,555.963
reviewer-1785976405-fd941e6b9729,92.703,330.446
data-analyst-1785976405-1c2a2706e313,92.731,424.367
data-analyst-1785976373-ddf00b65496f,92.753,127.693
deep-researcher-1785976405-6c2c75916357,92.758,211.652
wide-researcher-1785976405-80b51a61f60a,92.803,555.388
reviewer-1785976405-9e251c691d11,92.828,480.904
data-analyst-1785976405-54640a0faad3,92.877,645.175
data-analyst-1785976368-6f846fdda1f3,92.913,92.914
deep-researcher-1785976405-ca8b56b3f89f,92.933,697.421
wide-researcher-1785976405-0d746d85e6f8,92.973,321.005
reviewer-1785976405-5b7e54ea3e4b,93.036,552.466
data-analyst-1785976405-0e43547ddfbe,93.069,673.172
deep-researcher-1785976405-dec681c9ebf0,93.095,562.505
wide-researcher-1785976405-c92840287cb0,93.136,421.908
reviewer-1785976405-db3fd601865f,93.161,469.833
data-analyst-1785976405-a032c785cc56,93.212,634.988
deep-researcher-1785976405-55f999d288ff,93.265,638.108
wide-researcher-1785976405-fe58a71af9c4,93.285,211.481
reviewer-1785976405-e5d6b70ec6b6,93.305,573.541
data-analyst-1785976405-9c8adbb280e7,93.358,419.271
deep-researcher-1785976405-3852a3d2a035,93.378,658.830
wide-researcher-1785976405-4fad090f9cc4,93.398,237.959
reviewer-1785976405-7c67cf4994b0,93.418,501.710
data-analyst-1785976368-7a7e45aefb5d,93.446,93.447
data-analyst-1785976405-c8fe866386e1,93.451,362.475
deep-researcher-1785976405-a94ac416bb73,93.485,566.189
wide-researcher-1785976405-e166b61e1790,93.518,536.110
reviewer-1785976405-05ee667f1b72,93.583,653.040
data-analyst-1785976406-b5d68e7a5e9c,93.618,674.198
deep-researcher-1785976406-136ac12e34a4,93.654,315.794
wide-researcher-1785976406-26dfdcfad43e,93.674,306.198
reviewer-1785976406-988204351558,93.690,556.140
data-analyst-1785976406-b3809d00c13c,93.770,617.700
deep-researcher-1785976406-c915539cab3a,93.795,224.780
wide-researcher-1785976406-94e3d9d15977,93.898,491.899
reviewer-1785976406-1d27ea0f07f5,93.932,540.881
data-analyst-1785976406-4346bc22cef5,93.966,464.260
deep-researcher-1785976406-94f19173005a,93.984,268.416
wide-researcher-1785976406-080c08a11d09,94.039,430.643
reviewer-1785976406-f6df22424338,94.054,535.871
data-analyst-1785976406-7121e23d9003,94.083,464.206
deep-researcher-1785976406-abda3e52dd08,94.125,307.099
wide-researcher-1785976406-16e083370d0d,94.216,571.913
reviewer-1785976406-0e73db20e2be,94.230,571.562
data-analyst-1785976406-f59fa23fc332,94.267,543.358
deep-researcher-1785976406-9cc642228991,94.308,318.210
wide-researcher-1785976406-202653b73c80,94.338,449.148
reviewer-1785976406-723470de7529,94.382,543.465
data-analyst-1785976406-d5af2101a80d,94.415,480.821
deep-researcher-1785976406-038e3809c616,94.436,229.072
wide-researcher-1785976406-b37854fff90c,94.477,346.793
data-analyst-1785976362-57df3405eab9,94.505,94.505
reviewer-1785976406-24bb576ff0b2,94.524,613.694
data-analyst-1785976370-2d0aa6387228,94.537,125.443
data-analyst-1785976406-cadb724f66db,94.556,540.418
deep-researcher-1785976407-ebc99c2d8e46,94.580,203.989
wide-researcher-1785976407-543adb15edc4,94.643,312.055
data-analyst-1785976357-b0ecec12b794,94.659,94.659
reviewer-1785976407-cde6e661c96d,94.675,561.913
data-analyst-1785976407-f1511be25db5,94.725,433.764
deep-researcher-1785976407-4a6e9c8b4638,94.776,637.049
data-analyst-1785976360-7a1f5f2a3e48,94.791,94.791
wide-researcher-1785976407-f8edfe2574cb,94.795,201.914
reviewer-1785976407-a25980f35e67,94.820,551.378
data-analyst-1785976367-3e23e75b0780,94.841,94.842
data-analyst-1785976407-e373c10a8135,94.865,655.270
deep-researcher-1785976407-ecd381533402,94.896,203.523
wide-researcher-1785976407-b37e2c34d57d,94.925,303.096
reviewer-1785976407-1f4ad5c98d98,94.938,348.044
data-analyst-1785976407-c018eb767fc0,94.995,383.970
deep-researcher-1785976407-4d076dbc412a,95.033,421.292
data-analyst-1785976372-d3a5e8d3d771,95.058,204.181
wide-researcher-1785976407-3edda1809dcb,95.085,278.958
reviewer-1785976407-3e127c6a7661,95.100,686.540
data-analyst-1785976407-0b2dde2f5db8,95.132,636.667
deep-researcher-1785976407-9e310d679ca5,95.161,232.432
wide-researcher-1785976407-58519bc08eac,95.203,229.720
data-analyst-1785976365-87f5d3eeb461,95.276,95.277
reviewer-1785976407-06e9b1d38185,95.281,538.466
data-analyst-1785976359-a0698cf52ce0,95.294,95.295
data-analyst-1785976407-10d178dfec28,95.411,545.510
data-analyst-1785976375-dc57aa3754e3,95.445,128.861
deep-researcher-1785976407-ba1472947c1e,95.450,340.298
data-analyst-1785976375-d920aa13daee,95.462,127.041
wide-researcher-1785976407-c1fb43e9fdb6,95.462,300.225
reviewer-1785976407-96aeec0a9053,95.488,551.640
data-analyst-1785976407-a608f0b769af,95.549,610.366
deep-researcher-1785976408-1767ac90f2da,95.562,306.712
wide-researcher-1785976408-ada2ad75ef27,95.575,322.655
reviewer-1785976408-6d29c2752afa,95.589,648.458
data-analyst-1785976354-fa9158025973,95.618,95.618
data-analyst-1785976408-3e1a16b68096,95.644,387.796
deep-researcher-1785976408-31bd8b1916db,95.683,640.832
wide-researcher-1785976408-ee4b5fff081f,95.702,204.109
reviewer-1785976408-8a333efa2de3,95.739,637.438
data-analyst-1785976408-226ad093744c,95.765,431.161
deep-researcher-1785976408-792f6b5ace3c,95.855,558.666
wide-researcher-1785976408-bae1c700b3ab,95.884,581.198
reviewer-1785976408-cf4bd900166d,95.901,533.083
data-analyst-1785976408-d4c8db97de23,95.977,670.871
deep-researcher-1785976408-db8ba514d6f9,96.032,293.000
wide-researcher-1785976408-7726c8e42a51,96.045,313.803
reviewer-1785976408-cba3063e8811,96.074,550.417
data-analyst-1785976408-c3d50e3b5304,96.125,532.010
deep-researcher-1785976408-ae5edfa2d3ca,96.150,208.428
wide-researcher-1785976408-b18629ef4d6f,96.189,421.147
reviewer-1785976408-e1c759ed3618,96.239,420.007
data-analyst-1785976408-f8042cdb7c5c,96.285,557.787
deep-researcher-1785976408-3b2f87a9729b,96.333,200.542
wide-researcher-1785976408-86d2cc709a53,96.367,310.512
reviewer-1785976408-e5f002f6cea3,96.395,686.395
data-analyst-1785976375-9cbc70a2df91,96.426,132.499
data-analyst-1785976408-259a2788e225,96.439,442.384
deep-researcher-1785976408-2f9527a28255,96.453,199.537
wide-researcher-1785976408-d990b34e02a4,96.512,204.787
data-analyst-1785976372-257af5ff3735,96.527,127.417
reviewer-1785976408-185224e13b6f,96.543,414.340
data-analyst-1785976361-148fb2f67aa8,96.559,96.560
data-analyst-1785976409-35e401f3f68d,96.621,488.577
deep-researcher-1785976409-f1d23f033df9,96.643,318.482
wide-researcher-1785976409-d5072bf26b91,96.673,420.167
reviewer-1785976409-f9254865c1c3,96.700,537.584
data-analyst-1785976369-3e3f8144f31f,96.764,201.126
data-analyst-1785976409-d0bb9d9bbfc7,96.793,498.354
data-analyst-1785976359-ea8abc0d38c8,96.831,96.832
deep-researcher-1785976409-0c26c73e46d2,96.923,570.173
wide-researcher-1785976409-f6509d3cf5c9,96.975,555.858
reviewer-1785976409-a35e177ab189,97.006,638.128
data-analyst-1785976409-bbe921893ce7,97.050,666.228
deep-researcher-1785976409-012ed79c3ccf,97.067,491.666
data-analyst-1785976375-adf06622fad9,97.067,126.671
wide-researcher-1785976409-bba4b7819fc6,97.080,231.803
data-analyst-1785976375-88e12d51791f,97.084,128.145
reviewer-1785976409-263e4020f8c5,97.100,541.268
data-analyst-1785976409-f1fbd9c74200,97.143,433.513
deep-researcher-1785976409-f2f0060f22b8,97.160,308.110
wide-researcher-1785976409-139f2681ce4e,97.250,221.687
reviewer-1785976409-e199f1848cd8,97.263,645.674
data-analyst-1785976356-40c75ee64583,97.298,97.298
data-analyst-1785976409-95da8f221028,97.312,542.075
deep-researcher-1785976409-29f45db836e5,97.337,536.191
wide-researcher-1785976409-823cd23be159,97.365,305.307
reviewer-1785976409-d629bd920492,97.400,662.587
data-analyst-1785976373-416b4e7af195,97.434,199.839
data-analyst-1785976409-99ab49b2d1be,97.497,544.787
deep-researcher-1785976409-56835d4f57a8,97.540,313.563
wide-researcher-1785976409-869a394f6cbc,97.553,309.819
reviewer-1785976409-0f5502705244,97.587,416.258
data-analyst-1785976410-3e06462ecf9e,97.666,539.929
deep-researcher-1785976410-2be201172074,97.704,319.207
wide-researcher-1785976410-3e0f52ae0ef0,97.740,546.547
reviewer-1785976410-ffa39ef1e90a,97.754,428.050
data-analyst-1785976410-23b2aafd04c4,97.792,421.393
deep-researcher-1785976410-545bf7cd2620,97.855,205.161
wide-researcher-1785976410-95b3276d22de,97.881,204.816
reviewer-1785976410-715e82de4bee,97.894,457.988
data-analyst-1785976410-a06372b81a02,97.926,654.506
deep-researcher-1785976410-ab1fb64022f8,97.947,312.680
wide-researcher-1785976410-98318231315e,98.009,255.705
reviewer-1785976410-0e8a92bda84a,98.056,546.649
data-analyst-1785976410-ce452eba4915,98.157,538.047
deep-researcher-1785976410-c424662414a1,98.213,306.992
wide-researcher-1785976410-456599f431a6,98.228,417.364
reviewer-1785976410-0d54c30c8516,98.285,547.129
data-analyst-1785976410-596f7508181c,98.347,612.436
deep-researcher-1785976410-a7fb45dd32fe,98.433,335.251
wide-researcher-1785976410-3c3e67ec40a5,98.470,679.490
reviewer-1785976410-030ce0284744,98.507,560.059
data-analyst-1785976410-e57a9952dfe1,98.565,549.864
deep-researcher-1785976410-a0fdd963cbd5,98.578,581.276
wide-researcher-1785976411-ba18af38aabf,98.595,214.134
reviewer-1785976411-37faa1140281,98.615,647.020
data-analyst-1785976411-695993145176,98.660,544.942
deep-researcher-1785976411-5082beac691e,98.701,644.678
wide-researcher-1785976411-20692baf2b8f,98.720,213.433
reviewer-1785976411-ea5fc3b13d95,98.753,317.220
data-analyst-1785976411-c4270584d986,98.818,549.375
deep-researcher-1785976411-8527fdc7408c,98.836,250.034
wide-researcher-1785976411-00cbc47f35bd,98.876,224.113
reviewer-1785976411-7b98b9886948,98.908,644.203
data-analyst-1785976411-445206e89f8e,99.008,536.138
deep-researcher-1785976411-9c8d4f6324f4,99.048,233.987
wide-researcher-1785976411-57b832bf11a7,99.061,199.692
reviewer-1785976411-945b5fb81e7c,99.086,638.147
data-analyst-1785976411-91a8269efe01,99.115,357.250
deep-researcher-1785976411-e3802e5a36f8,99.136,320.262
wide-researcher-1785976411-6e2caf5e47f5,99.175,308.373
reviewer-1785976411-1730dad6b6ce,99.187,488.691
data-analyst-1785976374-116d425be15e,99.204,127.731
data-analyst-1785976411-936ce71452ff,99.253,479.003
deep-researcher-1785976411-8f87a5d4bc98,99.269,617.667
wide-researcher-1785976411-fd138b8fb2f6,99.304,303.860
data-analyst-1785976376-2f6f69778a82,99.338,132.517
data-analyst-1785976376-1991a1123e17,99.350,201.470
reviewer-1785976411-e313c716fcce,99.363,642.723
data-analyst-1785976411-92214e204fb5,99.404,637.390
deep-researcher-1785976411-fdbaac20bfef,99.416,311.327
wide-researcher-1785976411-5543dce6ec53,99.442,313.080
reviewer-1785976411-c1dc11cc2486,99.472,658.108
data-analyst-1785976411-1fd1665e95a5,99.535,448.074
deep-researcher-1785976411-c14ac54c1573,99.560,309.412
wide-researcher-1785976412-deb1e0238e71,99.574,419.157
reviewer-1785976412-db74bdb75d39,99.665,545.061
data-analyst-1785976412-ef9653cd4670,99.726,430.875
deep-researcher-1785976412-30afe88a0ad5,99.744,555.905
wide-researcher-1785976412-3d07ed4cee46,99.801,544.022
reviewer-1785976412-294d8f36034a,99.862,542.181
data-analyst-1785976412-989102a680ad,99.928,373.744
data-analyst-1785976376-392fd93ddf6b,99.941,125.001
data-analyst-1785976376-a586cfa6c014,99.953,129.061
deep-researcher-1785976412-1303c6a9180e,99.980,415.463
wide-researcher-1785976412-b19f6717524b,100.024,317.669
reviewer-1785976412-2a78aaa53a27,100.068,654.791
data-analyst-1785976412-4585951fe5aa,100.094,548.163
deep-researcher-1785976412-bb49c6967e60,100.127,215.954
wide-researcher-1785976412-79e1f95db1a3,100.148,311.309
reviewer-1785976412-7d9cc00d7904,100.208,661.419
data-analyst-1785976412-99ca456c746c,100.265,550.710
deep-researcher-1785976412-af619880af39,100.283,211.524
wide-researcher-1785976412-bacf360bbdd3,100.330,342.478
reviewer-1785976412-960eb9a2811c,100.358,645.356
data-analyst-1785976412-e5122c627e90,100.412,523.130
deep-researcher-1785976412-f579f7ea0897,100.429,380.725
wide-researcher-1785976412-020b6c23932d,100.471,315.935
reviewer-1785976412-b598ece44d40,100.506,642.534
data-analyst-1785976412-4b830f1f5a48,100.610,535.598
deep-researcher-1785976412-7c7a5251384d,100.624,204.258
wide-researcher-1785976413-805fa11b1c11,100.653,311.220
reviewer-1785976413-ef7ca5e80387,100.681,433.376
data-analyst-1785976413-a0dff558228e,100.784,427.581
data-analyst-1785976376-e829a61e20e4,100.801,149.313
data-analyst-1785976376-b87a6acc0c00,100.814,125.492
deep-researcher-1785976413-ee92591a82b9,100.819,313.443
wide-researcher-1785976413-20ee553a44ec,100.866,682.006
reviewer-1785976413-116ffdc8f1fc,100.885,651.890
data-analyst-1785976413-27ee2ab3e51b,100.933,487.186
deep-researcher-1785976413-e25914a45acf,100.953,303.525
wide-researcher-1785976413-8af98ed7d95d,100.991,427.713
reviewer-1785976413-a9b3f050a8d0,101.035,443.625
data-analyst-1785976413-db918093f632,101.080,532.826
deep-researcher-1785976413-092d81e49faf,101.181,645.658
wide-researcher-1785976413-6620ec75779d,101.226,259.380
reviewer-1785976413-f5f084277f2d,101.312,549.830
data-analyst-1785976413-94e6e3acfaf1,101.369,641.477
deep-researcher-1785976413-a26f3edd8eba,101.443,642.164
data-analyst-1785976377-82b527757316,101.474,124.883
wide-researcher-1785976413-970473ab58c9,101.484,228.231
reviewer-1785976413-84aa88a4cc74,101.518,662.427
data-analyst-1785976413-f2717807c382,101.583,436.137
deep-researcher-1785976414-8693cd8416ca,101.601,428.420
wide-researcher-1785976414-5479212f005c,101.615,317.156
reviewer-1785976414-0c1cc9b77524,101.642,466.515
data-analyst-1785976414-a0d62ec312ac,101.685,346.175
deep-researcher-1785976414-2d8f402d8bbf,101.717,562.791
wide-researcher-1785976414-bd2f40f406f7,101.736,396.478
reviewer-1785976414-07221b62e0b3,101.769,561.029
data-analyst-1785976414-81a0bc899c84,101.800,566.797
data-analyst-1785976370-89a6f43d481f,101.830,101.831
deep-researcher-1785976414-4f087c97c1ed,101.840,208.117
wide-researcher-1785976414-0f44bfbb55ad,101.867,322.927
reviewer-1785976414-de2f81301092,101.890,672.592
data-analyst-1785976414-cb0c98b74450,101.938,648.545
deep-researcher-1785976414-1ef36486481a,101.976,210.682
wide-researcher-1785976414-94543e3de443,102.017,362.201
reviewer-1785976414-12aac6435e39,102.035,547.687
data-analyst-1785976414-d1767001e373,102.127,358.028
deep-researcher-1785976414-709aaab184ef,102.142,653.795
wide-researcher-1785976414-e477648cab1d,102.162,224.629
reviewer-1785976414-7f16683f7494,102.182,495.451
data-analyst-1785976414-a31b1e94e61e,102.297,559.209
deep-researcher-1785976414-882d2fda35ca,102.374,423.430
wide-researcher-1785976414-5734f16afa34,102.390,317.128
reviewer-1785976414-dd16518765df,102.407,444.809
data-analyst-1785976414-a641c8a0bc10,102.443,544.629
deep-researcher-1785976414-a171dae20a77,102.476,217.020
wide-researcher-1785976414-31b3af681cda,102.504,385.382
reviewer-1785976414-0488db6041ef,102.546,421.008
data-analyst-1785976415-d7a7fdef64ea,102.595,506.150
deep-researcher-1785976415-ca084534128e,102.689,334.062
wide-researcher-1785976415-c9e0735669d3,102.772,212.529
reviewer-1785976415-a2e310957041,102.830,446.658
data-analyst-1785976415-50700c0ab4f9,102.883,645.487
deep-researcher-1785976415-c6e0695418b2,102.963,231.774
wide-researcher-1785976415-a5b6feaeb102,102.992,223.067
reviewer-1785976415-14a8aa9ec888,103.016,678.180
data-analyst-1785976415-5bdb2f277fb7,103.092,539.750
deep-researcher-1785976415-8e69435d86c1,103.104,658.494
wide-researcher-1785976415-3002e8eab896,103.118,203.351
reviewer-1785976415-00141900f084,103.159,649.654
data-analyst-1785976415-71492b16a9f8,103.191,574.241
deep-researcher-1785976415-06ef71624b36,103.228,415.919
wide-researcher-1785976415-96f301289828,103.249,435.233
reviewer-1785976415-c17296e945fe,103.281,642.971
data-analyst-1785976415-5d9c67237f9e,103.346,457.912
deep-researcher-1785976415-dbb599edfd7f,103.383,556.306
wide-researcher-1785976415-c3508e3cb698,103.396,440.793
reviewer-1785976415-2b8d09724a81,103.409,547.143
data-analyst-1785976377-35aa304cfc9f,103.438,142.867
data-analyst-1785976415-8e4e998f120b,103.447,482.965
deep-researcher-1785976415-335df93c452c,103.460,427.872
wide-researcher-1785976415-0590cd7576a6,103.479,241.011
reviewer-1785976415-f19e635da1df,103.525,484.957
data-analyst-1785976366-d4efd40484f9,103.632,103.633
data-analyst-1785976416-20c55e4eed65,103.652,599.381
deep-researcher-1785976416-e19e80782011,103.700,655.142
wide-researcher-1785976416-f49cd15b071d,103.716,384.660
reviewer-1785976416-e5277df9a7fc,103.799,546.632
data-analyst-1785976416-4c91dc898899,103.840,469.849
deep-researcher-1785976416-af8cfb5484d9,103.884,306.089
wide-researcher-1785976416-30007f310792,103.910,300.672
reviewer-1785976416-c59c91355e1a,103.923,568.941
data-analyst-1785976416-e27bdf2aa678,103.958,427.891
deep-researcher-1785976416-7860b6f07b35,103.978,642.230
wide-researcher-1785976416-0aaf0a99ccc1,104.005,305.638
reviewer-1785976416-f05e504e3cdc,104.022,562.942
data-analyst-1785976416-d70fc96c2f2b,104.059,538.816
deep-researcher-1785976416-497295504e88,104.095,254.085
wide-researcher-1785976416-13c416d1fbb2,104.206,536.014
reviewer-1785976416-bbd9074fd53f,104.263,670.634
data-analyst-1785976416-632a9aa9109f,104.349,538.893
deep-researcher-1785976416-7d9b57b0a95d,104.387,429.278
wide-researcher-1785976416-ca76332742ee,104.465,324.776
reviewer-1785976416-12afbbab9010,104.508,641.344
data-analyst-1785976378-0b184b5d5ee3,104.560,129.027
data-analyst-1785976378-a27bb79e59fe,104.575,199.990
data-analyst-1785976378-bb7b3fd6e82c,104.589,125.614
data-analyst-1785976416-9f28557b9af4,104.603,656.725
deep-researcher-1785976416-5e47b53f7ba8,104.617,221.081
wide-researcher-1785976417-93bdffb00e2d,104.631,543.092
reviewer-1785976417-dc7ac4d0dddb,104.660,575.329
data-analyst-1785976417-53a14a56d811,104.703,418.937
deep-researcher-1785976417-adec364e106f,104.750,658.090
wide-researcher-1785976417-c55165204dc1,104.764,668.643
reviewer-1785976417-a10701de162f,104.794,463.846
data-analyst-1785976417-b2b735b68ecc,104.857,544.998
data-analyst-1785976353-101612ca6102,104.877,127.470
deep-researcher-1785976417-5146cef2fdc1,104.886,304.467
wide-researcher-1785976417-15dcbe7b979a,104.899,303.605
reviewer-1785976417-edc60ee3cb35,104.922,511.928
data-analyst-1785976353-18cdc745e503,104.935,104.935
data-analyst-1785976417-21f64ca089d5,104.955,316.527
deep-researcher-1785976417-7c6305836c20,104.978,665.936
wide-researcher-1785976417-77a31cd6a508,105.001,304.084
reviewer-1785976417-27d6bae45559,105.104,554.210
data-analyst-1785976417-3b62043b2650,105.151,434.185
deep-researcher-1785976417-fad73cf92b22,105.213,344.526
wide-researcher-1785976417-21a6c3b39d1a,105.226,320.059
reviewer-1785976417-956861f7b971,105.310,598.307
data-analyst-1785976417-b2298b6f2e6c,105.390,320.115
deep-researcher-1785976417-865b408f737c,105.412,336.703
wide-researcher-1785976417-54427369195d,105.436,319.604
data-analyst-1785976378-58746a9a0467,105.465,129.333
reviewer-1785976417-dd2d0bd38d71,105.470,648.985
data-analyst-1785976378-0e6247134ee2,105.482,125.773
data-analyst-1785976378-c96eaf036ffc,105.495,207.181
data-analyst-1785976417-361d5fec4a67,105.512,538.531
deep-researcher-1785976417-8d3256372585,105.525,309.036
wide-researcher-1785976418-201b35f3e900,105.549,447.325
reviewer-1785976418-e588419f54ab,105.582,536.413
data-analyst-1785976418-a9e350539b3e,105.615,431.936
deep-researcher-1785976418-35bfa8ca3941,105.711,665.747
wide-researcher-1785976418-bc3509cf4034,105.745,315.722
reviewer-1785976418-5c78e69f95e2,105.765,563.403
data-analyst-1785976369-5668b52d55d6,105.777,105.778
data-analyst-1785976418-724e5dc5f941,105.791,581.866
deep-researcher-1785976418-0bda88123482,105.849,658.814
data-analyst-1785976378-c6da655731f4,105.891,218.367
data-analyst-1785976378-b6eb4ba4c6d3,105.906,205.906
data-analyst-1785976378-917d6d3f9d45,105.920,154.996
wide-researcher-1785976418-1d33107f2f22,105.976,590.181
reviewer-1785976418-b9a13c822cc5,106.013,564.002
data-analyst-1785976418-325106a2d4c1,106.041,665.814
deep-researcher-1785976418-421c7cd432a8,106.062,202.530
wide-researcher-1785976418-ce59a4ae870c,106.116,207.837
reviewer-1785976418-d3d2b465b78a,106.146,422.066
data-analyst-1785976418-50835d186bdd,106.183,669.167
deep-researcher-1785976418-54b42274b1a9,106.212,558.605
wide-researcher-1785976418-ffc852b25f2e,106.242,316.278
reviewer-1785976418-26d45df15100,106.266,567.473
data-analyst-1785976375-91a83de75593,106.289,125.730
data-analyst-1785976418-c82ea72dd810,106.307,430.921
data-analyst-1785976378-db9003f69a90,106.308,201.561
data-analyst-1785976378-94a3860a9975,106.325,200.613
deep-researcher-1785976418-478aee78c846,106.397,417.052
wide-researcher-1785976418-5537951bede8,106.427,590.885
reviewer-1785976418-7b0a73469fd7,106.442,536.863
data-analyst-1785976418-e97f01164893,106.486,648.477
data-analyst-1785976374-9ef6556e91ce,106.503,106.503
deep-researcher-1785976418-e0a247ed47f0,106.613,312.650
wide-researcher-1785976418-f3398951ce38,106.633,273.255
reviewer-1785976419-07c26e6da7b7,106.660,647.610
data-analyst-1785976419-a754f4a2e7ee,106.722,421.162
deep-researcher-1785976419-95dba16d7d2a,106.736,639.120
wide-researcher-1785976419-48f5f9809ec8,106.788,266.542
reviewer-1785976419-23995adea091,106.862,478.324
data-analyst-1785976419-d1fa6dfe7718,106.903,558.224
deep-researcher-1785976419-e7820e3a4c32,106.927,531.217
wide-researcher-1785976419-01a3c8063376,106.956,540.479
reviewer-1785976419-a5fcd90e41c9,106.989,551.349
data-analyst-1785976419-ffbf1cab0e9f,107.029,378.895
deep-researcher-1785976419-713e48521928,107.043,314.225
wide-researcher-1785976419-1e852737b0da,107.064,306.061
reviewer-1785976419-d712466678b2,107.093,447.794
data-analyst-1785976419-dbf66069b605,107.129,423.259
deep-researcher-1785976419-95e64f6d0f22,107.180,600.712
wide-researcher-1785976419-721a5898a5c9,107.223,320.475
reviewer-1785976419-4d987f4a4452,107.286,645.720
data-analyst-1785976419-42c602405d50,107.368,478.046
data-analyst-1785976349-7c4c0e5541ef,107.419,125.523
data-analyst-1785976349-49658dbe7c2f,107.434,128.727
deep-researcher-1785976419-f181f54b3d35,107.487,662.605
wide-researcher-1785976419-1c839d26e09a,107.522,207.557
reviewer-1785976419-bfed75e3fa0f,107.546,646.544
data-analyst-1785976419-95636b4a8fdd,107.580,557.708
deep-researcher-1785976420-d28a22edee95,107.614,425.543
wide-researcher-1785976420-2c53d8826110,107.655,216.010
reviewer-1785976420-61f725233f31,107.671,637.680
data-analyst-1785976420-b527e7212cfe,107.751,546.380
deep-researcher-1785976420-0c8358495050,107.769,546.697
wide-researcher-1785976420-c7d10c905c23,107.812,307.009
data-analyst-1785976373-875837d25b50,107.843,124.759
data-analyst-1785976364-d4eb4e09257a,107.891,107.891
reviewer-1785976420-559381bcd87a,107.909,443.293
data-analyst-1785976379-808a399aed14,107.937,128.442
data-analyst-1785976420-a9f006ffbc16,107.942,602.264
data-analyst-1785976379-f79159da9aa5,107.954,205.670
deep-researcher-1785976420-e9d7f989304e,107.967,550.433
wide-researcher-1785976420-3d4c547038cb,107.995,457.749
reviewer-1785976420-781cde9ee5de,108.009,420.058
data-analyst-1785976420-00c1f9290e95,108.145,545.029
deep-researcher-1785976420-000478950a92,108.181,538.751
wide-researcher-1785976420-902f6e5364b4,108.240,567.087
reviewer-1785976420-957aa43c3f4d,108.296,483.571
data-analyst-1785976420-1e071f765172,108.339,423.965
deep-researcher-1785976420-4e561cf3555b,108.376,342.883
wide-researcher-1785976420-a36dae4de68e,108.417,318.969
reviewer-1785976420-de412764c7ab,108.446,567.571
data-analyst-1785976420-e74195651cd1,108.507,580.928
deep-researcher-1785976420-019465f5a9c1,108.525,414.554
wide-researcher-1785976420-1d10950f80cf,108.566,317.191
data-analyst-1785976379-6dd44274a494,108.571,133.189
data-analyst-1785976379-a52374c652ec,108.583,125.262
reviewer-1785976421-c956c2afb262,108.604,480.429
data-analyst-1785976421-617a975aba6d,108.682,349.228
deep-researcher-1785976421-00f5ba8fc431,108.739,664.611
wide-researcher-1785976421-b85544c8c42b,108.762,306.106
reviewer-1785976421-c7d0ff0fd741,108.788,440.315
data-analyst-1785976421-d22b85804524,108.822,557.106
deep-researcher-1785976421-a9b0bab31b66,108.866,307.855
data-analyst-1785976379-da5613c9130a,108.926,124.987
data-analyst-1785976379-36a66a49c9b1,108.939,139.554
wide-researcher-1785976421-28d906eedc32,108.965,438.832
reviewer-1785976421-512ed6873b31,109.023,580.298
data-analyst-1785976421-157bb873e423,109.058,638.166
deep-researcher-1785976421-905f32562d66,109.129,207.592
wide-researcher-1785976421-122fd951ab21,109.176,640.457
reviewer-1785976421-1cfae13d3cb6,109.194,539.207
data-analyst-1785976421-e4d424d19fbb,109.234,442.576
deep-researcher-1785976421-f850ce084cc8,109.266,307.054
wide-researcher-1785976421-e9c4e4d7689b,109.281,483.685
reviewer-1785976421-0f7448c76ccd,109.303,633.751
data-analyst-1785976421-b392f69e484e,109.386,674.538
deep-researcher-1785976421-d78c9410c1ad,109.419,397.003
wide-researcher-1785976421-fc6a097a51c5,109.433,447.572
reviewer-1785976421-2c2ab9e96d25,109.455,448.153
data-analyst-1785976421-b67a0d0b9610,109.507,428.358
deep-researcher-1785976421-9c175128be22,109.520,535.476
wide-researcher-1785976421-22270f63f5d0,109.538,321.993
reviewer-1785976422-7b8cee8df544,109.589,587.105
data-analyst-1785976422-e909b12dfae9,109.655,438.143
deep-researcher-1785976422-fedd0cd80716,109.678,442.965
wide-researcher-1785976422-f01e2331d69e,109.755,457.010
reviewer-1785976422-929925f4af74,109.806,541.729
data-analyst-1785976422-63e93446375c,109.856,369.972
deep-researcher-1785976422-d6748087fbf9,109.884,206.108
wide-researcher-1785976422-0d07e98b4fdd,109.898,417.981
reviewer-1785976422-213f87763912,109.926,561.333
data-analyst-1785976422-45db33b8212e,109.961,419.921
deep-researcher-1785976422-592dcd004fd2,109.974,218.668
wide-researcher-1785976422-9f15f5600637,110.018,316.455
reviewer-1785976422-a2ac5c0b5dc3,110.031,559.327
data-analyst-1785976422-dd0eb18a57af,110.068,559.452
deep-researcher-1785976422-a7c0e16316ff,110.086,231.704
wide-researcher-1785976422-5951bd175cf4,110.108,204.418
reviewer-1785976422-10b5dd7a2c66,110.244,664.177
data-analyst-1785976422-a87a540c99eb,110.279,424.781
deep-researcher-1785976422-765f151b615f,110.301,224.617
wide-researcher-1785976422-4a2c2a27b9a0,110.315,243.981
reviewer-1785976422-6d1d0a746714,110.389,554.985
data-analyst-1785976360-d1b1eaf327a7,110.456,110.457
data-analyst-1785976422-ec0306965f39,110.474,572.240
deep-researcher-1785976422-90d0492ad122,110.502,310.050
wide-researcher-1785976422-3f0affd48422,110.547,569.834
reviewer-1785976422-37a620c02a80,110.579,344.233
data-analyst-1785976423-66f996ce64b4,110.638,548.437
deep-researcher-1785976423-47e744348684,110.677,216.776
wide-researcher-1785976423-cc28d8fcec4e,110.696,537.966
reviewer-1785976423-013f8e65d9d9,110.710,436.454
data-analyst-1785976423-81484801a9e3,110.751,461.498
deep-researcher-1785976423-5af38c7cd1c7,110.781,242.393
wide-researcher-1785976423-a0e4a11dff2f,110.794,310.497
data-analyst-1785976379-35ebf8639890,110.812,125.278
data-analyst-1785976379-cd773dec6bbf,110.825,130.011
reviewer-1785976423-4da2fb20c1ec,110.830,534.505
data-analyst-1785976379-b770e6c42149,110.842,132.334
data-analyst-1785976423-5b97c6f1e813,110.894,555.405
deep-researcher-1785976423-3ef5cd8bf43a,110.921,559.046
wide-researcher-1785976423-d0143d537833,110.965,424.317
reviewer-1785976423-614eb1856c5a,110.989,437.958
data-analyst-1785976423-f9769c2e30a1,111.026,598.947
deep-researcher-1785976423-6a1392abeb75,111.046,304.377
wide-researcher-1785976423-281f0468c0af,111.103,260.579
reviewer-1785976423-378dceb659a7,111.137,651.292
data-analyst-1785976423-2cabb6e45720,111.204,577.960
deep-researcher-1785976423-18d43c29a8d9,111.264,211.833
wide-researcher-1785976423-59202294cc71,111.321,239.297
data-analyst-1785976375-f01b80f874f2,111.340,124.727
reviewer-1785976423-442423f5f4ee,111.357,551.484
data-analyst-1785976423-c8b46c2f6a0c,111.392,636.333
deep-researcher-1785976423-58f33024661d,111.406,313.019
wide-researcher-1785976423-ba64ab85f859,111.431,654.071
reviewer-1785976423-7344642635ed,111.444,635.367
data-analyst-1785976423-5195240a3cf6,111.485,310.162
deep-researcher-1785976423-cde31f6788e1,111.520,438.473
wide-researcher-1785976423-20b2a7de4fc2,111.542,532.341
reviewer-1785976424-7491e2ff90b0,111.555,557.617
data-analyst-1785976424-b90e5e51803b,111.595,539.516
deep-researcher-1785976424-db5a4fd5f374,111.618,416.823
wide-researcher-1785976424-167a7386fdbc,111.764,550.248
reviewer-1785976424-ddc392f3676f,111.821,544.236
data-analyst-1785976424-95c7bf1922cd,111.899,311.159
deep-researcher-1785976424-39b8b4562dbe,111.913,203.871
wide-researcher-1785976424-014d8bfced9e,112.021,203.841
reviewer-1785976424-934dda45d783,112.048,664.547
data-analyst-1785976424-3f11028505c1,112.090,437.342
deep-researcher-1785976424-19efe6df0834,112.103,233.839
data-analyst-1785976380-fe08073422ea,112.152,195.167
data-analyst-1785976380-821cbd7ed2b2,112.165,200.847
data-analyst-1785976380-2b3d21f81e5c,112.178,129.596
wide-researcher-1785976424-b6658742dd09,112.198,250.217
reviewer-1785976424-1b4fc21b294c,112.211,547.086
data-analyst-1785976424-d3cce35fb590,112.255,538.434
deep-researcher-1785976424-2c003fac07a4,112.285,676.621
wide-researcher-1785976424-4be482080d56,112.343,637.863
reviewer-1785976424-d743e402e2e7,112.407,665.799
data-analyst-1785976378-34e9f72592a7,112.424,124.897
data-analyst-1785976424-59df75fdeac5,112.491,642.053
deep-researcher-1785976424-32d142430542,112.504,671.090
data-analyst-1785976373-3bada5b0fafe,112.512,112.512
wide-researcher-1785976424-dd982f2c6a1a,112.559,210.791
reviewer-1785976424-b77f15c193a4,112.586,550.961
data-analyst-1785976425-34a1be3f46aa,112.621,637.504
deep-researcher-1785976425-c689c290ebe8,112.651,580.997
wide-researcher-1785976425-311cec3f7588,112.664,514.009
reviewer-1785976425-c2580a2eb8c0,112.708,442.484
data-analyst-1785976425-f28daac1472c,112.773,442.852
data-analyst-1785976377-1be3e10022f1,112.797,124.490
deep-researcher-1785976425-9f83a0e703f2,112.823,570.377
wide-researcher-1785976425-c1e6f2ed87f5,112.876,432.826
reviewer-1785976425-cbe992f277c6,112.908,555.075
data-analyst-1785976425-b7de2f776a26,112.944,655.319
deep-researcher-1785976425-8f2b4c37dd92,112.958,217.383
wide-researcher-1785976425-ec34504352a4,112.998,310.176
reviewer-1785976425-ed335aa3e643,113.039,656.625
data-analyst-1785976425-20a3354a7acd,113.068,640.079
deep-researcher-1785976425-32d5dd943b01,113.100,205.729
wide-researcher-1785976425-b188f0a4b2bf,113.144,422.786
reviewer-1785976425-0a4400fa6824,113.257,553.322
data-analyst-1785976425-108d904da336,113.299,429.856
deep-researcher-1785976425-cf62bc03f403,113.337,312.184
wide-researcher-1785976425-37deba44b8f9,113.410,210.894
reviewer-1785976425-a72c30921648,113.424,561.289
data-analyst-1785976425-b4b286a3be2a,113.491,420.597
deep-researcher-1785976425-434f6995c36d,113.526,304.405
wide-researcher-1785976425-01398cdfa8de,113.565,542.942
reviewer-1785976426-7a09ce941bf1,113.600,663.555
data-analyst-1785976369-d07e9ec46a66,113.612,113.613
data-analyst-1785976426-ab81f034ca0c,113.679,438.896
deep-researcher-1785976426-fd5b7b8bfdf8,113.702,589.387
wide-researcher-1785976426-3931efd1470f,113.726,531.553
reviewer-1785976426-42b590f6f6ba,113.740,658.688
data-analyst-1785976426-3c02a2644a78,113.805,442.836
deep-researcher-1785976426-7a9a54cbdc11,113.820,553.703
wide-researcher-1785976426-d3703371d4d0,113.856,562.103
data-analyst-1785976377-94d8658e8d3a,113.869,200.204
reviewer-1785976426-9b8b0e620f56,113.921,667.802
data-analyst-1785976426-c93a53d5e38f,114.001,427.457
deep-researcher-1785976426-39061cc79ac9,114.015,319.647
wide-researcher-1785976426-ff82481d435a,114.051,306.443
reviewer-1785976426-83b77b48a149,114.071,547.948
data-analyst-1785976426-6afba523d8cd,114.110,432.028
deep-researcher-1785976426-ac6d0b405826,114.134,264.248
wide-researcher-1785976426-d7775d357262,114.210,531.660
data-analyst-1785976380-f37e76d652cc,114.211,127.615
data-analyst-1785976380-50281fe1000f,114.230,129.490
reviewer-1785976426-872ae06fcb53,114.239,557.956
data-analyst-1785976380-5593c5cc0cfc,114.249,128.291
data-analyst-1785976426-d3a3661c4be1,114.282,435.017
deep-researcher-1785976426-61acfe393f54,114.378,560.641
wide-researcher-1785976426-c73980dae645,114.391,562.347
reviewer-1785976426-93ae8e6df51c,114.430,419.385
data-analyst-1785976426-dca5144891ae,114.474,638.994
deep-researcher-1785976426-baf64074b22e,114.489,684.654
wide-researcher-1785976426-40e5686117dc,114.512,283.805
reviewer-1785976427-eab6a259bd6d,114.549,581.213
data-analyst-1785976427-2a82e9c97579,114.581,575.807
deep-researcher-1785976427-bba7b2bbf4d0,114.616,660.224
wide-researcher-1785976427-5716e2064998,114.652,418.755
reviewer-1785976427-b603abee817b,114.704,537.248
data-analyst-1785976427-1b289ad82fb0,114.769,656.340
data-analyst-1785976380-a33ffb05e1fb,114.779,204.433
deep-researcher-1785976427-03de2957f6ed,114.783,321.556
data-analyst-1785976380-7342c6ab3abc,114.796,127.091
wide-researcher-1785976427-e122fd252a0d,114.810,324.730
data-analyst-1785976380-d5020f8ea8e2,114.810,135.732
reviewer-1785976427-bb899d36c6df,114.843,441.552
data-analyst-1785976427-b969f4192d36,114.906,568.525
deep-researcher-1785976427-18c284f60086,114.930,305.049
wide-researcher-1785976427-651bd89069d9,114.949,279.024
data-analyst-1785976372-97e0a8b8e8c2,114.972,124.679
reviewer-1785976427-f98b12f6a4f8,115.028,536.398
data-analyst-1785976427-88808ed49a4d,115.076,535.712
deep-researcher-1785976427-68f68a285ca9,115.112,231.587
wide-researcher-1785976427-81baabe54424,115.149,293.015
reviewer-1785976427-fafc93658209,115.182,541.178
data-analyst-1785976427-c58124db6a50,115.232,440.360
deep-researcher-1785976427-3a343fea6141,115.261,276.023
wide-researcher-1785976427-c15352808265,115.289,206.869
reviewer-1785976427-8b936a026fd1,115.313,657.297
data-analyst-1785976427-41df1241c0ab,115.339,554.845
deep-researcher-1785976427-e5043a07e9a9,115.369,578.583
wide-researcher-1785976427-04b9ee9986ff,115.395,316.761
data-analyst-1785976349-057a61960ebe,115.404,128.112
reviewer-1785976427-99176d4ca5e1,115.432,648.618
data-analyst-1785976381-367671ddd81c,115.448,126.045
data-analyst-1785976381-948bd9d2cbb7,115.461,125.201
data-analyst-1785976381-5fb8cf66cc4f,115.475,131.018
data-analyst-1785976427-f8198b6e63b8,115.503,608.142
deep-researcher-1785976427-4e55c124d987,115.518,317.599
wide-researcher-1785976427-1099983cb318,115.533,307.749
reviewer-1785976428-9095e8494d58,115.559,437.287
data-analyst-1785976428-3194d319b94a,115.596,649.938
data-analyst-1785976379-987b94aee7d4,115.601,124.745
deep-researcher-1785976428-324284040c1d,115.628,477.537
wide-researcher-1785976428-50c3ec231c55,115.715,651.983
reviewer-1785976428-ad292804ae2b,115.752,543.450
data-analyst-1785976428-5e47c5717a52,115.795,313.940
data-analyst-1785976375-92e697a9bf66,115.828,125.013
data-analyst-1785976377-ac929eaf7354,115.846,124.521
deep-researcher-1785976428-46ec2486f795,115.882,305.979
wide-researcher-1785976428-758c0568e6cd,115.937,431.254
reviewer-1785976428-36b6c126ee4f,115.951,599.106
data-analyst-1785976428-32d41f6598e7,115.985,318.071
deep-researcher-1785976428-89f4d5d56b37,116.058,590.599
wide-researcher-1785976428-ce017cb35bd5,116.098,589.945
data-analyst-1785976376-f927559c3eac,116.130,116.131
reviewer-1785976428-99dde278667a,116.153,513.523
data-analyst-1785976428-cb0c3705c8b1,116.216,542.398
deep-researcher-1785976428-fd54cfc68a14,116.238,348.060
wide-researcher-1785976428-4f4c7611bdd7,116.287,644.273
reviewer-1785976428-ce325b4e0922,116.314,654.707
data-analyst-1785976428-03bddcf7377a,116.359,441.359
deep-researcher-1785976428-50b13d72356a,116.429,458.162
wide-researcher-1785976428-d877c4aa086d,116.444,317.098
reviewer-1785976428-42bd409425ff,116.457,633.688
data-analyst-1785976428-773148c576ba,116.537,307.677
deep-researcher-1785976428-f207536af381,116.555,267.977
wide-researcher-1785976429-94b91b40f639,116.592,550.904
reviewer-1785976429-83384d08922b,116.620,558.385
data-analyst-1785976429-955487a5c945,116.690,553.434
deep-researcher-1785976429-4380dafb93b0,116.716,651.728
wide-researcher-1785976429-33a2671a12a6,116.738,211.767
reviewer-1785976429-14bb7baecd0c,116.752,527.399
data-analyst-1785976429-faf6c73927e1,116.820,540.168
deep-researcher-1785976429-e15b1eec9dd0,116.842,308.218
wide-researcher-1785976429-41a2994c0627,116.856,346.546
reviewer-1785976429-c0a063257e18,116.885,547.243
data-analyst-1785976429-daa6b70a0a29,117.040,457.880
deep-researcher-1785976429-d167654e45b2,117.077,575.104
wide-researcher-1785976429-f38d47084bdd,117.115,318.780
reviewer-1785976429-ffbe12d3f0ce,117.138,629.329
data-analyst-1785976429-7e031b363188,117.203,468.727
deep-researcher-1785976429-464e48d16e79,117.227,427.745
wide-researcher-1785976429-81249b9721c8,117.252,433.220
reviewer-1785976429-dca3fe3de9a7,117.269,426.247
data-analyst-1785976429-cda09345bf7a,117.306,438.914
deep-researcher-1785976429-1a4f1b1ebe69,117.361,267.462
wide-researcher-1785976429-00ea8ef52816,117.391,421.764
reviewer-1785976429-17bd4082c6e8,117.450,563.632
data-analyst-1785976381-49c4ea424684,117.551,133.647
data-analyst-1785976381-eb2a73edf299,117.566,125.935
data-analyst-1785976381-5b360d364204,117.580,126.980
data-analyst-1785976429-ce4989856878,117.585,434.167
deep-researcher-1785976429-fd2a9dd73ba6,117.672,641.247
wide-researcher-1785976429-fbdaa4be76b8,117.721,365.760
reviewer-1785976430-552200d2bbd0,117.735,480.641
data-analyst-1785976430-8a500359599f,117.829,539.856
deep-researcher-1785976430-59ddfb7a3902,117.844,683.378
wide-researcher-1785976430-95da88b6e6ca,117.874,321.729
reviewer-1785976430-638db7cb9d3d,117.951,654.103
data-analyst-1785976377-648bb0cd088a,117.973,124.961
data-analyst-1785976430-a1f1263ae710,118.049,425.850
deep-researcher-1785976430-3e276452506a,118.089,207.010
wide-researcher-1785976430-a1e60120af81,118.143,380.129
reviewer-1785976430-07e2cd865720,118.178,686.815
data-analyst-1785976430-397bdc4ec065,118.225,422.249
deep-researcher-1785976430-9204157cc960,118.249,309.729
wide-researcher-1785976430-59b3801ac7a6,118.264,536.672
data-analyst-1785976381-ec63caf79a3c,118.298,133.040
data-analyst-1785976381-b2c3d5f9c107,118.313,125.106
reviewer-1785976430-c9aad0b8218b,118.318,638.773
data-analyst-1785976381-0a312d13c61a,118.330,126.061
data-analyst-1785976430-4cc192dd2d4d,118.363,341.391
deep-researcher-1785976430-60e342db4415,118.392,655.094
wide-researcher-1785976430-3c7597556198,118.415,392.878
reviewer-1785976430-6c5dab0b9dea,118.580,554.814
data-analyst-1785976430-32637ac6c339,118.626,549.764
deep-researcher-1785976430-6779e74711b7,118.656,461.852
wide-researcher-1785976430-f93dc3b7c005,118.743,559.225
reviewer-1785976431-b240160ed866,118.767,346.681
data-analyst-1785976431-7cc1223daacb,118.824,419.757
deep-researcher-1785976431-00515c9bb74a,118.881,659.928
data-analyst-1785976379-e26bdaa63032,118.891,207.753
wide-researcher-1785976431-47ee5679d1b9,118.904,626.248
reviewer-1785976431-1d770a9b4534,118.962,580.203
data-analyst-1785976431-02f389caa14a,119.105,571.370
deep-researcher-1785976431-2ce2d3957a50,119.135,645.943
wide-researcher-1785976431-ff3b716622a6,119.176,253.503
reviewer-1785976431-6c2b1461d467,119.233,548.911
data-analyst-1785976431-d4d94b237944,119.315,549.457
deep-researcher-1785976431-6c9833af178f,119.345,435.326
wide-researcher-1785976431-24140558b458,119.380,420.963
reviewer-1785976431-3e9991e50a2c,119.470,467.732
data-analyst-1785976431-2ccec764cce9,119.535,430.820
deep-researcher-1785976431-082763ab8669,119.557,639.550
wide-researcher-1785976431-48652a9b5a63,119.604,309.777
reviewer-1785976432-548ffccf1c1b,119.638,490.924
data-analyst-1785976432-48767650365f,119.682,464.275
deep-researcher-1785976432-61efdc56660d,119.707,247.765
wide-researcher-1785976432-63a2f2a81af3,119.765,663.124
reviewer-1785976432-802b5da2616c,119.790,551.790
data-analyst-1785976432-41cc5f147978,119.873,479.971
deep-researcher-1785976432-c3c7d98cc66c,119.912,660.452
wide-researcher-1785976432-ee4f27acedeb,119.926,376.463
reviewer-1785976432-b0c279e41b40,120.037,554.862
data-analyst-1785976432-88995fb838d4,120.076,640.566
deep-researcher-1785976432-f37a53834cde,120.097,211.918
wide-researcher-1785976432-1a853f19900d,120.125,558.093
reviewer-1785976432-30cd387865a2,120.140,420.073
data-analyst-1785976432-79debaafe3d0,120.177,539.564
deep-researcher-1785976432-8316d44d44d4,120.199,314.120
wide-researcher-1785976432-fc3218adeb84,120.281,531.718
reviewer-1785976432-20e9a30a7a79,120.295,643.886
data-analyst-1785976432-283c656c5abf,120.336,535.334
deep-researcher-1785976432-11cc51ef4c41,120.386,586.230
wide-researcher-1785976432-e60c5e5def07,120.486,329.528
reviewer-1785976432-09de4371806f,120.516,536.766
data-analyst-1785976432-0007ac6dcf80,120.609,633.672
deep-researcher-1785976432-0a7e8cf3c3ba,120.645,310.632
data-analyst-1785976349-85ae9073bab3,120.680,126.735
wide-researcher-1785976433-7678ab00502a,120.695,305.788
reviewer-1785976433-eb92e332a98d,120.749,650.219
data-analyst-1785976433-1b6735e5b4ce,120.801,557.368
deep-researcher-1785976433-a1af67b0f553,120.827,313.543
wide-researcher-1785976433-d2044e09373a,120.857,441.940
reviewer-1785976433-d298d8da27c7,120.889,433.075
data-analyst-1785976433-46996e625325,120.957,422.687
data-analyst-1785976382-5bd0d74a41d2,120.974,127.277
deep-researcher-1785976433-9edfad547679,120.979,211.318
data-analyst-1785976382-bbbc7ea8c9a7,120.993,125.716
data-analyst-1785976382-45acbb19c9ed,121.007,201.260
data-analyst-1785976373-76102966ba92,121.040,121.040
wide-researcher-1785976433-57c916207bb1,121.045,377.523
reviewer-1785976433-3af7d08592db,121.075,591.217
data-analyst-1785976433-4293167eceb5,121.111,423.843
deep-researcher-1785976433-b3cf088d004b,121.156,303.371
wide-researcher-1785976433-5b9bd6b8974c,121.296,209.875
reviewer-1785976433-f7fd931ec6d6,121.315,637.945
data-analyst-1785976433-1b36571f06f7,121.374,538.083
deep-researcher-1785976433-c29ca5495c4b,121.395,675.715
wide-researcher-1785976433-77e0e5a8ecbb,121.418,556.647
data-analyst-1785976382-9f4437cec11e,121.427,125.230
data-analyst-1785976382-56ccbaafc4d5,121.439,150.533
reviewer-1785976433-98ad0e86b9ae,121.444,633.782
data-analyst-1785976382-766bf459e2fd,121.456,125.214
data-analyst-1785976433-2434323e4a00,121.546,620.849
deep-researcher-1785976433-4a9a6c42d98f,121.649,683.312
wide-researcher-1785976433-72989712ce72,121.664,319.467
reviewer-1785976434-668f52648209,121.716,662.952
data-analyst-1785976434-9903996210de,121.759,556.230
deep-researcher-1785976434-6bb54d24326c,121.777,263.934
wide-researcher-1785976434-a916376551b6,121.802,315.288
reviewer-1785976434-f9c7e65a96f4,121.990,442.607
data-analyst-1785976434-d7937789c5cb,122.026,565.676
deep-researcher-1785976434-841201a215b9,122.113,311.815
wide-researcher-1785976434-0a7f4fcd8266,122.128,309.528
reviewer-1785976434-36b89cb43311,122.164,553.608
data-analyst-1785976434-b46560cf7bd2,122.200,677.339
deep-researcher-1785976434-f84338ef5d4f,122.213,540.326
wide-researcher-1785976434-a2f1f2466530,122.246,254.581
reviewer-1785976434-b24e46cd5f41,122.265,558.414
data-analyst-1785976434-f610433a08db,122.337,568.184
deep-researcher-1785976434-e5b003acfe73,122.364,668.347
wide-researcher-1785976434-11c290e67fca,122.381,642.360
reviewer-1785976434-d08804d21db2,122.403,547.011
data-analyst-1785976434-35eec9d79705,122.433,528.372
deep-researcher-1785976434-f52f4d419776,122.500,343.825
wide-researcher-1785976434-f9cf36bab1e4,122.552,313.313
reviewer-1785976434-73ee417e16a9,122.585,417.067
data-analyst-1785976434-8fd799798d5a,122.630,591.859
data-analyst-1785976376-019ffd68d596,122.786,125.059
deep-researcher-1785976435-0003412314d2,122.791,534.068
data-analyst-1785976375-f5a3e775f821,122.808,127.009
wide-researcher-1785976435-35f7ada3904c,122.813,306.214
reviewer-1785976435-9f288b07e45b,122.829,457.190
data-analyst-1785976435-71ed02c8b69e,122.894,552.753
deep-researcher-1785976435-41a5c96fecbf,122.911,246.506
wide-researcher-1785976435-608e06bc6b6b,122.966,516.264
reviewer-1785976435-881eada0f3cc,123.051,476.224
data-analyst-1785976435-717f173af441,123.099,448.208
deep-researcher-1785976435-20e80a9a89b8,123.120,426.507
wide-researcher-1785976435-18010f0e6bcc,123.161,349.276
reviewer-1785976435-653df4f6bc1b,123.174,640.096
data-analyst-1785976379-01e5b91f6665,123.182,125.399
data-analyst-1785976435-29f05b54a13f,123.228,465.099
deep-researcher-1785976435-5a1b2cfa6bbe,123.273,572.139
wide-researcher-1785976435-5f88e640e2ef,123.290,303.966
reviewer-1785976435-a80a7a3407e4,123.313,457.424
data-analyst-1785976435-60e816308736,123.355,539.222
deep-researcher-1785976435-e2ae31f4645a,123.499,317.285
wide-researcher-1785976435-d0506800c5ab,123.514,339.261
reviewer-1785976435-6a81b19dddf6,123.544,531.932
data-analyst-1785976435-097b76b38087,123.594,535.133
deep-researcher-1785976436-311a6ec5e588,123.636,321.501
wide-researcher-1785976436-741a0301398f,123.654,546.204
reviewer-1785976436-7cf6ec660606,123.676,503.457
data-analyst-1785976372-6da3ab608e68,123.705,125.461
data-analyst-1785976436-c3de091bc52f,123.730,656.556
deep-researcher-1785976436-44deaa2617a4,123.784,673.746
wide-researcher-1785976436-d29da513a74e,123.849,659.320
reviewer-1785976436-c148ae6f7883,123.885,541.648
data-analyst-1785976436-2c6b3cf083e6,123.919,446.689
deep-researcher-1785976436-9c4e11c484a4,123.949,682.076
data-analyst-1785976374-d0c64f76d7ea,123.967,123.968
wide-researcher-1785976436-646ee0c7d383,124.000,575.209
reviewer-1785976436-e645b6f168dc,124.017,662.748
data-analyst-1785976436-7594ca8409cc,124.070,594.822
data-analyst-1785976376-785613922209,124.087,124.088
deep-researcher-1785976436-3abdf0c16377,124.100,392.000
wide-researcher-1785976436-a4e87af3f78c,124.137,307.650
reviewer-1785976436-a7bb1139d0ec,124.165,442.279
data-analyst-1785976436-f6be72db7168,124.270,429.995
data-analyst-1785976373-89b2f3368fd0,124.270,124.271
deep-researcher-1785976436-2d911be0dc89,124.309,655.110
wide-researcher-1785976436-8c5060ba0ee1,124.332,274.731
reviewer-1785976436-a064e771f234,124.351,547.581
data-analyst-1785976436-8e10d9d95118,124.394,535.287
deep-researcher-1785976436-bf85fc931130,124.408,661.889
wide-researcher-1785976436-3d8b3f2a0f46,124.463,553.480
reviewer-1785976436-ce85fe512f85,124.477,534.987
data-analyst-1785976436-747c6ab3b486,124.562,314.075
deep-researcher-1785976436-ac05f8c8e1f4,124.577,658.407
wide-researcher-1785976437-28020da098bd,124.629,313.527
reviewer-1785976437-69e6c85291a1,124.665,653.929
data-analyst-1785976437-fc008df532fc,124.694,656.228
deep-researcher-1785976437-c027cc137ccc,124.741,556.277
wide-researcher-1785976437-72118002f4e6,124.782,435.147
reviewer-1785976437-b668e8855801,124.829,667.967
data-analyst-1785976437-92586f97e74d,124.901,552.502
deep-researcher-1785976437-75619a588457,124.920,333.899
wide-researcher-1785976437-63f80f0f51fe,125.018,553.881
reviewer-1785976437-52bf4eeb5a6b,125.058,426.790
data-analyst-1785976437-64abee988be8,125.102,441.773
deep-researcher-1785976437-2e98838c3c31,125.133,312.617
wide-researcher-1785976437-aaeedd7468ab,125.150,300.412
reviewer-1785976437-087bfc97c617,125.196,555.180
data-analyst-1785976437-2cc6b3ccbdf3,125.248,532.245
deep-researcher-1785976437-814cf1d9e4b1,125.301,431.189
wide-researcher-1785976437-704a9c00d306,125.394,314.385
reviewer-1785976437-137e2202f211,125.409,558.020
data-analyst-1785976437-fd6e7735f7b3,125.448,447.478
deep-researcher-1785976437-6943b66c5736,125.466,398.607
wide-researcher-1785976437-80471993f5da,125.515,638.425
reviewer-1785976437-c7750256dca3,125.547,663.910
data-analyst-1785976438-0c403e8aa2ea,125.584,424.391
data-analyst-1785976384-26ec0eb98693,125.585,125.588
deep-researcher-1785976438-d69bfed9a151,125.653,416.547
wide-researcher-1785976438-8e4ff404cccf,125.688,663.265
reviewer-1785976438-eb6c45f4060e,125.747,689.848
data-analyst-1785976438-a49021ceec7d,125.782,550.981
data-analyst-1785976384-1684cc571a6e,125.804,125.805
deep-researcher-1785976438-9dc5752a90d0,125.809,669.869
wide-researcher-1785976438-290846cee522,125.839,584.921
data-analyst-1785976386-2fcb3583c5c3,125.853,125.853
reviewer-1785976438-f9e7f441d5a2,125.862,675.498
data-analyst-1785976438-26cbca3c5575,125.912,567.972
deep-researcher-1785976438-d412ebd0f520,125.926,636.923
data-analyst-1785976386-2135748d5f2f,125.949,125.950
wide-researcher-1785976438-88cf5c6b5957,125.980,248.180
reviewer-1785976438-450ec384d82f,125.998,638.757
data-analyst-1785976383-176fc73d4255,126.015,126.015
data-analyst-1785976438-5d7039740971,126.074,417.748
deep-researcher-1785976438-b50596f9243a,126.112,313.987
data-analyst-1785976385-a9c17024f2c3,126.143,126.144
wide-researcher-1785976438-cfa49f020508,126.193,314.047
reviewer-1785976438-0d481d110315,126.208,680.257
data-analyst-1785976438-ed1750022832,126.251,524.825
deep-researcher-1785976438-cc15bd071554,126.293,557.847
wide-researcher-1785976438-3dac1b186d57,126.343,404.741
data-analyst-1785976386-2ae3da06d118,126.395,126.395
data-analyst-1785976388-c3d7722815a6,126.434,126.435
data-analyst-1785976386-0b4e0b3fe0bd,126.495,126.495
reviewer-1785976438-0cb9f665c5d2,126.500,415.344
data-analyst-1785976387-d813b9468099,126.540,126.541
data-analyst-1785976385-afe6e1195fa1,126.554,126.554
data-analyst-1785976438-b9fc7497f654,126.562,548.326
deep-researcher-1785976438-765f24fbd30e,126.580,581.458
data-analyst-1785976386-9c8061404cba,126.619,126.620
wide-researcher-1785976438-e86001252d95,126.644,532.306
reviewer-1785976439-e7b8154e6657,126.662,653.147
data-analyst-1785976439-c67264c2f953,126.699,546.576
data-analyst-1785976387-5ffa91e801be,126.700,126.703
deep-researcher-1785976439-7d9c0f0d6dc4,126.716,416.450
wide-researcher-1785976439-1aeae22d6c72,126.760,304.127
data-analyst-1785976387-f73036682520,126.799,126.800
data-analyst-1785976386-f26d5371d126,126.829,126.830
reviewer-1785976439-bbf6347b1896,126.839,668.049
data-analyst-1785976439-02c2df296558,126.909,532.071
deep-researcher-1785976439-a64495506cda,126.922,675.105
wide-researcher-1785976439-d8cb1752839d,126.936,316.476
reviewer-1785976439-45325bee633c,126.965,583.241
data-analyst-1785976391-1a24aabbc48f,126.994,126.994
data-analyst-1785976439-0bd4aebc132a,127.017,553.623
data-analyst-1785976388-8197d2712815,127.026,127.027
deep-researcher-1785976439-42f7a9553d03,127.062,319.155
data-analyst-1785976389-c7dde35bb281,127.077,127.077
wide-researcher-1785976439-7b53db6a4d50,127.121,303.877
data-analyst-1785976392-bc765091825c,127.122,127.125
data-analyst-1785976392-41aea509ca81,127.139,127.139
data-analyst-1785976386-373d787985f7,127.152,127.152
reviewer-1785976439-262f3a003ab1,127.165,354.655
data-analyst-1785976392-c37cd30990b2,127.213,127.213
data-analyst-1785976439-5ea9cfb64209,127.262,548.454
deep-researcher-1785976439-4ff765ea41a6,127.296,313.146
wide-researcher-1785976439-989078197287,127.322,542.638
reviewer-1785976439-af7ed98d9e0b,127.355,558.122
data-analyst-1785976392-5a714a3bf565,127.373,127.374
data-analyst-1785976389-1b221476ed31,127.388,127.388
data-analyst-1785976439-699528246fd4,127.421,556.543
deep-researcher-1785976439-8a576927877a,127.436,670.152
data-analyst-1785976393-fae0c267774c,127.454,127.455
wide-researcher-1785976439-e0f6d6383af7,127.478,349.570
reviewer-1785976439-4b8910c22c64,127.497,673.075
data-analyst-1785976392-635e3838c14e,127.521,127.521
data-analyst-1785976392-af92dd0d14c8,127.550,127.551
data-analyst-1785976439-daf406682955,127.578,431.113
deep-researcher-1785976440-6750b350f1fd,127.591,430.610
wide-researcher-1785976440-2fa3dfad4709,127.697,418.919
data-analyst-1785976390-a671460b0375,127.712,127.713
reviewer-1785976440-a46eed17b136,127.718,601.533
data-analyst-1785976391-cfc2141eef8b,127.744,127.745
data-analyst-1785976387-57fe14db2992,127.759,127.760
data-analyst-1785976440-4f4a6aea7be2,127.765,568.857
deep-researcher-1785976440-3189900c6ded,127.813,437.942
data-analyst-1785976394-87693e52c350,127.827,127.828
data-analyst-1785976386-ca49736cc945,127.842,127.842
wide-researcher-1785976440-80a4f8d625c7,127.842,422.972
reviewer-1785976440-941f7d3d47ce,127.859,656.969
data-analyst-1785976389-fad899ad3c8e,127.905,127.906
data-analyst-1785976440-eb7532f3cc31,127.930,396.752
data-analyst-1785976385-652ccd821156,127.939,127.940
data-analyst-1785976394-ea47b2dc00a1,127.953,127.954
deep-researcher-1785976440-4aad69a79a9e,128.008,318.369
data-analyst-1785976388-f0bba04e3fe6,128.019,128.019
wide-researcher-1785976440-a7b8205af88c,128.032,235.902
data-analyst-1785976389-daf6237b3318,128.037,128.037
reviewer-1785976440-26c2d597775f,128.070,642.925
data-analyst-1785976440-37e91e457e2c,128.120,425.593
deep-researcher-1785976440-831af03a3f87,128.163,533.612
wide-researcher-1785976440-43d0785b47fa,128.182,424.533
data-analyst-1785976385-76ca89d8e6f5,128.197,128.197
reviewer-1785976440-6805548d7a6d,128.215,536.879
data-analyst-1785976396-4a14c6b5eed6,128.242,128.242
data-analyst-1785976392-398157f000fe,128.257,128.258
data-analyst-1785976440-d09c3a10c098,128.267,645.335
data-analyst-1785976394-e033c3c20a84,128.275,128.276
data-analyst-1785976386-5fed4effecbf,128.305,128.305
data-analyst-1785976392-6109fe55b839,128.318,128.319
deep-researcher-1785976440-016fdfe77a88,128.352,243.301
wide-researcher-1785976440-262db0d5154d,128.370,655.917
data-analyst-1785976385-1043567cf367,128.383,128.384
reviewer-1785976440-e94a13ecff35,128.416,340.581
data-analyst-1785976390-b5be5c1b428f,128.429,128.429
data-analyst-1785976440-f701b0be7d87,128.446,565.430
deep-researcher-1785976440-5367c7f849bb,128.482,308.019
data-analyst-1785976391-d23968873eab,128.513,128.513
data-analyst-1785976394-d294bd407b2b,128.529,128.529
wide-researcher-1785976440-41efedb0c6dc,128.539,553.291
reviewer-1785976440-c67c7cd00aab,128.571,662.106
data-analyst-1785976394-0b9e764072bd,128.654,128.654
data-analyst-1785976441-26bdfab198ae,128.668,436.218
data-analyst-1785976396-16d73cf8ded3,128.672,128.672
data-analyst-1785976386-19e9d7d7c0a7,128.685,128.685
data-analyst-1785976398-b938bab36547,128.741,128.741
deep-researcher-1785976441-ae7b6a2f43a0,128.760,416.488
data-analyst-1785976390-375a2f601075,128.805,128.805
data-analyst-1785976396-43738fbbafd3,128.818,128.819
wide-researcher-1785976441-6dbb91f2b626,128.903,553.718
data-analyst-1785976392-d4e83903725b,128.904,128.907
reviewer-1785976441-d0221d9573e7,128.933,531.060
data-analyst-1785976394-f420f8bc9ee8,128.937,128.937
data-analyst-1785976390-6c46d94ffb4f,128.965,128.965
data-analyst-1785976386-990361ddb649,128.977,128.978
data-analyst-1785976391-e78ab42de188,128.990,128.991
data-analyst-1785976441-6b134d9688be,128.999,595.983
data-analyst-1785976396-229125c55834,129.009,129.009
deep-researcher-1785976441-59505e10fc37,129.013,674.849
wide-researcher-1785976441-0ffba1fc7673,129.026,674.150
data-analyst-1785976394-f596ec8f3747,129.045,129.046
reviewer-1785976441-aac6df84a2a0,129.086,637.905
data-analyst-1785976389-4a2348c68eed,129.124,129.125
data-analyst-1785976394-1e83fb0e8fd8,129.139,129.139
data-analyst-1785976441-88800fa10b5b,129.163,657.967
deep-researcher-1785976441-32169a6c4c83,129.202,635.738
wide-researcher-1785976441-555e93814788,129.236,638.346
data-analyst-1785976399-3a7b1522c1b1,129.253,129.254
reviewer-1785976441-671f55b81bc5,129.272,566.055
data-analyst-1785976397-5131e2f5a490,129.300,129.300
data-analyst-1785976441-9e62c5193737,129.318,670.192
data-analyst-1785976402-f46987b16122,129.347,129.347
deep-researcher-1785976441-3b861f344e2b,129.360,314.901
data-analyst-1785976398-58da6c1c9c92,129.364,129.364
wide-researcher-1785976441-e09b7b0a5c16,129.373,322.121
data-analyst-1785976387-3edea63b4df2,129.381,129.381
data-analyst-1785976384-2343f2d36954,129.428,129.429
reviewer-1785976441-55a29e821cab,129.433,546.617
data-analyst-1785976386-d0d03eecf5e9,129.445,129.445
data-analyst-1785976403-23cb85bc08c9,129.518,129.519
data-analyst-1785976441-a99205ea3e1e,129.523,644.116
data-analyst-1785976393-ddb5ec0a29a1,129.551,129.552
data-analyst-1785976396-6d9d6dffc97c,129.564,129.565
data-analyst-1785976390-787848f0e8d7,129.579,129.579
deep-researcher-1785976441-a14c5383f19f,129.592,304.619
wide-researcher-1785976441-34c6859982ed,129.630,683.511
reviewer-1785976442-03b185808ba4,129.663,655.800
data-analyst-1785976442-8d44d0a809b0,129.690,553.338
deep-researcher-1785976442-a450b4b1d616,129.731,316.635
wide-researcher-1785976442-9fb4cdbaa012,129.774,540.555
data-analyst-1785976402-fbc318ff74a0,129.836,129.836
reviewer-1785976442-8bad1299926d,129.855,651.856
data-analyst-1785976442-d3c92cf7f2e0,129.953,435.896
deep-researcher-1785976442-5b1cc98abc9e,129.989,317.013
wide-researcher-1785976442-b85307c3a4cb,130.006,246.199
data-analyst-1785976396-41ca62bf79f7,130.041,130.042
reviewer-1785976442-98d2e81dfc57,130.055,673.966
data-analyst-1785976442-50cb187c0a59,130.091,435.489
deep-researcher-1785976442-686fc2f09f72,130.142,311.404
wide-researcher-1785976442-aba3e20de4a5,130.182,414.445
reviewer-1785976442-e7fb8d3cae1d,130.203,555.280
data-analyst-1785976442-643d954cf925,130.268,657.110
deep-researcher-1785976442-33422e938d73,130.391,426.209
wide-researcher-1785976442-f1237e8c17ed,130.438,440.264
reviewer-1785976442-6f97835a813e,130.514,554.744
data-analyst-1785976442-33d5ae17b114,130.597,686.957
deep-researcher-1785976442-9817df9b080d,130.615,672.522
data-analyst-1785976390-fffe0ac17c4c,130.615,130.619
data-analyst-1785976385-77a1a6e8bfa2,130.633,130.633
wide-researcher-1785976443-65c8b5dc9bba,130.667,319.560
reviewer-1785976443-6305b51c9d10,130.713,556.441
data-analyst-1785976443-6a94192cc0fd,130.750,662.507
deep-researcher-1785976443-472b1d86129b,130.778,420.371
wide-researcher-1785976443-17709f7dc1f6,130.829,313.197
reviewer-1785976443-f8f83ff5eb3f,130.870,552.240
data-analyst-1785976443-5990cdc2ba6e,130.944,314.139
deep-researcher-1785976443-70c8d76fcb62,130.962,625.923
wide-researcher-1785976443-bc08ba17479a,131.032,240.994
reviewer-1785976443-8d570c142c6f,131.115,534.287
data-analyst-1785976391-5cc058891860,131.168,131.168
data-analyst-1785976443-b383f88bf746,131.172,545.821
deep-researcher-1785976443-e07ad62ea778,131.200,582.158
wide-researcher-1785976443-8ef8c5784289,131.234,422.580
reviewer-1785976443-788e3574f248,131.294,552.727
data-analyst-1785976443-7d12006b1774,131.373,633.136
deep-researcher-1785976443-13e4435b07e4,131.428,562.441
wide-researcher-1785976443-6dc47279b1eb,131.466,681.197
reviewer-1785976443-36af2fa8d5f2,131.508,675.185
data-analyst-1785976403-77b4e738c1e3,131.522,131.523
data-analyst-1785976443-d0ccf04d7b31,131.546,433.701
data-analyst-1785976396-1c3b5774d847,131.557,131.557
deep-researcher-1785976443-5dfa7fb2973e,131.571,322.504
wide-researcher-1785976444-d03a86e363fb,131.689,634.504
reviewer-1785976444-3c9cabce37dc,131.717,606.591
data-analyst-1785976444-b60e14db9bab,131.881,664.769
deep-researcher-1785976444-b218e375f280,131.905,667.100
wide-researcher-1785976444-3bf9879db990,131.945,326.142
reviewer-1785976444-61607b79413c,131.975,684.593
data-analyst-1785976444-344b804652ef,132.015,425.259
deep-researcher-1785976444-7601f2c19050,132.030,436.650
data-analyst-1785976390-6beb088c2fae,132.041,132.041
wide-researcher-1785976444-e44bfa447378,132.106,576.319
data-analyst-1785976403-016171259714,132.171,132.171
reviewer-1785976444-6dad53d93841,132.184,660.366
data-analyst-1785976404-9f81917fcc26,132.188,132.188
data-analyst-1785976444-463a6d889af7,132.225,555.250
deep-researcher-1785976444-2239d3ea1e97,132.243,306.230
wide-researcher-1785976444-2bca3b8f1336,132.288,555.295
reviewer-1785976444-0482e350d938,132.306,649.043
data-analyst-1785976444-75f17a3277fa,132.346,540.912
deep-researcher-1785976444-5b9813910468,132.457,327.595
wide-researcher-1785976444-3cc3eb00c2ab,132.546,585.240
data-analyst-1785976404-ce136d2b9426,132.573,132.573
data-analyst-1785976397-54f7c0613025,132.589,132.589
reviewer-1785976444-a97e7d09854b,132.618,644.985
data-analyst-1785976410-d92ce3e8de91,132.644,203.664
data-analyst-1785976444-13c333ca5f15,132.711,431.036
deep-researcher-1785976445-c115e8ae4c6a,132.752,306.666
data-analyst-1785976403-03566bf037a7,132.800,132.800
wide-researcher-1785976445-f2975c2465e4,132.805,362.129
reviewer-1785976445-f1b4ba11fc28,132.877,429.198
data-analyst-1785976445-2d53957566fc,132.963,453.352
deep-researcher-1785976445-44798d650456,132.982,666.887
wide-researcher-1785976445-525992b94259,133.011,211.017
reviewer-1785976445-78eb23c9d9b6,133.030,481.013
data-analyst-1785976445-691edfdd3d0b,133.084,545.915
deep-researcher-1785976445-ec8b0e5aea2a,133.144,309.747
wide-researcher-1785976445-2724d8206100,133.168,601.897
reviewer-1785976445-e274f1b412b9,133.203,551.142
data-analyst-1785976404-e25e2e55584f,133.208,133.208
data-analyst-1785976445-5e6931fb7156,133.242,440.984
data-analyst-1785976407-8db35bbf393f,133.306,200.434
data-analyst-1785976392-0f1d3ab25342,133.410,133.410
deep-researcher-1785976445-ed4d1439d5e6,133.420,312.735
wide-researcher-1785976445-e10f5774929b,133.466,320.228
reviewer-1785976445-9e7f77e00cdb,133.491,528.069
data-analyst-1785976445-930948822140,133.546,489.082
deep-researcher-1785976445-0c67d0f4e0a8,133.627,544.723
wide-researcher-1785976446-5988abe6f76c,133.703,415.022
reviewer-1785976446-f8279952a2dc,133.727,674.507
data-analyst-1785976446-fb45adf6a7e2,133.801,553.577
deep-researcher-1785976446-e2b6b20e36cf,133.826,359.130
wide-researcher-1785976446-b0981fe1eb77,133.853,366.386
data-analyst-1785976391-1a23e4307447,133.932,133.932
reviewer-1785976446-c71eb2e27166,133.966,564.174
data-analyst-1785976385-178028d6ea7e,134.010,134.010
data-analyst-1785976446-fdf817ae1611,134.054,335.449
deep-researcher-1785976446-22f21f456c0d,134.104,293.028
wide-researcher-1785976446-f7258fed2159,134.138,306.977
reviewer-1785976446-9beda2b28d1a,134.157,668.378
data-analyst-1785976446-0741d09c57c3,134.194,553.002
deep-researcher-1785976446-a907faf46b47,134.220,217.666
wide-researcher-1785976446-ab9d5de3736e,134.253,282.341
reviewer-1785976446-e77d40a7365b,134.269,646.644
data-analyst-1785976446-60baf1534bd5,134.311,639.460
deep-researcher-1785976446-debb7ca97f14,134.411,433.482
data-analyst-1785976403-dcb7a401571b,134.449,134.449
wide-researcher-1785976446-c80b7cfa4021,134.483,544.068
reviewer-1785976446-c789bef48223,134.498,552.361
data-analyst-1785976446-58e749d9c15b,134.540,419.287
data-analyst-1785976392-d0e9f70b2c60,134.596,134.596
data-analyst-1785976403-2025b0daf144,134.611,134.611
deep-researcher-1785976446-28c106fc06d7,134.624,416.667
wide-researcher-1785976447-8606f545c925,134.660,553.126
reviewer-1785976447-c7c09152a092,134.707,648.198
data-analyst-1785976447-95e4c4f91d85,134.965,658.232
deep-researcher-1785976447-970f686fae84,135.000,416.713
wide-researcher-1785976447-42f6020d6ebf,135.018,634.926
reviewer-1785976447-0de1060d69d5,135.061,434.933
data-analyst-1785976447-3bc5224b1e6f,135.125,484.425
deep-researcher-1785976447-20b638780436,135.141,303.053
wide-researcher-1785976447-933398ad0788,135.239,320.875
reviewer-1785976447-de194b7ac2bb,135.254,593.970
data-analyst-1785976447-495397b3a3a0,135.336,543.387
deep-researcher-1785976447-de53d3512b72,135.484,416.069
wide-researcher-1785976447-9387819e97e3,135.555,353.370
reviewer-1785976447-82eaf0fdbaea,135.573,673.389
data-analyst-1785976396-ff6b1b2b8ade,135.605,135.605
data-analyst-1785976447-3df2c9bea5ee,135.652,578.935
deep-researcher-1785976448-497839759e4f,135.670,428.472
wide-researcher-1785976448-87c80b7adb20,135.687,304.801
reviewer-1785976448-79487a33cbe5,135.779,505.916
data-analyst-1785976448-19d2b2b0f6ce,135.840,642.180
data-analyst-1785976391-6297f3f180d4,135.866,135.867
deep-researcher-1785976448-3860af3e23d9,135.905,641.800
wide-researcher-1785976448-083a6ac77231,135.945,331.795
reviewer-1785976448-5ebb9cc0ea71,135.963,426.261
data-analyst-1785976448-b03be89895f9,136.023,668.010
deep-researcher-1785976448-43c9392a6f69,136.061,442.512
wide-researcher-1785976448-661a218517ff,136.135,312.750
reviewer-1785976448-dc6c0f135be8,136.164,669.437
data-analyst-1785976448-24ae63771f07,136.214,558.890
deep-researcher-1785976448-09ff81554fa5,136.231,420.227
wide-researcher-1785976448-6d1d4847ef33,136.308,321.713
data-analyst-1785976399-fac62621732c,136.327,136.328
reviewer-1785976448-7aa2c7d307d5,136.427,664.923
data-analyst-1785976413-5b8276b8f8bd,136.466,207.225
data-analyst-1785976448-785b78378628,136.489,440.075
deep-researcher-1785976448-40fda437dc42,136.513,349.013
wide-researcher-1785976448-833ff301c980,136.539,309.798
data-analyst-1785976410-fd13960f1645,136.556,205.431
reviewer-1785976449-e60366e270f5,136.579,545.230
data-analyst-1785976386-a1684fc28f31,136.607,136.608
data-analyst-1785976449-b56c60fd2ee3,136.641,558.877
deep-researcher-1785976449-b8e8a4df8afd,136.762,560.845
wide-researcher-1785976449-143b79e72981,136.781,310.416
reviewer-1785976449-5091d130fc86,136.836,671.631
data-analyst-1785976384-713496f280ca,136.930,203.638
data-analyst-1785976384-356702dc2704,136.943,202.385
data-analyst-1785976449-a2b54dc9c3ce,136.966,533.066
data-analyst-1785976386-266f8fb0316b,136.990,136.991
deep-researcher-1785976449-c3aa79f1ae38,137.004,656.419
data-analyst-1785976407-a73a9bd6e242,137.022,137.023
data-analyst-1785976393-9dc1daf2a5ce,137.053,201.369
wide-researcher-1785976449-4a3789e018ba,137.071,634.540
reviewer-1785976449-3ad1d8e526be,137.086,533.814
data-analyst-1785976385-5659070dc413,137.150,137.150
data-analyst-1785976449-90c39576b498,137.162,576.029
deep-researcher-1785976449-caebde153de2,137.178,337.876
wide-researcher-1785976449-9d082b7c67cf,137.275,433.735
reviewer-1785976449-c175a981755f,137.298,439.313
data-analyst-1785976449-3a459dbfe2bf,137.351,649.383
deep-researcher-1785976449-885cec2b3732,137.411,251.682
data-analyst-1785976412-cc3ff685269b,137.475,201.899
wide-researcher-1785976449-e7242e5617c0,137.480,211.668
reviewer-1785976449-9398022a46fe,137.530,465.324
data-analyst-1785976406-7d7930f60f46,137.576,200.385
data-analyst-1785976412-d5276f7bf54d,137.595,201.453
data-analyst-1785976406-8615044f9695,137.615,205.146
data-analyst-1785976449-1660b548652f,137.649,639.424
deep-researcher-1785976449-9a8249f4be13,137.674,659.744
data-analyst-1785976408-edfd3d7fac62,137.703,137.704
wide-researcher-1785976450-b35d568e223c,137.722,534.770
reviewer-1785976450-ed15561fbd53,137.739,662.571
data-analyst-1785976406-9213985fa49b,137.809,137.810
data-analyst-1785976450-3ec1bf6db058,137.822,414.417
data-analyst-1785976406-1b1ada1b470e,137.857,137.857
data-analyst-1785976406-1c13ae5e5df9,137.917,137.917
deep-researcher-1785976450-91654efd5990,137.944,646.684
wide-researcher-1785976450-0071ca418917,138.029,580.755
reviewer-1785976450-183dbfff4620,138.045,632.525
data-analyst-1785976450-a4e5e213c4b1,138.092,633.890
data-analyst-1785976383-890d6f809bf0,138.142,201.280
data-analyst-1785976408-2e948037e85d,138.200,138.200
deep-researcher-1785976450-0e436a4e0a9e,138.204,656.768
wide-researcher-1785976450-df1a99d923a8,138.262,678.294
reviewer-1785976450-4e077f14142a,138.300,544.466
data-analyst-1785976450-4a178dc5a38c,138.346,560.292
deep-researcher-1785976450-3de1fbc7955b,138.384,535.632
data-analyst-1785976385-88205f6a2105,138.392,205.876
wide-researcher-1785976450-fbd8fca6720c,138.499,537.803
reviewer-1785976450-784cff18a2d5,138.518,635.880
data-analyst-1785976450-e7345ce488ee,138.577,683.361
deep-researcher-1785976450-1efe6e57e777,138.602,635.282
wide-researcher-1785976451-c397cbbe9803,138.619,324.161
reviewer-1785976451-8701e94169e6,138.657,639.344
data-analyst-1785976451-c6a11e2cff4a,138.712,575.791
deep-researcher-1785976451-44cf21f7ef9b,138.736,313.850
wide-researcher-1785976451-cbf0b8b46bf6,138.796,423.274
reviewer-1785976451-bf21f5b12ac9,138.814,657.895
data-analyst-1785976451-ef94748f3ee6,138.854,667.579
deep-researcher-1785976451-40febee9fe05,138.871,690.540
wide-researcher-1785976451-adaf43baf804,138.987,268.972
reviewer-1785976451-c7fa842c05ee,139.004,548.196
data-analyst-1785976451-dba37caebf1a,139.041,544.330
deep-researcher-1785976451-26fed4618a2c,139.067,428.734
wide-researcher-1785976451-e5e24472172b,139.169,315.564
reviewer-1785976451-deb268724f73,139.192,662.241
data-analyst-1785976451-b9ac9e73d274,139.232,634.617
deep-researcher-1785976451-5ea1da5c9c7f,139.265,661.221
wide-researcher-1785976451-ef9cffc7ff3e,139.320,319.909
data-analyst-1785976384-7e933976447c,139.325,206.636
reviewer-1785976451-217a570281f1,139.341,544.898
data-analyst-1785976406-54164ea8e730,139.413,139.414
data-analyst-1785976451-c1ccd1a72f01,139.496,533.532
deep-researcher-1785976451-0d1a8caab5fe,139.532,688.651
wide-researcher-1785976451-805e888ef7ac,139.550,320.707
reviewer-1785976451-74d64156b10f,139.567,672.743
data-analyst-1785976452-1290e053182c,139.625,676.748
deep-researcher-1785976452-eae4a2279e85,139.702,336.413
wide-researcher-1785976452-3ff24e11127b,139.774,442.695
reviewer-1785976452-ce5222279006,139.800,496.046
data-analyst-1785976410-9a760ad36af0,139.809,139.809
data-analyst-1785976452-ed7e5423ea0b,139.849,671.150
deep-researcher-1785976452-bd17b6bf29bb,139.981,534.584
wide-researcher-1785976452-234520b76fcd,140.023,539.271
reviewer-1785976452-148e90d4f99e,140.038,551.959
data-analyst-1785976452-881ce8489556,140.110,685.664
data-analyst-1785976410-e1e849a9f72e,140.144,140.144
deep-researcher-1785976452-5ba14519338b,140.189,419.494
wide-researcher-1785976452-07395b852450,140.251,318.116
data-analyst-1785976416-24f7e7a76b3a,140.261,206.992
reviewer-1785976452-075951b156d2,140.303,552.057
data-analyst-1785976452-a337ecd242d7,140.332,643.550
deep-researcher-1785976452-e0ecd9ea07d8,140.375,420.863
wide-researcher-1785976452-b1f6758453ea,140.440,439.297
reviewer-1785976452-e4c1d68ea852,140.501,556.199
data-analyst-1785976452-9e71e85fd6d3,140.551,639.753
deep-researcher-1785976452-752b47443eab,140.576,303.753
wide-researcher-1785976453-452fe791a9da,140.674,322.315
reviewer-1785976453-67c358825861,140.704,657.743
data-analyst-1785976453-01d3a107909b,140.747,482.575
deep-researcher-1785976453-367d75f39b02,140.776,321.096
wide-researcher-1785976453-31babc3884cc,140.835,418.110
reviewer-1785976453-fc2b805a5436,140.860,630.265
data-analyst-1785976453-2fb6efdeb291,140.954,431.491
data-analyst-1785976410-c9410d1df396,140.984,201.931
deep-researcher-1785976453-381ab3d1baad,140.989,666.406
wide-researcher-1785976453-d846686e246c,141.006,536.325
reviewer-1785976453-d47b56ad7f9b,141.044,561.228
data-analyst-1785976453-d0307d7de0c9,141.075,559.368
deep-researcher-1785976453-8c9be1913b70,141.118,324.924
wide-researcher-1785976453-bc3c164788dc,141.142,313.426
reviewer-1785976453-a4b2ff4727b1,141.207,653.340
data-analyst-1785976387-c6769727a39c,141.257,141.257
data-analyst-1785976453-2c4ce0111be8,141.284,550.681
deep-researcher-1785976453-1410931b2c97,141.319,314.952
data-analyst-1785976410-6f1d9b5b317d,141.332,141.332
wide-researcher-1785976453-1ed0034d8555,141.337,639.513
reviewer-1785976453-71a13378fc26,141.369,634.679
data-analyst-1785976453-0f4b87bfb0b0,141.410,443.061
data-analyst-1785976413-f912bb7d2d42,141.481,141.481
data-analyst-1785976407-8f007162ac0c,141.496,141.498
deep-researcher-1785976453-8298f3331bfc,141.521,433.684
wide-researcher-1785976453-d4e60c03e877,141.545,553.167
reviewer-1785976453-498d2a9f307e,141.560,559.863
data-analyst-1785976413-1540e0a41ed9,141.582,141.583
data-analyst-1785976453-639ff5752ac2,141.700,636.205
deep-researcher-1785976454-b58309ea5bbb,141.733,584.001
wide-researcher-1785976454-6ede389ed8c7,141.756,258.031
reviewer-1785976454-5eb395575fc2,141.829,547.626
data-analyst-1785976454-456393a27458,141.882,641.364
deep-researcher-1785976454-d574ca7759eb,141.947,416.994
data-analyst-1785976412-64d63c7ff240,141.969,141.969
wide-researcher-1785976454-a92f651ebc49,142.000,575.948
reviewer-1785976454-0377b717dcc4,142.025,497.997
data-analyst-1785976454-b680a39dd232,142.071,427.766
deep-researcher-1785976454-a132cc8cde79,142.090,419.993
data-analyst-1785976406-7dcc4b9ac70d,142.103,142.104
wide-researcher-1785976454-2527040465ba,142.182,225.763
reviewer-1785976454-746b900858cc,142.200,440.250
data-analyst-1785976454-ff7544461175,142.262,551.807
deep-researcher-1785976454-85f4d36228b1,142.290,636.704
wide-researcher-1785976454-7464faca625a,142.344,307.343
reviewer-1785976454-6b7bffe085fd,142.388,662.985
data-analyst-1785976385-0c0728cc67f6,142.400,142.401
data-analyst-1785976413-e513c10f683b,142.415,208.224
data-analyst-1785976454-e1ece5424fd0,142.448,653.300
deep-researcher-1785976454-5e4e3c763202,142.503,374.461
wide-researcher-1785976454-774094ed6ce6,142.569,546.517
data-analyst-1785976413-da045f63b25c,142.583,142.584
reviewer-1785976454-622dd5952400,142.632,434.250
data-analyst-1785976455-a2e3aa512303,142.685,634.133
data-analyst-1785976415-692e97bdc0ec,142.713,312.471
deep-researcher-1785976455-7b47aa75109b,142.718,312.859
wide-researcher-1785976455-b869d3fbaf85,142.785,420.666
reviewer-1785976455-db445f2cb968,142.808,654.687
data-analyst-1785976455-1effbe872a87,142.871,660.108
data-analyst-1785976407-432a99223ba1,142.885,142.886
deep-researcher-1785976455-891aa669c004,142.886,432.045
wide-researcher-1785976455-07dbc768fff3,142.932,557.270
reviewer-1785976455-669d71157889,143.040,688.845
data-analyst-1785976455-8eacd53746ca,143.070,415.504
deep-researcher-1785976455-040ae6606893,143.087,657.646
wide-researcher-1785976455-681c8dd7f37d,143.124,415.684
reviewer-1785976455-6863cef86913,143.213,594.164
data-analyst-1785976418-51b0e0500dd9,143.229,203.607
data-analyst-1785976418-a6ddf466548e,143.244,206.488
data-analyst-1785976455-42ee9dca9e1f,143.277,661.744
data-analyst-1785976386-3fad3eb1bd8f,143.309,143.310
deep-researcher-1785976455-e93ef39215be,143.333,334.238
data-analyst-1785976413-37b3a9948c7d,143.371,143.372
wide-researcher-1785976455-bdbeccb58956,143.381,321.371
reviewer-1785976455-5e12d66e94d6,143.440,668.362
data-analyst-1785976455-0709a3b6b1ee,143.505,559.438
deep-researcher-1785976455-7e55de71cca7,143.524,671.815
wide-researcher-1785976455-032050ce9831,143.550,539.034
reviewer-1785976456-1fd5d721f48b,143.581,572.668
data-analyst-1785976456-6a498bf7ffcc,143.677,438.266
deep-researcher-1785976456-253198fd2b72,143.705,306.167
wide-researcher-1785976456-8535028d8396,143.777,575.299
reviewer-1785976456-711647ccce54,143.801,650.455
data-analyst-1785976456-e16dbd012c53,143.855,544.251
deep-researcher-1785976456-eb4b96b78c19,143.889,308.554
wide-researcher-1785976456-eb5460374d8c,143.960,319.892
reviewer-1785976456-2f5f30c442a4,143.982,434.421
data-analyst-1785976456-bf53e9d78e53,144.088,645.508
data-analyst-1785976416-09e43c4034f5,144.105,199.856
deep-researcher-1785976456-3fd458ba476e,144.150,305.652
wide-researcher-1785976456-b2f55db99592,144.241,372.437
reviewer-1785976456-3ab61b951476,144.297,649.766
data-analyst-1785976413-aa157c2a510f,144.306,144.306
data-analyst-1785976456-9dab90dc2367,144.333,453.581
deep-researcher-1785976456-9438111786a2,144.356,426.773
wide-researcher-1785976456-48b3e9fc91db,144.382,531.948
reviewer-1785976456-d5e4e8952b37,144.408,590.693
data-analyst-1785976456-16da83f34760,144.506,644.308
deep-researcher-1785976456-1023424dda7a,144.545,308.005
wide-researcher-1785976456-87019c9f9eae,144.563,651.515
reviewer-1785976456-cef9f396d1ab,144.580,662.225
data-analyst-1785976407-d4f3d60fa279,144.614,144.615
data-analyst-1785976457-e2381d6ba6c7,144.643,597.629
deep-researcher-1785976457-4fe1af3982a6,144.694,427.729
data-analyst-1785976415-9dd4b93d1453,144.713,144.713
wide-researcher-1785976457-ec9b686c3456,144.727,308.305
reviewer-1785976457-375c36cbdd75,144.841,604.524
data-analyst-1785976419-521dd2274e51,144.842,313.177
data-analyst-1785976419-5bf763662b0d,144.859,208.667
data-analyst-1785976457-1c9b2f3582a9,144.894,531.995
deep-researcher-1785976457-ea35615acd50,144.944,657.482
data-analyst-1785976415-7084ca74880e,144.949,144.949
wide-researcher-1785976457-e51887df1e4a,144.960,511.596
reviewer-1785976457-603196125e78,145.019,442.544
data-analyst-1785976457-0bccce261c41,145.056,652.909
deep-researcher-1785976457-4c8d36abb0a4,145.102,419.012
data-analyst-1785976410-e026aea7591b,145.204,145.205
wide-researcher-1785976457-755869f0360d,145.214,639.359
reviewer-1785976457-a65e9741b2af,145.230,535.744
data-analyst-1785976457-d6c8432af717,145.275,430.527
deep-researcher-1785976457-c56ccaad4423,145.321,560.860
wide-researcher-1785976457-2d202d3ce606,145.370,535.318
reviewer-1785976457-717488a575fd,145.404,682.351
data-analyst-1785976406-1d0c4fec80eb,145.452,145.453
data-analyst-1785976457-0be5b986e1cd,145.499,425.881
data-analyst-1785976419-aa1f7c26d432,145.557,317.712
deep-researcher-1785976457-f35cc9ca2621,145.656,647.571
wide-researcher-1785976457-bea4b823f4dc,145.698,319.063
reviewer-1785976457-a5b91a9273de,145.732,531.389
data-analyst-1785976458-0bae08a78de0,145.817,553.387
deep-researcher-1785976458-78c7f8898ce0,145.835,640.643
wide-researcher-1785976458-84b73620fbde,145.867,578.979
reviewer-1785976458-04f15aafbf14,145.902,438.881
data-analyst-1785976458-17aa17c7ddd2,145.935,554.371
deep-researcher-1785976458-5c60130701d3,145.964,304.097
wide-researcher-1785976458-58413daf773e,146.014,641.385
data-analyst-1785976420-d6d614ae8609,146.018,202.193
reviewer-1785976458-45e92dfe92f8,146.056,633.971
data-analyst-1785976391-d6c012d940d9,146.068,203.035
data-analyst-1785976458-71cfeb13bf16,146.085,646.528
deep-researcher-1785976458-8c23031ad782,146.102,662.362
data-analyst-1785976406-287a189e481d,146.120,211.730
data-analyst-1785976413-7e93f348b3e2,146.188,146.188
data-analyst-1785976413-f89c5f84a311,146.202,146.203
wide-researcher-1785976458-f76cb0b227c6,146.235,421.182
reviewer-1785976458-4300b0fd919d,146.280,643.072
data-analyst-1785976458-75cc6c43a537,146.354,642.196
deep-researcher-1785976458-b57e1a8f181a,146.373,273.106
wide-researcher-1785976458-1d93ddcf5a42,146.411,318.466
data-analyst-1785976417-a4b9741c7582,146.431,205.417
reviewer-1785976458-56b3f8ff2b85,146.464,532.873
data-analyst-1785976397-69c362824afb,146.487,146.488
data-analyst-1785976392-64cccd2b9f59,146.503,146.505
data-analyst-1785976458-859259f4acd7,146.531,422.379
deep-researcher-1785976458-b02a75900626,146.577,557.803
wide-researcher-1785976458-c6ef905efd59,146.610,558.544
reviewer-1785976459-2f1be1278191,146.695,641.026
data-analyst-1785976459-41151319d19f,146.745,442.530
deep-researcher-1785976459-90c8626ea941,146.787,647.298
wide-researcher-1785976459-13d4a60e7516,146.825,418.405
reviewer-1785976459-63ad38880e37,146.865,666.032
data-analyst-1785976420-825d0b3c89e8,146.936,202.903
data-analyst-1785976420-241b8bc51296,146.951,220.837
data-analyst-1785976459-6213650b5db0,147.003,343.114
deep-researcher-1785976459-03d94016bf0a,147.022,383.509
data-analyst-1785976420-44807fbe82ba,147.119,256.005
wide-researcher-1785976459-f910f4a9eb24,147.166,574.099
reviewer-1785976459-23893342fe68,147.210,678.962
data-analyst-1785976459-6f929a09e837,147.251,608.923
deep-researcher-1785976459-caa4dc349e7c,147.330,322.169
wide-researcher-1785976459-8b163e2af3f6,147.388,558.620
reviewer-1785976459-7347655b0e55,147.426,644.061
data-analyst-1785976459-da825b39dec6,147.456,574.569
deep-researcher-1785976459-d05b8837a546,147.567,370.388
wide-researcher-1785976459-c404eba0f4bc,147.601,575.665
data-analyst-1785976390-43eb9bba1579,147.690,147.690
data-analyst-1785976415-7eb8831606de,147.704,147.704
data-analyst-1785976418-f5b304c60229,147.765,199.591
reviewer-1785976460-4ae3bc379a70,147.785,440.548
data-analyst-1785976460-e8dbd453de1f,147.816,439.057
deep-researcher-1785976460-365ea6e67e10,147.865,561.407
wide-researcher-1785976460-fab57f6d54b9,147.890,305.517
reviewer-1785976460-2f1ca0664011,148.042,537.380
data-analyst-1785976460-09865ee9ba9b,148.083,536.125
deep-researcher-1785976460-33af1be923c6,148.114,411.314
wide-researcher-1785976460-301dcd3e411a,148.134,426.396
data-analyst-1785976421-b647b31ddd36,148.148,204.453
data-analyst-1785976421-17f87fa2baf1,148.161,330.538
reviewer-1785976460-5e4d3a2f92fc,148.209,554.459
data-analyst-1785976460-850673b0592e,148.247,638.874
deep-researcher-1785976460-cf8867701035,148.266,310.117
wide-researcher-1785976460-c438de1c3fe2,148.339,496.858
reviewer-1785976460-efacdc4c37b7,148.379,473.548
data-analyst-1785976460-d976aa40c57a,148.533,543.856
deep-researcher-1785976460-4d680589bd85,148.568,664.093
wide-researcher-1785976460-a247ca440c7d,148.678,322.400
data-analyst-1785976421-27a75d1f01bd,148.721,201.335
reviewer-1785976460-2b6558260f1f,148.726,652.503
data-analyst-1785976419-b7cbfe439fb0,148.803,202.308
data-analyst-1785976461-26d7eaaf7587,148.836,606.226
deep-researcher-1785976461-92a432552852,148.898,230.805
wide-researcher-1785976461-ebf53422023a,148.924,282.207
reviewer-1785976461-05bbb16b203e,148.939,585.501
data-analyst-1785976461-fe5504931e47,148.972,439.134
deep-researcher-1785976461-a6fbc2bb5ec2,149.044,421.277
wide-researcher-1785976461-98832fae3585,149.068,546.254
reviewer-1785976461-49d0a0bcc01d,149.100,538.645
data-analyst-1785976461-e8bdb4098d88,149.182,656.259
deep-researcher-1785976461-cfc3bb4e215e,149.233,665.630
data-analyst-1785976407-3f11cd5b0f06,149.252,149.252
wide-researcher-1785976461-d26637e266d4,149.300,342.424
reviewer-1785976461-059b104d5a86,149.318,650.754
data-analyst-1785976461-66b227fbd14e,149.385,552.792
deep-researcher-1785976461-8447fb5845a2,149.404,396.221
wide-researcher-1785976461-120d80bb77df,149.436,459.591
reviewer-1785976461-5fccbed5fe21,149.499,544.913
data-analyst-1785976461-2219bc887029,149.567,634.862
deep-researcher-1785976461-0d14dc4466e2,149.591,301.558
wide-researcher-1785976462-cd0d6ed57ad8,149.623,341.936
reviewer-1785976462-46525c9734b4,149.641,568.325
data-analyst-1785976462-8d282267f0f1,149.707,428.066
deep-researcher-1785976462-2ef39b8028ca,149.729,303.651
wide-researcher-1785976462-93bd26df7449,149.768,488.831
data-analyst-1785976422-5bcb875a5da1,149.794,215.718
data-analyst-1785976422-4d288f52f94a,149.809,202.176
reviewer-1785976462-22d2c3cab2b7,149.844,639.930
data-analyst-1785976462-30f5850ac5ef,149.889,675.844
deep-researcher-1785976462-0dd7c2a5a067,149.907,394.706
wide-researcher-1785976462-45ae11763ce6,149.930,492.050
reviewer-1785976462-065aeea2f05c,150.024,646.149
data-analyst-1785976462-efe9f76f7d9c,150.081,635.216
deep-researcher-1785976462-221155c7a6e7,150.192,310.616
wide-researcher-1785976462-662e6cdce92a,150.227,436.419
reviewer-1785976462-5f4bcc472cc6,150.252,633.433
data-analyst-1785976462-636227f22629,150.343,541.373
deep-researcher-1785976462-aa4029d1d7e0,150.409,660.767
wide-researcher-1785976462-5bb6260ef68a,150.432,552.451
reviewer-1785976462-58ef8538391c,150.462,597.827
data-analyst-1785976462-568899823c4d,150.546,640.771
deep-researcher-1785976462-fe3a2dfbaff6,150.578,420.913
wide-researcher-1785976463-32a2c5b3f482,150.618,319.221
data-analyst-1785976410-73442bfb7a9b,150.683,150.684
reviewer-1785976463-5b0738a2d6c1,150.692,547.465
data-analyst-1785976463-15920868add4,150.808,560.796
data-analyst-1785976412-fd65c17a135b,150.822,150.823
deep-researcher-1785976463-a6b951f29c15,150.832,544.692
wide-researcher-1785976463-99a7191ef3d1,150.899,305.251
data-analyst-1785976412-d102d8c563ae,150.900,150.904
reviewer-1785976463-1e6fada5e04c,150.943,635.553
data-analyst-1785976418-5d49add98457,150.948,150.948
data-analyst-1785976416-115f3fc87b81,150.961,150.962
data-analyst-1785976422-ee67f74c078f,150.988,221.701
data-analyst-1785976422-c44f116caad0,151.001,209.679
data-analyst-1785976463-2b187aeffbe9,151.010,650.599
deep-researcher-1785976463-8110018fefd9,151.072,591.010
data-analyst-1785976422-b3b6b3baf302,151.082,206.168
wide-researcher-1785976463-728bd90ff7e8,151.115,320.642
reviewer-1785976463-395b114aca02,151.142,672.390
data-analyst-1785976413-42e8261fa4d5,151.189,151.189
data-analyst-1785976417-278f53029a50,151.204,151.204
data-analyst-1785976463-3b1e41347f5a,151.217,662.539
deep-researcher-1785976463-c9867f3878b3,151.273,677.120
data-analyst-1785976416-e61912de91aa,151.340,151.340
wide-researcher-1785976463-9ccb287fcc7c,151.366,644.344
reviewer-1785976463-bbe6ac0efdc6,151.405,651.357
data-analyst-1785976463-f866404a5a25,151.541,420.879
deep-researcher-1785976463-1a0b46ca9339,151.596,351.017
wide-researcher-1785976463-d6c017be279c,151.690,433.236
reviewer-1785976463-f96a831c04f9,151.740,550.323
data-analyst-1785976390-27bf4bfe9d42,151.876,151.877
data-analyst-1785976464-8a0d0bb70163,151.913,416.857
deep-researcher-1785976464-b6ca60da3f1a,151.953,634.226
wide-researcher-1785976464-4ac8d8a174c3,151.970,334.411
reviewer-1785976464-6aabe7bc482c,151.987,498.340
data-analyst-1785976423-64554dcc7aaf,152.039,201.436
data-analyst-1785976423-b4f3cc193e33,152.052,209.847
data-analyst-1785976464-5cb62291c6cc,152.057,531.761
deep-researcher-1785976464-2af92937c4c7,152.124,540.822
data-analyst-1785976411-87da9e51dde0,152.137,152.138
wide-researcher-1785976464-cd5c4c28c017,152.199,424.049
reviewer-1785976464-41bd110ecb2c,152.216,642.007
data-analyst-1785976415-d8b235ae1240,152.238,152.239
data-analyst-1785976464-534dac3fa089,152.260,525.405
deep-researcher-1785976464-92a8976672b5,152.312,301.159
data-analyst-1785976386-5abe20d63d61,152.329,152.329
wide-researcher-1785976464-4c4459ff4010,152.342,353.845
reviewer-1785976464-67057ab7f25f,152.358,639.496
data-analyst-1785976464-91296a88ea20,152.412,643.188
data-analyst-1785976415-8ce72c209ad4,152.422,152.422
deep-researcher-1785976464-9145722a8941,152.429,636.759
data-analyst-1785976415-452adea56077,152.455,152.456
wide-researcher-1785976464-8f9dcf201935,152.465,440.094
reviewer-1785976464-098a8ab35de0,152.517,656.166
data-analyst-1785976412-53eb08f24535,152.525,152.525
data-analyst-1785976464-b97810c6407a,152.578,653.897
deep-researcher-1785976464-06836f6ac6de,152.629,313.757
wide-researcher-1785976465-8fa75d4bdff1,152.657,440.705
reviewer-1785976465-be8d511d694c,152.731,439.948
data-analyst-1785976465-4e3241b22ee1,152.788,537.553
deep-researcher-1785976465-406401271089,152.875,558.903
wide-researcher-1785976465-4cb3c6ff84ff,153.045,378.910
reviewer-1785976465-1b3e21b3c0ee,153.060,671.051
data-analyst-1785976465-a6554e2fa3a8,153.106,536.843
deep-researcher-1785976465-3015721b3740,153.178,313.771
data-analyst-1785976408-15dbcbff6750,153.195,199.907
wide-researcher-1785976465-a391584851e5,153.240,329.123
reviewer-1785976465-ff595e185b48,153.264,555.976
data-analyst-1785976465-f89e421aae21,153.384,464.104
deep-researcher-1785976465-c88aea9fb213,153.414,227.617
wide-researcher-1785976465-e5c3dca6de3e,153.428,303.132
reviewer-1785976465-08d1f1316154,153.464,562.056
data-analyst-1785976465-12a6ad6e4f61,153.495,434.709
deep-researcher-1785976465-fa0ca1a88472,153.513,340.394
wide-researcher-1785976465-10e348b836b0,153.571,333.760
reviewer-1785976466-f7ba034fb4d7,153.633,674.005
data-analyst-1785976466-d8440afdf848,153.713,544.314
deep-researcher-1785976466-a736729da813,153.734,675.628
data-analyst-1785976394-8f83a9751fb0,153.734,201.142
data-analyst-1785976391-91595f36b999,153.765,204.680
wide-researcher-1785976466-5efdcffb4321,153.775,589.961
reviewer-1785976466-8a3b662025a0,153.826,667.252
data-analyst-1785976424-29dfd90638d0,153.842,209.989
data-analyst-1785976466-4fc79d64c366,153.865,535.459
deep-researcher-1785976466-17acf96fc9b9,153.883,309.910
wide-researcher-1785976466-ac6a1624e9f6,153.923,658.162
reviewer-1785976466-ca8169650b34,153.941,554.545
data-analyst-1785976424-e401c877726f,154.046,208.147
data-analyst-1785976466-588487a06a96,154.089,647.354
deep-researcher-1785976466-ec7ee99c6b67,154.131,636.124
data-analyst-1785976412-0179d3cfc825,154.145,154.145
wide-researcher-1785976466-a67377ca4d7d,154.164,568.484
reviewer-1785976466-d78e6444fc60,154.254,451.063
data-analyst-1785976424-3b64d6cab073,154.270,201.159
data-analyst-1785976466-e3e3745682cb,154.290,639.897
deep-researcher-1785976466-0abd0bb0ec4d,154.327,344.473
wide-researcher-1785976466-e36505e32162,154.372,308.123
data-analyst-1785976411-98d1e26b1f4c,154.386,154.387
reviewer-1785976466-08fe2c0a1a80,154.387,497.251
data-analyst-1785976466-7a8a9e55150a,154.427,577.040
data-analyst-1785976416-bc3ccfeed890,154.527,154.528
deep-researcher-1785976466-d31a6810b4c4,154.557,592.553
wide-researcher-1785976466-9d0de6ec63c2,154.614,434.950
reviewer-1785976466-27b39d4133a9,154.754,675.885
data-analyst-1785976466-d0b5df9f9b7c,154.788,428.781
deep-researcher-1785976467-2d3f3fc7adb7,154.901,541.358
wide-researcher-1785976467-073a5ad14bdc,154.928,360.611
reviewer-1785976467-90df32d0e99f,154.946,655.078
data-analyst-1785976415-85494f26ce43,154.978,154.979
data-analyst-1785976467-42813b672d24,154.983,404.595
deep-researcher-1785976467-8090fce46710,155.001,317.947
wide-researcher-1785976467-7b19c888f083,155.027,641.871
reviewer-1785976467-dfa26a6a9331,155.085,569.423
data-analyst-1785976467-8c9b3ff0c594,155.146,422.300
data-analyst-1785976416-63efb962a732,155.163,155.164
deep-researcher-1785976467-ea08f980e8e3,155.168,304.557
data-analyst-1785976418-88a2e0ee2eec,155.181,155.182
wide-researcher-1785976467-daeec89fa3f4,155.195,548.242
reviewer-1785976467-7b064be31c22,155.218,655.767
data-analyst-1785976467-0394492370b6,155.284,558.268
deep-researcher-1785976467-04fca17a752a,155.344,310.399
wide-researcher-1785976467-23bced40024e,155.382,419.584
reviewer-1785976467-7ea1c252530c,155.451,557.122
data-analyst-1785976406-84d2a5c9b027,155.459,199.638
data-analyst-1785976467-69a46199bcc0,155.497,319.271
data-analyst-1785976419-122ea3281204,155.582,155.582
deep-researcher-1785976467-6063d46ec554,155.634,314.001
data-analyst-1785976420-42fc98d68f4f,155.673,155.673
wide-researcher-1785976467-dba22cd08e17,155.686,316.982
reviewer-1785976468-e42b2edcf052,155.726,572.699
data-analyst-1785976419-856297f54032,155.739,155.740
data-analyst-1785976468-546e58b77c32,155.772,550.068
deep-researcher-1785976468-8ddabeaaae5f,155.803,560.486
wide-researcher-1785976468-e284c82a8f43,155.901,320.922
reviewer-1785976468-aee2044305df,155.918,538.280
data-analyst-1785976468-7435cc001103,156.067,654.355
deep-researcher-1785976468-85b101563f0d,156.085,654.374
wide-researcher-1785976468-5308661c1639,156.103,554.709
reviewer-1785976468-4f91e87bb18b,156.200,429.481
data-analyst-1785976468-7aec92e95176,156.275,440.823
deep-researcher-1785976468-d96d9c4c8c52,156.295,311.543
wide-researcher-1785976468-05f82285418f,156.351,647.704
reviewer-1785976468-f87a58847aae,156.442,645.613
data-analyst-1785976421-06e609aaf98d,156.442,156.446
data-analyst-1785976468-d1f72d2f553a,156.497,665.588
deep-researcher-1785976468-3655076fd8d0,156.526,366.636
wide-researcher-1785976468-e5d8b0f72446,156.543,319.707
data-analyst-1785976416-2710ee39f057,156.556,156.557
data-analyst-1785976386-83bb4266260d,156.569,156.570
reviewer-1785976469-731b4e3eff7d,156.598,559.549
data-analyst-1785976469-e77dea75e8c3,156.661,343.752
deep-researcher-1785976469-ac1de9bb5cce,156.678,683.725
wide-researcher-1785976469-9f754de99415,156.704,417.851
reviewer-1785976469-c4a8e0ee0eed,156.736,541.791
data-analyst-1785976415-3ad0b783b1a8,156.736,156.740
data-analyst-1785976469-fdfbd1c4d30c,156.799,561.718
data-analyst-1785976425-07d7463ec9df,156.815,203.400
data-analyst-1785976425-55af7891a6ae,156.829,204.241
data-analyst-1785976425-47fc211a6907,156.843,304.571
deep-researcher-1785976469-fe6ffc93d65a,156.852,657.694
wide-researcher-1785976469-2f0b62a0c54e,156.898,435.289
reviewer-1785976469-56d085f1eca8,156.950,531.448
data-analyst-1785976469-fbd7de202845,156.985,539.735
data-analyst-1785976403-3c4d461fbd21,157.031,157.032
deep-researcher-1785976469-1cdecdfccc92,157.125,307.385
wide-researcher-1785976469-3682ffa34dbe,157.152,402.533
reviewer-1785976469-41506d80efdf,157.190,444.668
data-analyst-1785976421-f2fbdf8fd28c,157.206,157.207
data-analyst-1785976469-65fd773a3816,157.286,545.760
data-analyst-1785976425-b6bef75ba663,157.355,249.758
deep-researcher-1785976469-4b93448e4fb1,157.399,348.490
wide-researcher-1785976469-6880b7167822,157.423,577.555
reviewer-1785976469-284272580017,157.442,691.136
data-analyst-1785976419-dfa58832463a,157.507,200.222
data-analyst-1785976422-a0f2c3ef3435,157.525,157.526
data-analyst-1785976469-397e94b08775,157.579,591.907
data-analyst-1785976425-c230b3e2c220,157.600,265.086
deep-researcher-1785976469-9d9c37157d4a,157.605,435.250
wide-researcher-1785976469-136a6f65b751,157.622,305.879
reviewer-1785976470-22aa63d9b27f,157.772,653.205
data-analyst-1785976403-eb01c39da01b,157.784,157.785
data-analyst-1785976470-325bddc2151a,157.813,558.182
deep-researcher-1785976470-3ca0380c1320,157.861,678.566
wide-researcher-1785976470-b965c8c2011f,157.919,316.375
reviewer-1785976470-ac2bf4c5280a,157.946,688.796
data-analyst-1785976470-150514130abb,158.010,424.284
deep-researcher-1785976470-f99e6ee6a50b,158.028,307.129
wide-researcher-1785976470-80e5e829cb99,158.054,311.419
reviewer-1785976470-5f089308ea68,158.114,670.236
data-analyst-1785976470-5bda7a139bd4,158.169,669.811
deep-researcher-1785976470-919ef62c2e8f,158.188,342.456
wide-researcher-1785976470-4cbad09d111b,158.250,305.862
reviewer-1785976470-08783a18c829,158.269,654.301
data-analyst-1785976470-6778637e55d0,158.310,543.033
data-analyst-1785976396-c854d057c959,158.411,245.453
deep-researcher-1785976470-24836c7849ed,158.424,414.938
data-analyst-1785976397-6e9339cb4c1c,158.424,158.425
data-analyst-1785976413-d8bd0530434b,158.442,158.442
wide-researcher-1785976470-1239eb4b5626,158.485,431.413
reviewer-1785976470-11f48980acb1,158.518,534.101
data-analyst-1785976470-7a096fe12170,158.632,661.607
deep-researcher-1785976470-b8effbc549e1,158.666,416.791
wide-researcher-1785976471-7fbd286afcf1,158.703,417.301
data-analyst-1785976406-9611a97b51e8,158.741,213.972
reviewer-1785976471-449a1677abb5,158.758,551.697
data-analyst-1785976420-49cf79154178,158.820,158.821
data-analyst-1785976471-4a7530c717d1,158.830,428.328
data-analyst-1785976418-c15cb68c0b68,158.840,158.841
deep-researcher-1785976471-9ae4ca703e1b,158.900,674.307
wide-researcher-1785976471-78226d472d92,158.917,308.865
reviewer-1785976471-0a6a0972fc13,158.933,542.121
data-analyst-1785976471-de987971d105,158.964,548.060
data-analyst-1785976407-1dce991c0d0e,159.048,159.048
data-analyst-1785976406-f4141c29deb3,159.076,159.077
deep-researcher-1785976471-fd34e4b6f5f2,159.089,434.356
wide-researcher-1785976471-6a5228a3f727,159.120,636.834
reviewer-1785976471-f3b9b3ea6f1d,159.212,683.122
data-analyst-1785976471-df7e7a1a45f7,159.293,673.238
deep-researcher-1785976471-352ec33de5e5,159.331,433.982
wide-researcher-1785976471-c900ff6fac69,159.372,305.063
reviewer-1785976471-41c47d7bd509,159.425,649.322
data-analyst-1785976471-cdeb16153e73,159.467,431.964
deep-researcher-1785976471-62b65a751e4b,159.514,434.634
wide-researcher-1785976471-b544a8250dde,159.540,313.578
reviewer-1785976472-0d502387f12d,159.558,662.523
data-analyst-1785976472-b2cf147e22db,159.630,537.312
deep-researcher-1785976472-e36d0b9aada3,159.693,312.667
wide-researcher-1785976472-ce5463da2529,159.750,320.211
reviewer-1785976472-d9fac5a58932,159.779,664.706
data-analyst-1785976472-0ab04cab1444,159.927,675.824
deep-researcher-1785976472-cdb797abcf22,159.986,319.392
wide-researcher-1785976472-8980d12020cf,160.006,312.955
reviewer-1785976472-7c735fb573eb,160.142,635.299
data-analyst-1785976412-661266988807,160.157,160.157
data-analyst-1785976413-9c532776bbe1,160.171,160.171
data-analyst-1785976472-6d8580c4ab07,160.180,657.210
data-analyst-1785976420-4f31d748f8d4,160.188,160.189
data-analyst-1785976390-ab4054998052,160.203,160.204
deep-researcher-1785976472-4dc25008fad4,160.208,431.461
wide-researcher-1785976472-75ce966b0c45,160.227,649.023
reviewer-1785976472-d3a7077b6955,160.251,638.823
data-analyst-1785976472-365a6bfc07c8,160.333,652.522
data-analyst-1785976423-c5f69de1e256,160.353,160.353
deep-researcher-1785976472-51808d017441,160.430,327.230
wide-researcher-1785976472-eee06b4504f7,160.452,532.180
reviewer-1785976472-bec00cf87a29,160.470,561.093
data-analyst-1785976472-b5bcc6d4438f,160.590,580.607
data-analyst-1785976406-31cb6294ee3f,160.605,160.605
data-analyst-1785976420-4d9e40241462,160.621,160.622
deep-researcher-1785976473-a3110ccb44ef,160.627,478.019
wide-researcher-1785976473-9d1ec1fa0a99,160.648,313.884
reviewer-1785976473-196b578c369d,160.720,554.473
data-analyst-1785976473-d18f43aba4af,160.792,564.631
deep-researcher-1785976473-d48e5749f4d5,160.811,681.835
wide-researcher-1785976473-89844cf5c417,160.834,539.065
reviewer-1785976473-b6fe910e2e27,160.873,668.394
data-analyst-1785976473-74f6087de13d,160.940,554.251
data-analyst-1785976397-3d0fa358fecf,161.027,306.461
deep-researcher-1785976473-065c736b51ee,161.032,495.022
data-analyst-1785976397-4b6d298103d3,161.046,270.016
wide-researcher-1785976473-91774b2d5f28,161.051,325.313
reviewer-1785976473-d393762776a4,161.069,576.155
data-analyst-1785976423-ccedb9ff1c1f,161.144,161.145
data-analyst-1785976473-b07b041681df,161.154,646.288
data-analyst-1785976416-9b475549d780,161.163,161.164
deep-researcher-1785976473-92dfa6baa080,161.192,332.166
wide-researcher-1785976473-334a2d7c51ab,161.210,349.554
reviewer-1785976473-5e75cabd37f6,161.245,593.602
data-analyst-1785976473-cd71f5b67452,161.284,558.782
data-analyst-1785976427-f029e3a85b23,161.285,212.963
deep-researcher-1785976473-41fcc77cce94,161.302,324.227
data-analyst-1785976427-9219bcb9cee4,161.302,251.400
wide-researcher-1785976473-7dbb4f82edbe,161.326,437.649
data-analyst-1785976386-08e3799ef0d6,161.359,161.360
reviewer-1785976473-4ed0c8add2a1,161.404,643.433
data-analyst-1785976473-a9d647e72eb1,161.511,568.339
deep-researcher-1785976473-6b56ba0f5c62,161.530,346.971
wide-researcher-1785976473-4d0a9831870f,161.663,556.994
reviewer-1785976473-5efea0386603,161.722,650.440
data-analyst-1785976474-20f4fea666de,161.760,669.949
deep-researcher-1785976474-7fb939b7295e,161.892,659.128
wide-researcher-1785976474-90906b15f58a,161.949,467.650
reviewer-1785976474-822d5e5062f3,161.969,639.691
data-analyst-1785976474-beb9ad150ca4,162.000,641.267
deep-researcher-1785976474-1b4e2f6b5cc9,162.036,326.813
wide-researcher-1785976474-baf806ffc8d7,162.138,464.399
reviewer-1785976474-b6911553ed4a,162.157,537.725
data-analyst-1785976474-9e164b676fba,162.226,441.534
deep-researcher-1785976474-f6975e9fa304,162.244,675.733
wide-researcher-1785976474-82e2a7a16cad,162.309,518.128
reviewer-1785976474-ad0d9ae0eb56,162.341,660.190
data-analyst-1785976427-e537d8f36596,162.370,208.548
data-analyst-1785976474-d5b56b0bf3e1,162.397,533.205
data-analyst-1785976410-6c52d8f9d5db,162.409,162.409
deep-researcher-1785976474-d6d699b9cb99,162.464,310.922
wide-researcher-1785976474-6eb1d948f620,162.490,415.247
reviewer-1785976474-fe4770ff7616,162.584,646.246
data-analyst-1785976474-984382bfc0d9,162.652,494.848
deep-researcher-1785976475-41b3d26ec99f,162.710,321.530
wide-researcher-1785976475-92778c4eb6f5,162.758,322.289
reviewer-1785976475-3372db430984,162.805,547.201
data-analyst-1785976475-f72468541954,162.842,468.631
deep-researcher-1785976475-b22687c2dc2b,162.955,311.697
wide-researcher-1785976475-bef10c19ee80,163.019,415.299
reviewer-1785976475-05a7add2bd53,163.037,673.458
data-analyst-1785976427-46aee2d24380,163.157,203.222
data-analyst-1785976475-a4bdf728019a,163.171,680.283
deep-researcher-1785976475-99d9340297cf,163.189,535.886
wide-researcher-1785976475-87418b2cd33c,163.239,655.351
reviewer-1785976475-8535f7762db1,163.281,668.236
data-analyst-1785976475-1e92493f5ecf,163.372,533.235
deep-researcher-1785976475-a9a6516e7569,163.405,643.172
wide-researcher-1785976475-9036f075c86d,163.435,682.524
reviewer-1785976475-89385d0079c6,163.465,633.874
data-analyst-1785976475-7765a70465f7,163.500,644.547
deep-researcher-1785976475-d357a3cc32f8,163.619,681.512
wide-researcher-1785976476-e9ebfc98d313,163.650,528.948
reviewer-1785976476-dda1746d0160,163.673,552.677
data-analyst-1785976476-b0e09c3f8d01,163.751,548.147
data-analyst-1785976398-098fb5997e08,163.793,303.459
deep-researcher-1785976476-f1441991e9be,163.829,634.392
wide-researcher-1785976476-3f5c3bc83657,163.857,577.915
reviewer-1785976476-79a299d2fee8,163.874,577.218
data-analyst-1785976476-5162ac96cf06,163.975,433.718
deep-researcher-1785976476-4c3955cb3b0a,164.001,439.378
data-analyst-1785976426-f4a7176274e1,164.001,210.125
wide-researcher-1785976476-752611e69498,164.071,417.538
reviewer-1785976476-b449691f0e63,164.105,658.002
data-analyst-1785976476-9f7b6c434a29,164.162,541.451
deep-researcher-1785976476-cb9145614246,164.180,542.746
wide-researcher-1785976476-88f96f378868,164.212,420.471
reviewer-1785976476-1e69f061bc23,164.236,598.081
data-analyst-1785976476-cef1e92cf1b1,164.277,636.741
deep-researcher-1785976476-fab887bf88f4,164.313,433.823
wide-researcher-1785976476-cbeebf879eb9,164.466,438.192
reviewer-1785976476-b0052870fc31,164.534,671.129
data-analyst-1785976476-e9b2584670e9,164.569,549.007
deep-researcher-1785976476-69c139b969b6,164.683,535.581
wide-researcher-1785976477-14fbc215f6f1,164.701,316.193
reviewer-1785976477-548034835460,164.747,553.796
data-analyst-1785976428-5c83b1492de5,164.748,203.167
data-analyst-1785976477-7e2515c98210,164.783,415.588
deep-researcher-1785976477-b18fc97e15ea,164.921,419.343
wide-researcher-1785976477-339f2a5ef3f0,164.951,399.171
reviewer-1785976477-bc2ff5197748,165.023,646.753
data-analyst-1785976477-6ba966109045,165.062,542.624
data-analyst-1785976422-246ce4e97623,165.105,165.106
deep-researcher-1785976477-202978d06212,165.129,457.234
data-analyst-1785976428-3c296c3da5b8,165.138,206.977
wide-researcher-1785976477-acb720a12d98,165.169,424.164
data-analyst-1785976428-4d382a1c8972,165.201,209.521
reviewer-1785976477-4b86ff1697dd,165.261,636.485
data-analyst-1785976477-15c90a4077d6,165.326,612.886
deep-researcher-1785976477-16e9914b1b55,165.341,344.345
wide-researcher-1785976477-620372646d25,165.374,404.416
data-analyst-1785976425-45163a6eeeb4,165.441,200.693
reviewer-1785976477-dd79655c27fe,165.482,571.595
data-analyst-1785976477-cef2d6339126,165.537,533.846
deep-researcher-1785976477-5135e44496ee,165.565,680.862
wide-researcher-1785976477-4976dc5a3c06,165.581,545.315
reviewer-1785976478-9a00b210cc8d,165.617,559.001
data-analyst-1785976478-3c7deebc1c32,165.686,624.518
deep-researcher-1785976478-05352af0b708,165.718,417.509
wide-researcher-1785976478-b1ff791c0bf1,165.749,662.044
reviewer-1785976478-a9a566f4d522,165.789,583.213
data-analyst-1785976427-f6546c42a3c8,165.806,210.095
data-analyst-1785976478-2f5080b0ec49,165.986,470.726
deep-researcher-1785976478-b721159f6ecb,166.036,453.857
wide-researcher-1785976478-94667383ab4b,166.071,308.715
reviewer-1785976478-2b0e463ce82c,166.172,570.420
data-analyst-1785976478-74fe176c0a78,166.209,669.136
deep-researcher-1785976478-ecf730a4719e,166.246,314.821
wide-researcher-1785976478-fca7a9c43cda,166.296,453.268
reviewer-1785976478-e514773ddf44,166.312,640.112
data-analyst-1785976478-0b4c127aee50,166.388,542.609
deep-researcher-1785976478-decca3319b27,166.424,322.895
wide-researcher-1785976478-dee4e8182ac3,166.466,441.567
reviewer-1785976478-956b390be5a5,166.533,647.740
data-analyst-1785976478-fa6ec6832b97,166.582,680.394
deep-researcher-1785976478-e2c8f634bbe8,166.633,313.492
wide-researcher-1785976479-75256ec13784,166.676,665.920
reviewer-1785976479-17076850b31c,166.703,557.510
data-analyst-1785976479-7acf55b08a52,166.779,423.915
deep-researcher-1785976479-543ca8da1ec1,166.869,646.892
wide-researcher-1785976479-dcfd53243604,166.895,622.357
reviewer-1785976479-9334b9d8bf83,166.937,430.959
data-analyst-1785976479-52d273482661,166.994,429.104
deep-researcher-1785976479-0630589f35e7,167.012,416.582
wide-researcher-1785976479-c3845d7f8305,167.052,312.562
data-analyst-1785976390-6f0153444c87,167.071,167.071
reviewer-1785976479-7b0c34c09838,167.090,640.360
data-analyst-1785976479-b6d0f6dd1074,167.129,481.293
deep-researcher-1785976479-d1ad6561cd03,167.180,652.731
data-analyst-1785976422-51a8ef218df5,167.193,167.193
wide-researcher-1785976479-cd1e699b631b,167.206,525.000
data-analyst-1785976407-be81b02c7cab,167.206,167.211
reviewer-1785976479-83e0555ab080,167.262,573.177
data-analyst-1785976479-49a07e04a9f9,167.310,432.060
data-analyst-1785976423-b5c26ffd141c,167.367,167.367
deep-researcher-1785976479-06e86004ca10,167.445,635.443
wide-researcher-1785976479-c75acd4f4ad4,167.486,313.897
reviewer-1785976479-55e58741e88a,167.553,475.452
data-analyst-1785976479-be1b6b243acb,167.682,655.385
data-analyst-1785976424-62946f640312,167.707,200.188
deep-researcher-1785976480-576e01840774,167.721,306.280
wide-researcher-1785976480-6d8d4f49a6f1,167.757,679.985
reviewer-1785976480-86df40afd5c8,167.781,658.124
data-analyst-1785976480-c88fe1734327,167.837,579.380
data-analyst-1785976424-79ed2d8a6312,167.855,200.674
data-analyst-1785976422-57dd475a4563,167.918,167.918
deep-researcher-1785976480-461268f1be9c,167.927,639.197
wide-researcher-1785976480-d13a67cf5d51,167.968,416.433
reviewer-1785976480-3427a3239bec,168.043,666.521
data-analyst-1785976420-b0e74e9fb22e,168.052,200.815
data-analyst-1785976480-aca6d8c82eda,168.083,669.280
deep-researcher-1785976480-8ec2efe835fa,168.100,436.549
wide-researcher-1785976480-5198b8ad62bf,168.149,419.855
reviewer-1785976480-cde31a6e11c8,168.191,563.526
data-analyst-1785976480-39b2a48795df,168.285,451.371
deep-researcher-1785976480-609fb1ac5ba1,168.334,427.632
wide-researcher-1785976480-a44445cb62d6,168.387,422.923
data-analyst-1785976422-46215bd14ee6,168.410,168.411
reviewer-1785976480-b297cdbb04da,168.449,652.774
data-analyst-1785976480-9db451271ce5,168.517,547.299
deep-researcher-1785976480-7774a44290d1,168.567,417.632
data-analyst-1785976429-e7582d4e542a,168.595,205.697
data-analyst-1785976429-1e219fee711b,168.608,214.406
wide-researcher-1785976480-854078bf08e5,168.613,351.711
data-analyst-1785976429-02d11dc4f4a3,168.626,206.323
reviewer-1785976481-7ca718fd868f,168.639,658.894
data-analyst-1785976481-901a55b39a84,168.689,535.349
deep-researcher-1785976481-3c041755f352,168.713,435.183
data-analyst-1785976427-ffb9ea717c41,168.723,338.508
wide-researcher-1785976481-b3f68e8be5b5,168.747,419.399
reviewer-1785976481-1e0b54f60176,168.781,451.804
data-analyst-1785976481-3e50f6ac3b85,168.822,434.138
deep-researcher-1785976481-363466f1ca99,168.949,643.683
wide-researcher-1785976481-9fb9a76c2eb0,169.000,330.600
reviewer-1785976481-cd72a37ca105,169.069,532.842
data-analyst-1785976422-0a3b44809322,169.126,169.127
data-analyst-1785976481-01d37543eec9,169.131,537.152
data-analyst-1785976419-0b912df9e6f7,169.143,169.144
deep-researcher-1785976481-459eef281ed4,169.197,437.421
data-analyst-1785976383-dba3763c4c35,169.226,201.318
wide-researcher-1785976481-8de1ae3da7fa,169.295,436.968
reviewer-1785976481-57c1af8accfd,169.311,651.744
data-analyst-1785976481-507053efdcf3,169.352,494.834
deep-researcher-1785976481-1ecf7224cf75,169.443,664.737
wide-researcher-1785976481-ea013fde71c3,169.474,414.431
reviewer-1785976481-ae0f9b210bcc,169.556,665.893
data-analyst-1785976481-5cc419ffa3ce,169.595,678.107
deep-researcher-1785976482-8d7d978a17e5,169.611,339.310
wide-researcher-1785976482-916e2ebe9091,169.654,552.987
reviewer-1785976482-6a86e59ead65,169.701,549.796
data-analyst-1785976482-b923f1ebca80,169.772,650.065
deep-researcher-1785976482-b3f6df5ed601,169.890,312.087
wide-researcher-1785976482-2d455a314c15,169.917,555.554
reviewer-1785976482-edac15e9d1f1,169.960,651.873
data-analyst-1785976402-e9983979d652,169.961,169.964
data-analyst-1785976482-d4a749cd1129,170.071,588.769
deep-researcher-1785976482-d3beb409e540,170.121,438.539
wide-researcher-1785976482-a4dba59e8339,170.166,314.151
reviewer-1785976482-79b5b7eaf57b,170.262,638.245
data-analyst-1785976482-b4a9c6e4262a,170.303,650.131
data-analyst-1785976411-746342d604c2,170.338,170.338
deep-researcher-1785976482-32bbd5a968a3,170.362,684.251
wide-researcher-1785976482-20fcea170cac,170.396,668.897
reviewer-1785976482-073980bff0b9,170.463,664.530
data-analyst-1785976482-9f2d998dc7ec,170.501,556.367
deep-researcher-1785976482-7fbf52be6d66,170.588,681.853
data-analyst-1785976428-7d80c57deb85,170.588,200.400
data-analyst-1785976412-e2edb48f7b18,170.608,170.608
wide-researcher-1785976482-bfb8270cc6dc,170.639,383.907
reviewer-1785976483-ecd9b86c88cd,170.694,689.780
data-analyst-1785976483-0acf189c42d6,170.776,650.911
deep-researcher-1785976483-5565981f0986,170.808,399.768
wide-researcher-1785976483-c560f40c1ff0,170.831,317.510
reviewer-1785976483-d1930afd1071,170.863,542.474
data-analyst-1785976483-94b572b2b631,170.920,670.002
deep-researcher-1785976483-1fa5ed45dbc9,170.946,322.718
wide-researcher-1785976483-24689ed457bf,170.962,548.833
reviewer-1785976483-cdf001c622c7,170.987,571.625
data-analyst-1785976483-e7acd4a36efe,171.057,543.138
deep-researcher-1785976483-ced54bdb31e6,171.074,417.966
wide-researcher-1785976483-fab983b1614d,171.113,561.422
reviewer-1785976483-5a9640379485,171.281,552.660
data-analyst-1785976427-3de825318094,171.351,330.841
data-analyst-1785976483-7099c1f0aa36,171.361,599.465
data-analyst-1785976427-f3dc02679f5f,171.374,219.332
data-analyst-1785976417-c429aa2e85a0,171.391,171.392
deep-researcher-1785976483-26ad1059368a,171.405,435.986
wide-researcher-1785976483-0e025c8a6c75,171.465,645.283
reviewer-1785976483-d8b0b452871f,171.484,636.045
data-analyst-1785976483-a66e3d4e39b9,171.588,642.638
deep-researcher-1785976483-816d723c838a,171.621,426.899
wide-researcher-1785976484-b96fb6d01ced,171.677,310.803
reviewer-1785976484-d5ce20eae293,171.738,660.014
data-analyst-1785976484-097b620d5076,171.782,557.092
deep-researcher-1785976484-fdd3fe0f94e5,171.818,554.503
wide-researcher-1785976484-d3f1f95b9768,171.874,421.816
reviewer-1785976484-1ac86ce5df6b,171.912,691.055
data-analyst-1785976422-8e70b2be6ad5,171.954,171.955
data-analyst-1785976484-4be33936e126,171.965,429.463
data-analyst-1785976425-c3aeec674cd0,171.969,171.970
deep-researcher-1785976484-d13d0fbe4602,171.990,324.459
wide-researcher-1785976484-a2779a12f359,172.014,415.715
reviewer-1785976484-f05f952b640c,172.057,573.615
data-analyst-1785976425-09f50f4ada71,172.187,172.188
data-analyst-1785976484-1c4e653e92f0,172.218,633.955
deep-researcher-1785976484-510fcb9c556a,172.276,676.940
data-analyst-1785976426-08eb9a95157a,172.277,172.281
data-analyst-1785976427-30e48aeae511,172.295,172.296
wide-researcher-1785976484-bbc009f213db,172.309,359.721
reviewer-1785976484-857668c2adbc,172.326,487.574
data-analyst-1785976484-81d3179c8a13,172.356,639.050
deep-researcher-1785976484-0a554156b164,172.379,316.243
wide-researcher-1785976484-9e693ef3763a,172.397,557.929
reviewer-1785976484-e885d24af1fe,172.472,661.930
data-analyst-1785976406-0f9db3d69b4a,172.528,201.194
data-analyst-1785976484-c8a09c91c0ba,172.574,546.003
deep-researcher-1785976484-f78f0d5acfd0,172.591,429.902
wide-researcher-1785976484-89982cb41057,172.615,469.769
reviewer-1785976485-1f0393c39ba3,172.662,642.940
data-analyst-1785976485-24c2bd740dc4,172.727,658.387
deep-researcher-1785976485-fd14775f7b0b,172.787,310.818
wide-researcher-1785976485-8bbd9de0e5f6,172.856,642.341
reviewer-1785976485-189cffabd576,172.905,560.532
data-analyst-1785976485-4ee1de102c22,172.981,683.082
deep-researcher-1785976485-32d8cc3e3575,173.000,315.625
wide-researcher-1785976485-639879164aeb,173.101,343.768
reviewer-1785976485-8f2fd9669592,173.130,542.715
data-analyst-1785976428-83817765a0ab,173.164,307.935
data-analyst-1785976485-4243d6962bb9,173.177,638.840
deep-researcher-1785976485-042147b3f80f,173.196,454.823
wide-researcher-1785976485-6c4c42ca5593,173.239,414.522
reviewer-1785976485-0cbcf78a39cf,173.267,593.646
data-analyst-1785976485-5c23a80c8def,173.323,569.730
deep-researcher-1785976485-19ef00e55122,173.381,483.497
wide-researcher-1785976485-08c36c748a1b,173.422,478.355
reviewer-1785976485-acd70fb6dd40,173.446,675.646
data-analyst-1785976485-45c23a97ed18,173.496,420.653
deep-researcher-1785976485-f954debe2c03,173.576,440.906
wide-researcher-1785976485-b1a0fbd39b43,173.595,338.432
reviewer-1785976486-e077f7ccd778,173.659,550.157
data-analyst-1785976486-fb2c53c37dfe,173.716,457.042
deep-researcher-1785976486-c19fd677386a,173.734,421.665
wide-researcher-1785976486-0a4a3facf29a,173.780,540.752
reviewer-1785976486-5a0d6833794f,173.831,649.137
data-analyst-1785976486-d2d9523156c7,173.864,536.752
deep-researcher-1785976486-7a54dac1199b,173.899,645.925
data-analyst-1785976429-1df56d0f317d,173.934,199.974
wide-researcher-1785976486-35ce48be29a4,173.944,325.149
reviewer-1785976486-3036db62faea,173.971,547.159
data-analyst-1785976486-1caf9d179595,174.054,539.377
deep-researcher-1785976486-ba5f5bfd3245,174.092,326.068
wide-researcher-1785976486-f014229e1373,174.127,598.574
data-analyst-1785976428-08fb60920e9c,174.173,201.609
reviewer-1785976486-c4bc47da0f40,174.177,674.167
data-analyst-1785976486-55cb5138d7e7,174.244,418.439
deep-researcher-1785976486-2a2278d8bfd9,174.305,430.463
wide-researcher-1785976486-8af195ed3f44,174.376,309.942
reviewer-1785976486-f62f90610358,174.418,539.315
data-analyst-1785976431-3c9c82abffe5,174.442,208.162
data-analyst-1785976431-0d1193f87db0,174.457,202.625
data-analyst-1785976431-8af6dd9e176d,174.471,202.919
data-analyst-1785976486-18c7a3dee2a5,174.495,540.957
deep-researcher-1785976486-12fd5f83a1b6,174.613,540.086
wide-researcher-1785976486-bbf2e285546f,174.679,313.097
data-analyst-1785976412-0c71c4e3f2f3,174.693,174.693
reviewer-1785976487-a099c4687eaf,174.698,674.025
data-analyst-1785976398-76fbab98c90c,174.711,174.712
data-analyst-1785976487-45328f1d3af0,174.755,548.800
deep-researcher-1785976487-57bde2c576fc,174.774,442.918
wide-researcher-1785976487-f908dda64e2a,174.788,315.381
reviewer-1785976487-f6a50a58c219,174.817,670.484
data-analyst-1785976487-dd3f3600db12,174.924,637.374
deep-researcher-1785976487-3c5d335a1d09,174.953,680.244
wide-researcher-1785976487-1fe7a36c7a82,175.037,449.492
reviewer-1785976487-8c07933f462d,175.073,660.602
data-analyst-1785976487-0fd6042b7fad,175.110,438.747
deep-researcher-1785976487-b4c6f804b82a,175.159,663.867
wide-researcher-1785976487-8520b503df9b,175.187,318.131
reviewer-1785976487-d037897a6c30,175.292,535.855
data-analyst-1785976487-94755320128d,175.347,554.647
deep-researcher-1785976487-fb0be7c61333,175.383,661.073
wide-researcher-1785976487-6451336178d5,175.409,421.730
reviewer-1785976487-1d29de700edf,175.449,662.459
data-analyst-1785976422-1e4a06a04a4d,175.457,175.458
data-analyst-1785976487-ef1337a14d41,175.486,667.205
deep-researcher-1785976487-f463b4563ca8,175.567,504.543
wide-researcher-1785976487-3d82a0303e76,175.595,421.345
reviewer-1785976488-8bc80122457d,175.647,442.901
data-analyst-1785976488-e916460b9464,175.702,455.036
deep-researcher-1785976488-610c30e43571,175.824,357.066
data-analyst-1785976431-1d1505e44d6b,175.848,207.535
data-analyst-1785976431-a739178d3bf0,175.861,209.956
wide-researcher-1785976488-f99eb7465f6f,175.878,319.726
reviewer-1785976488-65d23364d909,175.930,593.387
data-analyst-1785976488-504a352ff393,175.993,690.725
deep-researcher-1785976488-59bf960b6435,176.020,678.738
wide-researcher-1785976488-4bcf425af3de,176.064,556.036
reviewer-1785976488-bb4fd707d2d9,176.123,559.240
data-analyst-1785976488-1724ff7d335b,176.203,437.469
deep-researcher-1785976488-addf1b32cb1c,176.221,420.993
wide-researcher-1785976488-a962d2b325ed,176.279,333.566
reviewer-1785976488-081bd641ad55,176.297,667.887
data-analyst-1785976488-db6b03a532ba,176.434,556.185
deep-researcher-1785976488-dc8441749868,176.452,675.987
wide-researcher-1785976488-81d58e277ea7,176.467,359.284
data-analyst-1785976398-9d6347b1b708,176.512,200.994
reviewer-1785976488-f9f66031a044,176.525,553.952
data-analyst-1785976389-1596200ddce0,176.525,210.199
data-analyst-1785976432-33f43eed0c48,176.554,284.878
data-analyst-1785976432-7c61921d7e27,176.568,201.352
data-analyst-1785976489-4076133f412d,176.581,427.132
deep-researcher-1785976489-9cf5d124b5e2,176.597,437.453
wide-researcher-1785976489-37a10b959470,176.625,456.152
reviewer-1785976489-a9eedc65c638,176.676,662.091
data-analyst-1785976432-e7a277ccdd18,176.713,208.614
data-analyst-1785976432-221456d54dfd,176.726,203.692
data-analyst-1785976489-d4a8b100d5e2,176.735,544.451
deep-researcher-1785976489-58fb7be613eb,176.763,560.876
wide-researcher-1785976489-bd4ea738a4c3,176.808,416.177
reviewer-1785976489-5991c8b0fa05,176.825,634.423
data-analyst-1785976489-cb3d66910c0b,176.866,542.579
deep-researcher-1785976489-9118ff900a9e,176.915,667.598
wide-researcher-1785976489-90a1336899a3,176.961,425.324
reviewer-1785976489-43b98f0082b2,176.999,665.952
data-analyst-1785976489-420072b4a814,177.072,557.152
deep-researcher-1785976489-1f448bbcdb95,177.090,432.991
data-analyst-1785976422-fabb064af604,177.144,177.144
wide-researcher-1785976489-b589ed152ef1,177.162,650.549
reviewer-1785976489-4388fb9a8a33,177.197,664.377
data-analyst-1785976489-e16d27a15fdc,177.338,688.625
data-analyst-1785976424-50863fe56222,177.397,201.491
deep-researcher-1785976489-1bd4cabc2c0c,177.401,313.460
wide-researcher-1785976489-cf6366d827b1,177.431,534.820
reviewer-1785976489-65798a69812a,177.448,655.174
data-analyst-1785976489-f159708ba998,177.514,587.316
deep-researcher-1785976489-312b6ff6a23d,177.533,428.904
wide-researcher-1785976489-f4ff28070897,177.616,312.244
reviewer-1785976490-bdcf09172da8,177.639,664.274
data-analyst-1785976490-4c2814bf1b70,177.705,672.196
deep-researcher-1785976490-5e659ba737e8,177.789,673.107
wide-researcher-1785976490-aff950fe1119,177.805,645.102
reviewer-1785976490-42210ed5488b,177.831,663.475
data-analyst-1785976426-92691da964c2,177.868,177.868
data-analyst-1785976490-8f064cd01eb9,177.956,474.728
deep-researcher-1785976490-fb9213b10caf,177.979,430.842
wide-researcher-1785976490-d7ef9a0a3a90,178.022,440.955
reviewer-1785976490-b3592fd04275,178.052,494.639
data-analyst-1785976490-f2dea2476c45,178.103,557.481
deep-researcher-1785976490-b331c51adf18,178.138,640.818
wide-researcher-1785976490-9290a2774ac8,178.192,421.862
reviewer-1785976490-2d163ff412d2,178.275,478.340
data-analyst-1785976490-55798f9948c5,178.336,617.286
deep-researcher-1785976490-6b5956b5692f,178.380,687.273
wide-researcher-1785976490-1d40d6644cef,178.436,538.516
reviewer-1785976490-bc3bb4dbc20e,178.464,646.047
data-analyst-1785976412-ba5999d2d3fd,178.472,178.472
data-analyst-1785976490-62181ab1f5ad,178.512,554.326
deep-researcher-1785976490-3e1d5e23d060,178.583,546.089
wide-researcher-1785976491-69ebcef00b77,178.600,635.425
data-analyst-1785976432-904db46fd7f0,178.617,263.579
reviewer-1785976491-8aa60f86b012,178.661,555.358
data-analyst-1785976491-b79909c8548d,178.722,680.643
data-analyst-1785976390-d905534e5751,178.735,206.364
data-analyst-1785976399-66953f633469,178.752,204.227
deep-researcher-1785976491-3d4a5be540e0,178.850,318.538
wide-researcher-1785976491-9fe4064188fc,178.902,430.723
data-analyst-1785976430-85b8b168ca94,178.941,200.711
reviewer-1785976491-44698110919b,178.972,545.655
data-analyst-1785976491-9436c7167cf8,179.039,673.527
deep-researcher-1785976491-8cc09ec9e299,179.082,566.343
wide-researcher-1785976491-886591e247a1,179.163,532.453
reviewer-1785976491-cd73b3ba9ec6,179.212,545.213
data-analyst-1785976491-0c7593ace356,179.310,533.504
deep-researcher-1785976491-a04b7255ed53,179.343,666.080
wide-researcher-1785976491-005aa8eb3645,179.482,537.120
reviewer-1785976491-d69d4bd346bf,179.532,651.240
data-analyst-1785976491-c4722aca03d0,179.565,399.481
deep-researcher-1785976491-63c1f6a2ddc8,179.584,672.642
wide-researcher-1785976492-db78bce5d56b,179.621,306.964
reviewer-1785976492-0f14afb11e13,179.707,682.588
data-analyst-1785976492-014ec3cb29e2,179.777,549.959
deep-researcher-1785976492-95989a47691a,179.884,647.907
wide-researcher-1785976492-bfbbaf189f73,179.946,417.645
reviewer-1785976492-950b1e0d2ad8,179.979,545.575
data-analyst-1785976492-32b4c1e5a3c8,180.027,536.656
deep-researcher-1785976492-acb3389e4371,180.102,316.019
wide-researcher-1785976492-162c1f512dc5,180.119,478.661
reviewer-1785976492-5792044baec5,180.188,485.103
data-analyst-1785976492-9af427915f14,180.225,498.041
deep-researcher-1785976492-da33015642bc,180.352,322.359
wide-researcher-1785976492-1ab6e8606284,180.484,548.597
reviewer-1785976492-f9243dcc9006,180.546,542.415
data-analyst-1785976492-bcdb97d60ab7,180.662,577.025
deep-researcher-1785976492-0358f4231340,180.731,425.074
wide-researcher-1785976493-69d61ecb0c3e,180.754,439.511
reviewer-1785976493-db4362599e78,180.817,531.807
data-analyst-1785976493-86f2f8cd9bf7,180.983,489.885
deep-researcher-1785976493-ff5940db8b86,181.001,321.977
wide-researcher-1785976493-c79e44b3c4dd,181.043,478.774
reviewer-1785976493-2a0855de8da0,181.061,648.387
data-analyst-1785976493-ec9a67aeffcd,181.092,675.049
deep-researcher-1785976493-108f69a74c86,181.116,686.412
wide-researcher-1785976493-521138fdf7ce,181.225,652.092
reviewer-1785976493-dfd212041827,181.338,584.091
data-analyst-1785976493-27e14e3f63e2,181.407,538.217
deep-researcher-1785976493-c30074746d7f,181.467,533.958
wide-researcher-1785976493-39e17caa5bcb,181.496,327.582
reviewer-1785976493-32afa7a1ebcd,181.534,663.586
data-analyst-1785976493-57ea51f31211,181.599,667.020
deep-researcher-1785976494-a6f6734617fc,181.621,415.905
wide-researcher-1785976494-0e281532fe45,181.679,424.881
reviewer-1785976494-474bcc1ebb03,181.696,660.995
data-analyst-1785976494-2306df815c07,181.737,687.118
deep-researcher-1785976494-475747fa4ba5,181.867,617.827
data-analyst-1785976428-759bbfcb3244,181.880,181.881
wide-researcher-1785976494-cc449018885b,181.921,321.171
reviewer-1785976494-5c6c417c7061,181.981,546.418
data-analyst-1785976494-372413aebc99,182.010,677.318
deep-researcher-1785976494-4009eadf473a,182.102,665.968
wide-researcher-1785976494-98b0cc9642b2,182.174,555.722
reviewer-1785976494-24ee6b238efd,182.232,664.335
data-analyst-1785976424-cf380d0eacf2,182.297,200.631
data-analyst-1785976494-fc0bed1ecda1,182.327,550.871
deep-researcher-1785976494-7c7cfe3fcb9e,182.353,320.906
wide-researcher-1785976494-4b28e1935d8f,182.427,639.598
reviewer-1785976494-3c0eb96adc82,182.485,682.737
data-analyst-1785976494-0c922159a63c,182.517,560.234
deep-researcher-1785976494-976bdfac463a,182.552,320.721
wide-researcher-1785976494-c80792f452f4,182.577,438.282
reviewer-1785976495-36055bd6dd2f,182.600,656.812
data-analyst-1785976495-54755b329cac,182.639,541.953
data-analyst-1785976427-3fdc2a10537e,182.662,182.663
deep-researcher-1785976495-86bc500ced6d,182.732,668.837
wide-researcher-1785976495-271f540e96a4,182.789,681.034
data-analyst-1785976412-dd3009b81c57,182.826,182.827
reviewer-1785976495-22d0950d0307,182.862,577.736
data-analyst-1785976495-1568854c62f6,182.906,554.695
deep-researcher-1785976495-e5177bae0b74,182.924,654.624
wide-researcher-1785976495-c5c1eebe3dc6,182.976,422.706
reviewer-1785976495-05553f5eef03,182.999,595.970
data-analyst-1785976495-653735787924,183.043,676.955
deep-researcher-1785976495-9f972070f76e,183.115,353.555
wide-researcher-1785976495-b3a48b6a5cac,183.132,400.033
reviewer-1785976495-752fb557c926,183.198,641.639
data-analyst-1785976495-8a1ec19bfb69,183.250,550.841
deep-researcher-1785976495-8ab776809052,183.344,493.334
wide-researcher-1785976495-ce02fbde6159,183.374,657.678
data-analyst-1785976431-321290eef86e,183.408,199.791
data-analyst-1785976428-dd87533643d9,183.425,199.771
reviewer-1785976495-230d4fe478b5,183.438,642.575
data-analyst-1785976398-4b7da1dc86a2,183.446,209.695
data-analyst-1785976495-022392883cdd,183.502,647.215
deep-researcher-1785976495-3f50cc0f9c82,183.521,385.894
data-analyst-1785976426-9f40ce5b7969,183.574,183.574
wide-researcher-1785976495-315a00dfc11e,183.625,320.280
reviewer-1785976496-2fd15d486b31,183.746,663.763
data-analyst-1785976496-bf8a5500ec2b,183.844,539.095
deep-researcher-1785976496-23234190fda1,183.870,357.781
wide-researcher-1785976496-2a450ff0c10a,183.927,415.666
data-analyst-1785976434-675bda597626,183.990,201.690
data-analyst-1785976434-2b8bf2f369d1,184.003,202.740
reviewer-1785976496-fc0071b44954,184.003,677.575
data-analyst-1785976434-2f214b93e2bb,184.020,205.743
data-analyst-1785976496-6b7cc90f5af6,184.056,543.808
deep-researcher-1785976496-a98676523ebe,184.083,417.616
wide-researcher-1785976496-080136abf4e0,184.100,580.137
reviewer-1785976496-c8f1ddebaa67,184.136,641.406
data-analyst-1785976496-d042737b38b1,184.238,641.910
deep-researcher-1785976496-e17d896e4096,184.299,656.832
wide-researcher-1785976496-b6453ba7faf0,184.351,576.271
reviewer-1785976496-d64e61d3d3cb,184.369,546.930
data-analyst-1785976496-f7fa2685926a,184.427,679.898
deep-researcher-1785976496-bed04d49e11b,184.521,651.082
wide-researcher-1785976496-d5ff153a893b,184.559,424.979
reviewer-1785976496-5eb7b6363a1e,184.626,671.830
data-analyst-1785976403-6209b29ead21,184.657,184.658
data-analyst-1785976496-9899c0d68e2b,184.722,422.051
deep-researcher-1785976497-ba8db13d758a,184.763,532.948
wide-researcher-1785976497-0e51044da02f,184.890,347.878
reviewer-1785976497-9b08f17cf742,184.942,650.412
data-analyst-1785976497-90df48f66f23,185.016,657.950
deep-researcher-1785976497-04c9f1b6139a,185.034,418.468
wide-researcher-1785976497-68d811e66572,185.134,424.467
data-analyst-1785976430-a2f0e89a6b12,185.180,199.708
reviewer-1785976497-85e744d1b6e6,185.248,567.764
data-analyst-1785976497-5f95af41d697,185.287,637.143
deep-researcher-1785976497-2ca039d31b58,185.341,561.748
wide-researcher-1785976497-8876bd37e4fb,185.360,435.972
reviewer-1785976497-629c495c9aad,185.448,659.091
data-analyst-1785976424-0456086415f9,185.456,185.457
data-analyst-1785976497-e0eaa1536b29,185.495,674.675
deep-researcher-1785976497-f6b6b2793c6b,185.523,440.840
wide-researcher-1785976497-79c1a97af220,185.568,647.590
reviewer-1785976498-68490cc6751d,185.601,556.424
data-analyst-1785976498-f7e9a9e80cdf,185.643,537.537
deep-researcher-1785976498-f3ec250ff76b,185.727,330.713
wide-researcher-1785976498-77ce473fbad4,185.869,533.973
reviewer-1785976498-a8ee416aeed3,185.889,668.299
data-analyst-1785976498-111af33996f5,185.943,665.861
deep-researcher-1785976498-6c8e95ee3f06,186.132,320.093
wide-researcher-1785976498-fe610978df65,186.153,400.016
reviewer-1785976498-2d7b351af2de,186.204,641.061
data-analyst-1785976498-5cc00dbe0b1d,186.249,554.488
deep-researcher-1785976498-ecdeec49643c,186.369,442.665
wide-researcher-1785976498-7479e4dfa8b8,186.469,419.112
reviewer-1785976498-f00b7a8b980d,186.525,638.311
data-analyst-1785976498-5e788ebdc898,186.642,559.396
deep-researcher-1785976498-4e5511d0003a,186.764,620.718
wide-researcher-1785976499-5bca8c80ccd2,186.806,578.501
reviewer-1785976499-154a80913882,186.859,557.451
data-analyst-1785976499-715eb238a0f7,186.898,658.270
deep-researcher-1785976499-96d502d6c5d1,186.950,536.530
wide-researcher-1785976499-659f9260ed02,186.973,654.584
reviewer-1785976499-a03d7f3ff86a,187.002,679.529
data-analyst-1785976499-9342698cbe5d,187.094,687.760
deep-researcher-1785976499-2f0d4bff290a,187.110,644.531
wide-researcher-1785976499-b0cd6597398c,187.132,542.519
reviewer-1785976499-adffd6dfb577,187.163,586.723
data-analyst-1785976499-72b86a3145ee,187.241,551.304
deep-researcher-1785976499-ff0066f29d4c,187.367,318.553
wide-researcher-1785976499-5d9f3128dc45,187.386,428.933
reviewer-1785976499-3db046bc6fc0,187.406,633.842
data-analyst-1785976499-9e735f805a0e,187.450,425.242
deep-researcher-1785976499-a147564bf45c,187.537,555.209
wide-researcher-1785976499-3d03e173d9a4,187.574,415.235
data-analyst-1785976416-625c8ecff925,187.610,187.610
reviewer-1785976499-1f1ccf8e35aa,187.630,681.409
data-analyst-1785976500-74742b874cdb,187.672,688.471
deep-researcher-1785976500-dd426d9b48b0,187.727,371.082
data-analyst-1785976425-015d997da88b,187.747,187.747
data-analyst-1785976426-3af389596991,187.763,187.763
data-analyst-1785976420-ae7a6d70d519,187.895,199.822
wide-researcher-1785976500-3c2d23006cd2,187.909,417.584
data-analyst-1785976421-43c81548f0fa,187.919,187.919
data-analyst-1785976419-88d40ab8ba44,187.933,187.933
reviewer-1785976500-efd15665ee0a,187.942,590.489
data-analyst-1785976500-9f2f1cb06770,187.987,671.652
deep-researcher-1785976500-03a96db4e646,188.035,591.922
data-analyst-1785976432-fbf0cc4249c9,188.039,200.011
wide-researcher-1785976500-6944cad666b6,188.053,661.438
data-analyst-1785976425-6d6a9e1e4a28,188.057,234.537
data-analyst-1785976427-3e40c53340f1,188.075,188.076
reviewer-1785976500-16ea0d40f1f1,188.150,558.809
data-analyst-1785976435-3b84656c4a1a,188.234,202.063
data-analyst-1785976435-f3172a963509,188.249,303.112
data-analyst-1785976435-9f9e37ba2471,188.262,201.095
data-analyst-1785976500-3f7e3e5436e7,188.282,540.616
data-analyst-1785976430-850254054769,188.300,188.300
deep-researcher-1785976500-24acf9d1a9c8,188.318,569.574
wide-researcher-1785976500-ea19a0476386,188.361,429.023
reviewer-1785976500-d0b864448af3,188.385,576.109
data-analyst-1785976500-d397c01b79fd,188.459,549.536
data-analyst-1785976420-3dcc3e6007ff,188.481,199.676
deep-researcher-1785976500-cc892e56e19f,188.486,309.669
data-analyst-1785976425-9736e9d19272,188.503,188.504
wide-researcher-1785976500-0b35dda652e0,188.516,500.662
reviewer-1785976500-110428e0210e,188.587,537.006
data-analyst-1785976501-5c8801bc9ca8,188.619,429.310
deep-researcher-1785976501-3366bd9848dd,188.638,543.402
wide-researcher-1785976501-90f04132e6c1,188.670,441.726
reviewer-1785976501-be984128f80d,188.689,561.453
data-analyst-1785976501-98966780b088,188.743,432.014
deep-researcher-1785976501-ff8db5e05d00,188.824,322.532
wide-researcher-1785976501-5cbd854b9009,188.886,404.996
reviewer-1785976501-aef85dd4dbb3,188.905,674.585
data-analyst-1785976501-3ff154abf7f9,188.936,540.129
deep-researcher-1785976501-4a5385b87a0f,188.964,314.808
data-analyst-1785976430-8ccda8eee1fc,188.983,188.983
wide-researcher-1785976501-784306f5176c,189.054,360.598
reviewer-1785976501-b15cbeef2269,189.078,673.725
data-analyst-1785976501-bc48c457d436,189.159,452.942
deep-researcher-1785976501-b7e7c5538909,189.223,661.011
data-analyst-1785976435-ad902ecee322,189.394,244.711
wide-researcher-1785976501-70aaf94b36a2,189.399,654.281
data-analyst-1785976435-55309f82017f,189.412,210.153
data-analyst-1785976435-61d708489f4a,189.426,202.286
reviewer-1785976501-9bcbde00fe35,189.509,661.628
data-analyst-1785976501-7aa250aefa54,189.663,566.638
deep-researcher-1785976501-bd7e96bfd7da,189.752,592.596
wide-researcher-1785976501-ae09351da945,189.786,651.791
reviewer-1785976502-ba602133bb05,189.833,636.301
data-analyst-1785976502-e6024254e037,189.891,684.105
data-analyst-1785976427-e6d531041980,189.892,189.896
deep-researcher-1785976502-b66eaf5b2b99,189.908,313.232
data-analyst-1785976385-cebc5a99d813,189.913,189.913
wide-researcher-1785976502-648b62b66253,189.969,415.891
reviewer-1785976502-ff91bb1e076d,189.996,648.350
data-analyst-1785976502-a810ecfac093,190.100,656.608
deep-researcher-1785976502-d7fa6cfb853e,190.118,423.005
wide-researcher-1785976502-290bf106d7a9,190.136,438.733
reviewer-1785976502-1e9a12c12211,190.153,550.525
data-analyst-1785976502-b0aed7dc4ee3,190.190,685.681
deep-researcher-1785976502-123763fe450f,190.208,651.138
wide-researcher-1785976502-d3281d13ac93,190.260,322.373
reviewer-1785976502-1e37d2b438fe,190.394,662.139
data-analyst-1785976407-2cbbd1115d92,190.406,190.407
data-analyst-1785976502-591fe335e99a,190.450,546.961
deep-researcher-1785976502-202c837936c0,190.476,367.645
data-analyst-1785976425-3dff13a5949e,190.508,190.509
wide-researcher-1785976502-6a053d0ee4f2,190.587,333.266
reviewer-1785976502-f90457fffbb8,190.607,647.247
data-analyst-1785976503-2afff4a508e9,190.661,549.358
deep-researcher-1785976503-90c214e35357,190.698,666.581
wide-researcher-1785976503-ca3352ac0f2e,190.740,431.902
reviewer-1785976503-fcccea24759b,190.902,660.632
data-analyst-1785976503-1640bbc8cf76,190.955,656.745
deep-researcher-1785976503-ee0220a34c46,191.000,565.035
wide-researcher-1785976503-ced32e1244b7,191.071,661.823
reviewer-1785976503-a9babb2ce38a,191.165,629.909
data-analyst-1785976503-27140f38f5dd,191.264,539.254
deep-researcher-1785976503-ac4a96cce68d,191.304,533.767
wide-researcher-1785976503-1b954b91fd66,191.338,423.095
reviewer-1785976503-210a13ce0493,191.357,647.281
data-analyst-1785976503-128dff2cba33,191.399,552.934
data-analyst-1785976420-fcb4b9e2eb58,191.403,191.403
deep-researcher-1785976503-582e244b7c22,191.480,335.485
wide-researcher-1785976503-31c6e0b4bd96,191.505,662.317
reviewer-1785976503-c862b4fe6451,191.575,652.631
data-analyst-1785976503-ec9e7f65a337,191.617,588.800
deep-researcher-1785976504-de176fb270d6,191.636,542.488
wide-researcher-1785976504-fd13c4a74fb8,191.664,532.574
reviewer-1785976504-5478c4a11bd6,191.682,670.713
data-analyst-1785976504-dff1ebf10815,191.722,671.192
deep-researcher-1785976504-1a42396e3946,191.899,415.060
wide-researcher-1785976504-0590714593fc,191.916,652.278
data-analyst-1785976432-ff94528e4d54,191.920,191.920
reviewer-1785976504-ed794a4abc7d,191.943,642.408
data-analyst-1785976504-24daddbc8107,192.072,547.057
deep-researcher-1785976504-e19ca34984e5,192.113,362.374
wide-researcher-1785976504-68a9ed5ce57d,192.128,419.706
reviewer-1785976504-7993f05ee1fd,192.178,668.220
data-analyst-1785976504-d9e545ed47f4,192.430,640.029
deep-researcher-1785976504-652842e025aa,192.522,686.910
wide-researcher-1785976504-e29d770e9639,192.547,564.032
reviewer-1785976504-f087a5792c6f,192.582,688.434
data-analyst-1785976504-f0f902d441dd,192.689,522.319
data-analyst-1785976406-938c2bfdbff7,192.697,202.598
deep-researcher-1785976505-91c1c90727b6,192.776,674.613
wide-researcher-1785976505-5de9bce38198,192.814,419.254
reviewer-1785976505-3c6e71d0747e,192.837,671.386
data-analyst-1785976505-68914cf04439,192.880,546.995
deep-researcher-1785976505-851b6899d1c1,192.928,440.997
wide-researcher-1785976505-d3ce27665f65,192.985,431.066
reviewer-1785976505-777efd3f7786,193.021,551.931
data-analyst-1785976505-b4fa696fd3af,193.089,536.094
deep-researcher-1785976505-09dca746b7fb,193.132,542.166
wide-researcher-1785976505-dd1bb1616db6,193.149,385.640
reviewer-1785976505-626e33fd44c2,193.166,653.850
data-analyst-1785976505-04de127632cf,193.206,644.645
deep-researcher-1785976505-a733b95f4564,193.300,593.940
wide-researcher-1785976505-3b5995cf8f21,193.422,370.002
reviewer-1785976505-2ad281cb2739,193.464,534.643
data-analyst-1785976505-2aa36138da83,193.506,590.368
deep-researcher-1785976505-c0ce6e481cc2,193.589,432.908
wide-researcher-1785976505-1bb12b846046,193.613,438.816
reviewer-1785976506-edd562c7acdb,193.636,635.265
data-analyst-1785976506-14f3a22c8c36,193.691,511.913
deep-researcher-1785976506-3b9c5be80199,193.847,547.028
wide-researcher-1785976506-a2dcddfd9117,193.889,416.083
reviewer-1785976506-a60c8bef7508,193.937,663.350
data-analyst-1785976506-017a159643c5,194.088,673.293
deep-researcher-1785976506-5f9b31087b8c,194.107,423.210
data-analyst-1785976430-d1cb0a6a65ba,194.111,194.112
wide-researcher-1785976506-b25d9df762b0,194.191,674.047
reviewer-1785976506-5e05436e9bba,194.275,655.537
data-analyst-1785976506-7898eaa2761c,194.317,676.764
deep-researcher-1785976506-b83971beb4b6,194.362,695.588
data-analyst-1785976432-d23edc2575f4,194.385,194.386
wide-researcher-1785976506-4034f51997f5,194.428,644.563
reviewer-1785976506-fccf50fe9f72,194.505,670.361
data-analyst-1785976429-a7406a9c6690,194.557,194.557
data-analyst-1785976506-6783680171ff,194.595,536.957
deep-researcher-1785976506-5026752d0f6e,194.614,418.876
wide-researcher-1785976506-e0857a858043,194.651,652.136
reviewer-1785976507-6f2a46037d6c,194.676,553.419
data-analyst-1785976507-bb069a218dea,194.717,539.813
deep-researcher-1785976507-079aebbfd2ee,194.745,434.456
data-analyst-1785976428-0153042511ec,194.775,194.775
data-analyst-1785976432-3930a9df1043,194.788,194.789
data-analyst-1785976429-60691f4b117f,194.802,194.802
wide-researcher-1785976507-06143225d861,194.810,577.752
data-analyst-1785976422-1af96dc91d4c,194.819,194.820
reviewer-1785976507-7835b02a85b4,194.935,689.258
data-analyst-1785976426-d72102f53145,194.968,194.969
data-analyst-1785976507-023ac20a59f8,194.978,669.019
deep-researcher-1785976507-dfe22bea35dc,194.997,542.334
wide-researcher-1785976507-41fa23654115,195.023,524.050
data-analyst-1785976430-555b65512429,195.083,195.083
reviewer-1785976507-e57a6e23fbba,195.092,620.733
data-analyst-1785976507-0c20d80ad942,195.130,682.058
deep-researcher-1785976507-b256377d45f7,195.152,417.766
wide-researcher-1785976507-570f30300850,195.199,659.206
reviewer-1785976507-f4da82644d60,195.257,555.889
data-analyst-1785976507-be83323d7f9d,195.363,539.579
deep-researcher-1785976507-e9e30b4b50c6,195.397,320.991
wide-researcher-1785976507-ab3ade1a0579,195.458,320.862
reviewer-1785976507-82b4e57bc052,195.493,689.295
data-analyst-1785976507-ff9b315e0b06,195.594,544.757
deep-researcher-1785976507-e16d5b78296c,195.612,343.963
wide-researcher-1785976508-5c45d6a15944,195.696,420.624
reviewer-1785976508-09845cf8b716,195.752,553.496
data-analyst-1785976508-8fcc2d4126a7,195.796,649.876
deep-researcher-1785976508-339c222724a2,195.830,427.963
wide-researcher-1785976508-447e91ffb417,195.872,313.263
reviewer-1785976508-6685827ce26e,195.951,643.518
data-analyst-1785976508-25fc9a18c69f,196.009,531.585
deep-researcher-1785976508-79649b9af2d5,196.113,333.174
wide-researcher-1785976508-6742ca3b21cd,196.160,592.909
reviewer-1785976508-709ec697d905,196.202,556.485
data-analyst-1785976508-b620d74b556a,196.261,428.829
deep-researcher-1785976508-70cc55cab18f,196.314,670.084
wide-researcher-1785976508-1586cc973e91,196.450,634.487
reviewer-1785976508-943b3ce88152,196.490,640.845
data-analyst-1785976508-2a2dbebc6d55,196.534,656.145
deep-researcher-1785976508-80a8bd7efd00,196.599,549.552
wide-researcher-1785976509-3d3fd674c870,196.657,560.365
reviewer-1785976509-a59505f8c8ae,196.698,639.645
data-analyst-1785976509-8ea0f0a6a5c2,196.780,535.209
deep-researcher-1785976509-b5dee755d5f6,196.870,310.190
wide-researcher-1785976509-51f32d6c636f,196.909,326.195
reviewer-1785976509-d7e703bd2f9a,196.938,671.282
data-analyst-1785976509-4579cebf0f35,196.981,581.881
deep-researcher-1785976509-11e7dcf68d84,197.019,664.361
wide-researcher-1785976509-1b03a062fab7,197.107,439.631
reviewer-1785976509-42a8165ed51c,197.210,538.783
data-analyst-1785976509-f73769471db8,197.269,673.275
deep-researcher-1785976509-548b9673d91e,197.304,414.568
wide-researcher-1785976509-3cbe58054129,197.379,322.491
data-analyst-1785976423-b09fb0703336,197.419,200.929
reviewer-1785976509-868e4e3d71e9,197.445,541.069
data-analyst-1785976509-3c89cccab44a,197.503,559.030
deep-researcher-1785976509-e02a695da09a,197.536,427.066
wide-researcher-1785976509-6e13ab5afafd,197.565,572.758
reviewer-1785976510-7915add0345e,197.601,670.587
data-analyst-1785976510-7ce9bcbd9945,197.663,555.165
deep-researcher-1785976510-92aecc6f7b65,197.712,416.519
wide-researcher-1785976510-9a6c497e0a98,197.762,644.579
data-analyst-1785976436-219f693d05e3,197.795,202.355
data-analyst-1785976436-e9d6d65c0b0d,197.809,202.142
data-analyst-1785976436-faeaeaaed1d6,197.824,201.175
reviewer-1785976510-54b3391230ad,197.927,660.000
data-analyst-1785976510-3e4b1da8e87e,197.966,659.051
deep-researcher-1785976510-cc1502d6202d,198.004,362.446
wide-researcher-1785976510-0e239a152c3e,198.023,419.515
reviewer-1785976510-d346a249f9de,198.048,659.506
data-analyst-1785976424-38c34536c5be,198.091,200.315
data-analyst-1785976510-102b95a72503,198.108,678.163
deep-researcher-1785976510-f3fc3af30703,198.154,320.348
wide-researcher-1785976510-fa8c6e7c0db5,198.175,417.779
reviewer-1785976510-9cb03233b561,198.201,652.406
data-analyst-1785976510-7a99243032ab,198.238,663.889
deep-researcher-1785976510-44a3b7d89b72,198.285,436.790
wide-researcher-1785976510-0ed32146e6e8,198.419,588.548
reviewer-1785976510-9fce29943cd6,198.445,672.311
data-analyst-1785976510-bf7b7a5b1d33,198.491,555.151
deep-researcher-1785976510-38fdd4770adf,198.521,677.386
wide-researcher-1785976510-71bf42377989,198.622,427.211
reviewer-1785976511-3cdaf583c701,198.730,539.363
data-analyst-1785976511-ae09840753f3,198.770,641.680
deep-researcher-1785976511-a3e9b8467a93,198.815,416.843
wide-researcher-1785976511-6e02941b9239,198.859,558.513
reviewer-1785976511-874068f9a322,198.887,560.381
data-analyst-1785976511-e8f6b7f8df69,198.973,550.574
deep-researcher-1785976511-6595e2bc9b88,199.020,647.665
wide-researcher-1785976511-4f7e154c5a35,199.124,612.870
reviewer-1785976511-33121f9cc534,199.182,674.996
data-analyst-1785976511-247bc12b65d2,199.223,659.800
deep-researcher-1785976511-bb0ec945ed43,199.283,667.989
wide-researcher-1785976511-a6a3ae213c9b,199.338,550.170
data-analyst-1785976385-93596ff855fc,199.361,205.062
reviewer-1785976511-47f0d135b8a2,199.432,590.506
data-analyst-1785976511-48733b2f8091,199.480,673.223
deep-researcher-1785976511-1de8319d8320,199.562,667.353
wide-researcher-1785976511-3688e2ed8c84,199.660,674.243
reviewer-1785976512-cc58fe254c6d,199.737,558.705
data-analyst-1785976512-5f95656655e0,199.781,554.182
deep-researcher-1785976512-60d41be91e38,199.932,665.569
wide-researcher-1785976512-3ed23b953a9b,199.999,438.314
reviewer-1785976512-ccc89e731c38,200.119,577.667
data-analyst-1785976512-cdaefc0d1146,200.232,690.102
deep-researcher-1785976512-c44f34cd1527,200.253,660.349
wide-researcher-1785976512-bbc5aebfc8c3,200.325,426.756
reviewer-1785976512-ca7fa6480c63,200.364,560.430
data-analyst-1785976512-942eb4ca8407,200.409,539.500
deep-researcher-1785976512-849747c22ecf,200.465,677.958
wide-researcher-1785976512-94d16e598e9b,200.500,422.414
reviewer-1785976512-06ac092f83c0,200.532,626.116
data-analyst-1785976512-078e95884fb0,200.584,676.892
deep-researcher-1785976513-4baa82ac8d4a,200.688,321.154
wide-researcher-1785976513-2ac25db4baf8,200.707,330.730
reviewer-1785976513-ce4e54e79577,200.737,686.116
data-analyst-1785976513-e51131b47179,200.788,671.528
deep-researcher-1785976513-95a98ec2756b,200.843,431.708
wide-researcher-1785976513-ef0addff75c6,200.862,428.978
reviewer-1785976513-fd49c9433c6e,200.947,559.890
data-analyst-1785976513-02c2c2d1074d,200.990,650.813
deep-researcher-1785976513-c98139f20fd4,201.044,425.898
wide-researcher-1785976513-d27de3f64ee4,201.080,560.781
reviewer-1785976513-12ab0383495f,201.179,650.032
data-analyst-1785976513-047d4917d7f1,201.246,644.968
deep-researcher-1785976513-e1c325eb4393,201.294,319.878
wide-researcher-1785976513-4a5dc370c1f4,201.313,418.890
data-analyst-1785976437-b366c371de9d,201.385,201.386
reviewer-1785976513-622968598b9d,201.411,514.411
data-analyst-1785976513-131cb9307e67,201.479,548.309
deep-researcher-1785976513-897faacf0fee,201.517,320.791
wide-researcher-1785976513-5aa723e2720c,201.633,388.010
reviewer-1785976513-e5698abea798,201.652,544.053
data-analyst-1785976514-be3d316b0ee1,201.737,661.099
deep-researcher-1785976514-d5e7accb13ab,201.774,422.363
wide-researcher-1785976514-e1da2b03cd26,201.842,353.699
reviewer-1785976514-fc2110082003,201.869,641.565
data-analyst-1785976514-f52011daea4f,201.981,560.472
data-analyst-1785976443-6d82bb9f3c5e,201.996,201.997
deep-researcher-1785976514-c657b3e3c787,202.043,321.927
data-analyst-1785976442-b74988852229,202.110,202.110
data-analyst-1785976442-f78d3882560d,202.126,202.127
wide-researcher-1785976514-672e9b635f05,202.151,667.948
data-analyst-1785976438-bcb8a9ae0910,202.162,202.163
reviewer-1785976514-766f4dc2a32e,202.189,674.570
data-analyst-1785976514-445008d8367f,202.229,638.410
deep-researcher-1785976514-17ff2d6407b2,202.260,659.285
wide-researcher-1785976514-1a59cc3db740,202.296,441.652
data-analyst-1785976437-56c9a937efa2,202.339,202.341
reviewer-1785976514-9a3f2987c787,202.359,674.339
data-analyst-1785976443-10d14c818f30,202.371,202.372
data-analyst-1785976443-058d511829f0,202.400,202.401
data-analyst-1785976440-34ce92536753,202.417,202.417
data-analyst-1785976514-722e7745c4fd,202.460,442.788
deep-researcher-1785976514-0f5b0020df82,202.505,625.127
wide-researcher-1785976514-584065f9ba46,202.535,562.958
reviewer-1785976514-e72b3be70791,202.594,488.487
data-analyst-1785976515-68792672987d,202.680,584.227
deep-researcher-1785976515-45aeab1fe370,202.697,668.589
data-analyst-1785976443-526f05f1bfbf,202.725,202.726
wide-researcher-1785976515-3d89f387c9ef,202.754,656.357
reviewer-1785976515-2d12d56628ad,202.771,690.347
data-analyst-1785976515-78c2b4c5810d,202.815,487.256
data-analyst-1785976440-e9a6c17c2957,202.832,202.833
data-analyst-1785976442-e96eb69e5cd2,202.846,202.847
data-analyst-1785976441-a6426a474cb0,202.874,202.875
data-analyst-1785976440-99447ad887be,202.889,202.891
deep-researcher-1785976515-98d08e64d4dc,202.928,537.069
data-analyst-1785976439-f22613a5dfb1,202.969,202.970
data-analyst-1785976443-33844a3945dc,203.015,203.015
wide-researcher-1785976515-e14b18e841f7,203.024,420.801
data-analyst-1785976442-9dd19af6213e,203.065,203.066
data-analyst-1785976448-aa1154c2ccc3,203.094,203.094
data-analyst-1785976447-0ce1c7803d40,203.123,203.124
data-analyst-1785976444-024101336a22,203.137,203.138
data-analyst-1785976444-d9c034f102f9,203.150,203.150
reviewer-1785976515-04f5cfa9c5b3,203.155,575.136
data-analyst-1785976515-8c17e864298f,203.256,635.965
deep-researcher-1785976515-539f8d1ccefd,203.274,438.575
wide-researcher-1785976515-97234ff01a67,203.359,424.115
reviewer-1785976515-a5f590dbe868,203.388,556.245
data-analyst-1785976439-6836f82bc3b2,203.414,203.415
data-analyst-1785976515-52e2f6170d9c,203.427,546.789
data-analyst-1785976444-4f4b97e45719,203.427,203.431
data-analyst-1785976439-6698bf117a03,203.446,203.447
data-analyst-1785976446-5fae6c81ce47,203.475,203.476
data-analyst-1785976448-58280ac89ccf,203.490,203.491
deep-researcher-1785976515-29d45ebf0616,203.504,434.373
wide-researcher-1785976515-4db435c426f0,203.549,554.954
data-analyst-1785976442-a05048cea856,203.576,203.577
data-analyst-1785976447-ddacaf4eea84,203.622,203.623
data-analyst-1785976450-96fb96e6b05e,203.650,203.650
data-analyst-1785976447-e82ca46861f3,203.678,203.678
reviewer-1785976515-8aae379f1792,203.700,596.703
data-analyst-1785976443-53827d8f595f,203.721,203.721
data-analyst-1785976515-88fa69305a89,203.747,598.660
data-analyst-1785976447-33f13d18a3c9,203.763,203.764
deep-researcher-1785976516-f033d1849218,203.805,456.247
data-analyst-1785976450-a8fad75e9b91,203.809,203.809
data-analyst-1785976450-05260bdee8c3,203.854,203.855
wide-researcher-1785976516-0bcf7384dc87,203.867,332.180
reviewer-1785976516-7cd19c0d6533,203.884,642.101
data-analyst-1785976450-e76a82a272a6,203.929,203.930
data-analyst-1785976442-91793ed7d01a,203.944,203.945
data-analyst-1785976516-3b6342cfcc9d,203.971,545.453
data-analyst-1785976441-f45424983923,203.975,203.975
deep-researcher-1785976516-183b59e6f185,204.016,333.791
data-analyst-1785976444-9af8c7bf24c1,204.020,204.020
data-analyst-1785976451-539dc13546a0,204.036,204.036
wide-researcher-1785976516-b2cb2e6c087e,204.044,365.841
data-analyst-1785976450-e96429ad7f13,204.065,204.065
reviewer-1785976516-431857a38ce8,204.078,682.270
data-analyst-1785976516-5c7add8b1c3e,204.117,650.984
data-analyst-1785976451-6693366f52ac,204.127,204.128
deep-researcher-1785976516-2850c0639462,204.190,677.715
wide-researcher-1785976516-9f0c2a5988af,204.249,556.694
data-analyst-1785976450-c694db05136c,204.283,204.284
reviewer-1785976516-eedb83d18ff7,204.287,428.405
data-analyst-1785976449-fa24113907ce,204.300,204.301
data-analyst-1785976450-5f61200a7617,204.313,204.313
data-analyst-1785976516-27e17ffde632,204.331,556.804
data-analyst-1785976442-97a6810d6167,204.389,204.390
deep-researcher-1785976516-e2948d925a99,204.432,677.098
data-analyst-1785976452-1f4ccf21b932,204.482,204.483
wide-researcher-1785976516-ef834e0a84c1,204.533,414.490
data-analyst-1785976447-6d3a6767fc5f,204.611,204.612
data-analyst-1785976442-bd01d2e1e8b7,204.624,204.625
data-analyst-1785976450-20f0b79db837,204.637,204.638
data-analyst-1785976442-62d4e1b02469,204.650,204.651
data-analyst-1785976451-2dd2bdc19fd1,204.663,204.664
reviewer-1785976516-5b62edd6e172,204.668,586.873
data-analyst-1785976440-ba93729b0df8,204.709,204.709
data-analyst-1785976516-bff22fb42923,204.743,640.859
deep-researcher-1785976516-27fe881df658,204.769,420.181
data-analyst-1785976444-69e5e93dd4a3,204.802,204.802
wide-researcher-1785976517-85b6f82406b5,204.835,421.505
data-analyst-1785976453-1ef7165a9daf,204.862,204.863
reviewer-1785976517-4cf21c7aaa5f,204.871,673.683
data-analyst-1785976453-9e11c1807433,204.910,204.910
data-analyst-1785976517-43b05c11f594,204.910,561.376
deep-researcher-1785976517-4646a9f2ba02,204.943,431.999
data-analyst-1785976451-1b91e417a001,204.964,204.964
wide-researcher-1785976517-57b1f5ea530b,204.998,672.054
reviewer-1785976517-31b522c108a2,205.062,653.975
data-analyst-1785976453-583651afecc6,205.079,205.080
data-analyst-1785976517-bfd45db030f4,205.119,534.164
deep-researcher-1785976517-336e05d69a9a,205.174,651.759
data-analyst-1785976454-927b1c012ac6,205.179,205.179
wide-researcher-1785976517-6c712e69f8dc,205.209,437.926
data-analyst-1785976446-f7f5f3f53ee9,205.231,205.232
reviewer-1785976517-8ae9beefbd8c,205.240,540.016
data-analyst-1785976454-c60d13dbf56a,205.281,205.281
data-analyst-1785976450-2c31362cd645,205.296,205.297
data-analyst-1785976517-3c9848e3dd58,205.306,483.510
deep-researcher-1785976517-884b95bce1b3,205.323,434.864
data-analyst-1785976451-5293ad46417b,205.338,205.338
data-analyst-1785976444-e1ecd11113b3,205.354,205.355
wide-researcher-1785976517-e0192c563b6e,205.368,464.379
reviewer-1785976517-29bdf4091294,205.387,571.085
data-analyst-1785976454-7a1f61fe69d2,205.391,205.391
data-analyst-1785976449-abaabfd02ccd,205.403,205.404
data-analyst-1785976442-8a2595da2664,205.445,205.446
data-analyst-1785976453-1f3fd432aa06,205.473,205.474
data-analyst-1785976517-e675936e2d9f,205.491,612.481
data-analyst-1785976444-9115e4b3223a,205.518,205.519
deep-researcher-1785976517-90e8a42bcfb1,205.527,426.492
wide-researcher-1785976517-6e236bbb2580,205.567,556.155
data-analyst-1785976454-9e31a6347381,205.579,205.579
reviewer-1785976517-d13fa5b04aa4,205.597,656.062
data-analyst-1785976446-493cb3849059,205.655,205.655
data-analyst-1785976518-11b62f60bb1a,205.706,649.915
data-analyst-1785976448-3d5681dad6f8,205.768,205.769
deep-researcher-1785976518-8918ffb672fc,205.772,420.502
data-analyst-1785976458-d9b10e43ed42,205.799,205.799
wide-researcher-1785976518-9da1a0dd01e1,205.799,428.011
data-analyst-1785976453-f13810236701,205.816,205.817
reviewer-1785976518-f3b9c6f6a53e,205.820,557.496
data-analyst-1785976454-149a7af748b0,205.833,205.833
data-analyst-1785976441-7d447052d868,205.891,205.891
data-analyst-1785976458-e0b0f7ffe1bd,205.947,205.948
data-analyst-1785976442-909976d85699,205.960,205.961
data-analyst-1785976518-dc83b9a88c2a,205.986,547.718
data-analyst-1785976446-459941635622,206.003,206.003
data-analyst-1785976456-23697d48ed1c,206.016,206.017
data-analyst-1785976450-ee1c76d55915,206.029,206.029
deep-researcher-1785976518-48172e069eec,206.030,423.650
wide-researcher-1785976518-bfb1dd8718f0,206.050,444.789
data-analyst-1785976455-44958453fdc5,206.064,206.065
data-analyst-1785976459-7ce7b8426ad8,206.079,206.079
reviewer-1785976518-fa3f6ef82e36,206.112,637.732
data-analyst-1785976518-a7e0f4efbd2f,206.172,667.160
data-analyst-1785976446-32612d7e3cc7,206.215,206.216
data-analyst-1785976459-0ce2c770ba57,206.230,206.231
deep-researcher-1785976518-b938a72c2429,206.262,534.869
data-analyst-1785976458-e31ed6914ce6,206.291,206.291
data-analyst-1785976453-1d7cfc569187,206.335,206.336
data-analyst-1785976459-806f412d427e,206.349,206.349
wide-researcher-1785976518-0fc2a8645af4,206.393,642.680
data-analyst-1785976452-752d0914b252,206.412,206.413
data-analyst-1785976455-8e8313442dd5,206.443,206.443
reviewer-1785976518-6d5ae3c59d71,206.451,662.258
data-analyst-1785976453-0d2eb809a8d8,206.474,206.475
data-analyst-1785976440-2ba0ef42851d,206.500,206.501
data-analyst-1785976518-44f286a71650,206.505,508.633
data-analyst-1785976450-1b8abf00dfd0,206.535,206.536
data-analyst-1785976445-07d2ad011acb,206.548,206.549
data-analyst-1785976447-6eb91c4e8b45,206.563,206.563
data-analyst-1785976461-ab2aea2b0ec7,206.578,206.579
data-analyst-1785976450-baa966320fc1,206.606,206.607
deep-researcher-1785976518-0b4556bd4fc0,206.687,668.573
data-analyst-1785976454-321a36b0643a,206.716,206.717
data-analyst-1785976459-0ff1d66fae14,206.729,206.730
data-analyst-1785976459-9fe1b811b31c,206.742,206.743
wide-researcher-1785976518-bb3ba49a1965,206.755,541.839
data-analyst-1785976462-4a34ab6aad92,206.759,206.759
reviewer-1785976519-19201c299f93,206.771,664.289
data-analyst-1785976451-66cba727685c,206.775,206.775
data-analyst-1785976458-26335db6d064,206.788,206.789
data-analyst-1785976519-27aaf2003d34,206.819,553.371
deep-researcher-1785976519-61093a29aa9b,206.840,422.854
data-analyst-1785976441-5269a53cc602,206.883,206.884
wide-researcher-1785976519-3104089898cc,206.892,634.004
reviewer-1785976519-c323be65a4c5,206.910,675.264
data-analyst-1785976454-822ecc5846b4,206.948,206.949
data-analyst-1785976519-2df984444e41,206.996,685.339
data-analyst-1785976464-da178f176af9,207.022,207.023
data-analyst-1785976450-85822a0425ca,207.052,207.052
deep-researcher-1785976519-60c1e84ecb5b,207.066,533.362
data-analyst-1785976462-0cd15e860803,207.071,207.071
data-analyst-1785976454-d63c3bd5319c,207.086,207.086
data-analyst-1785976459-48804bd4e664,207.117,207.118
data-analyst-1785976450-dcefdd921685,207.210,207.210
data-analyst-1785976442-fd93445aa768,207.261,207.262
wide-researcher-1785976519-68b960d92918,207.270,426.225
data-analyst-1785976449-367e10d1d944,207.281,207.281
reviewer-1785976519-f265b97b50d7,207.290,552.016
data-analyst-1785976454-502e6a190f91,207.314,207.314
data-analyst-1785976444-74dec0b66c48,207.329,207.330
data-analyst-1785976448-44ac751876c3,207.380,207.380
data-analyst-1785976442-5c3caf4efec7,207.394,207.394
data-analyst-1785976443-ea23b901e5e3,207.409,207.409
data-analyst-1785976457-e5141fd474ab,207.449,207.449
data-analyst-1785976519-499e510714b6,207.458,433.021
data-analyst-1785976453-d5251a5ab798,207.500,207.501
deep-researcher-1785976519-7705c4c4e7fa,207.505,439.119
data-analyst-1785976455-bf59da4a0491,207.518,207.519
wide-researcher-1785976519-a27463849644,207.544,561.960
reviewer-1785976519-86c79644d3d6,207.562,668.721
data-analyst-1785976451-83a2e8af4668,207.575,207.575
data-analyst-1785976520-520b7537e495,207.620,670.399
data-analyst-1785976454-54017d2e8beb,207.631,207.632
data-analyst-1785976458-a5a8bca3d1dd,207.663,207.664
data-analyst-1785976444-c44937b7da5f,207.678,207.678
data-analyst-1785976466-b0759e7b4738,207.694,207.694
data-analyst-1785976442-55fa0a669586,207.707,207.716
data-analyst-1785976464-152e8317b5d8,207.731,207.731
data-analyst-1785976446-bd49e175accf,207.767,207.767
deep-researcher-1785976520-8efb369e4e11,207.775,365.777
data-analyst-1785976461-89f735e3410d,207.854,207.854
data-analyst-1785976463-991dc608b6d6,207.886,207.887
wide-researcher-1785976520-6bbb8c11da88,207.903,419.598
reviewer-1785976520-b90d956d0b37,207.962,661.086
data-analyst-1785976453-a9135d31a06b,208.007,208.007
data-analyst-1785976453-6769cc037ddf,208.039,208.039
data-analyst-1785976465-b119500ceb5a,208.055,208.055
data-analyst-1785976454-442486fe3689,208.071,208.072
data-analyst-1785976454-90954e94a015,208.088,208.089
data-analyst-1785976447-2047c826b89e,208.102,208.103
data-analyst-1785976451-5f78fd0ac1d7,208.194,208.194
data-analyst-1785976462-46ec91f6b518,208.209,208.209
data-analyst-1785976520-46e10d52bc78,208.228,654.409
data-analyst-1785976466-7fdac9a7bc62,208.241,208.242
deep-researcher-1785976520-3643713c1b59,208.266,419.614
data-analyst-1785976444-72d6e6c99597,208.278,208.278
data-analyst-1785976455-22b191cd5318,208.293,208.294
data-analyst-1785976468-f67c36e82a8e,208.325,208.325
wide-researcher-1785976520-664d5bc3f016,208.333,315.611
data-analyst-1785976454-2408776b00e2,208.337,208.338
reviewer-1785976520-5794a7b1a3af,208.351,671.267
data-analyst-1785976448-a7b39178d0e3,208.383,208.384
data-analyst-1785976520-eb0923af6a24,208.433,651.574
data-analyst-1785976465-8d5a46a9758b,208.464,208.464
data-analyst-1785976468-df895974670a,208.479,208.479
deep-researcher-1785976520-907b9e9ae27c,208.493,679.863
wide-researcher-1785976520-84629f0520c8,208.511,397.206
data-analyst-1785976464-a35e764b3684,208.564,208.566
reviewer-1785976520-c404492e18a0,208.575,663.714
data-analyst-1785976465-d34298aa1744,208.584,208.585
data-analyst-1785976465-34059f359faf,208.597,208.597
data-analyst-1785976521-094de69a8c5a,208.624,536.251
data-analyst-1785976469-122270f699da,208.634,208.635
data-analyst-1785976460-75c94522fee1,208.650,208.651
data-analyst-1785976452-8a7c235faaa5,208.683,208.683
data-analyst-1785976458-79754911a293,208.699,208.699
deep-researcher-1785976521-6b46be7e9d49,208.713,430.430
data-analyst-1785976462-f77944fe563b,208.713,208.717
data-analyst-1785976438-f2f93254314c,208.731,208.732
wide-researcher-1785976521-d966d2b72ab7,208.762,329.307
data-analyst-1785976465-0533345cce42,208.767,208.767
data-analyst-1785976465-90415b33e58d,208.783,208.783
reviewer-1785976521-df28864a637e,208.792,654.220
data-analyst-1785976467-a1ed42b85f05,208.800,208.800
data-analyst-1785976521-91f9fc7c5514,208.824,470.027
data-analyst-1785976462-81df16c1c1af,208.835,208.835
data-analyst-1785976467-2c1008b716a5,208.880,208.880
data-analyst-1785976464-52d28111eac3,208.896,208.896
data-analyst-1785976448-058f56a5d02d,208.910,208.911
data-analyst-1785976461-295d84559335,208.954,208.954
data-analyst-1785976467-e9c488165b07,208.968,208.969
data-analyst-1785976464-f729bb5d0388,208.981,208.982
data-analyst-1785976461-3debdcf11524,208.997,208.997
deep-researcher-1785976521-77417fc3e128,209.016,576.382
wide-researcher-1785976521-2b2b1ea184bd,209.051,681.557
reviewer-1785976521-fe39c5c671f3,209.069,649.121
data-analyst-1785976451-0843b99ecfdd,209.083,209.084
data-analyst-1785976459-5b5397731aa4,209.111,209.112
data-analyst-1785976441-0433226c45c5,209.126,209.126
data-analyst-1785976521-65b0c6bbfd4f,209.134,541.572
data-analyst-1785976458-357f918dda5a,209.144,209.145
data-analyst-1785976460-ec6b58babb0e,209.160,209.170
data-analyst-1785976467-f93f099051fe,209.184,209.185
deep-researcher-1785976521-19867656c3bf,209.198,540.256
data-analyst-1785976467-8764727e24e3,209.199,209.199
data-analyst-1785976469-290aef999350,209.276,209.276
wide-researcher-1785976521-dd81b9300a74,209.281,430.708
reviewer-1785976521-53e5cf4729a4,209.370,649.307
data-analyst-1785976462-197d66319601,209.378,209.379
data-analyst-1785976465-2218e41581b8,209.408,209.408
data-analyst-1785976521-0503cbf44917,209.413,550.083
data-analyst-1785976450-481cef1f4ef1,209.426,209.427
deep-researcher-1785976521-387cb57901e3,209.449,650.615
wide-researcher-1785976521-a7b8558d9376,209.478,657.614
reviewer-1785976521-accdb0dd8439,209.525,649.526
data-analyst-1785976466-45ced1c37572,209.537,209.538
data-analyst-1785976467-ebf1231f13ad,209.551,209.552
data-analyst-1785976460-302672161967,209.568,209.569
data-analyst-1785976459-00f51c8e624c,209.585,209.586
data-analyst-1785976454-7436a6175812,209.633,209.633
data-analyst-1785976450-55fc89671bfa,209.663,209.663
data-analyst-1785976521-c72820abfabe,209.723,507.199
deep-researcher-1785976522-9e8bb89f7c4d,209.768,554.430
data-analyst-1785976454-2779afd7612f,209.778,209.779
wide-researcher-1785976522-ead2fdf9da0b,209.787,544.883
data-analyst-1785976460-085508ba1d5d,209.795,209.795
data-analyst-1785976471-40f29888903e,209.811,209.811
data-analyst-1785976468-fccdb138306a,209.827,209.828
reviewer-1785976522-5a2a2cde9618,209.842,658.862
data-analyst-1785976439-720a4b45a19d,209.911,209.911
data-analyst-1785976452-8fce03a5663b,209.926,209.926
data-analyst-1785976470-dac795386b54,210.004,210.005
data-analyst-1785976522-5ed323b05497,210.010,573.081
data-analyst-1785976465-305b4c5e68c9,210.023,210.024
deep-researcher-1785976522-fe8b6a5329a7,210.032,425.193
data-analyst-1785976469-d260bce99484,210.056,210.057
wide-researcher-1785976522-35224fd93f1d,210.060,659.169
reviewer-1785976522-ae4ad0bc66ee,210.090,689.458
data-analyst-1785976464-3005a91f3298,210.107,210.108
data-analyst-1785976458-56c437c4ec20,210.168,210.168
data-analyst-1785976459-7178537e4977,210.215,210.215
data-analyst-1785976460-c6403b581f4e,210.229,210.230
data-analyst-1785976522-2876fec45fac,210.230,537.426
data-analyst-1785976457-7d2f38efca8a,210.247,210.247
data-analyst-1785976458-384bc07cc493,210.279,210.280
deep-researcher-1785976522-87efecd8cd63,210.307,430.378
data-analyst-1785976459-c1bc7f9eb988,210.311,210.311
data-analyst-1785976467-a8892634e4b9,210.326,210.326
wide-researcher-1785976522-4406d9e48018,210.334,317.142
reviewer-1785976522-4a23d2cbfbd3,210.370,654.974
data-analyst-1785976472-35457096a62a,210.378,210.379
data-analyst-1785976469-c135b9ea6aff,210.391,210.392
data-analyst-1785976441-ee9b74a37086,210.436,210.436
data-analyst-1785976450-5c572cec6bca,210.449,210.450
data-analyst-1785976522-e5bbeac71380,210.480,567.797
data-analyst-1785976469-7a1c6da17d65,210.498,210.499
deep-researcher-1785976522-3e89e0226e30,210.524,686.193
data-analyst-1785976466-d91ad65dabcb,210.534,210.535
data-analyst-1785976470-a1db0740186d,210.549,210.550
data-analyst-1785976464-efa337a0aa3a,210.563,210.564
data-analyst-1785976470-d89537c633ba,210.577,210.578
wide-researcher-1785976522-12f7d06f80ad,210.582,470.072
reviewer-1785976522-73d17b1c20d4,210.605,689.987
data-analyst-1785976523-bacb762b186a,210.649,500.531
data-analyst-1785976457-d76573e67041,210.696,210.696
data-analyst-1785976452-6f489ef0b7ee,210.710,210.711
deep-researcher-1785976523-87461704ae30,210.710,322.414
data-analyst-1785976464-4ec98fc04dba,210.731,210.731
data-analyst-1785976459-6fb7a54d3029,210.748,210.748
data-analyst-1785976460-3326e5f1753e,210.763,210.764
wide-researcher-1785976523-fc20f15d5513,210.800,424.663
reviewer-1785976523-86c996f27cf7,210.864,567.691
data-analyst-1785976471-6049be8d877b,210.878,210.878
data-analyst-1785976465-2589cc9f6e13,210.912,210.912
data-analyst-1785976523-8192724014f7,210.920,548.045
data-analyst-1785976467-6a5da6f6728b,210.931,210.932
data-analyst-1785976457-51f497d59c2d,210.949,210.949
deep-researcher-1785976523-049cce1ea57e,210.963,404.622
data-analyst-1785976451-e3cdb12ee51c,210.983,210.983
wide-researcher-1785976523-707887528c0e,210.991,420.135
reviewer-1785976523-905ee1bd38c0,211.039,521.657
data-analyst-1785976460-d2aea24b757d,211.048,211.049
data-analyst-1785976442-b89cb8d5ad78,211.064,211.065
data-analyst-1785976460-13dc6745674b,211.078,211.079
data-analyst-1785976468-1961aaf2fb71,211.145,211.146
data-analyst-1785976450-b94b892ae141,211.160,211.161
data-analyst-1785976466-a0c04408c619,211.175,211.176
data-analyst-1785976437-bba40d696d7d,211.204,211.204
data-analyst-1785976523-b4cda3699322,211.218,660.954
data-analyst-1785976469-130d2b786181,211.218,211.222
deep-researcher-1785976523-a4333c3118a9,211.235,668.957
data-analyst-1785976455-7b51960d45f3,211.238,211.239
data-analyst-1785976471-1c95642442b2,211.252,211.254
data-analyst-1785976453-e6a03a7f726e,211.267,211.268
data-analyst-1785976451-c4593975df8f,211.282,211.282
wide-researcher-1785976523-063f0eaabb77,211.287,349.777
data-analyst-1785976476-22e6f9f9ca84,211.300,211.301
reviewer-1785976523-a79ba9b121ac,211.305,634.696
data-analyst-1785976523-6c6c79ffab0d,211.345,556.380
deep-researcher-1785976523-1b04c8dbd847,211.364,415.861
data-analyst-1785976450-a609b849488b,211.365,211.369
wide-researcher-1785976523-2a2019ff5bb9,211.389,386.001
reviewer-1785976523-2c42815aaee8,211.423,622.139
data-analyst-1785976451-7c8ef7ffaef6,211.451,211.452
data-analyst-1785976450-c6c954d2cd80,211.465,211.465
data-analyst-1785976448-0bc1c015824b,211.494,211.494
data-analyst-1785976462-cb698cab6799,211.510,211.511
data-analyst-1785976523-54d86f8d5cbc,211.529,541.208
deep-researcher-1785976523-9c2211b29bb4,211.547,687.813
wide-researcher-1785976523-adb95c13c095,211.574,432.566
reviewer-1785976524-0c4cf112bbdd,211.612,584.637
data-analyst-1785976464-0a439a11e1d7,211.638,211.639
data-analyst-1785976458-86593b335136,211.699,211.700
data-analyst-1785976524-326e24b7d30e,211.739,665.532
data-analyst-1785976471-0b7c916f8ba8,211.781,211.781
deep-researcher-1785976524-136763c6b223,211.782,671.250
data-analyst-1785976450-2da25569445a,211.798,211.799
data-analyst-1785976441-3b5e39a1bdb5,211.815,211.816
wide-researcher-1785976524-49dcdd6a0e2f,211.820,437.007
data-analyst-1785976464-f9c80cd2b9c0,211.861,211.861
data-analyst-1785976454-58aae49523cf,211.874,211.875
reviewer-1785976524-f88c50336178,211.887,434.881
data-analyst-1785976476-f011f633f3f9,211.891,211.891
data-analyst-1785976467-2c972ba4542e,211.904,211.905
data-analyst-1785976459-d4374657b7f5,211.943,211.944
data-analyst-1785976470-9dd17f9cff72,211.997,211.998
data-analyst-1785976476-613400a2a46c,212.012,212.012
data-analyst-1785976466-36060406b2d5,212.025,212.025
data-analyst-1785976449-0307b4889e83,212.039,212.039
data-analyst-1785976453-292f1a1e8d37,212.052,212.053
data-analyst-1785976524-9db50442336a,212.077,567.488
data-analyst-1785976458-554fd85cf342,212.103,212.104
deep-researcher-1785976524-e2d35fb9b751,212.104,419.191
wide-researcher-1785976524-c80a5e2d2ccb,212.127,543.760
data-analyst-1785976467-09a28169749a,212.157,212.157
reviewer-1785976524-eca63f6c754a,212.166,663.200
data-analyst-1785976524-cad3de0a38f6,212.313,461.837
data-analyst-1785976444-691bedf22e08,212.333,308.081
deep-researcher-1785976524-dd89a2d3f872,212.373,364.941
wide-researcher-1785976524-9d864905bd36,212.390,435.341
reviewer-1785976524-9255d4990fa8,212.437,676.477
data-analyst-1785976524-556e5d3ce1f1,212.477,640.802
deep-researcher-1785976524-da451bbbd0f2,212.508,602.631
wide-researcher-1785976524-a085212fe08e,212.539,436.116
reviewer-1785976525-b5dfe401679a,212.669,673.189
data-analyst-1785976525-d0bf483242e5,212.786,625.348
deep-researcher-1785976525-afe7b13e2c84,212.804,437.892
data-analyst-1785976476-139cc7eeeca7,212.831,212.831
wide-researcher-1785976525-1d64b4c898b6,212.860,541.466
reviewer-1785976525-bc8b4a3de980,212.895,648.688
data-analyst-1785976474-d2b69c262614,212.899,212.899
data-analyst-1785976479-3f7db6ab8828,212.926,212.927
data-analyst-1785976525-190316df35fd,212.936,637.801
deep-researcher-1785976525-803ea98a297e,212.973,685.404
wide-researcher-1785976525-58b7947b1d6a,213.027,435.825
data-analyst-1785976477-a11d15aa2246,213.075,304.729
reviewer-1785976525-6d840c43ac5b,213.092,635.636
data-analyst-1785976483-9b7ef1bb946d,213.126,411.985
data-analyst-1785976525-29d12a4190d5,213.137,532.734
data-analyst-1785976483-b37d6aac4110,213.146,305.993
deep-researcher-1785976525-3253dcf07c21,213.166,464.123
wide-researcher-1785976525-52a4ade33960,213.246,547.778
reviewer-1785976525-fec3f3dc8cb1,213.289,667.908
data-analyst-1785976525-0ade5626c994,213.333,433.328
data-analyst-1785976471-3bd416e10394,213.361,213.361
data-analyst-1785976464-53db41b56138,213.392,213.393
deep-researcher-1785976525-a54aaae97ed5,213.402,671.958
wide-researcher-1785976525-d6874771600e,213.499,335.387
reviewer-1785976525-46d10e3342ea,213.532,639.849
data-analyst-1785976525-d98c800d11b1,213.593,552.588
deep-researcher-1785976525-f2e4933bb901,213.612,442.952
wide-researcher-1785976526-cc1fdec497e6,213.677,550.480
reviewer-1785976526-130864063f47,213.697,697.104
data-analyst-1785976451-1dea046c7b30,213.808,343.782
data-analyst-1785976476-92f7fd5fd238,213.821,213.822
data-analyst-1785976526-f5222eaabf72,213.910,680.881
data-analyst-1785976450-ac1007c577bd,213.920,213.920
deep-researcher-1785976526-97fdc10b5496,213.960,426.569
wide-researcher-1785976526-ea5b7370b8a7,213.996,417.806
data-analyst-1785976464-6f3855608276,214.037,214.038
data-analyst-1785976478-4e7f427a207e,214.053,214.053
reviewer-1785976526-6c8c60fb0d31,214.066,680.516
data-analyst-1785976467-874b683d3a19,214.086,214.087
data-analyst-1785976526-08fca6dbeedf,214.178,548.078
data-analyst-1785976464-5b9bd99af899,214.204,214.204
deep-researcher-1785976526-4d12d8081d8b,214.250,481.041
wide-researcher-1785976526-2f821ea4c9b0,214.297,645.888
data-analyst-1785976448-7b984368f267,214.308,214.308
reviewer-1785976526-a20860ece8b6,214.323,647.395
data-analyst-1785976526-6a637cc301c0,214.376,676.716
data-analyst-1785976477-27407bd1de55,214.390,214.391
deep-researcher-1785976526-7b48742aec91,214.415,668.283
data-analyst-1785976481-a778e88d0668,214.440,301.068
wide-researcher-1785976526-c9d4ad4ca49d,214.445,422.192
reviewer-1785976526-6baffe2752c2,214.484,600.964
data-analyst-1785976464-851a8f8ac0bb,214.496,214.496
data-analyst-1785976526-2943ebc29bd0,214.590,443.015
deep-researcher-1785976526-e20c6ed5841c,214.648,548.660
wide-researcher-1785976527-b9f4bd303d75,214.746,545.686
reviewer-1785976527-60e6b3512c69,214.793,679.322
data-analyst-1785976480-767cbefe3120,214.811,214.811
data-analyst-1785976527-173114a81281,214.845,531.274
deep-researcher-1785976527-ee2800e4299f,214.915,442.025
wide-researcher-1785976527-70d20ef2190d,215.014,419.464
reviewer-1785976527-1cf0d4086888,215.049,689.179
data-analyst-1785976527-a715450a6423,215.115,636.156
deep-researcher-1785976527-5cb1553d4028,215.155,441.026
wide-researcher-1785976527-1e058ce62a32,215.185,655.401
reviewer-1785976527-4e6c28804c44,215.205,659.442
data-analyst-1785976459-d9fb3e92f439,215.367,215.367
data-analyst-1785976479-1a0226411a55,215.380,215.381
data-analyst-1785976527-c4cc27cb7bba,215.421,536.470
deep-researcher-1785976527-6446c80fe567,215.456,317.356
wide-researcher-1785976527-528ca7457595,215.478,380.944
data-analyst-1785976482-d745d8d662b4,215.524,333.283
reviewer-1785976527-23b2bf28f8bb,215.558,672.215
data-analyst-1785976482-0f608f6110e0,215.578,304.147
data-analyst-1785976527-ad01386cce01,215.592,560.399
deep-researcher-1785976528-40c28b9c68c2,215.622,635.316
wide-researcher-1785976528-656408ebb4f1,215.690,467.563
data-analyst-1785976480-feff926efe95,215.704,215.704
reviewer-1785976528-d01f7cee2b51,215.762,442.126
data-analyst-1785976528-2ed13fcd4a8b,215.811,533.425
deep-researcher-1785976528-5b9328fe8fff,215.850,429.840
wide-researcher-1785976528-7975b1ca82db,215.874,437.203
reviewer-1785976528-e14dff005fff,215.898,669.105
data-analyst-1785976448-ef85be36e0b0,215.940,215.941
data-analyst-1785976528-a66262a16737,215.953,674.628
deep-researcher-1785976528-4a070267e8ac,215.971,680.899
wide-researcher-1785976528-292bce8f7fb2,215.999,592.671
reviewer-1785976528-1de65396b95a,216.046,557.063
data-analyst-1785976528-6798d3e3669e,216.154,662.027
deep-researcher-1785976528-14bb32b5cc65,216.172,426.838
wide-researcher-1785976528-ef903a2e67ab,216.264,422.596
reviewer-1785976528-ee6730c424dc,216.308,673.884
data-analyst-1785976528-c6ecd4f167c1,216.348,545.542
deep-researcher-1785976528-46984f51c056,216.371,418.646
wide-researcher-1785976528-ac78cdeaff89,216.418,434.825
reviewer-1785976528-7fac23254379,216.435,670.341
data-analyst-1785976454-6764a4b80a96,216.478,305.408
data-analyst-1785976452-753aa59e7400,216.497,300.002
data-analyst-1785976528-a6c8e50e19c5,216.521,643.867
deep-researcher-1785976528-637f6b1d831e,216.559,649.435
wide-researcher-1785976528-5553d5814178,216.611,316.294
reviewer-1785976529-0728a4ebc188,216.670,556.980
data-analyst-1785976473-5ce9a7015708,216.703,216.704
data-analyst-1785976529-b3746d0d1214,216.712,472.987
deep-researcher-1785976529-380d21567f81,216.742,684.715
data-analyst-1785976475-0f072c4482ad,216.756,314.545
wide-researcher-1785976529-b313770d97f3,216.939,535.791
data-analyst-1785976474-b46f34617ce8,216.952,216.952
reviewer-1785976529-6d859272f8ab,216.965,677.817
data-analyst-1785976452-54911bf07375,216.969,216.969
data-analyst-1785976529-62f77e4d9724,216.996,644.255
deep-researcher-1785976529-14f8a37ef03c,217.079,683.183
wide-researcher-1785976529-a9ec35508a0f,217.104,554.587
reviewer-1785976529-65576ce12fef,217.183,663.409
data-analyst-1785976529-28a3ed8fafaf,217.222,657.169
deep-researcher-1785976529-da5d33499a4b,217.296,549.310
data-analyst-1785976480-99fe908823d0,217.311,217.311
wide-researcher-1785976529-55ae83049141,217.329,439.220
reviewer-1785976529-45aac0df88db,217.424,666.658
data-analyst-1785976529-feeee30f313c,217.474,544.408
data-analyst-1785976486-c6c35ec5cfe3,217.508,307.431
deep-researcher-1785976529-efd35168deb1,217.513,418.862
data-analyst-1785976447-046193ac797e,217.546,217.546
wide-researcher-1785976529-322ce6adb2e5,217.565,563.150
reviewer-1785976530-b876767a6325,217.671,554.906
data-analyst-1785976530-a379485e88b0,217.817,590.274
deep-researcher-1785976530-0bb83f0e9e36,217.863,670.023
wide-researcher-1785976530-70f0156d7e3e,217.880,438.561
reviewer-1785976530-48463b10e2bf,217.920,573.775
data-analyst-1785976530-680313ebafbf,217.954,546.020
deep-researcher-1785976530-c581555b732b,218.070,491.839
wide-researcher-1785976530-4b6c9a0b26eb,218.107,322.007
data-analyst-1785976455-86f86584ed3f,218.173,302.939
data-analyst-1785976450-d50438166985,218.186,218.187
reviewer-1785976530-8fa1c375a0a3,218.224,633.906
data-analyst-1785976530-4af8c640a1ca,218.435,683.992
deep-researcher-1785976530-3c1d922f22e9,218.453,649.970
wide-researcher-1785976530-e4664f682f14,218.480,421.212
reviewer-1785976530-24a7d5389c2d,218.497,668.816
data-analyst-1785976531-9c15c1909f51,218.583,678.471
deep-researcher-1785976531-f11d5cf88d86,218.600,419.950
wide-researcher-1785976531-4e2f748ee550,218.628,438.797
data-analyst-1785976464-cbc8078e7168,218.752,218.753
reviewer-1785976531-8227f05fcaff,218.788,681.072
data-analyst-1785976531-ed5fce4bed72,218.841,656.307
deep-researcher-1785976531-2918d15d7ead,218.902,676.400
wide-researcher-1785976531-7c0bf7cf6fd1,218.932,533.030
reviewer-1785976531-2aec49156f5c,218.980,660.617
data-analyst-1785976531-69bb937677fa,219.062,534.474
deep-researcher-1785976531-d770fc632f0a,219.196,331.780
data-analyst-1785976477-a3f5dbd3f05e,219.224,219.225
data-analyst-1785976482-7a238ae915e2,219.254,219.255
data-analyst-1785976471-55f020f6f72b,219.268,219.269
wide-researcher-1785976531-283015230885,219.288,422.957
data-analyst-1785976470-b20bce2e53e8,219.317,219.317
reviewer-1785976531-0bc16a905d3e,219.336,685.436
data-analyst-1785976531-64f68ff18827,219.389,659.832
deep-researcher-1785976531-123344032dd7,219.443,444.210
wide-researcher-1785976531-84fd36317589,219.461,624.255
data-analyst-1785976477-3adddb6be593,219.570,219.571
reviewer-1785976531-23d37331e51e,219.621,644.237
data-analyst-1785976531-4803ca08abcd,219.732,659.379
deep-researcher-1785976532-10ed3f18961a,219.749,427.611
wide-researcher-1785976532-fb8dc3e26c2a,219.949,544.220
reviewer-1785976532-d83907af38aa,219.995,648.968
data-analyst-1785976449-1c9fd60c873e,220.032,220.033
data-analyst-1785976532-e2a4af9fc0a7,220.046,674.214
deep-researcher-1785976532-4babc1c6f3e8,220.095,664.801
wide-researcher-1785976532-eee039ed1339,220.113,557.166
data-analyst-1785976478-5a7f0d871b95,220.201,220.202
reviewer-1785976532-338da2c607f0,220.300,675.203
data-analyst-1785976532-447798a5f3ba,220.347,662.274
deep-researcher-1785976532-7a7e6d0ad4d5,220.426,597.327
wide-researcher-1785976532-522a2e8645fe,220.459,669.300
data-analyst-1785976477-5ce278aa317c,220.487,220.488
reviewer-1785976532-5c18b893c781,220.493,666.161
data-analyst-1785976459-549c22d5011d,220.551,220.552
data-analyst-1785976532-56a7efa7c828,220.585,683.893
data-analyst-1785976467-8c4c1d2aae17,220.645,220.646
data-analyst-1785976456-b204a50d64e0,220.659,220.660
data-analyst-1785976480-8b29bc5f604a,220.672,220.673
data-analyst-1785976481-66b8dd792a29,220.687,220.688
deep-researcher-1785976532-5e6c68186d5c,220.692,351.336
wide-researcher-1785976533-c64cb9497c38,220.833,649.581
reviewer-1785976533-95857228aaf9,220.857,675.698
data-analyst-1785976533-1eda21795e70,220.901,560.278
data-analyst-1785976469-3c74c3121081,220.933,220.933
deep-researcher-1785976533-2c74c819b49a,220.942,370.935
data-analyst-1785976475-dbe893922cd6,220.952,220.953
wide-researcher-1785976533-62c75c8368a1,220.961,620.443
data-analyst-1785976474-9326cbe77af7,221.050,221.051
reviewer-1785976533-2ca2971b5f32,221.055,669.085
data-analyst-1785976471-2735a72a5fc0,221.067,221.068
data-analyst-1785976533-2c869ee6c1e4,221.095,649.786
deep-researcher-1785976533-ed4751534156,221.133,660.256
data-analyst-1785976484-0b65d034a603,221.161,304.111
data-analyst-1785976481-5926157fc62d,221.178,221.179
data-analyst-1785976488-1736e2cdc171,221.219,314.088
wide-researcher-1785976533-14c07e89cc54,221.253,423.444
data-analyst-1785976448-ff9cebcf9da1,221.253,221.253
reviewer-1785976533-9ea81dae1194,221.271,586.382
data-analyst-1785976533-49e37f76475b,221.454,662.174
deep-researcher-1785976533-6793a965efaa,221.506,550.856
wide-researcher-1785976533-c343d6f4ef22,221.558,672.724
reviewer-1785976533-bcefcb0713b6,221.607,638.807
data-analyst-1785976534-a71e1edc3337,221.650,594.130
data-analyst-1785976484-e5677474843b,221.763,221.764
deep-researcher-1785976534-ba9e0dd14357,221.810,396.989
wide-researcher-1785976534-36c400a41132,221.856,686.834
reviewer-1785976534-d08c9bf8c6b8,221.937,670.216
data-analyst-1785976475-1916d5268d00,221.950,221.950
data-analyst-1785976534-b66282c83efb,221.983,660.786
data-analyst-1785976459-20021b9daeb8,221.996,221.997
deep-researcher-1785976534-b99a9c688616,222.010,452.800
data-analyst-1785976444-2dd47875946b,222.027,222.028
data-analyst-1785976484-cbaff29acce9,222.071,222.071
wide-researcher-1785976534-4a8b27d10e06,222.080,434.898
reviewer-1785976534-99642e62c562,222.098,565.846
data-analyst-1785976534-94c26f4d5e1b,222.192,684.309
deep-researcher-1785976534-4a68158ec47d,222.310,448.966
wide-researcher-1785976534-2817ed08f181,222.343,670.938
reviewer-1785976534-20a086246dba,222.367,557.284
data-analyst-1785976455-9622573fbfeb,222.391,222.392
data-analyst-1785976534-9f6c7874eff4,222.415,443.106
data-analyst-1785976467-4054f05e939c,222.430,222.431
data-analyst-1785976463-3fb932209182,222.449,222.449
deep-researcher-1785976534-ccfb4673aa47,222.465,668.315
wide-researcher-1785976534-76509bbf1c56,222.523,564.577
reviewer-1785976534-b4daa7f8c0e9,222.557,668.410
data-analyst-1785976534-4da0f8920d27,222.614,586.694
data-analyst-1785976464-79e01309f3aa,222.627,222.627
deep-researcher-1785976535-18ebe3e79a5d,222.646,538.296
wide-researcher-1785976535-ede92955904a,222.719,551.773
data-analyst-1785976452-f08cc45f5f92,222.719,222.719
reviewer-1785976535-6d403c4d2b4e,222.756,663.146
data-analyst-1785976535-1944a675b4c7,222.796,543.993
data-analyst-1785976479-0fb7a655a672,222.835,222.836
deep-researcher-1785976535-db7257eeb211,222.923,469.252
wide-researcher-1785976535-7be9a8f38026,222.952,531.745
data-analyst-1785976483-93582a182e10,223.000,303.785
reviewer-1785976535-f782d9c7476e,223.019,670.555
data-analyst-1785976535-f46d5a4dfaa2,223.072,654.483
data-analyst-1785976489-fc34a36a0d24,223.086,316.313
deep-researcher-1785976535-c98f5b029195,223.120,417.949
data-analyst-1785976451-d7b0cda5fbe9,223.226,223.227
wide-researcher-1785976535-6e642bec2f42,223.293,418.674
reviewer-1785976535-0a9a27da60f6,223.330,640.888
data-analyst-1785976535-adceac230977,223.376,668.470
deep-researcher-1785976535-4c42508e39dd,223.428,656.682
wide-researcher-1785976535-830ee7c877a7,223.450,638.958
reviewer-1785976535-ac46876f22f7,223.468,639.101
data-analyst-1785976535-daab6741cc42,223.529,672.492
deep-researcher-1785976535-16721a104cbd,223.587,670.461
wide-researcher-1785976536-f254bfa949f9,223.609,659.862
reviewer-1785976536-606026846d48,223.628,595.234
data-analyst-1785976460-fdee9095f3f8,223.637,315.127
data-analyst-1785976457-e6da073075be,223.664,307.964
data-analyst-1785976536-64d8916e8bdc,223.697,676.732
deep-researcher-1785976536-beaada7545af,223.726,454.902
wide-researcher-1785976536-13ce7a50ae4e,223.815,557.436
reviewer-1785976536-a995ffa256a5,223.851,683.328
data-analyst-1785976536-28b676fe81a8,223.892,677.468
deep-researcher-1785976536-e85f9fae18ec,223.929,415.876
data-analyst-1785976485-e709861b4c97,223.942,223.942
wide-researcher-1785976536-d3805f33c6f5,223.976,578.769
data-analyst-1785976485-62b226583339,224.002,305.698
reviewer-1785976536-6ed14bf2f393,224.062,580.453
data-analyst-1785976536-a98e902be44b,224.092,661.457
deep-researcher-1785976536-50da4eb1ed5d,224.155,533.942
wide-researcher-1785976536-99032abc6578,224.234,554.064
data-analyst-1785976476-bdd231c785df,224.251,224.252
reviewer-1785976536-b1c7741635ff,224.269,688.376
data-analyst-1785976536-5d6233599702,224.308,659.569
data-analyst-1785976480-04f188a31bfb,224.391,224.392
deep-researcher-1785976536-5309c8ab7e24,224.465,669.201
wide-researcher-1785976536-4f78ca719303,224.526,641.167
reviewer-1785976536-d5f63f02e12b,224.613,682.373
data-analyst-1785976536-d657558513c9,224.751,548.769
data-analyst-1785976448-e4dfe38476eb,224.821,224.821
deep-researcher-1785976537-f3d9a19a5a6c,224.844,666.278
data-analyst-1785976476-cae6dd8839ec,224.853,224.853
data-analyst-1785976482-229922e46098,224.865,224.866
wide-researcher-1785976537-2e30971ad2d0,224.892,442.871
reviewer-1785976537-657d97ebbce4,224.946,555.482
data-analyst-1785976537-21d85d2610e4,224.992,666.309
deep-researcher-1785976537-f947c618b930,225.030,699.429
wide-researcher-1785976537-3a5ed4b345e3,225.049,439.531
reviewer-1785976537-ca5e91609f64,225.102,555.649
data-analyst-1785976537-ac6bbf3d732d,225.144,514.254
deep-researcher-1785976537-b0e532315324,225.236,680.136
data-analyst-1785976450-5e757d323ea8,225.289,313.281
data-analyst-1785976460-7e1c581e6e2e,225.302,225.302
data-analyst-1785976486-27bb349c2272,225.317,225.318
wide-researcher-1785976537-bd4a3a61608d,225.327,469.368
reviewer-1785976537-6363bed45764,225.377,549.880
data-analyst-1785976482-9b012a750314,225.482,225.483
data-analyst-1785976537-3e0b4b899d27,225.487,533.220
data-analyst-1785976477-9f3d2d34f8cc,225.515,225.515
deep-researcher-1785976537-a382c6658f3c,225.548,433.202
data-analyst-1785976438-0d1f8c8f435f,225.561,225.561
wide-researcher-1785976537-d5194df4a63f,225.600,558.864
reviewer-1785976537-d4390fe32126,225.637,537.902
data-analyst-1785976479-de2735bfd506,225.637,225.641
data-analyst-1785976538-71feb0753838,225.749,547.373
deep-researcher-1785976538-4aac3423ff4c,225.788,424.714
wide-researcher-1785976538-d8016509596b,225.947,659.876
reviewer-1785976538-799c81e7cc38,225.977,663.747
data-analyst-1785976538-4b51562a55f8,226.033,570.498
deep-researcher-1785976538-5ea145f96053,226.122,421.041
wide-researcher-1785976538-7d6e22c5c506,226.149,434.406
reviewer-1785976538-06186b0c2641,226.257,544.131
data-analyst-1785976538-ee9443e46ab7,226.340,661.546
deep-researcher-1785976538-c15374628186,226.461,475.909
wide-researcher-1785976538-1a68c5d6ac6b,226.479,550.696
data-analyst-1785976441-2424e610781b,226.479,226.483
reviewer-1785976538-bc558445090b,226.496,560.003
data-analyst-1785976538-8c5a95a4a81f,226.538,644.613
deep-researcher-1785976539-54115f59a1a2,226.557,677.021
data-analyst-1785976465-944700885dc7,226.597,226.598
wide-researcher-1785976539-87bb1b523080,226.631,385.875
reviewer-1785976539-baffbc11602f,226.649,635.198
data-analyst-1785976539-066509c36aa9,226.750,671.610
deep-researcher-1785976539-652d0bb5d673,226.838,677.140
wide-researcher-1785976539-822a9e7fb303,226.875,535.054
reviewer-1785976539-39bf3a78a84c,226.902,552.181
data-analyst-1785976539-625e6d4283a8,226.946,682.634
deep-researcher-1785976539-2cca572ca68f,226.975,424.846
wide-researcher-1785976539-bd4f7bc0996e,226.993,429.008
data-analyst-1785976448-ccf40e23c760,227.028,227.029
data-analyst-1785976454-635461f07aaf,227.057,227.057
reviewer-1785976539-e5b881725ff5,227.062,651.962
data-analyst-1785976539-a0bcf8dc4ff7,227.105,657.828
deep-researcher-1785976539-49767501545f,227.151,546.884
wide-researcher-1785976539-9005f91e98ff,227.172,657.662
data-analyst-1785976490-a492e80eec1b,227.199,305.024
data-analyst-1785976474-91a2ca0c53ae,227.293,309.655
data-analyst-1785976488-6464ecf6227c,227.312,315.987
reviewer-1785976539-9cb61fc5c294,227.455,643.802
data-analyst-1785976441-01171a2886e4,227.480,227.481
data-analyst-1785976539-2be26c9b91e7,227.509,648.117
deep-researcher-1785976539-f459870b9e19,227.541,447.848
data-analyst-1785976492-5c2f3a2ffc86,227.632,316.650
wide-researcher-1785976539-7974f9dc73fe,227.636,325.215
reviewer-1785976540-51fd62d2b569,227.655,651.308
data-analyst-1785976540-0de7db0280f6,227.696,678.071
deep-researcher-1785976540-bc98369359d1,227.767,441.597
wide-researcher-1785976540-222a8dee8bd7,227.860,584.443
data-analyst-1785976492-177dd0288102,227.889,316.914
data-analyst-1785976492-28c310574329,227.904,307.417
reviewer-1785976540-330bee2246e1,227.968,670.665
data-analyst-1785976540-26454b568024,228.022,649.468
data-analyst-1785976465-b50c7961d78e,228.032,228.033
deep-researcher-1785976540-fbbe16bca257,228.051,688.042
wide-researcher-1785976540-d775a5e4ee91,228.070,430.447
data-analyst-1785976484-4fbd257b73a2,228.102,228.103
reviewer-1785976540-b7aa2bb4dbc7,228.138,678.313
data-analyst-1785976540-5c67c89efef3,228.177,640.012
data-analyst-1785976465-a98dcafc3e93,228.187,228.189
deep-researcher-1785976540-1a89f64492c7,228.263,683.877
wide-researcher-1785976540-88090d2ecfc4,228.356,440.496
reviewer-1785976540-adb8ac8b4b62,228.395,663.650
data-analyst-1785976540-ced79fc7e819,228.448,684.614
deep-researcher-1785976540-6ceb5ea9b8ee,228.498,426.363
wide-researcher-1785976540-c27a762e6e88,228.581,437.101
reviewer-1785976540-e05df23935c4,228.613,681.112
data-analyst-1785976541-8aa21a83b4b6,228.671,545.076
data-analyst-1785976463-50d68312ddbc,228.764,426.474
data-analyst-1785976458-2e50fd3a3cfa,228.779,312.443
deep-researcher-1785976541-be9345c998ba,228.795,418.129
wide-researcher-1785976541-e332a8e3dab4,228.831,422.822
data-analyst-1785976485-af38050186c4,228.903,228.903
reviewer-1785976541-57c42a34bfc3,228.969,681.264
data-analyst-1785976475-264c1d43176a,228.988,228.989
data-analyst-1785976467-521441cd3c1d,229.003,229.004
data-analyst-1785976541-f7365006d7e5,229.012,551.276
deep-researcher-1785976541-e08debc18022,229.156,441.390
wide-researcher-1785976541-07c66e21ac22,229.215,418.191
reviewer-1785976541-82a303a6de5a,229.284,683.143
data-analyst-1785976486-18a835c14be9,229.343,310.007
data-analyst-1785976460-de6824406441,229.362,229.363
data-analyst-1785976541-4bec267881c6,229.377,457.797
deep-researcher-1785976541-74641c6cd9a1,229.405,591.042
wide-researcher-1785976541-8d9ee8b97a01,229.473,647.721
reviewer-1785976541-51b63dfc4912,229.491,556.776
data-analyst-1785976484-883f6dab430d,229.509,229.510
data-analyst-1785976541-f95332e79518,229.532,640.495
deep-researcher-1785976541-a3735a749461,229.562,322.302
wide-researcher-1785976542-a95a032a5607,229.579,537.136
reviewer-1785976542-1a2a1a9b0c79,229.643,658.021
data-analyst-1785976542-8f16c1bf85ce,229.674,642.795
deep-researcher-1785976542-b46e5dbcbecf,229.692,416.467
wide-researcher-1785976542-8245f2acd18e,229.899,428.960
reviewer-1785976542-d6cba3b16fb2,229.920,618.419
data-analyst-1785976487-2435e845808f,229.960,309.208
data-analyst-1785976486-3d9bfa774b9c,229.978,303.144
data-analyst-1785976487-37c2a341d916,229.994,312.486
data-analyst-1785976542-d8cb66fed72f,229.999,650.648
data-analyst-1785976474-7f4b98b8d1a8,230.016,230.016
deep-researcher-1785976542-ccf06c366162,230.025,435.863
data-analyst-1785976474-a53eda3caa75,230.062,230.063
wide-researcher-1785976542-a3f840becdd2,230.095,429.068
data-analyst-1785976469-2e5fa5e17f89,230.115,336.733
reviewer-1785976542-15f53c90fac1,230.125,649.227
data-analyst-1785976473-b8bbc893dadc,230.137,230.137
data-analyst-1785976542-ac1af0ddef85,230.171,680.085
deep-researcher-1785976542-6769e99d645d,230.198,423.464
data-analyst-1785976467-b8c01b48d892,230.239,230.240
data-analyst-1785976486-e052364f04d4,230.327,230.328
wide-researcher-1785976542-4940f8189e82,230.341,553.140
data-analyst-1785976462-cc815a7a1ae2,230.398,320.694
reviewer-1785976542-69d0dd51708e,230.483,649.291
data-analyst-1785976542-299a60e4de41,230.527,668.537
deep-researcher-1785976542-2958ce55e571,230.562,686.942
wide-researcher-1785976542-bd7375640448,230.624,423.480
reviewer-1785976543-1489d637a46a,230.652,654.813
data-analyst-1785976543-8a7422f135e1,230.696,639.614
deep-researcher-1785976543-310a805d9cf9,230.725,600.977
data-analyst-1785976461-67491000266e,230.773,230.774
data-analyst-1785976444-737c24274f8f,230.787,230.788
wide-researcher-1785976543-240b7720e790,230.797,680.705
reviewer-1785976543-1c2015c2f3c2,230.921,660.291
data-analyst-1785976462-fb13a1166168,230.979,230.979
data-analyst-1785976543-efcccdeee845,230.988,543.281
deep-researcher-1785976543-ae0048e2c015,231.007,439.991
wide-researcher-1785976543-3f2f15c5489b,231.075,555.194
data-analyst-1785976489-eb234f005f56,231.102,231.103
reviewer-1785976543-f0bfaf0bc985,231.154,658.628
data-analyst-1785976543-13ba62a0803e,231.196,685.591
deep-researcher-1785976543-04f609574366,231.388,557.298
wide-researcher-1785976543-cabcb88f334e,231.416,422.652
reviewer-1785976543-5290cf1ad976,231.447,689.050
data-analyst-1785976543-fcd7ed6a5ade,231.489,558.988
deep-researcher-1785976543-194d867f6f6a,231.605,538.630
wide-researcher-1785976543-4e7e7a45ca28,231.632,636.578
data-analyst-1785976486-dcdb7102a701,231.632,231.632
reviewer-1785976544-89899883f864,231.651,554.093
data-analyst-1785976544-f01d3779d397,231.693,557.196
data-analyst-1785976489-c24487feceea,231.747,231.748
deep-researcher-1785976544-8d94f6dbaecd,231.857,684.883
wide-researcher-1785976544-e4b5b0505c9e,231.993,513.619
reviewer-1785976544-a3546476ea0f,232.035,439.856
data-analyst-1785976544-d1555d3cf573,232.144,541.923
deep-researcher-1785976544-0cffe9bfa2f3,232.172,442.651
wide-researcher-1785976544-71aa36b7ba40,232.211,532.321
data-analyst-1785976489-abd4096cdbb4,232.267,232.267
reviewer-1785976544-7e5dad7da651,232.300,532.512
data-analyst-1785976544-cd70021f350c,232.436,666.357
deep-researcher-1785976544-c02502385462,232.557,466.688
wide-researcher-1785976544-d7bd6ba73278,232.595,661.205
reviewer-1785976544-6353538bcc0f,232.678,643.479
data-analyst-1785976545-d74c165adb70,232.901,547.215
deep-researcher-1785976545-b3fbdd7f4000,232.928,446.149
wide-researcher-1785976545-acf45a583aab,232.946,665.170
reviewer-1785976545-5179b63dd187,233.001,679.100
data-analyst-1785976465-b7bb750711da,233.009,390.349
data-analyst-1785976462-1ad1b2aa3575,233.022,304.067
data-analyst-1785976545-207291ce16c9,233.113,671.942
deep-researcher-1785976545-8c004f5dd90b,233.160,441.261
wide-researcher-1785976545-b45e34dfb011,233.205,425.943
data-analyst-1785976472-5a1957df07c0,233.323,233.324
reviewer-1785976545-e604517b275a,233.516,555.327
data-analyst-1785976545-69c6abab9873,233.558,678.039
data-analyst-1785976495-3d0ce9e7442e,233.599,320.748
deep-researcher-1785976545-e0f8b4b30732,233.644,532.811
wide-researcher-1785976545-f6b89965654b,233.692,418.481
data-analyst-1785976464-a011f91805c4,233.713,233.713
reviewer-1785976546-58ad4f2c4f22,233.722,656.646
data-analyst-1785976546-333ff9f55bbe,233.792,667.537
deep-researcher-1785976546-386b09f2f5f5,233.821,434.472
wide-researcher-1785976546-df78ce6f75ca,233.893,640.718
reviewer-1785976546-ca9b619f9c3c,233.952,539.422
data-analyst-1785976488-7b313dcf7d55,234.018,234.018
data-analyst-1785976546-a2f2445b33d4,234.026,442.402
deep-researcher-1785976546-c79262e903ab,234.055,535.615
data-analyst-1785976484-6e2e6c0022f4,234.081,234.081
wide-researcher-1785976546-271d4514a531,234.099,462.677
reviewer-1785976546-d7997cc38101,234.157,659.148
data-analyst-1785976450-0bfcd4896304,234.174,234.174
data-analyst-1785976546-1ad56abe5629,234.211,543.745
data-analyst-1785976464-230e29b61bc5,234.222,234.222
data-analyst-1785976487-12f36a2a3485,234.283,234.284
deep-researcher-1785976546-feb5101b49ae,234.456,675.904
wide-researcher-1785976546-5d969aa10569,234.476,431.238
reviewer-1785976546-d1aa67a46cdd,234.523,558.931
data-analyst-1785976445-add80c10f550,234.550,234.551
data-analyst-1785976495-08f802e12a90,234.601,307.209
data-analyst-1785976495-5c54d753786b,234.615,309.685
data-analyst-1785976495-fa4a9e6e123e,234.629,307.492
data-analyst-1785976546-0cc08407e44f,234.669,624.748
deep-researcher-1785976547-a6fa98953d2d,234.688,678.007
wide-researcher-1785976547-f12354cf38ef,234.716,648.214
data-analyst-1785976495-e565026569e0,234.823,308.730
data-analyst-1785976495-8bbc5a36908d,234.837,398.040
data-analyst-1785976495-08a907fde15b,234.850,305.006
reviewer-1785976547-3d0a0af126e5,234.863,665.551
data-analyst-1785976495-dc489002f45d,234.863,306.502
data-analyst-1785976547-60c8f276f8e9,235.023,655.126
deep-researcher-1785976547-09fef8852058,235.043,640.754
wide-researcher-1785976547-202955a0efe0,235.072,670.107
reviewer-1785976547-e59b74074109,235.153,660.208
data-analyst-1785976547-10b454f62477,235.207,542.503
deep-researcher-1785976547-8f4d260dfc0d,235.249,688.979
wide-researcher-1785976547-9e8459bec974,235.309,543.776
reviewer-1785976547-0f118b66910d,235.338,675.516
data-analyst-1785976462-d6a4aad419bb,235.395,312.720
data-analyst-1785976464-c21a8e775d3c,235.409,314.480
data-analyst-1785976547-2c2c0d7aa676,235.443,555.525
deep-researcher-1785976547-7764a1f38b83,235.471,427.049
wide-researcher-1785976547-44132498815a,235.527,343.985
data-analyst-1785976467-85c05796b945,235.558,235.559
reviewer-1785976547-abb258aef45d,235.578,687.068
data-analyst-1785976548-59b485bae1d1,235.683,648.796
deep-researcher-1785976548-cd937a5869c6,235.722,501.288
data-analyst-1785976496-a38b18ece5fb,235.772,338.406
data-analyst-1785976496-114b4845a290,235.785,320.978
wide-researcher-1785976548-9f6647f35e1f,235.861,676.796
reviewer-1785976548-080d99681233,235.906,658.612
data-analyst-1785976548-0e970f1ec448,235.958,685.896
deep-researcher-1785976548-d920f7f4ced2,235.978,671.469
wide-researcher-1785976548-d5488ef913ce,236.028,434.269
reviewer-1785976548-98347d9cb80d,236.174,560.146
data-analyst-1785976442-43e205f3a238,236.183,317.855
data-analyst-1785976548-8079853eaef8,236.335,688.958
deep-researcher-1785976548-5e93486cc84c,236.365,419.532
wide-researcher-1785976548-ecf1a5eed67c,236.384,662.715
reviewer-1785976548-2a7d9ca539bf,236.403,675.305
data-analyst-1785976490-b19900423788,236.471,308.450
data-analyst-1785976488-1b4a1c7feeac,236.492,236.493
data-analyst-1785976548-3730fd830983,236.510,687.649
deep-researcher-1785976548-a257df6ab90f,236.541,420.785
wide-researcher-1785976548-2bef98bbb4d7,236.560,536.781
data-analyst-1785976439-826b15a22fcb,236.626,236.626
reviewer-1785976548-532071e4b1fb,236.661,658.038
data-analyst-1785976549-79edae35306e,236.704,543.481
data-analyst-1785976487-dcc4b6a0fded,236.714,236.714
deep-researcher-1785976549-999150e6ef56,236.723,541.222
wide-researcher-1785976549-1359fc04d3b2,236.753,416.872
data-analyst-1785976489-5cd40b66d9a5,236.846,236.847
reviewer-1785976549-b04aa7877603,236.851,682.964
data-analyst-1785976549-e846ad47cfcc,236.913,653.865
deep-researcher-1785976549-1ab5e83d17ce,236.950,673.043
wide-researcher-1785976549-45ff2b647a98,236.982,685.355
reviewer-1785976549-f1ca3a9a8f4e,237.058,676.187
data-analyst-1785976549-0267e70c5484,237.162,678.913
deep-researcher-1785976549-1f03f7f1d3e3,237.196,422.527
wide-researcher-1785976549-d7e45374e72e,237.223,544.268
reviewer-1785976549-f8ab07d3c43b,237.246,635.684
data-analyst-1785976549-753d9ce47a44,237.375,551.858
deep-researcher-1785976549-341bccc39056,237.462,618.700
wide-researcher-1785976549-acd3a7ce140e,237.490,586.000
reviewer-1785976549-6533a2bc89f9,237.510,654.994
data-analyst-1785976467-65bf5dd88011,237.643,318.149
data-analyst-1785976549-c32cce7c26b4,237.698,637.086
deep-researcher-1785976550-189aed380c27,237.715,684.519
wide-researcher-1785976550-3f841017f569,237.745,554.339
reviewer-1785976550-c3674b8e98e5,237.814,675.466
data-analyst-1785976489-a6c9c34750b4,237.867,237.868
data-analyst-1785976478-2ff593be4827,237.880,237.881
data-analyst-1785976550-428f2aed033c,237.898,547.494
deep-researcher-1785976550-432aace6e1be,237.925,549.294
data-analyst-1785976497-36ee7a448612,238.019,309.579
wide-researcher-1785976550-5cf6f6748a10,238.024,428.377
reviewer-1785976550-3a4b2e15e386,238.051,678.331
data-analyst-1785976550-6860a4e741ed,238.157,650.259
deep-researcher-1785976550-751313ee5fc4,238.213,432.671
wide-researcher-1785976550-fcc3906d2008,238.264,461.724
reviewer-1785976550-150ec1a4bf08,238.380,636.887
data-analyst-1785976550-c5623f385eb4,238.460,557.543
data-analyst-1785976451-73560c4afed3,238.529,303.770
deep-researcher-1785976550-4470187982dd,238.542,422.670
wide-researcher-1785976550-d30d6f0dfb37,238.591,423.683
reviewer-1785976550-5c383fbce609,238.741,652.239
data-analyst-1785976551-52d460cc5220,238.773,669.239
deep-researcher-1785976551-503b7be74f36,238.885,555.843
wide-researcher-1785976551-6684e0673a91,238.945,668.755
reviewer-1785976551-f3dd93f79e62,238.984,647.201
data-analyst-1785976551-23b3b48938ce,239.025,543.018
deep-researcher-1785976551-493338b4040f,239.043,339.110
wide-researcher-1785976551-ba890bac327b,239.073,432.115
reviewer-1785976551-75d4c781d93d,239.156,648.930
data-analyst-1785976497-a4c293785548,239.201,308.763
data-analyst-1785976551-f65cecfbfac5,239.214,664.563
data-analyst-1785976497-fb8dab9be9b1,239.214,305.135
deep-researcher-1785976551-ecca2393712c,239.235,556.292
wide-researcher-1785976551-15cc07dbf835,239.263,361.736
reviewer-1785976551-63d913ca101c,239.325,570.100
data-analyst-1785976487-3d200bf1e023,239.399,239.399
data-analyst-1785976551-9e8605a08796,239.415,649.729
deep-researcher-1785976551-0d37a0e08a13,239.526,374.149
data-analyst-1785976478-94fd37050916,239.562,239.562
data-analyst-1785976489-31294e94fe38,239.614,239.614
data-analyst-1785976489-378b9faf3818,239.660,239.660
wide-researcher-1785976551-3b7c1fec13a9,239.675,561.109
data-analyst-1785976481-821472997f39,239.679,239.679
reviewer-1785976551-2d3bdfcc3576,239.739,660.750
data-analyst-1785976551-c56e4617b041,239.784,661.685
data-analyst-1785976495-76f6e747883e,239.816,303.622
deep-researcher-1785976552-915f019c643f,239.849,545.250
wide-researcher-1785976552-b2d1ab99a6a3,239.892,443.179
reviewer-1785976552-cd111281d3a3,239.911,688.812
data-analyst-1785976552-9dbac8e98230,240.099,658.718
deep-researcher-1785976552-ffe0fdae6435,240.156,678.717
wide-researcher-1785976552-4ccf0f0fba77,240.185,527.574
reviewer-1785976552-91bafca2521b,240.212,645.053
data-analyst-1785976552-764289e886e6,240.253,546.712
deep-researcher-1785976552-2a1d38e63a37,240.271,436.731
wide-researcher-1785976552-0e2517e62489,240.288,392.309
reviewer-1785976552-e153f91a7f8f,240.406,558.065
data-analyst-1785976552-676db279d2b8,240.457,653.358
deep-researcher-1785976552-f49e38ac8cd9,240.496,531.433
wide-researcher-1785976552-026922d9fc57,240.533,554.195
reviewer-1785976552-ff57510f6cb9,240.553,674.111
data-analyst-1785976553-04a760cabb0b,240.664,677.079
data-analyst-1785976468-c4353a16dfa2,240.695,311.637
deep-researcher-1785976553-337d4ab739ea,240.778,551.585
wide-researcher-1785976553-d5ba856aaa70,240.846,658.846
reviewer-1785976553-be6a98f498cb,240.903,648.182
data-analyst-1785976553-ed04835953b6,240.936,674.754
deep-researcher-1785976553-03ff5a22c3cb,241.038,682.835
wide-researcher-1785976553-df674d02262e,241.077,682.706
reviewer-1785976553-b94ba2059220,241.194,663.796
data-analyst-1785976553-f2f250f64a04,241.234,556.471
deep-researcher-1785976553-0a9f35d7871c,241.252,420.726
wide-researcher-1785976553-ccaaccbecc66,241.277,651.483
reviewer-1785976553-c50b20fe25ba,241.354,532.979
data-analyst-1785976485-1dd4617397b4,241.367,241.368
data-analyst-1785976553-f83a915afc1b,241.402,535.695
deep-researcher-1785976553-f40c48f07cd5,241.431,539.915
data-analyst-1785976476-327611e2b2dd,241.578,241.578
wide-researcher-1785976553-5e938e260569,241.607,536.640
reviewer-1785976553-3343e97ba2ef,241.675,665.877
data-analyst-1785976553-be94eb73f6fd,241.727,668.131
deep-researcher-1785976553-0daa720da1eb,241.787,399.588
data-analyst-1785976461-508351436d09,241.881,241.882
data-analyst-1785976462-961ee9b79092,241.909,241.910
wide-researcher-1785976554-cbdcedf71421,241.923,686.795
reviewer-1785976554-18101209e685,241.943,648.072
data-analyst-1785976458-a039e46540f5,241.961,241.962
data-analyst-1785976554-b2bc4c30356a,241.999,670.727
deep-researcher-1785976554-9dbe028a428f,242.016,514.129
wide-researcher-1785976554-43b042aec4a8,242.065,534.489
data-analyst-1785976492-b60622cbd139,242.169,242.170
reviewer-1785976554-f6facd76d0e2,242.179,689.439
data-analyst-1785976554-5a46d2d1dd90,242.219,546.055
deep-researcher-1785976554-3e722520edfa,242.252,508.890
wide-researcher-1785976554-2bb6a88cf96f,242.288,441.304
data-analyst-1785976498-6f37860fcdbb,242.289,317.313
reviewer-1785976554-3c1eafdb7877,242.338,636.648
data-analyst-1785976554-77a3220628ce,242.429,665.212
data-analyst-1785976486-bd1f3ead713c,242.444,242.444
deep-researcher-1785976554-37fe43fc8135,242.553,548.612
data-analyst-1785976498-0535fc3787fb,242.573,304.946
data-analyst-1785976486-afc9c27a6c15,242.610,242.610
wide-researcher-1785976554-2876504ead3c,242.705,427.647
reviewer-1785976554-105b0b6e7703,242.759,667.701
data-analyst-1785976554-5c635eaf675f,242.790,664.348
deep-researcher-1785976555-c4efa885e2f5,242.879,499.990
wide-researcher-1785976555-29455f6f0597,242.918,435.880
reviewer-1785976555-d1109dc71cf4,242.936,642.893
data-analyst-1785976555-086c1b205937,243.103,641.095
deep-researcher-1785976555-1eff327b982f,243.120,442.141
wide-researcher-1785976555-7851096a5354,243.191,424.566
reviewer-1785976555-b30d51f4c9c1,243.236,618.187
data-analyst-1785976555-6f3807f50638,243.311,676.685
data-analyst-1785976498-98ba5c65c633,243.319,310.585
data-analyst-1785976498-21b561123925,243.332,434.438
deep-researcher-1785976555-16dbc0b39038,243.439,455.114
wide-researcher-1785976555-21e4c3394a37,243.457,675.243
reviewer-1785976555-2553145c84b1,243.514,677.846
data-analyst-1785976555-fcfa4a85ca93,243.563,659.889
deep-researcher-1785976556-53bbd70ee801,243.613,437.824
wide-researcher-1785976556-57bd991aa4e3,243.674,593.955
data-analyst-1785976468-be6709a8d464,243.674,420.979
reviewer-1785976556-4467203c1b0d,243.703,689.120
data-analyst-1785976556-38ef858c8aa6,243.764,566.316
deep-researcher-1785976556-1f3db1efd3b5,243.939,354.728
data-analyst-1785976492-003f064c5c14,244.022,244.023
data-analyst-1785976490-ef4c63291a54,244.102,244.104
wide-researcher-1785976556-e9c9e50f4227,244.212,660.932
data-analyst-1785976450-95d8dbf6767f,244.246,244.247
reviewer-1785976556-f7e9406b5b2c,244.256,685.371
data-analyst-1785976482-98a8e49f9d89,244.279,309.166
data-analyst-1785976556-ea8a6255125a,244.288,545.120
deep-researcher-1785976556-24cba6c45935,244.305,685.627
wide-researcher-1785976556-36c802678a30,244.378,423.704
reviewer-1785976556-832d7c79dd9a,244.394,672.822
data-analyst-1785976556-8cafbf195c38,244.438,555.617
deep-researcher-1785976556-82a503f4d639,244.459,417.212
data-analyst-1785976488-5ed2a2511da2,244.498,244.499
wide-researcher-1785976556-cd316078fc57,244.578,539.958
reviewer-1785976556-f8dc373eb91c,244.614,656.041
data-analyst-1785976499-e0e1ee2d9d34,244.645,305.530
data-analyst-1785976499-45c98a2bf12e,244.659,319.957
data-analyst-1785976499-d0d868af9473,244.674,306.837
data-analyst-1785976557-8f2a375e995c,244.688,666.389
data-analyst-1785976489-bb0066d3c046,244.726,244.726
deep-researcher-1785976557-a6ba9fd55fa8,244.748,687.257
wide-researcher-1785976557-b6af328287c1,244.767,537.052
reviewer-1785976557-c0c5d15527d1,244.795,688.214
data-analyst-1785976557-580e19786f43,244.942,665.764
deep-researcher-1785976557-36d7f1fadb6a,244.971,687.321
wide-researcher-1785976557-259f3263d2c1,245.025,643.236
reviewer-1785976557-bae763ad0659,245.081,637.539
data-analyst-1785976478-7f4d8ea0cd3e,245.116,245.117
data-analyst-1785976557-962f89c703dd,245.188,681.346
deep-researcher-1785976557-92716e2bf865,245.304,691.120
wide-researcher-1785976557-abf34e1602f9,245.435,447.887
reviewer-1785976557-54e7f1a12846,245.452,687.169
data-analyst-1785976557-aac84ea04592,245.713,666.783
deep-researcher-1785976557-d61691076c60,245.770,435.743
wide-researcher-1785976558-85a00e063491,245.788,438.355
reviewer-1785976558-3ce80e237e5b,245.806,686.734
data-analyst-1785976558-d39ff8ead2e5,245.898,684.350
deep-researcher-1785976558-7fe7b4744a95,245.915,414.885
wide-researcher-1785976558-96b4b05ada21,245.943,554.532
reviewer-1785976558-9676109b8827,245.963,664.864
data-analyst-1785976465-e6b44b2c0abd,246.035,310.100
data-analyst-1785976459-48f7b3357581,246.050,420.771
data-analyst-1785976558-0c2cc3577634,246.085,675.419
deep-researcher-1785976558-f8cc375ec39d,246.140,655.936
wide-researcher-1785976558-b2406ff263b5,246.215,421.635
reviewer-1785976558-8370f0a1967b,246.258,676.542
data-analyst-1785976558-d230603eb3b2,246.307,678.234
data-analyst-1785976488-dcda2acab415,246.407,246.408
data-analyst-1785976500-2bb25eb0702a,246.423,430.677
deep-researcher-1785976558-4a920cd20a5e,246.456,636.382
data-analyst-1785976443-72d6c74e6c2e,246.522,307.067
wide-researcher-1785976558-3b89d656215b,246.596,673.370
data-analyst-1785976500-05cb416eb0b1,246.605,399.330
data-analyst-1785976497-6bebca5dd73d,246.641,308.914
data-analyst-1785976500-9db8dff03797,246.675,309.297
data-analyst-1785976500-681d66426c10,246.688,311.577
data-analyst-1785976500-37d74063ca6f,246.701,308.186
reviewer-1785976558-a7e532d47fbe,246.710,656.907
data-analyst-1785976490-41887f01d43d,246.737,304.589
data-analyst-1785976485-0418ac4e014f,246.851,246.852
data-analyst-1785976479-90abfe8931df,246.923,246.925
data-analyst-1785976558-88a124b444c8,246.958,679.932
deep-researcher-1785976559-a7f23339526f,246.975,554.799
wide-researcher-1785976559-81036a903c2d,247.082,462.771
data-analyst-1785976443-76c1526c9059,247.099,247.100
data-analyst-1785976484-57d78c558b47,247.216,247.217
reviewer-1785976559-c3b98df7f865,247.221,601.432
data-analyst-1785976559-d9598817842a,247.280,674.960
deep-researcher-1785976559-b4cc3553cb8f,247.298,527.082
wide-researcher-1785976559-72d85ce76a63,247.326,653.091
reviewer-1785976559-df3bae4c240e,247.398,674.787
data-analyst-1785976487-163f4e360a3d,247.441,247.442
data-analyst-1785976559-c069dde23d2e,247.463,692.522
deep-researcher-1785976559-8847d6805d73,247.484,673.205
wide-researcher-1785976559-29996145bf4b,247.590,534.410
reviewer-1785976559-1229cde3e1c4,247.652,677.804
data-analyst-1785976560-c8b28664422b,247.703,683.789
deep-researcher-1785976560-910793b4737e,247.729,479.098
wide-researcher-1785976560-23d6d7cb0ffb,247.761,539.175
reviewer-1785976560-36b4602a88b7,247.780,600.457
data-analyst-1785976560-bb479b6c4b21,247.821,537.490
deep-researcher-1785976560-d2e1871248db,247.862,678.857
data-analyst-1785976500-800a72da89da,247.948,315.303
wide-researcher-1785976560-ae88142f4a80,247.956,420.293
reviewer-1785976560-bfb86b843ded,247.974,643.817
data-analyst-1785976560-ab62bdd9eb74,248.050,618.557
data-analyst-1785976471-e93494a5a5db,248.078,306.383
deep-researcher-1785976560-5719add34646,248.107,437.437
data-analyst-1785976492-67a59b62e735,248.134,248.135
wide-researcher-1785976560-280468b5f692,248.211,541.052
reviewer-1785976560-b404cc7cb491,248.239,543.948
data-analyst-1785976451-be1fd0f5efe1,248.306,248.306
data-analyst-1785976560-7546cbd97cc8,248.462,637.556
deep-researcher-1785976560-43a4883f791a,248.489,663.104
data-analyst-1785976459-c8db8fad2178,248.556,248.557
wide-researcher-1785976560-48fa6dba91e2,248.596,415.477
data-analyst-1785976448-eea39ba195c9,248.716,248.717
reviewer-1785976560-6e95f54ede00,248.751,649.838
data-analyst-1785976561-8d75acc89c5d,248.792,663.390
deep-researcher-1785976561-a8107b1ac97a,248.809,554.971
wide-researcher-1785976561-8de5a0418b9e,248.830,422.429
data-analyst-1785976492-09ef20089bb9,248.899,248.900
reviewer-1785976561-d6f8a9a2a85a,248.900,670.774
data-analyst-1785976561-3439786e7050,248.974,654.136
deep-researcher-1785976561-8a0d72ef6575,248.993,439.934
wide-researcher-1785976561-d59211b39a76,249.102,439.822
reviewer-1785976561-bcc7c6b6c243,249.160,643.626
data-analyst-1785976561-4096438eb628,249.207,573.525
deep-researcher-1785976561-c144ba3c82b5,249.277,697.601
wide-researcher-1785976561-2bfc0f7e5865,249.307,442.006
reviewer-1785976561-84b7000597b1,249.374,667.743
data-analyst-1785976561-d00631d41c7e,249.488,652.107
data-analyst-1785976441-cc47ccd561c4,249.508,309.641
deep-researcher-1785976561-3b20c6bc183d,249.558,436.235
wide-researcher-1785976561-542bab6f4799,249.614,635.036
data-analyst-1785976494-d1ed7a706f2c,249.680,249.680
data-analyst-1785976445-64562d00acce,249.696,249.696
reviewer-1785976561-fb99d2148a1e,249.742,685.917
data-analyst-1785976562-0f33b3fd9505,249.772,644.711
deep-researcher-1785976562-0153c69700d8,249.841,549.262
wide-researcher-1785976562-6915ede304f8,249.883,423.877
reviewer-1785976562-e437c7c07dd6,249.965,649.986
data-analyst-1785976501-61af078e8caf,250.068,304.527
data-analyst-1785976501-8acf76b138ae,250.080,303.304
data-analyst-1785976489-392bad904e92,250.132,250.132
data-analyst-1785976457-32f347a196b8,250.230,250.231
data-analyst-1785976562-1c69f44e0f1c,250.254,659.226
deep-researcher-1785976562-9c087ff62a79,250.305,425.563
wide-researcher-1785976562-0cc6668140b7,250.334,534.786
data-analyst-1785976501-b0aad5c51229,250.411,308.049
reviewer-1785976562-4d009ba26d71,250.416,679.880
data-analyst-1785976501-d8ba428c5ab8,250.428,329.380
data-analyst-1785976562-b06d772fb940,250.447,654.446
deep-researcher-1785976562-3a4beba832ab,250.474,672.273
wide-researcher-1785976562-f8a7e760a9ab,250.496,409.191
reviewer-1785976562-1841d695d38c,250.653,617.472
data-analyst-1785976563-aeb0e0701f8f,250.690,685.235
deep-researcher-1785976563-1b47289ebb79,250.753,557.914
wide-researcher-1785976563-3de69fa94e59,250.783,423.531
reviewer-1785976563-203bead11b95,250.813,690.442
data-analyst-1785976456-6911870a8890,250.871,250.871
data-analyst-1785976563-bda0191a1a50,250.876,533.580
deep-researcher-1785976563-8abe610977d5,250.894,532.212
wide-researcher-1785976563-f4bf45bf3af5,250.912,594.925
reviewer-1785976563-eb1a6e44c03f,250.996,672.139
data-analyst-1785976442-b7fab9c807fd,251.014,251.015
data-analyst-1785976563-e77594d28de3,251.070,661.494
data-analyst-1785976501-473171d7bf4a,251.114,303.034
deep-researcher-1785976563-875ad7ca244c,251.115,423.933
data-analyst-1785976455-d423c5f87970,251.156,251.157
data-analyst-1785976501-a8cd788b55fd,251.202,304.664
wide-researcher-1785976563-ffac07d42331,251.229,537.201
reviewer-1785976563-7897b73bec15,251.248,665.097
data-analyst-1785976563-049c5eb76dc6,251.278,634.324
data-analyst-1785976481-4c0e6ebbb359,251.346,251.347
deep-researcher-1785976563-35edafe46e30,251.354,436.488
wide-researcher-1785976563-37c87d459bb1,251.395,688.344
reviewer-1785976563-096ff0d646e5,251.425,661.765
data-analyst-1785976563-b0d614e57be3,251.478,570.956
deep-researcher-1785976563-865be69734e0,251.495,438.079
data-analyst-1785976478-3cc413b53a54,251.542,251.543
wide-researcher-1785976563-d6b0dc21fe43,251.754,432.094
reviewer-1785976564-45740be56a0d,251.790,638.629
data-analyst-1785976498-0565ffc33b1d,251.913,302.922
data-analyst-1785976564-d0c8b1dbd121,251.940,545.013
deep-researcher-1785976564-d0c65c232af9,251.958,419.874
data-analyst-1785976498-a289098aa5dd,251.978,303.846
wide-researcher-1785976564-685a5148f309,251.997,365.606
reviewer-1785976564-2747e8002f6b,252.014,670.957
data-analyst-1785976564-2b345b7f2ed9,252.129,643.566
deep-researcher-1785976564-87e6fc5b7f16,252.161,555.421
wide-researcher-1785976564-845a5529c7b6,252.202,437.578
reviewer-1785976564-1a9e79667b19,252.263,671.713
data-analyst-1785976564-17615e8e1cd2,252.335,573.204
deep-researcher-1785976564-7b1ac66a40a0,252.414,419.888
wide-researcher-1785976564-7f6ced9b40db,252.490,422.544
reviewer-1785976564-4c077c4a735b,252.526,546.980
data-analyst-1785976564-20b8aaaabc61,252.639,681.094
deep-researcher-1785976564-8c146bf53513,252.717,469.916
wide-researcher-1785976565-2e1414af1fc8,252.747,680.298
reviewer-1785976565-1c51bd1c8c81,252.766,533.736
data-analyst-1785976565-13a3b0822672,252.796,616.334
deep-researcher-1785976565-1fb83e89ce69,252.823,545.898
data-analyst-1785976444-691df1a2d886,252.841,432.077
wide-researcher-1785976565-8f8240a17da9,252.907,661.237
reviewer-1785976565-61b3a57fd9e2,253.001,565.458
data-analyst-1785976565-dbba1145d547,253.267,549.812
deep-researcher-1785976565-4e6346898f2d,253.322,531.242
wide-researcher-1785976565-f96fdb3d26cb,253.353,495.465
data-analyst-1785976471-4a3763b46e5b,253.432,253.433
reviewer-1785976565-24ce25689574,253.441,671.365
data-analyst-1785976565-84a7d07182ad,253.475,650.665
deep-researcher-1785976565-4d98a3cc2b57,253.518,534.347
wide-researcher-1785976565-912db43d220b,253.538,593.560
data-analyst-1785976502-b53b263a6d40,253.543,322.982
data-analyst-1785976451-6f57de80b8f1,253.580,253.580
data-analyst-1785976470-b29cddcf6002,253.614,253.615
reviewer-1785976566-b09a7699451c,253.632,676.167
data-analyst-1785976566-4cece00c3f1f,253.689,555.663
deep-researcher-1785976566-8a7b66e6996b,253.719,676.923
wide-researcher-1785976566-5d813ec2ac41,253.784,423.567
reviewer-1785976566-e8c874ea9d1c,253.813,642.955
data-analyst-1785976566-c6db294a4243,253.853,658.509
deep-researcher-1785976566-b8a810ad1b69,253.902,425.026
data-analyst-1785976502-2f3f99f4375b,253.923,307.115
wide-researcher-1785976566-7339f696a38d,253.928,634.185
reviewer-1785976566-de0c36215fe6,253.995,656.574
data-analyst-1785976566-d841e1938475,254.035,678.370
deep-researcher-1785976566-40795fa942e2,254.138,560.249
data-analyst-1785976500-c76a0676012c,254.257,308.402
wide-researcher-1785976566-8383d1bf0e78,254.271,587.545
reviewer-1785976566-e06a71fb87f7,254.290,670.439
data-analyst-1785976566-7d450da60b5a,254.413,562.410
deep-researcher-1785976566-ca778edb8999,254.445,422.476
data-analyst-1785976497-6558d8b3c98d,254.473,254.474
data-analyst-1785976497-50ae21108da8,254.488,254.489
wide-researcher-1785976566-f1eb665e850c,254.518,623.871
data-analyst-1785976495-38388049e7e4,254.596,301.355
data-analyst-1785976488-782238f6a4fa,254.617,254.617
data-analyst-1785976486-8020f2bf6a0d,254.683,254.683
reviewer-1785976566-19cb6abcfc12,254.766,648.654
data-analyst-1785976478-00458dc85293,254.794,254.795
data-analyst-1785976566-0a16057cacb7,254.829,650.582
data-analyst-1785976478-40cbebb9c45c,254.844,254.844
deep-researcher-1785976567-70bcd8eb2205,254.869,456.959
wide-researcher-1785976567-4d8a20064474,254.937,435.560
reviewer-1785976567-fe2502df91d9,254.956,675.124
data-analyst-1785976567-2982f44ab255,254.990,673.605
deep-researcher-1785976567-120c86b0230b,255.034,427.291
wide-researcher-1785976567-ce92a6ff8294,255.052,533.377
reviewer-1785976567-430779c0aaf8,255.148,545.495
data-analyst-1785976567-91c073b9eed3,255.203,665.512
deep-researcher-1785976567-e6ed58b9e56c,255.243,534.706
wide-researcher-1785976567-043a46895a57,255.287,661.365
reviewer-1785976567-14a74fff0a53,255.336,680.782
data-analyst-1785976567-c5b4cc8c6357,255.437,655.700
deep-researcher-1785976567-5d637e705bcf,255.503,522.108
wide-researcher-1785976567-2fe225efc0af,255.548,435.759
data-analyst-1785976440-ba05dfb3a4f6,255.558,317.479
reviewer-1785976567-a263c353bcb8,255.608,546.681
data-analyst-1785976568-81d58a496764,255.652,570.742
deep-researcher-1785976568-6a2aa08d81a9,255.731,534.535
wide-researcher-1785976568-c059112a806b,255.782,428.886
reviewer-1785976568-a45585ca0902,255.801,598.616
data-analyst-1785976568-1f549385bff8,255.841,599.021
deep-researcher-1785976568-a380c7956592,255.878,637.031
data-analyst-1785976501-b23d583e9bb8,255.889,303.319
wide-researcher-1785976568-cbcb323cfd72,255.964,552.084
data-analyst-1785976484-8fcfa796a0b7,255.985,303.725
reviewer-1785976568-55609edfee33,256.040,673.156
data-analyst-1785976458-848cb0ce3ddf,256.234,256.235
data-analyst-1785976568-da113240ea02,256.279,662.827
deep-researcher-1785976568-1cc0e1324f73,256.298,435.098
wide-researcher-1785976568-11b424a1dbe8,256.337,638.261
reviewer-1785976568-7bfa98866e3d,256.387,680.996
data-analyst-1785976568-b133d1752907,256.447,589.468
data-analyst-1785976503-7f510b9c1efd,256.448,307.268
data-analyst-1785976503-54dd2d3c71b0,256.465,303.386
deep-researcher-1785976568-da912ee2947a,256.474,688.064
wide-researcher-1785976568-60ed9770f7a2,256.502,538.030
reviewer-1785976568-c5c9289686f9,256.548,645.852
data-analyst-1785976569-e63650834d9a,256.657,647.923
deep-researcher-1785976569-91701070c026,256.676,666.905
wide-researcher-1785976569-e61d735a3432,256.707,417.871
reviewer-1785976569-dbf42142102f,256.747,641.603
data-analyst-1785976569-166ab6c3afab,256.862,676.524
data-analyst-1785976503-1ec8643dc2a0,256.918,312.375
data-analyst-1785976503-e0b86ede2dc1,256.932,304.299
deep-researcher-1785976569-59390967956e,256.945,640.513
data-analyst-1785976492-63ddeff577df,256.969,256.969
wide-researcher-1785976569-5f73aab8bb15,257.022,677.862
reviewer-1785976569-c6c0ee5a65f2,257.057,649.196
data-analyst-1785976474-08cce4a2c09b,257.084,257.085
data-analyst-1785976503-859bfacf07ab,257.111,308.600
data-analyst-1785976569-d63b24a60a29,257.116,682.041
data-analyst-1785976503-8867491e3f97,257.128,313.113
deep-researcher-1785976569-877623818362,257.162,462.546
wide-researcher-1785976569-3d4749602fac,257.205,655.557
reviewer-1785976569-b1b679c3d189,257.292,552.400
data-analyst-1785976569-d3aaa1de73f6,257.323,649.212
deep-researcher-1785976569-ede7fbcd7307,257.360,681.426
wide-researcher-1785976569-7230bb837b38,257.391,425.352
reviewer-1785976569-a7838b381361,257.467,670.571
data-analyst-1785976484-ae06a5734d28,257.483,257.483
data-analyst-1785976569-b0eff6a1bcdc,257.563,667.052
deep-researcher-1785976569-d02bd35ebb44,257.632,448.171
data-analyst-1785976474-551791891197,257.642,257.643
wide-researcher-1785976569-6550e54cf3fc,257.797,553.639
reviewer-1785976570-1aa3c78e0244,257.841,643.037
data-analyst-1785976497-41af1b824ec2,257.871,257.871
data-analyst-1785976570-9b3e4391fc60,257.885,546.323
deep-researcher-1785976570-142e968acf6f,257.908,685.875
data-analyst-1785976503-23c55c039f66,257.949,314.017
wide-researcher-1785976570-7d0481039062,258.004,681.815
reviewer-1785976570-f252d118fb79,258.023,641.991
data-analyst-1785976570-f847e1a1b3f8,258.065,661.349
deep-researcher-1785976570-406a3f764fea,258.156,638.739
wide-researcher-1785976570-480a869e211b,258.173,396.240
reviewer-1785976570-c2aa024cec97,258.191,680.476
data-analyst-1785976477-ea7bfb1b0845,258.231,258.231
data-analyst-1785976570-b5606962f38e,258.244,692.504
deep-researcher-1785976570-2e4bb1ebe0b9,258.273,682.675
wide-researcher-1785976570-71f1b46fce22,258.311,681.763
reviewer-1785976570-1541b84725c4,258.414,666.210
data-analyst-1785976570-83c38110cec6,258.458,638.723
deep-researcher-1785976570-91a564154e32,258.532,666.325
wide-researcher-1785976570-bfea7063e113,258.588,568.913
reviewer-1785976570-41172b848b4d,258.635,662.411
data-analyst-1785976571-79959da9e02d,258.677,661.566
deep-researcher-1785976571-f2828adb10a4,258.789,637.623
wide-researcher-1785976571-6e175965c165,258.828,441.925
reviewer-1785976571-a8c1cda71747,258.984,657.532
data-analyst-1785976474-daee1cfb4a54,259.056,423.615
data-analyst-1785976500-7440fabb9f5e,259.165,259.166
data-analyst-1785976571-c2bc31c95970,259.299,557.646
deep-researcher-1785976571-3a18611de1c9,259.318,654.427
wide-researcher-1785976571-14274c974ef4,259.367,635.182
reviewer-1785976571-226eaefbb1b4,259.397,617.046
data-analyst-1785976571-aab418cb9f4e,259.476,650.735
deep-researcher-1785976571-9639e7822aae,259.515,688.019
wide-researcher-1785976571-cee7381925ad,259.533,501.664
reviewer-1785976571-b38df0ef539b,259.585,664.077
data-analyst-1785976572-e29a731e15de,259.675,536.544
deep-researcher-1785976572-598c32c126e9,259.718,538.799
wide-researcher-1785976572-98bddb66050a,259.760,477.578
reviewer-1785976572-ada51807922c,259.789,652.075
data-analyst-1785976572-3fc868a0da77,259.880,660.174
data-analyst-1785976465-306162f0f00b,259.907,259.908
deep-researcher-1785976572-b84c242e12d8,259.971,539.677
wide-researcher-1785976572-bbb9f776c958,260.031,419.027
reviewer-1785976572-12612ea94700,260.048,657.794
data-analyst-1785976477-fc9c96965ed4,260.074,260.074
data-analyst-1785976572-36572a7a6954,260.088,666.824
deep-researcher-1785976572-8c67a21f3cc3,260.132,543.607
wide-researcher-1785976572-1a2129bfbcc7,260.159,637.749
reviewer-1785976572-c684e464baab,260.193,657.598
data-analyst-1785976572-40e1cde81ba5,260.322,663.163
data-analyst-1785976504-3cc8ed8f70c6,260.370,306.310
deep-researcher-1785976572-62486fcb14ea,260.375,435.127
data-analyst-1785976504-34e63f6a3ff1,260.388,307.795
wide-researcher-1785976572-bd0db8982d52,260.452,570.756
reviewer-1785976572-efe7c33605d2,260.484,642.659
data-analyst-1785976498-21d9d40c7af8,260.639,260.640
data-analyst-1785976572-75433ddc064f,260.680,662.676
data-analyst-1785976447-6d775247ce1e,260.807,260.807
deep-researcher-1785976572-16878412e979,260.825,662.330
wide-researcher-1785976573-450545f26cea,260.860,546.220
reviewer-1785976573-735f0693bf32,260.915,680.270
data-analyst-1785976448-b5f138b6ad01,260.955,260.955
data-analyst-1785976573-d1f9858731c2,260.998,593.342
deep-researcher-1785976573-980756872038,261.028,439.898
wide-researcher-1785976573-3b22df4c91a7,261.047,549.039
reviewer-1785976573-dea964bae60f,261.084,650.164
data-analyst-1785976573-e091d6ceca55,261.181,643.492
data-analyst-1785976501-f24f62e33222,261.185,309.051
data-analyst-1785976482-bf2bc02717a4,261.204,261.205
deep-researcher-1785976573-ff25a2e3f912,261.209,666.699
data-analyst-1785976448-de218a675fab,261.223,261.224
data-analyst-1785976496-ead7c6224de3,261.241,261.242
wide-researcher-1785976573-c77f4afc2a35,261.261,577.416
reviewer-1785976573-5529152ba901,261.315,582.552
data-analyst-1785976573-7299094bf6ec,261.387,635.586
deep-researcher-1785976573-a6323ff91d7b,261.448,430.106
wide-researcher-1785976573-746b08af6b70,261.483,513.308
reviewer-1785976573-5b2373223015,261.554,685.100
data-analyst-1785976500-473ce05b093d,261.562,261.562
data-analyst-1785976573-18fa396e1fdb,261.646,647.315
deep-researcher-1785976574-ba4652919bb3,261.705,547.315
wide-researcher-1785976574-f4e48c5d7f81,261.882,490.234
reviewer-1785976574-3eed6516fe47,261.923,582.981
data-analyst-1785976574-c6d082090cb8,261.967,651.680
deep-researcher-1785976574-1027abe71f52,261.995,424.515
wide-researcher-1785976574-144886b0c613,262.017,545.592
reviewer-1785976574-1ad8d4adafc9,262.336,674.706
data-analyst-1785976574-de58c47ee1a4,262.378,645.084
deep-researcher-1785976574-c9a68b52ef8b,262.400,689.537
wide-researcher-1785976574-65d897ded025,262.442,540.197
reviewer-1785976574-f9eeb691b5b2,262.511,590.166
data-analyst-1785976574-aa15f351224f,262.571,538.564
deep-researcher-1785976574-9b9abed03019,262.601,543.514
wide-researcher-1785976575-21d7f719c6e5,262.694,680.842
data-analyst-1785976467-7cc6da2e20a3,262.707,303.412
reviewer-1785976575-43492906cf14,262.726,659.109
data-analyst-1785976575-b9566cadb26c,262.785,668.520
data-analyst-1785976501-8f8072e2b1d1,262.800,262.800
deep-researcher-1785976575-b066298b5c14,262.818,427.507
wide-researcher-1785976575-535d34c94475,262.836,641.960
reviewer-1785976575-2bbfd7e4c2f9,262.970,673.801
data-analyst-1785976575-4e45e763f842,263.031,662.491
deep-researcher-1785976575-b3b5ae75fbaa,263.069,586.426
wide-researcher-1785976575-5dd9ae2cf033,263.161,651.499
reviewer-1785976575-a431d2e20fe7,263.192,682.907
data-analyst-1785976460-859aac920490,263.201,428.118
data-analyst-1785976575-f4dfe17cf2f4,263.346,553.937
deep-researcher-1785976575-c13158daa016,263.393,645.801
wide-researcher-1785976575-f75405f84ab8,263.504,682.249
reviewer-1785976575-b94b6fed2c91,263.523,672.922
data-analyst-1785976575-3a2cdf6e5cf1,263.842,544.568
deep-researcher-1785976575-2d38fc070b44,263.888,437.404
wide-researcher-1785976576-efd23ffe1865,263.949,643.734
data-analyst-1785976482-9d9d89502f58,263.998,263.999
reviewer-1785976576-11d79e77bcdc,264.012,657.149
data-analyst-1785976498-7912e099af98,264.012,264.016
data-analyst-1785976576-1a30e6ec0428,264.126,669.719
data-analyst-1785976502-aa13c2b0d284,264.172,300.829
deep-researcher-1785976576-74349988a95e,264.199,539.452
wide-researcher-1785976576-cb88cec61353,264.248,538.954
reviewer-1785976576-69581ff13a03,264.285,667.785
data-analyst-1785976576-02afdd15ccb8,264.326,675.434
deep-researcher-1785976576-658ea716bdbf,264.344,681.908
wide-researcher-1785976576-8fde494de048,264.362,506.102
reviewer-1785976576-23f19ac57c14,264.444,689.237
data-analyst-1785976576-9cb567968c19,264.494,687.453
deep-researcher-1785976576-37849bd4b4a8,264.582,533.394
wide-researcher-1785976576-d8d66968e2d7,264.666,667.387
data-analyst-1785976482-97f4eeb0848d,264.693,264.693
reviewer-1785976577-f3fc2cf346c4,264.707,688.683
data-analyst-1785976577-a42c56f39a81,264.815,683.344
data-analyst-1785976503-df5fc7a5d3dd,264.873,319.406
deep-researcher-1785976577-d513fe261eb8,264.938,684.217
wide-researcher-1785976577-627d0a4a9f33,264.988,666.865
reviewer-1785976577-9ebb731a24a5,265.029,639.218
data-analyst-1785976577-cfad87868747,265.141,668.252
deep-researcher-1785976577-60f11f338bb7,265.168,549.623
wide-researcher-1785976577-24cd4f1830b1,265.351,550.541
reviewer-1785976577-dad2752c26dd,265.401,644.916
data-analyst-1785976577-e4a20674ff02,265.450,678.352
deep-researcher-1785976577-3b567df5890a,265.527,428.390
wide-researcher-1785976577-ac624b47d848,265.713,535.101
reviewer-1785976577-0474bde71fb2,265.750,661.189
data-analyst-1785976578-4a807386b127,265.801,532.749
deep-researcher-1785976578-ec7438265879,265.839,523.728
wide-researcher-1785976578-44df6fe57cfc,265.858,426.000
reviewer-1785976578-e25881e27897,265.877,643.925
data-analyst-1785976471-bf2cdbdb99be,265.889,303.710
data-analyst-1785976578-685fecf2d71d,265.967,666.949
deep-researcher-1785976578-2ad3199c54a3,266.008,547.115
wide-researcher-1785976578-78caa9fc614e,266.046,674.459
reviewer-1785976578-c6b47632d328,266.090,650.716
data-analyst-1785976506-49bf7598da37,266.135,318.084
data-analyst-1785976578-52b9e93adbb7,266.178,667.927
deep-researcher-1785976578-54dc82b3d223,266.222,679.251
data-analyst-1785976497-55069609cb9d,266.368,308.232
wide-researcher-1785976578-de4e5c03b3ee,266.421,686.253
reviewer-1785976578-d0b5ea593dbf,266.450,647.186
data-analyst-1785976578-8c8238684b37,266.499,561.141
deep-researcher-1785976578-36c409691466,266.531,698.296
wide-researcher-1785976578-a00ca1872f69,266.551,533.861
reviewer-1785976579-d22a26f47369,266.643,667.221
data-analyst-1785976579-7a90f5c33199,266.873,682.288
deep-researcher-1785976579-aa33f3055f71,266.908,436.437
wide-researcher-1785976579-2a4f6fca7852,266.973,658.702
reviewer-1785976579-9bbb891f6a19,267.023,679.269
data-analyst-1785976579-4cb0f9ca9636,267.057,681.604
deep-researcher-1785976579-a6521c400376,267.139,676.006
wide-researcher-1785976579-deea8b2def6d,267.193,533.472
reviewer-1785976579-48be016b320f,267.251,591.420
data-analyst-1785976579-1a599d5d688e,267.313,540.927
data-analyst-1785976488-a7bbf0e38605,267.331,267.332
deep-researcher-1785976579-0ab1c89af536,267.340,508.604
wide-researcher-1785976579-3976ac0a7870,267.379,676.590
reviewer-1785976579-364511dcfb7c,267.401,598.601
data-analyst-1785976579-37d2eae81a20,267.481,685.126
deep-researcher-1785976579-f1a12ee927c9,267.509,560.444
wide-researcher-1785976579-31e63277e190,267.527,429.562
reviewer-1785976579-f2ad99a3f74f,267.566,666.064
data-analyst-1785976580-253c5f0cf272,267.607,655.222
deep-researcher-1785976580-977ce39856cb,267.734,555.767
wide-researcher-1785976580-062c95c0c85a,267.752,419.805
reviewer-1785976580-f1a06bdcfa62,267.793,698.236
data-analyst-1785976580-763a58cdcebd,267.845,546.037
deep-researcher-1785976580-6bf305d81fe1,267.928,691.827
wide-researcher-1785976580-c583827e2f7d,267.972,545.044
reviewer-1785976580-40196a76e4e2,268.013,617.224
data-analyst-1785976580-11af37370dd5,268.057,676.859
data-analyst-1785976458-83d50a5ae511,268.113,268.113
deep-researcher-1785976580-e4c709d6a0fe,268.160,675.751
data-analyst-1785976502-19654b8b2752,268.220,268.221
data-analyst-1785976506-0817d0c52118,268.299,309.483
data-analyst-1785976506-930e75f32c80,268.314,304.897
data-analyst-1785976506-99f3793fbf1b,268.329,307.605
wide-researcher-1785976580-5ceac114c003,268.375,651.632
reviewer-1785976580-2f4e06ca4af4,268.395,697.491
data-analyst-1785976444-8b94f52513b2,268.430,268.431
data-analyst-1785976580-77c9b48bf508,268.439,674.475
deep-researcher-1785976580-93d24bae9c21,268.487,573.859
wide-researcher-1785976580-086c2adaee2a,268.533,688.520
reviewer-1785976580-958c0bb5e962,268.551,691.557
data-analyst-1785976581-1706934fe445,268.649,585.457
deep-researcher-1785976581-bcb44200f5ef,268.707,666.722
wide-researcher-1785976581-2543579b867a,268.736,685.644
reviewer-1785976581-512929458d99,268.776,637.964
data-analyst-1785976581-9d651d9eceb1,268.820,538.907
deep-researcher-1785976581-44e2d01d801a,268.894,682.509
wide-researcher-1785976581-7918781ac998,268.915,688.763
reviewer-1785976581-54e64e8b0127,268.998,663.634
data-analyst-1785976581-14e8a6adc9eb,269.070,686.446
deep-researcher-1785976581-d465122661a4,269.189,682.163
wide-researcher-1785976581-89b6d5eeaff9,269.233,663.459
reviewer-1785976581-47ea28719e89,269.254,667.866
data-analyst-1785976581-8e394c3a1a3e,269.299,662.659
deep-researcher-1785976581-2cce7dcc6b49,269.354,553.180
wide-researcher-1785976581-c52b83c2d2d4,269.384,426.525
reviewer-1785976581-678ffd6e0448,269.471,670.697
data-analyst-1785976581-ec72ef0e05ce,269.511,680.588
deep-researcher-1785976581-01ed4f91878c,269.534,541.313
wide-researcher-1785976581-452397fe882d,269.573,451.645
reviewer-1785976582-c7e7c1616ce7,269.663,653.596
data-analyst-1785976477-a1054efa732d,269.762,423.075
data-analyst-1785976473-e246faabdb15,269.776,315.583
data-analyst-1785976441-510558c1b44b,269.790,308.337
data-analyst-1785976442-97e92a92db3f,269.805,302.487
data-analyst-1785976582-b284e72e97cc,269.903,687.667
data-analyst-1785976490-f2f4195d8a7e,269.947,269.947
deep-researcher-1785976582-fb45d3af0be2,269.961,532.291
wide-researcher-1785976582-0ab40cd8b0f7,269.987,430.628
data-analyst-1785976451-e551414e25b2,270.030,270.031
reviewer-1785976582-d438f1b43f35,270.072,638.857
data-analyst-1785976482-4dee51c6a9bc,270.149,270.149
data-analyst-1785976478-30b459caff3c,270.162,270.163
data-analyst-1785976582-00ef3a464067,270.167,552.555
deep-researcher-1785976582-5deb79a2ac61,270.221,687.974
wide-researcher-1785976582-e54578ab0726,270.249,533.300
reviewer-1785976582-0fd04085e76b,270.278,658.578
data-analyst-1785976582-f010ddcffcb3,270.331,684.435
data-analyst-1785976501-e053c9158f2c,270.356,270.357
deep-researcher-1785976582-76e1547ee7c5,270.370,439.280
data-analyst-1785976500-8e8af5ec6d1a,270.389,270.390
wide-researcher-1785976582-528715a61c1e,270.407,643.123
reviewer-1785976582-91ff8fc437d5,270.426,661.951
data-analyst-1785976582-1e5f1c390934,270.522,673.013
deep-researcher-1785976582-33c5fd1b29de,270.579,468.661
wide-researcher-1785976582-b7c4cbabef16,270.707,628.575
reviewer-1785976583-a6eb17f986e3,270.742,689.882
data-analyst-1785976439-823abca81686,270.773,270.774
data-analyst-1785976583-b97c15eba7c5,270.827,538.548
deep-researcher-1785976583-9788fb0c38e7,270.865,429.448
wide-researcher-1785976583-69cf70c9e28a,270.895,549.748
reviewer-1785976583-f74b66c30bcb,270.953,619.644
data-analyst-1785976502-af8c18607129,270.953,270.958
data-analyst-1785976583-a01cff358701,270.997,678.815
deep-researcher-1785976583-4ea96cb9f026,271.042,671.510
wide-researcher-1785976583-ade676c31f34,271.202,422.266
data-analyst-1785976489-b3faac8fff66,271.385,271.385
reviewer-1785976583-6f906ccba85c,271.399,654.120
data-analyst-1785976583-4d4a8584a571,271.442,663.947
deep-researcher-1785976583-015649f94003,271.472,517.610
wide-researcher-1785976583-7508bf7f72c6,271.503,652.294
reviewer-1785976583-7bd53e13e9e7,271.548,559.577
data-analyst-1785976584-d8f75a394e3d,271.686,682.145
deep-researcher-1785976584-cbec79f33b95,271.763,678.393
wide-researcher-1785976584-f545a08cf331,271.796,637.589
data-analyst-1785976494-06be040e6763,271.839,271.840
reviewer-1785976584-209516d350f5,271.874,675.388
data-analyst-1785976584-b9ccd729a223,271.929,658.878
deep-researcher-1785976584-0f7e7e1eb43e,271.947,697.546
wide-researcher-1785976584-4f8ada1cd408,272.018,649.506
data-analyst-1785976478-ab82bc3fdc95,272.077,272.078
data-analyst-1785976498-10bf1a8a5592,272.134,301.886
data-analyst-1785976441-93db5a44719a,272.153,272.154
reviewer-1785976584-964f6344ad19,272.266,677.683
data-analyst-1785976584-8f58afdf69b8,272.336,642.988
deep-researcher-1785976584-02075ed72a92,272.375,676.208
wide-researcher-1785976584-1f1323d941d7,272.413,679.800
reviewer-1785976584-db07c6fc22a5,272.474,658.560
data-analyst-1785976502-74ef6df92278,272.479,303.192
data-analyst-1785976502-3435d97e17b3,272.498,301.405
data-analyst-1785976584-0a4ea3c2b0cd,272.517,514.269
data-analyst-1785976486-2b1eee8ae5c8,272.521,301.236
deep-researcher-1785976584-98b03a6b7697,272.544,557.754
data-analyst-1785976502-5383a6220b29,272.569,272.570
wide-researcher-1785976584-77d1dd9c3c1e,272.699,540.449
reviewer-1785976585-1ce1b98aa5ca,272.719,669.623
data-analyst-1785976507-fcf9d5ba520f,272.833,318.312
data-analyst-1785976507-d0a3a9aba205,272.848,305.940
data-analyst-1785976507-22daa27a917a,272.861,307.372
data-analyst-1785976585-5abf7b7a1b96,272.908,539.300
deep-researcher-1785976585-6d63ac5e4e8a,272.978,556.679
wide-researcher-1785976585-05949dcc6bd0,273.015,425.479
reviewer-1785976585-565311fab9bf,273.061,641.546
data-analyst-1785976585-171b4068643f,273.101,671.751
deep-researcher-1785976585-31071f47e7cc,273.191,425.338
wide-researcher-1785976585-ff9f51c5fcfa,273.239,534.271
reviewer-1785976585-720bab4b752c,273.270,639.158
data-analyst-1785976472-1d6c25b1a808,273.319,300.454
data-analyst-1785976585-7a0ec3072ae0,273.382,582.590
deep-researcher-1785976585-7e3c8b256a19,273.402,548.864
wide-researcher-1785976585-8fff848e2022,273.431,546.759
reviewer-1785976585-3e7a415d2c5e,273.450,657.420
data-analyst-1785976585-e98d729ec2b8,273.725,640.701
deep-researcher-1785976585-ef77d686939b,273.761,649.856
wide-researcher-1785976585-5ce0711a7bbf,273.778,542.761
reviewer-1785976586-8c0ea77fccc7,273.827,673.028
data-analyst-1785976478-a66909da51ea,273.912,307.163
data-analyst-1785976586-f5c05d3b6dc0,273.935,641.186
data-analyst-1785976475-2ad1a475f67b,273.944,308.964
data-analyst-1785976449-0bdce229f2b6,273.957,310.358
deep-researcher-1785976586-b1a242359c3e,273.989,697.959
data-analyst-1785976495-1833c8b8f048,274.073,303.431
wide-researcher-1785976586-f3fd7da7ff0c,274.210,566.256
reviewer-1785976586-041bf587bdd7,274.230,679.832
data-analyst-1785976494-ae1f044fc766,274.390,304.483
data-analyst-1785976586-5a8ad7ba899f,274.427,681.657
deep-researcher-1785976586-89f717ec8c1d,274.497,679.164
wide-researcher-1785976586-3be44859ff04,274.580,534.520
reviewer-1785976586-5dd43c5db0e5,274.690,577.314
data-analyst-1785976586-6b15f797a939,274.752,677.364
deep-researcher-1785976587-06ef06591a43,274.790,519.658
wide-researcher-1785976587-20c0aa1009d2,274.818,436.933
data-analyst-1785976498-7c3feae321b1,274.829,274.830
reviewer-1785976587-d255a84aba21,274.912,664.643
data-analyst-1785976508-8dc269be1898,274.935,303.205
data-analyst-1785976508-2815cd9b1c00,274.948,303.802
data-analyst-1785976587-30d78120448a,274.969,681.378
deep-researcher-1785976587-289ec5dc8006,275.044,654.391
wide-researcher-1785976587-85eb2a0ff244,275.084,435.911
reviewer-1785976587-6b57b39ddfc7,275.115,635.779
data-analyst-1785976587-7d1f65aa7521,275.192,580.340
deep-researcher-1785976587-1cff561a4c16,275.224,432.864
wide-researcher-1785976587-87e44ab1ba66,275.271,555.634
reviewer-1785976587-1debdfd852ef,275.289,657.860
data-analyst-1785976587-06d76937c65b,275.341,646.387
deep-researcher-1785976587-9df2b0f9e688,275.387,675.224
data-analyst-1785976464-a24566028453,275.399,275.400
wide-researcher-1785976587-58ea4a11834c,275.480,471.723
reviewer-1785976587-a5e9c88882e7,275.611,673.902
data-analyst-1785976587-6ac6fa86e1f4,275.745,656.520
deep-researcher-1785976587-0b3d2f46fd66,275.764,442.681
wide-researcher-1785976588-6944f62b6613,275.941,439.103
reviewer-1785976588-4c554db1cd58,275.999,611.163
data-analyst-1785976588-d9d9ead8bf17,276.078,554.602
deep-researcher-1785976588-8a0c31e59b86,276.106,417.733
data-analyst-1785976469-ff3ec83a6985,276.181,276.181
wide-researcher-1785976588-9bf34a472d56,276.203,669.889
reviewer-1785976588-8c58281b264a,276.257,658.644
data-analyst-1785976588-6648a3592dce,276.301,646.406
deep-researcher-1785976588-cc1e5ce0afab,276.402,665.334
wide-researcher-1785976588-89367e44f5c8,276.432,429.762
reviewer-1785976588-d4bd3f748e4f,276.475,688.828
data-analyst-1785976508-2308e116c6b1,276.534,303.952
data-analyst-1785976588-4b64184c6315,276.547,663.980
data-analyst-1785976508-a23c2dfc763c,276.547,415.548
deep-researcher-1785976588-60c9e33b0c71,276.624,661.300
data-analyst-1785976501-b5ba937c0d7e,276.739,317.251
wide-researcher-1785976588-403d08aa0351,276.785,653.223
reviewer-1785976589-2f2084920987,276.815,601.035
data-analyst-1785976589-f88463e99071,276.857,546.280
deep-researcher-1785976589-c59a421ca057,276.902,552.483
wide-researcher-1785976589-70fcbee9635f,277.004,561.797
reviewer-1785976589-0d29d959e18e,277.060,653.167
data-analyst-1785976508-99b590e7e09e,277.068,305.718
data-analyst-1785976508-0482a8a6a8dc,277.081,327.387
data-analyst-1785976589-cbb052942f14,277.135,558.575
deep-researcher-1785976589-b7d9de4e7676,277.250,553.306
wide-researcher-1785976589-08b55a538356,277.280,489.174
reviewer-1785976589-4c6aea6b7490,277.454,619.612
data-analyst-1785976589-993e43206dd8,277.514,692.451
deep-researcher-1785976589-92936a13a527,277.579,692.259
wide-researcher-1785976589-b3a60f0e4f98,277.597,423.949
reviewer-1785976590-93f521ca15b7,277.615,643.751
data-analyst-1785976590-0fa74797c59b,277.725,688.565
deep-researcher-1785976590-6f5fdb4d6dfb,277.768,432.379
wide-researcher-1785976590-f0f4c718945d,277.811,434.201
reviewer-1785976590-a42c68f071bf,277.925,681.527
data-analyst-1785976590-210f92269470,277.976,676.344
deep-researcher-1785976590-c051a385c8e1,277.992,671.693
wide-researcher-1785976590-a1154bfef098,278.071,459.219
reviewer-1785976590-61e3cc500f63,278.139,682.984
data-analyst-1785976590-e8a3cd909cb2,278.247,680.683
data-analyst-1785976479-a38415ed03d1,278.304,314.761
deep-researcher-1785976590-4f2572fc8275,278.317,672.901
wide-researcher-1785976590-8a5a7ae312c8,278.344,664.061
reviewer-1785976590-452cd84f1cab,278.404,575.089
data-analyst-1785976590-4fd039abd676,278.456,657.915
data-analyst-1785976504-93912abacb3f,278.497,303.907
deep-researcher-1785976590-1406a8c70123,278.505,552.766
wide-researcher-1785976590-ad42edc0272a,278.574,537.854
reviewer-1785976590-98369a99b10d,278.592,677.488
data-analyst-1785976509-bce01437a6d8,278.613,312.892
data-analyst-1785976509-7e4b3d8a5ee7,278.724,320.184
data-analyst-1785976509-0182af158608,278.738,303.219
data-analyst-1785976509-b020125d3b56,278.751,307.897
data-analyst-1785976591-94bfee9c856c,278.775,672.882
data-analyst-1785976503-c3fed0f8dd2b,278.850,303.066
deep-researcher-1785976591-d9b916ef1110,278.977,435.709
wide-researcher-1785976591-f5826b5a8a40,279.015,535.256
reviewer-1785976591-88316edc529c,279.105,685.248
data-analyst-1785976591-eb2226057754,279.137,640.661
deep-researcher-1785976591-5dc22638029f,279.231,689.277
wide-researcher-1785976591-023119aa68e3,279.291,684.962
reviewer-1785976591-4a74660902a1,279.317,686.927
data-analyst-1785976503-b3869cc6ee68,279.354,303.159
data-analyst-1785976591-5100bb6ae6c9,279.425,543.792
deep-researcher-1785976591-91593ab0a9de,279.443,547.404
wide-researcher-1785976591-23ce795cf183,279.488,569.760
reviewer-1785976591-d2be0f1a814d,279.508,663.286
data-analyst-1785976509-66df26071e00,279.516,304.499
data-analyst-1785976486-8223751a070d,279.549,279.550
data-analyst-1785976591-268fb9ff06f4,279.569,546.436
deep-researcher-1785976592-fc66f4128f13,279.616,441.859
wide-researcher-1785976592-46b64408ad69,279.645,535.491
reviewer-1785976592-69bd15b9fa3d,279.753,671.590
data-analyst-1785976592-39d5ebddc42b,279.834,687.631
deep-researcher-1785976592-6d37f2041754,279.851,439.454
data-analyst-1785976509-ebd735216637,279.852,309.079
data-analyst-1785976509-f4263c30e8b0,279.869,306.134
data-analyst-1785976492-6bc38ee25fcc,279.904,279.906
wide-researcher-1785976592-24a8924e4186,279.925,681.248
reviewer-1785976592-b47c3c2d4387,279.965,676.363
data-analyst-1785976482-5c636340665c,280.087,280.087
data-analyst-1785976592-9c764af88aba,280.092,692.198
data-analyst-1785976503-fbf5a5d58024,280.105,280.106
deep-researcher-1785976592-327bbc3fb6b6,280.115,680.974
wide-researcher-1785976592-88eb33c53be1,280.239,426.314
reviewer-1785976592-685c8e9c1371,280.278,668.109
data-analyst-1785976592-6967ee19368b,280.499,672.997
data-analyst-1785976471-6f5e439036e1,280.519,280.519
deep-researcher-1785976592-56ec6fed2770,280.529,656.081
wide-researcher-1785976592-b98b3dea0f43,280.595,664.721
reviewer-1785976592-0f1b370e28ba,280.615,676.045
data-analyst-1785976593-5e1a34775323,280.797,537.638
deep-researcher-1785976593-00f30f1ff6b7,280.816,649.336
wide-researcher-1785976593-2558024cc231,280.903,462.858
reviewer-1785976593-87078b5e31ac,280.943,636.092
data-analyst-1785976489-23e4e98e5c93,280.980,303.238
data-analyst-1785976593-ed9ed3870881,280.984,687.566
deep-researcher-1785976593-eae38f188b73,281.003,543.825
wide-researcher-1785976593-04e4454eab49,281.024,561.392
reviewer-1785976593-20ed91c151b6,281.092,660.526
data-analyst-1785976593-3f904ecbda97,281.178,478.417
data-analyst-1785976497-f8231a333b03,281.182,305.908
deep-researcher-1785976593-81c8d3f406fe,281.277,679.450
wide-researcher-1785976593-672009969c77,281.337,653.461
reviewer-1785976593-5f8ff75c7ae0,281.365,680.824
data-analyst-1785976593-605af3d91b14,281.423,645.556
deep-researcher-1785976593-13f2244b1173,281.472,431.129
wide-researcher-1785976593-8c137b24dc9a,281.491,675.030
reviewer-1785976593-1905f1fe1016,281.520,653.835
data-analyst-1785976593-92de805bd909,281.604,657.516
deep-researcher-1785976594-d2c72bb83792,281.635,560.335
wide-researcher-1785976594-0e09c6bb6e7a,281.717,547.174
data-analyst-1785976505-dc40cff8d7f8,281.755,304.650
reviewer-1785976594-4af6297ff68e,281.788,697.326
data-analyst-1785976501-29fdd842d675,281.898,281.899
data-analyst-1785976503-46d244060b05,281.994,281.995
data-analyst-1785976594-c59ede43483c,281.999,664.206
deep-researcher-1785976594-734fca0028a8,282.041,555.237
wide-researcher-1785976594-8e30802bb36d,282.104,679.390
reviewer-1785976594-0c01b18183ba,282.121,595.552
data-analyst-1785976594-c48f859ed37c,282.251,680.934
deep-researcher-1785976594-0e97f34d7606,282.302,422.170
wide-researcher-1785976594-da6720865e6a,282.319,675.769
reviewer-1785976594-c77e172f6296,282.354,645.194
data-analyst-1785976594-1b6e385703c2,282.452,674.291
deep-researcher-1785976594-bbe2c9e20951,282.504,441.323
wide-researcher-1785976594-48a17be7dd4c,282.526,539.127
reviewer-1785976594-3692c7165f9c,282.547,661.989
data-analyst-1785976595-90e8cdd5b3fc,282.599,682.853
deep-researcher-1785976595-cc361c98426b,282.665,444.336
wide-researcher-1785976595-3cd58245717b,282.770,687.101
reviewer-1785976595-83deda245c10,282.788,622.441
data-analyst-1785976595-bbd07979ec2c,282.860,692.291
deep-researcher-1785976595-8e4d3b29418e,282.947,616.673
wide-researcher-1785976595-2c1a1cbc0501,282.977,669.754
reviewer-1785976595-0d9fd1c24b5b,283.005,677.942
data-analyst-1785976595-2231cb6f93fb,283.061,688.609
deep-researcher-1785976595-27f5bc5f9ce7,283.113,436.202
wide-researcher-1785976595-50e0d9200f8b,283.144,555.104
reviewer-1785976595-68c087ebd5bb,283.234,691.474
data-analyst-1785976595-da4c21c71a57,283.314,487.588
data-analyst-1785976480-cc3383ed2263,283.453,318.921
data-analyst-1785976450-aa148205ddd9,283.467,314.461
data-analyst-1785976476-a25aed850cc2,283.481,300.567
deep-researcher-1785976595-4516552db6e8,283.519,416.348
wide-researcher-1785976595-749969249396,283.550,649.487
reviewer-1785976595-e192a512d428,283.627,653.023
data-analyst-1785976595-cfb452c9e97f,283.658,669.655
data-analyst-1785976506-f4d73992cd75,283.703,302.903
deep-researcher-1785976596-af690488f137,283.720,438.338
wide-researcher-1785976596-7092d47aa549,283.766,450.748
reviewer-1785976596-23039b3eb782,283.804,677.652
data-analyst-1785976596-e1ba44131fb0,283.864,590.259
deep-researcher-1785976596-a2e34d57f739,283.920,679.022
wide-researcher-1785976596-633bdd80860d,283.948,675.531
reviewer-1785976596-c2c7acf6ac7f,283.994,690.143
data-analyst-1785976508-87d51e924d8c,284.017,302.820
data-analyst-1785976502-bfe40658eb26,284.037,299.917
data-analyst-1785976596-8560d351643f,284.058,672.022
deep-researcher-1785976596-a728dd32bea8,284.076,687.437
wide-researcher-1785976596-fe478d414b13,284.119,543.886
data-analyst-1785976501-a38a838f301b,284.213,315.334
reviewer-1785976596-178eac04953b,284.292,690.781
data-analyst-1785976501-5b55cad614c1,284.305,284.305
data-analyst-1785976596-5e7e50c98b93,284.367,538.938
deep-researcher-1785976596-d0fbd3166dc8,284.505,441.059
wide-researcher-1785976596-2b0e391d2854,284.526,548.274
reviewer-1785976596-9b4a6fed34db,284.631,653.419
data-analyst-1785976501-a1d5cb84d01a,284.777,284.778
data-analyst-1785976498-693a8e481594,284.804,301.461
data-analyst-1785976596-211e53ce8193,284.820,681.498
data-analyst-1785976464-5b3c6c09af1a,284.966,302.955
data-analyst-1785976501-4c8b8b4ec635,284.984,284.985
deep-researcher-1785976597-f9b18d564580,284.988,501.693
wide-researcher-1785976597-6eb4c4321ac6,285.033,656.188
data-analyst-1785976508-0add998063fe,285.046,300.091
reviewer-1785976597-424f5f35b6f5,285.062,661.381
data-analyst-1785976597-13d6968002e2,285.128,644.290
deep-researcher-1785976597-4157311685ce,285.150,441.745
data-analyst-1785976479-ab2fc325d025,285.151,285.155
wide-researcher-1785976597-f5432dab0a82,285.167,577.831
reviewer-1785976597-047077ec31c3,285.281,653.991
data-analyst-1785976597-a7c2331bef54,285.334,645.978
deep-researcher-1785976597-03c240b7e651,285.391,667.369
wide-researcher-1785976597-38be72d56d22,285.436,448.986
reviewer-1785976597-3e5b47b1bf66,285.467,642.325
data-analyst-1785976597-4920172f83c9,285.509,676.228
deep-researcher-1785976597-464c6471ef25,285.529,550.617
wide-researcher-1785976598-8459f93c53c1,285.571,579.102
reviewer-1785976598-db3260a3e8a6,285.626,663.539
data-analyst-1785976598-ec87acc64441,285.698,661.268
deep-researcher-1785976598-64635f743cd3,285.756,542.731
wide-researcher-1785976598-08473ed3d797,285.790,570.888
data-analyst-1785976506-1abff86025c3,285.857,285.857
reviewer-1785976598-d0b57df5d800,285.878,654.833
data-analyst-1785976598-8fe29e87ec3c,285.968,652.220
deep-researcher-1785976598-7af07f8dd9e1,286.006,490.412
wide-researcher-1785976598-da5069c196a5,286.049,682.471
reviewer-1785976598-3a036d633865,286.154,691.375
data-analyst-1785976598-aa7638aa602a,286.194,691.662
deep-researcher-1785976598-aff7971e7ce6,286.255,673.442
data-analyst-1785976498-8c9c0619db46,286.321,309.566
wide-researcher-1785976598-fd3e53d22956,286.329,667.660
reviewer-1785976598-fac269aea3a3,286.536,643.834
data-analyst-1785976490-a90986299a2a,286.611,286.611
data-analyst-1785976485-2d974dcfd8f3,286.637,286.638
data-analyst-1785976598-209b7491a250,286.646,663.026
deep-researcher-1785976598-4498f39de0ac,286.679,474.809
wide-researcher-1785976598-77ed5fba35bf,286.743,560.734
reviewer-1785976599-5c9783fede4d,286.791,679.915
data-analyst-1785976599-ddca9fa0d3bf,287.003,661.399
data-analyst-1785976505-f8756bf4b262,287.043,302.330
data-analyst-1785976505-53aae7fe7fa6,287.061,301.776
deep-researcher-1785976599-f2d913591530,287.070,478.597
data-analyst-1785976502-4f52ea7f1fa0,287.083,301.715
data-analyst-1785976459-cdd908ed23a1,287.101,303.172
wide-researcher-1785976599-03e43dda4020,287.106,535.396
data-analyst-1785976505-c31cc9abd14b,287.124,300.510
data-analyst-1785976500-bd4bd5705fb7,287.142,287.142
reviewer-1785976599-d8c636392e0d,287.146,564.524
data-analyst-1785976599-de20361bef42,287.209,657.383
deep-researcher-1785976599-e9cb81fca5d4,287.265,430.805
wide-researcher-1785976599-a845e743d3fb,287.300,541.806
reviewer-1785976599-ad0fb83307af,287.373,685.535
data-analyst-1785976599-04f6f1f5fabe,287.508,685.517
deep-researcher-1785976599-aeac9a2f674a,287.560,453.285
data-analyst-1785976510-36d1211768e6,287.577,303.545
data-analyst-1785976510-ab08904735d8,287.590,307.195
data-analyst-1785976510-4785ca3fb036,287.603,308.417
data-analyst-1785976502-6db31ca26d8f,287.635,287.635
wide-researcher-1785976599-2f11a2ddda64,287.666,638.660
reviewer-1785976599-0e15271152f8,287.764,667.068
data-analyst-1785976600-df2b7cccc1cc,287.843,652.331
deep-researcher-1785976600-d031f49f68f8,288.013,679.182
wide-researcher-1785976600-a0b6e037508d,288.044,691.924
data-analyst-1785976488-29a9943fd45e,288.048,288.049
data-analyst-1785976505-c04e79834989,288.062,288.063
reviewer-1785976600-0fa05145bdf1,288.156,665.253
data-analyst-1785976600-7f4b2a7a63c9,288.352,688.939
deep-researcher-1785976600-951622c88e4e,288.398,434.237
wide-researcher-1785976600-23169598df4f,288.427,433.617
reviewer-1785976600-b27e3e9ead8c,288.577,678.660
data-analyst-1785976600-e1d5307ac052,288.649,641.891
deep-researcher-1785976600-9034e0ba28b4,288.670,432.893
wide-researcher-1785976600-b510b50d1c06,288.894,500.375
reviewer-1785976601-25541fbaae60,288.928,679.785
data-analyst-1785976601-ec3da334335a,289.021,664.486
deep-researcher-1785976601-d896f5ebe735,289.061,442.209
wide-researcher-1785976601-8761f1edd7a8,289.162,439.089
reviewer-1785976601-87097a693ae5,289.194,575.283
data-analyst-1785976601-4292570d5f71,289.271,657.582
data-analyst-1785976481-09ff41f884c8,289.275,305.281
data-analyst-1785976479-ae2454cdf4a8,289.292,309.956
deep-researcher-1785976601-b8f278577010,289.296,636.077
data-analyst-1785976475-792b38ffc60f,289.310,303.083
data-analyst-1785976471-a3d7b85300d9,289.324,304.192
wide-researcher-1785976601-99c8ac509fe8,289.357,548.358
data-analyst-1785976509-c0a93b5fe37a,289.544,303.331
reviewer-1785976601-c3628c976e03,289.558,668.664
data-analyst-1785976509-b4c4050d837f,289.566,308.947
data-analyst-1785976601-ff0d20801e2b,289.598,654.565
deep-researcher-1785976601-f6fef3512137,289.669,434.072
wide-researcher-1785976601-e0c863e0f148,289.688,539.158
data-analyst-1785976508-ec5de877f78e,289.707,301.285
data-analyst-1785976501-19b895a42c00,289.726,289.726
data-analyst-1785976486-b41233c9bd7f,289.739,289.739
data-analyst-1785976502-e029c3648d0d,289.754,289.754
reviewer-1785976602-6e510927af1e,289.801,660.714
data-analyst-1785976602-b7c1b3e98386,289.864,682.802
deep-researcher-1785976602-ea14be15895f,289.904,457.730
data-analyst-1785976509-b5306e50a96e,289.994,303.290
wide-researcher-1785976602-ee29dbad134e,290.104,671.069
reviewer-1785976602-a054db312655,290.150,651.436
data-analyst-1785976602-578f4f6472f0,290.236,600.442
deep-researcher-1785976602-af5777c2a212,290.314,442.469
data-analyst-1785976511-f7095e91a8d2,290.386,308.140
wide-researcher-1785976602-1a62a4e2fe51,290.395,553.687
data-analyst-1785976511-ec1e6ca68f82,290.399,304.359
reviewer-1785976602-398ddfae226a,290.413,687.396
data-analyst-1785976511-925d9f1840ef,290.413,306.515
data-analyst-1785976602-797cfeef948c,290.447,672.470
deep-researcher-1785976602-803fa0f0bd38,290.572,446.346
wide-researcher-1785976602-94a834795868,290.615,667.236
data-analyst-1785976495-d9c63695ba34,290.653,290.654
reviewer-1785976602-8724943a48a6,290.682,686.609
data-analyst-1785976603-34dac9e9ad40,290.785,662.879
deep-researcher-1785976603-e35c71ca8742,290.870,653.945
data-analyst-1785976479-05e597dab4f4,291.022,291.022
wide-researcher-1785976603-3066e770195c,291.031,687.290
reviewer-1785976603-da9e1e15b7ef,291.067,659.527
data-analyst-1785976603-844fdeecf377,291.179,675.547
deep-researcher-1785976603-6ac55515712d,291.199,563.663
wide-researcher-1785976603-d5979ea9fba1,291.252,654.953
reviewer-1785976603-8c438499e69f,291.310,666.743
data-analyst-1785976603-76d6f2e2790c,291.369,536.589
deep-researcher-1785976603-dec3b93b114a,291.419,655.458
wide-researcher-1785976603-0da59347715c,291.531,674.865
reviewer-1785976603-d4d93b78143b,291.596,654.318
data-analyst-1785976603-df48f9fcb0f0,291.626,682.231
deep-researcher-1785976603-c01914abcbae,291.663,532.902
wide-researcher-1785976604-0549905fa7d0,291.681,543.063
reviewer-1785976604-01cdc55e59f4,291.790,650.082
data-analyst-1785976501-969f13656575,291.829,291.829
data-analyst-1785976604-b2c3d86bddf8,291.833,688.715
deep-researcher-1785976604-10394c9f2c2f,291.916,535.776
wide-researcher-1785976604-b154bbc6d22f,291.938,641.713
reviewer-1785976604-30f8eb0adc40,291.957,661.911
data-analyst-1785976604-140841a8b83b,292.048,595.799
deep-researcher-1785976604-658d89dc0d86,292.097,659.303
wide-researcher-1785976604-b9ba8ea0574a,292.130,652.957
reviewer-1785976604-0a5f5adf9ee5,292.199,679.510
data-analyst-1785976604-9025ea798725,292.299,669.183
deep-researcher-1785976604-3408faee6fc4,292.318,463.548
data-analyst-1785976452-f8e3f9758f31,292.405,292.406
data-analyst-1785976511-e129cad97ebd,292.434,307.910
data-analyst-1785976511-09a0f2ac0d85,292.448,311.831
data-analyst-1785976511-9f71da15644d,292.462,303.345
wide-researcher-1785976604-7c6fbcdc1292,292.570,654.464
data-analyst-1785976509-6ece9c04ec08,292.619,311.798
reviewer-1785976604-4b804e74174f,292.692,560.459
data-analyst-1785976604-5333e3d480fb,292.778,673.312
deep-researcher-1785976604-3e599ec39c53,292.824,698.376
wide-researcher-1785976605-62bb38a73a72,292.880,542.988
reviewer-1785976605-ee82c868a3d1,292.936,568.605
data-analyst-1785976605-94234e11c619,293.040,542.958
data-analyst-1785976509-ac082a76bcef,293.044,302.151
data-analyst-1785976505-ddc06cc5d4ec,293.061,302.218
deep-researcher-1785976605-2f09e02270c9,293.109,690.928
wide-researcher-1785976605-05c04099bd70,293.125,695.557
reviewer-1785976605-a16ba98f55b6,293.184,661.723
data-analyst-1785976455-2d5dada03a44,293.280,293.280
data-analyst-1785976605-ca2aa582cbee,293.307,678.546
deep-researcher-1785976605-8b1d3f392c16,293.342,666.129
wide-researcher-1785976605-c6dc273c131a,293.434,671.213
reviewer-1785976605-38550b9d3c96,293.479,685.323
data-analyst-1785976605-65350ce7d38b,293.565,663.370
deep-researcher-1785976605-4bc901d438c4,293.614,637.521
wide-researcher-1785976606-f81f16c5a496,293.646,578.150
reviewer-1785976606-4127b26b1ebb,293.704,692.557
data-analyst-1785976606-51f483fecb21,293.819,670.977
deep-researcher-1785976606-5ef544c87e8e,294.146,678.774
wide-researcher-1785976606-a0536ae5e2fe,294.230,683.925
reviewer-1785976606-f174a6c09e47,294.278,690.974
data-analyst-1785976606-9a19f9bcfe2b,294.401,660.875
deep-researcher-1785976606-7256fda509ba,294.446,698.344
wide-researcher-1785976606-75df39864b54,294.507,433.996
reviewer-1785976606-529085075525,294.627,690.025
data-analyst-1785976606-41872a6519fd,294.688,656.435
data-analyst-1785976511-dc927054caa1,294.719,310.554
deep-researcher-1785976607-1791dc6fe7a9,294.749,537.569
data-analyst-1785976511-f927d0d9151d,294.780,321.699
data-analyst-1785976511-e5b7d64f909f,294.823,315.350
wide-researcher-1785976607-220dbad5a6cf,294.921,540.987
reviewer-1785976607-afa321d8b4c5,294.991,690.822
data-analyst-1785976607-b9813e6bfdb4,295.229,681.572
deep-researcher-1785976607-1407aaebdb0d,295.314,687.153
wide-researcher-1785976607-d656c0150285,295.345,669.573
data-analyst-1785976500-a34f8db780a5,295.482,295.482
reviewer-1785976607-9e30c883d2e7,295.562,689.494
data-analyst-1785976607-a6741bae3fd6,295.636,635.896
deep-researcher-1785976607-5aca6c491402,295.679,537.329
wide-researcher-1785976607-d3d5e07b6e54,295.747,548.675
reviewer-1785976608-7adfcecab861,295.788,637.251
data-analyst-1785976608-ed1f4082b75f,295.852,660.030
deep-researcher-1785976608-ebcc24ac961e,295.958,436.714
wide-researcher-1785976608-d745214fea48,296.027,495.610
reviewer-1785976608-1b5684f8a910,296.067,676.970
data-analyst-1785976608-43cf965607dd,296.146,674.371
deep-researcher-1785976608-a00631eecaf6,296.208,667.301
wide-researcher-1785976608-ba0e10f892e5,296.237,534.456
reviewer-1785976608-43cbf6979398,296.448,684.058
data-analyst-1785976608-cfc317e560bd,296.517,563.303
deep-researcher-1785976608-5dab7f20a1ec,296.586,688.999
wide-researcher-1785976608-efd65104374a,296.628,667.005
reviewer-1785976609-03f2c755f6ca,296.753,678.679
data-analyst-1785976609-5a12a373789c,296.835,577.135
deep-researcher-1785976609-7cc42d7ceba3,296.904,685.499
wide-researcher-1785976609-131b2620c8ac,297.068,581.354
reviewer-1785976609-d2205e7d3ca2,297.096,688.257
data-analyst-1785976609-1c1b62e47253,297.180,655.783
deep-researcher-1785976609-4579bc67f8e3,297.265,601.684
wide-researcher-1785976609-4c967c4c8193,297.384,649.366
reviewer-1785976609-7da27a3bdc73,297.468,660.076
data-analyst-1785976609-d1c5a816bb1d,297.544,542.807
deep-researcher-1785976609-809d6a07d70e,297.607,485.850
wide-researcher-1785976609-296218478991,297.674,677.275
reviewer-1785976610-d6fd2d16c0b9,297.729,638.294
data-analyst-1785976610-ae989dcb6be3,297.774,692.587
deep-researcher-1785976610-0dc64584e53e,297.959,570.406
wide-researcher-1785976610-6713687f6d24,298.019,440.809
reviewer-1785976610-0ba87f25eb3a,298.113,673.584
data-analyst-1785976610-45bd3a2d1296,298.268,680.744
deep-researcher-1785976610-44723061e149,298.341,641.731
wide-researcher-1785976610-9d1b57ae971f,298.588,438.228
reviewer-1785976610-61f824241a60,298.630,691.353
data-analyst-1785976482-be5a1fa6c62b,298.674,310.996
data-analyst-1785976478-8088f03657b4,298.716,309.400
data-analyst-1785976610-0f985c550277,298.786,675.562
deep-researcher-1785976610-24edd11e777f,298.869,680.103
wide-researcher-1785976611-a25f670bbdc4,298.981,635.796
reviewer-1785976611-533c4ecaabc3,299.038,672.361
data-analyst-1785976611-b5a752c9c53e,299.149,560.129
deep-researcher-1785976611-147b5a53fdeb,299.205,495.253
wide-researcher-1785976611-d81de0d37449,299.288,680.043
reviewer-1785976611-027366f933e1,299.494,646.955
data-analyst-1785976611-95534b0fae71,299.599,659.915
deep-researcher-1785976611-d63eb5a6c433,299.642,687.598
wide-researcher-1785976611-7086cf5ed34f,299.776,548.880
reviewer-1785976612-3a917ee02d84,299.863,567.602
data-analyst-1785976612-e63c17e1989d,299.953,681.924
deep-researcher-1785976612-8c4d2bfa1217,300.102,689.068
wide-researcher-1785976612-47f7a83d9925,300.130,481.264
reviewer-1785976612-26054b6c7d34,300.158,666.146
data-analyst-1785976612-0d6b51d657d1,300.212,548.737
deep-researcher-1785976612-e50c284f409e,300.311,543.715
wide-researcher-1785976612-46c577b5b209,300.481,668.555
reviewer-1785976612-64a945e51d18,300.524,689.970
data-analyst-1785976612-a30849511ebb,300.643,647.470
deep-researcher-1785976612-51c16bddef51,300.713,664.672
wide-researcher-1785976613-c82ab7f384e6,300.799,574.048
reviewer-1785976613-d7a4c37daa15,300.994,689.515
data-analyst-1785976613-f92a42ed31ea,301.108,543.003
deep-researcher-1785976613-54230ef7904b,301.150,685.221
wide-researcher-1785976613-72a050918661,301.316,428.947
reviewer-1785976613-4cb7f9194c52,301.366,664.877
data-analyst-1785976613-ffa8e2f9ac10,301.447,693.570
deep-researcher-1785976613-2b6bc5f153c1,301.605,441.441
wide-researcher-1785976613-b9a25b24a344,301.669,531.689
reviewer-1785976613-6a7698ec466a,301.727,654.604
data-analyst-1785976614-7f63ec71b656,301.819,673.424
deep-researcher-1785976614-785a1b361db1,302.024,688.552
wide-researcher-1785976614-1600af975991,302.063,434.316
reviewer-1785976614-7aaf9e22aaac,302.176,657.275
data-analyst-1785976614-4014d9fd9243,302.245,566.329
deep-researcher-1785976614-e159ac01af90,302.290,532.994
wide-researcher-1785976614-65d8235bef0c,302.322,658.750
reviewer-1785976614-dbe451f8c1cc,302.399,680.152
data-analyst-1785976614-e8f4f9935528,302.528,685.855
deep-researcher-1785976614-c983cf34cc10,302.628,549.606
wide-researcher-1785976614-9930faa5dd68,302.683,552.848
reviewer-1785976614-c99b2e67e51b,302.756,661.114
data-analyst-1785976615-d553102809f2,302.829,656.243
deep-researcher-1785976615-54dedfd2c0e3,302.908,430.087
wide-researcher-1785976615-555e65106b44,302.973,548.565
reviewer-1785976615-e33bc08bf35a,303.049,689.811
data-analyst-1785976615-f59f53332f8b,303.121,686.238
deep-researcher-1785976615-90d47f7f0f58,303.181,683.909
wide-researcher-1785976615-29eb592f2fe5,303.227,536.384
reviewer-1785976615-6745cdfaffae,303.247,677.730
data-analyst-1785976615-283fd01ecc6c,303.416,681.014
deep-researcher-1785976615-828f0aea22d6,303.509,440.582
wide-researcher-1785976615-63b81978edf7,303.534,648.509
reviewer-1785976615-023783ff7920,303.553,648.102
data-analyst-1785976615-5d00cef22e68,303.659,551.000
deep-researcher-1785976616-402ce3942b4b,303.679,561.078
wide-researcher-1785976616-a392e2aeb7d6,303.699,436.619
reviewer-1785976616-6836e19c2c9c,303.789,667.519
data-analyst-1785976616-17299b400657,303.933,658.428
deep-researcher-1785976616-3e4dce6b88f5,304.054,687.704
wide-researcher-1785976616-694163223f95,304.136,546.562
reviewer-1785976616-72f22199e951,304.155,683.693
data-analyst-1785976616-9e7ab6bad149,304.207,671.572
deep-researcher-1785976616-8136b1015fa5,304.286,468.065
data-analyst-1785976516-bfd82f5682f8,304.330,304.331
wide-researcher-1785976616-00b40d6ee194,304.358,648.264
reviewer-1785976616-11ddff171b53,304.409,686.008
data-analyst-1785976516-5b423b35631f,304.436,304.436
data-analyst-1785976616-a28b8d3b9734,304.575,695.328
data-analyst-1785976516-369b3aa42a5d,304.602,304.602
deep-researcher-1785976616-7b08931b8078,304.614,548.374
wide-researcher-1785976616-e181be1b5bde,304.645,679.133
data-analyst-1785976513-fae55fe78a1f,304.677,304.677
data-analyst-1785976514-343918b32332,304.690,304.690
data-analyst-1785976516-a108a28c6050,304.703,304.703
data-analyst-1785976513-56ad0a6d8031,304.716,304.717
reviewer-1785976616-87b76d13847c,304.754,652.667
data-analyst-1785976514-a762640b47a7,304.829,304.830
data-analyst-1785976516-c932fbc13f7a,304.845,304.846
data-analyst-1785976617-0e9d33c40e9b,304.854,688.108
deep-researcher-1785976617-8cf3bc689622,304.883,639.722
data-analyst-1785976517-7ef38d352d7e,304.926,304.927
wide-researcher-1785976617-0243d5622052,304.935,654.727
data-analyst-1785976518-adcc10890436,304.991,304.992
reviewer-1785976617-c79fbb604f3f,305.019,674.912
data-analyst-1785976617-c914817edeb3,305.066,686.481
deep-researcher-1785976617-d5dfcdd24659,305.144,551.290
data-analyst-1785976519-12fa42d9dfbc,305.167,305.168
wide-researcher-1785976617-e4733017ecc5,305.172,664.046
reviewer-1785976617-c0b5722f8926,305.188,680.916
data-analyst-1785976517-bf326f6b26b8,305.201,305.201
data-analyst-1785976617-e140cb18317a,305.219,537.886
deep-researcher-1785976617-29038e9deac6,305.245,547.979
data-analyst-1785976514-f3f916ab637c,305.266,305.266
data-analyst-1785976518-c813399e6f5f,305.293,305.294
wide-researcher-1785976617-dad746f55c28,305.314,539.944
data-analyst-1785976516-179a9df2740e,305.336,305.336
reviewer-1785976617-9accbeb90c3c,305.341,651.547
data-analyst-1785976520-ef838f5c1c4d,305.381,305.382
data-analyst-1785976517-d87d259e741b,305.394,305.395
data-analyst-1785976617-23daaf1d5091,305.446,676.811
data-analyst-1785976518-f484b65ac161,305.450,305.451
data-analyst-1785976518-f61fff81c47a,305.503,305.504
deep-researcher-1785976617-7a3e5385965d,305.534,681.314
wide-researcher-1785976617-3a8d9f284dcf,305.561,556.833
data-analyst-1785976514-4e9d167f064c,305.561,305.566
data-analyst-1785976514-b56df912bbaf,305.610,305.610
reviewer-1785976617-6a1e1b9a5297,305.665,648.013
data-analyst-1785976618-1ea597558c73,305.707,681.442
deep-researcher-1785976618-7077fe04df42,305.726,471.940
data-analyst-1785976517-09717ce5a846,305.738,305.738
wide-researcher-1785976618-313c7705ed68,305.782,554.728
reviewer-1785976618-3e1688cd1d0e,305.870,645.154
data-analyst-1785976518-50b1c33c33e3,305.894,305.895
data-analyst-1785976618-931f0e15d42c,305.925,673.864
data-analyst-1785976517-a4cb06e14842,305.966,305.967
data-analyst-1785976514-7a7cf5bc0430,306.034,306.034
deep-researcher-1785976618-80a593566971,306.093,684.978
wide-researcher-1785976618-cb8495da52e0,306.153,442.999
data-analyst-1785976518-d8739243fc05,306.245,306.246
reviewer-1785976618-5996be9fa36a,306.275,687.338
data-analyst-1785976618-2fbe2e74dc3c,306.319,684.371
data-analyst-1785976518-20c1b801b464,306.330,306.331
data-analyst-1785976515-9807a064df4b,306.361,306.363
deep-researcher-1785976618-b9f4dc0ada41,306.371,439.807
data-analyst-1785976518-00652e6ae135,306.415,306.416
data-analyst-1785976518-43b37b18463e,306.429,306.430
wide-researcher-1785976618-32f16a223806,306.456,655.858
data-analyst-1785976518-f4747867f959,306.474,306.474
data-analyst-1785976521-6a20a7e3ff1a,306.528,306.528
reviewer-1785976618-1a98a989a61f,306.570,686.178
data-analyst-1785976618-0bd49204ae0a,306.652,641.528
data-analyst-1785976517-4b63ba744226,306.680,306.680
deep-researcher-1785976618-ff081be907f6,306.692,544.393
data-analyst-1785976521-acff2a6621d0,306.725,306.726
wide-researcher-1785976619-ef4fee49d236,306.733,669.388
data-analyst-1785976515-2cbcf8327825,306.743,306.744
reviewer-1785976619-770ea7ec6d64,306.762,680.624
data-analyst-1785976524-6ca322ac46cc,306.775,306.775
data-analyst-1785976520-8a97c4232b70,306.789,306.789
data-analyst-1785976523-d923583462ea,306.804,306.804
data-analyst-1785976521-902ade09caf8,306.817,306.818
data-analyst-1785976619-02014c5383e5,306.825,478.370
deep-researcher-1785976619-249543544e9a,306.855,669.336
wide-researcher-1785976619-26b161f2bfe2,306.951,651.259
data-analyst-1785976523-22d6fb49f0f5,307.024,307.024
reviewer-1785976619-d1663da2488a,307.072,665.061
data-analyst-1785976517-bb6c9ce4242f,307.143,307.144
data-analyst-1785976619-6e914580ce24,307.152,666.441
deep-researcher-1785976619-c97aa3236378,307.181,547.868
wide-researcher-1785976619-47be33a4fd34,307.221,543.297
data-analyst-1785976515-5015070ab49a,307.223,307.227
data-analyst-1785976520-da793bb8481a,307.239,307.239
data-analyst-1785976520-7e5ee2326c2b,307.254,307.255
data-analyst-1785976520-7b71f687fada,307.283,307.283
data-analyst-1785976523-d4792e304098,307.315,307.317
data-analyst-1785976524-4be75a3055ea,307.329,307.329
reviewer-1785976619-504ec0241ab0,307.394,597.602
data-analyst-1785976521-b648e25d6a2a,307.403,307.403
data-analyst-1785976619-9308f4222e61,307.453,665.782
data-analyst-1785976517-ce02ef252275,307.505,307.506
data-analyst-1785976523-e6cc629ce843,307.518,307.518
deep-researcher-1785976619-3363d55726ee,307.581,677.634
wide-researcher-1785976619-b521b1b9c620,307.639,550.370
data-analyst-1785976527-76dde894ab3d,307.664,307.665
data-analyst-1785976525-ca14fb14a304,307.705,307.706
data-analyst-1785976523-71e317e345e9,307.764,307.764
reviewer-1785976619-5f6d4540c118,307.765,685.292
data-analyst-1785976620-ff92bf5e6a8c,307.836,647.954
data-analyst-1785976522-0683a65b60b5,307.841,307.842
data-analyst-1785976527-e615082cdff4,307.869,307.870
data-analyst-1785976527-1e398c79dcde,307.948,307.948
deep-researcher-1785976620-867fc23d70e0,307.960,446.362
data-analyst-1785976527-070dca0a6ba3,307.977,307.978
wide-researcher-1785976620-2eb838889d53,308.033,624.696
data-analyst-1785976517-e792714fd675,308.036,308.037
reviewer-1785976620-de5380b209c5,308.072,674.722
data-analyst-1785976620-cfb16f1c8431,308.158,656.450
deep-researcher-1785976620-d8153d7f9ddd,308.204,690.224
wide-researcher-1785976620-f795f4b4bbb7,308.236,503.924
data-analyst-1785976523-73f7eea2e293,308.249,308.249
reviewer-1785976620-bee8625a46f6,308.287,690.990
data-analyst-1785976620-e5dc07bcf5d1,308.341,555.584
deep-researcher-1785976620-5e8f15688022,308.368,543.231
wide-researcher-1785976620-175c3179d6ee,308.425,666.341
reviewer-1785976620-76bdcb05b7b8,308.463,575.195
data-analyst-1785976519-cf146a5d574a,308.464,308.468
data-analyst-1785976527-fbd4ce589889,308.480,308.480
data-analyst-1785976527-4413f5c8f695,308.494,308.494
data-analyst-1785976527-f2349ea90d78,308.509,308.510
data-analyst-1785976528-45389e77ed98,308.522,308.522
data-analyst-1785976518-37445e421e7d,308.616,308.617
data-analyst-1785976528-9c9fb25f828f,308.661,308.662
data-analyst-1785976620-d683bbc32448,308.661,687.831
deep-researcher-1785976620-1c9de8983c3f,308.692,692.131
wide-researcher-1785976620-5b8b08ec8e3b,308.711,470.087
reviewer-1785976621-cdfb83e84f2f,308.738,660.510
data-analyst-1785976527-bdf212bc9c50,308.747,308.748
data-analyst-1785976520-288cf4b5986f,308.790,308.791
data-analyst-1785976530-d2276c0e243f,308.806,308.807
data-analyst-1785976531-77e2f9be91f4,308.820,308.821
data-analyst-1785976531-7c83f86c4ed1,308.835,308.835
data-analyst-1785976523-c7925e1b4ffb,308.851,308.851
data-analyst-1785976621-946fa34b5340,308.888,687.931
data-analyst-1785976515-38ee6760a80c,308.931,308.932
deep-researcher-1785976621-5f553182e980,308.950,477.330
data-analyst-1785976530-792f68349860,308.980,308.980
data-analyst-1785976524-8fae8b69aa10,309.008,309.008
data-analyst-1785976524-7e4c9701e934,309.022,309.022
data-analyst-1785976524-932d5d1444cc,309.065,309.065
wide-researcher-1785976621-2b073197227a,309.088,461.092
data-analyst-1785976529-f0bbd109ab99,309.096,309.097
data-analyst-1785976531-2cbec0b1c7d1,309.109,309.109
data-analyst-1785976531-560059b543c9,309.122,309.123
data-analyst-1785976527-5b6b75a2c001,309.135,309.136
reviewer-1785976621-0b37177155ca,309.143,691.756
data-analyst-1785976525-b0681602aa32,309.180,309.180
data-analyst-1785976527-180a4173b828,309.194,309.194
data-analyst-1785976621-f199b4abaf0e,309.285,672.804
deep-researcher-1785976621-2130da938e2e,309.314,662.795
data-analyst-1785976524-521cb01967d4,309.328,309.328
data-analyst-1785976518-7a01ef559f72,309.443,309.444
wide-researcher-1785976621-076f9c16b4cc,309.533,540.058
reviewer-1785976621-4dca5e3030f2,309.607,659.688
data-analyst-1785976526-ed1eb4ed62a1,309.624,309.624
data-analyst-1785976531-d478a720bc52,309.715,309.715
data-analyst-1785976621-b91c1d455fad,309.742,676.780
deep-researcher-1785976621-71389e9a7b70,309.787,674.819
wide-researcher-1785976622-11259651ab18,309.808,542.669
data-analyst-1785976516-d0b8dca5c524,309.833,309.834
reviewer-1785976622-c992c6c48578,309.848,686.377
data-analyst-1785976622-1d83a8576e86,309.921,653.319
data-analyst-1785976520-4fafd598425b,309.926,309.927
deep-researcher-1785976622-261221d20ae6,309.979,643.907
data-analyst-1785976530-4d5d15424d09,310.035,310.036
wide-researcher-1785976622-1d23db7146a8,310.057,440.431
data-analyst-1785976534-e0cdd24711ef,310.068,310.069
reviewer-1785976622-9ceac3b48b7a,310.215,666.617
data-analyst-1785976622-4ccfed8ca119,310.254,669.219
data-analyst-1785976533-7852c36fbc48,310.287,310.288
data-analyst-1785976526-482704a2395d,310.302,310.303
data-analyst-1785976525-c9e9f1290113,310.316,310.316
data-analyst-1785976525-3e11bac81996,310.344,310.344
data-analyst-1785976537-c59c4f273bc7,310.371,310.371
data-analyst-1785976538-5c0205f837ce,310.385,310.385
deep-researcher-1785976622-b5fec020c5ed,310.403,541.664
wide-researcher-1785976622-0d764fb66302,310.421,537.741
data-analyst-1785976534-a83a52568929,310.450,310.451
reviewer-1785976622-72ddefaa77c4,310.458,663.221
data-analyst-1785976536-e06a58c84c03,310.467,310.467
data-analyst-1785976538-071656865d97,310.480,310.480
data-analyst-1785976534-5ec8442ca106,310.525,310.526
data-analyst-1785976515-75a4458d92ac,310.539,310.540
data-analyst-1785976524-aa22b4659b59,310.598,310.599
data-analyst-1785976622-9e5e50b53fe7,310.602,656.373
data-analyst-1785976525-f9b55b39fdd6,310.647,310.648
deep-researcher-1785976622-5851e66c4d45,310.660,428.797
data-analyst-1785976530-fbfa6a66e390,310.664,310.665
data-analyst-1785976536-519d78806ce1,310.677,310.678
data-analyst-1785976538-80cfb1ed7b91,310.690,310.691
data-analyst-1785976524-fe49c9481c62,310.717,310.718
data-analyst-1785976538-7337b04fbb8c,310.731,310.732
data-analyst-1785976538-80e4e322fac1,310.744,310.745
data-analyst-1785976531-7bec6b431b25,310.757,310.758
wide-researcher-1785976622-4ed40b0c8f25,310.779,668.878
reviewer-1785976623-a4da1aac18da,310.822,689.933
data-analyst-1785976533-ec1e33038935,310.835,310.835
data-analyst-1785976538-cd65346170f7,310.849,310.849
data-analyst-1785976518-cda02bd0dbb6,310.863,310.863
data-analyst-1785976536-9b0b50478eb3,310.879,310.880
data-analyst-1785976531-96b5ae8a7618,310.893,310.893
data-analyst-1785976528-70f681dce557,310.908,310.909
data-analyst-1785976517-29e7f3dc11c0,310.936,310.937
data-analyst-1785976538-9671ce32f92d,310.951,310.951
data-analyst-1785976517-92b70c26339c,310.965,310.966
data-analyst-1785976623-4bafe7ac8a4c,310.982,675.611
data-analyst-1785976530-dcfd397b259e,311.012,311.012
data-analyst-1785976536-b70a3412bcbf,311.055,311.056
data-analyst-1785976531-3e110386d27a,311.070,311.070
data-analyst-1785976536-26f8a78e08be,311.103,311.104
data-analyst-1785976528-44754a22e6c3,311.117,311.117
data-analyst-1785976540-18436061c08b,311.174,311.174
deep-researcher-1785976623-287485ac281a,311.182,651.158
data-analyst-1785976533-2de0ef10563e,311.235,311.235
data-analyst-1785976538-1b7687937a55,311.248,311.248
wide-researcher-1785976623-35a8ae3ca0d7,311.260,439.392
reviewer-1785976623-13c7f1472787,311.278,685.837
data-analyst-1785976541-30f1fa3501a6,311.294,311.294
data-analyst-1785976623-64b9fd1e3d43,311.316,694.547
deep-researcher-1785976623-f70177c30f55,311.352,466.628
data-analyst-1785976538-d2ed44115e0a,311.357,311.358
wide-researcher-1785976623-77093d9949f2,311.374,443.826
reviewer-1785976623-38b38cd38303,311.427,685.276
data-analyst-1785976537-5837571c23ae,311.494,311.494
data-analyst-1785976623-0d910f719367,311.499,649.064
data-analyst-1785976540-f6c0a4430f6c,311.513,311.514
data-analyst-1785976528-0e649a9086ad,311.527,311.527
deep-researcher-1785976623-95ad8c2d3e7e,311.567,559.078
data-analyst-1785976527-7e23db8251b5,311.606,311.606
data-analyst-1785976536-f023064b3a9d,311.620,311.620
data-analyst-1785976518-1ea7f7c66374,311.666,311.666
wide-researcher-1785976623-95b2c03b7fad,311.684,549.519
data-analyst-1785976539-be33237ce02d,311.727,311.727
reviewer-1785976624-b6e648b77bf5,311.735,638.329
data-analyst-1785976540-7d6b9871cde4,311.744,311.744
data-analyst-1785976518-d7f0e01d28a1,311.771,311.772
data-analyst-1785976624-bf1536d59ffc,311.858,635.830
deep-researcher-1785976624-ab0c0ca05dcd,311.917,679.148
wide-researcher-1785976624-19f741950d0b,311.938,453.562
data-analyst-1785976520-4179403e4fee,311.962,311.963
data-analyst-1785976518-6650d251f361,311.978,311.979
reviewer-1785976624-e06357db0fb6,311.986,682.025
data-analyst-1785976542-d46674524803,311.995,311.995
data-analyst-1785976624-96577857ad1e,312.100,678.215
data-analyst-1785976520-134db6f83dd6,312.104,312.105
data-analyst-1785976526-b686d3140d7e,312.119,312.120
data-analyst-1785976533-ad8eef527ae0,312.133,312.133
data-analyst-1785976542-f46b19bc7a6f,312.148,312.149
data-analyst-1785976536-8d10cc6a3275,312.164,312.164
deep-researcher-1785976624-5ec5a7540110,312.172,679.609
data-analyst-1785976529-cf0f47cf2f0e,312.197,312.197
data-analyst-1785976523-798a2d5a6771,312.211,312.212
wide-researcher-1785976624-e15eb547298f,312.282,684.930
data-analyst-1785976538-280a93fc0878,312.308,312.309
reviewer-1785976624-44a43aedf19b,312.318,697.152
data-analyst-1785976530-cff75bf9c497,312.354,312.354
data-analyst-1785976624-e031604850cf,312.359,684.495
data-analyst-1785976542-25923bdc81b5,312.409,312.409
deep-researcher-1785976624-82f750e91153,312.490,437.253
data-analyst-1785976538-d983216d7c56,312.505,312.506
data-analyst-1785976522-005e4dfaf2fe,312.522,312.522
data-analyst-1785976544-9bf8e92675da,312.539,312.539
wide-researcher-1785976624-fe412f00a73f,312.549,638.598
reviewer-1785976624-048de30d8b9f,312.625,690.558
data-analyst-1785976527-b91e6b888c8d,312.693,312.693
data-analyst-1785976543-fc7dd824cf75,312.707,312.708
data-analyst-1785976542-cff6dee2aff1,312.765,312.766
data-analyst-1785976624-5c94df7c3ef6,312.769,444.436
data-analyst-1785976525-e7b764a2c276,312.782,312.782
data-analyst-1785976530-584677f858b6,312.795,312.795
deep-researcher-1785976625-b6bce603d4cd,312.799,695.871
data-analyst-1785976538-06c4caafe746,312.813,312.813
wide-researcher-1785976625-88b94e11fc88,312.826,636.533
data-analyst-1785976534-9b1ad2533ebd,312.844,312.845
reviewer-1785976625-7a3a3a45d050,312.868,641.043
data-analyst-1785976528-98c223f6f1c6,312.877,312.877
data-analyst-1785976545-56d3e65110bc,312.905,312.905
data-analyst-1785976625-3c3082e9f4d5,312.922,686.430
deep-researcher-1785976625-71e8403aa516,312.950,681.989
data-analyst-1785976520-a947ecd690d8,312.969,312.970
wide-researcher-1785976625-d262758ce9ca,312.979,539.594
reviewer-1785976625-0c1a645413ca,313.023,575.758
data-analyst-1785976625-7e78fccdd923,313.084,691.071
data-analyst-1785976545-0ff8ade38566,313.128,313.129
deep-researcher-1785976625-aee317f230f6,313.133,533.252
data-analyst-1785976524-4e3af7639f1f,313.162,313.163
wide-researcher-1785976625-cb3692585a8f,313.192,505.005
reviewer-1785976625-ab2bcd74f921,313.223,658.961
data-analyst-1785976625-32301bce4dc4,313.267,681.485
data-analyst-1785976541-1df84340e552,313.328,313.328
data-analyst-1785976541-b34a8036b9b3,313.345,313.345
deep-researcher-1785976625-b0c44a69c04a,313.373,634.562
wide-researcher-1785976625-b219e9c64918,313.426,689.421
reviewer-1785976625-662fcfbfac9c,313.448,635.847
data-analyst-1785976625-1d4b4465a626,313.501,639.295
data-analyst-1785976523-0886a11c7543,313.609,313.610
data-analyst-1785976546-f2ea282a3ae5,313.638,313.639
data-analyst-1785976538-c77c2cfefab8,313.652,313.652
data-analyst-1785976542-b99aa72c28b5,313.665,313.665
data-analyst-1785976533-32e9fe131e58,313.678,313.678
deep-researcher-1785976625-2b5d03a09369,313.682,587.558
data-analyst-1785976547-bb42ad48104b,313.696,313.696
data-analyst-1785976539-bc36a5747de3,313.712,313.712
data-analyst-1785976539-20cc31c323ab,313.725,313.726
wide-researcher-1785976625-f384f7d4e297,313.738,534.568
data-analyst-1785976534-7f70032649fb,313.738,313.742
data-analyst-1785976543-a11f6232d093,313.786,313.787
reviewer-1785976626-52eb03776d45,313.795,690.801
data-analyst-1785976540-39781f76d041,313.818,313.818
data-analyst-1785976547-73562ec22b29,313.832,313.833
data-analyst-1785976626-88bede926380,313.836,662.123
deep-researcher-1785976626-d051c07eff2d,313.863,658.798
data-analyst-1785976540-ba2625eb3292,313.868,313.868
data-analyst-1785976529-a0f346a17927,313.912,313.912
data-analyst-1785976527-22a2b94b15c6,313.926,313.926
data-analyst-1785976521-8461f2ebb88d,313.954,313.955
data-analyst-1785976547-d23d51555a4d,314.031,314.031
data-analyst-1785976531-3ae8a43c5bbc,314.060,314.060
wide-researcher-1785976626-81adf2c45e26,314.103,641.425
reviewer-1785976626-52aa194aed34,314.134,679.629
data-analyst-1785976534-f39991388cd0,314.167,314.167
data-analyst-1785976523-0a3c8d7e243d,314.182,314.183
data-analyst-1785976626-a0221cf959b8,314.240,665.452
data-analyst-1785976545-48bcb4915227,314.274,314.274
data-analyst-1785976520-60cf1097b6c9,314.287,314.288
deep-researcher-1785976626-2cf49ee340e9,314.295,680.362
data-analyst-1785976540-44a6ab3a432f,314.305,314.306
data-analyst-1785976550-1c21f110b953,314.336,314.337
wide-researcher-1785976626-0ac0feec0275,314.341,556.499
data-analyst-1785976535-d963e51b0026,314.354,314.355
data-analyst-1785976534-e0401f4e0b10,314.368,314.369
reviewer-1785976626-d9cdd424f340,314.373,676.574
data-analyst-1785976545-eeeb2b1dddbf,314.400,314.401
data-analyst-1785976626-bf5070e51931,314.405,618.172
data-analyst-1785976539-c36260402d49,314.418,314.419
data-analyst-1785976541-e51082c06758,314.433,314.433
data-analyst-1785976540-7b644afa6450,314.446,314.446
deep-researcher-1785976626-2b08f98e7ea0,314.475,441.012
data-analyst-1785976517-9b756b6c4178,314.495,314.495
data-analyst-1785976514-b628af67996c,314.511,314.511
wide-researcher-1785976626-65cafdb0aba4,314.524,671.491
data-analyst-1785976546-b8af9663ca7d,314.528,314.528
reviewer-1785976626-fc8bc8d35af6,314.541,672.429
data-analyst-1785976531-c632639f3999,314.557,314.557
data-analyst-1785976520-8a6f65e51d67,314.592,314.593
data-analyst-1785976539-afe43c5b3687,314.608,314.609
data-analyst-1785976626-bdbdda5f5dc5,314.637,664.785
data-analyst-1785976543-31bc5f56a384,314.657,314.658
data-analyst-1785976517-8687309fc17d,314.674,314.674
deep-researcher-1785976627-a9c5782b64ab,314.694,559.641
wide-researcher-1785976627-be5449243df0,314.745,554.664
data-analyst-1785976539-59a83dc6919d,314.775,314.776
reviewer-1785976627-71b713dfefe7,314.776,664.133
data-analyst-1785976535-4705e5677fda,314.793,314.793
data-analyst-1785976543-21b9f5957a2b,314.853,314.853
data-analyst-1785976627-9b8ec4cf5669,314.882,679.069
data-analyst-1785976548-33bbce748c83,314.887,314.887
deep-researcher-1785976627-a05580b011f3,314.937,540.694
wide-researcher-1785976627-9041b8ae904b,314.971,662.844
reviewer-1785976627-211ce9c86132,315.000,680.184
data-analyst-1785976548-b17a014fd05d,315.005,315.005
data-analyst-1785976518-9040e7c185d2,315.019,315.020
data-analyst-1785976526-de643624563a,315.034,315.035
data-analyst-1785976530-b93913621b5c,315.049,315.050
data-analyst-1785976531-3cf335645e52,315.109,315.110
data-analyst-1785976627-fc383ea6d964,315.118,692.386
data-analyst-1785976542-ddc27c0806a0,315.174,315.174
deep-researcher-1785976627-5b122172219a,315.184,534.426
data-analyst-1785976514-facbcd61ed07,315.195,315.196
data-analyst-1785976517-124e3f47d686,315.225,315.225
data-analyst-1785976540-7c8b2a59c987,315.239,315.240
data-analyst-1785976530-1f8756363c10,315.253,315.254
wide-researcher-1785976627-62c8ef388ef6,315.254,551.079
data-analyst-1785976549-a24a81f881f9,315.271,315.272
reviewer-1785976627-521d0217e9d3,315.317,689.313
data-analyst-1785976540-d7966f378564,315.321,315.321
data-analyst-1785976527-9d643b0f01b8,315.363,315.364
data-analyst-1785976627-a7c8c0d9d361,315.377,665.907
deep-researcher-1785976627-22fd9655b798,315.425,661.705
data-analyst-1785976548-c895dad93940,315.430,315.430
data-analyst-1785976554-93ee43a87d84,315.460,315.460
data-analyst-1785976524-e686ad94438f,315.475,315.476
data-analyst-1785976551-9d07991aee1b,315.504,315.505
wide-researcher-1785976627-c55215ec4351,315.504,665.133
reviewer-1785976627-073d1943d0ac,315.578,695.542
data-analyst-1785976627-90dfc2a70773,315.649,690.959
data-analyst-1785976522-3b8eac4e7213,315.675,315.675
deep-researcher-1785976627-e5c9ebb36b31,315.717,684.574
wide-researcher-1785976628-eddd7c0a8921,315.759,548.815
data-analyst-1785976551-588bf4f41965,315.774,315.774
reviewer-1785976628-585986f10227,315.789,655.653
data-analyst-1785976628-3b2ff4b5850e,315.833,684.455
data-analyst-1785976551-d82fd099406b,315.860,315.861
deep-researcher-1785976628-abfd950dd866,315.860,670.921
data-analyst-1785976518-34f4056edfef,315.881,315.881
wide-researcher-1785976628-7544a6a78061,315.887,668.331
data-analyst-1785976543-b70cb698825d,315.903,315.903
data-analyst-1785976529-ab5b2a799bdf,315.918,315.919
reviewer-1785976628-854239ddd7ba,315.923,678.022
data-analyst-1785976529-62e37f3ac2cd,315.951,315.951
data-analyst-1785976549-2bd087404f00,315.966,315.966
data-analyst-1785976628-cdf834dc8f6c,315.976,676.127
data-analyst-1785976551-d69525ea6894,316.004,316.005
deep-researcher-1785976628-88a7e8388aa6,316.033,659.955
wide-researcher-1785976628-55df76c05db9,316.053,644.454
data-analyst-1785976544-e88a97e9f2dd,316.058,316.058
reviewer-1785976628-a525956c77f1,316.073,680.314
data-analyst-1785976533-8328cfd0dafb,316.126,316.127
data-analyst-1785976516-b930a8cb07ec,316.157,316.158
data-analyst-1785976628-09c05bad8e83,316.158,668.169
deep-researcher-1785976628-e29d85e83909,316.213,649.711
data-analyst-1785976531-3ace6a2be333,316.228,316.229
wide-researcher-1785976628-659b9544f694,316.247,654.916
reviewer-1785976628-21447cc8c90a,316.299,671.171
data-analyst-1785976516-15cde0e695f8,316.345,316.346
data-analyst-1785976628-4adb927d3971,316.461,648.147
deep-researcher-1785976628-313ce51fc8ba,316.513,684.554
data-analyst-1785976542-d8eed6176505,316.589,316.589
data-analyst-1785976543-fa02b7fa647a,316.606,316.607
data-analyst-1785976518-1addbb89ce69,316.667,316.668
wide-researcher-1785976628-89b7213f1a2f,316.687,687.873
data-analyst-1785976536-1dd6094fda01,316.716,316.717
reviewer-1785976628-5ad4a1b362c7,316.766,681.674
data-analyst-1785976556-058d398b2ab0,316.779,316.779
data-analyst-1785976558-e224f8c7d339,316.794,316.795
data-analyst-1785976556-cc43bd24ee70,316.809,316.809
data-analyst-1785976629-58d0ef84a25c,316.827,658.997
data-analyst-1785976540-6d424cb57e0f,316.857,316.857
data-analyst-1785976555-256bff663e4d,316.870,316.871
data-analyst-1785976556-761b3f1e7411,316.884,316.884
data-analyst-1785976557-a6136b8dc3d3,316.897,316.898
data-analyst-1785976539-785ab0e2fc44,316.928,316.929
deep-researcher-1785976629-a8d51c149e4e,316.929,698.428
data-analyst-1785976551-7b9b93eb0fee,316.947,316.947
wide-researcher-1785976629-09b6b8d9bc24,317.018,555.677
reviewer-1785976629-39b67b6461d8,317.084,654.235
data-analyst-1785976629-64b005aef6b9,317.164,691.433
data-analyst-1785976523-fe1b61ea3ab8,317.235,317.235
deep-researcher-1785976629-7446d31ed94c,317.260,639.085
data-analyst-1785976547-fc405a5cbe7c,317.271,317.272
data-analyst-1785976554-24e3a859df6d,317.299,317.299
data-analyst-1785976557-5bacb64e4a14,317.325,317.325
data-analyst-1785976544-eaf34354fa9b,317.338,317.338
wide-researcher-1785976629-a9d4aff408f7,317.342,552.097
data-analyst-1785976558-5a73bebe4817,317.369,317.369
reviewer-1785976629-ff74bc5aebac,317.387,687.501
data-analyst-1785976549-594b18a027e4,317.400,317.400
data-analyst-1785976533-7328c3289ea1,317.413,317.414
data-analyst-1785976515-dc99c6f3dca0,317.426,317.426
data-analyst-1785976629-dfb4d1d48d31,317.427,545.481
data-analyst-1785976530-805e20ac40d3,317.444,317.444
deep-researcher-1785976629-24000dc1f862,317.449,552.571
data-analyst-1785976540-dbe1f39047f4,317.462,317.462
wide-researcher-1785976629-309dc4442b1c,317.475,642.309
reviewer-1785976629-e859eaeceef4,317.491,688.746
data-analyst-1785976629-02fe3ca724db,317.535,675.864
deep-researcher-1785976630-d1a38d0ea70c,317.566,487.315
wide-researcher-1785976630-8d8712d3bca9,317.585,449.477
data-analyst-1785976530-30846245ea24,317.650,317.651
reviewer-1785976630-a1c82628a01b,317.660,691.335
data-analyst-1785976558-14aab9d81dda,317.684,317.684
data-analyst-1785976558-b6bd5c4e008c,317.698,317.699
data-analyst-1785976561-5ecdda2c50d0,317.757,317.758
data-analyst-1785976630-1353b1bf5b2f,317.766,648.087
data-analyst-1785976560-27f2b0a12174,317.775,317.775
data-analyst-1785976543-1ff5eacedc76,317.791,317.791
deep-researcher-1785976630-3c2e8e3eb5b0,317.799,670.278
data-analyst-1785976541-57a45ec38b17,317.809,317.811
wide-researcher-1785976630-688f669b7641,317.822,665.373
data-analyst-1785976557-93a6fbe3da75,317.826,317.827
data-analyst-1785976525-bc797c22a6be,317.842,317.843
data-analyst-1785976556-f47b59d92d44,317.871,317.872
data-analyst-1785976556-083862b3b8a6,317.886,317.887
data-analyst-1785976554-9af01780556c,317.900,317.901
reviewer-1785976630-090b2fa1c3a2,317.915,664.423
data-analyst-1785976630-22653623ab6a,317.982,653.780
data-analyst-1785976523-7f1d5245ac6c,318.012,318.012
deep-researcher-1785976630-951284aea382,318.020,531.629
data-analyst-1785976550-ff079e0b7b6d,318.100,318.100
wide-researcher-1785976630-3f3aa7c22d04,318.134,636.365
data-analyst-1785976561-80ddb880d3a5,318.164,318.164
reviewer-1785976630-832c4cf1e6f0,318.201,640.531
data-analyst-1785976549-ea71dab681f9,318.226,318.226
data-analyst-1785976542-85fe0b5879e9,318.253,318.254
data-analyst-1785976630-d7e328875ef7,318.261,664.907
deep-researcher-1785976630-dc6f7fe66307,318.279,564.646
wide-researcher-1785976630-8643ff98d9d8,318.299,659.942
reviewer-1785976630-deadec8b2d0b,318.329,646.784
data-analyst-1785976560-38fda0724848,318.341,318.341
data-analyst-1785976561-12733c88e196,318.398,318.399
data-analyst-1785976630-d2018c36f7d6,318.398,655.013
data-analyst-1785976562-e7a9cdc1e7f3,318.419,318.420
data-analyst-1785976543-394637de1539,318.433,318.434
deep-researcher-1785976630-1e79b6d32cff,318.445,582.608
data-analyst-1785976538-1097b02d7393,318.449,318.450
data-analyst-1785976541-d1636d437920,318.497,318.498
data-analyst-1785976522-01007e115f2b,318.567,318.568
wide-researcher-1785976630-a60d7874d404,318.585,539.692
data-analyst-1785976525-eedee8b87cfd,318.599,318.599
data-analyst-1785976544-7075322d8bdc,318.613,318.613
reviewer-1785976630-94431a449068,318.617,677.791
data-analyst-1785976538-e40d2256a9ac,318.630,318.630
data-analyst-1785976559-751ceb05443e,318.658,318.659
data-analyst-1785976546-5a22836e8acc,318.672,318.672
data-analyst-1785976518-e1085e32d09e,318.686,318.687
data-analyst-1785976558-0a6d1e6c58e2,318.729,318.729
data-analyst-1785976630-57b698c87d35,318.742,674.978
data-analyst-1785976529-3165e97ed560,318.762,318.763
deep-researcher-1785976631-89f93e273feb,318.772,674.355
data-analyst-1785976560-18dbad53a0bd,318.837,318.838
data-analyst-1785976559-a33d461ee3e6,318.877,318.878
wide-researcher-1785976631-277659964ac9,318.881,530.081
data-analyst-1785976559-9402e56a5700,318.890,318.891
reviewer-1785976631-9a61f9f1a220,318.899,669.910
data-analyst-1785976557-4aa296d27f9c,318.907,318.907
data-analyst-1785976631-1485e7408c5d,318.938,686.068
data-analyst-1785976543-5892ae8a523a,318.983,318.983
data-analyst-1785976547-1fef3098aa47,318.996,318.997
deep-researcher-1785976631-5ef1278999ba,319.001,579.423
data-analyst-1785976546-24c5a3b52d0b,319.031,319.031
data-analyst-1785976565-f751741909f0,319.045,319.045
wide-researcher-1785976631-c298603c7e52,319.050,679.847
data-analyst-1785976543-5d72b921830f,319.077,319.078
reviewer-1785976631-0754e4473581,319.078,681.394
data-analyst-1785976564-12f11fd53393,319.095,319.095
data-analyst-1785976631-a716001fe004,319.181,652.649
data-analyst-1785976520-c3d65ed46b26,319.237,319.238
deep-researcher-1785976631-58ff9820eaca,319.246,536.221
wide-researcher-1785976631-02471a2125e8,319.275,675.681
data-analyst-1785976559-4ae2028f6daf,319.290,319.290
reviewer-1785976631-269c60be7409,319.316,676.285
data-analyst-1785976558-dfcec739fbb6,319.321,319.321
data-analyst-1785976558-14a82598dc1f,319.377,319.378
data-analyst-1785976542-8130e6e089c3,319.420,319.420
data-analyst-1785976631-0b8086674d52,319.433,696.428
data-analyst-1785976543-4a5c0f42c291,319.451,319.452
data-analyst-1785976542-3c61645cff4a,319.512,319.513
deep-researcher-1785976631-91e1f384e1dc,319.536,558.500
data-analyst-1785976527-f4e388d452b7,319.547,319.548
data-analyst-1785976530-b27d61d52478,319.618,319.619
wide-researcher-1785976631-b008b648cb00,319.651,467.668
data-analyst-1785976561-9b206cf91017,319.664,319.665
reviewer-1785976631-7c6f44e74dab,319.712,683.819
data-analyst-1785976631-da7f7cb309fe,319.771,687.852
deep-researcher-1785976632-ea7ba0743365,319.790,562.927
data-analyst-1785976559-af2c412848b5,319.791,319.795
wide-researcher-1785976632-e04a2f8aa8fc,319.809,442.436
data-analyst-1785976562-1faa6c4bca62,319.814,319.814
data-analyst-1785976544-8cc3d9974745,319.830,319.831
reviewer-1785976632-aba28017770e,319.840,652.894
data-analyst-1785976561-3d89af14a8ac,319.848,319.849
data-analyst-1785976562-c05ba217ad5c,319.862,319.863
data-analyst-1785976632-194dff86b45e,320.044,560.626
deep-researcher-1785976632-8df1e5a30ef7,320.102,462.309
wide-researcher-1785976632-be3d7e8f0ee5,320.134,663.330
data-analyst-1785976529-508a7ec28f4a,320.148,320.149
reviewer-1785976632-732125adc05f,320.174,690.523
data-analyst-1785976632-c0efea6738f0,320.247,684.268
deep-researcher-1785976632-7c7a9b59a79d,320.289,680.605
wide-researcher-1785976632-b13701a3a505,320.371,667.147
data-analyst-1785976561-4ca75ae26688,320.413,320.414
reviewer-1785976632-713a691b07a4,320.413,674.387
data-analyst-1785976562-b85a25d019bd,320.430,320.430
data-analyst-1785976632-ff92c953933f,320.455,672.038
data-analyst-1785976564-aae4cb2935de,320.460,320.460
data-analyst-1785976561-73843a08bea0,320.488,320.488
data-analyst-1785976541-2d3c5b015882,320.502,320.503
deep-researcher-1785976632-ddd63ed7a13e,320.515,506.118
data-analyst-1785976544-a0ca9ae0804b,320.563,320.565
wide-researcher-1785976632-cc13b7497bfc,320.592,436.948
data-analyst-1785976553-b93576a6fde4,320.628,320.628
data-analyst-1785976561-ebe7e07f4863,320.655,320.655
data-analyst-1785976542-44cef6203fc2,320.668,320.669
data-analyst-1785976568-0cc2eb11780e,320.681,320.682
data-analyst-1785976517-0b11f631ccb1,320.734,320.734
reviewer-1785976632-102e029edc9c,320.759,645.996
data-analyst-1785976568-53381f4923ff,320.777,320.778
data-analyst-1785976551-1b7388c34a40,320.804,320.804
data-analyst-1785976544-8fab765086ff,320.831,320.832
data-analyst-1785976633-1a63e48bec99,320.840,674.599
data-analyst-1785976568-64df1291aac2,320.849,320.849
data-analyst-1785976530-c1658fdbfdcb,320.948,320.949
deep-researcher-1785976633-5326e0f44eb2,320.956,441.632
data-analyst-1785976547-4b4ea3d0ea64,320.965,320.966
data-analyst-1785976558-8f2cc3a9b000,321.019,321.020
wide-researcher-1785976633-5c33dabb2f7a,321.047,455.084
data-analyst-1785976561-a7506412dd5c,321.065,321.066
data-analyst-1785976565-d328d684571f,321.125,321.125
data-analyst-1785976564-784dcdba0f45,321.139,321.140
reviewer-1785976633-e22af551cf68,321.157,646.467
data-analyst-1785976572-2f4491742f40,321.214,321.215
data-analyst-1785976633-7b25cafef103,321.222,687.222
data-analyst-1785976567-f1bdbbc36ff1,321.289,321.290
deep-researcher-1785976633-4b2166749096,321.302,653.186
wide-researcher-1785976633-98cf0b94f4bf,321.321,550.354
data-analyst-1785976564-e22a4c93525b,321.354,321.354
reviewer-1785976633-4f8f53c4ca9c,321.358,673.124
data-analyst-1785976527-fda943143526,321.385,321.385
data-analyst-1785976568-fbefcb063f25,321.400,321.400
data-analyst-1785976556-d1b58bb77672,321.441,321.441
data-analyst-1785976562-39ca0ab0da37,321.455,321.455
data-analyst-1785976633-73320379fdbf,321.463,676.437
data-analyst-1785976559-ec28bd796dc1,321.517,321.517
deep-researcher-1785976633-99286d6c4b8d,321.557,534.614
data-analyst-1785976564-fed052ea29a3,321.574,321.574
data-analyst-1785976558-4056534ce3c2,321.587,321.588
data-analyst-1785976558-fd7bb8c6b7ed,321.615,321.615
wide-researcher-1785976633-f9955a6b42ea,321.616,671.404
reviewer-1785976633-02c703acae08,321.637,689.474
data-analyst-1785976552-31989cab1ee8,321.650,321.650
data-analyst-1785976543-e4e77ced01a2,321.664,321.665
data-analyst-1785976566-d52d7a417657,321.679,321.680
data-analyst-1785976634-1c51e14808d6,321.687,693.662
data-analyst-1785976554-9f4c76567c88,321.746,321.746
deep-researcher-1785976634-fff8660f8d84,321.764,459.764
wide-researcher-1785976634-5c206ea777fe,321.793,676.637
data-analyst-1785976522-46ac709e68c2,321.864,321.865
reviewer-1785976634-d5bc8b2fb72c,321.865,676.304
data-analyst-1785976572-c145d28d7994,321.881,321.881
data-analyst-1785976551-7db7d892bb07,321.894,321.895
data-analyst-1785976634-6ac3c0e680ca,321.921,575.917
deep-researcher-1785976634-f84f84081b06,321.941,541.020
data-analyst-1785976549-cbe67be335a3,321.945,321.946
wide-researcher-1785976634-114546bb6322,321.972,542.289
reviewer-1785976634-14d0e8929913,322.012,685.453
data-analyst-1785976564-a01380644949,322.039,322.039
data-analyst-1785976551-e1a5137ac90d,322.053,322.054
data-analyst-1785976634-2d725bbf5082,322.075,648.315
deep-researcher-1785976634-48f635abe613,322.103,518.381
data-analyst-1785976543-7ef3cef7b832,322.108,322.108
wide-researcher-1785976634-3a54b916a21b,322.193,539.347
data-analyst-1785976571-9ea85a30b793,322.217,322.218
data-analyst-1785976561-fb35e0c5de03,322.231,322.232
data-analyst-1785976570-7786f41b3d6d,322.244,322.245
reviewer-1785976634-690e88eb48e9,322.274,596.044
data-analyst-1785976569-f857b66da7a3,322.329,322.329
data-analyst-1785976634-9561c42bd847,322.338,677.893
data-analyst-1785976568-9eba6d4c33d5,322.347,322.347
data-analyst-1785976569-fe44dd46db90,322.385,322.386
data-analyst-1785976545-dc9e03399e22,322.428,322.429
deep-researcher-1785976634-a2fb7a25b90c,322.466,532.261
data-analyst-1785976571-c83f0eaf0965,322.476,322.476
wide-researcher-1785976634-e121f3d2c1dc,322.560,452.816
data-analyst-1785976551-deaad8a680b5,322.578,322.579
data-analyst-1785976575-dc3db536aee1,322.624,322.625
reviewer-1785976634-2c8f7a064bdf,322.665,668.070
data-analyst-1785976541-8becee81993a,322.701,322.702
data-analyst-1785976533-b6e58e511678,322.766,322.767
data-analyst-1785976527-7a026dde39ab,322.780,322.781
data-analyst-1785976634-f1ea5ab6fa6e,322.784,674.183
data-analyst-1785976574-4134166eb002,322.798,322.798
deep-researcher-1785976635-7b2e03613795,322.812,688.313
data-analyst-1785976574-f61ae51d2424,322.816,322.816
wide-researcher-1785976635-abc6839d27ce,322.830,635.114
data-analyst-1785976547-8ba7dfc56703,322.849,322.849
data-analyst-1785976568-8c093f5ebb30,322.863,322.864
reviewer-1785976635-ec3dc34fb8cb,322.877,647.172
data-analyst-1785976551-d994ebb706c0,322.910,322.911
data-analyst-1785976538-d3946234d51f,322.955,322.955
data-analyst-1785976562-572808aadab3,322.968,322.969
data-analyst-1785976523-f29278aa046e,323.007,323.008
data-analyst-1785976538-9de891524bc8,323.021,323.022
data-analyst-1785976573-51106d8ed38b,323.047,323.048
data-analyst-1785976572-15aea73d3d86,323.060,323.061
data-analyst-1785976564-eed062e4e060,323.090,323.091
data-analyst-1785976635-ef74ac1ddc54,323.137,684.124
data-analyst-1785976571-3fa0e1bd687d,323.182,323.183
data-analyst-1785976568-63413bf41111,323.197,323.198
data-analyst-1785976529-b1fcadb90435,323.212,323.213
data-analyst-1785976570-2cd6d72805a1,323.228,323.229
data-analyst-1785976567-bf478c7fba95,323.257,323.257
deep-researcher-1785976635-c31cbe8fa58f,323.301,645.135
data-analyst-1785976558-86fbf72d0a0b,323.339,323.340
wide-researcher-1785976635-bead6760157b,323.385,648.817
data-analyst-1785976572-64b66dda9a02,323.385,323.386
data-analyst-1785976554-de64d6e32275,323.403,323.403
data-analyst-1785976564-50f09fc90230,323.418,323.419
reviewer-1785976635-1149c8e97f97,323.433,689.663
data-analyst-1785976635-92219c52999f,323.486,678.585
data-analyst-1785976564-b2de2cc4eca8,323.491,323.492
data-analyst-1785976519-d7924a74cc0f,323.507,323.507
deep-researcher-1785976635-53dcf3fa3d1b,323.525,540.155
wide-researcher-1785976635-4838d13c069b,323.544,645.869
reviewer-1785976636-6aa263621b25,323.593,687.723
data-analyst-1785976636-da7f000b23dd,323.692,680.426
deep-researcher-1785976636-31b3bc77f4d0,323.711,645.598
wide-researcher-1785976636-c7d406aac28f,323.784,551.840
reviewer-1785976636-63c022136177,323.938,669.317
data-analyst-1785976636-5232b1df3316,323.981,663.682
deep-researcher-1785976636-4c5297ba166e,324.067,543.169
wide-researcher-1785976636-49e3049b82f6,324.085,542.653
data-analyst-1785976558-de3914b6fee6,324.132,324.133
reviewer-1785976636-37120eb04ad0,324.175,669.852
data-analyst-1785976636-0020d3757427,324.298,639.706
deep-researcher-1785976636-10eaa3fe05fa,324.326,539.630
wide-researcher-1785976636-226e4082789e,324.373,634.308
data-analyst-1785976578-aace0065f24a,324.377,416.006
reviewer-1785976636-ea986021fa35,324.401,686.030
data-analyst-1785976575-f8dd9b8baa8f,324.592,420.458
data-analyst-1785976571-defc282fd7e9,324.637,324.637
data-analyst-1785976636-46e8420915a2,324.645,678.489
deep-researcher-1785976636-f7a0052404c4,324.711,697.382
wide-researcher-1785976636-b5e4d92cdd78,324.779,533.595
reviewer-1785976636-4dad55b08217,324.820,696.872
data-analyst-1785976637-6e4ce4b01730,324.886,696.205
data-analyst-1785976558-68f553b456f1,324.894,324.895
deep-researcher-1785976637-c652f4cf77b9,324.937,589.288
wide-researcher-1785976637-71b56f75b74d,324.956,555.341
reviewer-1785976637-cb6408dda728,324.995,546.804
data-analyst-1785976567-d5f9e706fe11,325.036,325.037
data-analyst-1785976637-d06d1703c32d,325.037,665.708
deep-researcher-1785976637-0f753c3b4f4a,325.084,545.439
wide-researcher-1785976637-5b4a7581a5c0,325.114,662.156
data-analyst-1785976560-10b9589fedf5,325.165,325.165
reviewer-1785976637-ebd80165d54d,325.204,648.281
data-analyst-1785976551-2ae5fdd4726a,325.264,325.265
data-analyst-1785976637-931f10d3250a,325.293,560.017
deep-researcher-1785976637-8d698136f06f,325.355,544.347
wide-researcher-1785976637-e941d936d27c,325.486,649.544
reviewer-1785976637-74d8249fa638,325.522,661.253
data-analyst-1785976637-e188819027fc,325.597,643.464
deep-researcher-1785976637-424095fb674c,325.696,661.284
data-analyst-1785976524-385c91f23b22,325.831,418.370
data-analyst-1785976554-0c0ae1812cf6,325.845,415.817
wide-researcher-1785976638-af630288e45b,325.855,672.121
data-analyst-1785976554-31c15c13b0cd,325.862,423.666
data-analyst-1785976544-7d6e13f10d50,325.876,430.497
reviewer-1785976638-c065b35050af,325.885,651.910
data-analyst-1785976638-c772d96a6a0a,325.917,675.450
deep-researcher-1785976638-94cc5a046edb,326.152,503.412
wide-researcher-1785976638-9ac1e73751bf,326.178,588.440
reviewer-1785976638-1ccc3650cb26,326.220,664.515
data-analyst-1785976568-641542ced315,326.323,432.604
data-analyst-1785976638-e6c883bb1847,326.332,669.484
deep-researcher-1785976638-04b38bedd1da,326.348,652.202
wide-researcher-1785976638-59643d93dd03,326.386,639.407
reviewer-1785976638-06b55e0e83f6,326.413,660.731
data-analyst-1785976638-2a05801c36c4,326.470,650.566
data-analyst-1785976581-a4672327ff6c,326.471,414.776
deep-researcher-1785976638-779f8772acb3,326.521,680.803
data-analyst-1785976584-8531ee454530,326.583,423.353
wide-researcher-1785976638-63819271f3fe,326.601,647.875
reviewer-1785976638-66f06a25d1bc,326.619,678.604
data-analyst-1785976564-72ec17ffb5d3,326.653,326.653
data-analyst-1785976533-1aadab1b6ed1,326.669,326.669
data-analyst-1785976639-9464b02f4492,326.714,662.916
deep-researcher-1785976639-0023da6c8129,326.733,691.698
data-analyst-1785976584-deda405ceb4e,326.859,448.902
wide-researcher-1785976639-52e4a909b55d,326.865,532.088
reviewer-1785976639-91e579b8a2ee,326.969,645.768
data-analyst-1785976639-69e8417628a4,327.032,687.136
deep-researcher-1785976639-079487b5ad15,327.086,568.813
wide-researcher-1785976639-76a6cc09a751,327.115,630.590
reviewer-1785976639-1bfca6320cf0,327.310,580.353
data-analyst-1785976534-77f2ee6968cc,327.341,426.547
data-analyst-1785976551-27acfaadbe79,327.354,419.740
data-analyst-1785976518-9b6423ff6984,327.369,415.092
data-analyst-1785976639-7f7668019240,327.373,690.646
deep-researcher-1785976639-ab43a92a7093,327.413,545.375
wide-researcher-1785976639-4b6ba747d2ec,327.431,641.113
data-analyst-1785976570-effa169d2ab5,327.491,327.491
reviewer-1785976639-8bd1797c40d0,327.664,680.459
data-analyst-1785976639-5a70f381d1d6,327.841,696.320
deep-researcher-1785976639-cd1719f5edc4,327.918,442.045
wide-researcher-1785976639-a698ad23c0d7,327.937,540.897
reviewer-1785976640-fb7fa4d33aab,327.966,688.862
data-analyst-1785976640-7b22bab4b153,328.030,670.171
deep-researcher-1785976640-5c65bbe8d559,328.097,483.287
data-analyst-1785976513-1284a1474c53,328.123,328.124
wide-researcher-1785976640-228050187caf,328.129,683.202
data-analyst-1785976574-7ad0bfaf139a,328.142,328.143
reviewer-1785976640-0563dabf61e2,328.147,698.750
data-analyst-1785976585-0264bc33abb0,328.205,427.522
data-analyst-1785976640-258131dc1db0,328.224,550.650
deep-researcher-1785976640-fdeb47e643c4,328.243,675.924
wide-researcher-1785976640-ee7de3c85a01,328.274,668.268
data-analyst-1785976539-5f762d06eeaf,328.284,328.285
reviewer-1785976640-2777b43abb10,328.324,663.618
data-analyst-1785976561-52c967dc2f7c,328.333,328.333
data-analyst-1785976550-2658329e7218,328.348,328.349
data-analyst-1785976573-f00d7cf87e76,328.412,328.413
data-analyst-1785976575-f3c8b5264e4e,328.442,328.442
data-analyst-1785976640-bd59542d46b3,328.461,677.177
deep-researcher-1785976640-bce7300c8cde,328.520,645.021
data-analyst-1785976574-116a6e95a408,328.549,328.550
wide-researcher-1785976640-3b440a2fc45e,328.559,651.121
data-analyst-1785976568-4501795f198b,328.569,328.569
reviewer-1785976640-a22e4a407765,328.589,669.929
data-analyst-1785976641-77f79237d281,328.828,681.182
deep-researcher-1785976641-8160a1b135b0,328.884,591.498
wide-researcher-1785976641-f212e81664d1,328.946,549.973
data-analyst-1785976554-1a98a159db85,328.956,417.331
data-analyst-1785976546-9dd06c208995,328.969,414.898
reviewer-1785976641-908a6f73c19a,329.045,648.740
data-analyst-1785976641-6063dcfa7825,329.087,656.704
data-analyst-1785976520-f0485a21a99c,329.139,329.139
data-analyst-1785976543-bb55f93b8923,329.167,329.168
deep-researcher-1785976641-db5a80a8384e,329.186,555.752
data-analyst-1785976531-0213a0d853d9,329.245,329.245
data-analyst-1785976561-d0f79e914670,329.259,329.260
wide-researcher-1785976641-f1b15e168317,329.316,654.186
reviewer-1785976641-017941dc48a0,329.346,688.579
data-analyst-1785976641-0261cd9e7cb3,329.407,683.449
deep-researcher-1785976641-3ade4ba02c8a,329.449,651.616
wide-researcher-1785976641-558e632117c9,329.491,485.468
reviewer-1785976641-f7fa2eff6bc3,329.529,673.704
data-analyst-1785976641-eb66dba46aa2,329.576,649.275
deep-researcher-1785976642-0f9c8ae8a63c,329.624,647.086
wide-researcher-1785976642-a86aa9c85729,329.645,574.191
reviewer-1785976642-5433e4447ac5,329.665,655.819
data-analyst-1785976642-16fde51b034a,329.758,659.423
deep-researcher-1785976642-a8c1d2d9a0af,329.787,528.964
wide-researcher-1785976642-429f62690c80,329.823,555.454
data-analyst-1785976586-4e0fe0288a69,329.841,459.551
reviewer-1785976642-22f4bc51f60f,329.854,671.674
data-analyst-1785976542-f722312b7fe8,329.955,329.956
data-analyst-1785976551-14f029b24bab,329.969,329.970
data-analyst-1785976642-41d40b1fe9ba,330.003,673.822
deep-researcher-1785976642-a4cd5cfe2a97,330.030,475.276
data-analyst-1785976580-58b209b7e634,330.050,330.051
wide-researcher-1785976642-6f5763ff065c,330.059,650.312
reviewer-1785976642-ebce9e62bc20,330.094,688.455
data-analyst-1785976586-7e77f34e8be6,330.195,470.544
data-analyst-1785976586-3e2021018780,330.209,421.116
data-analyst-1785976586-9b4e8fd415cd,330.274,418.773
data-analyst-1785976642-58270eafc109,330.338,691.104
deep-researcher-1785976642-e31587caabc0,330.393,459.023
wide-researcher-1785976642-718ef458fcba,330.419,664.220
reviewer-1785976642-8c1e9b542f92,330.454,690.388
data-analyst-1785976642-8388f8c692af,330.691,680.569
data-analyst-1785976580-5c0ecef198f5,330.744,330.744
deep-researcher-1785976642-921a3840bd38,330.828,557.255
wide-researcher-1785976642-f9e6a65f7c3c,330.855,542.106
reviewer-1785976643-c8f175c821cb,330.916,654.152
data-analyst-1785976643-0c62c8bd6e97,330.960,679.054
deep-researcher-1785976643-6023c3880afe,331.001,536.265
wide-researcher-1785976643-2d902c4cd0be,331.039,681.972
reviewer-1785976643-f1734b54d148,331.085,676.026
data-analyst-1785976643-ffa108869cc4,331.141,655.438
deep-researcher-1785976643-1510c8488df6,331.168,531.644
wide-researcher-1785976643-8f6fafcce532,331.186,639.257
data-analyst-1785976557-20e0f965fce4,331.235,421.379
reviewer-1785976643-7d5fe75a3637,331.235,685.141
data-analyst-1785976643-d0311caa4608,331.360,647.629
data-analyst-1785976546-5bfc00fcb19e,331.368,331.368
deep-researcher-1785976643-045f08516b83,331.380,685.205
wide-researcher-1785976643-5b5e9cd56f08,331.474,560.176
reviewer-1785976643-bc6196b272e9,331.551,683.281
data-analyst-1785976643-0c2aa41884db,331.624,653.057
data-analyst-1785976523-688c5c32d901,331.728,331.728
deep-researcher-1785976643-f131f13817ad,331.736,697.761
wide-researcher-1785976644-1babbde1a7df,331.829,542.792
reviewer-1785976644-b0da42bd8451,331.864,657.759
data-analyst-1785976644-067ff8e392a5,331.906,666.805
deep-researcher-1785976644-2d9c5a2b8f83,331.965,682.770
wide-researcher-1785976644-d0d9733cd129,332.086,675.340
data-analyst-1785976531-a24186a5bde2,332.137,332.138
reviewer-1785976644-00e69378c7c7,332.202,676.249
data-analyst-1785976644-9d22e2d2a521,332.262,655.594
data-analyst-1785976573-61f13de5da23,332.339,332.339
deep-researcher-1785976644-cc6551a265a0,332.347,556.712
wide-researcher-1785976644-2252792148c6,332.373,690.861
reviewer-1785976644-317ef1d803cd,332.423,689.866
data-analyst-1785976644-38c773b4abe3,332.511,678.055
deep-researcher-1785976644-72318c901d33,332.548,551.172
wide-researcher-1785976644-23984432f2ba,332.598,533.895
reviewer-1785976645-3134d6d890f0,332.615,676.701
data-analyst-1785976645-c96ca1ca0b0d,332.676,681.727
deep-researcher-1785976645-17094b093648,332.746,684.233
wide-researcher-1785976645-8a298cf54331,332.764,671.782
reviewer-1785976645-6776aa9dbce7,332.813,669.453
data-analyst-1785976645-a329c9c309c1,332.875,684.330
data-analyst-1785976558-085b85209ad2,333.003,543.730
data-analyst-1785976558-cac7f628c162,333.017,426.916
deep-researcher-1785976645-39bfc2c29e94,333.078,673.408
wide-researcher-1785976645-bc5a99d12b8b,333.128,661.528
reviewer-1785976645-e24adb984fc0,333.341,670.131
data-analyst-1785976645-df2b1c530c53,333.453,662.289
deep-researcher-1785976645-8ddb570c97b8,333.482,514.523
wide-researcher-1785976645-77888b4c2245,333.538,531.332
reviewer-1785976645-38528fb5df12,333.608,649.895
data-analyst-1785976543-399008a43378,333.672,333.672
data-analyst-1785976646-60ee85b80da9,333.718,643.284
deep-researcher-1785976646-304ecf72ba35,333.776,683.757
data-analyst-1785976585-7d41969398b2,333.805,423.040
data-analyst-1785976562-cc3439fa6b0e,333.836,333.836
wide-researcher-1785976646-1e37581ea868,333.840,543.328
reviewer-1785976646-fbb8b1003d6f,333.861,666.478
data-analyst-1785976646-a67a050974b5,333.923,692.619
deep-researcher-1785976646-1a475aee794f,333.953,690.063
data-analyst-1785976588-6841370f8fd2,333.966,435.942
data-analyst-1785976588-bf6a4c49c4bc,333.979,420.583
wide-researcher-1785976646-333c1fe8b74d,333.983,675.594
reviewer-1785976646-6d1183e90d69,334.011,674.944
data-analyst-1785976646-fe64d407199a,334.066,682.196
deep-researcher-1785976646-f7c2dd4889a1,334.115,588.204
wide-researcher-1785976646-ddef47702980,334.133,449.002
reviewer-1785976646-245f8dab7d04,334.205,692.419
data-analyst-1785976646-ff54311fa652,334.259,558.107
deep-researcher-1785976646-a395ef7dd9f8,334.328,538.365
wide-researcher-1785976646-b5545f1924e6,334.366,679.671
reviewer-1785976646-d9c938cfa5d4,334.394,691.810
data-analyst-1785976646-ea55f21f0edc,334.473,659.547
data-analyst-1785976553-3843336022e0,334.584,334.584
deep-researcher-1785976646-492d5ae49d5f,334.623,534.658
wide-researcher-1785976646-771974271a35,334.851,663.443
reviewer-1785976646-01c1e296f284,334.936,577.570
data-analyst-1785976529-6c2c4eb67d19,335.010,435.427
data-analyst-1785976647-12c49cd1612f,335.047,652.683
deep-researcher-1785976647-d118851ea202,335.110,669.356
wide-researcher-1785976647-fafdc3ca5d94,335.234,531.871
reviewer-1785976647-79a9b348c6d9,335.276,686.269
data-analyst-1785976647-bd1c4af2487f,335.370,688.898
deep-researcher-1785976647-ee7831251a42,335.463,552.030
wide-researcher-1785976647-3f4790ace98e,335.525,544.509
reviewer-1785976647-79c965d49108,335.563,651.587
data-analyst-1785976647-22955a6fa379,335.624,545.183
deep-researcher-1785976648-3b1be548bdfe,335.656,591.828
data-analyst-1785976551-f9b28eb54b98,335.676,335.677
wide-researcher-1785976648-c2bb174df95d,335.694,552.167
reviewer-1785976648-1e264678e570,335.717,690.183
data-analyst-1785976556-c6977204b773,335.756,335.757
data-analyst-1785976648-b0062b4c3077,335.766,685.988
deep-researcher-1785976648-3f597704af7c,335.788,691.579
data-analyst-1785976577-97347c8d25a1,335.822,335.822
wide-researcher-1785976648-f814d314fbb4,335.836,512.003
data-analyst-1785976589-36ed73e4cc5d,335.854,427.325
reviewer-1785976648-34442a3f80e8,335.909,652.038
data-analyst-1785976554-3abc5c4cd369,335.967,335.967
data-analyst-1785976589-a65a4b2fab58,336.055,419.564
data-analyst-1785976648-cb2d0aed4b89,336.105,693.445
data-analyst-1785976580-4ee9a6795652,336.300,336.301
deep-researcher-1785976648-37befa661931,336.300,536.483
data-analyst-1785976578-2de7144b6d1d,336.319,336.321
wide-researcher-1785976648-e398b1014b37,336.348,551.613
reviewer-1785976648-7998185fa9b9,336.369,681.799
data-analyst-1785976648-a1036394440d,336.438,664.595
deep-researcher-1785976648-b9b1fa89d2db,336.458,533.130
data-analyst-1785976577-ad1ca0518e73,336.483,336.483
wide-researcher-1785976648-6262fd6747c8,336.545,649.243
data-analyst-1785976521-3014b97e1b0c,336.573,336.574
data-analyst-1785976533-2ac7645bc739,336.587,336.587
data-analyst-1785976572-e85e365da3e0,336.600,336.601
reviewer-1785976648-ecc946d6c22a,336.622,660.856
data-analyst-1785976649-a65837483264,336.717,692.403
data-analyst-1785976541-899f7ec6b015,336.746,336.746
deep-researcher-1785976649-07dec8451ff3,336.750,677.595
wide-researcher-1785976649-723be3a5fe2b,336.786,537.185
data-analyst-1785976560-05ed6a07ba8a,336.836,336.837
reviewer-1785976649-7135614156df,336.947,660.663
data-analyst-1785976649-47e7c17678b6,337.007,691.995
deep-researcher-1785976649-b0a451072c67,337.038,639.276
wide-researcher-1785976649-0a2cd2037592,337.076,670.319
reviewer-1785976649-fcf5f8f758a1,337.095,677.762
data-analyst-1785976649-d207abb11319,337.146,663.848
deep-researcher-1785976649-f81c41ffab7b,337.169,550.725
wide-researcher-1785976649-0b94e4657cc2,337.208,573.735
reviewer-1785976649-552139dd4ace,337.229,683.530
data-analyst-1785976649-e96196cbfc34,337.289,669.497
deep-researcher-1785976649-b205383d364f,337.307,548.114
wide-researcher-1785976649-f2edc77c6132,337.336,542.351
data-analyst-1785976560-9b2b2f199724,337.403,419.372
reviewer-1785976649-4e553f997b0f,337.432,689.578
data-analyst-1785976649-3b76360633f9,337.582,671.315
deep-researcher-1785976649-231fe4a6c108,337.613,571.322
data-analyst-1785976580-1841001a9405,337.617,337.618
wide-researcher-1785976649-c1bb983eaef8,337.652,637.222
data-analyst-1785976590-e97a773d9243,337.666,457.620
data-analyst-1785976590-268038a22cd4,337.720,418.337
reviewer-1785976650-c4355cfad786,337.741,691.452
data-analyst-1785976585-f66d5c38ec87,337.786,423.599
data-analyst-1785976552-0294400cf2f8,337.820,337.820
data-analyst-1785976650-c8f37eb7fe3c,337.880,655.715
data-analyst-1785976584-2f2915526942,337.908,432.341
deep-researcher-1785976650-b8b4533203fc,337.925,687.583
wide-researcher-1785976650-d8b4ecf17970,337.965,561.783
reviewer-1785976650-781478604a18,338.140,667.036
data-analyst-1785976650-e3bbf99371a7,338.231,671.110
data-analyst-1785976522-1f831fd90128,338.254,338.255
deep-researcher-1785976650-c064ad9db23d,338.262,539.049
wide-researcher-1785976650-45a0690ad60a,338.459,537.870
reviewer-1785976650-643dc10655e8,338.477,691.039
data-analyst-1785976650-618764aad3c3,338.526,675.482
deep-researcher-1785976650-bff8a7492c4d,338.553,511.449
data-analyst-1785976584-24665b99a137,338.558,440.374
data-analyst-1785976584-5b0a6b96d404,338.589,338.589
wide-researcher-1785976651-07bdf47d9ec8,338.602,643.786
reviewer-1785976651-8fc6df039205,338.618,658.327
data-analyst-1785976651-ca00144ac71b,338.657,684.946
deep-researcher-1785976651-160f8b01a440,338.734,642.874
wide-researcher-1785976651-360304faa47a,338.755,539.409
reviewer-1785976651-12efbfa3a4a3,338.798,674.690
data-analyst-1785976651-73f383e62dc6,338.830,696.768
deep-researcher-1785976651-b4204139ad80,338.900,548.389
wide-researcher-1785976651-fb8d2e29a8e2,338.938,551.740
reviewer-1785976651-de71ba84021e,338.956,647.036
data-analyst-1785976558-3f8d8af8e5e4,339.025,414.871
data-analyst-1785976651-cd0a662bbafd,339.093,669.405
deep-researcher-1785976651-ca273ae6adeb,339.121,618.651
wide-researcher-1785976651-268aa3923ec4,339.160,556.818
reviewer-1785976651-2a6827712343,339.252,679.200
data-analyst-1785976651-17de749d8de9,339.394,654.203
deep-researcher-1785976651-c67329d60750,339.439,641.697
wide-researcher-1785976651-c1cd07c5b501,339.481,675.966
reviewer-1785976651-14d2e6c2b59a,339.568,687.795
data-analyst-1785976651-97a619ae749a,339.630,678.621
deep-researcher-1785976652-f436e024e81a,339.743,663.523
wide-researcher-1785976652-3cc227827176,339.771,665.352
data-analyst-1785976587-1d707d866f5b,339.831,424.065
reviewer-1785976652-b94b9807591d,339.882,664.162
data-analyst-1785976652-bbea13ec541d,339.971,676.875
deep-researcher-1785976652-719cb9974e66,339.990,689.915
wide-researcher-1785976652-fb89d03a9ed6,340.010,493.605
reviewer-1785976652-ca268f344045,340.069,689.833
data-analyst-1785976652-dd626100b0ca,340.124,695.313
deep-researcher-1785976652-42098d115591,340.149,551.986
data-analyst-1785976570-1e43f06ec78b,340.169,421.055
wide-researcher-1785976652-00bae79d4d49,340.194,688.638
reviewer-1785976652-2733524707a0,340.255,677.510
data-analyst-1785976652-1257b1b9a7ca,340.303,649.400
deep-researcher-1785976652-6e97218d5849,340.332,552.001
wide-researcher-1785976652-2282b2bd6180,340.351,658.927
reviewer-1785976652-e835b3819aec,340.413,673.986
data-analyst-1785976579-0ce4f6e94492,340.440,340.441
data-analyst-1785976652-ada6c980fcc0,340.470,658.543
data-analyst-1785976581-8be6e819e36b,340.543,417.162
data-analyst-1785976571-6315bde9721e,340.596,340.597
deep-researcher-1785976652-086fcdc74b01,340.601,533.752
wide-researcher-1785976652-ea3adeecd24f,340.641,592.763
data-analyst-1785976568-8ac30df115bc,340.666,497.267
data-analyst-1785976561-035f541f8fef,340.699,340.699
data-analyst-1785976554-a40eede45369,340.714,340.715
data-analyst-1785976560-29b2abbeed48,340.742,418.146
reviewer-1785976652-56148b2fb626,340.776,683.851
data-analyst-1785976653-32a2db03c76c,340.839,691.295
deep-researcher-1785976653-15000ba7572f,340.897,544.842
wide-researcher-1785976653-50b1eb7b9283,340.998,665.314
reviewer-1785976653-465cd768f99a,341.028,689.764
data-analyst-1785976653-9c25ccf6a7b0,341.081,664.320
deep-researcher-1785976653-74340ba01b0f,341.141,664.261
wide-researcher-1785976653-6d5a1490e8b6,341.190,633.858
reviewer-1785976653-4396c9524693,341.261,669.790
data-analyst-1785976653-26d1b12c6aff,341.406,637.067
data-analyst-1785976550-fdb270bbec1e,341.407,341.411
data-analyst-1785976555-83362ecb59bf,341.465,341.466
deep-researcher-1785976653-d711292b43db,341.486,534.970
wide-researcher-1785976653-d3706c7c5648,341.505,574.225
deep-researcher-1785976654-25a7d08a9cb6,341.524,645.446
wide-researcher-1785976654-e3daaf7b03a3,341.553,659.341
deep-researcher-1785976654-2299ba3010ac,341.583,556.924
data-analyst-1785976586-dd1cebb4953e,341.610,341.610
wide-researcher-1785976654-caefdb155c04,341.619,622.662
data-analyst-1785976568-e3028bd7a243,341.629,341.629
data-analyst-1785976585-e13269d11a66,341.643,341.644
deep-researcher-1785976654-49aa6e2add38,341.657,556.743
wide-researcher-1785976654-a4d373466786,341.706,667.132
deep-researcher-1785976654-21558c7408a8,341.733,636.436
wide-researcher-1785976654-8fd3b208818e,341.775,550.589
data-analyst-1785976571-999b55679291,341.822,341.822
data-analyst-1785976564-48f142595263,341.838,341.839
deep-researcher-1785976654-a58470cd1f07,341.848,558.692
data-analyst-1785976575-2a0796d4b1c0,341.858,341.859
wide-researcher-1785976654-7308aede08f3,341.914,681.747
deep-researcher-1785976654-a0c97f89198f,341.980,555.060
data-analyst-1785976592-877f15063434,342.011,418.846
wide-researcher-1785976654-c884647103d8,342.115,674.229
deep-researcher-1785976654-b1d2f827887d,342.147,681.472
data-analyst-1785976584-b4542bda2ce1,342.163,342.163
data-analyst-1785976569-e949fd58ae2c,342.180,342.180
wide-researcher-1785976654-8a52d58b41d9,342.189,679.769
deep-researcher-1785976654-bf75003e271d,342.282,696.733
data-analyst-1785976571-d1985dc1dc93,342.282,342.283
wide-researcher-1785976654-a2a829851e8a,342.464,494.298
deep-researcher-1785976654-3110f3dd2c5d,342.506,688.730
wide-researcher-1785976655-2ba9ac7cee27,342.540,671.033
deep-researcher-1785976655-3f7a6d489e8d,342.583,533.268
wide-researcher-1785976655-eae52aa1d11c,342.667,669.120
deep-researcher-1785976655-ff32d86c970c,342.702,557.632
data-analyst-1785976531-234d940a8bf5,342.744,342.744
data-analyst-1785976569-cdd1c7beae21,342.774,342.775
wide-researcher-1785976655-d77910781d2b,342.788,549.504
data-analyst-1785976590-b6fbc098610b,342.898,418.582
deep-researcher-1785976655-cfdc736a538b,342.919,546.899
data-analyst-1785976586-be08d9c9eb7d,342.924,429.886
wide-researcher-1785976655-539a96fd9c6f,343.022,675.664
deep-researcher-1785976655-4be68b442b06,343.041,696.618
wide-researcher-1785976655-356a7144aca8,343.099,688.667
deep-researcher-1785976655-7f35748b200e,343.130,698.566
wide-researcher-1785976655-b50b1522594b,343.164,655.286
deep-researcher-1785976655-1cce36bb7a68,343.221,619.765
wide-researcher-1785976655-39f64e2e5870,343.281,674.323
deep-researcher-1785976655-fca941466644,343.343,676.148
wide-researcher-1785976655-8747c9c9eaf4,343.364,493.587
deep-researcher-1785976655-d573d2b32c43,343.453,636.630
wide-researcher-1785976655-9191e8c4bfe4,343.493,674.491
deep-researcher-1785976656-737ca2f6194d,343.867,655.997
wide-researcher-1785976656-9beba8662ed2,343.972,659.902
deep-researcher-1785976656-c51f5a58fa32,344.003,690.628
data-analyst-1785976593-b928216f0059,344.017,441.276
wide-researcher-1785976656-a9f860ee3076,344.022,668.426
data-analyst-1785976593-0735b6352bcb,344.035,431.949
deep-researcher-1785976656-fe2d3a2a0d94,344.055,442.637
wide-researcher-1785976656-01bed67261a5,344.094,680.215
data-analyst-1785976586-c5fae4679f98,344.108,344.108
data-analyst-1785976578-f72345750af8,344.136,419.419
deep-researcher-1785976656-63eb1f64bb5b,344.159,674.406
wide-researcher-1785976656-3cb110a0548b,344.188,558.487
deep-researcher-1785976656-554986b20b68,344.287,538.014
data-analyst-1785976556-75bf9b230a1c,344.305,344.306
wide-researcher-1785976656-f0f49575561e,344.433,562.425
deep-researcher-1785976656-52131d36c25b,344.492,559.536
wide-researcher-1785976657-73fa954000fb,344.511,546.360
data-analyst-1785976581-8bdae855aaeb,344.541,344.542
deep-researcher-1785976657-463870d69874,344.554,534.134
data-analyst-1785976580-da90fd7183cd,344.559,344.559
wide-researcher-1785976657-1dbd1e440200,344.649,500.422
data-analyst-1785976584-36da51cec1b0,344.669,344.670
deep-researcher-1785976657-d7d92365b2aa,344.677,696.716
wide-researcher-1785976657-e10b367065b8,344.733,674.259
data-analyst-1785976564-d47bd900cd7e,344.754,344.755
deep-researcher-1785976657-de6a7496fe44,344.794,676.605
wide-researcher-1785976657-ae849616eb6e,344.863,558.769
deep-researcher-1785976657-8efb22338e0f,344.880,691.256
wide-researcher-1785976657-02050ddc2578,345.003,634.599
deep-researcher-1785976657-fc59e7bb53ec,345.200,689.599
wide-researcher-1785976657-910a0f8be711,345.285,669.831
deep-researcher-1785976657-3f0e51eaa84b,345.308,675.012
wide-researcher-1785976657-93c0048e7dbf,345.377,682.754
data-analyst-1785976564-44619a0c35d6,345.411,427.162
deep-researcher-1785976657-8629b70e7e38,345.513,438.963
wide-researcher-1785976657-a779bb7c77c3,345.561,656.323
deep-researcher-1785976658-7f5d59efbca1,345.616,684.776
data-analyst-1785976577-250f70097c54,345.649,414.355
wide-researcher-1785976658-15acb4290e2b,345.664,538.103
deep-researcher-1785976658-7d5b06bb50f9,345.685,538.703
wide-researcher-1785976658-1ff9fe83663f,345.730,637.607
deep-researcher-1785976658-b252ef9e864d,345.800,685.552
wide-researcher-1785976658-8d7dba5c86eb,345.932,570.901
deep-researcher-1785976658-b1aa562fcb70,345.952,540.941
wide-researcher-1785976658-4f18cff968c6,346.020,542.699
data-analyst-1785976592-80b903dc68bf,346.021,426.458
data-analyst-1785976588-68a025439a5a,346.043,346.043
deep-researcher-1785976658-a4b3f9422871,346.115,640.048
wide-researcher-1785976658-8a9bb340f1bf,346.133,539.886
deep-researcher-1785976658-122ad4571354,346.159,569.351
wide-researcher-1785976658-69748c7b3ada,346.231,485.130
deep-researcher-1785976658-fe45681eb075,346.295,696.903
wide-researcher-1785976658-5e0a70d4c8a5,346.315,671.332
deep-researcher-1785976658-1e4d18a88cfe,346.345,560.578
wide-researcher-1785976658-f35404dc8ba8,346.372,684.089
data-analyst-1785976555-e07fa1b8b462,346.563,346.563
data-analyst-1785976526-5b8294162cf9,346.579,346.580
deep-researcher-1785976658-48b4062d38c1,346.671,633.703
data-analyst-1785976586-b26ea89feb35,346.694,346.695
wide-researcher-1785976658-c995ee12b383,346.711,544.674
data-analyst-1785976592-62c3b4a6165a,346.725,428.279
deep-researcher-1785976659-856bceced607,346.797,534.954
wide-researcher-1785976659-05922dc789e5,346.816,674.442
deep-researcher-1785976659-cf2e8891a6be,346.890,643.313
wide-researcher-1785976659-16bd14691ce2,346.996,671.926
deep-researcher-1785976659-9dd41cdffa99,347.027,541.527
data-analyst-1785976592-d88d71c1e5de,347.047,418.323
wide-researcher-1785976659-1f3f7a4bfeea,347.077,557.225
deep-researcher-1785976659-d74fc8470925,347.128,665.191
wide-researcher-1785976659-f7d1b61f9f07,347.179,647.103
deep-researcher-1785976659-443d8c477a5f,347.208,494.878
wide-researcher-1785976659-ff7373d95814,347.244,551.456
deep-researcher-1785976659-c694ce85e403,347.304,639.882
wide-researcher-1785976659-743f8c195a65,347.409,569.468
deep-researcher-1785976659-4f234f21a354,347.443,573.601
wide-researcher-1785976659-91a2a1a83acf,347.508,689.331
deep-researcher-1785976660-2409e11abfad,347.541,689.033
wide-researcher-1785976660-98e46b60ab1e,347.604,513.827
deep-researcher-1785976660-f28ca68f7ee9,347.633,676.104
wide-researcher-1785976660-1b36d78efc20,347.671,690.121
data-analyst-1785976561-f512e693a26b,347.726,433.310
deep-researcher-1785976660-09ff81d72c82,347.832,699.462
wide-researcher-1785976660-73b295c237d8,347.864,547.610
deep-researcher-1785976660-94e60a18effb,347.965,538.860
wide-researcher-1785976660-887b852a9dd8,348.026,644.422
data-analyst-1785976535-453b00e8a1a7,348.201,348.201
deep-researcher-1785976660-d3b681d69185,348.225,547.915
wide-researcher-1785976660-e13b639fb7da,348.307,545.852
deep-researcher-1785976660-3dc83a45a9ff,348.401,601.656
wide-researcher-1785976660-21a386f62be8,348.518,555.028
data-analyst-1785976584-438a4d84bff1,348.668,348.668
deep-researcher-1785976660-bb43a3cd8867,348.677,613.615
wide-researcher-1785976661-3ea92aa5e0d3,348.757,554.921
deep-researcher-1785976661-3441e7fac089,348.812,688.393
data-analyst-1785976595-745257616e22,348.912,418.687
wide-researcher-1785976661-6412d01d444e,348.920,541.512
data-analyst-1785976595-0ababd89506c,348.925,421.130
deep-researcher-1785976661-d0193099c0f6,348.952,689.087
wide-researcher-1785976661-216096eb23ae,349.028,663.779
deep-researcher-1785976661-a3e9facd9974,349.048,536.605
wide-researcher-1785976661-fbf42b1440b1,349.078,558.974
deep-researcher-1785976661-647d1590001b,349.097,669.772
wide-researcher-1785976661-761adae95f87,349.128,687.740
deep-researcher-1785976661-269c9da97627,349.183,488.663
wide-researcher-1785976661-bc525799d781,349.261,498.216
deep-researcher-1785976661-1982b40c0159,349.336,535.761
wide-researcher-1785976661-6998f4652743,349.375,664.892
deep-researcher-1785976661-d16bc4bdc104,349.406,684.287
data-analyst-1785976581-ce68de749c80,349.457,349.457
wide-researcher-1785976661-d81835e36098,349.483,601.259
data-analyst-1785976558-10fdb92623ba,349.584,349.584
deep-researcher-1785976661-f240b6de7635,349.697,443.680
data-analyst-1785976570-c08d9c0c301f,349.703,349.703
wide-researcher-1785976662-2b8aaa7842e3,349.726,460.315
deep-researcher-1785976662-800bba536935,349.747,686.052
wide-researcher-1785976662-102a383565f4,349.797,580.439
data-analyst-1785976595-fa2dfdf431bc,349.961,436.387
deep-researcher-1785976662-db366905cd16,349.971,636.108
wide-researcher-1785976662-78715f0bc9dd,350.012,647.827
deep-researcher-1785976662-90e59704caab,350.032,539.797
data-analyst-1785976581-edc3622aee18,350.033,418.999
wide-researcher-1785976662-16bc319a74d6,350.096,605.316
deep-researcher-1785976662-d6503aa9c8a0,350.160,636.252
wide-researcher-1785976662-1234446502ca,350.188,691.022
deep-researcher-1785976662-09bb2bb95fc3,350.223,681.872
wide-researcher-1785976662-bf8012de697b,350.433,676.086
deep-researcher-1785976662-c012ba04818f,350.463,689.680
wide-researcher-1785976662-2691428df1e2,350.526,659.765
deep-researcher-1785976663-af4603e9e2f1,350.594,696.658
wide-researcher-1785976663-0e1f31ce35d3,350.616,677.235
deep-researcher-1785976663-3a854be57117,350.690,651.664
data-analyst-1785976566-d8d9ad5a11b5,350.705,428.490
data-analyst-1785976536-225ea3c03164,350.719,421.750
wide-researcher-1785976663-f363accfacda,350.719,588.674
data-analyst-1785976566-491325bf1d40,350.736,425.530
deep-researcher-1785976663-7defa7775335,350.765,667.084
wide-researcher-1785976663-18f159da9f21,350.830,667.406
deep-researcher-1785976663-239a144fea63,350.849,568.690
wide-researcher-1785976663-be5e1384c451,350.920,616.991
data-analyst-1785976559-5aa97b85b965,350.965,350.966
data-analyst-1785976579-ef75d2e5e655,350.980,350.980
deep-researcher-1785976663-3df409d6a61a,350.989,697.345
wide-researcher-1785976663-ed667763999c,351.053,559.564
data-analyst-1785976581-dca191476737,351.127,417.097
deep-researcher-1785976663-4c87c40839e7,351.210,666.540
data-analyst-1785976558-af36e461181a,351.236,351.236
wide-researcher-1785976663-7bf513184c40,351.237,651.218
data-analyst-1785976589-cb6112087304,351.297,438.504
deep-researcher-1785976663-589af9910ea6,351.306,653.690
wide-researcher-1785976663-acdbcce00432,351.453,682.092
deep-researcher-1785976663-e2419b292f76,351.481,539.972
wide-researcher-1785976664-a7dcd66da24a,351.519,565.220
deep-researcher-1785976664-bc6c1f4a9693,351.537,676.506
wide-researcher-1785976664-30d264021a1e,351.603,672.667
deep-researcher-1785976664-a0e47f407c24,351.665,677.059
data-analyst-1785976585-3969ae8cc627,351.724,351.725
wide-researcher-1785976664-9f5a4c7b8d73,351.733,664.106
data-analyst-1785976586-a652acb252f1,351.742,351.742
deep-researcher-1785976664-c2d27d557543,351.754,646.737
data-analyst-1785976578-2cb3a780bf31,351.816,351.816
wide-researcher-1785976664-e6c61df90b9c,351.842,542.973
data-analyst-1785976588-22cb9924d211,351.940,351.940
deep-researcher-1785976664-a1ba06b6af5a,351.977,692.244
wide-researcher-1785976664-58f7c7eec7a5,352.041,557.240
deep-researcher-1785976664-ed529c78da5c,352.070,545.836
data-analyst-1785976584-9d5e0c2459bb,352.094,448.725
wide-researcher-1785976664-22fce2f24981,352.102,541.938
deep-researcher-1785976664-3fa8be5b1971,352.133,549.896
wide-researcher-1785976664-b9e7babce854,352.207,672.411
data-analyst-1785976585-9a1911ed8912,352.273,352.273
deep-researcher-1785976664-03f9be83c5e7,352.281,564.561
wide-researcher-1785976664-37a12444ff2b,352.358,527.762
deep-researcher-1785976664-fc136e48a04e,352.430,679.338
wide-researcher-1785976664-f17097361a04,352.462,626.135
deep-researcher-1785976664-f9ef28c535a1,352.491,537.837
wide-researcher-1785976665-cf67207b7214,352.520,673.330
deep-researcher-1785976665-77d168ec6808,352.570,447.297
wide-researcher-1785976665-78dfbff76e59,352.749,652.558
data-analyst-1785976533-b7813ac99586,352.903,418.241
deep-researcher-1785976665-d17604c54a99,352.964,578.613
wide-researcher-1785976665-306ee7a8ea70,352.996,647.859
deep-researcher-1785976665-0103108cc713,353.037,540.509
data-analyst-1785976540-4432eb82ed55,353.099,353.099
wide-researcher-1785976665-e8f0ea540a9c,353.117,675.284
deep-researcher-1785976665-04cf0386107f,353.203,678.274
wide-researcher-1785976665-d3ae60a4ccf3,353.245,593.357
deep-researcher-1785976665-d11bb9f741e4,353.263,593.756
data-analyst-1785976597-dec5dccc3535,353.280,419.358
data-analyst-1785976581-b6fda33109ef,353.447,435.411
wide-researcher-1785976665-151f52e24a2d,353.448,673.475
deep-researcher-1785976665-60090a7b36bb,353.546,560.922
wide-researcher-1785976666-e3b0e738fea1,353.576,693.736
deep-researcher-1785976666-23c36573f5f9,353.629,682.309
wide-researcher-1785976666-82635b563425,353.649,547.808
deep-researcher-1785976666-a9944b14e0f0,353.704,688.172
wide-researcher-1785976666-f60270302d5b,353.745,559.591
data-analyst-1785976589-6e15e6770646,353.780,353.780
deep-researcher-1785976666-f72a463178cd,353.785,677.004
data-analyst-1785976574-ccfa0abce280,353.798,353.798
wide-researcher-1785976666-3a50d0253265,353.865,637.192
deep-researcher-1785976666-c6f484e0b61a,353.899,688.329
wide-researcher-1785976666-154746f73531,353.948,563.008
deep-researcher-1785976666-c20ee60d6c89,353.979,535.951
wide-researcher-1785976666-cacefe476bcf,354.032,647.759
deep-researcher-1785976666-8c279974fa8e,354.074,677.554
data-analyst-1785976589-11e78693e03e,354.159,354.159
wide-researcher-1785976666-de254150d08d,354.220,657.777
deep-researcher-1785976666-d78992402413,354.243,541.086
wide-researcher-1785976666-ec1e1277fefe,354.292,639.994
data-analyst-1785976554-4a0d4e755117,354.293,354.297
data-analyst-1785976592-7b47d7734927,354.401,354.402
deep-researcher-1785976666-0421e68333c1,354.470,453.401
wide-researcher-1785976666-d018321a5009,354.510,539.143
data-analyst-1785976561-8d56232f6c63,354.538,417.318
deep-researcher-1785976667-a53d176f82d1,354.542,660.893
wide-researcher-1785976667-f1f87bdc5dae,354.589,644.438
data-analyst-1785976589-88381f1cc649,354.622,354.622
deep-researcher-1785976667-bce63d07b19b,354.626,540.240
wide-researcher-1785976667-491a4de29f11,354.745,666.262
deep-researcher-1785976667-a2f827cba4a4,354.762,559.123
wide-researcher-1785976667-07df1fa3af34,354.860,559.425
deep-researcher-1785976667-f2aec616f395,354.966,537.677
wide-researcher-1785976667-7b1572f88be9,354.995,544.283
deep-researcher-1785976667-51f49fd8e646,355.060,543.313
wide-researcher-1785976667-515528a40563,355.095,687.779
deep-researcher-1785976667-197bb1b46ebb,355.123,577.182
wide-researcher-1785976667-25274d321204,355.148,561.198
deep-researcher-1785976667-9cc38e855f36,355.205,690.366
wide-researcher-1785976667-cf154d976942,355.223,684.475
deep-researcher-1785976667-3dd723911dda,355.255,638.046
wide-researcher-1785976667-09d23a728365,355.284,666.177
deep-researcher-1785976667-e27c344a340c,355.375,554.137
wide-researcher-1785976667-0049e7ed42a6,355.415,554.150
deep-researcher-1785976667-cfe0bd749ee6,355.465,690.306
wide-researcher-1785976667-393900977f2e,355.509,596.073
deep-researcher-1785976668-8cbf1e9eaf84,355.553,698.485
wide-researcher-1785976668-518574bb09f3,355.582,556.849
data-analyst-1785976545-5a161edf259f,355.667,416.966
deep-researcher-1785976668-41e12f82e420,355.759,672.760
data-analyst-1785976598-8fd137f752fa,355.801,429.649
wide-researcher-1785976668-ca3adca1e759,355.806,573.439
deep-researcher-1785976668-bff81885ccac,355.978,569.056
wide-researcher-1785976668-689afbea22db,356.016,464.091
data-analyst-1785976598-27a45fdf5e96,356.017,425.738
deep-researcher-1785976668-97ef213087d7,356.059,576.723
data-analyst-1785976555-3c4b4b3745ce,356.089,356.089
wide-researcher-1785976668-ff95c0e6ee7f,356.129,560.161
data-analyst-1785976520-6a042d97d6ba,356.220,415.955
deep-researcher-1785976668-118dff909dc0,356.273,551.063
wide-researcher-1785976668-2c37bd38d8ac,356.291,669.687
deep-researcher-1785976668-7578983f0118,356.385,646.814
data-analyst-1785976598-6b4e22dd32f5,356.386,415.406
data-analyst-1785976598-c67704c3d00a,356.404,424.963
data-analyst-1785976544-edb971edfcbb,356.457,356.457
wide-researcher-1785976668-b12465f974cd,356.465,570.069
deep-researcher-1785976668-c5ea4704866e,356.514,680.664
wide-researcher-1785976669-7ad3737d770c,356.565,643.220
deep-researcher-1785976669-48c9e8556694,356.605,679.590
data-analyst-1785976598-75b8ec673ca1,356.631,423.860
wide-researcher-1785976669-f94c23a7d381,356.646,541.252
deep-researcher-1785976669-0a8187780854,356.676,691.203
wide-researcher-1785976669-c104773664e7,356.727,574.545
data-analyst-1785976540-892e77f08d03,356.741,356.742
deep-researcher-1785976669-cc10a1213cf8,356.767,556.408
wide-researcher-1785976669-b7f1a8013483,356.808,642.293
deep-researcher-1785976669-48a614ed41dc,356.855,685.157
wide-researcher-1785976669-f048cf9aa6b7,356.886,682.819
deep-researcher-1785976669-7f477b0dd62b,356.924,685.173
wide-researcher-1785976669-733d57d47087,356.967,557.078
deep-researcher-1785976669-db8291b699c7,356.987,686.673
wide-researcher-1785976669-ea2fac048550,357.012,647.513
deep-researcher-1785976669-647f7ceb868f,357.055,635.912
wide-researcher-1785976669-e952894643f0,357.260,680.378
data-analyst-1785976589-5c640f0251c6,357.271,357.272
data-analyst-1785976580-99e8da59da59,357.286,357.286
data-analyst-1785976579-c2dcd1a07099,357.453,357.454
deep-researcher-1785976669-ebbd10c234cf,357.496,687.686
wide-researcher-1785976669-51a2f35278cb,357.535,683.467
deep-researcher-1785976670-565b81b32313,357.578,573.956
wide-researcher-1785976670-011a2c3916c3,357.609,675.066
deep-researcher-1785976670-7a353fdc24d5,357.652,691.599
wide-researcher-1785976670-628291bc32e7,357.776,546.488
deep-researcher-1785976670-fe80815bd483,357.807,624.712
data-analyst-1785976592-91c9a2caddcb,357.840,414.640
data-analyst-1785976592-8abe0fe13fbb,357.858,421.605
data-analyst-1785976566-89b61945b647,357.876,357.876
wide-researcher-1785976670-b93616a37516,357.893,678.128
deep-researcher-1785976670-e306e56c31c4,357.993,537.757
data-analyst-1785976598-40bea8d93900,358.041,435.506
data-analyst-1785976598-dee8742beeb8,358.054,436.055
wide-researcher-1785976670-2173ec6b8294,358.115,668.502
deep-researcher-1785976670-c899fb9b2ee3,358.153,662.897
wide-researcher-1785976670-628d9940e360,358.180,544.971
deep-researcher-1785976670-65819ac10e56,358.198,638.185
data-analyst-1785976581-76e93c0741e1,358.212,358.212
wide-researcher-1785976670-31cc45980d04,358.224,559.672
data-analyst-1785976587-d77fa9faecce,358.225,358.229
deep-researcher-1785976670-6c87c8d8220c,358.241,692.051
wide-researcher-1785976670-4e568ccd870a,358.282,680.168
deep-researcher-1785976670-1ef0c355c40e,358.329,683.045
wide-researcher-1785976670-6c47b9e9586f,358.400,687.013
deep-researcher-1785976670-43d644af40e8,358.436,698.099
wide-researcher-1785976670-2fce541d3f83,358.477,666.927
deep-researcher-1785976671-20b787080a3e,358.494,543.545
wide-researcher-1785976671-2b778e4240b7,358.522,683.395
deep-researcher-1785976671-4dd09546553b,358.573,582.143
wide-researcher-1785976671-de481a60ff9d,358.743,683.613
deep-researcher-1785976671-6320584db72b,358.784,675.804
wide-researcher-1785976671-d1afbc817a3c,358.828,666.972
data-analyst-1785976553-517166ce1d72,358.838,430.856
data-analyst-1785976537-e275958757fb,358.851,432.589
deep-researcher-1785976671-3b6b8febfbd0,358.944,586.666
wide-researcher-1785976671-f8fbcb95c454,358.994,548.014
data-analyst-1785976599-b3fdd6755cfd,359.021,417.525
data-analyst-1785976599-9c1b9e2189b7,359.034,425.661
deep-researcher-1785976671-a63b5a163de8,359.041,696.489
data-analyst-1785976599-95733427a3e1,359.050,421.892
data-analyst-1785976599-0072b061c688,359.063,422.119
wide-researcher-1785976671-f23dbeaa8e42,359.079,539.549
deep-researcher-1785976671-6727ad03a513,359.117,646.088
data-analyst-1785976599-888f8c100541,359.144,419.644
wide-researcher-1785976671-3c5ef863dcc8,359.148,609.984
deep-researcher-1785976671-29946d91d28a,359.300,535.021
wide-researcher-1785976671-b45da5d6656c,359.318,590.569
data-analyst-1785976593-04e2618bd429,359.386,359.386
deep-researcher-1785976671-9b9115a10cf8,359.394,686.717
data-analyst-1785976587-4eac27b5091b,359.457,359.457
wide-researcher-1785976671-f416ca51c219,359.497,539.019
deep-researcher-1785976671-eb37670d52a2,359.525,665.830
wide-researcher-1785976672-64eb40b4d2fd,359.546,683.548
deep-researcher-1785976672-a5cf20fb43b4,359.599,519.722
wide-researcher-1785976672-b87584cf213b,359.659,659.033
deep-researcher-1785976672-7a4ea75fe6ea,359.679,634.801
wide-researcher-1785976672-078e9c84d877,359.707,548.580
data-analyst-1785976599-d850bdd3fa6b,359.735,427.196
data-analyst-1785976599-934b1187f1fa,359.748,531.887
data-analyst-1785976549-9664854fb07e,359.779,359.779
deep-researcher-1785976672-17b739b2d652,359.787,698.589
wide-researcher-1785976672-dbf818c4d8cf,359.823,556.620
deep-researcher-1785976672-2d6eb98eeb2c,359.840,596.139
wide-researcher-1785976672-34bb07385f30,359.876,644.815
deep-researcher-1785976672-e05775e8150f,359.957,533.877
wide-researcher-1785976672-0dcd4fe47a4c,359.986,640.872
deep-researcher-1785976672-5839f7e29f0c,360.053,558.850
data-analyst-1785976589-41d84182c582,360.205,415.377
wide-researcher-1785976672-b97c4782a80c,360.282,548.471
data-analyst-1785976591-90241ba5354f,360.316,360.317
data-analyst-1785976565-edcca2a9b17a,360.330,360.330
deep-researcher-1785976672-0cbd798425ff,360.454,551.917
data-analyst-1785976599-6d9a4c231fed,360.468,418.906
wide-researcher-1785976672-aaa97183d5a6,360.549,542.026
deep-researcher-1785976673-a9a4d3a53e0d,360.587,582.448
data-analyst-1785976598-6458a67d2f19,360.655,432.219
wide-researcher-1785976673-fd667a2e9044,360.664,557.137
data-analyst-1785976588-947d600077ed,360.706,360.706
deep-researcher-1785976673-f458696263c2,360.797,572.581
wide-researcher-1785976673-4164069cb083,360.814,659.266
deep-researcher-1785976673-8bfbe9d8f86d,360.891,644.727
wide-researcher-1785976673-c43f230cbcb0,361.004,545.745
deep-researcher-1785976673-c615d6c07181,361.056,562.040
wide-researcher-1785976673-41bd2fabd4df,361.104,684.143
deep-researcher-1785976673-0dd57b807dc8,361.202,639.785
wide-researcher-1785976673-eee22d81c7c8,361.278,673.946
deep-researcher-1785976673-e9df50c6dd9c,361.335,660.646
wide-researcher-1785976673-34cdc79c9d15,361.388,659.630
deep-researcher-1785976673-f84cb98f0ee4,361.460,550.918
wide-researcher-1785976673-2fb00b1bf8c9,361.512,672.255
deep-researcher-1785976674-1b1ade25c796,361.559,657.090
wide-researcher-1785976674-ca8414ea1b83,361.591,552.960
deep-researcher-1785976674-b5aa7cb95bca,361.759,554.312
wide-researcher-1785976674-66319f3f5ac8,361.969,665.008
data-analyst-1785976600-45af8b4a4411,361.982,485.353
data-analyst-1785976600-af935463a8a4,361.995,419.546
deep-researcher-1785976674-8c6f1b792712,362.060,698.041
wide-researcher-1785976674-0a9f64a9356f,362.110,577.087
deep-researcher-1785976674-6f5093bf3e99,362.179,549.342
wide-researcher-1785976674-0bdc9f16c99f,362.236,554.786
deep-researcher-1785976674-032ac8e9bcd0,362.313,696.221
wide-researcher-1785976674-0c519374ba95,362.333,563.240
data-analyst-1785976600-ce3a17348e36,362.388,429.182
data-analyst-1785976582-c1cd4a342dc6,362.419,362.419
deep-researcher-1785976674-bf59376287c4,362.551,532.717
wide-researcher-1785976674-7443dc5d135d,362.573,670.997
data-analyst-1785976600-c75e8c922932,362.585,419.057
data-analyst-1785976600-f99900f18355,362.599,425.765
deep-researcher-1785976675-e4db53638659,362.611,552.947
data-analyst-1785976600-43ffbda4a83c,362.612,469.952
data-analyst-1785976568-942f5cc93197,362.646,417.286
wide-researcher-1785976675-7075e08161b7,362.658,555.600
data-analyst-1785976597-e97099dbe95c,362.668,418.728
deep-researcher-1785976675-b48831aeff20,362.708,687.911
wide-researcher-1785976675-36d75a4b75c8,362.769,668.998
deep-researcher-1785976675-2201e6d179f6,362.799,679.304
data-analyst-1785976600-e203d6bbbebf,362.799,427.391
data-analyst-1785976600-e38d77caa093,362.816,426.159
wide-researcher-1785976675-b1dab37740ed,362.819,540.867
deep-researcher-1785976675-82107dc0ac17,362.898,658.202
wide-researcher-1785976675-5e6fa40051a7,362.975,673.511
deep-researcher-1785976675-e1f6d80569c6,363.006,552.641
wide-researcher-1785976675-e131b4db2ad3,363.057,551.129
deep-researcher-1785976675-3d4928045807,363.127,641.976
wide-researcher-1785976675-a83cfec2c8e3,363.234,545.391
deep-researcher-1785976675-728c5c34cf14,363.272,681.054
data-analyst-1785976600-bb51a3b77cba,363.347,423.024
data-analyst-1785976600-79bcd38c2707,363.362,417.030
data-analyst-1785976600-47ab8aca8b8b,363.375,432.923
data-analyst-1785976598-45129d008938,363.452,425.387
wide-researcher-1785976675-4b11340f03de,363.473,541.889
data-analyst-1785976568-ac920b50b3b0,363.503,363.503
data-analyst-1785976523-0e0061854940,363.516,363.516
deep-researcher-1785976675-2ebd0dc93e09,363.579,691.843
wide-researcher-1785976676-eda55e1beedd,363.611,598.729
deep-researcher-1785976676-7375a9e5bf8c,363.652,588.040
wide-researcher-1785976676-b8b3869416a8,363.744,564.468
deep-researcher-1785976676-d0a89df45d50,363.840,650.532
data-analyst-1785976600-7047148ca30e,363.862,421.715
wide-researcher-1785976676-d3536918fc3b,363.915,636.686
deep-researcher-1785976676-c308808187c5,363.997,551.188
data-analyst-1785976600-7f7318964574,364.017,533.675
data-analyst-1785976597-03a248e52c41,364.049,417.822
data-analyst-1785976592-fd6f475d038e,364.067,364.067
wide-researcher-1785976676-2c6a9ef9509a,364.079,661.476
deep-researcher-1785976676-773430cc2460,364.125,673.058
wide-researcher-1785976676-8f51a0a63763,364.173,667.335
deep-researcher-1785976676-db301c87994b,364.230,645.629
data-analyst-1785976559-e3567b8fee9c,364.244,364.244
wide-researcher-1785976676-f6b4146cba2a,364.279,544.299
deep-researcher-1785976676-6b2d95be693c,364.321,665.430
wide-researcher-1785976676-00a646ca2acc,364.340,561.764
deep-researcher-1785976676-17fec5942b6d,364.400,541.984
wide-researcher-1785976676-df5e20b0c044,364.419,583.664
deep-researcher-1785976676-5105bc19b552,364.488,685.780
wide-researcher-1785976676-f575559f54e1,364.516,578.722
deep-researcher-1785976677-1bee16a0b6bf,364.538,689.160
wide-researcher-1785976677-dcfe9f0b043e,364.619,674.132
deep-researcher-1785976677-7bef2a6e1390,364.695,573.825
wide-researcher-1785976677-94b38e753898,364.783,531.258
deep-researcher-1785976677-c65ce2f3f517,364.816,533.284
wide-researcher-1785976677-ef2d02a49fc4,364.865,545.281
deep-researcher-1785976677-1ca49273b804,364.980,635.814
wide-researcher-1785976677-e7485d2f0bbe,364.998,547.101
deep-researcher-1785976677-477bef16c672,365.038,689.402
data-analyst-1785976541-81f3732ce1fa,365.042,418.832
wide-researcher-1785976677-c5b825fdd631,365.078,546.172
deep-researcher-1785976677-2f225f298591,365.158,669.967
wide-researcher-1785976677-1490a360a56b,365.198,686.313
deep-researcher-1785976677-b4885a9af9e2,365.346,677.429
data-analyst-1785976592-bc5d038ec78b,365.416,429.496
wide-researcher-1785976677-bafe762141f7,365.505,696.860
data-analyst-1785976595-69993cf66a55,365.534,365.534
deep-researcher-1785976677-230245c5b861,365.538,552.284
data-analyst-1785976595-dea8db697d68,365.552,365.552
wide-researcher-1785976678-ea76a2d05c10,365.575,612.254
deep-researcher-1785976678-b8f2365ea429,365.670,651.531
data-analyst-1785976592-5c346500055b,365.791,365.791
data-analyst-1785976566-1e4539ff7441,365.805,365.805
wide-researcher-1785976678-6d9366cd1262,365.818,671.862
deep-researcher-1785976678-bd37d148decd,365.836,674.554
wide-researcher-1785976678-761a5186f164,365.853,488.099
data-analyst-1785976601-178e7a72ab7f,365.873,470.276
data-analyst-1785976601-182bafade010,365.888,422.017
data-analyst-1785976601-213ffb20ef67,365.902,416.052
deep-researcher-1785976678-c3ee55c71c9b,365.926,553.853
data-analyst-1785976601-7abd8bc554bb,365.972,536.734
wide-researcher-1785976678-31b9a791e70f,365.984,582.274
data-analyst-1785976601-b817fa1ae5de,365.985,425.724
deep-researcher-1785976678-9d580118a2fb,366.026,637.175
wide-researcher-1785976678-40eb795941b0,366.078,550.633
data-analyst-1785976601-c73c15d33864,366.146,424.832
data-analyst-1785976601-e38a615ca9ce,366.159,424.332
data-analyst-1785976601-3f533fd0c13f,366.172,422.315
deep-researcher-1785976678-eeeb5e06a686,366.241,697.528
wide-researcher-1785976678-95aaecf176da,366.289,546.072
deep-researcher-1785976678-e6616eaa6bfc,366.492,687.409
wide-researcher-1785976678-d9e73d678709,366.512,669.703
deep-researcher-1785976679-29a09f89871d,366.591,685.799
data-analyst-1785976598-8ddb888b05d2,366.649,423.244
wide-researcher-1785976679-1bcd1cb8f8ed,366.706,662.969
deep-researcher-1785976679-94464e2b91fa,366.771,689.383
wide-researcher-1785976679-6f424e779878,366.847,642.446
deep-researcher-1785976679-f89668b96e69,366.865,532.026
wide-researcher-1785976679-3a2edd6b8c16,367.011,552.314
deep-researcher-1785976679-42fb117cc14f,367.031,673.924
wide-researcher-1785976679-3be4be4cc346,367.085,682.179
deep-researcher-1785976679-a546ca76e5b1,367.116,682.330
data-analyst-1785976601-8d11ea2eaa00,367.243,415.847
wide-researcher-1785976679-93144b69857e,367.253,685.482
data-analyst-1785976601-583a8a70ab54,367.261,418.786
data-analyst-1785976601-942cb425220a,367.274,426.411
deep-researcher-1785976679-669123b67197,367.336,542.058
wide-researcher-1785976679-f3e92bd85735,367.354,613.973
deep-researcher-1785976679-78a20c8c01f9,367.375,580.522
wide-researcher-1785976679-d3911b60b493,367.424,639.237
deep-researcher-1785976679-cc32f454cf9b,367.502,548.722
wide-researcher-1785976679-2de6330e1459,367.521,654.525
deep-researcher-1785976680-83020b36b7fd,367.564,533.346
wide-researcher-1785976680-a6291da00237,367.595,557.354
deep-researcher-1785976680-3ce09dbd80cf,367.625,477.819
wide-researcher-1785976680-e1e4fa560096,367.713,664.014
deep-researcher-1785976680-564eb8169c12,367.803,699.042
wide-researcher-1785976680-07de65a142e5,367.875,677.926
data-analyst-1785976601-9bb82aebc128,367.944,415.517
data-analyst-1785976601-2470dcdec1e5,367.958,432.279
deep-researcher-1785976680-01cb9cdf365f,368.062,696.387
wide-researcher-1785976680-e15843faedca,368.102,621.050
deep-researcher-1785976680-4b8f91a68c08,368.213,553.670
wide-researcher-1785976680-dc2488ddb79d,368.377,637.358
deep-researcher-1785976680-fc512c5ef390,368.448,688.280
wide-researcher-1785976680-61b81c66c6d1,368.520,657.726
deep-researcher-1785976681-a95df7f40bf8,368.539,697.743
wide-researcher-1785976681-36a961a9fd7a,368.608,535.968
deep-researcher-1785976681-75ab8224fac9,368.637,682.690
wide-researcher-1785976681-d71cab65e029,368.696,586.623
deep-researcher-1785976681-0aea3f53eaa7,368.755,678.412
wide-researcher-1785976681-2a5868fbc033,368.820,681.131
deep-researcher-1785976681-8bd95a10e763,368.860,596.587
data-analyst-1785976590-01d279df1756,368.881,368.881
wide-researcher-1785976681-f0906c8d6aa8,368.890,658.525
deep-researcher-1785976681-3a8cd03da8b2,369.007,540.388
wide-researcher-1785976681-fbebe695041b,369.039,565.137
deep-researcher-1785976681-80ab845d323c,369.117,621.222
data-analyst-1785976568-b281dcbaf69e,369.190,369.191
wide-researcher-1785976681-ceee58308a94,369.260,589.531
data-analyst-1785976600-50347112e3cc,369.288,427.230
deep-researcher-1785976681-a5bac3988bd6,369.453,555.013
wide-researcher-1785976681-d20b40a2eaff,369.559,580.150
data-analyst-1785976560-5924f0b6d972,369.734,369.734
deep-researcher-1785976682-5186028f7443,369.738,699.094
wide-researcher-1785976682-744f87628961,369.857,667.822
data-analyst-1785976602-4834bad12eff,369.883,420.695
deep-researcher-1785976682-28f5c5198a1f,369.888,535.983
data-analyst-1785976602-18f66c155f45,369.902,422.395
data-analyst-1785976591-d1eed59fd227,370.018,421.027
wide-researcher-1785976682-a6787476b5b3,370.036,586.948
deep-researcher-1785976682-3bc7de33ae44,370.113,501.648
wide-researcher-1785976682-760329e6256f,370.151,556.951
data-analyst-1785976602-fa524bbca0e7,370.194,425.401
data-analyst-1785976602-c692be85850c,370.208,416.809
deep-researcher-1785976682-cf0540373bb2,370.270,636.012
wide-researcher-1785976682-857cffd41b40,370.335,536.811
deep-researcher-1785976682-069f408116e3,370.364,575.615
wide-researcher-1785976682-260c9585f52e,370.383,688.915
data-analyst-1785976589-72002e6cd71d,370.403,370.404
deep-researcher-1785976682-2d33be38f0be,370.412,687.614
wide-researcher-1785976682-17338f6c5f22,370.442,533.627
data-analyst-1785976600-2b1b440ef7c2,370.503,418.715
deep-researcher-1785976682-1659c83395a8,370.514,672.840
wide-researcher-1785976683-fdef4cc28920,370.533,556.095
deep-researcher-1785976683-4a6ecc319cc1,370.556,566.625
data-analyst-1785976600-8f626cd9b1a9,370.626,415.393
wide-researcher-1785976683-4724a6e61397,370.634,659.669
deep-researcher-1785976683-787643d56af6,370.741,567.940
wide-researcher-1785976683-e24bfb6630ca,370.772,553.967
data-analyst-1785976526-c246ff185fa4,370.807,370.807
deep-researcher-1785976683-9e43dc64745c,370.833,641.149
wide-researcher-1785976683-acf98b4e5b61,370.974,641.324
data-analyst-1785976525-63c12ef3cb0b,370.992,370.993
deep-researcher-1785976683-b9a54f9ef600,371.014,689.796
wide-researcher-1785976683-c2cdb2acfc62,371.052,676.418
deep-researcher-1785976683-d75bff526df5,371.128,545.868
data-analyst-1785976602-435ae07142f8,371.142,419.071
wide-researcher-1785976683-60506cdb1be2,371.256,647.004
deep-researcher-1785976683-d6f2a890e21a,371.286,552.623
wide-researcher-1785976683-0597fb98c0b9,371.368,550.036
data-analyst-1785976573-b3a7d3e3e752,371.475,422.210
deep-researcher-1785976683-0c8cc39f7573,371.475,591.767
data-analyst-1785976573-a4cd391f997a,371.493,418.803
wide-researcher-1785976683-5cc108b92bb2,371.539,642.856
deep-researcher-1785976684-3c402861ba78,371.622,639.535
wide-researcher-1785976684-8146ea367979,371.649,574.665
deep-researcher-1785976684-6eff22135f59,371.775,689.714
wide-researcher-1785976684-b92912ce1cbc,371.793,544.869
deep-researcher-1785976684-e8a01cdd31db,371.850,672.086
wide-researcher-1785976684-23deffa2ce0f,371.879,534.256
deep-researcher-1785976684-0ea5fa2dd732,371.914,699.303
wide-researcher-1785976684-c50a25d861bf,371.965,678.878
deep-researcher-1785976684-87e765ceab4c,372.048,681.214
wide-researcher-1785976684-a1396b5aae26,372.069,535.241
deep-researcher-1785976684-4c2b188a5f0d,372.139,646.560
wide-researcher-1785976684-78f7a32f46ed,372.256,551.410
deep-researcher-1785976684-fa6566c37dc5,372.339,555.782
data-analyst-1785976589-cd6a73931377,372.383,372.383
wide-researcher-1785976684-b9ef07c25131,372.398,642.245
deep-researcher-1785976684-e2a653341c40,372.477,567.810
wide-researcher-1785976684-d435f1c7a1d9,372.526,640.129
deep-researcher-1785976685-48ee98df9494,372.753,679.234
wide-researcher-1785976685-97de2f32cd25,372.771,672.862
deep-researcher-1785976685-d849212b2697,372.798,623.806
data-analyst-1785976574-48405aee3018,372.877,372.877
wide-researcher-1785976685-d22a04bf2c23,372.913,572.683
data-analyst-1785976557-ea72cc92d4c2,372.947,372.947
data-analyst-1785976540-19632507d60d,373.043,416.952
deep-researcher-1785976685-58b7b8f0c950,373.059,542.684
data-analyst-1785976551-d8fc4e27f4a0,373.063,373.064
data-analyst-1785976585-c0521f2302a9,373.090,373.090
wide-researcher-1785976685-ee0a7767b245,373.159,668.738
data-analyst-1785976568-47620e4d0f39,373.163,373.164
deep-researcher-1785976685-004843ff73ba,373.180,678.144
wide-researcher-1785976685-e07379be7a7a,373.308,564.662
deep-researcher-1785976685-f5194fda12a9,373.364,599.076
wide-researcher-1785976685-020af00b7af1,373.402,657.340
deep-researcher-1785976685-c15b3b3db5e7,373.469,546.123
wide-researcher-1785976685-ebd46008714b,373.487,611.676
deep-researcher-1785976686-e8279551cfc2,373.554,584.257
wide-researcher-1785976686-fc0c16dca16d,373.574,661.316
data-analyst-1785976603-a6404ae57a2e,373.584,418.015
deep-researcher-1785976686-82f783d3f8ed,373.593,635.721
data-analyst-1785976603-825a464c872d,373.602,424.634
wide-researcher-1785976686-de5e7e6364fd,373.650,683.026
deep-researcher-1785976686-7636a27153ec,373.756,696.960
data-analyst-1785976603-030565443653,373.836,417.792
wide-researcher-1785976686-5e521f569ed2,373.841,536.688
data-analyst-1785976603-73b5cd22b2c4,373.854,424.935
deep-researcher-1785976686-add0a384c7ce,373.858,633.766
wide-researcher-1785976686-74d6b684e374,373.905,597.441
data-analyst-1785976579-89a2b49bfd98,373.970,373.970
deep-researcher-1785976686-563d3b4e26fd,373.994,672.616
wide-researcher-1785976686-5a58987cf91d,374.040,669.671
deep-researcher-1785976686-8496d09b8af7,374.109,535.085
wide-researcher-1785976686-8b3c9c25a765,374.138,661.058
deep-researcher-1785976686-b9ebfb022155,374.425,566.114
data-analyst-1785976598-2c0fdfbe41bf,374.477,421.997
data-analyst-1785976573-b376df5e20a9,374.496,374.496
wide-researcher-1785976686-7b81792ab6d1,374.570,635.351
deep-researcher-1785976686-7b8f28cd4be2,374.639,696.337
wide-researcher-1785976687-6e62f1cd778a,374.680,656.291
data-analyst-1785976603-d15c7f7f393d,374.684,429.132
data-analyst-1785976603-5dc23ea33739,374.696,419.692
deep-researcher-1785976687-9922e65b2780,374.700,557.880
data-analyst-1785976603-51f29d298711,374.712,423.194
wide-researcher-1785976687-098637d4c4d1,374.737,544.707
data-analyst-1785976549-676c8502d49c,374.746,414.383
deep-researcher-1785976687-d666cf5f7a48,374.793,648.893
wide-researcher-1785976687-1a902808412e,374.820,561.318
deep-researcher-1785976687-454d45134500,374.880,543.978
wide-researcher-1785976687-6ab565ff1bbc,374.920,683.590
deep-researcher-1785976687-92f3599700d9,374.990,587.301
data-analyst-1785976597-d3cf1a8e3543,375.016,375.016
wide-researcher-1785976687-43466c1a93af,375.057,660.697
deep-researcher-1785976687-251c453bc479,375.075,559.410
wide-researcher-1785976687-bad884edab31,375.112,655.368
deep-researcher-1785976687-0ca05b9a9a00,375.162,592.473
data-analyst-1785976603-97e7d88c8e19,375.200,428.436
data-analyst-1785976603-1614c40058f8,375.213,423.497
data-analyst-1785976603-5cbdeb154871,375.246,421.938
wide-researcher-1785976687-3c536d0090bc,375.272,534.004
data-analyst-1785976588-a0d393939e4a,375.281,375.282
deep-researcher-1785976687-085432ac6d2f,375.308,640.476
wide-researcher-1785976687-a79132e072cd,375.360,540.433
deep-researcher-1785976687-53218c71a752,375.430,685.042
wide-researcher-1785976687-6e119bcb2cac,375.554,680.443
deep-researcher-1785976687-1f9901ca6a10,375.625,677.214
wide-researcher-1785976688-e803f726da71,375.654,684.899
deep-researcher-1785976688-1d602d4c104a,375.691,538.845
wide-researcher-1785976688-6d6fe86ec01a,375.788,676.827
deep-researcher-1785976688-81a7b90c7e21,375.825,682.928
data-analyst-1785976544-6c767d1102db,375.863,415.770
data-analyst-1785976574-d4b7a01cd986,375.878,433.602
data-analyst-1785976544-956f358dedb5,375.892,432.293
data-analyst-1785976562-f399d963cde2,375.905,418.259
wide-researcher-1785976688-29dccfac2f06,375.936,564.739
deep-researcher-1785976688-e0841ce6d346,375.975,560.074
data-analyst-1785976524-57227227a453,376.111,376.112
wide-researcher-1785976688-8abd0ad7afac,376.150,614.866
deep-researcher-1785976688-e94d6d0b918c,376.189,678.795
wide-researcher-1785976688-5b3c22a4ac01,376.207,560.517
deep-researcher-1785976688-b2b1f64f676f,376.248,698.011
wide-researcher-1785976688-ea316a914900,376.332,644.799
data-analyst-1785976604-1add2b069e48,376.347,419.210
deep-researcher-1785976688-faee74c2ce25,376.393,699.317
wide-researcher-1785976688-5e58f6c796fe,376.423,649.634
deep-researcher-1785976688-e820969140be,376.462,545.806
wide-researcher-1785976688-38ac910261ad,376.492,683.674
deep-researcher-1785976689-dbe93b196aa9,376.514,690.475
wide-researcher-1785976689-58b678c2dea2,376.573,553.733
deep-researcher-1785976689-c88e6ad26b22,376.609,638.535
wide-researcher-1785976689-4e5cb34eaf5c,376.628,666.374
deep-researcher-1785976689-21a810154bb8,376.663,645.525
wide-researcher-1785976689-69ee6232d60b,376.855,555.090
deep-researcher-1785976689-25eb3e7ceca7,376.874,640.917
data-analyst-1785976604-43460df4d5e2,376.916,427.410
data-analyst-1785976604-f20065cfcf71,376.930,438.061
data-analyst-1785976604-922b425d9854,376.944,419.314
data-analyst-1785976551-011718ccb1bd,376.976,376.976
wide-researcher-1785976689-b3a963f62f76,377.008,634.942
data-analyst-1785976588-4502b302edc9,377.051,377.051
data-analyst-1785976604-790751de45e4,377.080,416.243
data-analyst-1785976604-fb4c926e0d8c,377.094,421.228
data-analyst-1785976604-6cc345560cc3,377.107,425.752
deep-researcher-1785976689-f8396e400ef5,377.135,678.528
data-analyst-1785976604-c458a413dd2e,377.192,431.740
wide-researcher-1785976689-aab7c88357a3,377.205,670.822
data-analyst-1785976570-f6e780123c65,377.228,418.951
data-analyst-1785976600-79c72550b943,377.246,424.764
data-analyst-1785976600-892b0d2c269d,377.263,415.449
deep-researcher-1785976689-2c8e76667164,377.280,565.771
data-analyst-1785976585-7727734f9f24,377.341,377.342
data-analyst-1785976604-4135616a51cd,377.425,425.142
data-analyst-1785976604-64a019e639a3,377.439,415.831
wide-researcher-1785976689-6c633790b031,377.447,558.795
data-analyst-1785976604-54bbade04f5f,377.457,433.089
deep-researcher-1785976689-d3de52ea1aa6,377.485,687.469
wide-researcher-1785976690-3b4f118edd1c,377.602,546.774
data-analyst-1785976599-31ff39a823d9,377.623,377.624
data-analyst-1785976577-08f35f3c5896,377.653,542.013
deep-researcher-1785976690-b6fa2e23dadf,377.661,681.782
wide-researcher-1785976690-4230294ae1c6,377.689,687.305
deep-researcher-1785976690-cc22e17492e3,377.722,538.922
wide-researcher-1785976690-cc2eac9c5157,377.762,665.727
deep-researcher-1785976690-9bc915eaa249,377.814,560.828
data-analyst-1785976604-485d480b86da,377.826,433.409
data-analyst-1785976604-1cad5543a0d6,377.840,427.819
wide-researcher-1785976690-3ae523b1ecd3,377.932,548.926
deep-researcher-1785976690-2fdf12ff229a,377.972,696.526
data-analyst-1785976604-b837d8659ad9,378.007,419.240
wide-researcher-1785976690-f8c0bf499213,378.015,670.855
data-analyst-1785976604-c1fe76599b4f,378.024,417.271
data-analyst-1785976604-1176acf734ed,378.037,415.647
deep-researcher-1785976690-7e8de9a533d8,378.090,695.092
wide-researcher-1785976690-e3428829bc7d,378.128,569.381
deep-researcher-1785976690-9a740322da61,378.170,689.348
data-analyst-1785976597-c872d45c2fcd,378.179,378.180
data-analyst-1785976585-0f23216028e5,378.193,378.194
data-analyst-1785976598-b94d7454ba0e,378.219,436.184
wide-researcher-1785976690-c0789cb43a7e,378.281,537.521
deep-researcher-1785976690-81f86d62520d,378.309,640.338
wide-researcher-1785976690-87176c5a450c,378.360,636.349
deep-researcher-1785976690-6a32314e1e98,378.390,551.393
data-analyst-1785976599-a75264ab4821,378.517,378.518
wide-researcher-1785976690-478cb08fde82,378.580,677.778
data-analyst-1785976597-5c43375015a7,378.611,424.408
deep-researcher-1785976690-e3d1cd21ec68,378.721,698.252
data-analyst-1785976592-f5c6963aeaf9,378.783,378.783
wide-researcher-1785976691-080c4cf067f0,378.796,550.129
deep-researcher-1785976691-8a398a674b04,378.843,676.268
data-analyst-1785976593-1972d3936949,378.865,378.866
data-analyst-1785976598-309c985007c3,378.880,378.880
data-analyst-1785976604-f918aa0800cb,378.924,440.936
data-analyst-1785976604-fd452187ba5c,378.938,441.960
wide-researcher-1785976691-9ce943f547c4,378.960,659.187
deep-researcher-1785976691-311b1480b2f6,379.097,544.376
wide-researcher-1785976691-f4f0e0ff9441,379.212,641.853
deep-researcher-1785976691-6c37496590da,379.230,558.297
wide-researcher-1785976691-af8740e377e5,379.269,649.599
deep-researcher-1785976691-452349632c7d,379.325,642.555
wide-researcher-1785976691-35c97f5f45d0,379.357,539.239
deep-researcher-1785976691-3a4bb165ce41,379.416,613.959
wide-researcher-1785976691-eb5385a5059e,379.447,535.194
deep-researcher-1785976691-b1d9c5858bcc,379.489,661.667
wide-researcher-1785976692-53026c8fba97,379.532,637.843
deep-researcher-1785976692-d050ea6622b5,379.568,578.784
data-analyst-1785976575-606ebf3f1054,379.585,538.766
data-analyst-1785976575-d665cd04770b,379.598,427.566
data-analyst-1785976539-b6d39eac27ad,379.611,416.147
wide-researcher-1785976692-a48f3170fdca,379.614,643.612
data-analyst-1785976555-4cdc712c4c87,379.626,421.101
data-analyst-1785976538-b784e5f4829a,379.640,418.289
deep-researcher-1785976692-8165c61d93d4,379.652,540.270
wide-researcher-1785976692-8dda9c4c2c0d,379.681,667.423
deep-researcher-1785976692-2eb6df3ee136,379.726,567.317
wide-researcher-1785976692-b7ea6d0f01c3,379.802,666.458
deep-researcher-1785976692-9266819dc802,379.871,559.504
wide-researcher-1785976692-d3ab72b0ce7f,379.902,550.932
data-analyst-1785976590-fa6cc79f163e,380.003,380.004
deep-researcher-1785976692-bb8f2079bf26,380.032,678.836
wide-researcher-1785976692-26205169c64b,380.094,688.879
data-analyst-1785976600-9ec9a9720727,380.212,414.370
deep-researcher-1785976692-a75bcfda1eb3,380.234,569.119
wide-researcher-1785976692-4f07c30cdb8f,380.332,557.769
deep-researcher-1785976692-e29f09ae323a,380.363,639.566
data-analyst-1785976575-ca379993bddd,380.449,380.450
data-analyst-1785976568-be60d14e4e99,380.462,380.463
wide-researcher-1785976692-f90f1cb3d825,380.502,644.151
deep-researcher-1785976692-75aea5c5608d,380.526,551.262
wide-researcher-1785976693-4fbc50f49ca0,380.604,698.026
deep-researcher-1785976693-e579991abe7f,380.710,552.271
wide-researcher-1785976693-2a1b47ddf4cf,380.730,638.924
deep-researcher-1785976693-7d245decccc5,380.778,698.547
wide-researcher-1785976693-be8172347c67,380.836,684.042
deep-researcher-1785976693-0d84b10f6cb1,380.881,645.571
wide-researcher-1785976693-5c4436cf5a3a,380.930,553.826
deep-researcher-1785976693-aab60bec153c,380.990,673.844
wide-researcher-1785976693-549093743af2,381.038,676.457
deep-researcher-1785976693-3de95c95fb2f,381.188,657.033
wide-researcher-1785976693-fd8d67fe0f73,381.230,690.044
deep-researcher-1785976693-faba34efdb2c,381.249,652.259
wide-researcher-1785976693-92068a9587f6,381.301,538.831
data-analyst-1785976605-21f52a215126,381.320,425.606
data-analyst-1785976605-dddeb220a73f,381.334,454.774
data-analyst-1785976605-879d32f6db8e,381.348,433.120
deep-researcher-1785976693-a7efd8ad06ef,381.413,541.482
wide-researcher-1785976693-fae9eddfb3ba,381.505,551.099
deep-researcher-1785976693-73f3ff69af24,381.536,560.765
wide-researcher-1785976694-6b5bbdbe8f86,381.555,671.299
data-analyst-1785976599-e833b15e58fd,381.583,381.584
deep-researcher-1785976694-598100dbd276,381.592,651.775
wide-researcher-1785976694-553faf6ed1b0,381.700,648.913
deep-researcher-1785976694-add13b29dab7,381.730,681.941
wide-researcher-1785976694-edcb7a88ada4,381.801,532.620
deep-researcher-1785976694-0694a1100622,381.844,549.173
wide-researcher-1785976694-acf0d9da2bab,381.872,577.930
deep-researcher-1785976694-0d6ac535aa7c,381.921,679.356
wide-researcher-1785976694-c8eab4d89ad9,382.015,660.387
deep-researcher-1785976694-0b09d0f4824d,382.034,691.275
wide-researcher-1785976694-023785e441a6,382.079,640.297
deep-researcher-1785976694-cd536f39d6b7,382.233,678.452
wide-researcher-1785976694-b661f2b63e19,382.252,668.977
deep-researcher-1785976694-6fa169be9fbc,382.287,634.894
wide-researcher-1785976694-8ac43dc08916,382.350,634.408
deep-researcher-1785976694-fee423d9385f,382.379,697.185
wide-researcher-1785976694-5101adf29cae,382.451,597.268
deep-researcher-1785976694-cf47336607c2,382.502,687.550
data-analyst-1785976571-5c9052eb51e6,382.536,441.700
data-analyst-1785976573-645c2bdc02fe,382.550,416.034
wide-researcher-1785976695-b4c227fc0706,382.555,687.239
data-analyst-1785976540-71c4df36fa26,382.568,417.914
data-analyst-1785976589-b51227187572,382.582,382.582
deep-researcher-1785976695-395abce56b93,382.587,684.795
data-analyst-1785976578-afca0b6463b1,382.600,382.600
wide-researcher-1785976695-38a6db0f62d1,382.626,558.079
deep-researcher-1785976695-d38f15063326,382.656,699.597
wide-researcher-1785976695-bd5ced0d4d98,382.709,679.816
deep-researcher-1785976695-00be8509dad0,382.739,627.495
data-analyst-1785976589-1f9f4dd2191d,382.816,382.817
data-analyst-1785976585-1ec94fb08a75,382.831,382.833
wide-researcher-1785976695-591612475ce9,382.850,549.128
deep-researcher-1785976695-15ff2148ee3e,382.925,690.896
wide-researcher-1785976695-36c00a0c013f,383.051,590.786
deep-researcher-1785976695-44cb30ae8c51,383.109,575.120
wide-researcher-1785976695-4c276cb00536,383.215,646.703
deep-researcher-1785976695-9797d0e41852,383.243,645.231
data-analyst-1785976533-8e1b4ec32fc4,383.419,383.419
wide-researcher-1785976695-6621a2338dae,383.433,667.639
deep-researcher-1785976695-44e9446c323f,383.465,544.037
data-analyst-1785976597-b56716273cb3,383.525,531.704
wide-researcher-1785976696-bbb4a48aa85b,383.546,560.116
deep-researcher-1785976696-f469903b1e1e,383.587,687.187
data-analyst-1785976585-6c6b8b084dc0,383.742,383.742
wide-researcher-1785976696-bb5424fe4bd6,383.756,683.568
deep-researcher-1785976696-69639c8ed080,383.866,549.113
wide-researcher-1785976696-511ead6d9ab3,383.965,639.375
data-analyst-1785976606-87890fa10641,383.990,461.037
data-analyst-1785976606-8c5cf9b3b8c4,384.003,421.536
deep-researcher-1785976696-7e5c58e9e5f4,384.011,546.665
wide-researcher-1785976696-bb1545da0a33,384.072,684.675
deep-researcher-1785976696-15e6dc7092b5,384.101,555.135
wide-researcher-1785976696-b79d52cbde6d,384.133,639.313
deep-researcher-1785976696-28e2448454d4,384.172,634.438
data-analyst-1785976598-f888f9933eca,384.182,421.360
wide-researcher-1785976696-9b8a85469059,384.214,645.962
deep-researcher-1785976696-5dbea62d6084,384.263,690.326
data-analyst-1785976606-70b02f3a90d0,384.309,422.873
wide-researcher-1785976696-b991142a50aa,384.321,638.361
data-analyst-1785976606-2566bb5b3cbc,384.322,417.257
data-analyst-1785976606-d998d567950c,384.338,415.221
data-analyst-1785976606-c00bfdc035c8,384.351,416.333
data-analyst-1785976602-efdfb0a3c96b,384.401,418.452
data-analyst-1785976606-ab9883f8cd9a,384.490,416.019
data-analyst-1785976606-5751c106cb79,384.503,415.990
deep-researcher-1785976696-c4d6ad2bba8e,384.527,686.345
wide-researcher-1785976696-624f496a6865,384.560,646.907
deep-researcher-1785976697-a1b452ef2f25,384.580,691.152
data-analyst-1785976579-b53c8f87eaa8,384.631,384.632
wide-researcher-1785976697-433a9be109fc,384.762,679.549
data-analyst-1785976606-6b9b155d2352,384.892,432.975
deep-researcher-1785976697-49c9b3c50846,384.896,679.084
wide-researcher-1785976697-0383fef5f337,384.977,669.557
data-analyst-1785976598-0668a9289577,385.034,385.036
deep-researcher-1785976697-999b084a49c0,385.053,560.891
wide-researcher-1785976697-f8fdc6459415,385.251,634.784
deep-researcher-1785976697-8c72bf0d446b,385.367,684.416
wide-researcher-1785976697-e0dcabbec244,385.386,541.543
deep-researcher-1785976697-bbee17083192,385.426,612.647
data-analyst-1785976606-fbed85f876c8,385.501,420.756
wide-researcher-1785976697-0fb63d9d1474,385.523,665.409
deep-researcher-1785976697-ac75ef01b810,385.560,696.542
wide-researcher-1785976698-9d41d36d1ffd,385.588,647.533
deep-researcher-1785976698-a7d85ec94b69,385.615,636.993
wide-researcher-1785976698-4c3fe21ee582,385.677,669.040
deep-researcher-1785976698-20b71e99c12a,385.739,637.698
wide-researcher-1785976698-3e110968d1cd,385.767,564.096
deep-researcher-1785976698-d16b6f96d696,385.787,579.593
wide-researcher-1785976698-07f382ffa6cd,385.829,663.063
deep-researcher-1785976698-813373ee6f98,385.883,550.666
data-analyst-1785976592-e1583a77f245,386.016,386.017
wide-researcher-1785976698-fee8fcb77127,386.069,676.383
deep-researcher-1785976698-27be6fda9ffb,386.099,698.813
wide-researcher-1785976698-ea92e217a09c,386.132,686.162
data-analyst-1785976552-169777a497fa,386.206,386.207
deep-researcher-1785976698-99853fc3d9a4,386.225,607.406
wide-researcher-1785976698-bc30b71b83b0,386.266,646.367
deep-researcher-1785976698-e916696ca127,386.402,557.209
wide-researcher-1785976698-3dd2d731f6f8,386.571,660.142
deep-researcher-1785976698-2c816dc26fe3,386.613,571.469
wide-researcher-1785976699-f0c5ddb6ae39,386.643,565.150
deep-researcher-1785976699-7c2867f26323,386.764,690.944
wide-researcher-1785976699-cf208a01f15b,386.782,539.331
deep-researcher-1785976699-bb379c73a60b,386.809,634.957
wide-researcher-1785976699-ff64fa8a7e5c,386.885,671.425
deep-researcher-1785976699-7f4d6a93f26d,386.921,586.977
wide-researcher-1785976699-b1168245f9d4,387.034,547.358
deep-researcher-1785976699-62ff354ad274,387.093,651.021
wide-researcher-1785976699-019c8857137e,387.165,554.123
deep-researcher-1785976699-77362d450d33,387.242,563.449
data-analyst-1785976577-7b69b6b265bf,387.276,524.760
wide-researcher-1785976699-8798d8ad31f7,387.284,559.110
data-analyst-1785976577-eb23052f0241,387.293,426.190
data-analyst-1785976534-2fee8ff27cd4,387.308,414.476
deep-researcher-1785976699-62a4e825dccb,387.337,655.238
wide-researcher-1785976699-d99a28e50cd3,387.397,551.363
deep-researcher-1785976699-bacea697d2b0,387.457,633.938
data-analyst-1785976599-58a265ff6d92,387.503,387.504
wide-researcher-1785976699-fa6765a55e87,387.543,557.990
deep-researcher-1785976700-b5a457e41889,387.610,688.193
wide-researcher-1785976700-ece1608ceee5,387.643,652.538
data-analyst-1785976574-351c53b82f46,387.712,387.712
deep-researcher-1785976700-e16fa6af42f5,387.782,682.889
wide-researcher-1785976700-cfa22bb40b3c,387.876,638.207
deep-researcher-1785976700-b792ca5e7e24,387.958,602.294
wide-researcher-1785976700-b8b5fe6bb33e,387.996,671.550
deep-researcher-1785976700-365ce55e79ae,388.074,641.445
data-analyst-1785976585-1b56a966c50b,388.078,414.400
data-analyst-1785976549-b1866f00ca26,388.282,419.658
wide-researcher-1785976700-970e1f0ea2a1,388.286,649.183
deep-researcher-1785976700-061bd07a274b,388.330,698.927
wide-researcher-1785976700-87169801db4b,388.384,564.341
deep-researcher-1785976700-ff31bf437e19,388.442,615.058
data-analyst-1785976585-221040ff4a72,388.456,388.456
data-analyst-1785976591-9d2d711a9447,388.470,388.471
wide-researcher-1785976700-53b98b9cd3cb,388.493,547.567
deep-researcher-1785976701-e4e111da1a1c,388.542,536.441
wide-researcher-1785976701-26269b6fb27a,388.620,559.179
deep-researcher-1785976701-4041678fb1c8,388.683,636.613
wide-researcher-1785976701-360d0dea452f,388.749,560.656
deep-researcher-1785976701-7b10686f923a,388.789,558.528
wide-researcher-1785976701-1cd581032724,388.807,665.392
data-analyst-1785976564-1f7eb6345e86,388.847,388.848
deep-researcher-1785976701-56b2f604375b,389.081,581.937
wide-researcher-1785976701-01494935787f,389.118,686.890
data-analyst-1785976579-5792c82bc8a1,389.140,389.141
deep-researcher-1785976701-d5a2277d7599,389.159,598.396
data-analyst-1785976607-1be0628070e8,389.246,431.658
wide-researcher-1785976701-b7063e3428cd,389.255,683.634
data-analyst-1785976607-435f4f006c39,389.266,438.028
deep-researcher-1785976701-69c2d8e6f21f,389.296,638.504
wide-researcher-1785976701-cce28ba02c8b,389.390,681.151
deep-researcher-1785976701-a869b75cd76a,389.471,690.762
wide-researcher-1785976701-295a3ebd0099,389.516,634.910
data-analyst-1785976607-0a63136dc268,389.544,425.465
deep-researcher-1785976702-883bc259db55,389.548,560.981
data-analyst-1785976607-501907fabd91,389.558,432.323
data-analyst-1785976607-753e68ad632d,389.571,435.693
wide-researcher-1785976702-ff8f39b09ed0,389.623,545.526
deep-researcher-1785976702-cf93bea8b90d,389.665,660.839
wide-researcher-1785976702-603ee9fbc201,389.791,593.196
deep-researcher-1785976702-8b152dfee88d,389.809,546.457
wide-researcher-1785976702-7e99f4e6bbc4,389.837,696.560
deep-researcher-1785976702-432e17791c12,389.879,644.899
wide-researcher-1785976702-415ead4c8e70,389.909,685.971
data-analyst-1785976599-28d3cfcdc67b,389.939,419.937
deep-researcher-1785976702-6e36ab7ef77e,389.956,565.488
wide-researcher-1785976702-0c0aafab8e19,390.067,591.483
deep-researcher-1785976702-d07ed1db3741,390.113,560.997
wide-researcher-1785976702-2a54263d6024,390.134,581.413
deep-researcher-1785976702-7294083886b8,390.179,635.756
data-analyst-1785976555-d45045172d25,390.194,429.826
data-analyst-1785976599-17d8c01bb963,390.212,390.213
wide-researcher-1785976702-21ec96b8f51b,390.264,687.953
deep-researcher-1785976702-9257fe8dec92,390.285,656.949
wide-researcher-1785976702-fa0d9f83a7c5,390.316,670.839
data-analyst-1785976568-04bb376a320e,390.330,415.751
deep-researcher-1785976702-462d2d8e039f,390.420,681.588
wide-researcher-1785976702-0c74071798c5,390.568,674.833
data-analyst-1785976560-350735d82c0a,390.583,414.599
deep-researcher-1785976702-97b35fc0fff1,390.601,689.730
data-analyst-1785976599-05785ac03a79,390.605,390.606
data-analyst-1785976573-3189a6614d2c,390.621,390.622
wide-researcher-1785976703-9102abed2bf4,390.663,652.878
deep-researcher-1785976703-f3513eaddcb8,390.763,685.953
wide-researcher-1785976703-054dee34f0af,390.796,637.660
deep-researcher-1785976703-afa148476e63,390.898,561.362
wide-researcher-1785976703-c8221d179935,390.927,664.627
deep-researcher-1785976703-0a1eff26af3e,391.110,542.150
wide-researcher-1785976703-e5b7a39cb308,391.308,556.004
deep-researcher-1785976703-29dc9a00e352,391.330,646.861
wide-researcher-1785976703-8a817bc5640f,391.393,645.467
data-analyst-1785976548-71229346417c,391.394,562.520
deep-researcher-1785976703-76c1cb94640d,391.429,547.658
wide-researcher-1785976703-9b5a6c8fb7a5,391.582,672.705
deep-researcher-1785976703-9190ecc70e0e,391.630,557.340
data-analyst-1785976601-d2155d7ba34b,391.644,414.613
wide-researcher-1785976704-4ccd1b92f64c,391.688,648.759
deep-researcher-1785976704-29d381c0452f,391.778,535.303
wide-researcher-1785976704-85b3901a009a,391.797,633.922
data-analyst-1785976603-27c0e88c01dd,391.845,391.846
deep-researcher-1785976704-9cce7594eda0,391.864,689.898
data-analyst-1785976514-6c75d40ee28f,392.017,392.018
wide-researcher-1785976704-1b3dca6ecbe7,392.114,663.309
deep-researcher-1785976704-475f65b8457b,392.143,675.166
wide-researcher-1785976704-ce3a5aba1b2a,392.170,547.595
data-analyst-1785976574-f5a8493949e7,392.220,392.220
deep-researcher-1785976704-805d8e6b9a6c,392.262,651.406
wide-researcher-1785976704-5a34735fadce,392.403,568.899
deep-researcher-1785976704-25e7dfb4a1a8,392.422,696.270
data-analyst-1785976598-97672f982037,392.567,415.784
wide-researcher-1785976704-6e2e31c2e532,392.603,650.487
deep-researcher-1785976704-f573d1aaa284,392.807,541.146
wide-researcher-1785976705-b74e5b60676a,392.838,558.591
data-analyst-1785976602-423a160d43ea,392.892,414.540
deep-researcher-1785976705-11365627f5c3,392.908,646.347
data-analyst-1785976608-72baa9fd8cdf,392.956,423.224
data-analyst-1785976608-c207b1d3f02c,392.969,425.677
wide-researcher-1785976705-0937a06647c0,392.977,696.154
data-analyst-1785976602-7adc16ea8018,393.003,421.970
deep-researcher-1785976705-39fb1370f30f,393.072,638.471
wide-researcher-1785976705-bc388acb291d,393.128,552.434
deep-researcher-1785976705-abd0c3bd8c50,393.199,607.661
data-analyst-1785976606-91fcb4bad904,393.284,421.951
wide-researcher-1785976705-c4158d1bfd07,393.292,686.754
deep-researcher-1785976705-9246f1b6316e,393.315,582.950
wide-researcher-1785976705-b2cd54171557,393.343,669.607
deep-researcher-1785976705-235d646ac808,393.382,690.574
data-analyst-1785976608-9e5f126e02bc,393.526,435.576
data-analyst-1785976608-bfe915a4f96f,393.541,427.906
wide-researcher-1785976705-4f7fb9800f20,393.597,551.757
data-analyst-1785976593-a9ba3150ecdd,393.669,393.670
data-analyst-1785976593-324cf9b46655,393.682,393.682
deep-researcher-1785976705-ea46a80eb57d,393.774,543.529
data-analyst-1785976608-2a8141fb759f,393.818,423.055
wide-researcher-1785976706-3d6ab0a4e886,393.822,547.072
data-analyst-1785976608-d90959fb0bdc,393.835,432.625
deep-researcher-1785976706-4cc330e56e2f,393.906,636.563
wide-researcher-1785976706-8f3a1ce1d7fc,393.925,677.297
deep-researcher-1785976706-3a29547d0268,393.990,697.088
wide-researcher-1785976706-f2b3dcc9a352,394.110,654.337
data-analyst-1785976593-d2e1a812135b,394.151,394.151
data-analyst-1785976547-950ad072a97b,394.178,429.629
deep-researcher-1785976706-53c67baa366b,394.324,640.317
wide-researcher-1785976706-191811487a0b,394.408,559.731
deep-researcher-1785976706-b95037d1d77f,394.463,559.975
wide-researcher-1785976706-9cb6cf246469,394.495,678.699
deep-researcher-1785976707-7c47fe00bc5e,394.580,671.974
data-analyst-1785976597-31d097986229,394.675,394.675
wide-researcher-1785976707-8149b7174ef8,394.701,589.432
deep-researcher-1785976707-02dd0fed61d0,394.719,690.706
wide-researcher-1785976707-00836a22d5d6,394.794,549.943
deep-researcher-1785976707-1f97a1a41bad,394.812,679.709
wide-researcher-1785976707-c6596e34af5e,394.830,652.370
deep-researcher-1785976707-313983b0f4a6,394.955,647.231
wide-researcher-1785976707-08781214c890,395.096,597.754
deep-researcher-1785976707-2e93ab9e4a53,395.168,645.213
wide-researcher-1785976707-ba9b556c4ccd,395.285,559.150
deep-researcher-1785976707-69a63b530ac1,395.329,685.026
wide-researcher-1785976707-9a7ed2e8add4,395.415,691.006
deep-researcher-1785976707-6de888e05fa4,395.450,558.459
wide-researcher-1785976707-210ade9b6147,395.508,635.403
data-analyst-1785976554-0848040d3fea,395.553,422.331
deep-researcher-1785976708-ab5647b4ac43,395.558,639.866
data-analyst-1785976566-bc98ef60e2d1,395.572,425.512
data-analyst-1785976575-198220da16c9,395.587,420.537
data-analyst-1785976527-5af2650460dd,395.601,419.434
wide-researcher-1785976708-857e47cdfd60,395.620,678.897
deep-researcher-1785976708-56d6ff3a1bfa,395.841,652.941
wide-researcher-1785976708-b76663e1eda5,395.860,614.531
deep-researcher-1785976708-7753d0deb9ff,395.928,696.468
data-analyst-1785976598-2c6f97d91eb1,395.939,395.940
data-analyst-1785976603-7b8ca0bbc89d,395.956,395.957
wide-researcher-1785976708-d935bb8b674e,395.966,642.617
deep-researcher-1785976708-438787e2ad68,396.003,556.633
wide-researcher-1785976708-d993588d1bf5,396.093,674.896
deep-researcher-1785976708-ae9ab330b381,396.153,652.699
wide-researcher-1785976708-f414cd487fca,396.181,676.066
deep-researcher-1785976708-0279ed9e85d5,396.211,655.956
wide-researcher-1785976708-9b73b4647d27,396.230,639.737
deep-researcher-1785976708-7e601f43ac98,396.304,697.168
wide-researcher-1785976708-6662cf21d4da,396.336,634.748
deep-researcher-1785976708-ffe5c99c377a,396.372,699.201
wide-researcher-1785976708-2ee855556589,396.472,666.763
deep-researcher-1785976708-03f2455ffb9d,396.678,567.363
wide-researcher-1785976709-148957366388,396.796,547.257
deep-researcher-1785976709-d1da4997c80e,396.933,647.683
wide-researcher-1785976709-9bb07a9e283f,396.954,568.253
deep-researcher-1785976709-882c71ded700,397.013,696.599
wide-researcher-1785976709-a8596a9a57d4,397.070,562.362
deep-researcher-1785976709-fbb4b4e7211b,397.142,618.095
wide-researcher-1785976709-a7b7adc7b4fb,397.171,671.767
data-analyst-1785976604-1570b4c5cb19,397.267,421.781
deep-researcher-1785976709-db9ecd93c841,397.340,698.912
wide-researcher-1785976709-f74fdbda7ac9,397.372,567.749
deep-researcher-1785976709-b553a7f0480c,397.399,688.593
wide-researcher-1785976709-0477a2df41db,397.428,556.663
deep-researcher-1785976709-9bd9f9db0a14,397.485,650.385
wide-researcher-1785976709-0b8918449ddb,397.513,681.542
deep-researcher-1785976710-0f7a37608c65,397.607,640.786
data-analyst-1785976601-60c2b636e774,397.651,397.651
data-analyst-1785976562-efe1ba4a91cd,397.664,397.664
data-analyst-1785976571-616fee5879de,397.680,397.680
wide-researcher-1785976710-71217b0ea165,397.688,657.232
data-analyst-1785976556-8341b0cb7f7b,397.698,397.699
deep-researcher-1785976710-13776454cbaf,397.726,654.933
wide-researcher-1785976710-12c1b7bc8fab,397.822,636.906
deep-researcher-1785976710-fcd2f4b8ea28,397.841,564.438
wide-researcher-1785976710-bec5b003c533,397.887,658.055
data-analyst-1785976530-d71bc89dbb39,397.918,397.919
data-analyst-1785976550-e05b0ca2fb26,397.933,397.933
data-analyst-1785976593-63ef916070a0,397.949,397.950
data-analyst-1785976585-54d3e55778a3,397.963,397.963
deep-researcher-1785976710-926de0fb3a07,397.981,689.364
data-analyst-1785976595-0ef53d54bcb6,398.025,398.026
wide-researcher-1785976710-3273d3e9fbeb,398.383,688.488
data-analyst-1785976606-5adb27d34c03,398.396,421.830
deep-researcher-1785976710-18ae955bd3f7,398.440,644.515
wide-researcher-1785976710-40fe1b3090e3,398.459,657.452
deep-researcher-1785976711-9666cacba4e6,398.641,636.723
wide-researcher-1785976711-8a93fdee0b64,398.659,641.767
deep-researcher-1785976711-ef0c45d72a58,398.854,696.354
wide-researcher-1785976711-3e62bc6ac13c,398.880,648.439
deep-researcher-1785976711-7043c8f3bf49,398.942,642.085
wide-researcher-1785976711-653e0e1ed673,398.995,635.332
deep-researcher-1785976711-ff26c2abee17,399.027,568.883
wide-researcher-1785976711-552d69f74548,399.126,566.241
deep-researcher-1785976711-b36a7e34a8c0,399.166,543.668
wide-researcher-1785976711-87c6bbc4a939,399.197,556.587
data-analyst-1785976575-ad4cb345db95,399.232,399.232
data-analyst-1785976597-6dfbe1f4aae7,399.247,399.249
deep-researcher-1785976711-2b9a857fe129,399.299,557.895
wide-researcher-1785976711-31d7c30c0ac9,399.326,635.098
deep-researcher-1785976711-8fb1ea9cb7f4,399.343,558.035
wide-researcher-1785976711-1ad3d66fbfdf,399.374,667.480
deep-researcher-1785976711-931ca70cb224,399.401,572.874
wide-researcher-1785976711-d3bbc7bee12e,399.485,590.994
data-analyst-1785976569-02eee4ac8e0e,399.498,399.498
deep-researcher-1785976711-ac0eb52977d7,399.502,642.909
data-analyst-1785976530-679f10bc67b3,399.603,399.604
wide-researcher-1785976712-d20f5a6e3373,399.621,558.754
deep-researcher-1785976712-0ac5b4615da5,399.702,658.979
data-analyst-1785976590-dcf06dcdb363,399.796,399.796
wide-researcher-1785976712-64b542f0fde8,399.817,685.817
deep-researcher-1785976712-4e159b6a8e36,399.864,584.623
wide-researcher-1785976712-d6df193b4399,399.893,697.835
deep-researcher-1785976712-4ec83abaafd5,399.956,696.991
wide-researcher-1785976712-ad69797c2bc6,399.974,589.221
deep-researcher-1785976712-1bc6676bb7a2,400.028,696.237
wide-researcher-1785976712-61add137535c,400.098,684.736
deep-researcher-1785976712-7c4fea412a2e,400.156,685.468
wide-researcher-1785976712-9ebb1737c3fe,400.231,633.656
deep-researcher-1785976712-83cf1c5d2e85,400.368,685.087
wide-researcher-1785976712-ecacbdc46d9a,400.398,656.210
deep-researcher-1785976712-5121aff5546d,400.426,685.072
wide-researcher-1785976712-fc16b822891c,400.453,670.298
deep-researcher-1785976712-eeba55ed908c,400.491,588.142
wide-researcher-1785976713-3ae4c2cbbfaf,400.509,686.132
deep-researcher-1785976713-6890335d486a,400.636,643.020
wide-researcher-1785976713-4ff6c5431a84,400.688,586.595
deep-researcher-1785976713-040059fc1911,400.720,637.454
wide-researcher-1785976713-69f2b3e6e9d9,400.811,684.199
deep-researcher-1785976713-c35f556dbb7c,400.838,682.721
wide-researcher-1785976713-865ab941305c,400.859,582.288
deep-researcher-1785976713-d3ebbc967294,400.881,690.843
wide-researcher-1785976713-47d1110f1cd7,400.988,553.982
deep-researcher-1785976713-448be0ce0832,401.006,538.330
wide-researcher-1785976713-ed89cd93236b,401.076,576.965
deep-researcher-1785976713-dc8a47e82c5d,401.220,636.815
wide-researcher-1785976713-4923fa7ebc54,401.285,604.481
data-analyst-1785976550-57d4c471d50c,401.285,420.551
data-analyst-1785976541-55b6858f608a,401.303,401.304
deep-researcher-1785976713-da09f47445a1,401.382,599.480
wide-researcher-1785976713-9caa3d788e14,401.444,540.114
deep-researcher-1785976713-13c300a422bb,401.476,634.832
wide-researcher-1785976714-2a9ae9a4ee12,401.539,698.114
deep-researcher-1785976714-bac08482c836,401.679,564.843
wide-researcher-1785976714-e3fafea6c68e,401.734,652.615
data-analyst-1785976600-aa366688e680,401.738,414.731
data-analyst-1785976601-b1a2e5535b82,401.863,401.863
deep-researcher-1785976714-87c611bf9e4f,401.875,577.478
wide-researcher-1785976714-485ff794f87f,401.944,559.137
data-analyst-1785976610-79b96c9b7914,401.975,415.163
data-analyst-1785976610-6d0e233d9089,401.987,419.449
data-analyst-1785976610-a4ec4aef9331,402.000,415.976
deep-researcher-1785976714-b056c275925b,402.008,686.084
wide-researcher-1785976714-f591e9b1434c,402.047,657.012
deep-researcher-1785976714-8cb64c196feb,402.141,635.604
wide-researcher-1785976714-100e60435b71,402.191,560.562
deep-researcher-1785976714-5349851f27ca,402.209,698.361
wide-researcher-1785976714-52c4487f91bd,402.266,671.894
deep-researcher-1785976714-1331dbbdac2a,402.322,673.784
wide-researcher-1785976714-7ee20869a1ed,402.369,552.345
deep-researcher-1785976714-61d780a3f93c,402.391,698.393
wide-researcher-1785976714-b6dd8f70fae2,402.424,692.183
deep-researcher-1785976714-ddc8f3882220,402.515,674.424
wide-researcher-1785976714-d806744ce615,402.589,697.056
deep-researcher-1785976715-db9bfa5c123c,402.645,563.058
wide-researcher-1785976715-a005c0385802,402.679,634.275
deep-researcher-1785976715-08c57b6e4ad1,402.732,556.877
wide-researcher-1785976715-93ca7bd56f43,402.799,595.826
deep-researcher-1785976715-ce338aa9e644,402.835,697.024
wide-researcher-1785976715-1ffca5a1af89,402.891,653.881
deep-researcher-1785976715-4101b59c10f4,402.918,660.431
wide-researcher-1785976715-4e513d4a2629,402.957,648.332
deep-researcher-1785976715-42b224d6ef00,402.984,577.945
wide-researcher-1785976715-1b8c74c87194,403.121,681.362
deep-researcher-1785976715-36e74fd9850d,403.193,682.618
wide-researcher-1785976715-de5fe4ebb2c4,403.221,684.812
deep-researcher-1785976715-8187eb7ebd56,403.253,559.625
wide-researcher-1785976715-ad2cfd79a2bb,403.373,557.817
deep-researcher-1785976715-d8a1bd7ba1ac,403.421,698.690
wide-researcher-1785976715-01a16269c781,403.457,642.146
data-analyst-1785976544-283d9d9f1c21,403.480,403.480
deep-researcher-1785976715-3111597dbe80,403.497,689.747
wide-researcher-1785976716-f7162d67056f,403.526,686.630
data-analyst-1785976608-3751556ef088,403.595,422.099
data-analyst-1785976559-e8099bc627f8,403.614,403.615
deep-researcher-1785976716-2e4137a49b13,403.663,691.794
wide-researcher-1785976716-5783b1bd93e7,403.708,545.883
deep-researcher-1785976716-483abbe6d576,403.727,640.380
wide-researcher-1785976716-623b2f5292f9,403.838,686.872
deep-researcher-1785976716-f0e81692ef8a,403.871,686.504
wide-researcher-1785976716-5c0c515147aa,403.903,655.895
deep-researcher-1785976716-5ca319a8a252,404.002,696.946
wide-researcher-1785976716-3c1081355ead,404.033,685.609
deep-researcher-1785976716-f9778c65a5a0,404.104,654.251
wide-researcher-1785976716-bedfe46d99a7,404.196,557.692
deep-researcher-1785976716-bfeca8b6aa70,404.254,586.681
wide-researcher-1785976716-1f3b0696e540,404.312,674.738
deep-researcher-1785976716-c0d2e8a64bb9,404.352,660.975
wide-researcher-1785976716-21222c321011,404.441,695.839
deep-researcher-1785976716-0f090c7d9927,404.492,642.277
wide-researcher-1785976717-915019957959,404.564,650.833
deep-researcher-1785976717-9a9af43514ae,404.626,635.570
wide-researcher-1785976717-153a1edd7074,404.666,640.201
deep-researcher-1785976717-33e54466d6f1,404.695,665.609
wide-researcher-1785976717-728b6355f9b4,404.771,584.106
deep-researcher-1785976717-4851a464362b,404.917,560.547
wide-researcher-1785976717-926677e3b2cd,404.964,683.654
deep-researcher-1785976717-9107c460f7ae,405.027,559.834
wide-researcher-1785976717-b75e1ad04fbe,405.158,593.742
data-analyst-1785976598-a3409735592e,405.213,415.491
deep-researcher-1785976717-7e987e7b9bc1,405.222,558.429
wide-researcher-1785976717-a7e134a23b28,405.240,674.770
data-analyst-1785976603-e960ca4a1cdb,405.351,415.534
deep-researcher-1785976717-bf7ae41d8c15,405.396,556.763
wide-researcher-1785976717-cca1279f720b,405.414,643.581
deep-researcher-1785976717-61457f71161e,405.452,560.749
data-analyst-1785976610-b3f4dfdf508d,405.486,417.448
data-analyst-1785976610-1df6936cbf87,405.500,439.482
data-analyst-1785976610-a32836c83efb,405.514,416.891
wide-researcher-1785976717-ba905609f5a7,405.518,679.410
deep-researcher-1785976718-e862311cf259,405.547,641.748
wide-researcher-1785976718-0f253354ff37,405.604,673.091
deep-researcher-1785976718-9204e91efee6,405.705,698.769
wide-researcher-1785976718-94f4a489d905,405.772,635.669
deep-researcher-1785976718-0f7a395601a1,405.868,691.238
wide-researcher-1785976718-85f282cece55,405.950,684.026
deep-researcher-1785976718-f80ec59fdaa1,406.016,657.811
wide-researcher-1785976718-6df4a5c96ee8,406.073,652.459
deep-researcher-1785976718-ac33786bae38,406.142,697.274
data-analyst-1785976610-33781a2f0d75,406.167,437.308
data-analyst-1785976610-598530e53f80,406.181,419.774
data-analyst-1785976610-353a6481f7e4,406.196,432.166
wide-researcher-1785976718-0044b90896c1,406.204,650.372
deep-researcher-1785976718-81274eba8ed2,406.249,641.834
wide-researcher-1785976718-aca33db1fa77,406.288,684.633
data-analyst-1785976551-2c62afac980b,406.327,425.045
data-analyst-1785976551-7ad0b88db229,406.340,445.798
data-analyst-1785976581-1de0cfd85db5,406.353,417.476
data-analyst-1785976602-296f78505b90,406.367,415.575
deep-researcher-1785976718-a186af6f23cc,406.452,649.748
wide-researcher-1785976718-d63c2c303b20,406.480,677.409
deep-researcher-1785976719-08b8126eda81,406.518,551.555
wide-researcher-1785976719-ba965d6094b3,406.550,662.934
deep-researcher-1785976719-d5ce670bf95f,406.629,698.207
wide-researcher-1785976719-4e57bcbb8a77,406.680,677.254
deep-researcher-1785976719-c030a0ab4455,406.717,683.959
wide-researcher-1785976719-1d09c9d46a7b,406.736,616.507
deep-researcher-1785976719-19df4f70ff93,406.893,689.621
wide-researcher-1785976719-4dea23fbff1c,406.924,564.799
deep-researcher-1785976719-14c390dafa83,406.962,618.371
data-analyst-1785976600-d3e9d87f4811,406.975,415.562
data-analyst-1785976606-11aa540bce1c,406.993,418.081
data-analyst-1785976593-9187eeedfc6b,407.011,407.011
wide-researcher-1785976719-7d316cae2b39,407.036,679.430
deep-researcher-1785976719-55a889d46326,407.118,644.502
data-analyst-1785976606-886717b28d3f,407.202,418.175
wide-researcher-1785976719-f0ed8d33bd39,407.229,555.469
deep-researcher-1785976719-763f839790a5,407.275,658.250
data-analyst-1785976611-216d26f55bb1,407.333,415.803
data-analyst-1785976611-b41962a23579,407.347,423.165
data-analyst-1785976611-5997dd230606,407.362,428.102
wide-researcher-1785976719-faa84a3011cf,407.370,559.487
data-analyst-1785976588-3d5a9364ead3,407.401,468.080
deep-researcher-1785976719-a5a6d4e9f589,407.467,656.851
wide-researcher-1785976719-52f3b78ff911,407.586,660.092
deep-researcher-1785976720-af0099676e9b,407.663,583.116
wide-researcher-1785976720-9c4dcace9291,407.692,658.462
deep-researcher-1785976720-cede043aca0f,407.723,669.421
wide-researcher-1785976720-2334ea51e59e,407.804,664.192
data-analyst-1785976585-27cb5e36265e,407.830,414.670
deep-researcher-1785976720-7245e406ebe7,407.957,668.204
wide-researcher-1785976720-d7e21a8ee6c8,408.035,674.522
deep-researcher-1785976720-f427bc89feae,408.056,643.769
data-analyst-1785976611-397aad35ac49,408.100,435.928
data-analyst-1785976611-36302e02cb8c,408.113,425.635
wide-researcher-1785976720-bdbe339fa241,408.121,645.374
data-analyst-1785976611-696a05e4e968,408.130,432.686
data-analyst-1785976601-d6dfc2db330c,408.162,414.655
deep-researcher-1785976720-a2af10f4097e,408.179,559.341
data-analyst-1785976604-1d89bf593f37,408.183,414.717
data-analyst-1785976601-4ee8dfd0e648,408.202,414.704
data-analyst-1785976572-7e6e218f259c,408.221,408.221
wide-researcher-1785976720-fbb2dacb6f98,408.229,678.197
deep-researcher-1785976720-5fcdb6dde555,408.248,546.104
wide-researcher-1785976720-94179fceb6a5,408.368,696.508
deep-researcher-1785976720-9ec686b57b9c,408.408,633.167
wide-researcher-1785976720-0756b5fdadf0,408.438,680.551
deep-researcher-1785976720-4cc981bd779f,408.467,684.756
wide-researcher-1785976721-6bb5cde33333,408.620,666.989
deep-researcher-1785976721-5593b559ef01,408.737,699.186
data-analyst-1785976573-550b85bd81bc,408.823,422.461
data-analyst-1785976541-d7073e4486e8,408.841,414.788
data-analyst-1785976588-4b0b08098671,408.877,414.818
wide-researcher-1785976721-105c71e2023d,408.878,659.709
deep-researcher-1785976721-988d2fb597ca,408.983,570.263
wide-researcher-1785976721-d04b7fc9b663,409.040,677.195
deep-researcher-1785976721-e61bc4f47e17,409.165,674.275
data-analyst-1785976606-e927c33c121d,409.204,409.205
wide-researcher-1785976721-8a7ab241981e,409.209,621.681
deep-researcher-1785976721-95a038b2232e,409.273,650.148
wide-researcher-1785976721-a4523feab3f0,409.323,558.254
data-analyst-1785976569-b6f283c23544,409.357,409.358
deep-researcher-1785976721-59aaa0a59dfb,409.429,683.864
data-analyst-1785976606-52327f534ff7,409.456,415.121
wide-researcher-1785976721-6b01485dc651,409.471,684.073
deep-researcher-1785976721-c2f4d856e9e7,409.548,548.549
wide-researcher-1785976722-7038df41c996,409.568,653.377
deep-researcher-1785976722-d854f90dc9ab,409.596,647.939
wide-researcher-1785976722-ffe8e3390f14,409.634,547.964
deep-researcher-1785976722-4f9d9e41b3ac,409.701,642.464
wide-researcher-1785976722-a10c41f54d2e,409.752,684.994
data-analyst-1785976604-995cce0ffd81,409.760,415.135
deep-researcher-1785976722-eabecf7a5b3c,409.831,645.427
wide-researcher-1785976722-a2e93aaa3cbc,409.914,657.500
deep-researcher-1785976722-57b10f439f26,409.952,620.866
wide-researcher-1785976722-93e0f2bdf952,409.984,549.441
data-analyst-1785976604-1e6210b96707,410.114,415.150
deep-researcher-1785976722-ad3e30cf56fb,410.252,657.710
data-analyst-1785976606-978df4ce7dc1,410.284,416.937
data-analyst-1785976604-0a9171259c27,410.336,414.801
data-analyst-1785976608-09537334522b,410.355,416.274
wide-researcher-1785976722-7f803174dfa9,410.373,557.603
deep-researcher-1785976722-19647e789346,410.431,644.406
wide-researcher-1785976722-9aa1444c2f0d,410.490,642.700
deep-researcher-1785976722-370b4fe9c248,410.556,633.826
wide-researcher-1785976723-cfb2488ade15,410.641,580.783
deep-researcher-1785976723-3f7e145cf5dd,410.722,639.630
data-analyst-1785976608-482be1acd4bb,410.773,421.985
wide-researcher-1785976723-b66ab0a97632,410.781,679.008
deep-researcher-1785976723-185d039e9787,410.815,661.174
data-analyst-1785976606-74ddd2346f21,410.930,414.911
wide-researcher-1785976723-2e167a9dfe4d,410.938,552.330
data-analyst-1785976607-a167d4f0280d,410.951,416.728
deep-researcher-1785976723-9f92e78c2137,410.980,666.112
wide-researcher-1785976723-a4ead2150059,411.072,620.766
deep-researcher-1785976723-570fdd6b945b,411.111,649.671
wide-researcher-1785976723-5d43d53bb6ec,411.145,617.845
deep-researcher-1785976723-ebd8d5614695,411.241,675.577
wide-researcher-1785976723-2c9337d77b44,411.276,663.507
deep-researcher-1785976723-3451b9078ea1,411.331,691.494
wide-researcher-1785976723-4bf133770a58,411.378,685.740
deep-researcher-1785976723-ce2f0ec1cb6b,411.395,566.783
wide-researcher-1785976723-0f3001aa5fab,411.428,563.318
deep-researcher-1785976723-8e110a15f0d7,411.465,695.439
wide-researcher-1785976723-c4c08a2f1e02,411.493,647.891
data-analyst-1785976604-5ad7191ba92a,411.522,411.523
deep-researcher-1785976724-3832993678c5,411.567,698.465
wide-researcher-1785976724-915138020af0,411.718,630.203
deep-researcher-1785976724-cf3d7fd792f3,411.749,684.392
data-analyst-1785976611-7b91b36712cb,411.776,490.522
data-analyst-1785976611-37282d762211,411.789,428.133
data-analyst-1785976611-8049b4ed3f18,411.801,421.801
wide-researcher-1785976724-804aba38de3e,411.817,697.291
data-analyst-1785976568-70081ed71cef,411.835,418.274
deep-researcher-1785976724-64823c77eb1f,411.883,659.244
wide-researcher-1785976724-e204ca67fced,411.945,667.189
deep-researcher-1785976724-7a8388d42772,412.011,587.090
wide-researcher-1785976724-44d42a921cf1,412.067,664.233
deep-researcher-1785976724-f4d2debac2a8,412.124,690.744
wide-researcher-1785976724-e79291eb9c9c,412.188,552.692
deep-researcher-1785976724-b0ba98801537,412.229,677.532
data-analyst-1785976603-bbe87e5ec1fe,412.240,412.241
wide-researcher-1785976724-09cc4a25f16b,412.259,670.681
deep-researcher-1785976724-1c0d590014b6,412.330,698.831
data-analyst-1785976611-797c1e7bd4d7,412.334,421.087
data-analyst-1785976611-5e0d87a44b50,412.347,531.317
data-analyst-1785976611-ea3c81f20182,412.360,498.927
wide-researcher-1785976724-c63e081a9124,412.452,561.063
deep-researcher-1785976724-b85ff38a8d03,412.486,645.118
wide-researcher-1785976725-ad73b9c35c8a,412.584,672.963
deep-researcher-1785976725-39ac26b64a0c,412.621,649.153
wide-researcher-1785976725-6d74479b5d7d,412.651,675.144
deep-researcher-1785976725-bf262af42503,412.759,655.837
wide-researcher-1785976725-d4436a63b86b,412.788,651.200
deep-researcher-1785976725-fd08ddcefcb4,412.823,654.265
wide-researcher-1785976725-b7fb68084f3f,412.888,653.750
deep-researcher-1785976725-ccdc556476c8,412.905,685.189
wide-researcher-1785976725-1e064fc1af13,412.940,656.468
deep-researcher-1785976725-167091a0efc3,413.073,582.786
wide-researcher-1785976725-5d83c9de6da7,413.164,656.502
deep-researcher-1785976725-5ca8ea076e86,413.320,657.878
wide-researcher-1785976725-9e642ef01564,413.396,690.426
data-analyst-1785976582-5bd5aa75fe2a,413.411,435.673
data-analyst-1785976582-97248405b486,413.423,416.922
data-analyst-1785976564-86f8f42655c2,413.437,415.009
data-analyst-1785976603-35bd9458609a,413.449,413.450
deep-researcher-1785976725-d9cc1c8afe11,413.530,647.416
data-analyst-1785976547-391d310e7b98,413.621,413.622
wide-researcher-1785976725-81aea405ba97,413.710,642.132
deep-researcher-1785976726-62db63262f67,413.738,680.955
wide-researcher-1785976726-7285c4f789a2,413.772,643.371
data-analyst-1785976578-937c62f764d3,413.805,413.805
deep-researcher-1785976726-c627cde91e8a,413.813,699.413
wide-researcher-1785976726-1753adc33004,413.852,559.165
deep-researcher-1785976726-b52e4a20d833,413.972,683.005
wide-researcher-1785976726-1f96f0603786,414.005,646.846
deep-researcher-1785976726-6be189fb3194,414.079,690.506
wide-researcher-1785976726-f1704990ab8b,414.098,653.704
deep-researcher-1785976726-f64da5174747,414.138,696.286
wide-researcher-1785976726-d950e6f32317,414.168,681.281
deep-researcher-1785976726-79297323a4a6,414.239,696.579
wide-researcher-1785976726-4e93287667a8,414.268,668.700
deep-researcher-1785976726-ec46801c14de,414.289,681.330
wide-researcher-1785976726-f5f496eed3e8,414.387,637.986
deep-researcher-1785976726-baccb9a9f97e,414.413,684.179
wide-researcher-1785976726-1c31b51afaca,414.453,689.557
deep-researcher-1785976726-27f2c0a9f5b3,414.521,577.010
wide-researcher-1785976727-c40fbb2f696e,414.585,686.652
deep-researcher-1785976727-377d14d972ae,414.674,670.522
wide-researcher-1785976727-87e13892076a,414.740,648.164
deep-researcher-1785976727-8a28f8501aa3,414.809,697.708
wide-researcher-1785976727-297246d3f8e1,414.969,635.863
deep-researcher-1785976727-b095a2beaa33,415.027,604.906
wide-researcher-1785976727-384a0c1578aa,415.049,697.673
deep-researcher-1785976727-a91c65bc6a63,415.087,698.282
wide-researcher-1785976727-65b19cf6e163,415.216,659.608
deep-researcher-1785976727-e3ccb4f02368,415.256,554.166
wide-researcher-1785976727-18498683146d,415.287,557.383
deep-researcher-1785976727-6efab8174018,415.324,575.315
wide-researcher-1785976727-3284bec2a7ec,415.362,593.402
deep-researcher-1785976727-c841a74b03f0,415.518,641.510
wide-researcher-1785976727-acf3d7454deb,415.600,644.745
deep-researcher-1785976728-41a1f0e24ec4,415.651,600.739
wide-researcher-1785976728-3bcf1d133b1d,415.679,677.158
deep-researcher-1785976728-2b923bba5b8a,415.738,636.851
wide-researcher-1785976728-27000b7d4eef,415.793,695.956
deep-researcher-1785976728-c8023fcccbd2,415.842,641.944
wide-researcher-1785976728-0b05c56d38f9,415.923,616.976
deep-researcher-1785976728-292abefee4f1,415.964,648.027
wide-researcher-1785976728-f4e28d88fcd5,416.096,679.750
deep-researcher-1785976728-0599cca93205,416.190,696.817
wide-researcher-1785976728-7693fe63b787,416.283,636.778
deep-researcher-1785976728-51a582ff1411,416.321,588.410
wide-researcher-1785976728-353f9f1a0cfd,416.382,675.356
deep-researcher-1785976728-a5497f2b588e,416.411,697.219
wide-researcher-1785976728-1e30324ea89d,416.476,568.982
deep-researcher-1785976728-4b510bcabc7c,416.548,561.246
wide-researcher-1785976729-aef65b2aefe3,416.600,650.098
deep-researcher-1785976729-158c39db161c,416.640,650.503
wide-researcher-1785976729-7e335b3bd200,416.760,578.485
deep-researcher-1785976729-57d9a0943da6,416.803,648.422
wide-researcher-1785976729-2dda93e3336f,416.832,670.602
deep-researcher-1785976729-37b73afc17e6,416.880,698.511
wide-researcher-1785976729-4e0879ba8b2d,417.017,554.879
deep-researcher-1785976729-86c40a67143e,417.039,593.547
wide-researcher-1785976729-fa849962e6b1,417.106,568.772
deep-researcher-1785976729-d16ce7e44eab,417.166,574.351
wide-researcher-1785976729-07f56cf9e9f5,417.345,680.064
deep-researcher-1785976729-0ad997217efd,417.407,653.808
wide-researcher-1785976729-c4388bd8404e,417.435,544.192
data-analyst-1785976617-8301d85b42cb,417.461,417.461
deep-researcher-1785976729-15f869ffe367,417.504,634.291
data-analyst-1785976617-4d3404151247,417.553,417.553
data-analyst-1785976613-a11e6ed57522,417.598,417.598
wide-researcher-1785976730-ff7c92548623,417.602,552.519
deep-researcher-1785976730-82814c5063d9,417.649,581.761
wide-researcher-1785976730-c7c76c7235de,417.687,639.442
deep-researcher-1785976730-88c938bd174b,417.707,620.230
wide-researcher-1785976730-28dac87f09a3,417.756,584.593
deep-researcher-1785976730-d2cf3ab9115d,417.860,699.025
wide-researcher-1785976730-f54277e7a2d6,417.927,646.923
deep-researcher-1785976730-58a329e22c73,417.995,654.663
wide-researcher-1785976730-8d31ab7c4349,418.033,644.358
deep-researcher-1785976730-2208154ad3e4,418.052,573.556
wide-researcher-1785976730-957f91f66b0a,418.114,545.090
deep-researcher-1785976730-2f7346ddd7fc,418.209,699.261
data-analyst-1785976613-86faca7f33a2,418.304,418.304
wide-researcher-1785976730-3f1ce817e40c,418.312,677.449
deep-researcher-1785976730-d8cd7400c6bb,418.341,636.317
data-analyst-1785976617-079d329dfa82,418.355,418.355
wide-researcher-1785976730-73527e195919,418.379,568.729
deep-researcher-1785976730-850f98eb6bc9,418.521,696.888
wide-researcher-1785976730-dc51e35f130e,418.555,556.603
deep-researcher-1785976731-34f0e56bf948,418.604,673.256
data-analyst-1785976616-0fdd463414df,418.660,418.661
wide-researcher-1785976731-94e64d419dc5,418.759,641.130
deep-researcher-1785976731-85d0132589b8,418.798,697.854
wide-researcher-1785976731-e243fc2bdc69,418.923,577.494
deep-researcher-1785976731-cb8753cef441,418.955,643.418
wide-researcher-1785976731-9b033df63ae7,418.985,610.188
deep-researcher-1785976731-d438ff70e718,419.052,558.474
wide-researcher-1785976731-4035dd14d01d,419.120,565.785
deep-researcher-1785976731-9adc16890a6f,419.161,552.863
data-analyst-1785976618-9c554b3e95e1,419.175,419.175
wide-researcher-1785976731-6bb47c3a5ef7,419.199,677.038
data-analyst-1785976617-573089fcc7b2,419.225,419.226
deep-researcher-1785976731-e629bc548e6c,419.407,649.451
wide-researcher-1785976731-723466f1c15a,419.503,683.413
deep-researcher-1785976731-793c437c658b,419.572,679.372
wide-researcher-1785976732-da3bf960561f,419.662,697.815
data-analyst-1785976619-988712fdbadc,419.676,419.676
deep-researcher-1785976732-cd82a45d9cba,419.719,644.135
wide-researcher-1785976732-3b76a602bb79,419.791,547.523
deep-researcher-1785976732-dae5c4751eac,419.829,562.776
wide-researcher-1785976732-3ad3a3109235,419.859,684.914
deep-researcher-1785976732-bd86964aeafb,419.900,686.574
wide-researcher-1785976732-55d96db6ef18,420.031,679.469
deep-researcher-1785976732-eee2c7068621,420.053,697.655
data-analyst-1785976622-9d0f8c25af2f,420.151,420.151
wide-researcher-1785976732-4c498befa548,420.185,552.210
deep-researcher-1785976732-f94a5f806b0a,420.272,697.007
wide-researcher-1785976732-2889013ee400,420.311,650.966
deep-researcher-1785976732-e4bedd56ce36,420.379,699.494
wide-researcher-1785976732-2d0b519c1070,420.409,658.910
deep-researcher-1785976732-af0e26e695e0,420.437,646.307
wide-researcher-1785976732-6a1793febbf9,420.507,648.230
deep-researcher-1785976733-ac752f1de3a3,420.569,697.202
data-analyst-1785976619-2b7725a4ee9a,420.709,420.709
wide-researcher-1785976733-21232f113bd3,420.713,650.471
deep-researcher-1785976733-a0830c9d32f9,420.893,653.612
wide-researcher-1785976733-87ca920436e0,420.922,653.532
deep-researcher-1785976733-51abb217ab75,421.021,653.821
wide-researcher-1785976733-14b70d3aa1f8,421.176,653.260
deep-researcher-1785976733-08ecf2e59a3e,421.305,699.397
wide-researcher-1785976733-4d2e77b6e31a,421.365,687.423
deep-researcher-1785976733-26ea1000aaac,421.397,699.111
data-analyst-1785976614-37f117ea32c6,421.458,421.458
data-analyst-1785976624-1a2fc7385beb,421.474,421.475
wide-researcher-1785976733-245f78a90e91,421.545,571.307
deep-researcher-1785976733-534e8321ad6e,421.565,602.249
data-analyst-1785976621-e141e2c22867,421.575,421.576
wide-researcher-1785976734-c9627484bcbb,421.700,554.079
deep-researcher-1785976734-b3763d16b3e9,421.729,672.291
wide-researcher-1785976734-05adeba5c2d1,421.789,681.621
deep-researcher-1785976734-6463c7d78d96,421.829,630.316
data-analyst-1785976623-a49d5d290413,421.878,421.878
data-analyst-1785976620-6a0359182ae0,421.923,421.923
wide-researcher-1785976734-0b5152c21a43,421.959,683.804
deep-researcher-1785976734-d700f453c6ce,422.006,697.781
wide-researcher-1785976734-4eac1ef438ff,422.070,679.968
data-analyst-1785976620-f37cf2d4d0ac,422.085,422.085
deep-researcher-1785976734-e93b6003626b,422.108,643.156
wide-researcher-1785976734-a3dbd8fa7b0e,422.139,656.388
deep-researcher-1785976734-5ce3ed3c20b6,422.180,573.572
wide-researcher-1785976734-c0d9e3816a71,422.219,679.951
data-analyst-1785976624-36c28a5cba47,422.346,422.347
deep-researcher-1785976734-a7a85c8c42ac,422.404,645.004
wide-researcher-1785976734-3a1b2c5aa87b,422.522,572.438
deep-researcher-1785976734-ee0c857bbd83,422.565,584.608
wide-researcher-1785976735-7c7db187e60a,422.624,673.662
deep-researcher-1785976735-f01447288912,422.691,641.584
data-analyst-1785976625-5cc0550e486a,422.737,422.738
wide-researcher-1785976735-c44a4f50f188,422.812,665.151
deep-researcher-1785976735-8351d54d20e7,422.859,630.365
data-analyst-1785976627-6ad087ae0725,422.888,422.888
data-analyst-1785976614-c0d3dacf0a6b,422.902,422.902
wide-researcher-1785976735-307fe67b060a,422.912,683.220
deep-researcher-1785976735-d60804a15147,423.065,557.661
wide-researcher-1785976735-d06bfda1c972,423.085,651.422
data-analyst-1785976631-f6aa8829f6d1,423.125,423.125
data-analyst-1785976622-8d2aae4929ac,423.138,423.139
data-analyst-1785976628-741e6f3fd7d2,423.151,423.151
deep-researcher-1785976735-78f65bb1afee,423.238,696.108
wide-researcher-1785976735-e502463bfe28,423.278,648.836
data-analyst-1785976618-53c06aa52f18,423.335,423.336
deep-researcher-1785976735-c17f00605f37,423.344,640.932
data-analyst-1785976620-9cfd519ca4b2,423.367,423.368
wide-researcher-1785976735-1bd75ac1379b,423.380,593.895
data-analyst-1785976625-84046c73dcc9,423.385,423.385
data-analyst-1785976628-a12ddf8c816c,423.398,423.399
deep-researcher-1785976735-06ed871a29aa,423.410,698.943
wide-researcher-1785976735-7e352325c1d8,423.458,697.120
deep-researcher-1785976735-55affc085404,423.516,633.522
wide-researcher-1785976736-b39dcc4a284c,423.555,685.113
deep-researcher-1785976736-ef19d046e8bd,423.645,647.812
wide-researcher-1785976736-e6605f1e2816,423.693,642.022
deep-researcher-1785976736-db8e96cb67d4,423.807,695.973
wide-researcher-1785976736-9153eb873c99,423.904,659.480
data-analyst-1785976625-d3c9efece6df,423.981,423.981
data-analyst-1785976614-515f0fce8fd6,424.016,424.017
deep-researcher-1785976736-e6825adf2ae2,424.035,695.991
wide-researcher-1785976736-67a6927d282a,424.081,645.736
deep-researcher-1785976736-fc4bd8a756de,424.206,644.374
data-analyst-1785976628-9a695ece84c7,424.234,424.234
wide-researcher-1785976736-ef38d3537ca0,424.259,646.012
data-analyst-1785976620-817fd887ade1,424.268,424.268
data-analyst-1785976618-de56c81cd9e2,424.300,424.301
deep-researcher-1785976736-b74bda9e559f,424.341,675.945
wide-researcher-1785976736-1746ed00e10a,424.380,681.298
deep-researcher-1785976736-57fda0bbcbd5,424.417,691.620
wide-researcher-1785976736-3239e01963ff,424.438,640.737
data-analyst-1785976630-9e4f855edc15,424.550,424.551
deep-researcher-1785976736-5f3b0c948bb3,424.580,697.798
data-analyst-1785976617-f6626645c180,424.616,424.616
wide-researcher-1785976737-c27465595a3c,424.629,672.237
deep-researcher-1785976737-d3191dd30723,424.694,640.992
wide-researcher-1785976737-eff4546b8119,424.733,644.933
deep-researcher-1785976737-660fb92dc8df,424.810,685.571
wide-researcher-1785976737-fd696ce668ce,424.870,620.146
deep-researcher-1785976737-5436dd6310fa,424.900,593.266
wide-researcher-1785976737-adc526ec3af3,424.930,662.764
data-analyst-1785976620-f60e4f4cf3dc,424.950,424.951
deep-researcher-1785976737-ad50ebaa4caf,424.988,666.293
wide-researcher-1785976737-748d94f0ffad,425.040,690.286
deep-researcher-1785976737-5f167c621303,425.130,553.044
wide-researcher-1785976737-af14ecc6f946,425.162,685.261
data-analyst-1785976627-f71e393ef20d,425.177,425.178
deep-researcher-1785976737-0c5f04a4b8d0,425.208,655.190
wide-researcher-1785976737-31579db90030,425.356,650.328
data-analyst-1785976631-42802da2a6e4,425.446,425.446
deep-researcher-1785976737-7f95d2c2f46f,425.454,686.361
wide-researcher-1785976737-c1ef235a109b,425.552,683.240
data-analyst-1785976627-f072a5b7bc6a,425.579,425.579
data-analyst-1785976639-0223ac686cc2,425.621,425.622
deep-researcher-1785976738-5f8eab6af7bc,425.705,556.068
data-analyst-1785976633-cf224fd5a415,425.706,425.711
wide-researcher-1785976738-86babe33cf03,425.779,633.735
deep-researcher-1785976738-a058ea782f55,425.833,557.396
wide-researcher-1785976738-f15d307ee708,425.854,690.458
data-analyst-1785976635-a36d4cd3a4c5,425.868,425.868
deep-researcher-1785976738-fc275d55db73,425.894,672.158
wide-researcher-1785976738-a091d180078c,426.066,668.149
data-analyst-1785976622-737c4085f6a4,426.078,426.078
data-analyst-1785976622-f0e503224354,426.091,426.091
deep-researcher-1785976738-c1b4199d89df,426.116,687.893
data-analyst-1785976638-634a9b13c0c4,426.128,426.129
data-analyst-1785976633-f8f28a239c92,426.142,426.142
wide-researcher-1785976738-13f4272941ad,426.204,639.914
deep-researcher-1785976738-d404e06b0f71,426.234,680.410
wide-researcher-1785976738-0e3c7387f245,426.302,680.120
deep-researcher-1785976738-2df894afa80d,426.332,643.655
data-analyst-1785976627-c668040e3826,426.378,426.378
wide-researcher-1785976738-7cd042fd9e8c,426.382,652.817
data-analyst-1785976618-a5939cb62243,426.425,426.425
deep-researcher-1785976738-eccec8368c91,426.443,644.020
wide-researcher-1785976738-0c2927a3503b,426.534,663.426
deep-researcher-1785976739-e751743255c6,426.556,666.000
wide-researcher-1785976739-0df43064084b,426.588,567.720
data-analyst-1785976633-2fa11a31c14b,426.646,426.646
data-analyst-1785976632-d1d747256939,426.661,426.661
deep-researcher-1785976739-11fd65e94ba2,426.669,608.469
data-analyst-1785976616-8bf7e79c9fce,426.674,426.675
data-analyst-1785976626-a23caf74a6fa,426.688,426.689
wide-researcher-1785976739-f7b910049406,426.706,619.628
deep-researcher-1785976739-7b2a7165e0b3,426.725,601.170
wide-researcher-1785976739-d9abcfbc1270,426.808,640.586
data-analyst-1785976638-6eef7489ffd1,426.852,426.853
data-analyst-1785976638-e56e121a4e50,426.868,426.869
deep-researcher-1785976739-cc9f9e619a98,426.924,590.818
wide-researcher-1785976739-0e5a3043224b,426.970,573.481
data-analyst-1785976613-58288be273cf,427.034,427.035
deep-researcher-1785976739-17607765cb6b,427.053,699.060
wide-researcher-1785976739-9e729d4302a9,427.111,697.440
data-analyst-1785976643-7dc4bf1d0244,427.116,427.117
deep-researcher-1785976739-c7e96e7e5a21,427.176,686.329
wide-researcher-1785976739-63f33fcbf2b5,427.215,682.603
data-analyst-1785976619-ee0612144b32,427.246,427.247
deep-researcher-1785976739-33598a8f8e29,427.295,697.937
wide-researcher-1785976739-ed9d75c8b198,427.364,613.213
deep-researcher-1785976739-a3e447c9a543,427.395,647.646
data-analyst-1785976642-5058d397fb44,427.536,427.536
data-analyst-1785976635-2997844dea4f,427.552,427.553
data-analyst-1785976643-c05730e61f43,427.595,427.595
wide-researcher-1785976739-0a467ecd233c,427.620,664.147
deep-researcher-1785976739-0a1fc6c3f8dd,427.744,567.260
data-analyst-1785976633-7f3a3b796e3d,427.798,427.799
wide-researcher-1785976740-4724f086381c,427.814,572.524
data-analyst-1785976643-e38fdda44560,427.835,427.836
deep-researcher-1785976740-9c5a2c7b2f3c,427.845,599.034
data-analyst-1785976643-9e1e517b7761,427.856,427.857
wide-researcher-1785976740-da4c3e87815b,427.876,669.469
deep-researcher-1785976740-82ef0a215bfc,427.920,648.856
data-analyst-1785976627-80f8781d658f,427.926,427.926
wide-researcher-1785976740-9ef1bc3e89e1,427.951,639.818
data-analyst-1785976624-23a091838f3a,427.995,427.996
deep-researcher-1785976740-4a0f8566c9d4,428.015,692.115
wide-researcher-1785976740-1f9d00cbb11e,428.044,683.943
deep-researcher-1785976740-e5d2f551ccbc,428.074,557.570
wide-researcher-1785976740-fbc8d0558899,428.147,651.561
data-analyst-1785976614-0a35822a9a49,428.151,428.152
data-analyst-1785976636-7e39264a8e2f,428.181,428.181
data-analyst-1785976613-bd93e9b13f2f,428.196,428.197
data-analyst-1785976645-ff008340a560,428.209,428.209
deep-researcher-1785976740-4fcd5c8f65e2,428.222,663.490
wide-researcher-1785976740-15fa3ee83c9e,428.240,691.186
data-analyst-1785976633-8d1855e71bf8,428.295,428.296
deep-researcher-1785976740-dc935850c015,428.324,560.967
data-analyst-1785976624-edb75a9b4cd0,428.343,428.344
wide-researcher-1785976740-1aaadbd79879,428.371,633.719
deep-researcher-1785976740-7ca366cc0692,428.445,638.975
data-analyst-1785976635-39f4f2adf76d,428.456,428.457
wide-researcher-1785976740-44aae4eae936,428.484,688.781
data-analyst-1785976614-52a6a0dbc80d,428.505,428.506
deep-researcher-1785976741-f4a586e82490,428.559,697.257
wide-researcher-1785976741-76dd54d10f01,428.578,653.628
data-analyst-1785976642-5e1d0719e690,428.588,428.589
data-analyst-1785976636-4d55f0ab5cf0,428.603,428.603
deep-researcher-1785976741-f6cbf5d121e3,428.620,665.272
data-analyst-1785976646-156a6186b2af,428.633,428.633
data-analyst-1785976643-3436445384ff,428.659,428.659
wide-researcher-1785976741-6045397706f1,428.667,575.269
data-analyst-1785976640-6738ea5df6bd,428.678,428.679
data-analyst-1785976617-5a3e196e4ba9,428.692,428.692
deep-researcher-1785976741-ce1b66dcb40d,428.776,666.016
wide-researcher-1785976741-261c093276f9,428.806,659.651
data-analyst-1785976629-36482340e9dc,428.842,428.842
data-analyst-1785976630-984a6f591417,428.855,428.856
deep-researcher-1785976741-97fbf85f9e55,428.867,602.462
wide-researcher-1785976741-8c2422e76e58,428.885,555.497
deep-researcher-1785976741-76303494b546,428.964,647.553
wide-researcher-1785976741-f214da38005b,429.093,688.504
deep-researcher-1785976741-d56502202103,429.136,658.346
data-analyst-1785976620-5833c4e50b99,429.230,429.230
wide-researcher-1785976741-e7168b517f38,429.256,678.992
deep-researcher-1785976741-b36437ea7763,429.352,655.976
data-analyst-1785976620-46dcd3452137,429.365,429.365
data-analyst-1785976637-e3c4ab5f328b,429.379,429.379
wide-researcher-1785976741-9bd713c18e42,429.383,638.676
data-analyst-1785976641-5ca2fb03fb7a,429.397,429.397
deep-researcher-1785976741-8f7858423a97,429.442,687.369
wide-researcher-1785976741-998e43854af0,429.472,696.801
deep-researcher-1785976742-6db80012e580,429.505,681.458
wide-researcher-1785976742-f031bc430cb1,429.566,661.144
data-analyst-1785976632-260dc401e5fc,429.581,429.581
deep-researcher-1785976742-0d8a5e34b39a,429.593,647.375
data-analyst-1785976628-8a44aa4d697d,429.597,429.598
wide-researcher-1785976742-bffa4ba87f94,429.637,640.259
data-analyst-1785976646-34fd59b38c0d,429.695,429.696
deep-researcher-1785976742-93ca96074146,429.738,559.267
data-analyst-1785976645-aec53a1bfb94,429.780,429.781
data-analyst-1785976622-3d48d100178b,429.794,429.795
wide-researcher-1785976742-93aaaf2a4055,429.816,653.549
data-analyst-1785976624-f42cc84de1da,429.962,429.962
deep-researcher-1785976742-ddd754212e93,429.989,644.847
data-analyst-1785976640-2e18bde09b0f,430.010,430.010
data-analyst-1785976642-1043c2715947,430.023,430.024
wide-researcher-1785976742-8ce168bc10d2,430.071,688.296
deep-researcher-1785976742-7b04875cc2da,430.091,699.633
wide-researcher-1785976742-d0c7d43e1da5,430.120,678.946
data-analyst-1785976645-9b2344ef094d,430.125,430.126
deep-researcher-1785976742-66a161f660f7,430.141,594.117
data-analyst-1785976638-7ccfbe79f596,430.177,430.178
wide-researcher-1785976742-c4358eeac644,430.182,688.699
data-analyst-1785976645-956dae207176,430.213,430.214
data-analyst-1785976620-6ada596f50f4,430.227,430.227
data-analyst-1785976642-baf26ffc086d,430.242,430.242
deep-researcher-1785976742-3300422bd10b,430.256,688.414
data-analyst-1785976645-ac7f856232e5,430.277,430.277
wide-researcher-1785976742-c41c7202b2bb,430.286,564.785
data-analyst-1785976646-a78dd694f9b0,430.311,430.311
deep-researcher-1785976742-ce06414652b1,430.324,658.289
wide-researcher-1785976742-f743dbd6935d,430.381,654.769
deep-researcher-1785976742-569fa20adf75,430.400,683.773
wide-researcher-1785976742-6782aa17d567,430.477,697.620
data-analyst-1785976635-c57938dac45b,430.482,430.482
data-analyst-1785976645-07ad01b5d066,430.511,430.511
data-analyst-1785976638-f6a35460222a,430.557,430.558
data-analyst-1785976654-f81572a81543,430.590,430.591
deep-researcher-1785976742-e0bdc9c1ddf0,430.599,664.248
wide-researcher-1785976743-0a1f7caf5f29,430.647,675.404
data-analyst-1785976654-3f6dbaa59300,430.693,430.694
deep-researcher-1785976743-3378759431a2,430.763,571.839
wide-researcher-1785976743-b3ca0ed6d496,430.825,589.562
deep-researcher-1785976743-a22f388c57b6,430.870,602.115
data-analyst-1785976649-1d7d1fb171d8,430.891,430.891
data-analyst-1785976636-1c98288d9855,430.905,430.905
wide-researcher-1785976743-f4881685cead,430.946,666.048
data-analyst-1785976618-20d71e0e2867,430.973,430.973
deep-researcher-1785976743-893b7bcc37f5,430.986,582.893
data-analyst-1785976630-975040f954f1,431.007,431.007
data-analyst-1785976638-e4186905eed3,431.021,431.022
wide-researcher-1785976743-c028ed07d311,431.079,651.712
data-analyst-1785976651-79ad3fa1685d,431.080,431.085
data-analyst-1785976632-6dd9ddd00f64,431.174,431.175
deep-researcher-1785976743-684b827c45ca,431.198,643.356
data-analyst-1785976646-8d015aff7308,431.209,431.210
wide-researcher-1785976743-3b3b4d3c2178,431.258,640.606
data-analyst-1785976636-44ddd16e464f,431.286,431.287
data-analyst-1785976656-84d9b5dd1330,431.301,431.302
deep-researcher-1785976743-857498a94dc4,431.328,663.002
data-analyst-1785976624-3433ab983b47,431.362,431.363
wide-researcher-1785976743-65737eb28cc9,431.385,697.894
data-analyst-1785976649-41e54ceedfa3,431.427,431.427
data-analyst-1785976639-a89c744eec8c,431.443,431.444
deep-researcher-1785976743-3142c5843c8e,431.452,627.834
data-analyst-1785976654-5762e2be5e42,431.507,431.508
wide-researcher-1785976743-fd589e06a87b,431.516,660.545
data-analyst-1785976653-29f41de085e5,431.563,431.564
data-analyst-1785976631-bec96597ac34,431.580,431.581
deep-researcher-1785976744-552c3562f43b,431.588,660.273
wide-researcher-1785976744-74344ad221b4,431.608,640.681
deep-researcher-1785976744-9ee4d2322a4f,431.635,698.446
data-analyst-1785976645-c57857547e24,431.636,431.641
wide-researcher-1785976744-6b5466e012a8,431.653,558.152
deep-researcher-1785976744-fd50f66ac07f,431.693,634.342
data-analyst-1785976652-f1a66fda5527,431.789,431.791
data-analyst-1785976653-752639352778,431.871,431.871
data-analyst-1785976645-c81f901c1755,431.884,431.885
wide-researcher-1785976744-78c90333ec45,431.897,616.523
deep-researcher-1785976744-e5fe25110fc5,431.914,698.221
data-analyst-1785976627-508338a62263,431.920,431.920
data-analyst-1785976625-bc2b95cbd3b9,431.978,431.978
wide-researcher-1785976744-a7637aaa37eb,431.978,656.403
deep-researcher-1785976744-11c3c95fefc2,432.103,646.721
data-analyst-1785976650-62688ac4bb06,432.131,432.132
wide-researcher-1785976744-c4d2b69c3786,432.155,569.484
data-analyst-1785976656-af34a1cf94a8,432.179,432.179
data-analyst-1785976627-ef07086180ee,432.192,432.193
data-analyst-1785976637-1f394b4a091e,432.205,432.205
data-analyst-1785976640-de41579f06f5,432.233,432.233
data-analyst-1785976629-367190a327d5,432.260,432.261
deep-researcher-1785976744-1da3d1a57c5a,432.273,643.268
data-analyst-1785976643-21d4c7524a57,432.359,432.360
data-analyst-1785976645-613c28594009,432.414,432.415
data-analyst-1785976652-cfd4f2cb2fae,432.431,432.432
data-analyst-1785976635-6034c82ac01b,432.449,432.449
wide-researcher-1785976744-37d2a693bc09,432.458,640.400
data-analyst-1785976658-079491b69be2,432.471,432.471
deep-researcher-1785976744-476f1141863b,432.508,649.691
data-analyst-1785976656-8ce30e505504,432.529,432.530
data-analyst-1785976650-844426384ccc,432.547,432.548
wide-researcher-1785976745-7f65a020dad8,432.576,669.639
deep-researcher-1785976745-9aff1c4a9dec,432.620,690.665
wide-researcher-1785976745-b9a90b4e7cde,432.660,654.087
data-analyst-1785976623-2647aad446d3,432.700,432.700
deep-researcher-1785976745-d527c426f013,432.704,688.360
data-analyst-1785976623-52b62bfb08be,432.718,432.718
wide-researcher-1785976745-e649534efd7a,432.751,669.526
data-analyst-1785976627-45eeb7ac1041,432.765,432.765
deep-researcher-1785976745-4ed76042e403,432.769,643.090
data-analyst-1785976637-a8ed943d075b,432.812,432.813
wide-researcher-1785976745-2a2507d181b3,432.835,643.597
data-analyst-1785976625-e82eedf3f4b7,432.939,432.940
data-analyst-1785976621-27d726751edc,432.956,432.957
deep-researcher-1785976745-6b4d105a24ed,432.964,661.803
data-analyst-1785976662-2dcf6a830703,433.006,433.007
wide-researcher-1785976745-ae74316cdc72,433.026,642.212
deep-researcher-1785976745-e708026372df,433.102,649.169
data-analyst-1785976633-1b806633062f,433.103,433.108
wide-researcher-1785976745-fbfa7ec440a5,433.121,676.907
deep-researcher-1785976745-929d9bb13557,433.151,648.404
wide-researcher-1785976745-4cc35bb20a22,433.206,686.591
data-analyst-1785976631-fbe1325b440f,433.268,433.268
data-analyst-1785976630-7ad1689debab,433.296,433.296
deep-researcher-1785976745-555883b35336,433.310,551.902
wide-researcher-1785976745-5ad7ea9ff419,433.342,561.171
data-analyst-1785976613-067c3d0c6e08,433.391,433.392
deep-researcher-1785976745-d0a513881ce8,433.399,595.339
wide-researcher-1785976745-c76b687a46cd,433.417,677.746
deep-researcher-1785976745-d0d2832b9998,433.490,617.569
data-analyst-1785976621-267300667025,433.500,433.500
data-analyst-1785976617-65eafbb63116,433.558,433.558
data-analyst-1785976632-c9d153ad817b,433.573,433.574
wide-researcher-1785976745-fdd5c88636b6,433.616,654.007
data-analyst-1785976637-e02cb00a7c01,433.636,433.637
data-analyst-1785976645-b747cc352eb6,433.651,433.651
deep-researcher-1785976746-12d79d99073c,433.655,573.840
data-analyst-1785976663-064f5f68cbc8,433.750,433.750
data-analyst-1785976632-d2757859b5e3,433.780,433.780
data-analyst-1785976643-0fd664380188,433.809,433.809
data-analyst-1785976646-136b5493df95,433.852,433.852
wide-researcher-1785976746-cfa894174ff4,433.897,673.767
data-analyst-1785976657-b979392cd66a,433.910,433.910
data-analyst-1785976645-16a9ddda6aae,433.923,433.923
data-analyst-1785976656-bfa882b1da13,433.936,433.937
deep-researcher-1785976746-c452630f3e72,433.976,637.341
wide-researcher-1785976746-d55d803f80f5,434.012,637.488
data-analyst-1785976645-16a361f55d43,434.028,434.028
deep-researcher-1785976746-2b55e9590536,434.032,639.769
wide-researcher-1785976746-7a633b456c3a,434.089,685.420
data-analyst-1785976640-83323f986681,434.104,434.104
deep-researcher-1785976746-0c31fb02ad93,434.108,557.182
data-analyst-1785976646-6c122885c620,434.121,434.121
wide-researcher-1785976746-5755671a8b85,434.133,633.987
deep-researcher-1785976746-6d833263b0e5,434.168,556.514
wide-researcher-1785976746-943b56b1f532,434.215,557.586
data-analyst-1785976654-d6e39aa582e7,434.220,434.221
deep-researcher-1785976746-c6e6cce5c2c4,434.264,684.697
wide-researcher-1785976746-a98c8e5ba799,434.282,674.803
data-analyst-1785976652-8b737605ffea,434.302,434.302
data-analyst-1785976646-68f1039dd572,434.329,434.329
data-analyst-1785976640-05ed4630cced,434.342,434.342
deep-researcher-1785976746-71533badfb8d,434.355,674.881
data-analyst-1785976657-8d388f9cf53a,434.387,434.387
wide-researcher-1785976746-0e798d672057,434.401,683.064
deep-researcher-1785976746-9c36b2b419ed,434.472,552.974
data-analyst-1785976622-a0fa20154b92,434.506,434.506
wide-researcher-1785976746-6d7b36616c7e,434.534,674.659
deep-researcher-1785976747-13aaba4566d0,434.604,682.127
wide-researcher-1785976747-513360c6dae2,434.633,682.413
data-analyst-1785976661-bb447f125f1f,434.683,434.683
deep-researcher-1785976747-92740a7c3430,434.713,698.647
data-analyst-1785976657-df1c93419896,434.727,434.728
data-analyst-1785976652-12a8070ad01d,434.743,434.743
wide-researcher-1785976747-df533b2c87ee,434.751,686.147
data-analyst-1785976663-619524470775,434.806,434.806
deep-researcher-1785976747-47fe30eec2ea,434.814,614.805
wide-researcher-1785976747-91ed0962786b,434.834,692.573
deep-researcher-1785976747-8f73b6a7f175,434.928,652.388
data-analyst-1785976658-be927b066edb,434.968,434.968
data-analyst-1785976664-2f7a9540235c,434.983,434.984
wide-researcher-1785976747-b909a53d0395,434.996,573.586
data-analyst-1785976645-436583d27a14,435.000,435.001
data-analyst-1785976656-21808828fa11,435.033,435.035
data-analyst-1785976628-54133514f507,435.051,435.051
data-analyst-1785976645-b7dfc253b3e8,435.113,435.114
deep-researcher-1785976747-1bbc3e87a94b,435.127,661.970
wide-researcher-1785976747-3815d129612a,435.156,678.255
data-analyst-1785976656-b725cb9c3f44,435.167,435.167
deep-researcher-1785976747-897ebc474f67,435.177,687.485
wide-researcher-1785976747-662df1fdc65b,435.259,665.649
deep-researcher-1785976747-70e6e7a5154e,435.298,697.474
data-analyst-1785976620-97e987365972,435.356,435.357
wide-researcher-1785976747-6e59061ca236,435.357,698.129
data-analyst-1785976656-afa0b87e9a9b,435.375,435.376
data-analyst-1785976643-6766b4f09a06,435.391,435.391
deep-researcher-1785976747-ff2d9bbe91ee,435.406,690.592
wide-researcher-1785976747-6ac3fd094d37,435.436,641.658
deep-researcher-1785976747-2c07290413a8,435.476,691.976
wide-researcher-1785976748-1861d9a0b1c1,435.521,664.955
data-analyst-1785976668-a0eed5d01d91,435.540,435.541
deep-researcher-1785976748-2b78614d2cae,435.549,698.411
data-analyst-1785976625-93377660619f,435.607,435.608
wide-researcher-1785976748-0e285f56daf0,435.613,665.078
data-analyst-1785976669-ecbcbb6225ef,435.628,435.629
data-analyst-1785976649-4a6e76d15b1c,435.641,435.641
deep-researcher-1785976748-5b394cfb9d8d,435.645,644.695
data-analyst-1785976622-c76e0a6ab0f1,435.659,435.659
wide-researcher-1785976748-ebde82110625,435.687,643.448
deep-researcher-1785976748-82599087a85c,435.737,557.677
data-analyst-1785976638-0a49d35a4363,435.774,435.774
wide-researcher-1785976748-3430950f49c6,435.778,666.245
deep-researcher-1785976748-4c16361f9340,435.851,558.679
data-analyst-1785976662-15709f9ab85b,435.957,435.958
wide-researcher-1785976748-dea1cc4cfcdc,435.991,690.082
deep-researcher-1785976748-581bc40a8966,436.030,634.101
data-analyst-1785976654-cb4431d6b53e,436.070,436.071
data-analyst-1785976655-7e81b5d473df,436.086,436.086
data-analyst-1785976667-b766422be81a,436.099,436.100
wide-researcher-1785976748-bac0dcc80805,436.125,689.698
data-analyst-1785976654-6f93a0074c97,436.167,436.168
deep-researcher-1785976748-33db88b5f3b9,436.180,636.220
data-analyst-1785976656-ed71f62d6f38,436.252,436.253
wide-researcher-1785976748-ed6da75af7f4,436.297,653.660
data-analyst-1785976656-4029659be1d9,436.303,436.303
data-analyst-1785976667-5ae61be746f5,436.318,436.319
deep-researcher-1785976748-586d9db8c922,436.326,670.806
data-analyst-1785976636-7715be845ae9,436.353,436.354
data-analyst-1785976639-96049554d980,436.403,436.404
wide-researcher-1785976748-a1e56b663e55,436.422,635.052
deep-researcher-1785976748-21f30f094c20,436.498,646.939
wide-researcher-1785976748-8cf1ca89fd79,436.520,685.721
data-analyst-1785976663-2d7e7798c0e6,436.531,436.532
deep-researcher-1785976749-765be0eec9c8,436.576,584.458
data-analyst-1785976666-b335f3131084,436.604,436.604
data-analyst-1785976661-bc50c84df0cc,436.634,436.635
data-analyst-1785976656-4a4befb73e39,436.664,436.664
data-analyst-1785976672-c5c7a49f871a,436.679,436.680
wide-researcher-1785976749-83f203d142b0,436.680,646.447
deep-researcher-1785976749-23e1f900a632,436.741,662.077
wide-researcher-1785976749-279165bea6ac,436.768,682.450
data-analyst-1785976654-47f388ea3f97,436.768,436.769
deep-researcher-1785976749-ffc5b41baa7c,436.800,680.004
data-analyst-1785976631-891dcba95f5c,436.862,436.863
wide-researcher-1785976749-4896706ee2b3,436.875,684.848
data-analyst-1785976643-7da15f19a2ef,436.897,436.898
deep-researcher-1785976749-9714972250e3,436.953,658.366
wide-researcher-1785976749-698c3e078a9a,436.995,682.213
data-analyst-1785976635-0558e65dab91,437.022,437.023
deep-researcher-1785976749-2193e444cf87,437.023,643.403
data-analyst-1785976655-77317e9df1d7,437.041,437.042
data-analyst-1785976645-adb79db74ff8,437.056,437.056
data-analyst-1785976666-2c9fb4770afa,437.084,437.085
wide-researcher-1785976749-b7c9537ac518,437.122,683.741
data-analyst-1785976665-78078a068e67,437.136,437.137
data-analyst-1785976648-23cb4343c878,437.168,437.168
deep-researcher-1785976749-488472204f7c,437.194,649.617
data-analyst-1785976627-dd083be96885,437.219,437.219
data-analyst-1785976663-8585972d98c0,437.233,437.234
wide-researcher-1785976749-4f18c63957f2,437.233,602.069
deep-researcher-1785976749-6a53fc6e0607,437.291,650.425
data-analyst-1785976657-14af65fbece9,437.375,437.375
data-analyst-1785976670-cb35305c133b,437.484,437.485
wide-researcher-1785976749-deafa75a2cc9,437.498,688.129
data-analyst-1785976670-aa588432bc59,437.503,437.504
data-analyst-1785976663-58a96837d29d,437.533,437.533
data-analyst-1785976645-95679aaf6ef6,437.548,437.549
data-analyst-1785976666-4d0244f26091,437.609,437.609
deep-researcher-1785976749-2eb2df5bef32,437.623,699.131
wide-researcher-1785976750-1181643b5761,437.643,574.512
data-analyst-1785976655-c8b392f1d755,437.665,437.665
deep-researcher-1785976750-d0d7e197dada,437.693,688.085
data-analyst-1785976656-1e582d3b74a6,437.699,437.699
data-analyst-1785976664-3a5e25dca06e,437.714,437.715
data-analyst-1785976665-292907db5b0a,437.729,437.729
data-analyst-1785976643-7e989822774d,437.744,437.744
data-analyst-1785976614-186e182c4cae,437.758,437.759
data-analyst-1785976627-a3baefc7a089,437.773,437.773
wide-researcher-1785976750-f2b3ce0c30f0,437.805,681.892
deep-researcher-1785976750-08190bd61e1a,437.839,699.478
data-analyst-1785976645-8169a4985aea,437.844,437.844
data-analyst-1785976626-a88d05b97ddd,437.861,437.862
data-analyst-1785976670-7bf31823e1d9,437.992,437.992
data-analyst-1785976658-d750d340340d,438.007,438.008
wide-researcher-1785976750-17b8b5107902,438.013,612.133
data-analyst-1785976661-e7561c829f14,438.044,438.044
data-analyst-1785976675-7c0fdcc28866,438.096,438.096
data-analyst-1785976650-d33fbd8e7e93,438.112,438.113
data-analyst-1785976656-20ea9d0f8d2c,438.127,438.128
data-analyst-1785976653-c7c1edfce2ff,438.209,438.210
deep-researcher-1785976750-62edff51232d,438.255,689.641
wide-researcher-1785976750-bdab3245343c,438.323,645.037
data-analyst-1785976631-74a2039c83ed,438.372,438.372
deep-researcher-1785976750-0e87dd63f062,438.380,699.510
data-analyst-1785976672-e5d05f4c0183,438.392,438.392
wide-researcher-1785976750-ee49876ad26d,438.400,682.946
data-analyst-1785976672-64e979bf8f6f,438.426,438.427
data-analyst-1785976653-fd868db08d83,438.441,438.442
deep-researcher-1785976750-a1cfb3bc6fec,438.454,677.990
data-analyst-1785976637-66210c625b02,438.457,438.458
data-analyst-1785976662-6aca8474e50f,438.490,438.490
data-analyst-1785976648-d00bef163db0,438.521,438.521
wide-researcher-1785976750-2f5dd31ee516,438.538,660.680
deep-researcher-1785976751-e832a9d85340,438.584,615.970
data-analyst-1785976660-cc7a9adefb3a,438.596,438.597
data-analyst-1785976660-b7ddeee2037f,438.612,438.613
data-analyst-1785976663-d8718f047022,438.626,438.626
wide-researcher-1785976751-3c46eb0b09df,438.639,638.088
data-analyst-1785976635-3c7d2b32075d,438.660,438.660
data-analyst-1785976647-bb277c0fc223,438.689,438.689
data-analyst-1785976667-3a9723d9e0cb,438.704,438.704
data-analyst-1785976675-e5e837ad82b9,438.719,438.719
data-analyst-1785976622-a13adad367a4,438.763,438.764
deep-researcher-1785976751-a7f5de2acc30,438.772,697.457
data-analyst-1785976675-dda9270f0943,438.783,438.784
wide-researcher-1785976751-87a07edf3835,438.801,666.679
data-analyst-1785976674-746eda89d988,438.849,438.849
data-analyst-1785976663-327315504d1a,438.863,438.864
deep-researcher-1785976751-fe93753d754e,438.876,670.887
wide-researcher-1785976751-0b6b4c1367c5,438.932,553.811
data-analyst-1785976622-01d98dc8c502,438.947,438.948
data-analyst-1785976668-77f8f55b548d,438.992,438.992
deep-researcher-1785976751-106f58eaf5d7,439.010,663.181
data-analyst-1785976646-2a42f17b55e0,439.041,439.041
wide-researcher-1785976751-48b34476daec,439.045,631.040
data-analyst-1785976662-a42fc9a7ba05,439.074,439.074
deep-researcher-1785976751-eeeb0d2f2538,439.148,649.804
data-analyst-1785976678-06824255bd4b,439.154,439.154
wide-researcher-1785976751-7ab2698e4adc,439.166,581.730
deep-researcher-1785976751-d9632e08fe8c,439.204,641.926
data-analyst-1785976677-4ea458f85229,439.235,439.235
data-analyst-1785976645-2f47c909f199,439.266,439.267
wide-researcher-1785976751-ccf1cf69b631,439.275,656.928
deep-researcher-1785976751-809965e35b30,439.326,637.884
data-analyst-1785976678-8630313deb8e,439.331,439.332
data-analyst-1785976654-8f35b284c6af,439.362,439.362
wide-researcher-1785976751-5dceddbf67bc,439.366,660.584
data-analyst-1785976679-d5883214c67f,439.407,439.408
data-analyst-1785976659-13b7b25c55fa,439.423,439.424
data-analyst-1785976663-ec979197bdbf,439.468,439.468
deep-researcher-1785976751-3fc25821908a,439.520,664.849
wide-researcher-1785976751-f36cdc70655c,439.539,668.441
deep-researcher-1785976752-a3889f89f162,439.595,665.472
data-analyst-1785976667-265a7c987fc8,439.663,439.664
data-analyst-1785976635-44715015c09b,439.680,439.680
wide-researcher-1785976752-23fc06bc0e7a,439.688,658.307
data-analyst-1785976616-fe56548b6487,439.699,439.700
data-analyst-1785976659-1c7b2e2754b7,439.727,439.727
data-analyst-1785976648-ccf7cac2b083,439.740,439.740
data-analyst-1785976681-3a1b07cce13f,439.755,439.755
deep-researcher-1785976752-9682ca657be8,439.797,645.644
wide-researcher-1785976752-65e8e1ddbce5,439.834,683.976
data-analyst-1785976655-ca680b8a2ed5,439.870,439.870
data-analyst-1785976678-6f5df06a172c,439.883,439.884
deep-researcher-1785976752-ad59461fd7fb,439.902,680.346
data-analyst-1785976663-be602ed660b3,439.977,439.977
data-analyst-1785976666-a56956bc5be7,440.004,440.005
wide-researcher-1785976752-c603d43c2796,440.013,664.438
data-analyst-1785976672-59565b567e1c,440.019,440.019
data-analyst-1785976675-4c58038d1be0,440.046,440.046
data-analyst-1785976668-f01e177b8aa0,440.061,440.062
deep-researcher-1785976752-45d85635551b,440.079,658.782
wide-researcher-1785976752-9fc29a5b2035,440.102,613.200
data-analyst-1785976676-19b2b5840b19,440.114,440.115
data-analyst-1785976672-b8398aee3426,440.143,440.144
data-analyst-1785976630-25de9fc41ded,440.159,440.160
data-analyst-1785976629-cd15d426b7f1,440.173,440.174
data-analyst-1785976676-e5bfaf38c5e9,440.188,440.190
deep-researcher-1785976752-38403bbcd5e2,440.216,687.354
data-analyst-1785976645-1be675a3db7e,440.221,440.222
data-analyst-1785976661-2fc70b3e4e44,440.236,440.236
wide-researcher-1785976752-494b015808cd,440.287,638.790
deep-researcher-1785976752-4032f1ebe66d,440.314,639.946
data-analyst-1785976638-89d771ee53e0,440.347,440.347
wide-researcher-1785976752-a61395098634,440.382,638.485
data-analyst-1785976617-94110dc02119,440.392,440.392
data-analyst-1785976646-861d08577e34,440.405,440.406
deep-researcher-1785976752-9e530e7f7f0b,440.435,669.736
data-analyst-1785976662-595cefb8a324,440.450,440.450
data-analyst-1785976680-c4fc00062a2c,440.481,440.482
wide-researcher-1785976752-13416289d235,440.499,669.986
deep-researcher-1785976753-943e0c825f5a,440.520,560.088
data-analyst-1785976678-d5ff6882f221,440.533,440.534
wide-researcher-1785976753-3a6afb771333,440.643,659.816
deep-researcher-1785976753-15370aa7a8ff,440.660,652.746
data-analyst-1785976672-2589a0743654,440.666,440.666
data-analyst-1785976649-e803e8e2dae9,440.679,440.680
data-analyst-1785976680-4dc290bb4fc7,440.692,440.693
wide-researcher-1785976753-85b7b5a40eda,440.709,695.618
deep-researcher-1785976753-35456f63b830,440.728,660.804
data-analyst-1785976647-17a3bb44edb1,440.759,440.760
wide-researcher-1785976753-30862e3113ce,440.787,694.855
deep-researcher-1785976753-6e3f6bde9623,440.827,634.766
wide-researcher-1785976753-63cf8eba9748,440.864,687.526
data-analyst-1785976676-2bd7d1ebdf9a,440.876,440.877
data-analyst-1785976638-259f2f15902f,440.890,440.891
deep-researcher-1785976753-1fbbbcdd81f1,440.944,563.275
data-analyst-1785976668-882ec5690212,440.969,440.970
wide-researcher-1785976753-21e1962fd2b5,441.026,662.443
deep-researcher-1785976753-54b26709d0f0,441.063,683.261
data-analyst-1785976683-aa7e8d384e02,441.111,441.112
wide-researcher-1785976753-8a730d00e306,441.111,641.227
data-analyst-1785976684-430964eaa927,441.147,441.147
data-analyst-1785976664-bf702605f49c,441.175,441.176
data-analyst-1785976649-7ffd8eaadd8b,441.189,441.189
data-analyst-1785976638-6ffc835f6e1a,441.202,441.203
data-analyst-1785976681-d2dc3b701c9a,441.216,441.217
deep-researcher-1785976753-4c56e4dcdb7a,441.225,698.145
data-analyst-1785976622-087ac235cfb3,441.246,441.247
data-analyst-1785976685-efa741996654,441.290,441.290
wide-researcher-1785976753-9c8e0a0b8449,441.317,651.178
deep-researcher-1785976753-d5881aac7274,441.347,685.308
data-analyst-1785976640-31a8efc2bcaf,441.375,441.376
data-analyst-1785976637-1686d55b1512,441.404,441.405
wide-researcher-1785976753-e4663b014a52,441.405,660.061
data-analyst-1785976616-cc9b491d4b36,441.423,441.423
deep-researcher-1785976753-5669bf895fcd,441.427,638.519
data-analyst-1785976678-b77ef5a31990,441.474,441.475
wide-researcher-1785976753-640cbc253e30,441.483,637.715
data-analyst-1785976624-9242c5c2a773,441.493,441.494
data-analyst-1785976630-0d05609861cb,441.507,441.507
deep-researcher-1785976753-d7638242c812,441.534,655.158
data-analyst-1785976646-a68ddc55710d,441.584,441.585
wide-researcher-1785976754-170da173974f,441.592,665.293
deep-researcher-1785976754-9818b324cd6d,441.610,635.519
wide-researcher-1785976754-7e1cc1c0e8a8,441.637,690.609
data-analyst-1785976674-d77765b94bf4,441.666,441.667
deep-researcher-1785976754-69c7528a0636,441.666,686.695
data-analyst-1785976660-4bd0af940be2,441.713,441.713
wide-researcher-1785976754-0241e0ca038d,441.730,595.309
data-analyst-1785976618-3af3622c0325,441.759,441.759
deep-researcher-1785976754-7047921ac6c9,441.787,657.254
wide-researcher-1785976754-199f7463e5b5,441.806,683.297
data-analyst-1785976645-57aacb7c1724,441.843,441.844
deep-researcher-1785976754-24222a60473b,441.905,571.456
wide-researcher-1785976754-57cc86d259e2,441.955,668.090
data-analyst-1785976683-609c57ca19dd,441.976,441.976
data-analyst-1785976686-0cbd2d1b5bff,441.992,441.992
deep-researcher-1785976754-22115341cf0a,442.010,699.365
wide-researcher-1785976754-ffb1baab0ddd,442.039,653.735
data-analyst-1785976674-1348a1924f04,442.075,442.076
deep-researcher-1785976754-c9ff91028f44,442.080,697.238
data-analyst-1785976685-ddb0b7a23e4a,442.110,442.110
wide-researcher-1785976754-2f43c1e5d541,442.186,560.705
data-analyst-1785976656-cf6f9ac76591,442.191,442.192
deep-researcher-1785976754-0c443dcc9871,442.217,580.796
data-analyst-1785976676-e717e22914b0,442.228,442.229
wide-researcher-1785976754-42bbfb6099c9,442.237,670.505
data-analyst-1785976674-3b45f2827f3e,442.293,442.293
deep-researcher-1785976754-7dc9496a2671,442.297,578.681
data-analyst-1785976655-6c52ae889f81,442.311,442.311
data-analyst-1785976688-729a23780d7f,442.325,442.326
data-analyst-1785976685-5bb655da1777,442.339,442.339
data-analyst-1785976689-30c9714e954e,442.369,442.370
wide-researcher-1785976754-d99515c5bd71,442.391,650.928
deep-researcher-1785976754-821247727b9e,442.463,653.913
data-analyst-1785976679-536a3d904f17,442.498,442.499
wide-researcher-1785976754-324cbfbed840,442.521,637.472
deep-researcher-1785976755-76ea4922eb3b,442.561,583.024
data-analyst-1785976684-6aed0eb78aaa,442.590,442.591
wide-researcher-1785976755-8de0248b5f30,442.709,646.030
data-analyst-1785976655-4faa77196683,442.728,442.729
deep-researcher-1785976755-bde2c2de21ba,442.828,655.748
wide-researcher-1785976755-93b9e2ac3e76,442.856,668.606
data-analyst-1785976664-480bbed1842d,442.886,442.887
deep-researcher-1785976755-a64b1d5994cf,442.914,664.753
wide-researcher-1785976755-c706a4aecafa,442.930,699.009
data-analyst-1785976663-2d595b325218,442.931,442.936
deep-researcher-1785976755-6b0e4edcae9d,442.988,657.402
wide-researcher-1785976755-a650f437c2f7,443.056,670.758
deep-researcher-1785976755-0fffd5156f9b,443.111,656.871
data-analyst-1785976668-b19a3e692f48,443.154,443.154
wide-researcher-1785976755-b265ad9031bc,443.159,672.332
deep-researcher-1785976755-863c912ba3c4,443.184,640.280
data-analyst-1785976689-2f5994eadb1c,443.198,443.199
data-analyst-1785976677-b52fd774bdc8,443.214,443.215
data-analyst-1785976678-cecafe481983,443.229,443.229
wide-researcher-1785976755-9f1f77fb5c0a,443.233,638.907
data-analyst-1785976684-599b05f9185d,443.263,443.264
deep-researcher-1785976755-b545f725503a,443.301,678.089
wide-researcher-1785976755-eecae93905d5,443.322,679.038
deep-researcher-1785976755-d6381cf0637d,443.413,651.374
wide-researcher-1785976755-a424c9f2d7a8,443.454,650.398
deep-researcher-1785976755-9b3514c88dc2,443.537,698.711
wide-researcher-1785976756-434a19a4deab,443.587,671.910
deep-researcher-1785976756-ae20d1e3f9b4,443.668,682.647
data-analyst-1785976697-5b45e13f1435,443.723,539.780
wide-researcher-1785976756-173e429a1ff8,443.724,643.943
deep-researcher-1785976756-35fe7fee5e4e,443.744,698.267
wide-researcher-1785976756-1d4cb8dc1944,443.804,634.208
deep-researcher-1785976756-4097d3c4229e,443.849,698.609
wide-researcher-1785976756-cfd2e7fad2dd,443.888,635.997
deep-researcher-1785976756-721c4d8f60cf,443.966,688.537
data-analyst-1785976676-3d3dad42ef8b,443.992,443.992
wide-researcher-1785976756-6b298d4c5a7c,444.059,649.562
deep-researcher-1785976756-a6d5e6a5255a,444.079,698.160
data-analyst-1785976682-c191835ec876,444.083,444.084
wide-researcher-1785976756-38cb47d51ea3,444.229,635.385
data-analyst-1785976668-0ad96d4ba2b6,444.288,444.288
deep-researcher-1785976756-e52c1f932b58,444.305,698.975
wide-researcher-1785976756-541e9f6cb243,444.331,560.102
deep-researcher-1785976756-ff8974790510,444.368,689.104
data-analyst-1785976697-be2ae3b95baf,444.400,540.225
wide-researcher-1785976756-71fb03bee964,444.417,652.715
deep-researcher-1785976756-cd2d88ffa5e2,444.451,581.966
wide-researcher-1785976756-fae6ccdc2cee,444.510,696.304
deep-researcher-1785976757-8bbc5cbd1190,444.602,686.208
wide-researcher-1785976757-97a8fd767e07,444.672,638.007
deep-researcher-1785976757-e5b096919d77,444.700,658.446
wide-researcher-1785976757-8822e9c749ee,444.738,643.669
deep-researcher-1785976757-4ef6281fd41f,444.803,655.254
wide-researcher-1785976757-cdc80cb24a1f,444.832,668.917
deep-researcher-1785976757-3a0d64c5cfc4,444.914,698.852
wide-researcher-1785976757-4c0c4dac61b6,444.932,561.348
deep-researcher-1785976757-9eae109a3c0e,445.049,671.878
wide-researcher-1785976757-e32c23096f19,445.096,676.558
deep-researcher-1785976757-cc969b5386d8,445.181,698.312
wide-researcher-1785976757-29d5c933829d,445.211,644.041
deep-researcher-1785976757-d0c0ef56d0d2,445.251,682.394
wide-researcher-1785976757-050854d0ba3d,445.328,659.400
data-analyst-1785976668-bd28fa5529b2,445.343,550.307
deep-researcher-1785976757-4e6f61c81916,445.356,659.783
wide-researcher-1785976757-cfdb398261a0,445.395,593.182
data-analyst-1785976658-e7e82c43c2c3,445.565,445.565
deep-researcher-1785976757-14fe79dc8813,445.571,566.357
data-analyst-1785976669-7a58577e1dcf,445.596,445.596
wide-researcher-1785976757-40133ed825d0,445.733,588.857
data-analyst-1785976676-607e6eb51815,445.756,445.756
deep-researcher-1785976758-67b7ca1acbb5,445.823,653.719
wide-researcher-1785976758-2f75929e431b,445.886,661.129
data-analyst-1785976681-0624cdadcc58,445.942,445.942
deep-researcher-1785976758-7f008e0415dd,445.943,697.915
wide-researcher-1785976758-09ce70ca9298,446.018,676.987
deep-researcher-1785976758-5726541447ac,446.056,637.784
data-analyst-1785976667-839453fd2237,446.104,446.104
wide-researcher-1785976758-4d7c5d9bdf89,446.116,685.759
deep-researcher-1785976758-3b1a39b27915,446.143,641.783
data-analyst-1785976667-232a7756c880,446.164,446.165
wide-researcher-1785976758-3492fe8c83ea,446.170,643.640
deep-researcher-1785976758-cc093cf25c3d,446.254,699.666
data-analyst-1785976616-7a52560dc0ed,446.275,446.276
wide-researcher-1785976758-ed1251d0bb22,446.293,582.730
deep-researcher-1785976758-3f7f3271f21d,446.321,618.310
wide-researcher-1785976758-58aed68c7937,446.340,662.346
data-analyst-1785976674-ca6050202d05,446.377,536.827
data-analyst-1785976685-bf3dc652d85a,446.397,446.398
data-analyst-1785976620-39ae7cac280d,446.411,446.411
deep-researcher-1785976758-6449a69f098e,446.415,673.349
wide-researcher-1785976758-10ae5419749d,446.432,643.534
deep-researcher-1785976758-5b7cabd166af,446.693,588.828
wide-researcher-1785976758-f2e8883f305f,446.749,557.422
deep-researcher-1785976759-043d06bf2524,446.768,698.083
wide-researcher-1785976759-7618c22d9d0a,446.835,683.431
deep-researcher-1785976759-005cabda7f9d,446.882,641.303
wide-researcher-1785976759-d2ce35823c0b,446.910,654.873
deep-researcher-1785976759-a7a5e2d7b6c0,446.930,699.150
wide-researcher-1785976759-ae205bfb40b5,446.984,669.065
deep-researcher-1785976759-0d71b0d37c3d,447.002,646.426
wide-researcher-1785976759-d8e98acdf12e,447.049,650.517
data-analyst-1785976641-18fc3d79ab9a,447.073,535.918
deep-researcher-1785976759-babb56a8330c,447.091,565.887
data-analyst-1785976682-8c72340c00a4,447.181,447.181
data-analyst-1785976686-44ae87e8504e,447.194,447.195
wide-researcher-1785976759-8a5dbdea2acf,447.235,628.091
data-analyst-1785976675-a2a5e9bcdb84,447.271,447.271
data-analyst-1785976624-e7c0e2775ae8,447.284,447.284
deep-researcher-1785976759-8578328fb2fd,447.337,669.511
wide-researcher-1785976759-7b9745528aa2,447.457,667.844
deep-researcher-1785976759-265f74953151,447.511,691.719
data-analyst-1785976641-7d05dd1010a9,447.606,447.606
wide-researcher-1785976760-a0d755e8b9ca,447.757,552.419
deep-researcher-1785976760-d3d8a58a879b,447.798,696.918
wide-researcher-1785976760-4b690a98ddaf,447.833,644.098
deep-researcher-1785976760-93865680d81d,447.855,697.136
data-analyst-1785976688-b60f8759213b,447.933,447.934
wide-researcher-1785976760-59cf124a91ca,447.938,648.635
data-analyst-1785976688-fa9760366d37,447.952,447.952
deep-researcher-1785976760-064775a21f14,448.068,582.367
data-analyst-1785976674-d13a7ed0d818,448.089,448.089
data-analyst-1785976667-e1b9f8784242,448.104,448.105
wide-researcher-1785976760-f778d4b952b5,448.123,656.591
deep-researcher-1785976760-8a92911d58e7,448.196,690.244
wide-researcher-1785976760-7a9929a98156,448.236,660.330
deep-researcher-1785976760-f1136eee1e97,448.267,681.232
wide-researcher-1785976760-fc690357f8d3,448.345,646.610
deep-researcher-1785976760-49625bbc4b39,448.394,699.349
wide-researcher-1785976760-a2fb85e5fd13,448.501,633.060
deep-researcher-1785976760-c9c393668200,448.558,657.189
data-analyst-1785976640-39364bdc6436,448.573,538.876
data-analyst-1785976645-aff2d6ec325b,448.586,533.797
wide-researcher-1785976761-11ac5a4b0eba,448.590,663.831
deep-researcher-1785976761-66913d7c9261,448.646,662.395
data-analyst-1785976675-70464160741b,448.782,448.782
data-analyst-1785976676-966df1eb1cad,448.795,448.795
wide-researcher-1785976761-586c1e293dba,448.830,666.562
deep-researcher-1785976761-edf3d4f356c4,448.956,557.943
wide-researcher-1785976761-e8185b265658,448.975,653.110
data-analyst-1785976682-0ad7bf8c7294,449.016,449.017
deep-researcher-1785976761-29a710f23d63,449.021,644.763
wide-researcher-1785976761-5f6d2b44cb6b,449.049,667.680
data-analyst-1785976666-f5fa7009db1d,449.086,449.086
deep-researcher-1785976761-e9571a321bbe,449.139,690.006
wide-researcher-1785976761-92c63c769a14,449.200,679.650
deep-researcher-1785976761-f2acf4aa6f75,449.229,654.039
wide-researcher-1785976761-a21cc3534704,449.267,685.936
deep-researcher-1785976761-d5db18bacfa1,449.306,650.681
wide-researcher-1785976761-3bb5dbf07edf,449.326,648.582
deep-researcher-1785976761-d3be6a85c254,449.353,659.969
data-analyst-1785976679-174951450344,449.405,449.406
wide-researcher-1785976761-6a2b10fdc5c0,449.453,683.835
deep-researcher-1785976761-8fa766eadd01,449.492,682.872
data-analyst-1785976661-37e2c24720ba,449.579,449.579
wide-researcher-1785976762-e50b3c4e40c2,449.638,590.726
deep-researcher-1785976762-5b878b63096e,449.692,634.713
wide-researcher-1785976762-078428d665eb,449.748,655.614
deep-researcher-1785976762-52f340f3947e,449.786,677.974
wide-researcher-1785976762-7a461bc40a7f,449.844,598.171
data-analyst-1785976616-d8c0350b3592,449.886,449.887
deep-researcher-1785976762-f4d1738f464d,449.901,699.543
data-analyst-1785976686-303ebd564649,449.901,449.906
wide-researcher-1785976762-8fef8ccad6a4,449.917,687.204
deep-researcher-1785976762-c3a89f5a3e16,450.157,698.328
data-analyst-1785976699-6732d9d48a38,450.167,533.721
wide-researcher-1785976762-c376f9692270,450.338,667.116
deep-researcher-1785976762-35e916c407a1,450.383,630.968
wide-researcher-1785976762-1e92ff8bfe04,450.417,597.841
deep-researcher-1785976762-063a7ebe9075,450.471,556.394
wide-researcher-1785976762-6910a4fe03df,450.490,568.197
deep-researcher-1785976763-c1a25734cca8,450.590,644.865
wide-researcher-1785976763-02761fc57a2b,450.639,668.794
deep-researcher-1785976763-b15b496fb2ef,450.658,581.169
wide-researcher-1785976763-31d8ff051082,450.702,687.084
deep-researcher-1785976763-ad6ea24a0679,450.779,698.177
wide-researcher-1785976763-bfe469b14750,450.814,640.063
deep-researcher-1785976763-6435cab340d7,450.848,640.439
wide-researcher-1785976763-6a2392989f92,450.877,645.392
data-analyst-1785976632-0b470facc81a,450.877,536.340
data-analyst-1785976669-d7ab0a52aff9,450.896,549.409
deep-researcher-1785976763-56cdd8c29a88,450.958,690.410
wide-researcher-1785976763-3b66a1f78a9b,450.978,684.536
deep-researcher-1785976763-1ac6be709f80,451.009,646.127
data-analyst-1785976674-523634ddf672,451.092,451.093
data-analyst-1785976701-bd76f82b76d5,451.125,551.671
data-analyst-1785976701-ee32cd236509,451.140,535.148
wide-researcher-1785976763-82dce21c4682,451.145,677.667
deep-researcher-1785976763-bb6aff165fef,451.208,699.217
wide-researcher-1785976763-166cc280d4e2,451.254,685.702
deep-researcher-1785976763-789698db842d,451.290,667.317
wide-researcher-1785976763-da14fb2f04a8,451.309,645.266
deep-researcher-1785976763-e7e01f22402d,451.400,646.487
wide-researcher-1785976763-0fd35eb5ed22,451.419,613.900
deep-researcher-1785976763-4a185857d54e,451.468,699.650
wide-researcher-1785976763-0bac711b04ea,451.583,637.237
deep-researcher-1785976764-f39f827d344b,451.614,646.663
data-analyst-1785976677-7aa6bf081202,451.684,451.684
data-analyst-1785976668-b970ffd7124a,451.699,451.700
data-analyst-1785976697-4a1f899325c0,451.717,451.717
wide-researcher-1785976764-604a1363735a,451.756,653.129
deep-researcher-1785976764-ff929400e543,451.789,636.959
wide-researcher-1785976764-61bbd325bd3f,451.928,679.729
deep-researcher-1785976764-aa42a2b80a48,451.976,664.119
wide-researcher-1785976764-628814886ba6,452.042,647.983
deep-researcher-1785976764-43c60af0aeb0,452.072,650.001
wide-researcher-1785976764-3799d12c87e2,452.160,577.619
deep-researcher-1785976764-9d2991c3c484,452.178,644.000
wide-researcher-1785976764-76a80086c19c,452.247,647.453
deep-researcher-1785976764-b76412b10dd6,452.296,686.521
wide-researcher-1785976764-d616e9c54759,452.344,646.327
deep-researcher-1785976764-e296ec805780,452.364,659.015
wide-researcher-1785976764-45a438cdb553,452.491,683.709
deep-researcher-1785976764-c0dba2a459c0,452.522,641.208
data-analyst-1785976672-ecc4238c77d6,452.626,547.733
wide-researcher-1785976765-b15ad0d9ce8e,452.634,652.862
deep-researcher-1785976765-85eb5a5ecd18,452.731,639.660
wide-researcher-1785976765-befe0b1d4ad5,452.765,640.946
data-analyst-1785976697-94ecc3a04fad,452.771,452.771
deep-researcher-1785976765-f122d38b02fa,452.820,618.748
wide-researcher-1785976765-125acb6cbdf3,452.861,682.431
deep-researcher-1785976765-6956c189e247,452.915,677.699
data-analyst-1785976651-32f071a7c75a,452.958,452.959
wide-researcher-1785976765-7d0745a13d77,453.106,667.620
data-analyst-1785976697-54af7d9b7f8e,453.244,535.999
deep-researcher-1785976765-dc14390e5162,453.257,658.142
wide-researcher-1785976765-7a32b96aa101,453.293,681.956
deep-researcher-1785976765-502c6bca6234,453.405,690.203
data-analyst-1785976677-16608e9f07cc,453.433,453.433
wide-researcher-1785976765-86804a61e80c,453.445,644.950
deep-researcher-1785976765-b5c0ba20c8af,453.492,699.170
wide-researcher-1785976766-16052cc8f426,453.536,659.847
deep-researcher-1785976766-3ae8f5c6c140,453.563,592.999
wide-researcher-1785976766-c8fd25b5a279,453.669,661.867
deep-researcher-1785976766-3b589f18b521,453.699,673.140
wide-researcher-1785976766-5c512a95dfe1,453.729,685.010
deep-researcher-1785976766-517aed144f7b,453.769,670.649
wide-researcher-1785976766-e2ced85c4b52,453.846,660.565
deep-researcher-1785976766-daa882279e0b,453.872,560.811
wide-researcher-1785976766-966b807b9234,453.996,559.961
deep-researcher-1785976766-1ec560c1b2a8,454.015,697.979
wide-researcher-1785976766-c127ae58e3a4,454.143,561.852
deep-researcher-1785976766-df590b3c907f,454.246,697.565
data-analyst-1785976702-a5de06b1ef42,454.303,600.906
wide-researcher-1785976766-8b32ea353059,454.307,637.159
data-analyst-1785976702-a6e690533156,454.321,537.232
data-analyst-1785976703-7475b07aa56c,454.335,541.872
deep-researcher-1785976766-10a0acc02673,454.339,685.387
wide-researcher-1785976766-46abfcbb2cdd,454.375,683.487
deep-researcher-1785976766-f2a55568f26f,454.432,564.827
data-analyst-1785976638-ff66e467fd7c,454.458,536.514
wide-researcher-1785976766-c12b00a3d8ec,454.494,599.544
deep-researcher-1785976766-893995935d3c,454.547,645.299
wide-researcher-1785976767-81b3841513d1,454.615,647.122
deep-researcher-1785976767-5730cf751c81,454.644,697.072
wide-researcher-1785976767-433fe216e5ed,454.722,687.382
deep-researcher-1785976767-9829247de46d,454.769,668.858
wide-researcher-1785976767-7e2c506f066a,454.808,637.124
data-analyst-1785976656-6d4c011fb9aa,454.855,454.856
deep-researcher-1785976767-bf6df53503f1,454.906,697.402
wide-researcher-1785976767-4351ba145ef5,454.925,677.878
deep-researcher-1785976767-ccfd483af5d3,454.953,590.615
wide-researcher-1785976767-757c5c12c84a,455.054,638.551
deep-researcher-1785976767-fdea4aaa2486,455.123,697.510
wide-researcher-1785976767-71edf2b8e7cb,455.186,563.587
data-analyst-1785976682-0bbd248135f0,455.204,455.204
deep-researcher-1785976767-a9a631e84f2d,455.216,698.630
wide-researcher-1785976767-a1f8e5ce070f,455.241,696.370
data-analyst-1785976666-645c9f491f90,455.343,455.343
deep-researcher-1785976767-a6898dcc72a8,455.361,697.995
data-analyst-1785976684-a9dbe85dc4c2,455.374,455.374
wide-researcher-1785976767-3e401eab3acb,455.387,669.372
data-analyst-1785976703-63d8d19309c6,455.422,551.513
deep-researcher-1785976767-ee23f78dd06e,455.495,690.880
wide-researcher-1785976767-9cd177ec63ca,455.517,691.314
deep-researcher-1785976768-0a71c88c2501,455.649,672.981
wide-researcher-1785976768-b7c20b6ce0b2,455.735,558.823
deep-researcher-1785976768-eb030ecd2d2e,455.768,642.261
wide-researcher-1785976768-108b9426a18e,455.844,675.787
data-analyst-1785976683-0173d72d31ab,455.880,455.880
deep-researcher-1785976768-d7efa6a524d4,455.881,644.661
wide-researcher-1785976768-41ed5ea615c1,455.929,671.015
data-analyst-1785976699-c11fa7c5926e,455.997,455.997
deep-researcher-1785976768-0489b7112813,456.001,651.696
wide-researcher-1785976768-a7a171137f7f,456.133,659.071
deep-researcher-1785976768-0489a2db6105,456.161,559.298
data-analyst-1785976679-2fdc51001fc8,456.171,456.172
data-analyst-1785976685-ccd2e7234427,456.185,456.185
data-analyst-1785976679-7a9dacdf5398,456.264,456.264
wide-researcher-1785976768-cefafc497e83,456.435,690.267
deep-researcher-1785976768-e8c23a827b34,456.465,690.490
wide-researcher-1785976769-2daedcc8e60b,456.531,652.761
deep-researcher-1785976769-e3092ea9dddb,456.558,696.078
wide-researcher-1785976769-c3bb47f11438,456.640,635.068
deep-researcher-1785976769-d1dc61ea3bb1,456.694,633.797
wide-researcher-1785976769-37c54ee4fa8e,456.726,672.070
deep-researcher-1785976769-3b8bdb076b70,456.756,588.706
wide-researcher-1785976769-5d6ee0a9b2af,456.783,652.423
data-analyst-1785976674-54ff988aaf90,456.857,551.157
deep-researcher-1785976769-c27384ed93d1,456.865,690.684
data-analyst-1785976674-173031c80c18,456.874,537.934
data-analyst-1785976696-07082a29aeab,456.975,456.975
wide-researcher-1785976769-803b98ee8ccc,456.999,637.265
deep-researcher-1785976769-ff88753191bd,457.028,680.199
wide-researcher-1785976769-7b434b7514b3,457.046,590.152
deep-researcher-1785976769-16cd441d7246,457.162,657.985
wide-researcher-1785976769-94419c2e51a3,457.249,678.510
deep-researcher-1785976769-0c90335784e1,457.270,698.893
wide-researcher-1785976769-28064501fca9,457.395,643.716
deep-researcher-1785976769-b2e42bd56984,457.442,665.984
wide-researcher-1785976769-e34e5996b92c,457.505,661.586
deep-researcher-1785976770-5114972c2c16,457.633,660.470
wide-researcher-1785976770-cb4a313e3f7a,457.679,660.240
deep-researcher-1785976770-9229964c50e6,457.734,649.822
data-analyst-1785976689-602ab9813789,457.764,538.153
wide-researcher-1785976770-f56c81f72e2f,457.954,645.752
data-analyst-1785976697-e66e9bf8e1c6,458.002,533.409
deep-researcher-1785976770-492da24becb4,458.015,668.775
wide-researcher-1785976770-d8c6c1f9767b,458.042,673.624
deep-researcher-1785976770-a9883301dda1,458.073,662.640
wide-researcher-1785976770-f2366829ecaa,458.137,638.027
deep-researcher-1785976770-b0aa8a500504,458.166,691.414
data-analyst-1785976678-aa009b6861c6,458.215,541.556
wide-researcher-1785976770-1224c655d4e5,458.373,662.555
deep-researcher-1785976770-1a482be1b4d6,458.510,668.455
wide-researcher-1785976770-f79b84b0e080,458.531,674.643
deep-researcher-1785976771-c10f5f3a7bbf,458.551,697.040
wide-researcher-1785976771-0efa06acdbb3,458.686,640.183
deep-researcher-1785976771-e19202c78347,458.756,613.527
wide-researcher-1785976771-dbd9c2b10201,458.895,638.614
data-analyst-1785976645-00aaea161ec1,458.910,542.320
deep-researcher-1785976771-2e19bdafd275,458.914,653.959
wide-researcher-1785976771-fc457269eb40,458.955,644.831
data-analyst-1785976678-ebdac63885dc,459.039,459.039
data-analyst-1785976705-352689eefdd7,459.066,561.652
deep-researcher-1785976771-a1098f8a010b,459.118,699.333
wide-researcher-1785976771-746c3036b487,459.147,684.830
deep-researcher-1785976771-e881e5d04d3e,459.187,690.912
data-analyst-1785976696-214935160843,459.235,459.235
data-analyst-1785976636-f2f6ff5b9db7,459.264,459.265
data-analyst-1785976686-d91c76696197,459.280,459.281
data-analyst-1785976705-0943063c3eeb,459.383,584.401
data-analyst-1785976705-fc08e3c0b8a8,459.396,536.236
wide-researcher-1785976771-bc99bf137a56,459.408,653.400
deep-researcher-1785976771-f325e1c06dc7,459.446,585.044
wide-researcher-1785976771-1482379ba653,459.465,691.087
deep-researcher-1785976772-e00da2f09c71,459.521,634.522
wide-researcher-1785976772-dd4dd1c5227b,459.559,686.557
deep-researcher-1785976772-1b6d3ece110c,459.585,654.645
wide-researcher-1785976772-d9fe4c863f46,459.675,671.349
deep-researcher-1785976772-9073c4d8dbb5,459.720,665.845
data-analyst-1785976667-f3a26750f209,459.778,459.779
wide-researcher-1785976772-9b69ca2d090d,459.805,639.391
deep-researcher-1785976772-45a308e9e902,459.876,637.572
wide-researcher-1785976772-957c3a3fb6cd,460.022,691.516
data-analyst-1785976705-dd64921bf988,460.033,544.115
deep-researcher-1785976772-5e49e432a487,460.052,687.051
wide-researcher-1785976772-73bd0c58b318,460.070,680.025
data-analyst-1785976693-da39f39d85e3,460.103,537.264
deep-researcher-1785976772-66552f7fac2f,460.153,695.455
wide-researcher-1785976772-617b75cb53d3,460.191,584.327
data-analyst-1785976698-67653db35a36,460.201,460.201
deep-researcher-1785976772-0deb4062fbc5,460.286,570.220
wide-researcher-1785976772-f815dce571d5,460.379,656.664
deep-researcher-1785976772-b95ce3695158,460.419,652.057
wide-researcher-1785976772-3c70efa925c0,460.457,668.683
data-analyst-1785976700-3745c42d4fcc,460.527,460.527
data-analyst-1785976700-4d46667c7f17,460.558,460.559
deep-researcher-1785976772-98d70b0a70f3,460.568,695.047
wide-researcher-1785976773-407cffd4fe38,460.625,687.032
deep-researcher-1785976773-d0d492586881,460.688,654.169
data-analyst-1785976646-a6a807dfa749,460.938,541.102
wide-researcher-1785976773-a231d6cfccea,460.955,697.691
data-analyst-1785976694-9b6ff0a77f92,461.015,543.078
deep-researcher-1785976773-34321a9fee27,461.033,668.486
wide-researcher-1785976773-9fb24f225e6d,461.058,664.470
deep-researcher-1785976773-8bc56c2a16ea,461.080,672.448
wide-researcher-1785976773-fed3d2177141,461.149,696.678
deep-researcher-1785976773-363a286ab64d,461.184,691.940
wide-researcher-1785976773-3490dc6df21a,461.229,666.844
data-analyst-1785976697-60f37fd3b476,461.275,461.275
deep-researcher-1785976773-ecaec0fb81e2,461.318,664.030
wide-researcher-1785976773-153ca64746a1,461.392,624.951
data-analyst-1785976684-dd391ed7e458,461.421,461.421
deep-researcher-1785976773-71c7ea83b470,461.434,675.324
wide-researcher-1785976773-ca4f22d9d14c,461.513,676.669
deep-researcher-1785976774-65b190443c14,461.544,659.461
wide-researcher-1785976774-c047372cbb2a,461.565,657.565
deep-researcher-1785976774-d9ac06ffaa35,461.616,634.360
wide-researcher-1785976774-1980b4273044,461.775,689.017
deep-researcher-1785976774-9bd4928e0684,461.794,636.452
data-analyst-1785976640-3410a04be055,461.882,461.882
wide-researcher-1785976774-84ad6aeaacab,461.900,658.660
deep-researcher-1785976774-1223cef9c5f8,461.942,648.722
wide-researcher-1785976774-dfb5be848cf9,461.970,665.043
data-analyst-1785976649-bbc1f82da6bc,462.080,462.081
deep-researcher-1785976774-a016fd945ecf,462.141,697.873
wide-researcher-1785976774-a7fd7b39ce31,462.199,685.058
data-analyst-1785976627-24b3ffdf3f2d,462.212,462.213
deep-researcher-1785976774-063918d6397e,462.395,678.755
wide-researcher-1785976774-773376358c28,462.464,663.730
data-analyst-1785976706-81354aa70d00,462.563,541.496
deep-researcher-1785976774-cc376cc6cc02,462.579,682.786
wide-researcher-1785976775-d84325503503,462.597,648.601
deep-researcher-1785976775-68065aad4148,462.672,672.687
wide-researcher-1785976775-f01d7c5a017f,462.701,670.904
deep-researcher-1785976775-a581ad6e9da6,462.742,699.233
wide-researcher-1785976775-256569f03246,462.819,679.692
deep-researcher-1785976775-60618a022684,462.838,691.221
wide-researcher-1785976775-e7fee0d59919,462.907,650.114
deep-researcher-1785976775-430a0f7ef89b,463.053,639.176
wide-researcher-1785976775-67e7fd1af795,463.072,696.639
deep-researcher-1785976775-7ed2933e642e,463.091,699.526
wide-researcher-1785976775-44a8bb2b154b,463.131,665.114
data-analyst-1785976617-01855b4d9a24,463.228,551.627
data-analyst-1785976647-5d25517afa3e,463.243,537.084
deep-researcher-1785976775-073101f1f02c,463.290,699.290
wide-researcher-1785976775-ce3f40a6bb3a,463.309,672.944
deep-researcher-1785976775-53071dc61070,463.353,698.790
wide-researcher-1785976775-8bf72972ff9a,463.407,682.109
deep-researcher-1785976775-a6b9dbe9e64c,463.443,699.561
wide-researcher-1785976775-0b5b7dfeba4c,463.478,688.152
deep-researcher-1785976776-dfdfe68f65aa,463.494,658.073
data-analyst-1785976678-1e0e5c6a2639,463.562,463.563
wide-researcher-1785976776-0b80cc77135b,463.590,688.236
data-analyst-1785976705-2920d3d99360,463.625,553.868
data-analyst-1785976656-850e55cdd681,463.643,463.643
deep-researcher-1785976776-3e479991a6a8,463.655,687.996
wide-researcher-1785976776-63eda802efd8,463.680,686.974
deep-researcher-1785976776-30c0cee98527,463.709,582.801
data-analyst-1785976703-05b092d7f7e3,463.742,550.493
wide-researcher-1785976776-9f7dade5b345,463.841,686.223
data-analyst-1785976678-d049af8347be,463.894,463.895
deep-researcher-1785976776-7aefb7d538f5,463.980,665.231
wide-researcher-1785976776-9bc43a7a1472,464.052,682.661
deep-researcher-1785976776-44c1c69fb58d,464.080,674.069
wide-researcher-1785976776-85cf2463b8a9,464.108,652.312
deep-researcher-1785976776-cbba459185c4,464.174,660.492
wide-researcher-1785976776-8850ea4e2592,464.225,696.750
deep-researcher-1785976776-45fd863d30bb,464.254,646.830
wide-researcher-1785976776-fcd546b1da6c,464.328,641.461
deep-researcher-1785976776-2b134a1c6213,464.378,697.726
wide-researcher-1785976776-270c37971e76,464.405,696.785
deep-researcher-1785976776-88026b8d088a,464.452,647.779
wide-researcher-1785976776-6f71d39e1c36,464.576,696.832
deep-researcher-1785976777-060bfffcd337,464.595,635.004
data-analyst-1785976702-98fc75686320,464.628,464.628
data-analyst-1785976673-e107f1d7a4fc,464.643,464.644
wide-researcher-1785976777-6ddeb7b42dac,464.648,571.161
data-analyst-1785976707-bf6362aff5b1,464.726,535.164
data-analyst-1785976707-d7951215fc3d,464.742,560.320
data-analyst-1785976707-d5116fa3725f,464.758,548.487
deep-researcher-1785976777-7b9f9e45ea2c,464.776,650.853
wide-researcher-1785976777-009a7d0aec13,464.806,634.259
deep-researcher-1785976777-3551b4cc0ec4,464.826,697.637
wide-researcher-1785976777-04a777150c62,464.926,619.660
deep-researcher-1785976777-eb7e2f26f7a8,465.003,683.101
data-analyst-1785976697-79f4be41acdb,465.060,540.708
wide-researcher-1785976777-6fc46d899747,465.108,645.410
deep-researcher-1785976777-f59893fdfa30,465.162,650.016
wide-researcher-1785976777-3b90db0b8203,465.222,656.275
data-analyst-1785976707-3f48225aa199,465.288,545.715
data-analyst-1785976707-f84b9409dc2a,465.340,536.045
deep-researcher-1785976777-d84c5e618ccf,465.348,691.169
wide-researcher-1785976777-f008d95f39f0,465.410,660.409
deep-researcher-1785976777-fc9f8a240d77,465.446,664.991
wide-researcher-1785976777-4391d0f15a83,465.485,643.964
deep-researcher-1785976778-35f4f0f55055,465.622,684.161
wide-researcher-1785976778-4121d5cb8b2a,465.684,643.387
deep-researcher-1785976778-5e97be8a31bb,465.724,658.182
wide-researcher-1785976778-113215941fae,465.769,690.162
deep-researcher-1785976778-4ef3291d7d1f,465.827,647.156
wide-researcher-1785976778-77201366474b,465.852,678.930
deep-researcher-1785976778-6c84e32632e8,465.876,634.149
wide-researcher-1785976778-17ea5749bf04,465.927,698.992
deep-researcher-1785976778-b62adc737a40,465.957,686.297
wide-researcher-1785976778-a62178e905eb,466.028,661.511
deep-researcher-1785976778-5de6d36dba34,466.070,643.140
wide-researcher-1785976778-702733f89948,466.094,689.140
deep-researcher-1785976778-473fdb9f00ca,466.150,643.252
data-analyst-1785976678-3fc206817a04,466.174,538.417
data-analyst-1785976678-655701bde97c,466.189,548.975
data-analyst-1785976622-ad1a2166941f,466.203,533.782
data-analyst-1785976642-4561ea49f020,466.223,545.777
wide-researcher-1785976778-f07271286c27,466.288,662.733
deep-researcher-1785976778-62050fa6ea40,466.329,647.843
wide-researcher-1785976778-8067328c23be,466.424,637.406
deep-researcher-1785976778-21efed678961,466.463,641.284
wide-researcher-1785976778-8639ac2419f1,466.502,640.418
deep-researcher-1785976779-06a05195e91a,466.524,671.798
wide-researcher-1785976779-cb9e52cb18ad,466.614,680.724
data-analyst-1785976689-584338264489,466.703,466.703
deep-researcher-1785976779-1a2dd9bc8f9a,466.707,670.064
data-analyst-1785976702-0912e5bb606e,466.737,466.738
wide-researcher-1785976779-efab0567480f,466.743,649.351
deep-researcher-1785976779-6b7f867bbc3b,466.819,698.192
wide-researcher-1785976779-7847604b6fa4,466.863,691.860
deep-researcher-1785976779-b484a591b972,466.933,617.488
wide-researcher-1785976779-ea309cf375bb,466.961,657.630
deep-researcher-1785976779-91d4cafc66cb,467.058,699.275
wide-researcher-1785976779-50830b88679e,467.207,622.646
deep-researcher-1785976779-c13e24453a55,467.236,635.462
wide-researcher-1785976779-5f741ec7064b,467.338,642.069
data-analyst-1785976697-0879742b4ac9,467.376,467.377
deep-researcher-1785976779-1287fc6cb6b4,467.437,634.166
wide-researcher-1785976779-01df5050d56b,467.467,650.359
data-analyst-1785976697-f13d167428d5,467.495,467.495
deep-researcher-1785976780-045062ede3f0,467.537,660.912
wide-researcher-1785976780-679a01796e34,467.584,697.364
deep-researcher-1785976780-eb4cd712b1a2,467.623,699.247
wide-researcher-1785976780-ab0a3f38dc98,467.654,699.446
deep-researcher-1785976780-e26f3788e62b,467.673,652.598
data-analyst-1785976661-7cc653659f5c,467.746,531.823
wide-researcher-1785976780-50597a05b1d4,467.845,680.495
data-analyst-1785976684-fab4f7442013,467.915,467.916
deep-researcher-1785976780-4b65c6a2e774,467.953,651.807
wide-researcher-1785976780-0c609e877cf9,468.002,682.540
deep-researcher-1785976780-155bf0a8186d,468.023,595.647
wide-researcher-1785976780-f4c60bb223c1,468.140,679.286
deep-researcher-1785976780-4ca2ed9aaa49,468.246,699.579
wide-researcher-1785976780-f485e29cf58d,468.437,696.698
deep-researcher-1785976780-6d96ebe8057f,468.501,663.698
wide-researcher-1785976781-c8f5b3c37804,468.616,638.456
deep-researcher-1785976781-7597b3434f9a,468.722,699.077
wide-researcher-1785976781-39ef60bf2c01,468.752,654.544
deep-researcher-1785976781-4648acf0fd2e,468.795,641.493
wide-researcher-1785976781-4e1a87725b89,468.942,647.265
deep-researcher-1785976781-628bc1339a0d,469.042,697.583
wide-researcher-1785976781-e780f108e12b,469.090,669.259
deep-researcher-1785976781-4cb115b28f1e,469.110,651.601
wide-researcher-1785976781-9d286e1569d3,469.167,696.932
deep-researcher-1785976781-4cddc19af671,469.185,696.448
wide-researcher-1785976781-a6235ad383fb,469.308,648.876
deep-researcher-1785976781-4951b37199a3,469.341,669.542
wide-researcher-1785976781-49d334c45f06,469.372,696.253
deep-researcher-1785976781-cad79e4bde52,469.444,657.932
wide-researcher-1785976781-f401b4375815,469.462,684.866
deep-researcher-1785976782-aa20fa5c90a0,469.515,646.107
wide-researcher-1785976782-35cdb11ad145,469.533,653.564
deep-researcher-1785976782-f677c0d91954,469.631,667.501
wide-researcher-1785976782-3c3068668904,469.707,656.486
deep-researcher-1785976782-39a7e713a921,469.946,668.624
wide-researcher-1785976782-7d4cb593df28,470.096,681.692
data-analyst-1785976709-51c5c99ce165,470.106,551.218
data-analyst-1785976709-2a849a767e90,470.119,545.346
deep-researcher-1785976782-aa4312e2cc60,470.162,577.650
wide-researcher-1785976782-38d4065bfb53,470.218,684.009
data-analyst-1785976700-2f1d831f3643,470.223,470.224
deep-researcher-1785976782-77232fd95571,470.264,686.284
data-analyst-1785976703-0df13ee30407,470.290,470.290
wide-researcher-1785976782-4778a233da78,470.294,657.436
deep-researcher-1785976782-3c67cf8d99be,470.312,698.669
data-analyst-1785976709-5caa9f2ec486,470.326,534.675
wide-researcher-1785976782-6c9780682864,470.605,663.571
data-analyst-1785976683-79e5e48bc0ad,470.619,470.619
deep-researcher-1785976782-f428cf5d9f06,470.636,671.990
wide-researcher-1785976783-e8d16e051046,470.682,679.570
deep-researcher-1785976783-6bae675d70ba,470.703,641.816
data-analyst-1785976656-c0fea29c27e7,470.740,470.741
wide-researcher-1785976783-64973994ceaf,470.883,681.710
deep-researcher-1785976783-dbfa5e1561e7,470.953,563.678
wide-researcher-1785976783-f12fa3694ade,470.970,636.869
deep-researcher-1785976783-68a67fc5b16e,471.030,681.167
data-analyst-1785976686-a357b14f6d5d,471.070,471.070
wide-researcher-1785976783-9e8efb83b7cf,471.114,665.667
deep-researcher-1785976783-dfc1ea974733,471.159,653.644
data-analyst-1785976620-d19f724803c7,471.418,534.395
data-analyst-1785976664-13c73921d258,471.431,540.072
wide-researcher-1785976783-c99cf0a14fe5,471.455,653.480
deep-researcher-1785976783-2dfa670b5c02,471.495,661.026
wide-researcher-1785976784-a5bea4b577e1,471.521,698.056
deep-researcher-1785976784-b0d27550abe8,471.737,689.952
wide-researcher-1785976784-847122d7bde7,471.769,686.463
data-analyst-1785976702-98415f1bd857,471.781,532.195
deep-researcher-1785976784-500c0f55f2f5,471.805,672.104
wide-researcher-1785976784-fa3802781a79,471.869,696.846
deep-researcher-1785976784-99beaf175b6e,471.972,698.959
data-analyst-1785976686-3c3a579d9a6b,472.109,472.109
wide-researcher-1785976784-811463783664,472.121,670.538
deep-researcher-1785976784-5ce8d32e73ca,472.139,686.774
wide-researcher-1785976784-26e3e875f865,472.179,698.528
deep-researcher-1785976784-0bbe6e50eb42,472.202,655.418
wide-researcher-1785976784-a15502d423b0,472.353,580.325
deep-researcher-1785976784-0f48d9f9185a,472.392,637.105
data-analyst-1785976707-2d3c1756e7ed,472.442,539.708
wide-researcher-1785976784-6fe0755c36d3,472.470,673.563
deep-researcher-1785976784-d36415c4d036,472.540,699.381
data-analyst-1785976705-c5a6adcdcd26,472.588,472.589
wide-researcher-1785976785-311f2d5df77c,472.652,595.116
deep-researcher-1785976785-965266d66417,472.711,650.774
wide-researcher-1785976785-30d2e0bd0c7a,472.771,663.998
deep-researcher-1785976785-eb0323d2fd11,472.956,636.140
wide-researcher-1785976785-974b5bd471d1,473.002,646.988
deep-researcher-1785976785-55c3e924ab74,473.044,673.642
data-analyst-1785976661-b6b018c752d0,473.099,473.099
wide-researcher-1785976785-d62885a81858,473.113,689.218
deep-researcher-1785976785-78b0547d0b95,473.245,659.360
wide-researcher-1785976785-1c5658a61876,473.276,697.309
deep-researcher-1785976785-4ecc4cc8fb5b,473.314,667.461
data-analyst-1785976707-0e2ac52b2cce,473.348,553.544
wide-researcher-1785976785-51867db424bc,473.370,698.069
deep-researcher-1785976785-799682a20b13,473.506,677.617
wide-researcher-1785976785-73a04dd9ff01,473.619,654.055
deep-researcher-1785976786-00a760c231a7,473.639,658.766
wide-researcher-1785976786-5c9350d0d5b2,473.659,691.536
deep-researcher-1785976786-223ea456ee37,473.713,686.994
wide-researcher-1785976786-32bdb2aa67d7,473.870,653.439
deep-researcher-1785976786-877667ac8c3e,473.981,653.006
wide-researcher-1785976786-a68f97780ec5,474.005,581.809
deep-researcher-1785976786-e4bc9cf6b684,474.062,640.549
wide-researcher-1785976786-1da3575f8ca4,474.133,651.841
data-analyst-1785976651-94209a5062b4,474.163,541.617
data-analyst-1785976636-07b88379dfe0,474.177,541.681
deep-researcher-1785976786-41bd444357a2,474.181,662.860
wide-researcher-1785976786-be8aeb4bd802,474.221,696.975
data-analyst-1785976698-b26e02fffcfd,474.420,474.421
deep-researcher-1785976786-8aaafeacd0bb,474.544,643.343
data-analyst-1785976705-a5f74658eaa4,474.558,532.357
wide-researcher-1785976786-6b375e44043c,474.562,652.185
data-analyst-1785976707-6aa384521cfa,474.579,546.822
deep-researcher-1785976787-9a5c79f3bad8,474.694,663.928
data-analyst-1785976689-64b8258d03ae,474.742,532.667
wide-researcher-1785976787-31705fd7b0aa,474.765,647.139
deep-researcher-1785976787-b5fe7963a1c1,474.823,698.871
data-analyst-1785976711-4566db4b14f0,474.923,538.500
data-analyst-1785976711-cef254ed4078,474.938,542.196
data-analyst-1785976711-e766cfa53c65,474.951,532.560
wide-researcher-1785976787-873509898719,474.969,668.031
deep-researcher-1785976787-a70b7f0efe08,475.025,620.799
wide-researcher-1785976787-a9ba430a63fb,475.127,682.492
deep-researcher-1785976787-db4a744e4a59,475.158,699.616
wide-researcher-1785976787-41e195e6b840,475.177,661.649
deep-researcher-1785976787-5871e620d156,475.206,696.406
wide-researcher-1785976787-bfe6d90f40d2,475.342,691.394
deep-researcher-1785976787-9abe394d44a7,475.381,698.731
wide-researcher-1785976787-1cb286c2185e,475.416,671.448
deep-researcher-1785976787-9b404a24cfea,475.478,662.623
wide-researcher-1785976787-26571e99b323,475.497,651.467
data-analyst-1785976711-87272757b5f2,475.691,558.719
data-analyst-1785976678-9392218d0fe1,475.882,475.883
data-analyst-1785976706-851c9e1b7c2c,475.999,476.000
data-analyst-1785976682-c8371a6349f9,476.804,645.907
data-analyst-1785976636-61fa63c6a1b1,477.415,571.174
data-analyst-1785976706-3edac5d54f9d,477.719,534.691
data-analyst-1785976672-da07dd10a2c9,478.033,478.033
data-analyst-1785976643-b9127c75cea1,478.252,542.211
data-analyst-1785976705-72fde87a6f9e,478.272,478.272
data-analyst-1785976628-c163bbe629df,478.518,478.519
data-analyst-1785976657-210726da5203,478.740,478.740
data-analyst-1785976658-51addfdcc6be,479.019,479.020
data-analyst-1785976653-231fc7c2f8a0,479.699,540.765
data-analyst-1785976683-50f5c67bbbbd,479.714,544.084
data-analyst-1785976677-373863230f97,480.111,480.111
data-analyst-1785976713-fadc64fe81af,480.158,555.265
data-analyst-1785976713-1bd87adab94a,480.265,539.469
data-analyst-1785976713-4b56a5faefef,480.278,540.371
data-analyst-1785976713-377b2f2b6ec8,480.292,554.296
data-analyst-1785976697-79bc8dc0c11f,480.594,480.594
data-analyst-1785976702-d604e5313eb8,480.654,480.654
data-analyst-1785976699-e7b76c48810c,480.862,480.863
data-analyst-1785976620-00612a5fb5c6,481.150,481.150
data-analyst-1785976636-61fd4843c6d9,481.467,481.467
data-analyst-1785976659-21957f397de3,481.483,481.483
data-analyst-1785976699-5974f38b125c,481.541,532.701
data-analyst-1785976652-9f368d061d8f,482.255,558.917
data-analyst-1785976703-c35da44d8689,482.707,537.282
data-analyst-1785976706-411206f8e342,482.728,482.728
data-analyst-1785976709-7161f9eefff6,482.947,531.289
data-analyst-1785976697-3198941c7435,482.979,482.980
data-analyst-1785976685-e1e428961f52,484.209,540.340
data-analyst-1785976685-2d90b433a720,484.223,554.238
data-analyst-1785976676-fcd8bbda79cd,484.469,484.469
data-analyst-1785976624-c45ebd137ecb,484.805,484.806
data-analyst-1785976709-303348687b15,485.549,485.549
data-analyst-1785976707-e15eff2a4fc6,485.882,485.884
data-analyst-1785976686-d73d61556b5d,485.991,485.991
data-analyst-1785976706-86f85c57759a,486.019,486.019
data-analyst-1785976613-82cf01c85ede,486.076,486.076
data-analyst-1785976684-bc761468860c,486.089,486.089
data-analyst-1785976699-7b54d6c74e84,486.208,486.208
data-analyst-1785976680-220be79eff71,486.303,486.303
data-analyst-1785976668-4f7645883c5d,486.349,486.349
data-analyst-1785976686-d5962fe2f0f1,486.993,532.228
data-analyst-1785976656-5f08236278c3,487.005,555.569
data-analyst-1785976622-29f037034fce,487.019,531.979
data-analyst-1785976716-dc1083111b5b,487.645,541.587
data-analyst-1785976716-1b49d9f746fa,487.658,545.639
data-analyst-1785976716-e1e13618ed8e,487.672,546.157
data-analyst-1785976702-556c130161a1,487.780,531.615
data-analyst-1785976707-ef5dfbe292a1,487.800,554.518
data-analyst-1785976678-19d1ac38e427,488.182,488.182
data-analyst-1785976696-b32848f45e95,488.364,488.364
data-analyst-1785976697-875aa4cf0574,488.377,488.378
data-analyst-1785976646-caf87fab4841,488.390,488.390
data-analyst-1785976709-429e173640e5,490.507,490.508
data-analyst-1785976717-c4288dc4b6ec,490.785,533.690
data-analyst-1785976675-52d7de8e47fb,490.818,490.818
data-analyst-1785976643-e338d8689cda,491.229,491.229
data-analyst-1785976664-d9c71152f06c,491.390,491.390
data-analyst-1785976640-784e8219970a,491.404,491.405
data-analyst-1785976715-ecaffc6fff86,491.512,536.280
data-analyst-1785976627-760de4ac803c,491.854,491.855
data-analyst-1785976638-d3e6de503bfb,492.319,536.909
data-analyst-1785976684-e6ccf36f7cdd,493.086,537.102
data-analyst-1785976684-da084dede844,493.101,532.103
data-analyst-1785976675-6f5431015673,493.412,493.412
data-analyst-1785976697-0913b7475bc4,493.668,545.988
data-analyst-1785976709-b5f0ecf9fe9e,493.703,540.781
data-analyst-1785976715-3e10d2e8b99d,493.960,531.570
data-analyst-1785976642-03ec3e9ad1bb,493.980,493.981
data-analyst-1785976715-b8ba8ddf1a59,494.974,553.153
data-analyst-1785976714-33124408b45a,494.991,535.550
data-analyst-1785976646-89aab6b403ca,496.090,496.090
data-analyst-1785976689-be6e8456120d,496.638,542.305
data-analyst-1785976662-ab0497fc86da,496.650,556.455
data-analyst-1785976706-a1009c8e6226,497.589,497.589
data-analyst-1785976715-ca2ed903b56c,497.604,532.056
data-analyst-1785976713-472b190e7e85,497.752,531.539
data-analyst-1785976716-45a685504cc7,497.829,537.037
data-analyst-1785976693-6422be942aa5,498.056,498.056
data-analyst-1785976645-555b612732fc,498.550,498.550
data-analyst-1785976688-31288d49fcad,498.563,498.563
data-analyst-1785976688-8d6cd1c8dc8c,498.576,498.576
data-analyst-1785976716-99285a64cd8c,498.674,498.674
data-analyst-1785976699-285a6bcdb69d,498.913,498.913
data-analyst-1785976677-1af9bbddb361,499.747,571.203
data-analyst-1785976661-975f3ed71897,500.209,500.210
data-analyst-1785976701-1ec5fc00236b,500.301,500.301
data-analyst-1785976711-0218fdeb4ed6,500.315,500.315
data-analyst-1785976696-54d52ce4cd93,501.005,501.005
data-analyst-1785976697-18a994eed203,501.177,531.404
data-analyst-1785976678-ce353b0ae5f8,501.378,501.378
data-analyst-1785976626-af98f66b7d5d,503.120,536.925
data-analyst-1785976688-f47ef9f6abb2,503.133,543.931
data-analyst-1785976715-bfd0175f636a,503.529,503.530
data-analyst-1785976673-672863067729,503.954,503.955
data-analyst-1785976714-8a270a8cb4dd,504.221,504.222
data-analyst-1785976702-1b54cbea2cec,504.385,504.385
data-analyst-1785976721-c5c437d95e92,504.705,547.838
data-analyst-1785976721-e9d27841c8d6,504.723,546.140
data-analyst-1785976705-42909b31a202,505.018,505.018
data-analyst-1785976717-bd7a2761940a,505.357,532.685
data-analyst-1785976707-c58e9e09d3f8,506.343,506.343
data-analyst-1785976714-94dbbce56720,506.424,506.424
data-analyst-1785976656-d60ece5d5ba8,507.334,537.475
data-analyst-1785976645-bde4f12e5ed0,507.348,532.148
data-analyst-1785976685-5b6ea47627d0,507.362,546.188
data-analyst-1785976722-64868448ef7d,508.199,548.502
data-analyst-1785976722-e882f5516c10,508.212,543.683
data-analyst-1785976685-5ede218cfd4b,508.457,508.458
data-analyst-1785976686-b0991790f56c,508.752,508.753
data-analyst-1785976713-adc3aafcf7d2,509.075,509.076
data-analyst-1785976696-15d9f1283b09,509.286,509.286
data-analyst-1785976703-d6f711b87964,509.504,509.505
data-analyst-1785976722-81d9b66b0bf2,509.983,541.117
data-analyst-1785976682-e406afa21286,510.067,600.752
data-analyst-1785976654-271cbab156af,510.085,546.914
data-analyst-1785976663-fd7bb3ad0e6c,511.125,542.927
data-analyst-1785976652-36cdae0bfaa6,511.464,511.464
data-analyst-1785976709-a9d10485ba25,512.085,541.388
data-analyst-1785976716-4570b549bb8e,512.157,534.149
data-analyst-1785976723-0ff26de4e801,512.457,536.164
data-analyst-1785976723-695fc448bead,512.470,545.359
data-analyst-1785976723-ea1b0cad9e88,512.482,557.036
data-analyst-1785976723-01fbeac8ec1e,512.692,535.807
data-analyst-1785976723-e42e74bfaafd,512.704,555.874
data-analyst-1785976723-da5243bb8d6f,512.717,545.153
data-analyst-1785976653-3510417b533f,512.931,512.932
data-analyst-1785976703-76b032b13f57,512.947,512.948
data-analyst-1785976707-0b07b773f4fb,513.039,532.497
data-analyst-1785976657-c08064cc63c8,513.060,513.060
data-analyst-1785976709-fbf1b4a3919c,513.258,534.035
data-analyst-1785976675-342ecea8f3e4,513.538,544.361
data-analyst-1785976723-5dffe67ab790,513.841,638.691
data-analyst-1785976723-489969f42274,513.854,536.895
data-analyst-1785976723-c6f8a75e14b0,513.868,540.796
data-analyst-1785976717-c9f9d6e8e317,514.285,514.285
data-analyst-1785976694-4a7bef93a473,515.419,534.903
data-analyst-1785976694-619da8bc3674,515.432,541.744
data-analyst-1785976646-8460d0aec343,515.445,552.154
data-analyst-1785976676-21e0ea3c1447,515.472,547.553
data-analyst-1785976663-910976c8c4e5,515.676,515.676
data-analyst-1785976711-1faeb3c99f62,515.781,532.589
data-analyst-1785976683-45779df485a2,515.801,532.372
data-analyst-1785976693-253ef85734b8,515.890,545.792
data-analyst-1785976721-1909477c9e8a,516.277,545.296
data-analyst-1785976724-8cb9532ce1a0,516.370,555.541
data-analyst-1785976724-bc7f353c8362,516.384,534.379
data-analyst-1785976724-ac928c5465a5,516.398,533.706
data-analyst-1785976667-683c69c97003,516.775,516.775
data-analyst-1785976698-05b768ed3ec0,517.102,542.382
data-analyst-1785976673-59d158c632ed,517.361,560.906
data-analyst-1785976724-e4e027c9d48c,517.624,536.356
data-analyst-1785976724-01a9a6db82fe,517.637,532.484
data-analyst-1785976706-0768048e681d,517.668,542.883
data-analyst-1785976715-8dbcc5769dd0,517.765,557.008
data-analyst-1785976661-ff632b6e88c4,518.063,531.496
data-analyst-1785976706-2fc93a22b8f7,519.542,532.469
data-analyst-1785976635-0c57590bf7d5,520.970,549.639
data-analyst-1785976665-26d1f1d1ccd9,520.983,539.111
data-analyst-1785976646-141f31118455,520.996,553.193
data-analyst-1785976725-31fa901e453b,521.422,538.690
data-analyst-1785976725-f453a103f7bf,521.435,542.043
data-analyst-1785976725-8a068a3ea8b9,521.448,534.225
data-analyst-1785976703-cf3b23e57525,522.000,537.999
data-analyst-1785976725-21501180e6c0,522.138,536.077
data-analyst-1785976725-71172fe87c24,522.152,557.740
data-analyst-1785976725-697d87e3fbe0,522.165,534.118
data-analyst-1785976706-d7dc8820876f,522.648,537.788
data-analyst-1785976679-91f5200cd1d8,524.529,524.529
data-analyst-1785976725-fab5d9a435d8,525.015,534.051
data-analyst-1785976725-fcc8cb0f145b,525.028,540.568
data-analyst-1785976725-62bbb44a7077,525.042,554.632
data-analyst-1785976725-7787c729ea8e,525.056,547.898
data-analyst-1785976725-4d4fe778382b,525.071,534.020
data-analyst-1785976725-c84d420f4662,525.084,547.823
data-analyst-1785976696-8c029776dbb8,526.353,557.865
data-analyst-1785976658-1cfc8d627fd0,526.379,559.016
data-analyst-1785976702-a7664f148178,526.776,532.388
data-analyst-1785976722-7bf54870f84d,528.014,535.070
data-analyst-1785976703-79ee92ca65a8,528.036,533.660
data-analyst-1785976726-f5a68c7670ff,528.219,539.531
data-analyst-1785976726-c5d981909364,528.232,547.187
data-analyst-1785976726-0081d7068dc4,528.247,543.264
data-analyst-1785976722-58aed9fc8582,528.297,534.240
data-analyst-1785976722-a5a9ef85cd6d,528.711,531.902
data-analyst-1785976672-73b6a4b1ac2a,528.729,528.730
data-analyst-1785976726-7752d4336ae9,529.189,537.216
data-analyst-1785976726-3605093866ea,529.203,538.250
data-analyst-1785976726-f9d8809d7abe,529.217,532.276
data-analyst-1785976726-0ec0ada15c81,529.829,551.427
data-analyst-1785976726-772f80c04291,529.842,545.558
data-analyst-1785976726-9d582e110fd6,529.855,535.117
data-analyst-1785976726-3589a7c365be,530.331,534.085
data-analyst-1785976726-5b86a3c23975,530.344,534.302
data-analyst-1785976726-f2bd5e3acffc,530.358,543.343
data-analyst-1785976724-1a4a5f2ce010,531.133,533.457
data-analyst-1785976729-e8d746a9bb72,533.644,533.644
data-analyst-1785976730-49a1f64e38fe,534.211,534.211
data-analyst-1785976733-dfa7c88f0d31,534.722,534.722
data-analyst-1785976727-6caf99ab2b36,534.737,534.738
data-analyst-1785976729-f872fc005c7b,534.836,534.837
data-analyst-1785976733-b90582f5c13e,535.225,535.226
data-analyst-1785976727-b68cd704edc3,535.934,535.934
data-analyst-1785976731-b55648ea5f11,536.029,536.029
data-analyst-1785976731-3f12d6206c59,536.151,536.151
data-analyst-1785976730-84045b28ba60,536.178,536.178
data-analyst-1785976735-5fa70b8fa1a1,536.428,536.428
data-analyst-1785976729-37b8bbfa27b5,536.456,536.456
data-analyst-1785976738-bf57347a0249,537.982,537.982
data-analyst-1785976727-b02d5fbf73b9,538.185,538.186
data-analyst-1785976741-b59424e4c98c,538.400,538.401
data-analyst-1785976736-a69206a06458,538.614,538.614
data-analyst-1785976740-eec821fd6a8f,539.286,539.286
data-analyst-1785976740-ba99cb10bd13,539.484,539.484
data-analyst-1785976743-bd01102bb0f1,540.045,540.045
data-analyst-1785976746-d03720fe12a8,540.284,540.284
data-analyst-1785976745-b5d51e026f16,540.648,540.648
data-analyst-1785976740-6ad49fc64abf,540.739,540.739
data-analyst-1785976730-6a7f3c5e4525,540.809,540.809
data-analyst-1785976749-7414dab9d047,541.035,541.036
data-analyst-1785976733-46c0a40673d3,541.329,541.330
data-analyst-1785976749-b7f17ea5ebf0,541.344,541.345
data-analyst-1785976733-e99ba5462f29,541.697,541.698
data-analyst-1785976752-da9b02509ccc,541.712,541.713
data-analyst-1785976736-c7b1073d0799,541.760,541.760
data-analyst-1785976735-86d6533e8614,541.968,541.968
data-analyst-1785976747-5e8b81d7a1cc,541.998,541.998
data-analyst-1785976736-42fedf6cfec5,542.135,542.135
data-analyst-1785976753-2e3c58534c3c,542.430,542.430
data-analyst-1785976747-4abdcadcb62c,542.550,542.551
data-analyst-1785976747-dc87f6365bcd,542.870,542.870
data-analyst-1785976751-c86667a03a11,543.124,543.124
data-analyst-1785976743-d010ad899aa9,543.247,543.247
data-analyst-1785976749-99771716270f,543.373,543.374
data-analyst-1785976751-f2b35c9ec883,543.840,543.840
data-analyst-1785976729-9f19bb2b4661,543.900,543.900
data-analyst-1785976751-ef313b349c8a,544.438,544.438
data-analyst-1785976729-fa1af89f23fb,544.480,544.481
data-analyst-1785976743-d14ead5f2383,544.494,544.494
data-analyst-1785976757-e004f708b35d,544.542,544.542
data-analyst-1785976752-0be6ca16a04c,544.555,544.555
data-analyst-1785976752-0417774e7d47,544.584,544.584
data-analyst-1785976746-e092d50f64ae,544.773,544.773
data-analyst-1785976751-5627d30a9d4a,544.803,544.803
data-analyst-1785976750-33960019306e,544.816,544.816
data-analyst-1785976744-f73d60139bb9,544.829,544.830
data-analyst-1785976745-6457acb3c35b,544.957,544.957
data-analyst-1785976744-5cdd76b184ed,545.406,545.406
data-analyst-1785976755-c274af81b155,545.701,545.702
data-analyst-1785976753-4427acaf5b70,545.946,545.946
data-analyst-1785976761-6d81d85e3d56,545.959,545.960
data-analyst-1785976736-436148396811,546.474,546.475
data-analyst-1785976763-04ecc88f5ef3,546.604,546.605
data-analyst-1785976758-e3b261ce4af7,546.854,546.855
data-analyst-1785976750-64fe5574c535,546.869,546.869
data-analyst-1785976755-1a09661f9573,547.272,547.272
data-analyst-1785976744-2fd967b317a1,547.345,547.345
data-analyst-1785976753-0e5d52d3a921,547.509,547.510
data-analyst-1785976753-71249db6812d,547.538,547.539
data-analyst-1785976765-701e36626086,547.673,547.673
data-analyst-1785976761-d4f6d6a0988b,547.748,547.748
data-analyst-1785976751-7000a3a7732f,547.764,547.764
data-analyst-1785976736-13a044e8538b,547.793,547.793
data-analyst-1785976754-af6248526cd2,547.853,547.853
data-analyst-1785976744-b93e28cd5ff9,547.883,547.883
data-analyst-1785976761-7d1d39163617,548.029,548.029
data-analyst-1785976761-cbbf08fa8829,548.518,548.518
data-analyst-1785976753-bc439d49b98d,548.644,548.645
data-analyst-1785976765-547484080eca,548.691,548.692
data-analyst-1785976740-f71a39ac7a69,548.707,548.707
data-analyst-1785976744-7ab9cf4d0084,548.753,548.754
data-analyst-1785976743-f9059c333ddf,548.849,548.849
data-analyst-1785976749-678229b22ea4,548.895,548.896
data-analyst-1785976735-91a85f0da54c,549.070,549.070
data-analyst-1785976765-be7151fa7c84,549.085,549.085
data-analyst-1785976733-3a63e2117445,549.143,549.143
data-analyst-1785976744-85ec1df549ce,549.204,549.205
data-analyst-1785976758-122fe264ff0b,549.219,549.219
data-analyst-1785976765-40375ba90d1a,549.233,549.233
data-analyst-1785976753-4bedf0b2989b,549.248,549.248
data-analyst-1785976751-d870a4fc15a1,549.391,549.392
data-analyst-1785976758-edf9d3739f61,549.424,549.424
data-analyst-1785976749-42ceb7817efa,549.472,549.473
data-analyst-1785976772-679c2b0a1fe6,549.489,549.489
data-analyst-1785976772-d200d9f9d317,549.574,549.574
data-analyst-1785976751-4812b1003dfc,549.670,549.670
data-analyst-1785976752-ed32d429f04c,549.703,549.704
data-analyst-1785976747-a6e2edf92542,549.717,549.717
data-analyst-1785976751-968656050605,549.731,549.732
data-analyst-1785976772-2d8c669c5896,549.912,549.913
data-analyst-1785976772-a11d39911752,549.989,549.990
data-analyst-1785976769-6e8293ea57eb,550.052,550.052
data-analyst-1785976743-d7115f57a2f5,550.115,550.115
data-analyst-1785976753-109aa0603993,550.144,550.144
data-analyst-1785976772-601785d751c7,550.202,550.202
data-analyst-1785976754-ee810d179f35,550.263,550.264
data-analyst-1785976773-80d3f2d36aac,550.386,550.387
data-analyst-1785976738-1a56e487ac22,550.464,550.464
data-analyst-1785976757-af4788ced067,550.604,550.604
data-analyst-1785976773-0adcfbfa43a2,550.739,550.740
data-analyst-1785976777-aa0be37ac05e,550.783,550.783
data-analyst-1785976769-3e55af9fd7fd,550.798,550.799
data-analyst-1785976773-a84192047d97,550.813,550.814
data-analyst-1785976773-19e2b510c986,550.947,550.947
data-analyst-1785976780-bffeed2d3e01,551.232,551.232
data-analyst-1785976758-1fc2fa062ed0,551.320,551.320
data-analyst-1785976765-1a6955d79cf5,551.335,551.335
data-analyst-1785976743-1aab0127e7b3,551.471,551.471
data-analyst-1785976741-ca4bb3b46a99,551.499,551.500
data-analyst-1785976746-a7c56802c123,551.527,551.527
data-analyst-1785976752-4bcabe4ae970,551.542,551.542
data-analyst-1785976740-2f888b957531,551.569,551.570
data-analyst-1785976743-b9d58214a28a,551.684,551.684
data-analyst-1785976771-29b53ae15d1e,551.710,551.710
data-analyst-1785976729-49a2ab33eccc,551.944,551.944
data-analyst-1785976747-11304626514b,552.044,552.044
data-analyst-1785976747-53b844824789,552.127,552.127
data-analyst-1785976755-43f48b899e5e,552.197,552.197
data-analyst-1785976753-d9c79e216a6e,552.257,552.258
data-analyst-1785976755-4a3565ab37d7,552.536,552.537
data-analyst-1785976780-cc467cd0a89d,552.709,552.709
data-analyst-1785976736-7e88322ec8ce,552.779,552.779
data-analyst-1785976755-09d982c2949c,552.894,552.894
data-analyst-1785976752-25f6731f7952,552.921,552.921
data-analyst-1785976783-c7b50277cee6,553.016,553.016
data-analyst-1785976781-c42b7d1d5fe0,553.058,553.058
data-analyst-1785976765-b459977f14db,553.087,553.087
data-analyst-1785976758-83e7a100e528,553.113,553.113
data-analyst-1785976754-2df46525774b,553.207,553.207
data-analyst-1785976752-4f0ebe630165,553.220,553.220
data-analyst-1785976738-60e85f96ac90,553.234,553.235
data-analyst-1785976765-ccf7a5b4d511,553.248,553.249
data-analyst-1785976765-03b8a6657e67,553.263,553.263
data-analyst-1785976765-9aa76932604c,553.748,553.749
data-analyst-1785976747-23d1154e9e9b,553.780,553.781
data-analyst-1785976749-69a8ec26c762,553.839,553.839
data-analyst-1785976763-4c36965da682,553.895,553.895
data-analyst-1785976767-62164401bcd4,553.909,553.909
data-analyst-1785976752-c8223cf588f6,553.923,553.924
data-analyst-1785976765-e28772e1a44a,553.997,553.997
data-analyst-1785976752-53921316afca,554.011,554.011
data-analyst-1785976765-79616ffbfc6c,554.037,554.038
data-analyst-1785976763-617f88f884ab,554.109,554.110
data-analyst-1785976755-83d3c9cd3993,554.225,554.225
data-analyst-1785976777-1762be185ec3,554.759,554.759
data-analyst-1785976731-ef8b297c63f9,554.893,554.893
data-analyst-1785976779-1678511adf3f,554.999,554.999
data-analyst-1785976750-7f5f567a202b,555.310,555.310
data-analyst-1785976779-49948dcbc04f,555.373,555.373
data-analyst-1785976784-57f080fb23f1,555.737,555.737
data-analyst-1785976791-868a3088aab1,555.797,555.797
data-analyst-1785976771-3ba3eeab064c,555.812,555.812
data-analyst-1785976786-4aa13b42f769,555.829,555.830
data-analyst-1785976779-dfc2e89d6167,555.921,555.922
data-analyst-1785976753-afc0157004e2,555.935,555.935
data-analyst-1785976745-1d433dd01c2b,555.990,555.990
data-analyst-1785976769-57715f78f691,556.052,556.052
data-analyst-1785976783-0f6aad693308,556.321,556.321
data-analyst-1785976761-593888061910,556.337,556.338
data-analyst-1785976785-0b771bd780f8,556.353,556.354
data-analyst-1785976752-5664fc8c7a5a,556.727,556.728
data-analyst-1785976786-a72aac479ad4,556.938,556.938
data-analyst-1785976754-587d3d24ca6f,557.050,557.050
data-analyst-1785976754-cf5408b6419d,557.313,557.313
data-analyst-1785976741-b45fa6c8ca27,557.326,557.326
data-analyst-1785976779-1a9ec4314321,557.973,557.973
data-analyst-1785976780-b5923683e5d1,558.166,558.167
data-analyst-1785976786-c0f75b92092f,558.210,558.211
data-analyst-1785976773-4bb7cb8bf3f8,558.283,558.284
data-analyst-1785976786-cc00039a684c,558.339,558.339
data-analyst-1785976767-e756cb95d761,558.370,558.371
data-analyst-1785976773-b518a65eac36,558.637,558.638
data-analyst-1785976761-a449f2777101,558.837,558.837
data-analyst-1785976794-204d352cee3d,558.945,558.945
data-analyst-1785976757-1d4f0fbfe850,558.959,558.959
data-analyst-1785976797-ea7f88a0c845,559.254,559.254
data-analyst-1785976787-4c4e042db0bd,559.355,559.355
data-analyst-1785976785-ca5e2bb79f52,559.606,559.606
data-analyst-1785976786-1f8b8aea60ec,559.688,559.688
data-analyst-1785976765-44ca939c9855,559.718,559.718
data-analyst-1785976784-b782ae8786af,559.807,559.807
data-analyst-1785976740-90ad8c0b15dd,559.820,559.820
data-analyst-1785976783-02e1ae24423f,559.848,559.848
data-analyst-1785976755-35e499af4d81,559.918,559.918
data-analyst-1785976799-1feba537ad90,559.945,559.945
data-analyst-1785976751-9b4c8137d2d7,560.205,560.205
data-analyst-1785976785-70df708d1dab,560.263,560.264
data-analyst-1785976791-1c7eabf0c0f7,560.306,560.306
data-analyst-1785976743-f942a9235134,560.688,560.689
data-analyst-1785976786-d33a95d9268c,560.720,560.721
data-analyst-1785976781-f520bddd0032,560.937,560.937
data-analyst-1785976794-0f4da807c7d3,561.157,561.157
data-analyst-1785976804-c8a5cd93b36b,561.276,561.276
data-analyst-1785976779-0df2e998c94f,561.437,561.438
data-analyst-1785976814-b0cba087c251,562.261,644.486
data-analyst-1785976786-1d5f9d03210f,563.211,563.211
data-analyst-1785976754-3d5aa2c9ef44,563.434,563.434
data-analyst-1785976752-947345f53ee0,563.479,563.479
data-analyst-1785976765-168efbadda0f,564.018,564.019
data-analyst-1785976787-5d9add7b22e8,565.005,647.999
data-analyst-1785976733-ea4a082c2585,565.063,565.064
data-analyst-1785976787-811ce5400119,565.163,565.163
data-analyst-1785976804-2fa1eed5d537,565.235,565.235
data-analyst-1785976771-07dbb265ed6b,565.333,565.333
data-analyst-1785976817-47304e984cfc,565.547,646.594
data-analyst-1785976817-e7a05f90ec5e,565.562,645.249
data-analyst-1785976755-a79528e96d36,566.471,566.471
data-analyst-1785976767-2de307e0a3aa,566.485,566.485
data-analyst-1785976803-9bfa0ec013cf,567.188,567.189
data-analyst-1785976791-731e1c76ab87,567.408,637.766
data-analyst-1785976812-fcf1df923813,567.779,640.219
data-analyst-1785976799-c4dda6d5c77b,568.498,568.498
data-analyst-1785976772-0ef3983a25dd,568.996,568.996
data-analyst-1785976821-d60163a87a2b,569.513,642.762
data-analyst-1785976821-af4206d2ea51,569.526,671.233
data-analyst-1785976786-ad489be17d40,569.933,569.934
data-analyst-1785976817-a2173095cec2,570.008,570.008
data-analyst-1785976822-9db7b690d8b2,571.099,637.207
data-analyst-1785976822-7865af636275,571.112,634.731
data-analyst-1785976801-8910c3bbccfa,571.189,571.190
data-analyst-1785976816-03d45abc6364,571.575,638.227
data-analyst-1785976812-9b7d5e0d751a,571.669,571.669
data-analyst-1785976791-2875ae1197e0,571.729,571.729
data-analyst-1785976823-88a374836dfe,572.154,652.169
data-analyst-1785976804-af75dd60011e,572.214,572.214
data-analyst-1785976786-fde57d15de99,572.626,572.627
data-analyst-1785976786-9127c1b8281e,572.730,572.730
data-analyst-1785976743-91cc9a84699a,572.978,572.978
data-analyst-1785976809-69c98eb20b6e,573.190,573.190
data-analyst-1785976799-851991bdd5fe,573.662,573.662
data-analyst-1785976824-492e90a78fb9,574.256,656.102
data-analyst-1785976824-a4ddf4c28304,574.270,653.765
data-analyst-1785976824-6b7ce3f4d7b4,574.283,651.102
data-analyst-1785976805-01d0ee8c5943,575.167,575.167
data-analyst-1785976805-a7bee4973dbf,575.181,575.181
data-analyst-1785976816-5544b72b5200,575.343,575.343
data-analyst-1785976755-76e78d29e77a,575.838,575.839
data-analyst-1785976781-42e17da7ac2f,576.171,576.171
data-analyst-1785976823-04a23e6218e2,576.738,635.502
data-analyst-1785976797-6c418259d0a4,578.187,635.701
data-analyst-1785976814-474e051e53b8,578.304,578.305
data-analyst-1785976765-0dc334f464e3,578.336,578.337
data-analyst-1785976765-f92bb458b21a,578.354,578.354
data-analyst-1785976827-5cd1719de42c,579.466,663.083
data-analyst-1785976827-6909ff35677c,579.479,640.976
data-analyst-1785976821-53681df3adb3,579.510,579.510
data-analyst-1785976809-fce7955ff99e,579.523,579.523
data-analyst-1785976803-ea945a7e4dcc,579.763,638.068
data-analyst-1785976815-8b4ea3aa29f4,579.808,640.902
data-analyst-1785976823-5611c0dd608a,580.621,635.231
data-analyst-1785976805-6ca9d35ddd29,580.741,580.741
data-analyst-1785976804-8fc8e9dd27d2,582.036,635.247
data-analyst-1785976809-9e09cf73d433,582.431,582.432
data-analyst-1785976747-cc9874cc9351,582.821,582.821
data-analyst-1785976779-4a90acf56b3e,583.900,583.900
data-analyst-1785976791-0dcd17654fa3,583.944,583.944
data-analyst-1785976784-530293135c3b,584.520,584.520
data-analyst-1785976817-522401abdf5d,584.652,584.652
data-analyst-1785976827-c855c9601bd7,586.117,634.817
data-analyst-1785976831-4221dd9f29da,586.303,645.318
data-analyst-1785976831-057b191259e2,586.317,637.293
data-analyst-1785976822-f912b70f08cc,586.488,634.376
data-analyst-1785976817-25516b4fbf71,586.506,586.506
data-analyst-1785976801-e7a002d67a2a,590.320,643.328
data-analyst-1785976801-e6b00e73e3d7,590.352,590.352
data-analyst-1785976758-7c96b9172063,590.930,590.931
data-analyst-1785976815-0cd977f2621b,591.203,591.203
data-analyst-1785976804-7a7e6eda19f0,592.335,654.852
data-analyst-1785976804-3de9f9369e5a,592.350,649.955
data-analyst-1785976772-0a5c247ef200,592.362,635.652
data-analyst-1785976791-e39f003db960,592.877,635.537
data-analyst-1785976772-454a3e05e9f4,594.219,594.219
data-analyst-1785976835-30d5786b418d,595.868,660.158
data-analyst-1785976835-61c62743d53b,595.881,643.505
data-analyst-1785976815-117b60558e28,596.055,636.268
data-analyst-1785976822-74638c3b06c0,596.432,666.637
data-analyst-1785976816-f09eb94fe48f,598.111,646.876
data-analyst-1785976747-c9c225e92ca6,600.062,637.822
data-analyst-1785976777-a3515d5bdf74,600.076,643.204
data-analyst-1785976786-da4bd6f1ef66,600.090,636.419
data-analyst-1785976752-00139eac3055,600.102,638.277
data-analyst-1785976831-44fba12372a2,601.108,643.983
data-analyst-1785976815-38c4279d4666,605.655,605.655
data-analyst-1785976772-62cc1630f941,610.755,610.756
data-analyst-1785976822-a3c3bae7e9e8,611.506,611.506
data-analyst-1785976815-7a35cb73fbd9,613.084,641.622
data-analyst-1785976822-31127fc75626,613.128,648.704
data-analyst-1785976814-b521891ea729,613.284,647.970
data-analyst-1785976794-df4ad075ddf7,614.011,651.324
data-analyst-1785976816-3e8033c781ce,617.682,653.281
data-analyst-1785976815-ec5954035aa0,617.905,617.905
data-analyst-1785976816-06825c44537a,618.202,642.814
data-analyst-1785976786-8da6045595e5,620.541,620.541
data-analyst-1785976816-ec5626d4d079,621.525,621.526
data-analyst-1785976817-1f14bad5fd81,621.696,636.548
data-analyst-1785976797-df430cd8455a,622.787,622.787
data-analyst-1785976812-e7e64fbc9e47,623.329,646.577
data-analyst-1785976803-8bb997c93cc6,628.123,640.627
data-analyst-1785976835-c8e1874bf05e,633.074,646.769
data-analyst-1785976852-2c039d780e1a,642.742,642.743
data-analyst-1785976845-c9574287dca9,643.850,643.851
data-analyst-1785976856-a847b5b42474,644.327,644.328
data-analyst-1785976855-387763e6146e,644.596,644.596
data-analyst-1785976860-eb491ddd9496,644.881,644.882
data-analyst-1785976847-b26fea0b0173,645.690,645.690
data-analyst-1785976847-cc67eedc9fd1,645.834,645.835
data-analyst-1785976845-66678933fec6,646.207,646.208
data-analyst-1785976843-a2cd64e75937,648.528,648.528
data-analyst-1785976847-77c29289fe4c,648.950,648.950
data-analyst-1785976862-90d1535637cb,651.275,651.276
data-analyst-1785976860-416327752608,651.390,651.391
data-analyst-1785976854-6090a205eb3c,651.823,651.824
data-analyst-1785976843-0f63c86695e7,652.020,652.021
data-analyst-1785976856-088bd21efe1e,652.151,652.152
data-analyst-1785976852-b15b54089583,652.577,652.579
data-analyst-1785976861-689aacc81a46,652.788,652.788
data-analyst-1785976851-981c3312cd49,652.804,652.804
data-analyst-1785976872-78ebd983f0c0,652.973,652.973
data-analyst-1785976873-b7df54ac1165,653.676,653.676
data-analyst-1785976873-9d73db1ccb54,654.892,654.894
data-analyst-1785976878-87c17422b973,655.031,655.032
data-analyst-1785976854-f916feaecc71,655.048,655.048
data-analyst-1785976851-64f8d4acec35,655.302,655.303
data-analyst-1785976880-05b09d2d42c7,655.669,655.670
data-analyst-1785976856-475170ac8342,655.686,655.686
data-analyst-1785976860-b8f4d8c48add,656.789,656.791
data-analyst-1785976843-4b14c2be4165,657.050,657.051
data-analyst-1785976851-f7f6b15ff607,657.071,657.072
data-analyst-1785976873-62232c15581b,657.129,657.130
data-analyst-1785976880-bfef5079abb0,659.588,659.589
data-analyst-1785976862-24fc20b50ee6,660.045,660.045
data-analyst-1785976878-f253b7232005,661.159,661.159
data-analyst-1785976880-2f7fe0a7bfd3,662.061,662.061
data-analyst-1785976873-8212daa1ad95,663.243,663.244
data-analyst-1785976891-1e0c65fa4ae3,663.963,663.964
data-analyst-1785976862-14dffdc00014,664.304,664.304
data-analyst-1785976855-148f024bb9d2,664.393,664.393
data-analyst-1785976855-19d9312b0b8e,664.658,664.658
data-analyst-1785976854-ee39034da3e3,664.687,664.687
data-analyst-1785976845-dcf2b4ae04fc,666.096,666.096
data-analyst-1785976861-7a261c8f32f2,666.495,666.504
data-analyst-1785976873-216f58dbdd81,667.268,667.269
data-analyst-1785976878-5cc0879370c9,667.285,667.286
data-analyst-1785976891-dd7d22e4afb5,667.766,667.767
data-analyst-1785976872-6f508f0201ee,668.187,668.188
data-analyst-1785976886-b2040714fa0a,669.152,669.152
data-analyst-1785976891-418ef0628a38,670.044,670.045
data-analyst-1785976871-380d58c4030d,670.255,670.257
data-analyst-1785976871-fe8b3ec273f6,670.381,670.382
data-analyst-1785976873-3f68fcf06514,670.419,670.420
data-analyst-1785976871-107c5a78f9ce,671.732,671.733
data-analyst-1785976886-197c0502d347,671.846,671.846
data-analyst-1785976886-9f3f4805d2a5,672.006,672.006
data-analyst-1785976872-8d78c412b672,672.178,672.179
data-analyst-1785976852-b0f0706d71cc,672.546,672.547
data-analyst-1785976861-10de2e2e62f4,675.085,675.086
