run_id,start_seconds,end_seconds
wide-researcher-1786005520-ecfea2f6ea18,1.799,39.922
deep-researcher-1786005520-0f2c2d8e57dd,1.811,235.310
data-analyst-1786005520-dd6084eef1fe,1.847,418.533
reviewer-1786005520-519ecfeeedc1,1.858,232.754
wide-researcher-1786005520-2603ce8df6bc,1.883,321.451
deep-researcher-1786005520-3ea03edfb247,1.893,39.903
data-analyst-1786005520-1d8cd36963ca,1.904,421.660
reviewer-1786005520-496167167fbc,1.915,318.437
wide-researcher-1786005520-c4644a1f412f,1.944,37.602
deep-researcher-1786005520-17fc4b9d65e5,1.955,37.526
data-analyst-1786005520-73731151acf7,1.965,537.911
reviewer-1786005520-d81ec2856d7f,1.976,134.160
wide-researcher-1786005520-0ece22e11004,2.003,133.845
deep-researcher-1786005520-11424e83f415,2.014,482.972
data-analyst-1786005520-364e086077e9,2.025,131.355
reviewer-1786005520-c200fdd987d2,2.036,325.751
wide-researcher-1786005520-90d9b63de02c,2.062,154.520
deep-researcher-1786005520-12c1a7f6c91e,2.073,37.581
data-analyst-1786005520-2d57b6d5d9ba,2.084,320.402
reviewer-1786005520-e78afd93ab6b,2.095,311.857
wide-researcher-1786005520-bc6af86cd8ca,2.117,39.293
deep-researcher-1786005520-eb3227b52689,2.132,38.971
data-analyst-1786005520-e9d156cb5e8d,2.143,206.378
reviewer-1786005520-78594855abac,2.154,377.298
wide-researcher-1786005520-51eaa763a164,2.177,471.141
deep-researcher-1786005520-e26530e55fe9,2.191,438.564
data-analyst-1786005520-ef751e176c8f,2.202,319.753
reviewer-1786005520-36ec8c860ed4,2.212,303.332
wide-researcher-1786005520-b300fa09f881,2.236,178.827
deep-researcher-1786005520-fd60281515f1,2.246,429.088
data-analyst-1786005520-548bdb197d10,2.256,244.974
reviewer-1786005520-1a74a067ae40,2.267,140.787
wide-researcher-1786005520-d8f68aef6b6c,2.290,590.410
deep-researcher-1786005520-d3fa9d8d2354,2.304,147.215
data-analyst-1786005520-cf4094f9ff2c,2.314,132.549
reviewer-1786005520-de7104a530bc,2.324,157.978
wide-researcher-1786005520-da655a9bff8d,2.351,39.607
deep-researcher-1786005520-828f937cb3c6,2.362,109.160
data-analyst-1786005520-dcb5da9991ab,2.376,216.073
reviewer-1786005520-0a003ed302e1,2.383,492.122
wide-researcher-1786005520-a62c71fc443f,2.413,42.379
deep-researcher-1786005520-b405cd39ef62,2.425,39.329
data-analyst-1786005520-0edb0445e0c6,2.435,322.612
reviewer-1786005520-353535ec116c,2.446,458.837
wide-researcher-1786005520-31786629c3c0,2.473,316.792
deep-researcher-1786005520-d03dfc7fb54b,2.483,38.348
data-analyst-1786005520-13d07909147c,2.493,131.476
reviewer-1786005520-b72b0f975ec8,2.504,465.724
wide-researcher-1786005520-7bca8cbca61b,2.530,37.894
deep-researcher-1786005520-111862a2c864,2.541,211.412
data-analyst-1786005520-a580864c6a73,2.552,207.378
reviewer-1786005520-25cee6a0b277,2.563,227.109
wide-researcher-1786005520-9e00794971f3,2.589,38.859
deep-researcher-1786005521-969183fe0cc5,2.600,214.781
data-analyst-1786005521-c5c476ef4cb9,2.614,264.364
reviewer-1786005521-99e2429175f0,2.621,640.205
wide-researcher-1786005521-5edae64378f6,2.651,38.212
deep-researcher-1786005521-bdd5e02e93e8,2.671,212.763
data-analyst-1786005521-a60cd6e83e39,2.691,236.727
reviewer-1786005521-5f1790439a8c,2.701,205.420
wide-researcher-1786005521-847659610d1e,2.729,131.074
deep-researcher-1786005521-cee3a84a7531,2.740,434.717
data-analyst-1786005521-e98a470cb5aa,2.750,332.465
reviewer-1786005521-19dc3d9f36c3,2.760,540.445
wide-researcher-1786005521-ec21a606c57b,2.785,320.081
deep-researcher-1786005521-a859383ebfb5,2.791,358.762
data-analyst-1786005521-6ecdf8d98c13,2.806,228.515
reviewer-1786005521-0ee909b29ca3,2.817,424.680
wide-researcher-1786005521-1f939e7c1bed,2.843,207.529
deep-researcher-1786005521-dc4770211d05,2.854,38.476
data-analyst-1786005521-74fcc4081810,2.865,244.214
reviewer-1786005521-16f0237767a7,2.875,463.528
wide-researcher-1786005521-5a48586d9a18,2.901,38.156
deep-researcher-1786005521-e48a3c7c36b7,2.911,487.531
data-analyst-1786005521-1b1903c7b3bb,2.921,159.542
reviewer-1786005521-5bce7dc06dff,2.931,317.628
wide-researcher-1786005521-baea85e85e2d,2.956,38.491
deep-researcher-1786005521-63355c3bf18a,2.966,420.917
data-analyst-1786005521-4f0dbc613e06,2.977,431.636
reviewer-1786005521-d49c6ab8bed0,2.988,209.123
wide-researcher-1786005521-a050e605c695,3.015,38.066
deep-researcher-1786005521-ef1d3c255d40,3.025,76.851
data-analyst-1786005521-3914d76f0a05,3.036,435.889
reviewer-1786005521-caf8273ed3e4,3.046,547.242
wide-researcher-1786005521-f589dba54d8f,3.073,61.866
deep-researcher-1786005521-b8c94802204d,3.083,129.833
data-analyst-1786005521-73279b4c7fb6,3.094,320.752
reviewer-1786005521-baea68aca349,3.104,544.182
wide-researcher-1786005521-8527926eafe9,3.126,68.770
deep-researcher-1786005521-d14d57902447,3.136,38.955
data-analyst-1786005521-b7e2f2f3d72f,3.151,197.328
reviewer-1786005521-95905279f5f6,3.161,329.342
wide-researcher-1786005521-b0762b2878be,3.179,163.770
deep-researcher-1786005521-7b9b2b59744d,3.193,33.650
data-analyst-1786005521-6f8f15f1bbb9,3.203,135.017
reviewer-1786005521-5f770aa0cb08,3.214,303.186
wide-researcher-1786005521-a2bcd4f7b898,3.235,35.720
deep-researcher-1786005521-9c37b332113a,3.249,394.270
data-analyst-1786005521-4a20fd5125c5,3.259,79.818
reviewer-1786005521-5a157f14cb80,3.269,205.312
wide-researcher-1786005521-529d1714f995,3.294,114.435
deep-researcher-1786005521-bd1608a084b7,3.304,305.165
data-analyst-1786005521-5b1db441187d,3.315,435.989
reviewer-1786005521-fe56bdca3ba1,3.325,316.024
wide-researcher-1786005521-456cf792615f,3.350,41.531
deep-researcher-1786005521-3d15b77fe521,3.360,36.454
data-analyst-1786005521-1848c44fbeed,3.370,205.041
reviewer-1786005521-9c0ee0b8f7b0,3.380,307.233
wide-researcher-1786005521-2cc35eb8f0de,3.405,350.170
deep-researcher-1786005521-b166b008cffe,3.414,317.551
data-analyst-1786005521-02eaac679d58,3.424,420.306
reviewer-1786005521-ca15bf54793f,3.434,651.149
wide-researcher-1786005521-7b10e6280039,3.465,63.990
deep-researcher-1786005521-80b3f32fae94,3.475,545.623
data-analyst-1786005521-8a1e5a9d2206,3.490,424.200
reviewer-1786005521-60ab49446d22,3.501,243.434
wide-researcher-1786005521-206e83076004,3.530,38.627
deep-researcher-1786005521-26bfae6ed3d0,3.540,38.523
data-analyst-1786005521-0a8ca417dc0d,3.551,81.158
reviewer-1786005521-659079b2bc0b,3.564,209.280
wide-researcher-1786005521-631975ecbf57,3.588,317.349
deep-researcher-1786005522-6751b0e72fe0,3.598,40.738
data-analyst-1786005522-e6a32b681fd9,3.609,128.876
reviewer-1786005522-0e584ffbb187,3.619,441.517
wide-researcher-1786005522-fe779337239f,3.644,302.875
deep-researcher-1786005522-0fffb967179e,3.653,39.159
data-analyst-1786005522-e80a95642cf9,3.662,113.078
reviewer-1786005522-eaa7afe8284d,3.672,212.983
wide-researcher-1786005522-7991344e9fd7,3.694,208.291
deep-researcher-1786005522-ae40b366f870,3.708,37.252
data-analyst-1786005522-b07bb5cc3318,3.719,129.954
reviewer-1786005522-337cd5446ee1,3.730,318.286
wide-researcher-1786005522-5e504f4889b5,3.756,152.186
deep-researcher-1786005522-419b302d0a83,3.766,132.761
data-analyst-1786005522-eb9ed4be4151,3.777,321.358
reviewer-1786005522-a0d81dccfc89,3.787,464.797
wide-researcher-1786005522-864677f05211,3.813,72.515
deep-researcher-1786005522-db1ba0e1bdf3,3.822,38.333
data-analyst-1786005522-01c5f4012758,3.833,426.811
reviewer-1786005522-890d05cbb9fa,3.847,440.611
wide-researcher-1786005522-823560da0af0,3.872,83.192
deep-researcher-1786005522-718b15dd4f7c,3.882,36.020
data-analyst-1786005522-dc95471fbb04,3.893,433.220
reviewer-1786005522-d8e81997345f,3.904,240.918
wide-researcher-1786005522-4cff1d31f46e,3.930,330.921
deep-researcher-1786005522-ceceb312acdc,3.939,39.140
data-analyst-1786005522-7aa80373969c,3.950,189.282
reviewer-1786005522-b5ccb3f54865,3.960,539.791
wide-researcher-1786005522-d8ebaa06aa6a,3.986,92.546
deep-researcher-1786005522-35f4c2eba11c,3.998,116.993
data-analyst-1786005522-ae67a3cc2f64,4.009,421.176
reviewer-1786005522-ed964fa029e3,4.020,208.215
wide-researcher-1786005522-8eecf43cff59,4.046,40.959
deep-researcher-1786005522-bc95d8ffb49f,4.056,37.418
data-analyst-1786005522-25df1beb98ef,4.066,164.108
reviewer-1786005522-ef59323449ad,4.076,419.718
wide-researcher-1786005522-ab795ecef60b,4.101,41.671
deep-researcher-1786005522-fa74686ab01a,4.111,429.727
data-analyst-1786005522-730f843e6a86,4.122,208.782
reviewer-1786005522-ff5e8eba060b,4.132,302.295
wide-researcher-1786005522-f8a1bc4a443b,4.157,37.433
deep-researcher-1786005522-85affb99907c,4.167,76.105
data-analyst-1786005522-90d1b9fe189f,4.177,212.496
reviewer-1786005522-750f368a19be,4.187,438.450
wide-researcher-1786005522-a721c6b7750b,4.207,72.580
deep-researcher-1786005522-f696808b093f,4.220,352.729
data-analyst-1786005522-cb38d6462b2d,4.234,220.447
reviewer-1786005522-936eb24193d3,4.246,275.879
wide-researcher-1786005522-02f0813ac1a7,4.267,37.335
deep-researcher-1786005522-39f1a4143cab,4.277,132.747
data-analyst-1786005522-f3aad84a78db,4.287,426.431
reviewer-1786005522-acdb86ad4126,4.297,322.156
wide-researcher-1786005522-56921ec84562,4.324,37.545
deep-researcher-1786005522-4e8bb5b7cdf8,4.334,350.349
data-analyst-1786005522-1ac2780052bc,4.345,438.066
reviewer-1786005522-2be8f1fcd3b4,4.355,424.261
wide-researcher-1786005522-02214e045a5f,4.381,232.575
deep-researcher-1786005522-8fb099cad130,4.391,41.028
data-analyst-1786005522-c1891d039799,4.402,265.520
reviewer-1786005522-d838b196ebfe,4.413,567.673
wide-researcher-1786005522-f1bdf955ed2a,4.440,323.064
deep-researcher-1786005522-c218c6b4fbd1,4.446,43.878
data-analyst-1786005522-c83e7cd09009,4.460,436.218
reviewer-1786005522-5e8096263b16,4.470,215.711
wide-researcher-1786005522-26fd6a02d6de,4.495,37.754
deep-researcher-1786005522-a0c0a9761dc7,4.505,88.621
data-analyst-1786005522-25a83a5454ed,4.516,302.689
reviewer-1786005522-700c8e9555a1,4.528,523.780
wide-researcher-1786005522-d8cc65f7453a,4.556,37.827
deep-researcher-1786005522-00067b633c42,4.565,37.381
data-analyst-1786005522-5eb40d6d387a,4.575,133.438
reviewer-1786005523-76b1ef0e55a2,4.585,306.235
wide-researcher-1786005523-2ee57d0139a5,4.611,349.292
deep-researcher-1786005523-2809d91615f4,4.621,129.385
data-analyst-1786005523-cbfa536ab5ba,4.632,218.131
reviewer-1786005523-5a3070419abc,4.642,130.792
wide-researcher-1786005523-4b69ce9dd084,4.672,41.950
deep-researcher-1786005523-199de5f332db,4.682,76.869
data-analyst-1786005523-ec54fc8663fc,4.691,225.309
reviewer-1786005523-69631363bab7,4.701,254.587
wide-researcher-1786005523-f62c6d1d30d8,4.727,37.912
deep-researcher-1786005523-ff3fa0a33887,4.737,548.758
data-analyst-1786005523-2c20101c04f4,4.748,130.987
reviewer-1786005523-cc1bba77877d,4.759,141.307
wide-researcher-1786005523-8f73084656e6,4.783,213.384
deep-researcher-1786005523-c627d342278a,4.793,315.468
data-analyst-1786005523-9c9265db5302,4.804,563.533
reviewer-1786005523-0acc826e71db,4.815,324.035
wide-researcher-1786005523-5f81566a21e8,4.842,37.487
deep-researcher-1786005523-7a7a0b6a4d79,4.852,542.168
data-analyst-1786005523-d9684602ee05,4.862,417.620
reviewer-1786005523-657cdf46dc57,4.872,304.748
wide-researcher-1786005523-74f5eee20801,4.897,38.366
deep-researcher-1786005523-7de73443a67f,4.907,40.644
data-analyst-1786005523-e727a2af25bf,4.918,444.449
reviewer-1786005523-72940b0bc2ec,4.929,215.558
wide-researcher-1786005523-9aee904b5ccb,4.952,39.734
deep-researcher-1786005523-f7ae11bd5875,4.962,38.193
data-analyst-1786005523-fafcdab2e542,4.978,269.005
reviewer-1786005523-00a5595a2e59,4.989,236.422
wide-researcher-1786005523-2f5fe5c74149,5.017,87.917
deep-researcher-1786005523-98047ada993c,5.028,40.428
data-analyst-1786005523-eb2bcae1b6c4,5.040,432.514
reviewer-1786005523-4c74dc2f642c,5.048,434.770
wide-researcher-1786005523-89d841a77e1c,5.080,130.368
deep-researcher-1786005523-c63a752ce353,5.090,72.866
data-analyst-1786005523-b925f8769dd0,5.101,200.651
reviewer-1786005523-6da9e69a82b7,5.111,544.039
wide-researcher-1786005523-0dacbbd5ac9a,5.136,41.422
deep-researcher-1786005523-d27088006cbc,5.153,68.355
data-analyst-1786005523-a00f81262977,5.164,403.641
reviewer-1786005523-a8845e5c628d,5.175,430.591
wide-researcher-1786005523-5f38f05fca30,5.199,39.178
deep-researcher-1786005523-62b7228aa72b,5.209,38.921
data-analyst-1786005523-f561b4868930,5.221,217.185
reviewer-1786005523-6c4be3846431,5.229,315.732
wide-researcher-1786005523-78d52e92a213,5.254,75.457
deep-researcher-1786005523-f87b5cab09b1,5.264,423.044
data-analyst-1786005523-61c5c70f5896,5.273,547.601
reviewer-1786005523-753a4445492e,5.282,428.020
wide-researcher-1786005523-51fdbc29f4a4,5.301,37.964
deep-researcher-1786005523-4edddaf5bdf2,5.311,37.772
data-analyst-1786005523-c68eaa843c9d,5.322,307.645
reviewer-1786005523-e3c2225d0300,5.333,326.947
wide-researcher-1786005523-da7557b0a58e,5.356,39.749
deep-researcher-1786005523-6444568b36bc,5.366,58.175
data-analyst-1786005523-ee78ca5f2ef9,5.376,304.312
reviewer-1786005523-031e77960d8c,5.387,313.949
wide-researcher-1786005523-9267852d9576,5.410,49.695
deep-researcher-1786005523-779d9ddd8129,5.419,323.277
data-analyst-1786005523-0d75e30df343,5.428,420.900
reviewer-1786005523-49ec9f4af8de,5.439,314.956
wide-researcher-1786005523-d68389e512f8,5.463,302.952
deep-researcher-1786005523-04041b268065,5.477,500.363
data-analyst-1786005523-8aa967a0f0c5,5.489,303.170
reviewer-1786005523-453c5655e24c,5.500,140.270
wide-researcher-1786005523-7806e4a92a1e,5.526,38.174
deep-researcher-1786005523-252ef202f1ac,5.532,38.573
data-analyst-1786005523-2b3b9ca40550,5.547,189.262
reviewer-1786005523-5990df7e7ff4,5.557,131.644
wide-researcher-1786005523-d2623c428a61,5.581,38.000
deep-researcher-1786005524-6aec81d2c521,5.595,38.608
data-analyst-1786005524-b441395d8e3f,5.606,542.280
reviewer-1786005524-987c45c04fc2,5.617,206.248
wide-researcher-1786005524-31923b9acaa2,5.650,38.839
deep-researcher-1786005524-4ebb37475f04,5.661,38.104
data-analyst-1786005524-a5f219c6bb2f,5.671,226.185
reviewer-1786005524-b69c8a37ddd5,5.681,314.628
wide-researcher-1786005524-a92228f96d6c,5.704,301.856
deep-researcher-1786005524-50ab0d5e71b0,5.718,38.280
data-analyst-1786005524-46c3f07488b9,5.729,308.835
reviewer-1786005524-b8e869a3e77f,5.740,219.412
wide-researcher-1786005524-cb70054eaa75,5.766,73.254
deep-researcher-1786005524-7d42d2312857,5.775,564.983
data-analyst-1786005524-6bdb93a1b7a6,5.785,184.565
reviewer-1786005524-3b17b8ae3add,5.795,427.192
wide-researcher-1786005524-5712433a3212,5.822,38.399
deep-researcher-1786005524-94181436889e,5.832,41.310
data-analyst-1786005524-637d8c0c8323,5.843,434.226
reviewer-1786005524-93c43c422796,5.854,212.596
wide-researcher-1786005524-b76a007c13b0,5.880,77.547
deep-researcher-1786005524-440edec9d751,5.890,132.354
data-analyst-1786005524-097dbccdbec5,5.899,230.544
reviewer-1786005524-0759a655f982,5.909,303.626
wide-researcher-1786005524-3bb046ee72d8,5.936,339.901
deep-researcher-1786005524-a3260e300973,5.946,426.928
data-analyst-1786005524-3bf795866b09,5.956,417.683
reviewer-1786005524-6b6499e93e81,5.967,236.220
wide-researcher-1786005524-6b1b6b610682,5.994,342.384
deep-researcher-1786005524-8a5faad078ee,6.005,39.450
data-analyst-1786005524-f717a6a6b85a,6.016,297.532
reviewer-1786005524-e3c6a434bfa2,6.027,165.668
wide-researcher-1786005524-576dd4b2fdd5,6.054,460.857
deep-researcher-1786005524-152532997aaf,6.064,38.505
data-analyst-1786005524-e353420a85a7,6.075,225.351
reviewer-1786005524-087f42f69cf9,6.085,212.779
wide-researcher-1786005524-e75b7d8e79d3,6.111,516.366
deep-researcher-1786005524-5625453ab3ee,6.121,110.692
data-analyst-1786005524-4c9a944603ab,6.132,213.485
reviewer-1786005524-aa6c4be1e96b,6.143,321.407
wide-researcher-1786005524-aa3ce43dd1d7,6.170,304.157
deep-researcher-1786005524-54c96721516f,6.181,425.066
data-analyst-1786005524-27214fad1b3a,6.191,131.975
reviewer-1786005524-3eb35ea2242b,6.202,285.180
wide-researcher-1786005524-9bba1add27d0,6.225,205.648
deep-researcher-1786005524-67597fba7d93,6.239,144.692
data-analyst-1786005524-eeea7c3aaa41,6.254,434.000
reviewer-1786005524-0db991edf5f3,6.265,556.937
wide-researcher-1786005524-e263b8623679,6.292,261.980
deep-researcher-1786005524-89f148ff4115,6.301,170.843
data-analyst-1786005524-413e37ac81f6,6.310,443.511
reviewer-1786005524-90e9dd98ab70,6.319,228.971
wide-researcher-1786005524-65109260d9c0,6.337,78.379
deep-researcher-1786005524-3b5c40df0f58,6.348,130.753
data-analyst-1786005524-77ca35dea668,6.358,216.849
reviewer-1786005524-0afca0493be0,6.368,302.980
wide-researcher-1786005524-ce696fa125a7,6.393,128.267
deep-researcher-1786005524-06196386be21,6.403,426.876
data-analyst-1786005524-3cab7adac0d4,6.414,322.901
reviewer-1786005524-e18149aacda0,6.425,581.756
wide-researcher-1786005524-2e3f5a9287c4,6.451,134.579
deep-researcher-1786005524-a5b4a666dcdf,6.461,452.281
data-analyst-1786005524-c4478d2275d8,6.472,448.201
reviewer-1786005524-b8ba92dcfba9,6.483,324.101
wide-researcher-1786005524-5a762b07b16e,6.510,64.267
deep-researcher-1786005524-b9f1cf81cec4,6.521,75.924
data-analyst-1786005524-f74fedc599cd,6.531,214.827
reviewer-1786005524-fe25a918051c,6.546,553.200
wide-researcher-1786005524-5b06befc6c3d,6.570,156.972
deep-researcher-1786005524-c00cfc6de00e,6.584,440.725
data-analyst-1786005525-c9ed6a90997b,6.595,189.888
reviewer-1786005525-ec39ebcf7ed8,6.606,425.250
wide-researcher-1786005525-f4f46894e262,6.633,320.689
deep-researcher-1786005525-fb40ce1db1c7,6.643,77.346
data-analyst-1786005525-934e9363a32d,6.653,211.181
reviewer-1786005525-0aa4cd3a3380,6.663,315.405
wide-researcher-1786005525-fbe6d6d9e856,6.688,39.799
deep-researcher-1786005525-8d9078378b30,6.697,43.999
data-analyst-1786005525-04a7dbb83055,6.709,227.891
reviewer-1786005525-6f8e0150b736,6.720,321.329
wide-researcher-1786005525-deeca0edbeff,6.745,150.018
deep-researcher-1786005525-45d373b3ba11,6.754,302.484
data-analyst-1786005525-99ecd7521019,6.766,132.806
reviewer-1786005525-3bf5e33c5c98,6.777,322.599
wide-researcher-1786005525-60d344532bc1,6.805,64.753
deep-researcher-1786005525-6910f5ade25e,6.815,441.177
data-analyst-1786005525-3b573c8c8388,6.826,444.707
reviewer-1786005525-3f6523b9cc29,6.836,317.059
wide-researcher-1786005525-f89b94c0ecb0,6.863,130.693
deep-researcher-1786005525-d300d4c0ba85,6.874,78.830
data-analyst-1786005525-a369b3ca6b36,6.884,318.724
reviewer-1786005525-4ed8eff98abf,6.894,303.563
wide-researcher-1786005525-4ab26a00b5ab,6.916,82.230
deep-researcher-1786005525-db5440385dc7,6.926,74.898
data-analyst-1786005525-2857f0a2268d,6.936,304.845
reviewer-1786005525-557c3254eee7,6.946,140.501
wide-researcher-1786005525-177e5c32254d,6.971,54.893
deep-researcher-1786005525-abecb6aace48,6.980,129.034
data-analyst-1786005525-fac71c1bcc4d,6.990,212.143
reviewer-1786005525-e78b5f58cc6b,7.000,314.698
wide-researcher-1786005525-4c4a53968fc5,7.027,41.546
deep-researcher-1786005525-0c196dd95374,7.037,84.420
data-analyst-1786005525-623ab88fb070,7.048,212.612
reviewer-1786005525-fcc5018c45e0,7.058,226.344
wide-researcher-1786005525-515392cb149f,7.084,175.084
deep-researcher-1786005525-6b737b4b3710,7.093,83.328
data-analyst-1786005525-897735a65d68,7.103,426.207
reviewer-1786005525-cc9341a52e6c,7.113,436.592
wide-researcher-1786005525-163704e57197,7.136,40.302
deep-researcher-1786005525-a31698865261,7.151,424.757
data-analyst-1786005525-b88150a49144,7.162,430.989
reviewer-1786005525-cc7b3d84ea0a,7.172,320.127
wide-researcher-1786005525-5d674b1fa737,7.199,216.191
deep-researcher-1786005525-9c76f482ec84,7.208,68.714
data-analyst-1786005525-2be066f60425,7.218,331.825
reviewer-1786005525-f7145013439d,7.228,227.128
wide-researcher-1786005525-471f85014018,7.256,41.655
deep-researcher-1786005525-d4bb15fc52e9,7.266,324.497
data-analyst-1786005525-0871c0e705e3,7.277,403.561
reviewer-1786005525-7813b747864c,7.288,432.943
wide-researcher-1786005525-c3546cf844f2,7.314,66.487
deep-researcher-1786005525-750883191d52,7.324,57.204
data-analyst-1786005525-534f67a01664,7.334,538.562
reviewer-1786005525-e447679586ad,7.343,304.474
wide-researcher-1786005525-e7a12ba3019c,7.369,57.020
deep-researcher-1786005525-016a74071ade,7.378,74.394
data-analyst-1786005525-61d5f6acc5c5,7.388,216.864
reviewer-1786005525-e572d2d03113,7.398,211.599
wide-researcher-1786005525-fbdd3e8650e7,7.421,319.712
deep-researcher-1786005525-d56118ac90a5,7.429,440.594
data-analyst-1786005525-9d349ec32bfc,7.437,205.788
reviewer-1786005525-62722399b69a,7.445,440.989
wide-researcher-1786005525-efd46615c2cc,7.468,107.887
deep-researcher-1786005525-2ceb1a33f71c,7.478,206.496
data-analyst-1786005525-8c85f7127a96,7.488,133.483
reviewer-1786005525-1850cd754a28,7.498,352.617
wide-researcher-1786005525-75263610e04b,7.522,332.995
deep-researcher-1786005525-a46e041c981b,7.531,79.043
data-analyst-1786005525-fc4e4e07a7c7,7.541,130.535
reviewer-1786005525-f532da1a0e98,7.550,339.788
wide-researcher-1786005525-f45898739d77,7.574,205.356
deep-researcher-1786005525-785818350922,7.584,82.180
data-analyst-1786005526-7627b72a8032,7.594,301.101
reviewer-1786005526-75bd414b6bcc,7.604,314.012
wide-researcher-1786005526-75496024b201,7.632,357.086
deep-researcher-1786005526-519c71c5288a,7.642,447.702
data-analyst-1786005526-7905b03805fa,7.651,300.877
reviewer-1786005526-eccc326bb0a1,7.661,419.345
wide-researcher-1786005526-da0d6ee3a4ae,7.687,49.206
deep-researcher-1786005526-12b6f6b997cd,7.697,551.178
data-analyst-1786005526-2cb1ee7db832,7.707,325.000
reviewer-1786005526-80bf035a4056,7.718,570.055
wide-researcher-1786005526-33a26fefdc7a,7.745,73.084
deep-researcher-1786005526-81f6a5a98195,7.754,76.428
data-analyst-1786005526-d86a7f489276,7.765,228.094
reviewer-1786005526-6b6711563850,7.776,178.766
wide-researcher-1786005526-25ff13bce5fd,7.797,423.978
deep-researcher-1786005526-bd37c11034f1,7.810,65.249
data-analyst-1786005526-558010a7e36f,7.819,489.156
reviewer-1786005526-75599a3ba8f2,7.829,464.621
wide-researcher-1786005526-2bce0d44998e,7.851,451.351
deep-researcher-1786005526-558481b07010,7.864,72.694
data-analyst-1786005526-da35d1979530,7.874,284.406
reviewer-1786005526-3b91553f816b,7.885,319.560
wide-researcher-1786005526-acb80ff11bb4,7.908,322.481
deep-researcher-1786005526-3d240c26ca82,7.923,110.466
data-analyst-1786005526-86ac7bba3dea,7.932,132.062
reviewer-1786005526-e58f1ad85dda,7.938,285.590
wide-researcher-1786005526-300c3eead8cf,7.970,70.066
deep-researcher-1786005526-7b0665ef283c,7.981,539.836
data-analyst-1786005526-aaf9f041dcb8,7.992,540.890
reviewer-1786005526-a623e58f5d27,8.003,315.497
wide-researcher-1786005526-949abae4aa45,8.030,131.748
deep-researcher-1786005526-80a05d8b5f97,8.042,206.692
data-analyst-1786005526-24693de85a6f,8.053,216.238
reviewer-1786005526-88bf31c54496,8.063,550.075
wide-researcher-1786005526-fd372a5f8ae0,8.090,72.679
deep-researcher-1786005526-becf91f795cf,8.100,78.723
data-analyst-1786005526-bc4269fef882,8.111,591.529
reviewer-1786005526-c0eaa4c4a5aa,8.123,167.683
wide-researcher-1786005526-e242503ae20b,8.150,60.976
deep-researcher-1786005526-f5d0c2c08c28,8.159,47.442
data-analyst-1786005526-df9036a52ff4,8.169,214.843
reviewer-1786005526-0e362a88213c,8.179,485.661
wide-researcher-1786005526-f7a0891c70c3,8.206,130.501
deep-researcher-1786005526-256893c885df,8.216,68.997
data-analyst-1786005526-cc772906b7cf,8.225,419.686
reviewer-1786005526-164324aea356,8.241,306.830
wide-researcher-1786005526-ffc8d067fc02,8.268,131.369
deep-researcher-1786005526-469223742902,8.282,597.543
data-analyst-1786005526-7d4bd25d5139,8.293,254.213
reviewer-1786005526-b90a9b0ab8e7,8.305,133.860
wide-researcher-1786005526-51f5674d1f12,8.333,64.889
deep-researcher-1786005526-ee51ce31503f,8.343,129.047
data-analyst-1786005526-60a61586b986,8.360,323.575
reviewer-1786005526-9f630deaa2a5,8.370,312.646
wide-researcher-1786005526-8c522af6248d,8.397,300.969
deep-researcher-1786005526-25a55b45666b,8.407,93.597
data-analyst-1786005526-f7986443cc47,8.416,305.999
reviewer-1786005526-97448e248ed4,8.425,429.474
wide-researcher-1786005526-a124d1f99eef,8.444,131.795
deep-researcher-1786005526-b0895aa556f4,8.457,74.789
data-analyst-1786005526-43b33c06303b,8.467,552.899
reviewer-1786005526-8365ff398ce4,8.477,216.041
wide-researcher-1786005526-60fd2fbfe3aa,8.499,270.209
deep-researcher-1786005526-197eee97c69b,8.509,76.490
data-analyst-1786005526-d2b1681c70e0,8.520,370.397
reviewer-1786005526-81dd9bd1a2e5,8.532,213.095
wide-researcher-1786005526-80c07dd7b421,8.558,128.431
deep-researcher-1786005526-0f74b6f45e6a,8.567,317.751
data-analyst-1786005526-e177fa5141f5,8.579,459.121
reviewer-1786005527-a850e86ce642,8.589,335.897
wide-researcher-1786005527-65231ec5208c,8.615,78.773
deep-researcher-1786005527-08492df59fa0,8.625,444.200
data-analyst-1786005527-0e99702d350f,8.635,215.225
reviewer-1786005527-79824958aae5,8.646,181.902
wide-researcher-1786005527-942d533a4527,8.676,69.903
deep-researcher-1786005527-0ade2dc99dd8,8.686,48.541
data-analyst-1786005527-10469cf76512,8.696,208.469
reviewer-1786005527-9230a1f78810,8.706,338.065
wide-researcher-1786005527-6e668045a76c,8.732,62.917
deep-researcher-1786005527-dc0571e16595,8.742,529.837
data-analyst-1786005527-7a680d02fa2d,8.752,330.165
reviewer-1786005527-415859fa7e64,8.759,314.059
wide-researcher-1786005527-ef2795997f53,8.787,76.822
deep-researcher-1786005527-47f707a0d8de,8.800,76.837
data-analyst-1786005527-5affb414efb2,8.810,430.685
reviewer-1786005527-0498d215edec,8.821,323.590
wide-researcher-1786005527-c4f40e5d5fd2,8.849,212.414
deep-researcher-1786005527-f4c57607aca3,8.859,124.896
data-analyst-1786005527-acdfc4a4b6cc,8.870,204.714
reviewer-1786005527-f4632e796f85,8.881,194.021
wide-researcher-1786005527-e711bc982b4b,8.908,73.596
deep-researcher-1786005527-dbfc1cc7cfb2,8.918,64.736
data-analyst-1786005527-60b3e384e95f,8.927,205.194
reviewer-1786005527-e249f831ba63,8.937,205.372
wide-researcher-1786005527-18ea56faced9,8.962,100.935
deep-researcher-1786005527-ce1f4e24edab,8.972,72.615
data-analyst-1786005527-4ead313f4c25,8.983,320.703
reviewer-1786005527-14bdbbe45f59,8.994,433.121
wide-researcher-1786005527-de5d6b5b3cfa,9.021,72.897
deep-researcher-1786005527-d322dfa981f5,9.032,85.108
data-analyst-1786005527-d03fdc5d6fc0,9.042,439.291
reviewer-1786005527-bf01292150c4,9.054,268.938
wide-researcher-1786005527-89e4146ca353,9.081,94.783
deep-researcher-1786005527-2722fad63c5f,9.090,205.466
data-analyst-1786005527-feac2df0e8b6,9.099,424.340
reviewer-1786005527-e5a319f762d2,9.109,386.541
wide-researcher-1786005527-b1fc77d830b2,9.133,304.357
deep-researcher-1786005527-1e5fb7213916,9.148,90.945
data-analyst-1786005527-9e41ab528753,9.159,208.843
reviewer-1786005527-e6472a2c1bcd,9.169,374.488
wide-researcher-1786005527-1613015b8ad2,9.194,99.105
deep-researcher-1786005527-605c740080e3,9.204,181.257
data-analyst-1786005527-3b203c19e629,9.215,278.038
reviewer-1786005527-c878c70bf09f,9.226,364.063
wide-researcher-1786005527-fa476443caee,9.254,155.640
deep-researcher-1786005527-124905669ecd,9.264,85.001
data-analyst-1786005527-eadf74e75b96,9.275,316.644
reviewer-1786005527-c011059dc5ca,9.285,237.021
wide-researcher-1786005527-d00c67b74b63,9.316,75.273
deep-researcher-1786005527-7d3827355d35,9.326,425.872
data-analyst-1786005527-f85c3a430b47,9.337,140.335
reviewer-1786005527-ce5087b77dbf,9.349,304.086
wide-researcher-1786005527-463a9048b9ca,9.377,53.004
deep-researcher-1786005527-8fa6a984ecee,9.387,547.154
data-analyst-1786005527-74c3fa50a29b,9.398,426.235
reviewer-1786005527-4cb8b040cb9b,9.408,396.024
wide-researcher-1786005527-e7ed36db7137,9.432,99.883
deep-researcher-1786005527-a5bb0e9a0c38,9.443,210.375
data-analyst-1786005527-3fd8056401f1,9.454,216.089
reviewer-1786005527-1716812ac07a,9.464,325.883
wide-researcher-1786005527-9e3a1c86aaad,9.484,144.990
deep-researcher-1786005527-427c016c38f5,9.497,72.598
data-analyst-1786005527-be7355a65e34,9.508,660.733
reviewer-1786005527-241cd76a9f97,9.519,362.338
wide-researcher-1786005527-39c54b406d97,9.540,280.728
deep-researcher-1786005527-13bbe520fc5d,9.550,560.956
data-analyst-1786005527-63315ae54193,9.560,300.759
reviewer-1786005527-ea0fabee4512,9.571,215.053
wide-researcher-1786005528-5b6a30452f13,9.593,205.601
deep-researcher-1786005528-4fdadced13ae,9.607,602.961
data-analyst-1786005528-cb3bafc08e93,9.618,364.905
reviewer-1786005528-97a7a13b781f,9.629,185.822
wide-researcher-1786005528-dd8a9eb22b71,9.658,106.522
deep-researcher-1786005528-39094756e545,9.669,125.032
data-analyst-1786005528-68200a531d75,9.679,161.676
reviewer-1786005528-5dba715c179a,9.689,418.901
wide-researcher-1786005528-0f545c888caf,9.711,56.442
deep-researcher-1786005528-44732f42b91f,9.725,73.118
data-analyst-1786005528-4dd1666dc165,9.736,436.150
reviewer-1786005528-4239da8f8b0d,9.747,321.210
wide-researcher-1786005528-bdfb1f3a6bda,9.775,129.779
deep-researcher-1786005528-c5babf7be15d,9.789,134.688
data-analyst-1786005528-99f0b2fe8d86,9.800,212.336
reviewer-1786005528-34d31d2677f7,9.812,538.488
wide-researcher-1786005528-10d25437dd85,9.839,128.818
deep-researcher-1786005528-3d8db5bcbf64,9.853,72.487
data-analyst-1786005528-2ec53ba6616d,9.862,315.580
reviewer-1786005528-811d0798dfd7,9.876,443.797
wide-researcher-1786005528-4aa6a006e3e4,9.909,559.271
deep-researcher-1786005528-93bc650f5e77,9.919,557.172
data-analyst-1786005528-941fae8414ed,9.930,132.230
reviewer-1786005528-841bf1a00433,9.939,551.507
wide-researcher-1786005528-7b316112a6c7,9.966,208.151
deep-researcher-1786005528-88c3568cdd1e,9.976,61.627
data-analyst-1786005528-54665aa79724,9.986,216.877
reviewer-1786005528-03be012adfd6,10.001,418.705
wide-researcher-1786005528-03556e63de99,10.027,64.873
deep-researcher-1786005528-c7370ccb4bc9,10.038,130.583
data-analyst-1786005528-29173da97bc5,10.046,208.249
reviewer-1786005528-2bd8ff039036,10.057,428.102
wide-researcher-1786005528-90bb66d7e4c6,10.082,135.833
deep-researcher-1786005528-15a32a9b4973,10.093,204.897
data-analyst-1786005528-3cf08ab3012c,10.103,215.756
reviewer-1786005528-22beebfba6bc,10.119,312.503
wide-researcher-1786005528-743379814f17,10.143,81.229
deep-researcher-1786005528-d7b4d763dce1,10.157,426.988
data-analyst-1786005528-f4313aa39507,10.172,204.837
reviewer-1786005528-73f1d9982894,10.183,399.333
wide-researcher-1786005528-f152ec299f0c,10.211,220.546
deep-researcher-1786005528-0768f2f5de09,10.225,425.800
data-analyst-1786005528-3ce84e3bd30e,10.236,283.160
reviewer-1786005528-a86175396ad5,10.247,561.184
wide-researcher-1786005528-7e5b28ccf989,10.274,312.604
deep-researcher-1786005528-7332e75458e9,10.283,550.699
data-analyst-1786005528-e87d96ba3fad,10.293,211.896
reviewer-1786005528-51d57bc78523,10.303,658.050
wide-researcher-1786005528-f124d6da7137,10.326,131.181
deep-researcher-1786005528-6c5ac55b1b6b,10.340,129.329
data-analyst-1786005528-490267b37d61,10.351,440.937
reviewer-1786005528-ff8673ade9e2,10.363,658.002
wide-researcher-1786005528-ab800d1741be,10.393,71.481
deep-researcher-1786005528-aea256545d95,10.401,79.587
data-analyst-1786005528-3e4badbc555a,10.415,231.894
reviewer-1786005528-d8c6f4352aba,10.430,473.376
wide-researcher-1786005528-0f47ecaf659b,10.457,386.366
deep-researcher-1786005528-5b66f03dbf81,10.467,132.699
data-analyst-1786005528-d67a120b61d3,10.478,424.885
reviewer-1786005528-6ac1a1770922,10.489,269.293
wide-researcher-1786005528-474fccab07b3,10.515,74.490
deep-researcher-1786005528-cd939aab19c1,10.524,146.755
data-analyst-1786005528-01b25dfc6a2d,10.533,128.861
reviewer-1786005528-3d7ccc56434f,10.542,397.235
wide-researcher-1786005528-0b50568c9bac,10.562,75.103
deep-researcher-1786005528-d6f6ebd97885,10.571,129.598
data-analyst-1786005529-43b5221dd14f,10.582,437.118
reviewer-1786005529-eacdf17f7715,10.597,432.264
wide-researcher-1786005529-4ebaad404030,10.622,73.100
deep-researcher-1786005529-0628ea68ad99,10.632,134.125
data-analyst-1786005529-83f6acd2949a,10.642,207.870
reviewer-1786005529-1eecd46133f8,10.652,216.804
wide-researcher-1786005529-dd4b0d5bbec6,10.677,129.079
deep-researcher-1786005529-272d0bb41d9b,10.686,76.183
data-analyst-1786005529-4f977cb08c4f,10.697,438.146
reviewer-1786005529-83a8e7dfe16a,10.707,315.153
wide-researcher-1786005529-dc100ea62be2,10.733,134.981
deep-researcher-1786005529-8ebdab472b57,10.743,419.607
data-analyst-1786005529-1eec360c5573,10.753,208.926
reviewer-1786005529-4b80a052f178,10.765,371.241
wide-researcher-1786005529-fe841200534d,10.791,85.560
deep-researcher-1786005529-d8a5f4a46191,10.800,56.630
data-analyst-1786005529-9c898c281eff,10.809,317.515
reviewer-1786005529-13a220374ce4,10.819,558.785
wide-researcher-1786005529-48ffbf9524b9,10.846,65.151
deep-researcher-1786005529-9e154fcae368,10.856,163.028
data-analyst-1786005529-e6940959cf2d,10.866,540.382
reviewer-1786005529-7c04748d30b2,10.877,421.644
wide-researcher-1786005529-7b97bd23a42a,10.903,207.495
deep-researcher-1786005529-a6e0c6f20c4e,10.912,129.498
data-analyst-1786005529-77bab251e4ec,10.921,212.022
reviewer-1786005529-d5101d578feb,10.931,315.125
wide-researcher-1786005529-b37b6896463f,10.956,316.288
deep-researcher-1786005529-90709e44f1a5,10.971,565.959
data-analyst-1786005529-817aa8551948,10.981,177.898
reviewer-1786005529-4d29ae892b01,10.992,344.232
wide-researcher-1786005529-a239798b4bd3,11.018,82.791
deep-researcher-1786005529-a86f4d29d9d5,11.028,549.621
data-analyst-1786005529-da417c4ad799,11.038,213.546
reviewer-1786005529-ccc34c59f43d,11.048,382.654
wide-researcher-1786005529-a9937b85a3a8,11.070,290.995
deep-researcher-1786005529-0857e7b15d86,11.084,71.551
data-analyst-1786005529-24aca1efba76,11.094,433.854
reviewer-1786005529-4e8f0beb2ceb,11.105,421.817
wide-researcher-1786005529-21f1c9a24c1b,11.130,336.851
deep-researcher-1786005529-19a2928ad285,11.140,545.433
data-analyst-1786005529-b2cefbbb0336,11.150,319.448
reviewer-1786005529-bb96f33ebeba,11.161,429.197
wide-researcher-1786005529-13c4df302e8a,11.187,79.473
deep-researcher-1786005529-e0ec36da3c8d,11.197,484.089
data-analyst-1786005529-e79ce7c6f49c,11.211,218.145
reviewer-1786005529-09d734f83255,11.222,236.282
wide-researcher-1786005529-abccab7098f5,11.245,128.508
deep-researcher-1786005529-dfdabcab1b2a,11.260,87.818
data-analyst-1786005529-45c2d4a9c3c2,11.271,428.512
reviewer-1786005529-4fc5fe786cb4,11.280,445.988
wide-researcher-1786005529-e3c3e2d89a90,11.307,133.154
deep-researcher-1786005529-16518f1dcab5,11.318,57.159
data-analyst-1786005529-ee327812d94a,11.332,222.350
reviewer-1786005529-15318db50d7c,11.343,586.012
wide-researcher-1786005529-13dcf3d58cf1,11.370,86.986
deep-researcher-1786005529-677492c029b5,11.380,128.710
data-analyst-1786005529-cbbc47b26103,11.391,211.763
reviewer-1786005529-1701813512f1,11.401,440.067
wide-researcher-1786005529-47023cd2601e,11.427,178.418
deep-researcher-1786005529-757affd550c0,11.437,637.667
data-analyst-1786005529-cfc16074f7c0,11.447,560.853
reviewer-1786005529-4c811ac1195e,11.457,420.431
wide-researcher-1786005529-471fdbb1b4ef,11.483,85.579
deep-researcher-1786005529-ad121287ba8e,11.493,149.885
data-analyst-1786005529-20610fa4d10a,11.503,206.150
reviewer-1786005529-917210c32094,11.516,284.059
wide-researcher-1786005529-5601cfa8a4fc,11.537,72.419
deep-researcher-1786005529-8c3ae3a27133,11.550,444.483
data-analyst-1786005529-6c420f81d5e4,11.560,207.415
reviewer-1786005529-953faedbc67b,11.570,645.746
wide-researcher-1786005530-be6c0df0887a,11.593,435.385
deep-researcher-1786005530-85cb8c44cc74,11.604,637.008
data-analyst-1786005530-dabdf4d10593,11.614,438.624
reviewer-1786005530-fdbc68a5add8,11.624,214.045
wide-researcher-1786005530-4ad16e791a24,11.644,234.536
deep-researcher-1786005530-6df3b120d80d,11.655,370.007
data-analyst-1786005530-01425ed3f1f9,11.670,426.500
reviewer-1786005530-4468556f71a2,11.680,506.194
wide-researcher-1786005530-a03107c5b55e,11.705,104.049
deep-researcher-1786005530-be691f49aa86,11.720,548.058
data-analyst-1786005530-cbaefbdf7117,11.730,235.078
reviewer-1786005530-3c66614c6fd9,11.746,418.196
wide-researcher-1786005530-cd94e2c27de0,11.776,61.110
deep-researcher-1786005530-a3f57484605a,11.788,90.146
data-analyst-1786005530-d305accc58e2,11.802,211.068
reviewer-1786005530-6dd3efde7ad7,11.814,316.760
wide-researcher-1786005530-c3f2edee6a08,11.844,129.159
deep-researcher-1786005530-069c7fe9cc31,11.854,77.149
data-analyst-1786005530-ee978f8ec0f6,11.865,318.167
reviewer-1786005530-2ddfb17b9d30,11.875,539.393
wide-researcher-1786005530-642b74525403,11.900,72.628
deep-researcher-1786005530-776f8c75514a,11.910,161.113
data-analyst-1786005530-fbb98be95c89,11.926,332.133
reviewer-1786005530-b25e045b60b1,11.936,345.975
wide-researcher-1786005530-247569b56f62,11.961,88.562
deep-researcher-1786005530-401b55bee077,11.971,683.467
data-analyst-1786005530-476f553019ca,11.982,360.806
reviewer-1786005530-c3739480f73d,11.993,227.073
wide-researcher-1786005530-2989f56578be,12.016,144.249
deep-researcher-1786005530-5064b15c91d7,12.030,68.238
data-analyst-1786005530-643d8e62a0d6,12.040,316.430
reviewer-1786005530-940a0c429831,12.054,441.385
wide-researcher-1786005530-c057885e04c8,12.076,71.909
deep-researcher-1786005530-1eed3beabadd,12.087,133.305
data-analyst-1786005530-788402e255db,12.101,436.907
reviewer-1786005530-5e6dda91f50b,12.112,659.121
wide-researcher-1786005530-d9cc9c39e894,12.139,366.008
deep-researcher-1786005530-531b4f810cc3,12.149,564.855
data-analyst-1786005530-ef1c34d4e421,12.160,211.130
reviewer-1786005530-cf2a20e914b1,12.171,479.834
wide-researcher-1786005530-56a1d54591ec,12.198,431.385
deep-researcher-1786005530-2f905340df15,12.208,450.791
data-analyst-1786005530-7b85d35de9a3,12.223,532.173
reviewer-1786005530-d3c864b5b5a7,12.233,499.711
wide-researcher-1786005530-380085fb9b08,12.258,391.185
deep-researcher-1786005530-bdbc75a70958,12.268,649.853
data-analyst-1786005530-35ab48206378,12.279,211.432
reviewer-1786005530-7eeb13566458,12.288,322.010
wide-researcher-1786005530-25374b8438c2,12.311,128.959
deep-researcher-1786005530-8aa8594c32c9,12.321,84.886
data-analyst-1786005530-1bc4570f8673,12.333,301.401
reviewer-1786005530-5fa8fd69a0be,12.342,300.954
wide-researcher-1786005530-c273417d7fbb,12.367,77.903
deep-researcher-1786005530-d70099ff752f,12.377,101.063
data-analyst-1786005530-52e2338f2105,12.387,300.740
reviewer-1786005530-5cbe1952a467,12.397,410.301
wide-researcher-1786005530-6e6be0346a01,12.425,443.595
deep-researcher-1786005530-dd07e44e290f,12.436,252.097
data-analyst-1786005530-4d9db51f2178,12.447,216.727
reviewer-1786005530-af06c9fae1a4,12.457,334.162
wide-researcher-1786005530-644bed66067e,12.485,394.249
deep-researcher-1786005530-3afb7ef7dbe1,12.495,541.945
data-analyst-1786005530-94907c22dc61,12.506,322.433
reviewer-1786005530-797ca835b0ee,12.516,441.290
wide-researcher-1786005530-72a49e7c7271,12.545,206.423
deep-researcher-1786005530-018380152198,12.561,75.962
data-analyst-1786005530-14c54e9f0b8a,12.572,214.408
reviewer-1786005531-656b6e117bfd,12.583,432.907
wide-researcher-1786005531-92a9a7fd35e9,12.611,334.992
deep-researcher-1786005531-5c4f03cb7c3f,12.620,450.143
data-analyst-1786005531-5b6a9b10d11e,12.629,202.107
reviewer-1786005531-8d4d97311595,12.638,441.306
wide-researcher-1786005531-3f0d12277a9c,12.663,444.527
deep-researcher-1786005531-ee6f19fedb1c,12.674,430.771
data-analyst-1786005531-a64c18bb9296,12.683,217.778
reviewer-1786005531-6859d98d7acf,12.693,485.675
wide-researcher-1786005531-fd4d28efadd6,12.718,110.942
deep-researcher-1786005531-8b46bc8730de,12.728,159.628
data-analyst-1786005531-e17c59839871,12.738,269.480
reviewer-1786005531-9f3268c8ab3a,12.748,216.890
wide-researcher-1786005531-7f0e95dff593,12.769,129.468
deep-researcher-1786005531-eb7b0fd0bdcb,12.782,87.649
data-analyst-1786005531-33e04cf79958,12.792,411.522
reviewer-1786005531-f378520f8ec3,12.802,382.476
wide-researcher-1786005531-286e387dc80f,12.828,176.015
deep-researcher-1786005531-6e19a02b9edf,12.843,72.530
data-analyst-1786005531-b933cd3d5182,12.854,208.624
reviewer-1786005531-514505b60b43,12.865,442.164
wide-researcher-1786005531-6cdeeeb77217,12.897,167.007
deep-researcher-1786005531-bf90fb7699be,12.908,100.424
data-analyst-1786005531-faac42b611a9,12.922,300.809
reviewer-1786005531-beea96c6df3b,12.932,560.625
wide-researcher-1786005531-2004f2ad9000,12.956,79.941
deep-researcher-1786005531-4d6d8d24a6ed,12.970,433.385
data-analyst-1786005531-018f232b528d,12.979,448.266
reviewer-1786005531-6a9a1414485d,12.989,219.591
wide-researcher-1786005531-1ace07a92d05,13.020,435.973
deep-researcher-1786005531-a94a4eed0d26,13.030,73.396
data-analyst-1786005531-72a259b1fd86,13.041,200.536
reviewer-1786005531-0ca3051ccc74,13.054,456.945
wide-researcher-1786005531-487da8bc6499,13.087,304.876
deep-researcher-1786005531-d666af083329,13.102,90.556
data-analyst-1786005531-8715bbd99e12,13.116,434.996
reviewer-1786005531-71620be95f4d,13.126,316.400
wide-researcher-1786005531-cef6174ad4b7,13.157,79.508
deep-researcher-1786005531-0d9f75420a47,13.167,131.040
data-analyst-1786005531-972ec72a49b6,13.178,238.002
reviewer-1786005531-d6c7fafe2f18,13.193,281.473
wide-researcher-1786005531-831975041d47,13.217,98.358
deep-researcher-1786005531-9129872e482f,13.232,443.303
data-analyst-1786005531-885220205cd3,13.243,130.550
reviewer-1786005531-c0629856f8b7,13.253,234.941
wide-researcher-1786005531-cbfe2e8e3a52,13.279,139.885
deep-researcher-1786005531-5df2a074662c,13.295,219.974
data-analyst-1786005531-4709f796425d,13.305,214.499
reviewer-1786005531-78c3e2e2c4ab,13.321,302.895
wide-researcher-1786005531-fe8a7b5bed76,13.346,114.372
deep-researcher-1786005531-34ec6e02481b,13.356,155.914
data-analyst-1786005531-6a244f369cbe,13.366,417.700
reviewer-1786005531-36efd3f53fc8,13.381,425.348
wide-researcher-1786005531-332dfff1ac66,13.407,73.298
deep-researcher-1786005531-414f85c278ed,13.418,457.287
data-analyst-1786005531-7271ec639e28,13.433,430.038
reviewer-1786005531-c9b620cb7c19,13.443,560.654
wide-researcher-1786005531-b6edd829f910,13.469,60.324
deep-researcher-1786005531-68f15d130e29,13.479,213.279
data-analyst-1786005531-f0ac0fb35397,13.494,548.624
reviewer-1786005531-c03f3317237a,13.508,288.022
wide-researcher-1786005531-fb237d491179,13.538,117.859
deep-researcher-1786005531-4f89f9974d2b,13.546,128.163
data-analyst-1786005531-7eb68e1b2cd0,13.555,422.086
reviewer-1786005531-cd65fe8f9edb,13.565,672.784
wide-researcher-1786005532-9ea1f6f2a870,13.592,76.153
deep-researcher-1786005532-cc054225e3ae,13.602,72.549
data-analyst-1786005532-c50a5937c47f,13.615,418.422
reviewer-1786005532-6f9d9712e403,13.624,356.976
wide-researcher-1786005532-aef1dd2ba9c7,13.648,50.373
deep-researcher-1786005532-6627d3def628,13.656,559.983
data-analyst-1786005532-250ab5f35d0d,13.670,204.685
reviewer-1786005532-26568b9533f7,13.680,570.273
wide-researcher-1786005532-ee32389ff834,13.702,120.207
deep-researcher-1786005532-1ff5200984b7,13.716,130.243
data-analyst-1786005532-2b16119ad58c,13.730,205.867
reviewer-1786005532-0611ae17baa4,13.739,253.269
wide-researcher-1786005532-090a77fc8868,13.759,85.368
deep-researcher-1786005532-461a01b0fc72,13.775,74.124
data-analyst-1786005532-e60d0794dd3e,13.785,417.656
reviewer-1786005532-8fe330800003,13.799,557.486
wide-researcher-1786005532-f498737634f1,13.823,440.162
deep-researcher-1786005532-d22331f26761,13.837,424.470
data-analyst-1786005532-e2c76b48a7c8,13.847,459.766
reviewer-1786005532-2a1113ccd5fe,13.857,307.048
wide-researcher-1786005532-9866cd645570,13.882,211.248
deep-researcher-1786005532-be184973c8d3,13.892,53.442
data-analyst-1786005532-979f6811f353,13.902,484.245
reviewer-1786005532-d050c999dd7c,13.912,313.088
wide-researcher-1786005532-4c59f3fc334d,13.939,51.505
deep-researcher-1786005532-5365043645f2,13.950,117.058
data-analyst-1786005532-640d266abd84,13.963,216.740
reviewer-1786005532-6e5e7661eb01,13.974,317.278
wide-researcher-1786005532-1420aed0b456,14.000,426.629
deep-researcher-1786005532-8765db4c2479,14.010,545.341
data-analyst-1786005532-38c7c8522951,14.020,247.232
reviewer-1786005532-8ba62fe661ba,14.030,430.391
wide-researcher-1786005532-00134e3ee0bd,14.058,217.277
deep-researcher-1786005532-664f5978985b,14.071,83.743
data-analyst-1786005532-2273265c1fbe,14.086,445.522
reviewer-1786005532-6d979cae6c3b,14.096,217.138
wide-researcher-1786005532-100c807a7e71,14.123,103.117
deep-researcher-1786005532-8f24d5332cea,14.133,74.146
data-analyst-1786005532-ca3ba360d2b8,14.153,238.121
reviewer-1786005532-6284fc847152,14.168,441.126
wide-researcher-1786005532-b5853cddb8c8,14.192,320.800
deep-researcher-1786005532-b4c12e7bc642,14.207,319.030
data-analyst-1786005532-41864455201a,14.223,258.790
reviewer-1786005532-e506b9d0d386,14.234,563.184
wide-researcher-1786005532-6a2b05326aa1,14.260,207.069
deep-researcher-1786005532-b997756da3de,14.270,176.224
data-analyst-1786005532-5a2c84eb28d4,14.281,303.155
reviewer-1786005532-9e02de61199e,14.291,132.483
wide-researcher-1786005532-e2aed97c1016,14.313,133.913
deep-researcher-1786005532-070099a9410f,14.326,137.612
data-analyst-1786005532-1d37d4da47a2,14.347,368.576
reviewer-1786005532-142ce894f329,14.362,555.577
wide-researcher-1786005532-23f131714e75,14.387,80.497
deep-researcher-1786005532-73e93ba40a5c,14.399,82.195
data-analyst-1786005532-23d4a4ac0fad,14.414,308.046
reviewer-1786005532-0bdc71ff1120,14.428,548.246
wide-researcher-1786005532-b72d9d293331,14.453,102.775
deep-researcher-1786005532-156bb5b07628,14.462,81.414
data-analyst-1786005532-e19640255d4a,14.482,213.840
reviewer-1786005532-f5c44a118615,14.492,431.778
wide-researcher-1786005532-a44bbeada8c8,14.514,322.450
deep-researcher-1786005532-1dcc5b0c7868,14.534,249.308
data-analyst-1786005532-cf646d452dcc,14.544,422.373
reviewer-1786005532-a923d488055f,14.554,307.194
wide-researcher-1786005532-29b922636669,14.575,131.456
deep-researcher-1786005533-06780e729e52,14.595,340.613
data-analyst-1786005533-b3ebc23e5050,14.606,212.644
reviewer-1786005533-9ac65bff54ec,14.621,544.210
wide-researcher-1786005533-90a004f21bdf,14.647,132.393
deep-researcher-1786005533-141114272891,14.657,250.498
data-analyst-1786005533-effdc368cb7a,14.667,307.606
reviewer-1786005533-8d49e36cb393,14.687,442.486
wide-researcher-1786005533-3694e922efce,14.713,321.195
deep-researcher-1786005533-2f50dc80bcbe,14.723,80.512
data-analyst-1786005533-47674c6dbe85,14.737,323.323
reviewer-1786005533-dbadb40015c2,14.746,240.235
wide-researcher-1786005533-a228aabc3c1a,14.770,172.807
deep-researcher-1786005533-5aff92a6f1b1,14.779,161.926
data-analyst-1786005533-807949ffb6a4,14.792,546.575
reviewer-1786005533-aa39171d8426,14.802,301.545
wide-researcher-1786005533-8158cbd42a8f,14.830,431.681
deep-researcher-1786005533-d04e0e87825b,14.840,322.112
data-analyst-1786005533-f1d126c1e2d1,14.856,542.095
reviewer-1786005533-64cc3114b414,14.866,425.102
wide-researcher-1786005533-138a0497c568,14.892,155.389
deep-researcher-1786005533-4635526c3d92,14.901,314.136
data-analyst-1786005533-3a1c22f49263,14.911,318.259
reviewer-1786005533-54766507b68c,14.925,340.791
wide-researcher-1786005533-8c0ec17c5701,14.950,130.088
deep-researcher-1786005533-2e35d4254488,14.959,79.490
data-analyst-1786005533-39d0bb2689b6,14.974,436.337
reviewer-1786005533-e80c141e3549,14.989,441.447
wide-researcher-1786005533-904170b102a4,15.011,144.003
deep-researcher-1786005533-715908894dc7,15.025,86.117
data-analyst-1786005533-af3a1ffd489d,15.039,212.716
reviewer-1786005533-55c0feb065cb,15.053,325.014
wide-researcher-1786005533-2d162d50516d,15.078,324.005
deep-researcher-1786005533-e1fd11baf259,15.087,135.049
data-analyst-1786005533-39b0397e6801,15.096,303.595
reviewer-1786005533-3242b838cdfc,15.107,587.871
wide-researcher-1786005533-e75dd7f15fa4,15.140,383.139
deep-researcher-1786005533-a225f564acc7,15.155,294.240
data-analyst-1786005533-85d1431d374d,15.166,216.977
reviewer-1786005533-e3d6651d1eaa,15.180,430.488
wide-researcher-1786005533-426b6aa710ac,15.205,78.966
deep-researcher-1786005533-03b3b114d2aa,15.215,85.996
data-analyst-1786005533-69f864e8b86e,15.226,204.732
reviewer-1786005533-2efb8182e088,15.240,442.265
wide-researcher-1786005533-2a913e485ab9,15.265,552.552
deep-researcher-1786005533-b7c4c7f8c702,15.274,94.092
data-analyst-1786005533-cf26733b19b5,15.282,316.347
reviewer-1786005533-fbbf78a5def0,15.292,422.048
wide-researcher-1786005533-146c866760ae,15.317,54.045
deep-researcher-1786005533-5f95cd6ce0b6,15.328,183.804
data-analyst-1786005533-648db83d2657,15.344,249.249
reviewer-1786005533-02f5329ce0d7,15.354,650.075
wide-researcher-1786005533-9ad8aea4be55,15.381,127.109
deep-researcher-1786005533-440136c525b7,15.391,74.724
data-analyst-1786005533-da29a035b480,15.406,370.585
reviewer-1786005533-9ba48876a2cb,15.416,422.289
wide-researcher-1786005533-738818ff1c9d,15.438,444.248
deep-researcher-1786005533-9b51ee93491e,15.448,86.513
data-analyst-1786005533-1502e1aa3301,15.462,323.970
reviewer-1786005533-9e6a79362fed,15.473,426.090
wide-researcher-1786005533-ccc63b38f096,15.498,279.263
deep-researcher-1786005533-ad7c4a280544,15.510,302.203
data-analyst-1786005533-d85f8cf3b260,15.529,546.652
reviewer-1786005533-d8b44067535d,15.544,331.747
wide-researcher-1786005533-c8cbb5f6fb2f,15.571,72.977
deep-researcher-1786005533-706ed7d7bb44,15.582,215.007
data-analyst-1786005533-ed5d250a7082,15.593,445.688
reviewer-1786005534-ba5dd4988eee,15.608,213.608
wide-researcher-1786005534-cc2a97698696,15.636,444.557
deep-researcher-1786005534-9deca6e1a111,15.647,128.782
data-analyst-1786005534-619d2c0d6a9d,15.666,209.677
reviewer-1786005534-4f6cafdf6ac4,15.681,314.599
wide-researcher-1786005534-1e9c2e2a3966,15.707,426.909
deep-researcher-1786005534-f9c34fe88caa,15.717,74.074
data-analyst-1786005534-110b555f0efc,15.728,433.453
reviewer-1786005534-7c62616f97db,15.742,432.479
wide-researcher-1786005534-b4b89316ad93,15.770,87.606
deep-researcher-1786005534-71b187b0b218,15.789,128.538
data-analyst-1786005534-ed4ac8037490,15.803,285.237
reviewer-1786005534-5586d3c993df,15.812,209.036
wide-researcher-1786005534-5fffad130cec,15.841,132.584
deep-researcher-1786005534-30b4c65a7db9,15.859,76.442
data-analyst-1786005534-af15d770e6fc,15.874,439.175
reviewer-1786005534-42816b37457f,15.889,558.770
wide-researcher-1786005534-20e5415f1ae8,15.919,441.005
deep-researcher-1786005534-157467e2e9c5,15.934,343.181
data-analyst-1786005534-c44dd11776fb,15.944,215.680
reviewer-1786005534-165968266350,15.953,650.227
wide-researcher-1786005534-46c4b1b85153,15.977,212.896
deep-researcher-1786005534-4236817dbf0f,15.988,98.559
data-analyst-1786005534-cedbe848932e,16.003,537.638
reviewer-1786005534-fcfc83f74030,16.013,345.309
wide-researcher-1786005534-4fc62056ba50,16.043,137.755
deep-researcher-1786005534-005b5ed26c59,16.053,554.136
data-analyst-1786005534-e0abbc6ce705,16.073,325.576
reviewer-1786005534-fb7b1ceb5407,16.083,323.725
wide-researcher-1786005534-c78618bea85f,16.108,315.423
deep-researcher-1786005534-4b79c0d662ef,16.118,65.006
data-analyst-1786005534-db17ab08bef1,16.136,423.291
reviewer-1786005534-79054da5b406,16.151,556.896
wide-researcher-1786005534-5ad9006d0c70,16.175,88.832
deep-researcher-1786005534-0252688d73c9,16.190,207.086
data-analyst-1786005534-cc069dfe21da,16.204,320.052
reviewer-1786005534-8c0a2ba25ddd,16.224,321.163
wide-researcher-1786005534-6f76dded4e42,16.254,139.654
deep-researcher-1786005534-9605fb1c31e4,16.268,572.222
data-analyst-1786005534-c043c9c4edb4,16.283,545.496
reviewer-1786005534-d17a6194b8a5,16.303,394.061
wide-researcher-1786005534-28b514110875,16.342,303.470
deep-researcher-1786005534-7b7b36f8424f,16.356,94.946
data-analyst-1786005534-de036a247462,16.369,215.127
reviewer-1786005534-be3b25cf14e5,16.382,219.534
wide-researcher-1786005534-37aabbcd6a4a,16.406,74.349
deep-researcher-1786005534-d7bd7ff41a2b,16.415,84.203
data-analyst-1786005534-7f1bd60aa63e,16.425,220.352
reviewer-1786005534-980748cff014,16.442,220.070
wide-researcher-1786005534-9d3778c7d0c4,16.465,423.832
deep-researcher-1786005534-a7a34c9bc780,16.478,133.423
data-analyst-1786005534-b8f2ab5c03ca,16.488,228.705
reviewer-1786005534-7cac2bb32328,16.502,304.763
wide-researcher-1786005534-af5b1b78bbf1,16.525,93.993
deep-researcher-1786005534-71b8da09f3e7,16.540,200.127
data-analyst-1786005534-203bc386485c,16.554,236.492
reviewer-1786005534-df35bcb9014e,16.564,461.196
wide-researcher-1786005534-b853224755f6,16.596,85.281
deep-researcher-1786005535-ce6ca8c443e3,16.606,425.414
data-analyst-1786005535-27f8ea59cb04,16.620,310.425
reviewer-1786005535-e14550de252b,16.633,506.465
wide-researcher-1786005535-4d966b0f3974,16.661,136.853
deep-researcher-1786005535-b7e247320556,16.676,207.920
data-analyst-1786005535-44a8776ea90a,16.694,210.995
reviewer-1786005535-c18a1e2de867,16.703,353.691
wide-researcher-1786005535-cd4bc145d378,16.728,210.061
deep-researcher-1786005535-de6c8cfb3693,16.739,132.452
data-analyst-1786005535-ca2e96a0f8ae,16.758,419.264
reviewer-1786005535-7c0274bdf858,16.774,316.209
wide-researcher-1786005535-0bc1f63d362b,16.800,217.110
deep-researcher-1786005535-93369699aaa7,16.812,604.197
data-analyst-1786005535-b1767a43e2ba,16.830,443.431
reviewer-1786005535-3a1b40e84cd9,16.843,213.048
wide-researcher-1786005535-9000cd708582,16.868,115.417
deep-researcher-1786005535-49e85b6e75b7,16.879,429.274
data-analyst-1786005535-2abd0dce86e8,16.898,638.691
reviewer-1786005535-3e488512324a,16.911,381.983
wide-researcher-1786005535-3ab132ffab56,16.938,301.917
deep-researcher-1786005535-7784a2310e6c,16.952,75.857
data-analyst-1786005535-debd8f959012,16.965,230.945
reviewer-1786005535-8b3bb0b759dd,16.978,320.168
wide-researcher-1786005535-f7be14d29a6b,17.000,437.280
deep-researcher-1786005535-4b50ee977a06,17.009,128.370
data-analyst-1786005535-2f0b44956ef8,17.023,430.070
reviewer-1786005535-e50e34068182,17.041,544.760
wide-researcher-1786005535-3cda2075f214,17.063,93.728
deep-researcher-1786005535-2d1df8472e20,17.081,210.035
data-analyst-1786005535-e31f95c12050,17.102,477.172
reviewer-1786005535-c170c469d5b3,17.110,562.298
wide-researcher-1786005535-b8c64d996dc9,17.131,558.167
deep-researcher-1786005535-579d84a2a50e,17.139,587.581
data-analyst-1786005535-4cc3b3dd6360,17.151,304.573
reviewer-1786005535-b7a2119af40b,17.172,212.071
wide-researcher-1786005535-7adafc89dfd6,17.194,390.422
deep-researcher-1786005535-39d348a84b60,17.203,331.704
data-analyst-1786005535-9d475d0ce83b,17.212,301.758
reviewer-1786005535-8c530dd7ffbc,17.229,417.391
wide-researcher-1786005535-e31c66467c9c,17.249,207.510
deep-researcher-1786005535-5267cbeeb85a,17.259,189.471
data-analyst-1786005535-6b423f14deaa,17.267,201.528
reviewer-1786005535-f88cfdece7ab,17.280,311.899
wide-researcher-1786005535-ea51e1d68a71,17.306,145.055
deep-researcher-1786005535-98393fc771af,17.319,107.023
data-analyst-1786005535-cf8d4385fad1,17.328,317.382
reviewer-1786005535-75cf73095ecb,17.342,342.220
wide-researcher-1786005535-0dc2efcb7e3e,17.366,156.834
deep-researcher-1786005535-d075d8a16df6,17.380,206.604
data-analyst-1786005535-d77a5898c77a,17.393,314.943
reviewer-1786005535-776c044e641e,17.407,319.373
wide-researcher-1786005535-f1e745a3444a,17.430,77.868
deep-researcher-1786005535-860f678fd8b3,17.442,216.615
data-analyst-1786005535-c449a03b11c7,17.452,215.238
reviewer-1786005535-c29a75a44062,17.468,209.107
wide-researcher-1786005535-aa99ac2b0ab5,17.494,542.973
deep-researcher-1786005535-e88be512dead,17.513,219.517
data-analyst-1786005535-28fa4a128202,17.521,210.635
reviewer-1786005535-0c41c02e06e2,17.534,209.503
wide-researcher-1786005535-b662b0d47170,17.567,426.515
deep-researcher-1786005535-74e139c5f340,17.580,549.506
data-analyst-1786005535-f9be286d954e,17.593,217.683
reviewer-1786005536-00465791f7a5,17.607,317.130
wide-researcher-1786005536-0fdaadc82d40,17.628,252.252
deep-researcher-1786005536-0aa91db64396,17.642,79.601
data-analyst-1786005536-407329ad244d,17.658,304.391
reviewer-1786005536-7307241d68e7,17.676,316.821
wide-researcher-1786005536-da58a64abaac,17.698,548.453
deep-researcher-1786005536-891e3e405270,17.708,129.317
data-analyst-1786005536-99d1047c1935,17.721,217.356
reviewer-1786005536-d39df46ffeb6,17.741,631.478
wide-researcher-1786005536-a45cf75a0058,17.765,85.465
deep-researcher-1786005536-f8fb0399631c,17.776,129.298
data-analyst-1786005536-de7d07489223,17.793,435.048
reviewer-1786005536-f7429b5bb131,17.808,630.945
wide-researcher-1786005536-4170892116e1,17.833,85.262
deep-researcher-1786005536-a737cbf1b872,17.848,130.040
data-analyst-1786005536-c08c3769b8d4,17.858,303.438
reviewer-1786005536-cf5dfcef2d82,17.872,575.998
wide-researcher-1786005536-080d4814acc1,17.897,128.665
deep-researcher-1786005536-b5c407ff86a2,17.916,262.810
data-analyst-1786005536-86b48ebc628a,17.929,214.291
reviewer-1786005536-275fc1ecf050,17.948,288.861
wide-researcher-1786005536-69a5f734437f,17.974,359.213
deep-researcher-1786005536-63593cadc873,17.988,375.923
data-analyst-1786005536-1a7abb8cba59,18.011,226.204
reviewer-1786005536-e8a682bc6589,18.020,433.105
wide-researcher-1786005536-ec65c63a2433,18.042,433.953
deep-researcher-1786005536-e28c2f7f2102,18.066,92.533
data-analyst-1786005536-a9978420cabc,18.080,419.771
reviewer-1786005536-b6c20be41155,18.099,431.251
wide-researcher-1786005536-a2246dff878f,18.119,128.237
deep-researcher-1786005536-7a5c74a35a0a,18.136,93.497
data-analyst-1786005536-708b3e139370,18.150,236.342
reviewer-1786005536-46157b3d0e2a,18.159,204.866
wide-researcher-1786005536-8e487d2b6575,18.186,425.315
deep-researcher-1786005536-f79f62f5deb3,18.200,98.706
data-analyst-1786005536-18e91a4aa761,18.214,300.987
reviewer-1786005536-3e2667de53c9,18.223,641.938
wide-researcher-1786005536-098d9164a7fe,18.252,131.307
deep-researcher-1786005536-bc675ee9ac40,18.265,130.773
data-analyst-1786005536-e6493a934ff5,18.284,130.135
reviewer-1786005536-232247e1a1e8,18.302,437.920
wide-researcher-1786005536-ef8c4860c6d2,18.328,78.316
deep-researcher-1786005536-060349f11ebe,18.339,538.413
data-analyst-1786005536-d7e2610ee28a,18.358,576.631
reviewer-1786005536-8b5c726cffc8,18.373,597.903
wide-researcher-1786005536-9f0842797ad4,18.399,555.952
deep-researcher-1786005536-289abd983545,18.416,301.694
data-analyst-1786005536-53172268e65c,18.436,538.590
reviewer-1786005536-0ab2cc6d71d9,18.464,444.082
wide-researcher-1786005536-9fa9ec45c3fa,18.492,72.499
deep-researcher-1786005536-e9b014a094b0,18.501,445.761
data-analyst-1786005536-3796ce1d1009,18.510,325.653
reviewer-1786005536-970e50b30317,18.520,259.898
wide-researcher-1786005536-d81e38340628,18.551,433.003
deep-researcher-1786005536-17954a33d71e,18.560,643.784
data-analyst-1786005536-7f8cc5dae720,18.569,466.004
reviewer-1786005536-fac984a0c939,18.579,426.781
wide-researcher-1786005537-2636f65e43de,18.615,646.662
deep-researcher-1786005537-04a643f41d7f,18.624,395.177
data-analyst-1786005537-96d74f11f053,18.643,317.166
reviewer-1786005537-2047bc695b53,18.666,192.222
wide-researcher-1786005537-fbbce49d7005,18.690,77.887
deep-researcher-1786005537-f096d16a0213,18.710,74.553
data-analyst-1786005537-b958275fdccd,18.719,417.080
reviewer-1786005537-de273dfa2e55,18.738,374.105
wide-researcher-1786005537-2347f3df2d60,18.767,129.250
deep-researcher-1786005537-2993c6e6b843,18.784,428.678
data-analyst-1786005537-724fc0fd84a1,18.797,302.565
reviewer-1786005537-6e2984ea2c11,18.807,438.253
wide-researcher-1786005537-7f7bf3ff6ad1,18.833,132.098
deep-researcher-1786005537-9897d8d0c2d9,18.843,148.554
data-analyst-1786005537-fdd3fcee54f7,18.861,337.712
reviewer-1786005537-1be8efd01901,18.885,546.102
wide-researcher-1786005537-60657ce33af2,18.910,103.073
deep-researcher-1786005537-329e156aa819,18.928,430.671
data-analyst-1786005537-c057b2cbb496,18.954,399.828
reviewer-1786005537-049acbd435cb,18.976,303.923
wide-researcher-1786005537-9dfdcb002397,19.004,136.195
deep-researcher-1786005537-df37d6a2ca52,19.022,207.120
data-analyst-1786005537-f4bcfb2be51d,19.036,421.140
reviewer-1786005537-f74cfd4c0850,19.050,469.185
wide-researcher-1786005537-bfdc66a8bbf5,19.078,287.714
deep-researcher-1786005537-70959da32b2a,19.092,84.009
data-analyst-1786005537-40d402ace2b4,19.106,539.286
reviewer-1786005537-6554d4bd1408,19.119,637.414
wide-researcher-1786005537-5a38577d1c79,19.143,104.129
deep-researcher-1786005537-381c43981abd,19.162,556.980
data-analyst-1786005537-28aca0d9328a,19.182,211.534
reviewer-1786005537-5cde588293f2,19.196,673.344
wide-researcher-1786005537-45437854ed01,19.220,89.659
deep-researcher-1786005537-9e46079bc380,19.229,137.658
data-analyst-1786005537-25f12eb6799b,19.244,146.916
reviewer-1786005537-04b5c2f8f0b3,19.258,424.230
wide-researcher-1786005537-a54aeffc54f7,19.286,172.859
deep-researcher-1786005537-baf7f05641dc,19.316,539.921
data-analyst-1786005537-cb92efbf7fec,19.330,641.350
reviewer-1786005537-73a6d32a103c,19.344,438.643
wide-researcher-1786005537-30ea98a6e1ed,19.369,132.517
deep-researcher-1786005537-d9e492c6a7e5,19.388,138.988
data-analyst-1786005537-0cb24b3deaf6,19.402,430.183
reviewer-1786005537-84420459f492,19.427,436.309
wide-researcher-1786005537-a9ff2fbbe8a2,19.456,79.231
deep-researcher-1786005537-82585b9a3dee,19.466,448.415
data-analyst-1786005537-ee2eac64ead4,19.484,205.773
reviewer-1786005537-9850513e0f01,19.493,430.274
wide-researcher-1786005537-e0c055bd3581,19.518,118.331
deep-researcher-1786005537-37ab9f849384,19.530,192.409
data-analyst-1786005537-a5e9797a9fad,19.545,438.414
reviewer-1786005537-526a9d7ab423,19.564,443.812
wide-researcher-1786005537-771e2fab54b9,19.588,418.818
deep-researcher-1786005538-14ec4719bf58,19.602,129.738
data-analyst-1786005538-daa425f1e990,19.615,427.661
reviewer-1786005538-60dc6e3dc331,19.624,316.225
wide-researcher-1786005538-4c7187883c00,19.650,131.271
deep-researcher-1786005538-e27296f64a6f,19.664,97.189
data-analyst-1786005538-54fac1b8e821,19.673,212.158
reviewer-1786005538-e79625dd57a3,19.688,549.840
wide-researcher-1786005538-35e19256cb31,19.720,137.737
deep-researcher-1786005538-70bf91be333b,19.733,226.149
data-analyst-1786005538-84bc1a4d33bc,19.756,495.524
reviewer-1786005538-2952fdfe8cd7,19.774,559.255
wide-researcher-1786005538-d4157bbc5607,19.802,312.553
deep-researcher-1786005538-a5d0d0c847e2,19.815,128.086
data-analyst-1786005538-3ab98b6689aa,19.824,418.339
reviewer-1786005538-64312ad22e55,19.848,352.858
wide-researcher-1786005538-fa596a14818c,19.875,323.146
deep-researcher-1786005538-de4a522ae88d,19.888,107.068
data-analyst-1786005538-662dcccd7b22,19.897,213.777
reviewer-1786005538-3a0e69247950,19.906,650.770
wide-researcher-1786005538-eddc7589cb5f,19.929,546.698
deep-researcher-1786005538-8f25696c515e,19.949,73.066
data-analyst-1786005538-ae9cfc19ea7c,19.968,434.101
reviewer-1786005538-c4064b5e5c32,19.976,322.719
wide-researcher-1786005538-20959d98ebb7,20.002,103.786
deep-researcher-1786005538-de6786b791d4,20.016,324.308
data-analyst-1786005538-e36393316488,20.034,320.673
reviewer-1786005538-b0ed912b7d9a,20.042,314.567
wide-researcher-1786005538-3d86be62db5f,20.064,95.619
deep-researcher-1786005538-e55d679488b9,20.072,142.565
data-analyst-1786005538-8b871d9115fc,20.085,315.074
reviewer-1786005538-235699ed4532,20.098,312.104
wide-researcher-1786005538-9d57dbbffe6e,20.127,128.130
deep-researcher-1786005538-8c264e626e83,20.136,70.774
data-analyst-1786005538-6a6b065a9e29,20.148,205.511
reviewer-1786005538-2bda19d81387,20.170,659.429
wide-researcher-1786005538-989b9c90f77a,20.196,131.947
deep-researcher-1786005538-9c0aaea2be6d,20.208,250.273
data-analyst-1786005538-7b1e3ab08932,20.221,417.670
reviewer-1786005538-b9f3bac13256,20.229,659.268
wide-researcher-1786005538-54efb51d5f09,20.251,103.804
deep-researcher-1786005538-35a20414b973,20.263,425.167
data-analyst-1786005538-99b1d4c00897,20.281,561.564
reviewer-1786005538-5b0f175d877c,20.294,423.573
wide-researcher-1786005538-0c7f4646cc4b,20.317,97.169
deep-researcher-1786005538-7440e061f733,20.331,208.857
data-analyst-1786005538-39e830611e65,20.343,419.572
reviewer-1786005538-3b2cf0902345,20.356,302.747
wide-researcher-1786005538-b6f1ec5cb3f6,20.388,300.842
deep-researcher-1786005538-229af50b05c1,20.401,419.927
data-analyst-1786005538-5919022dbdc3,20.410,212.949
reviewer-1786005538-96b6330b64f0,20.426,361.739
wide-researcher-1786005538-6e0be6cde74e,20.459,123.670
deep-researcher-1786005538-7a6e7fb2ba3e,20.473,219.674
data-analyst-1786005538-c14010780414,20.486,204.929
reviewer-1786005538-2f13a2394c33,20.499,506.773
wide-researcher-1786005538-05701e0d1969,20.526,498.370
deep-researcher-1786005538-a08c545872f4,20.540,175.301
data-analyst-1786005538-d6d9cf248103,20.552,265.245
reviewer-1786005538-5e13cf292eee,20.566,293.730
wide-researcher-1786005538-3662e922fce6,20.604,437.086
deep-researcher-1786005539-a22012125cab,20.619,133.933
data-analyst-1786005539-d7453be607e6,20.633,321.653
reviewer-1786005539-341c3a6a01b3,20.655,546.636
wide-researcher-1786005539-a32bb59d01d9,20.690,344.336
deep-researcher-1786005539-011f260c4b31,20.708,76.902
data-analyst-1786005539-f8266f35e4d6,20.721,208.307
reviewer-1786005539-eb756674fc0b,20.735,566.439
wide-researcher-1786005539-0774a6e207fc,20.764,83.564
deep-researcher-1786005539-cdb16a5ba1e5,20.777,132.731
data-analyst-1786005539-472efa9c9cb6,20.796,269.552
reviewer-1786005539-28183ad15a30,20.810,449.494
wide-researcher-1786005539-7d6df2fc9c51,20.842,326.931
deep-researcher-1786005539-c0a472b5c695,20.856,560.868
data-analyst-1786005539-0a104e024729,20.869,301.050
reviewer-1786005539-30c7857c820c,20.908,547.759
wide-researcher-1786005539-e592b9e53691,20.931,365.730
deep-researcher-1786005539-03cf7fd927d1,20.940,205.180
data-analyst-1786005539-7590aa9b76e4,20.949,327.738
reviewer-1786005539-1e19731566fe,20.966,338.300
wide-researcher-1786005539-80f3d23f5511,20.993,77.704
deep-researcher-1786005539-fcb501ee3eb5,21.007,93.840
data-analyst-1786005539-515f68aec464,21.016,269.568
reviewer-1786005539-f1c572169ed0,21.030,676.397
wide-researcher-1786005539-e3d5be280c5b,21.050,95.709
deep-researcher-1786005539-84ddb7e32251,21.077,79.128
data-analyst-1786005539-7b042dd1dbaf,21.086,437.309
reviewer-1786005539-432d7fa5e787,21.109,554.484
wide-researcher-1786005539-3cca11dec507,21.141,234.153
deep-researcher-1786005539-d346610cc395,21.150,642.185
data-analyst-1786005539-111d17bb0862,21.172,207.305
reviewer-1786005539-3b7bf281f72a,21.181,317.850
wide-researcher-1786005539-265ae092c55c,21.204,228.656
deep-researcher-1786005539-43f481de2cfc,21.213,218.055
data-analyst-1786005539-39c22394fde8,21.236,641.670
reviewer-1786005539-4a8ff55f7fb8,21.249,301.417
wide-researcher-1786005539-b67eda24c273,21.273,372.337
deep-researcher-1786005539-2b77f6450304,21.287,512.243
data-analyst-1786005539-5a33a3caf385,21.301,565.484
reviewer-1786005539-f7fe7bbc501b,21.320,417.198
wide-researcher-1786005539-cafc2a09beab,21.356,208.718
deep-researcher-1786005539-38e9e889a053,21.371,78.935
data-analyst-1786005539-7d2b9ec0135f,21.388,302.580
reviewer-1786005539-d3e9fa95eeb7,21.401,439.390
wide-researcher-1786005539-81f16737c788,21.423,558.109
deep-researcher-1786005539-9962bfd00c4e,21.432,559.077
data-analyst-1786005539-ed2d5579f2dc,21.451,213.941
reviewer-1786005539-d11f347c87e6,21.460,161.871
wide-researcher-1786005539-367967335363,21.483,423.304
deep-researcher-1786005539-735f2a4c232d,21.493,84.404
data-analyst-1786005539-a55b7844e2a4,21.507,320.767
reviewer-1786005539-ed70916129d0,21.516,672.248
wide-researcher-1786005539-4923ac57b36d,21.544,428.831
deep-researcher-1786005539-0db034820f62,21.554,540.624
data-analyst-1786005539-53819dbf08d1,21.563,443.876
reviewer-1786005539-cedeb925091a,21.577,315.173
wide-researcher-1786005540-3cb2d34638da,21.606,73.414
deep-researcher-1786005540-ea52c0222340,21.621,655.354
data-analyst-1786005540-bcfcd3ebccaa,21.636,321.603
reviewer-1786005540-08979bb755b5,21.650,577.809
wide-researcher-1786005540-77139f864c7c,21.674,361.819
deep-researcher-1786005540-243a1232c45e,21.683,216.817
data-analyst-1786005540-b9056926d9fd,21.692,303.046
reviewer-1786005540-9ce52a63b3d2,21.706,220.684
wide-researcher-1786005540-c1d4187052cf,21.730,78.220
deep-researcher-1786005540-96d2574ae2c1,21.739,573.781
data-analyst-1786005540-859167b8f1d6,21.753,205.699
reviewer-1786005540-967315e8402a,21.767,304.172
wide-researcher-1786005540-d29c11a3c19c,21.800,153.302
deep-researcher-1786005540-44442b9906ae,21.810,133.074
data-analyst-1786005540-67c989fd70fb,21.824,220.560
reviewer-1786005540-2dc7c659d9dd,21.853,476.316
wide-researcher-1786005540-d28369ca196a,21.881,297.647
deep-researcher-1786005540-dcf5a91628c5,21.895,580.449
data-analyst-1786005540-7c91ad4fe068,21.914,302.327
reviewer-1786005540-3fbc28b96719,21.938,429.425
wide-researcher-1786005540-885c8c461c30,21.967,105.089
deep-researcher-1786005540-9629b07a2eac,21.977,162.232
data-analyst-1786005540-06bb895550a8,21.997,273.582
reviewer-1786005540-77ae27a4b9aa,22.009,316.549
wide-researcher-1786005540-813b63ac32ca,22.047,129.017
deep-researcher-1786005540-e5523bc0c15f,22.056,453.713
data-analyst-1786005540-f7bbc7d2d2e2,22.070,360.945
reviewer-1786005540-d5a939e77836,22.084,314.184
wide-researcher-1786005540-f47bf7348440,22.112,79.957
deep-researcher-1786005540-b29b4500521f,22.127,211.990
data-analyst-1786005540-f469d3007b25,22.146,345.441
reviewer-1786005540-b6199e8b1a95,22.170,556.479
wide-researcher-1786005540-21a9d59c830b,22.198,314.507
deep-researcher-1786005540-423f57da72e5,22.207,115.399
data-analyst-1786005540-58682a1e5cbb,22.222,217.040
reviewer-1786005540-fbd6eb459942,22.236,439.807
wide-researcher-1786005540-86c3298f32c4,22.280,555.592
deep-researcher-1786005540-701a5ce88e67,22.294,425.586
data-analyst-1786005540-c7433ca01df1,22.307,420.590
reviewer-1786005540-34fe954b6599,22.326,429.230
wide-researcher-1786005540-211ea712b5d1,22.361,162.708
deep-researcher-1786005540-0b324da6aa8d,22.375,582.646
data-analyst-1786005540-74c3eb2f774c,22.407,551.846
reviewer-1786005540-b2ee88cabcab,22.422,420.190
wide-researcher-1786005540-1fd6f302f6cf,22.451,425.522
deep-researcher-1786005540-8c968abafbef,22.461,79.891
data-analyst-1786005540-e51ecda591ea,22.475,223.587
reviewer-1786005540-978bc9e8b5b9,22.484,441.269
wide-researcher-1786005540-b137a78c8dca,22.508,317.182
deep-researcher-1786005540-1d6daa8f36da,22.532,90.217
data-analyst-1786005540-8c40af2a0a22,22.546,546.320
reviewer-1786005540-5b33c47a7ad8,22.555,305.115
wide-researcher-1786005540-d458320e6f9e,22.588,97.090
deep-researcher-1786005540-357c2a9a666d,22.597,441.207
data-analyst-1786005541-eb8edce43e77,22.610,428.528
reviewer-1786005541-4d8c2d31c1a0,22.629,435.743
wide-researcher-1786005541-c5ca251059b8,22.654,180.078
deep-researcher-1786005541-bc4443e65ff4,22.668,82.283
data-analyst-1786005541-763db3dfceda,22.682,217.290
reviewer-1786005541-af20ecec3b56,22.701,553.921
wide-researcher-1786005541-e944630e744c,22.739,144.381
deep-researcher-1786005541-cb28771e009d,22.754,548.290
data-analyst-1786005541-7b15f25de86d,22.769,437.768
reviewer-1786005541-8caeb193b5aa,22.778,550.778
wide-researcher-1786005541-2772cc30e3fd,22.827,191.312
deep-researcher-1786005541-f2b0e2a893a8,22.847,443.144
data-analyst-1786005541-737f7f36b01a,22.859,225.337
reviewer-1786005541-90a922d0ef82,22.883,424.952
wide-researcher-1786005541-60f23671f776,22.907,440.320
deep-researcher-1786005541-9cf0618e9a5b,22.919,555.018
data-analyst-1786005541-7947fd7da663,22.933,550.897
reviewer-1786005541-b32822e8ab87,22.958,427.909
wide-researcher-1786005541-e1561db7256c,22.990,132.568
deep-researcher-1786005541-6d045d59a6f0,23.004,131.257
data-analyst-1786005541-804fba8e1c35,23.023,289.112
reviewer-1786005541-30e88e0d8f2f,23.031,249.323
wide-researcher-1786005541-fc5239d320e3,23.059,97.941
deep-researcher-1786005541-b768e99932ca,23.068,272.701
data-analyst-1786005541-2d82614855b7,23.082,210.233
reviewer-1786005541-d176775d3ccf,23.096,559.171
wide-researcher-1786005541-bf6ff8088911,23.120,77.331
deep-researcher-1786005541-c3be020b1bd6,23.129,128.337
data-analyst-1786005541-0b92332d3e06,23.143,461.436
reviewer-1786005541-eee2361a9048,23.157,438.838
wide-researcher-1786005541-d48ece063699,23.185,303.968
deep-researcher-1786005541-3eacde981b1b,23.194,130.943
data-analyst-1786005541-1947a63ebe25,23.203,273.564
reviewer-1786005541-84aa6fb1e12b,23.218,545.995
wide-researcher-1786005541-b86c010c3ab4,23.248,128.180
deep-researcher-1786005541-07528e73ec4b,23.257,130.929
data-analyst-1786005541-d8edf8ed955e,23.266,644.051
reviewer-1786005541-46daf9602f0e,23.280,393.513
wide-researcher-1786005541-4eb3c70823a4,23.309,127.975
deep-researcher-1786005541-8ddc57fb2d8c,23.318,157.963
data-analyst-1786005541-b00260ce43c1,23.347,544.729
reviewer-1786005541-d515b0fb183b,23.366,320.834
wide-researcher-1786005541-978e9fd489b0,23.401,222.802
deep-researcher-1786005541-277f1a871aa9,23.420,97.955
data-analyst-1786005541-d1491f5f8f8d,23.428,251.556
reviewer-1786005541-e3923f7eaa6a,23.448,565.136
wide-researcher-1786005541-bc25089076b6,23.476,547.408
deep-researcher-1786005541-b03dd778925e,23.490,426.146
data-analyst-1786005541-fb468476ab3b,23.509,209.799
reviewer-1786005541-25119ef021dd,23.517,662.604
wide-researcher-1786005541-013ea8802cea,23.540,110.957
deep-researcher-1786005541-f85073e43217,23.554,107.991
data-analyst-1786005541-89c0f481f182,23.567,546.867
reviewer-1786005541-6b76bcf6790b,23.587,687.751
wide-researcher-1786005542-1cfcbe989ce6,23.610,563.878
deep-researcher-1786005542-e023cefc3be7,23.624,641.918
data-analyst-1786005542-54b1c67d108e,23.642,166.052
reviewer-1786005542-b700340353f3,23.660,319.545
wide-researcher-1786005542-a2f7f2819d94,23.683,208.529
deep-researcher-1786005542-5b943bcc0893,23.697,130.427
data-analyst-1786005542-c32ff62c3638,23.712,323.865
reviewer-1786005542-bdfc7ac2fd1a,23.726,653.919
wide-researcher-1786005542-83c367e91ec5,23.750,661.391
deep-researcher-1786005542-b445c95a45eb,23.769,554.425
data-analyst-1786005542-1387e4bd9e44,23.789,438.710
reviewer-1786005542-176239bff783,23.803,516.154
wide-researcher-1786005542-4c55a0c5a6fd,23.834,140.835
deep-researcher-1786005542-ba05b57c8710,23.852,135.707
data-analyst-1786005542-5e17c2162bb5,23.869,255.957
reviewer-1786005542-f09f790c0aaa,23.902,558.153
wide-researcher-1786005542-998b318378ac,23.931,132.212
deep-researcher-1786005542-9a7a0dd6617b,23.948,684.795
data-analyst-1786005542-7034e9c1b26a,23.965,423.742
reviewer-1786005542-677bcaec82a8,23.987,484.927
wide-researcher-1786005542-824d40fe3f1d,24.015,107.516
deep-researcher-1786005542-957f353515ff,24.044,320.539
data-analyst-1786005542-25e81525c295,24.057,231.614
reviewer-1786005542-778c07e4ebac,24.066,554.091
wide-researcher-1786005542-4438800a389a,24.093,531.662
deep-researcher-1786005542-8a3ec81023d5,24.106,543.541
data-analyst-1786005542-4e3c67fc95ea,24.120,545.902
reviewer-1786005542-784db7817295,24.138,492.045
wide-researcher-1786005542-82d1c5beedf5,24.169,98.003
deep-researcher-1786005542-44753dfb5703,24.188,209.322
data-analyst-1786005542-f3d3761146c5,24.205,435.772
reviewer-1786005542-737be1cbd698,24.217,212.368
wide-researcher-1786005542-7e3982553e43,24.248,161.574
deep-researcher-1786005542-825d2db65b49,24.270,92.665
data-analyst-1786005542-7e64d3a90060,24.282,318.821
reviewer-1786005542-4ecc3dc33223,24.291,211.957
wide-researcher-1786005542-d2c0f487c222,24.322,597.990
deep-researcher-1786005542-3dde11e57f67,24.339,91.468
data-analyst-1786005542-775c6576ceef,24.347,383.580
reviewer-1786005542-a1e7b72e2ec2,24.374,315.232
wide-researcher-1786005542-fd16296dcf37,24.401,133.235
deep-researcher-1786005542-d64cbaf6dc3c,24.419,111.559
data-analyst-1786005542-ef0aa13ce534,24.434,245.449
reviewer-1786005542-f5ed4e89bb53,24.451,436.891
wide-researcher-1786005542-22507201702a,24.480,618.568
deep-researcher-1786005542-60a7d2864741,24.498,141.242
data-analyst-1786005542-487c515d0765,24.507,429.789
reviewer-1786005542-e12738930cec,24.530,564.094
wide-researcher-1786005542-79894970d7f3,24.556,133.339
deep-researcher-1786005542-ef1e8804ad35,24.570,141.667
data-analyst-1786005542-cefc2dc388a9,24.579,686.184
reviewer-1786005543-d6ab14dfba72,24.594,445.823
wide-researcher-1786005543-9a50c818f96f,24.618,73.748
deep-researcher-1786005543-e8545c4b259a,24.636,134.627
data-analyst-1786005543-fdd0b9237092,24.651,208.672
reviewer-1786005543-fd5bdf48c58b,24.660,676.624
wide-researcher-1786005543-0fef11f96d0e,24.696,544.302
deep-researcher-1786005543-a3476d4ca3ea,24.704,441.596
data-analyst-1786005543-04e0a9fd83db,24.719,670.249
reviewer-1786005543-35d9d6017575,24.738,573.563
wide-researcher-1786005543-c951c7d1f8e4,24.767,131.442
deep-researcher-1786005543-8ec09ebaa203,24.777,124.914
data-analyst-1786005543-5b02ba85b8a2,24.799,302.069
reviewer-1786005543-6fe5654e5711,24.822,417.791
wide-researcher-1786005543-cf9fa013ec29,24.855,253.768
deep-researcher-1786005543-c52f41783603,24.875,132.150
data-analyst-1786005543-fb46908a8fe7,24.888,304.699
reviewer-1786005543-92adb243a44c,24.909,658.625
wide-researcher-1786005543-92afd2c0a44c,24.932,319.328
deep-researcher-1786005543-7cb4dd7c1f13,24.950,206.883
data-analyst-1786005543-15bfdd7e4d15,24.964,320.277
reviewer-1786005543-7840819ec35a,24.986,546.590
wide-researcher-1786005543-b7a7e25601ff,25.018,128.847
deep-researcher-1786005543-a01c3da07b00,25.032,129.358
data-analyst-1786005543-325cdd5688ae,25.046,222.820
reviewer-1786005543-22a2bcd426c3,25.068,555.690
wide-researcher-1786005543-fb70c0d44dec,25.102,126.099
deep-researcher-1786005543-43064701d343,25.110,207.838
data-analyst-1786005543-9d682ab43229,25.134,148.366
reviewer-1786005543-c039b9664443,25.147,548.699
wide-researcher-1786005543-90e3e896179b,25.175,132.078
deep-researcher-1786005543-17f33a1e207b,25.202,131.136
data-analyst-1786005543-9d862b3b37cc,25.217,208.826
reviewer-1786005543-1c0230693422,25.236,436.747
wide-researcher-1786005543-6d5ebaca4e69,25.279,80.014
deep-researcher-1786005543-b9ca02922b64,25.329,431.734
data-analyst-1786005543-787d31e913cb,25.358,434.084
reviewer-1786005543-785fee392ebd,25.386,545.386
wide-researcher-1786005543-f74e2fa720fe,25.414,215.651
deep-researcher-1786005543-aea079f4df2c,25.427,394.414
data-analyst-1786005543-9d1870809af4,25.443,214.356
reviewer-1786005543-585bfd68b223,25.456,562.557
wide-researcher-1786005543-1a50b9d1c920,25.484,215.419
deep-researcher-1786005543-a18f136b1187,25.499,245.295
data-analyst-1786005543-7bf136224787,25.517,544.888
reviewer-1786005543-47cbe3dcb073,25.544,568.164
wide-researcher-1786005543-341c0193d5ec,25.577,449.179
deep-researcher-1786005543-86f3907fd29d,25.586,153.685
data-analyst-1786005543-a4bec7e74140,25.606,324.149
reviewer-1786005544-d628870878c4,25.616,675.541
wide-researcher-1786005544-cd34fc8ea51e,25.649,214.876
deep-researcher-1786005544-301caa70af49,25.679,642.119
data-analyst-1786005544-3a9fa0e8faca,25.717,317.298
reviewer-1786005544-a6abb283ded0,25.726,426.829
wide-researcher-1786005544-2e09027d5a1d,25.754,77.564
deep-researcher-1786005544-95ce1e7e7499,25.780,107.037
data-analyst-1786005544-dc958f8281f9,25.792,322.242
reviewer-1786005544-d0b9d916a4c6,25.802,245.340
wide-researcher-1786005544-9656120705fd,25.839,92.414
deep-researcher-1786005544-a0b622f316cd,25.853,304.505
data-analyst-1786005544-a75f60f676ba,25.877,217.812
reviewer-1786005544-207074fe00c3,25.890,478.712
wide-researcher-1786005544-3eccb0b24f9d,25.928,206.854
deep-researcher-1786005544-2d8e4894ff9b,25.947,543.809
data-analyst-1786005544-3cb448978bf1,25.962,550.504
reviewer-1786005544-fe5ce13ed508,25.972,463.979
wide-researcher-1786005544-979773d72459,26.026,321.437
deep-researcher-1786005544-7f72facd1125,26.040,565.744
data-analyst-1786005544-b4de5e7a4c9b,26.060,240.503
reviewer-1786005544-15b0c78e7497,26.080,414.324
wide-researcher-1786005544-95597d9c58ac,26.103,131.166
deep-researcher-1786005544-32c648c5aad1,26.118,160.292
data-analyst-1786005544-ff95fb942c74,26.134,321.836
reviewer-1786005544-cf0782144ba1,26.153,559.011
wide-researcher-1786005544-8f5d39a90539,26.181,130.229
deep-researcher-1786005544-7fdcf9fd4166,26.197,306.381
data-analyst-1786005544-9931cde42a3a,26.216,442.110
reviewer-1786005544-001e0431f4be,26.231,303.380
wide-researcher-1786005544-bd0f795cfec6,26.260,132.877
deep-researcher-1786005544-283ff23771a7,26.275,417.375
data-analyst-1786005544-5a41d59a2859,26.289,300.910
reviewer-1786005544-927981636a5d,26.304,663.167
wide-researcher-1786005544-92f7384ce9d3,26.337,548.847
deep-researcher-1786005544-3b13bc13a32c,26.363,113.388
data-analyst-1786005544-346a918b9f6b,26.395,302.114
reviewer-1786005544-24b92730a4a7,26.405,425.772
wide-researcher-1786005544-11ff3e82d0c7,26.433,77.607
deep-researcher-1786005544-2356041f4902,26.461,557.008
data-analyst-1786005544-87f443b909a7,26.485,428.542
reviewer-1786005544-20d3d7aa1efd,26.500,443.003
wide-researcher-1786005544-4dc00e8f9404,26.532,153.267
deep-researcher-1786005544-02af3c3dc37f,26.543,132.164
data-analyst-1786005544-49b236ba334d,26.561,323.817
reviewer-1786005544-430448a5a8a6,26.583,646.323
wide-researcher-1786005544-994113134c6c,26.617,87.868
deep-researcher-1786005545-0ed0ee3c9fa7,26.633,128.493
data-analyst-1786005545-2a707d9bc26b,26.652,426.165
reviewer-1786005545-7eee6338acad,26.680,563.320
wide-researcher-1786005545-634717ce3d19,26.713,318.930
deep-researcher-1786005545-cc152735f153,26.731,203.619
data-analyst-1786005545-592daf4797c3,26.746,435.615
reviewer-1786005545-a53c361e5236,26.755,434.625
wide-researcher-1786005545-b1b74bca5a73,26.789,131.629
deep-researcher-1786005545-608fa1c033a2,26.812,128.282
data-analyst-1786005545-71a3a83afa80,26.868,553.453
reviewer-1786005545-927acf02a0bd,26.897,334.402
wide-researcher-1786005545-7251802c00f4,26.929,91.898
deep-researcher-1786005545-adb237489570,26.938,208.734
data-analyst-1786005545-6d138b8bc16f,26.959,207.739
reviewer-1786005545-01e89a9545de,26.968,671.244
wide-researcher-1786005545-557cb4d50f8e,27.010,538.899
deep-researcher-1786005545-d9d538a6cf88,27.025,209.235
data-analyst-1786005545-0b88f7fb01b0,27.038,209.864
reviewer-1786005545-e9420289088e,27.052,598.294
wide-researcher-1786005545-501e1f57f015,27.083,204.882
deep-researcher-1786005545-418d89062e66,27.115,151.469
data-analyst-1786005545-1be639b67689,27.128,434.493
reviewer-1786005545-86ed9c10aba0,27.146,319.222
wide-researcher-1786005545-ab52ccad1aa4,27.186,97.574
deep-researcher-1786005545-85a882faa22a,27.206,167.668
data-analyst-1786005545-84d5af4087ad,27.220,424.009
reviewer-1786005545-e8d45914dd76,27.235,321.543
wide-researcher-1786005545-b07fb77d6b53,27.270,140.285
deep-researcher-1786005545-1d252635a492,27.303,581.680
data-analyst-1786005545-0f9cbaed2c67,27.312,302.374
reviewer-1786005545-8c8001d0eac7,27.322,558.285
wide-researcher-1786005545-5381d6c47b0d,27.351,132.862
deep-researcher-1786005545-36c668e164a0,27.366,217.008
data-analyst-1786005545-2285bf879e82,27.386,449.784
reviewer-1786005545-cecab4259675,27.400,562.942
wide-researcher-1786005545-86767b4ac708,27.433,115.975
deep-researcher-1786005545-06651e4455f4,27.457,129.065
data-analyst-1786005545-03e54d317dfa,27.472,434.663
reviewer-1786005545-38c688eb7940,27.485,214.171
wide-researcher-1786005545-cfb7a1c64550,27.514,320.955
deep-researcher-1786005545-80558b613d44,27.529,114.386
data-analyst-1786005545-7473134b9ef2,27.539,217.730
reviewer-1786005545-437172db4d9b,27.558,644.260
wide-researcher-1786005545-7bfcbfb569bd,27.593,211.052
deep-researcher-1786005545-1bf02496f87e,27.603,441.884
data-analyst-1786005546-e5fa0afde981,27.621,421.157
reviewer-1786005546-13c3ee3a3ecb,27.631,324.276
wide-researcher-1786005546-ce33602d27d1,27.669,205.525
deep-researcher-1786005546-fd5c76af994b,27.689,133.024
data-analyst-1786005546-35a15ad15244,27.708,549.684
reviewer-1786005546-2151446a5859,27.727,440.037
wide-researcher-1786005546-ccd2977bdc03,27.752,216.351
deep-researcher-1786005546-84a07696c794,27.770,648.552
data-analyst-1786005546-b8240bb4e383,27.790,310.065
reviewer-1786005546-34e6fd71a30e,27.800,558.557
data-analyst-1786005534-bd6932c0d886,27.816,37.985
wide-researcher-1786005546-1c9ecec831e2,27.825,554.178
data-analyst-1786005534-7f9e8abbff2f,27.834,67.758
deep-researcher-1786005546-1790a2a52ef9,27.844,648.928
data-analyst-1786005534-d7ad3b5b3f1b,27.853,39.578
data-analyst-1786005546-d05defb6e95f,27.864,552.939
reviewer-1786005546-b8cc446803b4,27.882,459.609
wide-researcher-1786005546-202452daada1,27.921,222.484
deep-researcher-1786005546-c1a6084f5934,27.932,75.581
data-analyst-1786005546-dae0bef933a7,27.963,438.114
reviewer-1786005546-c5dc02321317,27.989,559.508
wide-researcher-1786005546-c244d26fa038,28.018,205.619
deep-researcher-1786005546-f6c16df5527f,28.043,560.296
data-analyst-1786005546-2b83f42787ed,28.067,471.626
reviewer-1786005546-5eec006c82a3,28.082,648.832
wide-researcher-1786005546-5ba7856256d2,28.109,417.064
deep-researcher-1786005546-a3fea34229ba,28.124,209.946
data-analyst-1786005546-1afe24a36b4a,28.162,403.834
reviewer-1786005546-01ac797b8731,28.177,559.814
wide-researcher-1786005546-a32128fe7efd,28.224,135.626
deep-researcher-1786005546-f23b03c7663b,28.249,641.555
data-analyst-1786005546-9dbdf05e11ca,28.263,560.685
reviewer-1786005546-6bf1518299a3,28.273,503.793
wide-researcher-1786005546-fbbff3b48d5d,28.320,136.777
deep-researcher-1786005546-c50ec6dd1ee0,28.343,96.596
data-analyst-1786005546-6d420ec0a3b5,28.385,239.439
reviewer-1786005546-8e9a90f7ce58,28.408,429.524
wide-researcher-1786005546-781d8b9bf284,28.443,364.152
deep-researcher-1786005546-366cc4539aa8,28.465,89.887
data-analyst-1786005546-4f7988a1a4a6,28.480,553.585
reviewer-1786005546-cfde1c4aff36,28.490,318.039
wide-researcher-1786005546-2b2b3bfdf944,28.519,214.472
deep-researcher-1786005546-a27e51a1cf12,28.542,105.551
data-analyst-1786005546-77a3d909a072,28.562,537.837
reviewer-1786005546-f4d44540e153,28.576,547.744
wide-researcher-1786005546-c4cbd6a28dad,28.601,382.597
deep-researcher-1786005547-d757232c8edf,28.626,207.792
data-analyst-1786005547-e71b11f0c15a,28.650,498.814
reviewer-1786005547-668763d0b9c7,28.665,562.025
wide-researcher-1786005547-1c6c9769ae68,28.695,142.085
deep-researcher-1786005547-2f4e79e191a6,28.726,312.371
data-analyst-1786005547-ac9323ba4861,28.746,243.421
reviewer-1786005547-52373251b960,28.760,502.181
wide-researcher-1786005547-c14ea9d99383,28.786,178.308
deep-researcher-1786005547-9ccc7e4ad874,28.804,561.067
data-analyst-1786005547-33c37f3bb1c4,28.818,305.151
reviewer-1786005547-917b32f64bf9,28.834,418.771
wide-researcher-1786005547-e64c20087caa,28.867,128.985
deep-researcher-1786005547-df213c9ffcab,28.896,167.407
data-analyst-1786005547-0426811f3a42,28.922,538.605
reviewer-1786005547-a5dd91cc3e29,28.931,544.241
wide-researcher-1786005547-dcc4fe4dfaea,28.967,430.957
deep-researcher-1786005547-d25de8bdeae5,28.984,139.472
data-analyst-1786005547-ad9179da37bf,29.000,545.639
reviewer-1786005547-5640b592a31b,29.018,214.340
wide-researcher-1786005547-671d364051af,29.048,444.214
deep-researcher-1786005547-00ead3081b0a,29.072,132.244
data-analyst-1786005547-10762f916467,29.094,291.873
reviewer-1786005547-bdeeccdb62a2,29.107,318.109
wide-researcher-1786005547-f072c064df75,29.140,178.736
deep-researcher-1786005547-d91db53034f2,29.150,544.682
data-analyst-1786005547-43fccde38866,29.164,300.824
reviewer-1786005547-916fb63dd6f9,29.186,375.253
wide-researcher-1786005547-d09201326fa6,29.221,175.865
deep-researcher-1786005547-ecc351f6e74b,29.247,506.536
data-analyst-1786005547-06cbbd65de71,29.271,437.748
reviewer-1786005547-81288f5c978e,29.281,420.174
wide-researcher-1786005547-16f0917cd2cf,29.305,314.649
deep-researcher-1786005547-e94448f6fc5a,29.319,131.706
data-analyst-1786005547-19b2aebabade,29.329,303.483
reviewer-1786005547-a8667cc99f4f,29.351,322.781
wide-researcher-1786005547-d064fc7ecae2,29.380,117.138
deep-researcher-1786005547-75c8d7d29464,29.393,93.682
data-analyst-1786005547-580e5e88e59e,29.403,556.837
reviewer-1786005547-e5f1d05d0b09,29.420,321.180
wide-researcher-1786005547-1e5cc17cc2bd,29.453,205.539
deep-researcher-1786005547-a523536e81f2,29.472,305.007
data-analyst-1786005547-c2c859f726fd,29.501,434.678
reviewer-1786005547-0823e338556d,29.517,320.066
wide-researcher-1786005547-5e0ec77a4db4,29.550,467.680
deep-researcher-1786005547-104eac0c8608,29.560,316.775
data-analyst-1786005547-4208f3688e8c,29.589,323.291
reviewer-1786005547-76e924b27a83,29.603,539.485
wide-researcher-1786005548-5b38a236eb9a,29.637,148.401
deep-researcher-1786005548-e3234a1af820,29.680,421.982
data-analyst-1786005548-05f118814b8e,29.702,433.938
reviewer-1786005548-823199700c32,29.721,542.217
wide-researcher-1786005548-d7a75c883389,29.759,120.273
deep-researcher-1786005548-1cf81efc2292,29.777,165.095
data-analyst-1786005548-343491968584,29.790,441.629
reviewer-1786005548-53533c894bf7,29.827,428.182
wide-researcher-1786005548-316da629d4f5,29.860,161.911
deep-researcher-1786005548-328601436b38,29.889,557.984
data-analyst-1786005548-243b7f261703,29.906,651.910
reviewer-1786005548-9564cd36be8d,29.922,422.423
wide-researcher-1786005548-bb27456677e7,29.952,86.740
deep-researcher-1786005548-15a0d89439c9,29.968,577.779
data-analyst-1786005548-c441a08a204f,29.986,305.787
reviewer-1786005548-4d875a035957,29.995,417.422
wide-researcher-1786005548-9cdb834612cc,30.029,220.640
deep-researcher-1786005548-5b73a74ffd1a,30.047,208.199
data-analyst-1786005548-5a706ebf15fc,30.074,210.310
reviewer-1786005548-fa1851b9d615,30.086,554.340
wide-researcher-1786005548-902929c1c966,30.132,145.439
deep-researcher-1786005548-9f38f0e414b8,30.146,434.377
data-analyst-1786005548-c02745992f25,30.164,437.648
reviewer-1786005548-4bcf2f1d72f9,30.177,576.380
wide-researcher-1786005548-59deca2498f3,30.209,217.401
deep-researcher-1786005548-6577bc38a84c,30.235,565.066
data-analyst-1786005548-251f57e34b00,30.270,425.265
reviewer-1786005548-9fed70e183b3,30.282,419.311
wide-researcher-1786005548-87f2fd4291c0,30.319,139.685
deep-researcher-1786005548-6b66ff7e0975,30.346,323.514
data-analyst-1786005548-3e5bf714fc39,30.355,311.447
reviewer-1786005548-7c83d2280600,30.377,538.653
wide-researcher-1786005548-caefc5971e09,30.412,227.602
deep-researcher-1786005548-20f4bffedc02,30.431,134.674
data-analyst-1786005548-f474884eb251,30.440,543.004
reviewer-1786005548-fc15373f8133,30.453,555.978
wide-researcher-1786005548-24feac0c7bc5,30.484,130.516
deep-researcher-1786005548-fa0ec6f50364,30.506,128.252
data-analyst-1786005548-f09a03dd2896,30.518,304.543
reviewer-1786005548-882d92147561,30.532,318.484
wide-researcher-1786005548-7216419ae487,30.556,128.007
deep-researcher-1786005548-051286e5afc3,30.569,553.674
data-analyst-1786005548-3010b600f1b5,30.585,428.005
reviewer-1786005549-c758cb7d5935,30.607,565.526
wide-researcher-1786005549-0006e9a11404,30.642,418.261
deep-researcher-1786005549-6d719800054e,30.664,128.693
data-analyst-1786005549-b45a7c047141,30.682,476.270
reviewer-1786005549-6983d0a57c65,30.696,644.662
wide-researcher-1786005549-da1dcfccfac8,30.727,318.316
deep-researcher-1786005549-fc76a98b66d6,30.740,232.396
data-analyst-1786005549-fa333cd022e2,30.758,557.233
reviewer-1786005549-326c19426ee9,30.775,429.490
wide-researcher-1786005549-2dd9313bb046,30.810,419.623
deep-researcher-1786005549-d56fd6cfabff,30.827,201.247
data-analyst-1786005549-0fa999c4bd14,30.840,323.803
reviewer-1786005549-859d55427890,30.856,501.863
wide-researcher-1786005549-d24f84e06da5,30.877,110.325
deep-researcher-1786005549-515cfa723522,30.895,259.932
data-analyst-1786005549-5190b3e9b094,30.908,323.882
reviewer-1786005549-3bead7d1fe1a,30.921,310.603
wide-researcher-1786005549-f0ba2f5ab4a6,30.978,92.428
deep-researcher-1786005549-c741ef3c190a,31.011,208.417
data-analyst-1786005549-1c6a7b9ced6f,31.024,430.406
reviewer-1786005549-e1c688b94ee3,31.061,561.299
wide-researcher-1786005549-c2b8271b7a1d,31.098,423.350
deep-researcher-1786005549-9b70f00bdab7,31.111,206.441
data-analyst-1786005549-b64ebe4b4d5d,31.124,488.822
reviewer-1786005549-46dd8a0b0cd7,31.132,245.572
wide-researcher-1786005549-9800860490be,31.188,311.257
deep-researcher-1786005549-8e9d484d9e88,31.214,439.585
data-analyst-1786005549-a109dacc7b72,31.237,482.812
reviewer-1786005549-0a387e110a4a,31.255,452.234
wide-researcher-1786005549-4ab9760d2911,31.292,209.253
deep-researcher-1786005549-4b8be3adfc85,31.337,223.743
data-analyst-1786005549-72513e6883fa,31.350,558.867
reviewer-1786005549-f7b630876b90,31.372,216.628
wide-researcher-1786005549-852348c4d058,31.399,106.969
deep-researcher-1786005549-1c5c130e9544,31.437,320.737
data-analyst-1786005549-3ef3218860b4,31.464,304.018
reviewer-1786005549-c85595b11a34,31.482,320.969
wide-researcher-1786005549-86bbf4336147,31.514,438.331
deep-researcher-1786005549-996213ce0f18,31.538,129.941
data-analyst-1786005549-7b205c9eff58,31.556,417.500
reviewer-1786005549-d1bb4102ab8c,31.596,547.716
wide-researcher-1786005549-bfd3feb9ba65,31.652,205.240
deep-researcher-1786005550-02285f78e188,31.675,128.101
data-analyst-1786005550-e2dc27dd5a48,31.691,316.271
reviewer-1786005550-9f01928f9e75,31.703,466.568
wide-researcher-1786005550-53f238f8a559,31.741,129.814
deep-researcher-1786005550-f053192aa819,31.757,155.656
data-analyst-1786005550-4090937cce67,31.774,213.146
reviewer-1786005550-732a6cce0b26,31.783,417.255
wide-researcher-1786005550-8c81bd27509a,31.810,184.277
deep-researcher-1786005550-db50d1b2a33e,31.831,207.934
data-analyst-1786005550-177e45946c6b,31.854,303.952
reviewer-1786005550-ef4782751afb,31.863,491.572
wide-researcher-1786005550-e1d61cac42e8,31.890,464.204
deep-researcher-1786005550-45ff7a08e0ca,31.902,324.054
data-analyst-1786005550-44858c6307fd,31.915,424.055
reviewer-1786005550-4118cec88fd5,31.944,656.371
wide-researcher-1786005550-30dd9ef934b8,31.968,214.797
deep-researcher-1786005550-5fd03e5ef3e9,31.994,82.268
data-analyst-1786005550-fe40559b1d2e,32.025,581.527
reviewer-1786005550-7819885762f7,32.042,587.671
wide-researcher-1786005550-3ee5f573218f,32.071,333.604
deep-researcher-1786005550-0a30e85e6e8c,32.084,539.865
data-analyst-1786005550-31ff7d4a3fbb,32.096,445.872
reviewer-1786005550-e07d2464ece2,32.119,470.506
wide-researcher-1786005550-fab181968dad,32.151,209.727
deep-researcher-1786005550-cc9b5ed1c4bf,32.175,217.543
data-analyst-1786005550-285034f78408,32.193,553.042
reviewer-1786005550-a4085598584d,32.206,593.009
wide-researcher-1786005550-061c0c82c861,32.237,217.954
deep-researcher-1786005550-c67cce7c5521,32.247,544.411
data-analyst-1786005550-7b66d41e1432,32.270,564.215
reviewer-1786005550-a182a1aa1f48,32.284,565.220
wide-researcher-1786005550-a11dc9f76a6c,32.325,129.109
deep-researcher-1786005550-28d8128c2fae,32.339,213.129
data-analyst-1786005550-d9b991828351,32.353,417.880
reviewer-1786005550-9392ef0052b1,32.367,438.080
wide-researcher-1786005550-d3fa31ba8ad8,32.426,489.602
deep-researcher-1786005550-f4cf66ba4c1c,32.439,613.340
data-analyst-1786005550-50e6705e8736,32.474,424.280
reviewer-1786005550-59f3d0fc529d,32.518,560.061
wide-researcher-1786005550-17ac6d231506,32.542,141.485
deep-researcher-1786005550-e02aec6b30ac,32.570,100.752
data-analyst-1786005550-1e339e3943b8,32.612,430.786
reviewer-1786005550-b83813092900,32.631,441.533
wide-researcher-1786005551-c8252a6b74df,32.655,266.838
deep-researcher-1786005551-7073d7ba8595,32.698,318.996
data-analyst-1786005551-0ea694acfeb0,32.729,537.705
reviewer-1786005551-fca01fcaa270,32.747,416.270
wide-researcher-1786005551-d7ea438eab6b,32.775,466.804
deep-researcher-1786005551-71c43cf65f0b,32.803,322.258
data-analyst-1786005551-01b237252d0e,32.815,532.466
reviewer-1786005551-fc630a097946,32.849,448.468
wide-researcher-1786005551-f3f3b2362e0f,32.876,556.465
deep-researcher-1786005551-98bdfc20de0c,32.892,206.456
data-analyst-1786005551-8e4183cd0685,32.914,320.228
reviewer-1786005551-e8744de8b241,32.945,428.739
wide-researcher-1786005551-5b62e36654ea,32.972,422.768
deep-researcher-1786005551-73aeb797ae33,33.000,564.729
data-analyst-1786005551-384f6efcdad7,33.012,409.837
reviewer-1786005551-bc3b324a8b2f,33.045,684.952
wide-researcher-1786005551-675109604854,33.103,211.298
deep-researcher-1786005551-6ff3f80618a3,33.116,131.960
data-analyst-1786005551-7057452c11a4,33.150,444.878
reviewer-1786005551-9b8e1273b5c6,33.163,429.407
wide-researcher-1786005551-2b99ece34116,33.190,188.696
deep-researcher-1786005551-3bdadc9ff5b7,33.203,672.804
data-analyst-1786005551-677e003160f2,33.215,301.253
reviewer-1786005551-47714bcc2b82,33.254,434.173
wide-researcher-1786005551-6a44c60f218a,33.288,209.879
deep-researcher-1786005551-460c3c1be462,33.301,210.325
data-analyst-1786005551-b607743cc58c,33.323,512.414
reviewer-1786005551-6e9087a56e28,33.336,673.844
wide-researcher-1786005551-a31e20e40c25,33.372,205.633
deep-researcher-1786005551-75d275522e27,33.385,179.070
data-analyst-1786005551-3a7fb84a8cab,33.410,305.099
reviewer-1786005551-87eaed1375db,33.451,602.527
wide-researcher-1786005551-33269debe859,33.473,205.848
deep-researcher-1786005551-10d2ac8242d7,33.489,675.846
data-analyst-1786005551-d2c7483d9902,33.502,316.039
reviewer-1786005551-882f41ebed4e,33.527,537.941
wide-researcher-1786005551-ffa6318c23dc,33.554,324.698
deep-researcher-1786005551-45f70b2742de,33.563,638.072
data-analyst-1786005551-28e99088c908,33.585,541.357
reviewer-1786005552-f82073916c79,33.594,609.456
wide-researcher-1786005552-5e4fc4d1da09,33.631,423.425
deep-researcher-1786005552-a9c6473970f4,33.664,206.195
data-analyst-1786005552-368e00858abd,33.692,322.052
reviewer-1786005552-8170eb86adf6,33.720,558.962
wide-researcher-1786005552-ceb8fdf9cac5,33.749,128.582
deep-researcher-1786005552-4d9eb0b78352,33.761,543.993
data-analyst-1786005552-a033cdcaaa5e,33.796,315.765
reviewer-1786005552-aba60e5694a8,33.828,565.080
wide-researcher-1786005552-55623430e3b3,33.860,442.855
deep-researcher-1786005552-0664c473a948,33.874,672.569
data-analyst-1786005552-6dac51d75d37,33.893,210.149
reviewer-1786005552-fb21f275a2c4,33.930,540.640
wide-researcher-1786005552-cd736defbf02,33.956,303.408
deep-researcher-1786005552-6b01fb31d020,34.027,146.773
data-analyst-1786005552-d072e896b639,34.040,305.346
reviewer-1786005552-f83711f84bd0,34.059,417.716
wide-researcher-1786005552-75fb3584cac2,34.118,131.211
deep-researcher-1786005552-287722f360c2,34.141,291.401
data-analyst-1786005552-774f5347a6ff,34.150,682.246
reviewer-1786005552-2298eaa95778,34.163,544.318
wide-researcher-1786005552-535486c95af0,34.199,128.972
deep-researcher-1786005552-59703873f34f,34.211,449.573
data-analyst-1786005552-86c95bb3a4d1,34.230,320.008
reviewer-1786005552-541001a74d3a,34.243,529.852
wide-researcher-1786005552-957848683b5f,34.292,205.944
deep-researcher-1786005552-bdd12ddb3cc5,34.306,136.698
data-analyst-1786005552-1c5d802d3b9d,34.319,229.489
reviewer-1786005552-ccb21812834a,34.329,576.281
wide-researcher-1786005552-efd3a764c45d,34.360,544.456
deep-researcher-1786005552-28ef201aff7a,34.409,91.177
data-analyst-1786005552-cd4d6a137c8d,34.427,540.904
reviewer-1786005552-35c81f458f03,34.459,664.682
wide-researcher-1786005552-33c25d01e1c6,34.486,106.557
deep-researcher-1786005552-f2933727c723,34.514,668.954
data-analyst-1786005552-5f73743c9f71,34.530,434.835
reviewer-1786005552-b63161ee0927,34.557,312.199
wide-researcher-1786005552-11f93b597c14,34.585,301.270
deep-researcher-1786005552-910840996d08,34.612,147.199
data-analyst-1786005552-8dff7cdbd49d,34.622,432.046
reviewer-1786005553-60301325f2ac,34.648,317.679
wide-researcher-1786005553-2150e274d11d,34.673,418.623
deep-researcher-1786005553-3fce5f1bd1ca,34.687,143.875
data-analyst-1786005553-fea53da74db5,34.718,405.968
reviewer-1786005553-d401369407c0,34.730,656.411
wide-researcher-1786005553-53ec16ff73c6,34.760,208.004
deep-researcher-1786005553-8dc9284b5f48,34.774,106.677
data-analyst-1786005553-44e7340a32fe,34.786,429.132
reviewer-1786005553-e3b7c4233798,34.800,443.981
wide-researcher-1786005553-0174071941ce,34.856,540.030
deep-researcher-1786005553-2de4b8ff23c3,34.870,558.062
data-analyst-1786005553-683e32793bf4,34.888,365.746
reviewer-1786005553-a615621fa910,34.898,307.366
wide-researcher-1786005553-85e43803fb57,34.926,305.661
deep-researcher-1786005553-e5334cd11202,34.956,226.045
data-analyst-1786005553-3bc8c6d8fb1e,34.971,214.030
reviewer-1786005553-06e2d0a42589,34.985,431.812
wide-researcher-1786005553-8a9db874de54,35.035,224.115
deep-researcher-1786005553-b84825b179e3,35.053,206.134
data-analyst-1786005553-3628284eaae6,35.066,420.115
reviewer-1786005553-9480e59de411,35.103,561.594
wide-researcher-1786005553-1c976dc881df,35.139,147.602
deep-researcher-1786005553-489b076e9faa,35.153,548.000
data-analyst-1786005553-b6c194cef871,35.170,315.595
reviewer-1786005553-c28dd56d1cbb,35.193,552.855
wide-researcher-1786005553-891c83c5a6a5,35.229,206.075
deep-researcher-1786005553-fde97b47997b,35.243,211.149
data-analyst-1786005553-15f4dec2eac1,35.256,350.816
reviewer-1786005553-e4c5d83106dc,35.270,685.515
wide-researcher-1786005553-7ae7efbad8cd,35.311,437.563
deep-researcher-1786005553-ac43d4719bd1,35.339,323.757
data-analyst-1786005553-2f024e5f4de9,35.370,237.272
reviewer-1786005553-866b1fe5964e,35.383,597.800
wide-researcher-1786005553-f08c74813ac0,35.436,206.869
deep-researcher-1786005553-5e16e69db179,35.450,437.356
data-analyst-1786005553-819e13d79f79,35.470,318.597
reviewer-1786005553-f0046e5397c6,35.494,561.332
wide-researcher-1786005553-192873858376,35.537,132.018
deep-researcher-1786005553-1e8b636d7953,35.551,132.117
data-analyst-1786005553-b73aa81effbd,35.573,247.475
reviewer-1786005553-16d1e4f75657,35.587,558.138
wide-researcher-1786005554-89b32439c884,35.628,304.490
deep-researcher-1786005554-391b85d556f1,35.656,305.617
data-analyst-1786005554-34a7848969fc,35.669,698.937
reviewer-1786005554-f2777b175916,35.681,577.163
wide-researcher-1786005554-d4a9ca54ce62,35.711,99.132
deep-researcher-1786005554-89b8a46d6551,35.724,88.746
data-analyst-1786005554-620ca0707dcf,35.744,434.698
reviewer-1786005554-f5ca3eebdbe7,35.757,545.402
wide-researcher-1786005554-bcdf69f31199,35.797,423.244
deep-researcher-1786005554-fec1263b25eb,35.829,153.466
data-analyst-1786005554-a6ed760b8bcf,35.847,321.391
reviewer-1786005554-ba05c14620cc,35.859,564.969
wide-researcher-1786005554-d866138cb1ac,35.912,240.524
deep-researcher-1786005554-394604990e4f,35.936,552.711
data-analyst-1786005554-3b8514ad0087,35.969,386.834
reviewer-1786005554-d7a0f11a124a,36.031,563.548
wide-researcher-1786005554-0686b9141e15,36.068,311.335
deep-researcher-1786005554-94989d264559,36.081,541.897
data-analyst-1786005554-3d4765100e80,36.104,206.708
reviewer-1786005554-23596b8c332e,36.122,437.797
wide-researcher-1786005554-b2e52b2f7050,36.169,229.182
deep-researcher-1786005554-f0a0340e96b2,36.182,206.025
data-analyst-1786005554-62d8f674d007,36.196,637.446
reviewer-1786005554-84b35909ddd0,36.222,509.621
wide-researcher-1786005554-5cf8193c2ebf,36.244,222.896
deep-researcher-1786005554-80b8ea1488bc,36.254,133.395
data-analyst-1786005554-b3f952d8e064,36.272,551.962
reviewer-1786005554-da6c272b59d8,36.285,660.584
wide-researcher-1786005554-38125562b26c,36.316,130.821
deep-researcher-1786005554-657c98501f45,36.338,696.994
data-analyst-1786005554-797d55700ed1,36.362,422.997
reviewer-1786005554-97b46ce1db4e,36.374,423.770
wide-researcher-1786005554-1f3e3e30433d,36.404,439.743
deep-researcher-1786005554-bd20527832ef,36.414,574.352
data-analyst-1786005554-1f30ae08c689,36.440,301.841
reviewer-1786005554-5877b3641994,36.468,665.024
wide-researcher-1786005554-b66dab1c2f51,36.542,544.652
deep-researcher-1786005554-4e0f88b643a6,36.555,132.502
data-analyst-1786005554-630d18ab1622,36.579,434.927
reviewer-1786005554-9dda37ef473d,36.614,555.431
wide-researcher-1786005555-73b170d23afd,36.647,324.773
deep-researcher-1786005555-ee368f600211,36.657,129.174
data-analyst-1786005555-539c6eb1b24a,36.673,550.956
reviewer-1786005555-9f4090be7b43,36.688,547.731
wide-researcher-1786005555-94256b6e963e,36.739,552.665
deep-researcher-1786005555-944f4c4864b3,36.755,354.994
data-analyst-1786005555-5a968dcc3ac7,36.770,304.458
reviewer-1786005555-a579f8354cd4,36.786,443.268
wide-researcher-1786005555-e1f711656969,36.813,105.989
deep-researcher-1786005555-58f02255914f,36.846,557.688
data-analyst-1786005555-9da1712ca12f,36.874,497.605
reviewer-1786005555-dbaf5255f3ac,36.888,317.197
wide-researcher-1786005555-11f065036a39,36.945,269.779
deep-researcher-1786005555-23d3744869b7,36.957,446.288
data-analyst-1786005555-65919f0a763f,36.979,476.481
reviewer-1786005555-e0090d17f8e8,37.042,646.109
wide-researcher-1786005555-341a0d37584e,37.078,551.904
deep-researcher-1786005555-eae3e32e1f9e,37.088,389.201
data-analyst-1786005555-ce5f2f29d65b,37.110,555.605
reviewer-1786005555-ff6c7eb1b546,37.137,304.189
wide-researcher-1786005555-ca9796f8ec45,37.166,207.549
deep-researcher-1786005555-5879f32b20e8,37.190,211.976
data-analyst-1786005555-f13cae9019b4,37.203,429.541
reviewer-1786005555-d771b1128946,37.222,559.334
wide-researcher-1786005555-8d8fce14dd80,37.256,417.311
deep-researcher-1786005555-f6a342eb17fc,37.268,558.834
data-analyst-1786005555-7ef17a28b6cc,37.281,212.999
reviewer-1786005555-9620b8d32d67,37.308,431.052
wide-researcher-1786005555-fedc591588f6,37.344,434.895
deep-researcher-1786005555-8d6119a90d15,37.358,214.272
data-analyst-1786005555-1c357fd3401b,37.371,433.085
reviewer-1786005555-2b99b144ef84,37.385,323.034
wide-researcher-1786005555-9215ac926403,37.413,226.815
data-analyst-1786005537-eb796481641c,37.448,97.588
deep-researcher-1786005555-dfa27385b943,37.472,419.215
data-analyst-1786005555-2f4eb1798dff,37.486,424.107
reviewer-1786005555-62872e8bd3f0,37.540,568.117
wide-researcher-1786005555-c3a28fedbaf9,37.580,304.606
deep-researcher-1786005555-1e01d978d5d2,37.593,212.881
data-analyst-1786005555-311f3e58902a,37.607,303.796
reviewer-1786005556-414c46b1801a,37.639,440.301
wide-researcher-1786005556-58de45443ca0,37.675,419.298
deep-researcher-1786005556-b41aa58875f1,37.698,322.040
data-analyst-1786005556-38af26ff5aed,37.711,320.621
reviewer-1786005556-5b4d35e593fd,37.740,220.433
wide-researcher-1786005556-eee20e2c6da9,37.767,441.992
deep-researcher-1786005556-6cc27de21076,37.786,215.788
data-analyst-1786005556-5f840366d396,37.803,261.796
reviewer-1786005556-50c158442852,37.817,538.038
wide-researcher-1786005556-cb1d63eb2dda,37.851,543.493
deep-researcher-1786005556-8b94477fa6ab,37.884,179.506
data-analyst-1786005556-051ab1823234,37.898,547.686
reviewer-1786005556-fbac64809e7d,37.917,438.824
wide-researcher-1786005556-b289034aedb8,37.974,447.687
deep-researcher-1786005556-8295aaa29eeb,38.009,647.444
data-analyst-1786005556-3fbe5ee91878,38.053,557.428
reviewer-1786005556-94347203db36,38.065,633.875
wide-researcher-1786005556-d41322a971c3,38.099,128.800
deep-researcher-1786005556-13b788282c78,38.123,210.650
data-analyst-1786005556-f510dc53cb03,38.137,538.256
reviewer-1786005556-6cc9109c3370,38.161,657.032
wide-researcher-1786005556-d95781755107,38.183,211.314
deep-researcher-1786005556-2551fa350410,38.202,99.030
data-analyst-1786005556-3d738f2913d0,38.216,437.038
reviewer-1786005556-018d69c347ee,38.265,429.607
wide-researcher-1786005556-d7979184818c,38.296,647.319
deep-researcher-1786005556-21dfed9fedac,38.328,328.555
data-analyst-1786005556-415fa981e0fd,38.361,425.843
reviewer-1786005556-8743445a87b6,38.385,581.589
data-analyst-1786005537-99ff601d2399,38.413,77.918
wide-researcher-1786005556-17fd311ea18c,38.413,133.249
deep-researcher-1786005556-eabeec0c6656,38.444,210.421
data-analyst-1786005556-29f34f923f38,38.458,430.757
reviewer-1786005556-b4b0c4b33be4,38.471,567.127
wide-researcher-1786005556-d3b239c98ad6,38.510,422.738
deep-researcher-1786005556-ed282cdd491a,38.532,210.949
data-analyst-1786005556-fe400d27dfd7,38.556,419.458
reviewer-1786005556-a6ca4b25c7ad,38.572,646.077
wide-researcher-1786005556-8b341e78cf30,38.622,396.767
data-analyst-1786005539-661d57a1e773,38.642,79.360
deep-researcher-1786005556-bdc0610e576c,38.647,545.170
data-analyst-1786005539-fc17cd87939b,38.658,83.946
data-analyst-1786005557-2cf8a2f21f99,38.677,310.700
reviewer-1786005557-6f6d6ee72c7e,38.709,507.415
wide-researcher-1786005557-610afdc490f6,38.742,419.487
deep-researcher-1786005557-f3267cc8c5db,38.770,166.946
data-analyst-1786005557-a911a83d9bd7,38.784,436.498
data-analyst-1786005537-638ada22a9b9,38.804,72.742
reviewer-1786005557-6062d0dd9b03,38.812,459.781
wide-researcher-1786005557-5b5a89d498ca,38.848,548.304
deep-researcher-1786005557-6d29ef1f8bc9,38.863,136.084
data-analyst-1786005557-c941c3ae0a35,38.877,440.261
data-analyst-1786005537-7fe8fee02a8d,38.882,206.233
reviewer-1786005557-553fda0fc0ce,38.887,655.588
wide-researcher-1786005557-83c5d0fe3cf6,38.930,214.705
deep-researcher-1786005557-5587fc11453b,38.985,313.221
data-analyst-1786005557-ccf4f88880b2,39.000,319.926
reviewer-1786005557-f2526d8aef23,39.046,561.953
wide-researcher-1786005557-65560e125feb,39.085,207.968
deep-researcher-1786005557-4f4463714a1d,39.120,205.435
data-analyst-1786005557-a092d1c10ba8,39.149,433.752
reviewer-1786005557-8c0d3bf485bd,39.163,359.312
wide-researcher-1786005557-7f634e2d2910,39.192,129.283
deep-researcher-1786005557-120a91fab7a2,39.207,209.632
data-analyst-1786005557-2cdcec0236dd,39.221,320.024
reviewer-1786005557-53065cbc9f86,39.239,546.058
wide-researcher-1786005557-e9e48a4c924f,39.268,159.174
deep-researcher-1786005557-b208fae35009,39.283,543.079
data-analyst-1786005557-dd7f7fb20fe0,39.297,561.452
reviewer-1786005557-2b75b5997bc9,39.315,441.254
wide-researcher-1786005557-81eb1a7548cc,39.342,133.183
deep-researcher-1786005557-5d8139364c5d,39.383,317.258
data-analyst-1786005557-6b17460b12e3,39.394,435.465
reviewer-1786005557-22a36190b229,39.413,598.147
wide-researcher-1786005557-37b2cf55a4b1,39.504,213.434
deep-researcher-1786005557-aae16208291e,39.519,167.741
data-analyst-1786005557-1acdf49b6ef2,39.537,555.662
reviewer-1786005557-29b548c49640,39.567,686.572
wide-researcher-1786005557-eee05e6214c2,39.611,443.846
deep-researcher-1786005557-ba94e2e8d977,39.626,132.847
data-analyst-1786005558-710af6edf17a,39.645,332.526
reviewer-1786005558-22b4cb9e80e7,39.671,301.962
wide-researcher-1786005558-e9237ff86fe0,39.713,303.656
deep-researcher-1786005558-1542380bd4bc,39.730,427.890
data-analyst-1786005558-efcc77a8f325,39.753,417.128
reviewer-1786005558-40ec16889b75,39.765,421.075
wide-researcher-1786005558-4eae0cdd8b6b,39.808,443.462
deep-researcher-1786005558-a369f0dd2c70,39.836,322.705
data-analyst-1786005558-59b7613cf24b,39.869,546.928
reviewer-1786005558-344f0b255469,39.893,491.648
wide-researcher-1786005558-14357f05b85f,39.917,544.622
deep-researcher-1786005558-c3d90c033223,39.952,231.481
data-analyst-1786005558-d25a34708e6a,39.972,431.137
reviewer-1786005558-3b20c012d0a5,39.984,317.365
wide-researcher-1786005558-9a44c5cfb5ef,40.018,387.419
deep-researcher-1786005558-2d1c516c0da2,40.041,218.038
data-analyst-1786005558-3eac2675f8a9,40.060,332.240
reviewer-1786005558-1ee0e1bf3794,40.074,657.122
wide-researcher-1786005558-912edaffd9be,40.163,206.918
deep-researcher-1786005558-d4be481e9a60,40.189,217.483
data-analyst-1786005558-99a2ca656126,40.203,656.186
reviewer-1786005558-9cdf95d056d9,40.222,541.820
wide-researcher-1786005558-2a611ecf20f9,40.253,539.086
deep-researcher-1786005558-38f42bcd72ae,40.283,483.372
data-analyst-1786005558-6a137e02fb89,40.297,211.449
reviewer-1786005558-cb37b9cea65a,40.326,492.001
wide-researcher-1786005558-6c6da3170677,40.357,191.326
deep-researcher-1786005558-f5174f79c2fe,40.374,548.215
data-analyst-1786005558-c91b60e6c0ae,40.388,640.101
reviewer-1786005558-5f90b4edee85,40.402,435.938
wide-researcher-1786005558-a845de8488c2,40.437,184.711
data-analyst-1786005537-7942af34c9dc,40.447,40.447
data-analyst-1786005537-479fea26351c,40.492,40.492
deep-researcher-1786005558-2d04a7ebe145,40.497,687.915
data-analyst-1786005558-407ca39abfdf,40.512,303.138
reviewer-1786005558-4fa33cb7e9c5,40.537,216.365
wide-researcher-1786005558-396bd3eaadb1,40.566,209.742
deep-researcher-1786005558-6cf2fd45852f,40.591,210.935
data-analyst-1786005558-eb78acd630fa,40.605,429.562
reviewer-1786005559-08c1b2d05188,40.634,641.988
wide-researcher-1786005559-044117c6021a,40.666,540.712
deep-researcher-1786005559-093bcdef4886,40.680,302.858
data-analyst-1786005559-8c7fbe13802e,40.704,651.864
reviewer-1786005559-32da4d179002,40.733,685.000
wide-researcher-1786005559-ec26d3a5decf,40.785,214.751
deep-researcher-1786005559-32cb675ced04,40.801,207.430
data-analyst-1786005559-e82aca0bb364,40.829,515.946
reviewer-1786005559-ce48b101f578,40.853,553.362
wide-researcher-1786005559-46f3b48abce9,40.884,560.343
deep-researcher-1786005559-b8ff7e1b9779,40.903,209.931
data-analyst-1786005559-1f9cfeb11539,40.923,256.011
reviewer-1786005559-d0cf872b834d,40.937,439.023
wide-researcher-1786005559-63e86cd85be7,40.968,617.770
data-analyst-1786005537-64fad5022eb5,40.978,40.978
deep-researcher-1786005559-6162c8ec98f1,41.003,567.080
data-analyst-1786005559-e8084060739f,41.042,210.620
reviewer-1786005559-210aaad1c780,41.068,441.976
wide-researcher-1786005559-6fecf771cd08,41.098,455.111
data-analyst-1786005538-f17bc5a978c2,41.103,170.643
deep-researcher-1786005559-3f79b48b28ed,41.123,639.618
data-analyst-1786005559-923403640e5a,41.138,551.877
reviewer-1786005559-4bcf7d9d43a5,41.152,457.272
wide-researcher-1786005559-475ea7426130,41.188,133.217
deep-researcher-1786005559-60b33b152d80,41.202,130.209
data-analyst-1786005559-ce64e0a940e7,41.222,324.133
reviewer-1786005559-be25ccafe36a,41.243,216.379
wide-researcher-1786005559-0609f87fc98f,41.271,317.910
deep-researcher-1786005559-a68c703c3adf,41.282,116.438
data-analyst-1786005559-0519b586e418,41.319,544.607
reviewer-1786005559-53bcdcd90ff4,41.343,636.578
wide-researcher-1786005559-2fa3380db9a7,41.378,659.449
deep-researcher-1786005559-e373172b23ec,41.403,680.642
data-analyst-1786005559-12892f03e460,41.417,424.439
reviewer-1786005559-c328c22f7e2d,41.431,473.303
wide-researcher-1786005559-d9c73ef2673d,41.460,393.754
data-analyst-1786005537-e2cac01b0fba,41.475,41.475
deep-researcher-1786005559-7d49ef535814,41.489,150.428
data-analyst-1786005537-9a83c3804fca,41.494,41.495
data-analyst-1786005559-630309493a05,41.500,313.933
reviewer-1786005559-81bfa34eda10,41.516,658.687
wide-researcher-1786005559-4025b6eb9924,41.551,210.803
data-analyst-1786005543-4f0a5ec67644,41.564,74.189
deep-researcher-1786005559-c5df00f15e7a,41.576,210.753
data-analyst-1786005543-b0c860eb2f53,41.577,73.950
data-analyst-1786005559-15022269a66d,41.589,263.295
data-analyst-1786005543-77a2b9ecf4aa,41.598,205.327
reviewer-1786005559-a50d8a0f8fb9,41.616,320.185
wide-researcher-1786005560-469e0b6bcb85,41.645,276.974
deep-researcher-1786005560-1e62210dbaf7,41.675,217.874
data-analyst-1786005543-a756d82ef1e9,41.690,128.832
data-analyst-1786005560-fbc0ba3d21fe,41.698,323.608
reviewer-1786005560-3cff6de49c4e,41.714,434.980
wide-researcher-1786005560-7325e4536c56,41.744,131.524
deep-researcher-1786005560-119ac365195c,41.764,162.037
data-analyst-1786005560-1a1af05e26fa,41.792,435.315
reviewer-1786005560-db0c65afbfc5,41.803,549.074
wide-researcher-1786005560-32f920b7ee1c,41.842,103.045
deep-researcher-1786005560-ceff0ecdee3d,41.871,129.206
data-analyst-1786005560-ff84e2c4de19,41.886,301.659
data-analyst-1786005537-cf46cbcd6846,41.887,41.888
reviewer-1786005560-fb7e8bce9d86,41.901,482.043
wide-researcher-1786005560-e204b6515a90,41.930,442.884
deep-researcher-1786005560-71cce41c00ec,41.945,224.936
data-analyst-1786005560-2780e8e32cb7,42.003,434.329
reviewer-1786005560-e7fd5047ea30,42.021,554.163
wide-researcher-1786005560-7c76b731152d,42.056,142.769
deep-researcher-1786005560-a001be9296ea,42.081,315.920
data-analyst-1786005544-6629f77c0881,42.106,82.347
data-analyst-1786005560-4b56eab61574,42.111,563.136
reviewer-1786005560-218c9a4343fa,42.145,316.334
data-analyst-1786005541-fd7051f8409d,42.145,129.372
data-analyst-1786005538-63aec5ca6115,42.167,42.167
wide-researcher-1786005560-dd5e45d9a185,42.181,213.467
deep-researcher-1786005560-896b4c27d4d9,42.216,207.001
data-analyst-1786005560-a71f92336e25,42.246,205.716
reviewer-1786005560-b01044b76069,42.260,657.406
wide-researcher-1786005560-2c30c2baa388,42.297,553.438
deep-researcher-1786005560-5ee5bf4103b2,42.316,307.326
data-analyst-1786005560-27a5c2251ff4,42.335,423.169
reviewer-1786005560-2de34e83db65,42.354,561.909
data-analyst-1786005539-c085284b136c,42.364,42.364
data-analyst-1786005539-f9c7d24215ab,42.394,42.395
wide-researcher-1786005560-89ec49e41b3c,42.409,667.259
deep-researcher-1786005560-05bad17815f0,42.423,536.426
data-analyst-1786005560-94cfcb763fc1,42.437,542.897
reviewer-1786005560-afa473f38c9a,42.451,553.422
wide-researcher-1786005560-5777d3f9a30b,42.481,373.821
deep-researcher-1786005560-9ad2f2963bfe,42.500,206.934
data-analyst-1786005560-305719222c8d,42.583,684.843
reviewer-1786005560-7a1bae1f9946,42.608,610.227
data-analyst-1786005537-d78dbe763a19,42.613,42.613
data-analyst-1786005537-17ee0a9fb029,42.626,42.626
wide-researcher-1786005560-dff18108ab49,42.639,418.755
deep-researcher-1786005560-486a888e79c6,42.653,212.206
data-analyst-1786005561-e507fc9a68f6,42.665,310.201
reviewer-1786005561-59adee75900a,42.698,425.281
data-analyst-1786005544-be1b0038392b,42.719,73.479
wide-researcher-1786005561-d288ae586492,42.736,138.357
deep-researcher-1786005561-753312310ca2,42.753,637.430
data-analyst-1786005537-eb4ac2c897ea,42.771,42.771
data-analyst-1786005561-90436f93b562,42.771,538.429
reviewer-1786005561-9dffc8522bfa,42.797,440.870
wide-researcher-1786005561-3002296127cd,42.856,161.736
deep-researcher-1786005561-88c6775ef8da,42.889,565.247
data-analyst-1786005561-e86d4bd35802,42.912,355.986
reviewer-1786005561-fa52154b1b01,42.931,559.028
wide-researcher-1786005561-aeec348125bb,43.007,215.636
deep-researcher-1786005561-2f186d090689,43.020,662.123
data-analyst-1786005561-31b08acb9a4d,43.046,437.664
reviewer-1786005561-9d000803b7d9,43.068,641.807
wide-researcher-1786005561-9d675cdd65b1,43.095,212.964
deep-researcher-1786005561-e720967f4c57,43.110,429.183
data-analyst-1786005561-294a02b737b1,43.127,646.441
reviewer-1786005561-af133ae38b7f,43.144,566.366
wide-researcher-1786005561-3880ec751ae3,43.184,314.446
deep-researcher-1786005561-52476f18add8,43.208,215.198
data-analyst-1786005561-fbe693c060a3,43.231,238.848
reviewer-1786005561-71015b3e2cad,43.246,482.488
wide-researcher-1786005561-0d862737fdbc,43.314,240.216
deep-researcher-1786005561-df7cd3f58e94,43.349,466.616
data-analyst-1786005561-fab31b97c5fc,43.362,475.503
data-analyst-1786005538-0dc3cd5cfb5c,43.363,43.367
reviewer-1786005561-cddffa4a5fca,43.386,537.691
data-analyst-1786005545-6f8d182a227a,43.398,73.150
data-analyst-1786005545-971a596d1b60,43.411,75.650
wide-researcher-1786005561-c79e865f43dd,43.420,206.265
data-analyst-1786005545-b8d87555156a,43.428,130.009
deep-researcher-1786005561-b9d55d54b1bc,43.433,556.570
data-analyst-1786005561-6df9da686d23,43.446,303.393
reviewer-1786005561-add08f2d9bdd,43.465,638.427
wide-researcher-1786005561-863a41a7af7a,43.514,444.758
deep-researcher-1786005561-1ca438509699,43.535,302.082
data-analyst-1786005561-16b3c3bda134,43.563,444.343
reviewer-1786005561-ff8a12b67a29,43.616,588.186
wide-researcher-1786005561-e17b8f075bad,43.649,105.366
deep-researcher-1786005562-2eef476a9181,43.663,466.898
data-analyst-1786005539-06d57f3cdeaa,43.664,43.664
data-analyst-1786005562-71dca5a4426b,43.689,430.258
data-analyst-1786005541-0336574b4cfc,43.698,43.698
reviewer-1786005562-53e91a87c33a,43.702,435.335
wide-researcher-1786005562-ee21731d30ba,43.751,212.306
deep-researcher-1786005562-332b50dd3a2e,43.773,104.032
data-analyst-1786005562-9ffaa579e38d,43.791,407.554
reviewer-1786005562-18975cf9cb95,43.805,669.955
wide-researcher-1786005562-e18e04c3218d,43.868,205.901
deep-researcher-1786005562-f545a3582666,43.882,647.872
data-analyst-1786005562-59202bd710ac,43.902,324.196
reviewer-1786005562-bd321fc210d5,43.923,646.206
wide-researcher-1786005562-1b86dfec02ca,43.951,205.055
deep-researcher-1786005562-f0a856352cff,43.964,567.610
data-analyst-1786005562-3ddaadbdc457,43.977,424.325
reviewer-1786005562-29bf414aa41d,44.008,579.802
data-analyst-1786005537-9d9654f12e76,44.018,44.018
wide-researcher-1786005562-ccbed3d56ff2,44.053,500.825
data-analyst-1786005541-1b24f124d37f,44.077,44.078
deep-researcher-1786005562-ba41579e243c,44.086,174.636
data-analyst-1786005562-690d55c08b7d,44.108,315.525
reviewer-1786005562-cd5152c9203f,44.130,505.293
wide-researcher-1786005562-44f4a7389bc0,44.172,430.609
data-analyst-1786005542-57b058dec260,44.190,44.190
deep-researcher-1786005562-2a4f049e8d13,44.198,210.483
data-analyst-1786005562-2456cd7f7121,44.211,645.687
reviewer-1786005562-865de69432cd,44.243,552.048
data-analyst-1786005545-0e997b6c2ca3,44.270,84.520
wide-researcher-1786005562-7852916d2077,44.274,188.973
deep-researcher-1786005562-b5f9e4ca3c02,44.291,132.277
data-analyst-1786005562-c834df5f87b6,44.308,512.429
data-analyst-1786005542-d5f825eed2bd,44.308,44.313
reviewer-1786005562-813f5ab2435c,44.321,637.802
wide-researcher-1786005562-48f58294c34c,44.358,209.993
deep-researcher-1786005562-9cf87c2d41a1,44.374,130.182
data-analyst-1786005562-f139ba8cd719,44.401,549.636
reviewer-1786005562-3211148c7748,44.423,321.688
wide-researcher-1786005562-e6c819ee2129,44.450,441.238
deep-researcher-1786005562-42bfe3ce4187,44.490,129.561
data-analyst-1786005562-8d3acc22f2c3,44.519,438.367
reviewer-1786005562-fbe3ba82291a,44.531,427.337
data-analyst-1786005539-f22acd84a2c8,44.554,92.683
wide-researcher-1786005562-5013f533895d,44.563,204.779
deep-researcher-1786005562-1f2ab27613e9,44.585,119.024
data-analyst-1786005562-e2e108b01563,44.608,364.920
reviewer-1786005563-9f92d814574c,44.626,607.877
wide-researcher-1786005563-da7fac0c6ba0,44.696,423.860
deep-researcher-1786005563-b20265bb5d58,44.718,215.725
data-analyst-1786005563-d370f8bbbcc2,44.741,437.980
reviewer-1786005563-1732bf9fd235,44.759,442.915
wide-researcher-1786005563-d8a78823c946,44.789,129.661
deep-researcher-1786005563-6a9d938dbdc4,44.817,155.068
data-analyst-1786005542-9affea241c96,44.840,44.840
data-analyst-1786005563-9992db44a6bf,44.861,680.562
reviewer-1786005563-18feaa0203a9,44.877,352.457
wide-researcher-1786005563-1f072f6bb5a5,44.916,166.695
deep-researcher-1786005563-dc579dc820dd,44.934,543.557
data-analyst-1786005563-90e44a55df45,44.957,552.840
data-analyst-1786005539-55843b3e7cbf,44.970,44.970
reviewer-1786005563-5edef7e45d5c,44.978,435.870
wide-researcher-1786005563-87f2c9f4df70,45.020,399.798
deep-researcher-1786005563-f585db1720e8,45.045,207.642
data-analyst-1786005563-f9335eda8991,45.073,429.645
reviewer-1786005563-f77f4bbe4577,45.121,430.904
data-analyst-1786005542-23a979b1e3a4,45.134,45.134
wide-researcher-1786005563-1fa7eb44c784,45.151,208.605
deep-researcher-1786005563-c2b54ddd3ea7,45.169,204.852
data-analyst-1786005563-4428cf96fbb2,45.183,211.233
reviewer-1786005563-2c0f5ecb08f5,45.201,598.672
wide-researcher-1786005563-04d1186e3e7d,45.233,205.886
deep-researcher-1786005563-cdc0d8876754,45.259,520.198
data-analyst-1786005563-2cc8750fe27a,45.291,540.820
reviewer-1786005563-77d4dfca059b,45.325,564.600
wide-researcher-1786005563-ce571fb92d8d,45.366,191.298
deep-researcher-1786005563-a0ee038d1d9e,45.385,423.201
data-analyst-1786005563-e96cb657b545,45.415,309.190
reviewer-1786005563-aae8bbe6e14a,45.439,553.215
wide-researcher-1786005563-53a7cadd5155,45.476,540.490
deep-researcher-1786005563-c099652a376c,45.490,463.400
data-analyst-1786005563-e59070128db4,45.521,300.275
reviewer-1786005563-5c8db2004026,45.535,570.487
data-analyst-1786005542-f6d795ea9dba,45.556,45.556
wide-researcher-1786005563-4b42483225ab,45.591,208.402
deep-researcher-1786005563-22c2421804f6,45.605,132.131
data-analyst-1786005563-45ac15bf20b2,45.620,427.790
reviewer-1786005564-5fde7cadc759,45.645,645.792
wide-researcher-1786005564-4a4c98651502,45.681,323.788
deep-researcher-1786005564-92f0201f35e7,45.707,276.330
data-analyst-1786005564-5120147c6a92,45.720,436.388
data-analyst-1786005539-faccf9c64a93,45.725,45.726
reviewer-1786005564-c346ece5bfb4,45.731,346.006
wide-researcher-1786005564-40ec6188368c,45.764,444.359
deep-researcher-1786005564-463740f620d7,45.782,132.436
data-analyst-1786005564-bab8bfc689db,45.822,427.926
reviewer-1786005564-36b874fa6ae5,45.836,505.915
data-analyst-1786005545-9c57724c4627,45.850,85.055
wide-researcher-1786005564-259a59fd5626,45.875,338.630
data-analyst-1786005545-688fbb50037d,45.914,92.837
deep-researcher-1786005564-b93dbd9d4674,45.914,205.100
data-analyst-1786005564-520c2545386a,45.935,291.282
reviewer-1786005564-672b74f43491,45.954,425.380
wide-researcher-1786005564-0450d6ce038e,45.997,435.450
deep-researcher-1786005564-f5835b34ab31,46.020,210.914
data-analyst-1786005564-0e43d032ea48,46.038,466.713
reviewer-1786005564-f1cac06c4731,46.050,548.262
data-analyst-1786005547-02bac69f5d71,46.087,128.303
wide-researcher-1786005564-5719d37b7e16,46.091,108.008
deep-researcher-1786005564-d4857d1f17b5,46.121,207.953
data-analyst-1786005564-8adf5f853eab,46.133,441.071
reviewer-1786005564-9442a9b7fc6c,46.146,443.562
wide-researcher-1786005564-da37f8709738,46.203,176.389
deep-researcher-1786005564-48e3044e6e3f,46.255,109.664
data-analyst-1786005564-b8e7d5cf6a00,46.280,338.285
reviewer-1786005564-8653539ede3e,46.293,550.091
wide-researcher-1786005564-b0a80a47d3be,46.325,302.718
deep-researcher-1786005564-22795915fa8c,46.342,207.658
data-analyst-1786005564-95a7ec572b0b,46.360,277.112
reviewer-1786005564-302c2d1ea17a,46.380,664.826
wide-researcher-1786005564-672026e824f7,46.417,238.032
deep-researcher-1786005564-4d94b5a2a2d4,46.447,587.418
data-analyst-1786005564-9ea3ff326f4c,46.463,544.474
reviewer-1786005564-067ef2c76f72,46.476,349.277
wide-researcher-1786005564-b16b394d9289,46.531,306.776
deep-researcher-1786005564-b9519a21f3db,46.556,638.803
data-analyst-1786005564-418046f11067,46.583,425.081
data-analyst-1786005545-34d76435e732,46.621,78.951
reviewer-1786005564-4cfccc1c622b,46.634,478.694
wide-researcher-1786005564-f7bec90617c5,46.664,207.613
deep-researcher-1786005565-e7a9c45cb9da,46.682,320.588
data-analyst-1786005565-9934c603936c,46.695,550.396
reviewer-1786005565-8ea9a8aadaa1,46.713,636.844
wide-researcher-1786005565-fc2f8fade534,46.740,203.053
deep-researcher-1786005565-7688dd4d1c7b,46.789,462.318
data-analyst-1786005565-3cfab3ef90ae,46.802,545.948
data-analyst-1786005545-546226222d43,46.820,77.935
reviewer-1786005565-b58c996ebd83,46.824,305.084
wide-researcher-1786005565-6cc37a1af023,46.853,563.458
deep-researcher-1786005565-837f4f83a795,46.954,300.722
data-analyst-1786005565-7b010536948d,46.987,321.990
reviewer-1786005565-4bacb1a81d48,47.000,455.391
data-analyst-1786005542-bdde1a4235ee,47.028,47.028
wide-researcher-1786005565-14099353556d,47.040,492.493
deep-researcher-1786005565-4bbe90393c5c,47.066,319.592
data-analyst-1786005565-f2648b7afee9,47.084,553.629
reviewer-1786005565-25e2ff3cd213,47.110,421.674
wide-researcher-1786005565-5872c66e7453,47.157,206.822
deep-researcher-1786005565-6ab5e00c9c73,47.175,667.086
data-analyst-1786005565-583c7c738557,47.193,541.025
reviewer-1786005565-06abe9cf65a0,47.216,442.792
wide-researcher-1786005565-854d53cfec73,47.249,184.356
deep-researcher-1786005565-886103715349,47.281,423.963
data-analyst-1786005565-aa5dbaae39e5,47.298,350.738
reviewer-1786005565-e3eb4bc7debf,47.327,421.580
wide-researcher-1786005565-a16850a54206,47.349,643.082
deep-researcher-1786005565-2eed069ebad1,47.366,207.396
data-analyst-1786005565-e463d992b603,47.384,502.056
reviewer-1786005565-834a48cf53c5,47.418,431.508
wide-researcher-1786005565-13d81551110d,47.451,283.690
data-analyst-1786005544-290c3e108f55,47.461,47.461
deep-researcher-1786005565-4efd2c3a8d30,47.469,321.267
data-analyst-1786005565-b2c0bd8454bc,47.509,211.717
reviewer-1786005565-0e874848b924,47.535,323.557
wide-researcher-1786005565-237d9938cab9,47.561,129.095
deep-researcher-1786005565-124ceb8aa9e8,47.574,684.328
data-analyst-1786005544-f0344f3510ef,47.604,47.604
data-analyst-1786005565-7e5d301f8ae2,47.608,336.700
reviewer-1786005566-41d93a555770,47.629,537.896
wide-researcher-1786005566-71f749403bd1,47.661,211.470
deep-researcher-1786005566-d0cc7a74e8df,47.712,131.122
data-analyst-1786005566-9d9f59d2f166,47.771,305.069
reviewer-1786005566-4c2b3c4c4637,47.789,563.425
wide-researcher-1786005566-c11e98764053,47.821,442.502
deep-researcher-1786005566-78206326c214,47.839,268.123
data-analyst-1786005566-95d34c31957d,47.852,304.733
reviewer-1786005566-5574d162c3f1,47.890,650.625
wide-researcher-1786005566-86a552da2bc2,47.928,317.974
deep-researcher-1786005566-42fe8ac698bd,47.960,592.229
data-analyst-1786005566-5eb1d30bedba,47.983,417.185
reviewer-1786005566-e4435e49c394,47.996,454.681
wide-researcher-1786005566-22aeb8124967,48.060,670.115
deep-researcher-1786005566-6990a7138e48,48.093,315.437
data-analyst-1786005566-f0c0d1879115,48.148,540.230
data-analyst-1786005544-fcc55cacc401,48.149,48.154
data-analyst-1786005543-1185d7b547fe,48.168,48.169
reviewer-1786005566-7c71001dcc78,48.173,563.655
wide-researcher-1786005566-e5dcb5feac30,48.205,499.831
deep-researcher-1786005566-17269090ed58,48.229,557.767
data-analyst-1786005566-63cc2821945c,48.243,322.067
reviewer-1786005566-29c6f96d19fc,48.300,550.457
wide-researcher-1786005566-aa6dabf28c60,48.329,210.980
deep-researcher-1786005566-b86946d3ff2d,48.343,507.370
data-analyst-1786005566-b9a75ee7d75c,48.370,566.409
reviewer-1786005566-0540ae769efb,48.424,648.380
data-analyst-1786005543-4cb3262b6c23,48.428,48.429
wide-researcher-1786005566-466e302cb57a,48.459,425.946
deep-researcher-1786005566-06d7739712f4,48.478,454.918
data-analyst-1786005566-90523499d3e3,48.495,540.697
reviewer-1786005566-b54923414cc3,48.507,475.640
wide-researcher-1786005566-39a47b4831b4,48.545,208.373
deep-researcher-1786005566-6a7a0bf9f764,48.558,552.966
data-analyst-1786005566-74d060ba4e16,48.583,559.319
reviewer-1786005566-ec679f401cf2,48.606,656.012
wide-researcher-1786005567-671e48e88717,48.634,543.963
deep-researcher-1786005567-6977fd75c5dc,48.652,214.812
data-analyst-1786005567-d71b5cf3bbd0,48.685,463.414
reviewer-1786005567-b54b4a5ad8b5,48.704,559.757
wide-researcher-1786005567-c8725ae02463,48.736,181.394
deep-researcher-1786005567-ec43ad95e654,48.748,237.285
data-analyst-1786005567-b7009a6106e2,48.791,317.072
reviewer-1786005567-5d62c15aa2ad,48.813,696.819
wide-researcher-1786005567-2ff197776a05,48.842,240.341
deep-researcher-1786005567-9fec7268a8c5,48.855,134.261
data-analyst-1786005567-9367c02dbd04,48.867,482.320
reviewer-1786005567-80149f37936b,48.885,424.695
wide-researcher-1786005567-ca85f2f5d459,48.932,514.351
deep-researcher-1786005567-8d70bbe92a9d,48.962,129.436
data-analyst-1786005567-e16b9a7ff053,48.980,427.728
reviewer-1786005567-dff61b6a735d,49.016,451.697
wide-researcher-1786005567-e512d9f4bba7,49.046,179.492
deep-researcher-1786005567-f0da7ee91652,49.070,214.011
data-analyst-1786005544-29cc0aebba30,49.071,49.076
data-analyst-1786005567-70a6852106cd,49.084,429.055
reviewer-1786005567-7287556ff620,49.108,543.231
wide-researcher-1786005567-9504f854ebe6,49.135,301.723
deep-researcher-1786005567-2d77f7899777,49.151,217.055
data-analyst-1786005567-7ae6fedf598c,49.165,318.330
reviewer-1786005567-b0393d43820f,49.215,638.467
wide-researcher-1786005567-ebaf2dba8a1a,49.268,132.718
deep-researcher-1786005567-fad6ed4af1ec,49.288,282.224
data-analyst-1786005567-00f9decfed3b,49.309,228.866
reviewer-1786005567-32565288a307,49.326,617.467
wide-researcher-1786005567-c2c618ced717,49.358,307.103
deep-researcher-1786005567-bc65093a2cdf,49.371,591.033
data-analyst-1786005567-0590853cd34b,49.394,323.049
reviewer-1786005567-8f247c73fb27,49.418,670.807
wide-researcher-1786005567-19d2f3d7abc4,49.466,135.447
deep-researcher-1786005567-79054e19b111,49.479,551.607
data-analyst-1786005567-095ad6696d97,49.496,434.911
reviewer-1786005567-c34f02a18f83,49.508,216.770
wide-researcher-1786005567-8f6364d03cf5,49.551,353.632
deep-researcher-1786005567-934dd97d7e39,49.570,180.960
data-analyst-1786005567-df52190a4bb9,49.602,308.413
reviewer-1786005567-36925d6223fd,49.653,319.944
wide-researcher-1786005568-1e9758c2979c,49.691,220.419
deep-researcher-1786005568-97893f3846f9,49.713,128.567
data-analyst-1786005568-4d872acaf4be,49.736,517.395
reviewer-1786005568-7430ea5c9df3,49.753,560.457
wide-researcher-1786005568-ff834a3c5761,49.787,176.239
deep-researcher-1786005568-aad706d0f75b,49.812,387.777
data-analyst-1786005568-e2d8e4057c6e,49.826,205.730
reviewer-1786005568-f04a5a7da6ff,49.854,558.801
wide-researcher-1786005568-a747c1089ccf,49.882,215.446
deep-researcher-1786005568-4580e11b81c1,49.939,645.617
data-analyst-1786005568-6c0e26ec9444,49.977,343.741
reviewer-1786005568-6f64ae6db921,50.009,668.424
wide-researcher-1786005568-0028d9678d10,50.038,209.295
deep-researcher-1786005568-bc054335fd30,50.061,210.248
data-analyst-1786005568-349ad1bd24dc,50.073,571.504
reviewer-1786005568-3b1a33a01727,50.094,436.418
wide-researcher-1786005568-4d3bc461ea7d,50.125,212.255
deep-researcher-1786005568-0e66cdf027ca,50.220,313.288
data-analyst-1786005539-7cade6487ffb,50.233,50.233
data-analyst-1786005568-7bad8401b7ea,50.251,431.558
reviewer-1786005568-dc5496231038,50.289,420.344
wide-researcher-1786005568-c9ecc8c4ee72,50.321,212.351
deep-researcher-1786005568-b56b80e24551,50.387,153.368
data-analyst-1786005568-22f701b5aba8,50.413,277.779
reviewer-1786005568-04a7ee78b0a7,50.444,458.178
data-analyst-1786005546-af6f6d9dfdfe,50.453,85.671
wide-researcher-1786005568-6c5843352cae,50.494,203.508
data-analyst-1786005547-4634e616ba63,50.517,78.534
deep-researcher-1786005568-6bf9aa52a887,50.525,227.377
data-analyst-1786005568-eb6768af5880,50.542,421.022
reviewer-1786005568-baaf6175eda4,50.559,317.694
wide-researcher-1786005568-f23e800556c8,50.586,216.904
deep-researcher-1786005568-08238cf94449,50.623,606.640
data-analyst-1786005569-56fa3dffc4db,50.655,659.633
reviewer-1786005569-b077f55fd876,50.667,670.942
wide-researcher-1786005569-7c592ec1054f,50.726,506.207
deep-researcher-1786005569-0bfc487e6b3e,50.742,440.190
data-analyst-1786005569-7d0edd7e88d5,50.778,599.763
reviewer-1786005569-fde5ed2d675f,50.797,566.976
wide-researcher-1786005569-aa53cd29fd0b,50.832,209.849
deep-researcher-1786005569-c36f21a7f0ea,50.868,244.680
data-analyst-1786005569-c7eaf849a34a,50.882,674.610
reviewer-1786005569-4c1b69521979,50.905,316.857
wide-researcher-1786005569-5d53fa023992,50.939,214.204
deep-researcher-1786005569-2560950fd95b,50.967,390.598
data-analyst-1786005569-f5258d22420f,50.991,301.564
reviewer-1786005569-6874c562778f,51.028,551.732
wide-researcher-1786005569-0c1ac38f6dc4,51.060,409.818
deep-researcher-1786005569-819b11a8d94e,51.082,155.623
data-analyst-1786005569-1cd246f13786,51.114,301.742
reviewer-1786005569-6c933ddb921f,51.170,435.497
wide-researcher-1786005569-a103cd961af5,51.228,431.964
deep-researcher-1786005569-9f0d4c84c2ba,51.251,268.438
data-analyst-1786005569-652b6826f292,51.263,434.754
reviewer-1786005569-a6b58321d863,51.275,552.784
wide-researcher-1786005569-99bfa7444852,51.311,144.625
deep-researcher-1786005569-bd1a70a1dc73,51.328,623.394
data-analyst-1786005569-95d05b475c60,51.341,438.760
reviewer-1786005569-e0e473773f86,51.359,658.805
wide-researcher-1786005569-456b2d33a0e2,51.452,132.632
deep-researcher-1786005569-0d940cf64fe9,51.485,132.377
data-analyst-1786005569-fbf59100133c,51.514,458.958
reviewer-1786005569-a0ab2d831c24,51.533,584.343
wide-researcher-1786005569-e44f57e1717a,51.571,208.810
deep-researcher-1786005569-393973df6263,51.584,240.129
data-analyst-1786005569-1bdebd893637,51.603,323.543
reviewer-1786005570-2020fee18908,51.616,322.828
wide-researcher-1786005570-11e26aa119e3,51.643,424.586
deep-researcher-1786005570-40747444363f,51.686,129.141
data-analyst-1786005570-69ce4773b7e7,51.725,562.468
reviewer-1786005570-c6908173787c,51.755,559.771
wide-researcher-1786005570-c3c952f51bf2,51.801,217.827
deep-researcher-1786005570-34b4b2e82d8f,51.817,205.282
data-analyst-1786005570-c694b5588e64,51.849,436.877
reviewer-1786005570-64d321c5832b,51.865,680.514
wide-researcher-1786005570-138d04665546,51.898,397.387
data-analyst-1786005550-c7eefe455881,51.899,73.209
deep-researcher-1786005570-e679de4e2f22,51.915,228.624
data-analyst-1786005550-012f3b75b1b3,51.916,73.272
data-analyst-1786005570-359f5033de59,51.927,306.992
data-analyst-1786005550-7d0d4f249436,51.935,207.903
reviewer-1786005570-780a73d4cc1d,51.944,438.988
data-analyst-1786005550-838b58760b6e,51.971,110.706
wide-researcher-1786005570-4cca557fc66e,51.983,260.474
deep-researcher-1786005570-85902f963b90,52.029,205.584
data-analyst-1786005570-cd5d0b9a465f,52.053,647.214
reviewer-1786005570-ffdba0dc2ed8,52.073,637.162
wide-researcher-1786005570-bdd94ee15432,52.104,205.554
data-analyst-1786005548-d7b307edb93c,52.126,72.566
deep-researcher-1786005570-84acf93a47f0,52.135,205.163
data-analyst-1786005570-d4bb8af9332c,52.163,637.329
reviewer-1786005570-199bcee41554,52.178,437.693
data-analyst-1786005543-617be269e675,52.188,52.188
wide-researcher-1786005570-4f22082fe875,52.232,583.596
deep-researcher-1786005570-6e12abef413e,52.247,254.605
data-analyst-1786005570-4b0974d95bb4,52.288,538.869
reviewer-1786005570-4a2315e349f1,52.307,440.675
data-analyst-1786005544-74bab0507a51,52.328,72.807
wide-researcher-1786005570-f4d00c59833b,52.338,209.137
deep-researcher-1786005570-d9acd76d0abc,52.365,250.149
data-analyst-1786005570-b71f3cc1997d,52.389,434.788
reviewer-1786005570-0f6aa65e4560,52.403,550.519
data-analyst-1786005544-12510c03a8b6,52.408,72.992
wide-researcher-1786005570-110ded7bcad5,52.444,301.807
deep-researcher-1786005570-752cc2e835a9,52.480,377.531
data-analyst-1786005570-ce60f4f4db0c,52.499,541.428
reviewer-1786005570-8067993e06cb,52.529,330.766
wide-researcher-1786005570-965b55799ee3,52.568,428.466
deep-researcher-1786005570-c8d268745a0f,52.596,133.169
data-analyst-1786005570-634746b0acff,52.619,424.556
reviewer-1786005571-75ccc2e8f1df,52.653,643.035
wide-researcher-1786005571-770f0f85f7c4,52.684,133.265
deep-researcher-1786005571-6a81a4e684c1,52.726,676.045
data-analyst-1786005571-796d2e982d4d,52.745,215.819
reviewer-1786005571-f13efbd9e800,52.762,437.459
wide-researcher-1786005571-f295e22e81d1,52.786,144.366
deep-researcher-1786005571-178b8739fcd5,52.817,387.762
data-analyst-1786005549-6a64286149ae,52.827,73.021
data-analyst-1786005571-801bd907a393,52.844,432.248
reviewer-1786005571-b23bf58b0db1,52.856,548.394
wide-researcher-1786005571-72f254811f60,52.904,379.442
deep-researcher-1786005571-e5b270aeb3c0,52.994,390.582
data-analyst-1786005571-a4ee88973151,53.023,563.624
reviewer-1786005571-f9ad0cc55f35,53.037,557.218
wide-researcher-1786005571-cf271ddb8ccb,53.081,159.882
deep-researcher-1786005571-524e4c4a7afe,53.114,285.291
data-analyst-1786005571-08abd3c37e97,53.127,443.083
reviewer-1786005571-64684e1d6263,53.140,586.596
wide-researcher-1786005571-62cb3489bed4,53.222,147.082
deep-researcher-1786005571-32797212aed3,53.246,542.482
data-analyst-1786005551-3ac3e4db3226,53.271,84.766
data-analyst-1786005571-7d504b91de8e,53.275,624.531
data-analyst-1786005551-7048a77f187c,53.290,82.404
data-analyst-1786005551-a14e24b32510,53.303,77.690
reviewer-1786005571-a9f77115193f,53.311,660.441
wide-researcher-1786005571-4ff60f16198d,53.334,151.322
deep-researcher-1786005571-98fdc4ff7cde,53.393,556.686
data-analyst-1786005571-953cbc689ade,53.412,542.606
reviewer-1786005571-66b683181839,53.443,551.660
data-analyst-1786005551-8df4c0e60a11,53.510,74.412
wide-researcher-1786005571-981856cd2db7,53.564,319.786
deep-researcher-1786005571-451d16261f01,53.583,173.806
data-analyst-1786005571-58190e09e3f7,53.612,545.869
reviewer-1786005571-aaea5f1b4881,53.646,670.974
wide-researcher-1786005572-67800ca6a411,53.682,178.638
deep-researcher-1786005572-12f37f6f5b16,53.697,212.511
data-analyst-1786005545-3252beb9a47e,53.707,53.707
data-analyst-1786005572-0d5e1672c465,53.743,453.489
reviewer-1786005572-fb7e8c36195e,53.792,616.383
wide-researcher-1786005572-839ad6a6930a,53.831,214.573
deep-researcher-1786005572-748dac7cf61d,53.855,321.299
data-analyst-1786005572-225ba02f00c8,53.876,322.748
reviewer-1786005572-2dc737a665de,53.897,551.815
wide-researcher-1786005572-14d0b6151bb9,53.925,303.579
deep-researcher-1786005572-5c28e0326027,53.948,133.059
data-analyst-1786005572-d8dd7a76bc23,53.968,323.423
reviewer-1786005572-9ee3cfbacd81,53.990,545.089
wide-researcher-1786005572-ac1d4ddd2ed0,54.049,209.783
data-analyst-1786005548-a604ff42e37f,54.080,72.788
deep-researcher-1786005572-f4258f114378,54.084,443.248
data-analyst-1786005572-cce1d0905204,54.103,245.233
reviewer-1786005572-9708e214ca89,54.133,549.415
data-analyst-1786005545-f80581b39e86,54.155,54.155
wide-researcher-1786005572-d6b382bfd7e9,54.165,206.167
deep-researcher-1786005572-bfe86ad4c53b,54.195,315.906
data-analyst-1786005572-73eaca3d271f,54.239,432.066
reviewer-1786005572-acd7859bcd6e,54.274,640.912
wide-researcher-1786005572-4ffa9e50ed75,54.299,143.162
data-analyst-1786005547-105d13c1d3fe,54.309,54.309
deep-researcher-1786005572-250498e7c32b,54.327,207.675
data-analyst-1786005572-c3f03fa7c60b,54.356,433.307
data-analyst-1786005548-856ebabe2c7b,54.357,77.033
reviewer-1786005572-3a726a4588bd,54.370,644.677
wide-researcher-1786005572-b4850e4fe82b,54.413,319.695
deep-researcher-1786005572-cfe585af9b78,54.434,263.507
data-analyst-1786005572-fc269e9c08b3,54.473,608.684
reviewer-1786005572-6f252dd0b646,54.497,539.177
wide-researcher-1786005572-44d13cdc405b,54.541,133.202
deep-researcher-1786005572-f0c529b2795c,54.554,200.724
data-analyst-1786005572-4895af9d5667,54.568,438.953
reviewer-1786005572-edec1cf43365,54.586,540.367
wide-researcher-1786005573-22414d71011f,54.624,149.611
deep-researcher-1786005573-7229472108f4,54.638,666.370
data-analyst-1786005573-9c07df192217,54.652,416.284
reviewer-1786005573-5d8b923cad19,54.665,555.891
wide-researcher-1786005573-7671ac330d82,54.707,336.715
deep-researcher-1786005573-02fa353149fa,54.741,546.463
data-analyst-1786005573-5383e042d332,54.766,306.106
data-analyst-1786005551-48897544da30,54.776,78.347
reviewer-1786005573-fb443203d069,54.786,565.275
wide-researcher-1786005573-922546720ab2,54.825,314.522
deep-researcher-1786005573-7eb64c69263d,54.840,603.521
data-analyst-1786005573-f006f503ece6,54.853,324.353
reviewer-1786005573-65a38158515f,54.889,556.910
data-analyst-1786005551-1791561d0256,54.909,90.028
data-analyst-1786005551-d356f0e5b591,54.925,178.902
wide-researcher-1786005573-2af9a3eec221,54.934,215.296
deep-researcher-1786005573-e3e0425e0ecb,54.959,130.806
data-analyst-1786005573-5a88188cd5b6,54.972,218.572
reviewer-1786005573-4504070f792a,55.074,654.232
wide-researcher-1786005573-6030540fab8a,55.103,214.375
deep-researcher-1786005573-8d4db05fb165,55.127,238.205
data-analyst-1786005573-01c94c54fe13,55.149,391.709
reviewer-1786005573-a0e77438966f,55.163,559.462
wide-researcher-1786005573-40b1e687237c,55.196,237.967
deep-researcher-1786005573-1722432b9648,55.211,638.820
data-analyst-1786005573-96551d5879a5,55.241,657.290
reviewer-1786005573-e154343e6ac2,55.254,475.324
data-analyst-1786005543-c84cc2b34faa,55.264,72.823
wide-researcher-1786005573-b4af302aa01d,55.306,212.384
deep-researcher-1786005573-8550db78dd21,55.324,691.040
data-analyst-1786005573-6a0d8860f259,55.342,426.312
reviewer-1786005573-1292e1cbd252,55.368,684.732
wide-researcher-1786005573-d900fc48d0c2,55.407,422.510
deep-researcher-1786005573-f835bb12d3d0,55.425,216.476
data-analyst-1786005573-f87a50c3aceb,55.438,544.903
reviewer-1786005573-941b5197c165,55.462,550.851
wide-researcher-1786005573-cb4894129530,55.497,441.105
deep-researcher-1786005573-ed07c792319e,55.511,213.180
data-analyst-1786005573-c28a89b451da,55.541,439.495
reviewer-1786005573-41a15a1e2c35,55.564,425.814
wide-researcher-1786005573-ca56c9c75f4f,55.593,220.840
deep-researcher-1786005573-8439ca9424ad,55.622,671.771
data-analyst-1786005574-223e4b6afebf,55.638,442.588
reviewer-1786005574-f70977b6b21c,55.655,643.587
wide-researcher-1786005574-0b72d40f341d,55.709,314.664
deep-researcher-1786005574-06d15c16179c,55.738,267.305
data-analyst-1786005574-19c4982a4eff,55.781,321.720
reviewer-1786005574-21a7a5baa8ff,55.801,551.013
wide-researcher-1786005574-b7168366e61c,55.837,544.857
deep-researcher-1786005574-ddd2259e79b4,55.864,336.252
data-analyst-1786005574-1452926d9d8e,55.877,427.963
reviewer-1786005574-71bf04991e56,55.896,557.673
wide-researcher-1786005574-7e1a0f4894e2,55.951,210.524
deep-researcher-1786005574-dd6de2ed17da,55.984,217.919
data-analyst-1786005574-b142a376c10d,56.008,322.273
reviewer-1786005574-f3a9a7751a05,56.041,529.619
wide-researcher-1786005574-3cfe97787eec,56.065,143.225
deep-researcher-1786005574-e9e651edcbbf,56.081,232.686
data-analyst-1786005574-7c10c6519e36,56.099,645.451
reviewer-1786005574-63876d04260f,56.123,441.142
wide-researcher-1786005574-d88b2a151c76,56.159,130.056
deep-researcher-1786005574-45479c2a5ebd,56.183,682.889
data-analyst-1786005574-e6b0b3fb58e6,56.240,554.932
reviewer-1786005574-461db1e8d14a,56.253,566.818
data-analyst-1786005537-8a9738022dca,56.273,56.273
wide-researcher-1786005574-ace807faef00,56.285,158.941
deep-researcher-1786005574-08e900fc29e2,56.304,553.980
data-analyst-1786005574-3df304ab3560,56.333,235.757
reviewer-1786005574-23cb66752df0,56.361,605.402
wide-researcher-1786005574-fc2d09a7ae41,56.400,159.386
deep-researcher-1786005574-36241e7147e5,56.432,677.197
data-analyst-1786005574-6e3fd014afda,56.450,468.799
reviewer-1786005574-f0ba17840b93,56.469,552.100
wide-researcher-1786005574-d68ca87b1dae,56.507,229.198
deep-researcher-1786005574-f3f36f53aaa0,56.571,210.343
data-analyst-1786005574-e83e5e15a3c5,56.620,430.150
reviewer-1786005574-0f62926d7002,56.664,433.679
wide-researcher-1786005574-d9a3d39cab00,56.690,204.793
deep-researcher-1786005575-3cf83ddc6e74,56.756,215.954
data-analyst-1786005575-89c226f5b704,56.773,339.922
reviewer-1786005575-2b92dcd6323a,56.814,564.871
wide-researcher-1786005575-7b77dc0c5197,56.854,510.283
deep-researcher-1786005575-0a92f5e07a5c,56.875,227.582
data-analyst-1786005575-2bf83beb52cf,56.892,419.442
data-analyst-1786005539-8cb846083d7e,56.901,72.709
reviewer-1786005575-2dc9e2e3b495,56.922,557.037
wide-researcher-1786005575-12b995e7004a,56.947,139.788
deep-researcher-1786005575-fdef55fa99cc,56.965,544.395
data-analyst-1786005575-b816272ff4f7,56.982,319.134
reviewer-1786005575-c4a13f055964,57.014,547.831
wide-researcher-1786005575-9a6e1cb2f361,57.053,255.857
deep-researcher-1786005575-1a19031e6c25,57.075,143.420
data-analyst-1786005575-dab20653a3ef,57.153,420.053
reviewer-1786005575-93436989a002,57.167,562.772
wide-researcher-1786005575-cd1e04c494ea,57.213,573.095
deep-researcher-1786005575-66095abf36a9,57.250,300.895
data-analyst-1786005575-95dabf3a2fe3,57.282,340.693
reviewer-1786005575-e78b5532fd9e,57.311,377.437
wide-researcher-1786005575-0c2b47d2b099,57.346,226.800
deep-researcher-1786005575-a810f7703bb5,57.364,556.203
data-analyst-1786005575-016ea5a821a0,57.382,553.702
reviewer-1786005575-7b41cf66708c,57.396,654.169
data-analyst-1786005552-ba1634464514,57.418,80.329
wide-researcher-1786005575-9247daefec33,57.444,210.295
deep-researcher-1786005575-01036381c3d5,57.471,560.838
data-analyst-1786005575-82da7e682a10,57.494,444.098
reviewer-1786005575-751e8b40a899,57.517,657.370
wide-researcher-1786005575-e14f26a7602d,57.570,301.888
deep-researcher-1786005575-45ece89fafc7,57.589,643.113
data-analyst-1786005575-8d6a382b9d9b,57.616,431.420
reviewer-1786005576-b073e7aa8c9d,57.635,419.820
wide-researcher-1786005576-580bfde628f2,57.671,221.491
deep-researcher-1786005576-f22a6dbb80e7,57.686,207.823
data-analyst-1786005576-bd59c5770bfd,57.727,425.507
reviewer-1786005576-45ec41ab4004,57.745,428.136
wide-researcher-1786005576-2214fdcfb32b,57.777,208.972
deep-researcher-1786005576-6d4f801239f3,57.795,130.839
data-analyst-1786005576-51394cc49222,57.821,461.929
reviewer-1786005576-09590e257086,57.838,448.164
wide-researcher-1786005576-2cc83079ec14,57.878,583.949
deep-researcher-1786005576-279e893ce45a,57.911,679.364
data-analyst-1786005576-81d480bcad3e,57.941,427.822
reviewer-1786005576-4248eb4b0be8,57.977,431.033
wide-researcher-1786005576-e9f5cf17eee1,58.050,431.004
deep-researcher-1786005576-afd2d221cdba,58.073,684.365
data-analyst-1786005576-a5b151d0adc6,58.092,401.273
reviewer-1786005576-648c60d2113c,58.116,673.468
wide-researcher-1786005576-d10ac81bf817,58.151,301.500
deep-researcher-1786005576-35c94e638d24,58.169,217.419
data-analyst-1786005576-281ec7391d83,58.183,669.718
reviewer-1786005576-937b7227de67,58.197,683.178
wide-researcher-1786005576-4570e2f8a340,58.256,229.506
deep-researcher-1786005576-1bf43ce807c5,58.289,562.041
data-analyst-1786005576-ea0fa1ed139f,58.321,438.488
reviewer-1786005576-970207c5c45c,58.333,670.097
wide-researcher-1786005576-4f10cbe68097,58.389,432.708
deep-researcher-1786005576-901b502edc53,58.403,130.278
data-analyst-1786005576-321eb700a064,58.426,431.088
reviewer-1786005576-4d73a6c9396e,58.444,698.293
wide-researcher-1786005576-ea79bca1f1c1,58.474,640.794
deep-researcher-1786005576-a55e549a7110,58.492,557.886
data-analyst-1786005576-df2d4c8f9dc6,58.524,429.962
reviewer-1786005576-899cc33a41c6,58.555,627.915
wide-researcher-1786005576-bf33e9db29ca,58.593,204.956
deep-researcher-1786005576-ed63f99f6ec4,58.627,130.162
data-analyst-1786005576-14fbc8e5a783,58.666,676.583
reviewer-1786005577-862b6c90824c,58.685,681.650
wide-researcher-1786005577-c2e0a4a6aff3,58.722,425.296
deep-researcher-1786005577-0c4ccd016237,58.751,212.176
data-analyst-1786005577-b748d89b1e43,58.766,425.918
reviewer-1786005577-b4ba7b8f8193,58.790,654.312
wide-researcher-1786005577-5c953ac4b855,58.827,220.604
deep-researcher-1786005577-88f7108b6f06,58.849,321.895
data-analyst-1786005577-0ebf17088cd2,58.877,660.234
data-analyst-1786005551-6efdfeb57d9c,58.894,106.386
reviewer-1786005577-b9d0b676edef,58.898,418.391
wide-researcher-1786005577-4b9c71f18f6e,58.924,324.954
deep-researcher-1786005577-26b585cfe13d,58.980,306.459
data-analyst-1786005577-5b388ec1cdcf,59.014,318.637
reviewer-1786005577-65061a200e9e,59.045,676.543
wide-researcher-1786005577-0d4ff79c6feb,59.090,305.053
deep-researcher-1786005577-af318b2eabb8,59.124,205.497
data-analyst-1786005577-5ba620293eda,59.158,326.174
reviewer-1786005577-449532bab1d5,59.186,417.763
data-analyst-1786005547-63da20125663,59.187,72.932
data-analyst-1786005545-fb314b8eef79,59.208,59.208
wide-researcher-1786005577-27ffbf8759f1,59.261,207.101
deep-researcher-1786005577-1c9de5e83f50,59.279,217.968
data-analyst-1786005577-6d36e75a36a1,59.307,543.447
reviewer-1786005577-3aed8a1040bd,59.329,213.792
wide-researcher-1786005577-1d1feb2a4cba,59.361,422.584
deep-researcher-1786005577-6c79b305a9a3,59.426,217.557
data-analyst-1786005577-6cbbb328035d,59.462,440.244
reviewer-1786005577-3ae1bee911bc,59.496,653.323
wide-researcher-1786005577-fb6a1d1adf5d,59.584,139.952
deep-researcher-1786005577-323b5f4aa424,59.621,203.247
data-analyst-1786005577-4d02c621fa32,59.662,421.124
reviewer-1786005577-419975d8e121,59.679,670.477
wide-researcher-1786005578-2585c487ec06,59.709,314.551
deep-researcher-1786005578-e6ce447c8b77,59.722,621.434
data-analyst-1786005578-65c15ef995f9,59.772,433.205
reviewer-1786005578-f0fc75fc176f,59.790,538.140
wide-researcher-1786005578-5db1f2f76c93,59.825,371.013
deep-researcher-1786005578-ed4ed241e0c2,59.844,206.530
data-analyst-1786005578-1af327d3461d,59.857,428.495
reviewer-1786005578-ac6035704e37,59.876,432.082
data-analyst-1786005547-05195fdf0336,59.885,59.885
wide-researcher-1786005578-29603f0b4b8b,59.907,304.783
deep-researcher-1786005578-9c6d4686cbfb,59.923,316.417
data-analyst-1786005578-582de3b2f086,59.947,560.609
reviewer-1786005578-266f8a0c1b0f,59.965,565.885
wide-researcher-1786005578-2059d0d5db09,59.997,302.006
deep-researcher-1786005578-5c1816b15adc,60.028,143.499
data-analyst-1786005578-81a881fbfdb1,60.041,499.170
reviewer-1786005578-c2b9039d7e4b,60.072,432.280
wide-researcher-1786005578-9ea7c40bf7c5,60.104,207.724
deep-researcher-1786005578-8d8158209610,60.164,582.340
data-analyst-1786005578-d180bacbb813,60.178,428.357
reviewer-1786005578-bcab8c21b8c2,60.195,581.017
wide-researcher-1786005578-2a74dae38cb5,60.230,449.476
deep-researcher-1786005578-94e84ae68657,60.263,501.832
data-analyst-1786005578-58d4a98f0194,60.276,435.012
reviewer-1786005578-c0b57646a0e1,60.307,676.174
wide-researcher-1786005578-a8231e4424de,60.356,542.589
deep-researcher-1786005578-9aa2994a72b2,60.383,580.923
data-analyst-1786005578-711d1b3a8330,60.410,582.241
reviewer-1786005578-e1661db01a9e,60.423,464.819
data-analyst-1786005551-d552ba80ee8d,60.454,72.646
wide-researcher-1786005578-6e3e7560d1da,60.462,546.882
deep-researcher-1786005578-c1bce281799d,60.483,202.923
data-analyst-1786005578-254079dc97dc,60.519,439.980
reviewer-1786005578-cbe50fcb9ccc,60.562,652.905
wide-researcher-1786005578-ed002b7a5bbf,60.597,564.371
deep-researcher-1786005578-d1dd2854e4d5,60.612,211.615
data-analyst-1786005578-26f7e9221c1b,60.636,553.186
data-analyst-1786005553-a3049fb75d7b,60.660,75.699
reviewer-1786005579-afb3ca163861,60.674,541.630
data-analyst-1786005553-589f3eb63450,60.674,84.733
data-analyst-1786005553-d49d6d59c92d,60.692,73.312
wide-researcher-1786005579-8a4346497fbf,60.709,520.293
deep-researcher-1786005579-b5b1479e21fb,60.771,431.171
data-analyst-1786005579-967fd6770700,60.788,323.342
reviewer-1786005579-c2972864bce2,60.807,550.381
wide-researcher-1786005579-3cb4769c99ee,60.839,212.733
deep-researcher-1786005579-0897924b9566,60.853,209.763
data-analyst-1786005579-261c6482d0a3,60.872,423.530
reviewer-1786005579-ac6f4908309b,60.894,627.109
wide-researcher-1786005579-d62c212892c8,60.935,208.515
deep-researcher-1786005579-9bf81030edca,60.967,243.631
data-analyst-1786005553-f0980702fbb2,60.990,77.014
data-analyst-1786005579-3296e8ced466,61.004,641.972
reviewer-1786005579-9a58994ba815,61.024,452.899
wide-researcher-1786005579-19cf487510cb,61.073,206.638
deep-researcher-1786005579-4b20e98c0eee,61.101,417.280
data-analyst-1786005579-5a7476b88044,61.134,668.659
reviewer-1786005579-4c3b599416e7,61.172,319.528
wide-researcher-1786005579-b923591f96d2,61.208,307.926
deep-researcher-1786005579-af7aba953bc1,61.222,580.954
data-analyst-1786005579-a1877e1f3369,61.236,547.877
reviewer-1786005579-563a7d57b740,61.270,644.756
wide-researcher-1786005579-781011c64fa8,61.307,553.614
deep-researcher-1786005579-d2f32bc5571e,61.348,643.221
data-analyst-1786005579-15c9795966f3,61.372,526.166
reviewer-1786005579-3fd8f3fd96f6,61.424,567.375
wide-researcher-1786005579-bc02b1a10fd5,61.454,302.394
deep-researcher-1786005579-985faddb4e0f,61.468,564.231
data-analyst-1786005579-ce2befe961ea,61.491,305.704
reviewer-1786005579-e4cb8e04f829,61.514,675.721
wide-researcher-1786005579-b44b36cf04f0,61.544,425.449
deep-researcher-1786005579-1074e154a982,61.578,543.746
data-analyst-1786005551-d76140094a66,61.587,73.033
data-analyst-1786005579-667950a510c1,61.596,319.510
reviewer-1786005579-631e4bde9290,61.618,439.480
data-analyst-1786005551-e75c7d16e6cd,61.642,73.164
wide-researcher-1786005580-bb7eedc19b5e,61.676,276.960
deep-researcher-1786005580-14486d0dfb29,61.692,208.340
data-analyst-1786005580-0b419744f895,61.711,455.532
reviewer-1786005580-8b98ba1ac84c,61.745,554.208
wide-researcher-1786005580-e93200523e7e,61.780,550.442
deep-researcher-1786005580-b67388592394,61.814,142.070
data-analyst-1786005580-2b178c4974df,61.876,439.359
reviewer-1786005580-c40a55042351,61.918,462.173
wide-researcher-1786005580-4a3af16c2950,61.949,549.753
deep-researcher-1786005580-005650886f64,61.977,165.079
data-analyst-1786005580-f31c963da0b5,61.995,443.415
reviewer-1786005580-8987c56e8087,62.008,687.933
wide-researcher-1786005580-3009088a0270,62.066,657.531
data-analyst-1786005553-69b1bb98948b,62.079,84.584
deep-researcher-1786005580-bd5d579e6d90,62.088,204.668
data-analyst-1786005553-f20c3cae659d,62.097,72.883
data-analyst-1786005580-4e385f2d9b57,62.110,541.312
reviewer-1786005580-3b4cf8f3cdb1,62.133,428.217
data-analyst-1786005553-73fdc8ce41f4,62.156,72.915
data-analyst-1786005553-af4baa9e2fdf,62.171,208.358
wide-researcher-1786005580-518cedda129a,62.180,316.703
data-analyst-1786005553-615863fd1414,62.188,82.682
deep-researcher-1786005580-c8c149b1390e,62.197,267.021
data-analyst-1786005580-569dfa8dab86,62.215,374.840
reviewer-1786005580-53d002a97e01,62.229,643.447
data-analyst-1786005539-bb0c3a350176,62.262,62.262
wide-researcher-1786005580-f55f8255b598,62.275,423.679
deep-researcher-1786005580-fa9e90cc6b77,62.288,239.373
data-analyst-1786005580-c2aba3a4e844,62.309,414.141
reviewer-1786005580-8988c7000364,62.327,588.232
wide-researcher-1786005580-645163a23ac7,62.359,243.905
deep-researcher-1786005580-16f07b6ef1fe,62.388,304.342
data-analyst-1786005580-c201f91e1adf,62.412,425.049
reviewer-1786005580-3fc8506113cd,62.448,551.991
wide-researcher-1786005580-d0fd6aa5c377,62.505,212.799
data-analyst-1786005553-8b28b606b303,62.514,73.225
deep-researcher-1786005580-add35734b04e,62.519,179.222
data-analyst-1786005553-266e04d0685b,62.532,81.610
data-analyst-1786005580-82ee9e82e8b9,62.541,469.109
data-analyst-1786005553-5ed1f6db47f4,62.549,79.783
reviewer-1786005580-b40d1a253258,62.587,431.539
wide-researcher-1786005580-e9f76d5ba57c,62.641,264.648
deep-researcher-1786005580-844a098b844a,62.681,560.092
data-analyst-1786005581-eb1e52bf60a1,62.714,647.040
reviewer-1786005581-20883825c6c4,62.733,654.829
wide-researcher-1786005581-164c69d6a716,62.799,208.908
deep-researcher-1786005581-305fcfc96a26,62.823,201.898
data-analyst-1786005581-80fcf64ee3d4,62.860,308.606
reviewer-1786005581-9083b0b69041,62.879,631.075
wide-researcher-1786005581-4ccb22ad216f,62.931,358.147
deep-researcher-1786005581-0d99f3632c3e,62.945,541.342
data-analyst-1786005581-42ba2973efac,62.968,423.010
reviewer-1786005581-99e87002f926,62.982,320.417
wide-researcher-1786005581-6cd4eb04eb98,63.020,316.161
deep-researcher-1786005581-79f77dc5af63,63.038,541.754
data-analyst-1786005581-10a91b43987e,63.056,637.722
reviewer-1786005581-66421c27fb92,63.088,561.142
wide-researcher-1786005581-371bd5fa0a47,63.118,206.774
deep-researcher-1786005581-4ae6e6880223,63.137,243.658
data-analyst-1786005581-b914270c9f3f,63.150,418.179
reviewer-1786005581-2e4766eba35c,63.189,564.428
wide-researcher-1786005581-4556d439eecd,63.232,552.144
deep-researcher-1786005581-99b0e915421d,63.256,251.868
data-analyst-1786005581-30c7b058b6cb,63.288,439.262
reviewer-1786005581-285317f58f03,63.301,539.597
data-analyst-1786005551-2032c74f39a6,63.342,74.428
data-analyst-1786005551-29026be398cc,63.361,72.945
data-analyst-1786005552-409d0d0fcf60,63.380,74.570
wide-researcher-1786005581-bc765491e168,63.429,213.742
deep-researcher-1786005581-85cccd8ef7a6,63.443,555.240
data-analyst-1786005581-30313a06b779,63.478,447.908
reviewer-1786005581-48e602d15867,63.497,441.851
wide-researcher-1786005581-595111bd6b35,63.528,607.033
data-analyst-1786005551-05970f352705,63.576,128.464
deep-researcher-1786005581-5684bd13a013,63.585,209.431
data-analyst-1786005581-6b4cf76478c0,63.624,561.005
reviewer-1786005581-ad42b99f87a5,63.643,458.258
wide-researcher-1786005581-501d9ebf38cc,63.690,318.898
deep-researcher-1786005582-cc402365c838,63.708,443.052
data-analyst-1786005546-c900c7af05bb,63.716,63.717
data-analyst-1786005582-d516839c9af9,63.728,645.555
reviewer-1786005582-ca6f101a89fb,63.751,640.773
wide-researcher-1786005582-3ec9c636dd63,63.798,414.929
deep-researcher-1786005582-e5370e334dfb,63.816,602.511
data-analyst-1786005582-40828625d4d3,63.834,217.247
reviewer-1786005582-adbe227b91e7,63.853,538.700
wide-researcher-1786005582-a06d384ced44,63.899,494.286
deep-researcher-1786005582-86934fabb8b2,63.922,213.807
data-analyst-1786005582-be183668b074,63.955,290.614
reviewer-1786005582-1f6865bae90c,63.968,638.036
data-analyst-1786005551-b5792c691ddd,64.005,72.773
wide-researcher-1786005582-635016510bb5,64.018,466.477
deep-researcher-1786005582-2e01bd9fac9e,64.093,309.696
data-analyst-1786005550-e9bba3e35bd1,64.190,64.191
data-analyst-1786005582-4709b91d3db3,64.215,304.559
reviewer-1786005582-ae091547b106,64.246,541.661
wide-researcher-1786005582-fd23444b16ee,64.307,554.761
deep-researcher-1786005582-fe2124c1f771,64.326,304.281
data-analyst-1786005582-2c4104e7acf9,64.339,431.072
reviewer-1786005582-0ba014cd86a6,64.362,662.079
wide-researcher-1786005582-794e028190bc,64.397,323.162
deep-researcher-1786005582-6d4d92211053,64.439,206.326
data-analyst-1786005554-e119443bc238,64.448,73.133
data-analyst-1786005554-5f9ff8e5255e,64.461,73.177
data-analyst-1786005554-ad6eb61e35ff,64.474,97.654
data-analyst-1786005582-e2a9b0822b98,64.479,318.802
reviewer-1786005582-da5634f0dad1,64.491,430.523
wide-researcher-1786005582-41f28b102996,64.518,301.641
deep-researcher-1786005582-f203b995c274,64.542,216.392
data-analyst-1786005582-ad9f19f89b67,64.569,314.841
reviewer-1786005582-d15d59aea176,64.591,656.249
wide-researcher-1786005582-d538a5f9da81,64.618,253.751
deep-researcher-1786005583-73c964978af6,64.647,424.420
data-analyst-1786005583-74edf0d7ab27,64.661,583.122
reviewer-1786005583-eda0ff00d44a,64.699,605.872
wide-researcher-1786005583-12c7c6319a6d,64.768,331.764
deep-researcher-1786005583-7a27d0518f50,64.803,253.920
data-analyst-1786005583-527ffa91ffa3,64.817,304.445
reviewer-1786005583-2749cafe8fad,64.840,653.900
wide-researcher-1786005583-1d81baa8fbed,64.897,305.888
deep-researcher-1786005583-a0eb1427be6e,64.935,655.400
data-analyst-1786005583-ff0b05ad2776,64.958,653.382
reviewer-1786005583-7ba2edf7db02,64.997,557.736
wide-researcher-1786005583-105cd38232b3,65.036,430.165
deep-researcher-1786005583-8542eca1ff10,65.087,605.667
data-analyst-1786005583-0d807fc1a941,65.100,315.552
reviewer-1786005583-46d71eb0b8eb,65.129,581.407
wide-researcher-1786005583-e1861c1cd76e,65.166,659.650
deep-researcher-1786005583-abc8ff43e982,65.191,422.525
data-analyst-1786005583-f87d74183b6e,65.220,421.939
reviewer-1786005583-90a7b3e2024d,65.244,566.174
wide-researcher-1786005583-36a0e902c0f0,65.325,205.087
deep-researcher-1786005583-76107e03bdd2,65.344,647.166
data-analyst-1786005583-ea2ec91b556b,65.359,310.659
reviewer-1786005583-4cd4d60895fa,65.373,430.821
wide-researcher-1786005583-729c182dc786,65.412,209.575
deep-researcher-1786005583-635f437ab9fd,65.432,219.189
data-analyst-1786005583-0c4adeb134fe,65.461,350.218
reviewer-1786005583-026f0d1e3b2f,65.486,418.740
wide-researcher-1786005583-549005d3922f,65.530,266.624
deep-researcher-1786005583-30f4c2388eac,65.595,420.661
data-analyst-1786005583-89925f1914df,65.608,417.893
reviewer-1786005583-35626ae15df0,65.705,549.119
wide-researcher-1786005583-2fcf2937c5c3,65.752,215.185
deep-researcher-1786005584-587834985f2a,65.771,214.988
data-analyst-1786005584-c47ed2556314,65.793,423.660
reviewer-1786005584-a91942d09af4,65.816,559.303
wide-researcher-1786005584-1ff69d2649ce,65.855,196.130
deep-researcher-1786005584-6e4f4abd3b31,65.877,435.184
data-analyst-1786005584-4477d11270bb,65.911,506.420
reviewer-1786005584-a826dc266654,65.949,642.260
data-analyst-1786005551-5d0369b9c7a0,65.954,72.759
wide-researcher-1786005584-5e6dc32ee5e7,65.995,315.106
deep-researcher-1786005584-7833ae21454e,66.009,231.010
data-analyst-1786005584-b723cf3a7202,66.022,329.176
reviewer-1786005584-ed18a1a7ea07,66.053,314.582
wide-researcher-1786005584-1fe5a6e1eed7,66.110,211.913
deep-researcher-1786005584-01620602e679,66.137,217.934
data-analyst-1786005554-05051d1fea99,66.156,72.962
data-analyst-1786005584-1dd72392a69a,66.161,567.422
reviewer-1786005584-6a72c24c6648,66.174,428.070
data-analyst-1786005554-b840283f17dd,66.174,76.623
data-analyst-1786005554-77b0c357c718,66.191,74.009
wide-researcher-1786005584-11275305a9ae,66.204,291.598
deep-researcher-1786005584-c06114b29b94,66.221,626.855
data-analyst-1786005549-2f4b30393779,66.244,72.664
data-analyst-1786005584-59c4b73a0948,66.275,314.854
reviewer-1786005584-92187ba301f1,66.287,699.487
wide-researcher-1786005584-12542ff7f867,66.323,243.672
deep-researcher-1786005584-d6401d61027e,66.336,179.957
data-analyst-1786005584-658dd1524e9a,66.354,432.461
reviewer-1786005584-e5c9f4df8bec,66.366,553.658
wide-researcher-1786005584-76d764d9b3b4,66.408,437.831
deep-researcher-1786005584-24e00bc190b9,66.441,253.989
data-analyst-1786005584-fd8e4f20ddd3,66.469,334.652
reviewer-1786005584-c376c9b60acb,66.502,684.984
wide-researcher-1786005584-9a22577080c9,66.543,231.460
deep-researcher-1786005584-f9db9458e07f,66.557,421.342
data-analyst-1786005584-1062758989d9,66.604,340.228
reviewer-1786005584-e45eded92e2f,66.641,559.843
data-analyst-1786005546-df0c5d5687f8,66.646,66.646
wide-researcher-1786005585-c67d77ff8b85,66.674,192.240
deep-researcher-1786005585-9b38bfdbddca,66.704,144.887
data-analyst-1786005585-61569426d3a2,66.732,549.477
reviewer-1786005585-b41beac04cd2,66.756,684.779
wide-researcher-1786005585-c0f39c91b93b,66.836,453.774
deep-researcher-1786005585-aaa5f87fc95c,66.860,419.061
data-analyst-1786005585-467dd9072d65,66.875,558.493
reviewer-1786005585-f10394b4e886,66.894,546.026
wide-researcher-1786005585-e568a69ac1a6,66.924,253.937
deep-researcher-1786005585-275ea7ab544c,66.973,686.204
data-analyst-1786005585-87f941375170,67.003,437.499
reviewer-1786005585-f0e57549a2b0,67.045,547.643
wide-researcher-1786005585-448d23e62fd9,67.089,301.071
deep-researcher-1786005585-6c3377b09f02,67.110,643.401
data-analyst-1786005585-a6825c452e13,67.217,371.689
reviewer-1786005585-8fb042da35ed,67.231,678.381
wide-researcher-1786005585-310fa77301bb,67.281,178.048
deep-researcher-1786005585-e572ada68e4d,67.336,473.411
data-analyst-1786005585-3ffae3dcc1f7,67.365,421.488
reviewer-1786005585-c11ac78a69c1,67.393,688.811
wide-researcher-1786005585-28e8cabb77f4,67.431,318.376
deep-researcher-1786005585-1486caad0e56,67.456,220.749
data-analyst-1786005585-8b6d396376dd,67.475,541.866
reviewer-1786005585-d8dd58c1b692,67.504,680.004
wide-researcher-1786005585-761791cb8ba1,67.563,626.635
data-analyst-1786005539-6ec622dbf014,67.564,67.568
deep-researcher-1786005585-7cd9971a418c,67.577,224.289
data-analyst-1786005585-37e8ede0cc6d,67.611,568.497
reviewer-1786005585-45becbd919ce,67.641,677.163
data-analyst-1786005554-db5f43185a75,67.668,78.900
data-analyst-1786005554-1715e4978386,67.683,87.488
wide-researcher-1786005586-fb2ab9c16e7c,67.688,506.895
data-analyst-1786005554-6988bafae2c6,67.700,73.192
deep-researcher-1786005586-2b31f6520d14,67.719,396.640
data-analyst-1786005586-3f1b09c4bef2,67.733,643.842
data-analyst-1786005543-dffd74649e5e,67.742,67.743
reviewer-1786005586-47f9b9ddff44,67.783,646.787
wide-researcher-1786005586-a60ac906fb07,67.827,457.411
deep-researcher-1786005586-aa98d27e98c0,67.865,206.620
data-analyst-1786005586-1f19d1c74078,67.920,356.931
reviewer-1786005586-3c0ee35814ec,67.939,590.369
wide-researcher-1786005586-d935f113c9cf,67.974,208.704
deep-researcher-1786005586-ca50a943b351,68.003,157.767
data-analyst-1786005586-2feed40d1942,68.016,554.062
data-analyst-1786005549-5c9b8af021dc,68.037,68.037
reviewer-1786005586-df89460d066a,68.072,563.820
wide-researcher-1786005586-a8d0b1c6dc38,68.126,297.979
deep-researcher-1786005586-14d1144446cb,68.155,656.614
data-analyst-1786005586-64bb4ea3ccc2,68.184,544.934
reviewer-1786005586-b723fe1375e9,68.198,644.090
wide-researcher-1786005586-b3372d73d416,68.247,206.119
deep-researcher-1786005586-3d508c96b0a6,68.272,613.064
data-analyst-1786005586-bcdab9c19b7f,68.354,436.083
data-analyst-1786005545-de8ec595e329,68.375,68.375
reviewer-1786005586-f018d2326d1f,68.380,438.659
data-analyst-1786005544-df47500b5b9a,68.395,68.395
wide-researcher-1786005586-950c398455fe,68.417,570.758
data-analyst-1786005554-4ea04ca2c23e,68.457,86.463
data-analyst-1786005554-ab1c39460aef,68.470,73.048
deep-researcher-1786005586-22e63b5207ff,68.480,316.507
data-analyst-1786005554-5548a81eb6b6,68.485,85.124
data-analyst-1786005586-049734c11c74,68.503,442.194
reviewer-1786005586-f301d3856fb7,68.546,673.530
wide-researcher-1786005586-ce0e60c21b67,68.575,205.296
deep-researcher-1786005586-2106006a5151,68.598,350.276
data-analyst-1786005586-1f2b109c8076,68.621,553.792
reviewer-1786005587-c677c6e0f7c9,68.665,318.273
wide-researcher-1786005587-06bcf12c564e,68.723,213.922
deep-researcher-1786005587-10716b898943,68.737,359.045
data-analyst-1786005587-2fbbde927faa,68.751,440.477
data-analyst-1786005551-7dbee2959af3,68.785,68.785
reviewer-1786005587-72240d34caba,68.790,373.778
wide-researcher-1786005587-882d2947efe7,68.865,643.746
deep-researcher-1786005587-ffb4ddab4bd6,68.877,294.073
data-analyst-1786005587-345666252c6d,68.905,427.413
reviewer-1786005587-8a76bf61e7f8,68.918,698.144
wide-researcher-1786005587-e31f48134575,68.983,242.344
deep-researcher-1786005587-06f8d273cc94,69.012,379.191
data-analyst-1786005551-671b29debdbe,69.033,69.033
data-analyst-1786005587-3cc12d5af59a,69.068,448.045
reviewer-1786005587-d8587e6955ed,69.082,322.331
wide-researcher-1786005587-f7972de39997,69.114,418.690
deep-researcher-1786005587-1e46291c2896,69.127,206.057
data-analyst-1786005587-ab913cbb1fff,69.149,431.699
reviewer-1786005587-88e766b83492,69.164,684.605
wide-researcher-1786005587-5a094159d540,69.200,571.319
deep-researcher-1786005587-13b572536fc9,69.232,377.707
data-analyst-1786005587-acbd6f6224bc,69.246,337.403
reviewer-1786005587-e887fd53aa3d,69.297,675.098
wide-researcher-1786005587-8b676cd51933,69.342,509.151
deep-researcher-1786005587-4b08685b75a9,69.381,301.086
data-analyst-1786005587-59d202acf2ff,69.422,649.478
reviewer-1786005587-31fd7763223c,69.450,657.970
wide-researcher-1786005587-fa202b255196,69.482,214.123
deep-researcher-1786005587-7062b42814e1,69.514,671.752
data-analyst-1786005587-1134030b99d4,69.532,345.595
reviewer-1786005587-5d306980dca9,69.580,620.558
wide-researcher-1786005587-3563d34bddd3,69.621,223.617
deep-researcher-1786005587-10294ebae9c3,69.651,444.228
data-analyst-1786005587-a4696702af1a,69.715,444.375
data-analyst-1786005553-30d827e65b45,69.719,72.854
reviewer-1786005588-71c50e634db7,69.728,561.199
data-analyst-1786005551-ffa28c0de2e2,69.736,69.737
wide-researcher-1786005588-e6a372f82594,69.784,341.012
deep-researcher-1786005588-cb0c0b2f42fc,69.854,212.681
data-analyst-1786005588-f97a7ff77888,69.866,568.055
reviewer-1786005588-132dbb2794db,69.885,648.983
wide-researcher-1786005588-ea2a31ab1280,69.921,554.104
deep-researcher-1786005588-35c3faa371fa,69.944,615.984
data-analyst-1786005588-3a291dfd4b66,69.985,438.233
reviewer-1786005588-09bbd9f2e721,70.017,572.064
wide-researcher-1786005588-c9f3677f9df0,70.058,548.028
deep-researcher-1786005588-7fbe415bcb24,70.075,255.750
data-analyst-1786005551-6284281e8c16,70.083,70.084
data-analyst-1786005588-0047bbffb66b,70.092,541.223
reviewer-1786005588-a786664dd015,70.109,686.225
wide-researcher-1786005588-8a65ef4f75fc,70.185,382.233
deep-researcher-1786005588-488aef11d542,70.208,214.241
data-analyst-1786005588-2729ccb3dbec,70.226,316.446
reviewer-1786005588-23d0c1327a91,70.262,422.813
wide-researcher-1786005588-116b6fdd5875,70.311,236.369
deep-researcher-1786005588-a743f0d2bad4,70.376,215.252
data-analyst-1786005588-eca2478e25d9,70.393,543.108
reviewer-1786005588-9bdfc7075b25,70.411,590.953
wide-researcher-1786005588-cee72379f5d2,70.437,146.106
deep-researcher-1786005588-ae3321ba274e,70.460,248.957
data-analyst-1786005588-62f47da91d5e,70.488,370.507
reviewer-1786005588-3130fc8e9da0,70.500,601.391
wide-researcher-1786005588-22748dc8aefd,70.536,214.559
deep-researcher-1786005588-76d765bffa79,70.578,272.537
data-analyst-1786005588-8a8a07ceeb67,70.595,420.068
reviewer-1786005588-0df37cc5a07a,70.613,670.661
wide-researcher-1786005589-5c79fadb3d32,70.655,304.923
deep-researcher-1786005589-db1e8ec127bc,70.680,643.692
data-analyst-1786005589-82ec5f854d37,70.706,323.985
reviewer-1786005589-dddceae52158,70.743,638.407
wide-researcher-1786005589-63b918c208cc,70.803,379.312
data-analyst-1786005555-2988dd5bd0a0,70.803,75.842
deep-researcher-1786005589-f0483df72ef1,70.815,143.299
data-analyst-1786005555-5683834d0e29,70.823,73.329
data-analyst-1786005589-d0f1e319e164,70.827,330.480
data-analyst-1786005555-2f3ecf7c9aed,70.839,81.836
reviewer-1786005589-20890d1c4a49,70.844,567.793
wide-researcher-1786005589-3d00d6c8be80,70.889,320.555
deep-researcher-1786005589-7c30d1234211,70.928,205.027
data-analyst-1786005589-9259536da9e9,70.941,437.426
reviewer-1786005589-f42194bb8426,70.967,553.114
data-analyst-1786005552-16bd5560cd13,71.001,73.004
wide-researcher-1786005589-ca09ca67773e,71.024,233.003
deep-researcher-1786005589-baa6c472a9af,71.036,319.121
data-analyst-1786005589-14f8ff05279a,71.094,421.704
reviewer-1786005589-dbb191011162,71.106,434.397
wide-researcher-1786005589-60060af8871a,71.163,213.355
deep-researcher-1786005589-9a8c505d87a9,71.195,419.412
data-analyst-1786005589-d9d413ad66b9,71.212,538.170
reviewer-1786005589-43cc6d3b11dc,71.234,555.778
wide-researcher-1786005589-c81a8a16e151,71.306,262.986
data-analyst-1786005555-362427bffec2,71.310,76.233
data-analyst-1786005555-f4fb56bdcdc5,71.326,74.870
data-analyst-1786005555-94475b61f74c,71.339,74.585
deep-researcher-1786005589-3ac10f245eca,71.339,209.695
data-analyst-1786005589-6601a7f7dcdf,71.371,353.019
reviewer-1786005589-0b18ce901903,71.396,662.445
wide-researcher-1786005589-f9020605e898,71.435,272.507
deep-researcher-1786005589-d2de90a53a93,71.501,639.109
data-analyst-1786005589-9349c97200aa,71.520,437.248
reviewer-1786005589-df46afc61ede,71.538,682.466
data-analyst-1786005551-82ab8bf37d39,71.564,86.497
wide-researcher-1786005589-5db85ce15164,71.570,317.004
deep-researcher-1786005589-d06153b78ee9,71.628,657.251
data-analyst-1786005589-17799f5900c0,71.641,419.231
reviewer-1786005590-8d60fa1ea847,71.685,654.091
data-analyst-1786005553-7304b8779bcf,71.685,72.837
wide-researcher-1786005590-ee663f96307d,71.717,301.434
deep-researcher-1786005590-7970d8927f5b,71.743,417.606
data-analyst-1786005590-d91c3577c56b,71.777,655.033
reviewer-1786005590-7d8dcd9ed87a,71.810,638.627
data-analyst-1786005550-f2e827dea0cf,71.853,73.821
wide-researcher-1786005590-e274ff3e2277,71.883,440.506
deep-researcher-1786005590-dcf1894a769e,71.923,216.963
data-analyst-1786005590-93ea81b9be9d,71.938,434.944
data-analyst-1786005555-8de35fef301b,71.947,73.447
data-analyst-1786005555-cadf8f0b490b,71.961,74.055
reviewer-1786005590-3142e90ca146,71.970,440.921
data-analyst-1786005555-4f7465e4e244,71.978,74.708
wide-researcher-1786005590-16ccd64a2f32,72.001,322.735
deep-researcher-1786005590-b917516a7c3f,72.024,674.752
data-analyst-1786005590-7e5083a6c05f,72.043,435.630
reviewer-1786005590-bcce2de1ce7b,72.096,561.229
data-analyst-1786005547-92a5f9e630c4,72.113,72.114
wide-researcher-1786005590-bf9c93bc4422,72.122,547.973
deep-researcher-1786005590-639e1ae64c69,72.140,560.578
data-analyst-1786005590-874736ef31a1,72.158,559.061
reviewer-1786005590-ed5f941bc086,72.171,598.505
wide-researcher-1786005590-df1ab83b10f7,72.200,543.977
deep-researcher-1786005590-1cf9de91ba1c,72.261,319.993
data-analyst-1786005553-23b1ae62b718,72.290,72.730
data-analyst-1786005590-e1243c0a11fa,72.320,419.984
reviewer-1786005590-313f740da892,72.332,547.094
wide-researcher-1786005590-d4c7c2177691,72.365,209.153
deep-researcher-1786005590-521f2e41a6b4,72.400,560.408
data-analyst-1786005590-bc79d96245e4,72.440,694.732
reviewer-1786005590-e0201bb5f10e,72.483,419.947
wide-researcher-1786005590-58853fb32d5f,72.540,217.999
deep-researcher-1786005590-483c1f510ebb,72.553,206.293
data-analyst-1786005590-69a7b2607eb7,72.594,323.639
reviewer-1786005590-c3da5b400412,72.607,657.667
wide-researcher-1786005591-85074a88b724,72.633,317.781
deep-researcher-1786005591-10a4b29e04c6,72.655,165.111
data-analyst-1786005591-d7240cc7f8e3,72.713,551.043
reviewer-1786005591-28062dbc5142,72.726,444.599
wide-researcher-1786005591-781cb364948e,72.755,318.096
deep-researcher-1786005591-9f8d9d5de456,72.798,226.000
data-analyst-1786005591-84dc973f3603,72.815,653.490
reviewer-1786005591-2957aee9a2f7,72.875,648.600
wide-researcher-1786005591-b3f643ffe7b1,72.911,319.313
deep-researcher-1786005591-e992405e7395,72.923,608.635
data-analyst-1786005591-3dcecada09df,72.944,456.993
reviewer-1786005591-04e0603c5db4,73.013,433.474
wide-researcher-1786005591-41296efff1a9,73.052,215.463
deep-researcher-1786005591-121a82e14396,73.070,335.910
data-analyst-1786005591-100c7609754c,73.109,547.658
reviewer-1786005591-1a231122b53e,73.141,609.787
wide-researcher-1786005591-aa8095a48b61,73.200,314.150
data-analyst-1786005555-f8bbf153b7fa,73.239,73.239
deep-researcher-1786005591-6159f24ebef5,73.258,359.545
data-analyst-1786005556-15540b6efd15,73.285,73.285
data-analyst-1786005591-ac2b49bf7425,73.320,440.542
reviewer-1786005591-d0be0686d3e6,73.333,427.743
wide-researcher-1786005591-2c4abf45e769,73.387,458.196
deep-researcher-1786005591-7d4b601407a7,73.400,151.336
data-analyst-1786005591-e7fe9ab0dc3f,73.438,423.380
reviewer-1786005591-fee15b8d4c5d,73.451,675.158
wide-researcher-1786005591-568436afb2bf,73.488,206.951
data-analyst-1786005557-1df889934c87,73.496,73.497
deep-researcher-1786005591-444175bbd654,73.511,230.593
data-analyst-1786005591-9a552ad8d9f1,73.555,556.094
data-analyst-1786005557-aa253f28ba98,73.565,73.565
data-analyst-1786005557-52749453e71f,73.610,73.611
reviewer-1786005591-cf8b4afb917b,73.615,418.960
data-analyst-1786005561-545035e05bb0,73.627,130.196
wide-researcher-1786005591-ef1260790ff9,73.640,512.168
deep-researcher-1786005591-d8516054f87a,73.653,556.160
data-analyst-1786005592-b44271ab4bd9,73.671,429.212
reviewer-1786005592-4d81317f3a71,73.684,561.806
data-analyst-1786005556-721fc22ed7a9,73.701,73.701
wide-researcher-1786005592-6cec0484bf53,73.762,276.746
deep-researcher-1786005592-2f3b976966c8,73.831,649.963
data-analyst-1786005592-62e0eed82991,73.845,498.952
reviewer-1786005592-479d7782ab29,73.858,664.885
data-analyst-1786005556-9aee375bd51b,73.871,73.872
data-analyst-1786005556-1dea8172b99f,73.900,73.901
wide-researcher-1786005592-41a0e9f3f1d1,73.909,210.510
data-analyst-1786005556-2b40ddf6c830,73.933,128.216
deep-researcher-1786005592-40bc8956cba6,73.954,592.927
data-analyst-1786005592-fa290f4a2143,73.983,560.940
reviewer-1786005592-0768e6c3a6c8,74.005,645.918
wide-researcher-1786005592-ddac9d8a116d,74.055,377.692
deep-researcher-1786005592-19aad5ae3060,74.104,307.419
data-analyst-1786005592-986c3743936c,74.123,422.318
reviewer-1786005592-43c0785da1cc,74.137,568.440
wide-researcher-1786005592-93092b4889bb,74.226,211.487
deep-researcher-1786005592-b3d62200b38f,74.245,163.878
data-analyst-1786005592-fd4e0cd0e284,74.290,549.726
reviewer-1786005592-e9a8c39ef370,74.381,546.683
wide-researcher-1786005592-59c759493bb6,74.407,637.955
deep-researcher-1786005592-43099f15dcf3,74.432,218.069
data-analyst-1786005592-f0d666846698,74.457,511.238
data-analyst-1786005557-d6f3e71237b4,74.461,74.461
reviewer-1786005592-2de64197bee7,74.520,683.528
wide-researcher-1786005592-dbdd4eff035b,74.562,664.086
deep-researcher-1786005592-09f0278c0940,74.629,651.277
data-analyst-1786005592-5b78e318d9cf,74.647,328.418
reviewer-1786005592-99d7e89096e3,74.666,490.978
wide-researcher-1786005593-2fd8eaf9046d,74.703,268.852
data-analyst-1786005557-6e2b858c2a91,74.740,74.740
deep-researcher-1786005593-2114b8975270,74.770,650.887
data-analyst-1786005593-12e8df0f0dcd,74.798,324.882
reviewer-1786005593-a25d7614e655,74.827,642.136
wide-researcher-1786005593-f69163a7448f,74.853,542.850
deep-researcher-1786005593-5f22767b60be,74.912,209.832
data-analyst-1786005557-f04ee1a12d88,74.935,74.936
data-analyst-1786005593-3c7c37d8d12f,74.948,262.542
reviewer-1786005593-8f48a2b6debc,74.965,590.396
wide-researcher-1786005593-cfe640dffbca,75.010,213.666
deep-researcher-1786005593-abe58845b409,75.036,301.991
data-analyst-1786005557-c3a822954d6f,75.041,75.041
data-analyst-1786005557-35ccb64ed70b,75.055,75.055
data-analyst-1786005557-a08b521b5ae0,75.118,75.118
data-analyst-1786005593-3c895c936cd9,75.118,340.071
reviewer-1786005593-f51f8a167847,75.135,642.597
data-analyst-1786005557-2f70f98e341e,75.152,75.152
wide-researcher-1786005593-ed196a7135ab,75.164,459.878
data-analyst-1786005564-a92d4d0ea1f5,75.165,131.339
deep-researcher-1786005593-d72e1300a2cb,75.182,320.496
data-analyst-1786005593-3731bb7e8525,75.199,437.531
data-analyst-1786005557-4dbe1baa7626,75.207,75.208
reviewer-1786005593-ebc00ea81def,75.212,649.415
data-analyst-1786005564-8f721ab4ac5d,75.224,129.642
wide-researcher-1786005593-6fbd8af7ee9d,75.278,226.424
data-analyst-1786005560-89f549a2f5df,75.293,75.293
deep-researcher-1786005593-a1fcecac3264,75.342,315.482
data-analyst-1786005593-22871d077689,75.355,437.850
reviewer-1786005593-aa0582fa3e22,75.368,537.733
data-analyst-1786005564-ef54fb96df0d,75.376,143.435
data-analyst-1786005556-b02cb90e10e6,75.409,75.410
wide-researcher-1786005593-56d069a308d0,75.414,322.689
deep-researcher-1786005593-5991c442e8ab,75.466,206.214
data-analyst-1786005564-68132bcb8150,75.476,129.191
data-analyst-1786005593-b264eac0deb1,75.491,672.408
reviewer-1786005593-55f8dc4f99cc,75.503,674.909
wide-researcher-1786005593-1f4d678f58dc,75.562,217.307
deep-researcher-1786005593-2520f874a26d,75.611,316.130
data-analyst-1786005593-12c28801b169,75.635,436.481
reviewer-1786005593-2bb42fda5a0c,75.650,665.528
data-analyst-1786005560-53f034344a86,75.682,75.682
data-analyst-1786005556-64a895cb68b4,75.726,75.727
wide-researcher-1786005594-abc6ab1edb58,75.735,309.998
deep-researcher-1786005594-fe3ed8e6ac9b,75.803,646.617
data-analyst-1786005594-cab29b8f6536,75.832,418.934
reviewer-1786005594-9d2d40bb4d96,75.866,658.262
wide-researcher-1786005594-4f1b0a891765,75.909,542.434
deep-researcher-1786005594-774e1f3f4155,75.938,519.790
data-analyst-1786005594-fd3fd5700a20,76.008,595.971
reviewer-1786005594-e477641b535b,76.032,572.362
wide-researcher-1786005594-976b8fa43405,76.074,213.110
deep-researcher-1786005594-e81ff4a2f801,76.114,543.947
data-analyst-1786005557-f7d91995b43f,76.124,76.124
data-analyst-1786005594-6c962b2148dc,76.137,546.225
reviewer-1786005594-8796f16715fc,76.167,642.476
wide-researcher-1786005594-42e8c7e62934,76.192,547.945
data-analyst-1786005556-ffdf93404c5b,76.215,76.216
deep-researcher-1786005594-ede1c46b7e59,76.220,213.728
data-analyst-1786005594-54db509f0b66,76.246,666.949
reviewer-1786005594-86ed6fd2b64d,76.270,431.353
data-analyst-1786005565-c1673c57a308,76.283,131.597
wide-researcher-1786005594-bcff51ea8053,76.306,181.549
deep-researcher-1786005594-713bbed83c52,76.338,217.229
data-analyst-1786005594-94af03954bcc,76.361,361.945
data-analyst-1786005563-ee31200075ed,76.406,127.960
reviewer-1786005594-c96f32526c4a,76.415,554.077
wide-researcher-1786005594-547aa60fc6a0,76.456,310.842
deep-researcher-1786005594-a7460ab990cc,76.511,271.381
data-analyst-1786005594-dc9c5d959596,76.524,653.231
reviewer-1786005594-4f39075294b2,76.553,564.758
data-analyst-1786005555-c05fc31dd031,76.561,131.780
wide-researcher-1786005594-84f6082e63c5,76.633,421.043
data-analyst-1786005560-08080623e5e8,76.642,76.643
deep-researcher-1786005594-8ac735181139,76.656,234.137
data-analyst-1786005594-229fe30402a5,76.668,417.836
reviewer-1786005595-d20d5559c8f9,76.696,676.792
wide-researcher-1786005595-2bcea7baff43,76.730,649.654
deep-researcher-1786005595-45459f3d89ec,76.778,638.707
data-analyst-1786005595-a2d3658e4151,76.859,305.023
reviewer-1786005595-5ba83abd2458,76.873,671.301
wide-researcher-1786005595-9c993fb7124c,76.898,583.047
deep-researcher-1786005595-b2f2c3d78238,76.946,234.697
data-analyst-1786005595-a247cc8f835f,76.965,294.929
reviewer-1786005595-2c34c6e3b96d,76.978,647.665
wide-researcher-1786005595-d4946567005f,77.014,302.037
deep-researcher-1786005595-94063c23a2bb,77.059,309.927
data-analyst-1786005595-1d31c87cd062,77.131,647.371
reviewer-1786005595-f868190b827f,77.149,558.850
wide-researcher-1786005595-785b07506b7b,77.179,212.320
deep-researcher-1786005595-6a6586912366,77.231,152.850
data-analyst-1786005595-55850b42b48e,77.252,436.373
reviewer-1786005595-c4529d890a94,77.275,674.454
wide-researcher-1786005595-10c8b3b271b2,77.317,305.830
deep-researcher-1786005595-823c15c165ac,77.373,433.696
data-analyst-1786005595-c1b39af33114,77.391,441.868
reviewer-1786005595-7004f04142f3,77.416,692.103
wide-researcher-1786005595-7034349e7b7e,77.449,500.013
deep-researcher-1786005595-94a25650f154,77.467,226.960
data-analyst-1786005567-56d1c69d127e,77.485,138.470
data-analyst-1786005595-c11811d0563f,77.521,436.862
reviewer-1786005595-46b2e1a2e75a,77.547,417.142
wide-researcher-1786005595-cbdaaf4a1b8c,77.591,216.338
data-analyst-1786005567-7cb6580d8f9f,77.621,130.310
deep-researcher-1786005595-31b04cbee5e4,77.629,647.544
data-analyst-1786005595-76fe38d6d630,77.656,428.294
reviewer-1786005596-47b772ceb983,77.681,557.382
wide-researcher-1786005596-bc03019bbaf0,77.734,207.148
deep-researcher-1786005596-ce77ed18e3f3,77.756,552.465
data-analyst-1786005596-65426618319f,77.792,549.591
reviewer-1786005596-8ea838b9ef71,77.819,418.591
wide-researcher-1786005596-22c2b2f02f6c,77.850,310.160
deep-researcher-1786005596-dc2111ee833b,77.877,234.122
data-analyst-1786005596-1113abd304ad,77.930,308.090
reviewer-1786005596-8eaa0bcba3a2,77.943,673.279
data-analyst-1786005568-6fb8d83a1cca,77.980,206.839
wide-researcher-1786005596-bee9cadf39a5,77.989,213.651
deep-researcher-1786005596-ff0fee3496e6,78.018,231.821
data-analyst-1786005596-e7380c44e830,78.030,650.207
reviewer-1786005596-87fec2a149e5,78.066,424.741
wide-researcher-1786005596-1486ed149eea,78.152,418.849
deep-researcher-1786005596-ccf20374e23b,78.176,176.373
data-analyst-1786005596-bd4c066c9a75,78.194,657.879
reviewer-1786005596-e081f09acf3d,78.212,578.912
wide-researcher-1786005596-7aedc88b851b,78.243,304.623
data-analyst-1786005564-8ae55f7c382f,78.283,78.283
deep-researcher-1786005596-cc9155e26de0,78.287,302.529
data-analyst-1786005557-0fa975d6dfb8,78.330,78.330
data-analyst-1786005596-82316d4a677d,78.338,565.596
reviewer-1786005596-3c3b57a8a7e0,78.356,654.597
wide-researcher-1786005596-ed1a7dee2dba,78.388,491.601
data-analyst-1786005561-aff420ef9d72,78.397,78.397
deep-researcher-1786005596-08c255181c04,78.409,426.119
data-analyst-1786005564-0812e8b17963,78.413,78.413
data-analyst-1786005596-b059db4c6a39,78.479,538.239
reviewer-1786005596-1c4bdc26b028,78.499,672.606
wide-researcher-1786005596-a6baa8cbdcb4,78.529,420.960
deep-researcher-1786005596-3f42b1891807,78.548,305.745
data-analyst-1786005564-905a6df316ae,78.552,78.552
data-analyst-1786005596-e32d3084b5c8,78.572,547.816
reviewer-1786005596-85f033e7a0f3,78.628,622.843
wide-researcher-1786005596-550276283226,78.659,612.535
deep-researcher-1786005597-9a8cbb514dcb,78.676,559.366
data-analyst-1786005597-ed1d7046b977,78.699,568.716
reviewer-1786005597-bdf2d1a1b34a,78.759,678.098
wide-researcher-1786005597-2a4caa6fa68e,78.797,297.664
deep-researcher-1786005597-bd9fec5e112f,78.825,319.897
data-analyst-1786005597-0f9903214884,78.890,565.192
reviewer-1786005597-5f8e4e1ed986,78.904,637.383
data-analyst-1786005569-7f0f238e2396,78.981,130.328
wide-researcher-1786005597-ef66e9923e04,79.033,556.351
deep-researcher-1786005597-45c1a5899d75,79.057,597.440
data-analyst-1786005597-9a9180d9c354,79.071,584.534
reviewer-1786005597-c93df0c0ec9a,79.095,549.310
wide-researcher-1786005597-5303e442475f,79.132,318.137
deep-researcher-1786005597-7e0ad32b9d25,79.162,269.961
data-analyst-1786005597-a34188fec6c3,79.190,548.955
reviewer-1786005597-a60b3f8134c8,79.203,393.403
wide-researcher-1786005597-00a2f03bdf0b,79.235,318.611
deep-researcher-1786005597-be9ded01293a,79.248,213.165
data-analyst-1786005597-24daceacfdf9,79.265,426.249
data-analyst-1786005569-1fdba6cfced3,79.284,130.570
reviewer-1786005597-feb145080b05,79.293,424.296
wide-researcher-1786005597-b0a627c62eee,79.324,216.507
deep-researcher-1786005597-709086cb35a8,79.359,603.331
data-analyst-1786005597-81bfe214b5dc,79.437,540.577
reviewer-1786005597-f923d72d3f08,79.455,553.746
wide-researcher-1786005597-584b7c29e74f,79.499,331.796
deep-researcher-1786005597-c4dc99793918,79.522,236.327
data-analyst-1786005563-324f0c945243,79.526,79.526
data-analyst-1786005597-7777ec5b6e52,79.535,323.926
data-analyst-1786005563-456f94e618eb,79.540,79.540
reviewer-1786005597-95ef69a7bbc5,79.578,559.093
data-analyst-1786005563-4b4a394efdea,79.616,79.617
wide-researcher-1786005597-045362bf8622,79.680,322.465
deep-researcher-1786005597-52829bbd7704,79.704,561.762
data-analyst-1786005598-7bc11435a157,79.732,427.306
reviewer-1786005598-20705cb80b19,79.744,566.749
wide-researcher-1786005598-a5f5f728cf39,79.787,217.387
deep-researcher-1786005598-7c1d124011e3,79.854,676.227
data-analyst-1786005598-c9f383add659,79.875,689.545
reviewer-1786005598-ae63ff73022d,79.900,450.949
wide-researcher-1786005598-96fa3af69a28,79.972,228.640
deep-researcher-1786005598-c127b5abeb87,79.992,664.226
data-analyst-1786005598-25896d12a9f0,80.018,546.852
data-analyst-1786005567-55ae04669cfb,80.087,128.416
data-analyst-1786005563-1eded0ed191d,80.108,80.108
reviewer-1786005598-331060b31adb,80.142,649.945
wide-researcher-1786005598-80b5e0e3d266,80.176,316.628
deep-researcher-1786005598-5af6840f9e6b,80.196,302.259
data-analyst-1786005598-5cd4ba0bff54,80.210,545.805
data-analyst-1786005564-c2d94ef20885,80.220,133.516
reviewer-1786005598-de5022dfebcd,80.238,663.682
wide-researcher-1786005598-508e4d258365,80.275,306.668
deep-researcher-1786005598-6a71da93d81d,80.304,213.416
data-analyst-1786005564-c1b1ae12fed2,80.362,80.362
data-analyst-1786005598-5152c7cc2c10,80.396,432.972
reviewer-1786005598-314f25faa3e5,80.411,557.413
data-analyst-1786005565-6b0a3ced88d8,80.449,80.450
wide-researcher-1786005598-aaa1e8c7be05,80.544,216.669
deep-researcher-1786005598-a1725dc1d841,80.576,220.575
data-analyst-1786005598-e18163eed166,80.605,367.915
reviewer-1786005598-bd58b5f1c27c,80.620,549.670
data-analyst-1786005566-437ce9a4b7d7,80.633,80.633
wide-researcher-1786005599-b3273dcf6a08,80.668,427.241
deep-researcher-1786005599-7d92164d13df,80.705,565.415
data-analyst-1786005599-79cc51063ed4,80.719,441.355
reviewer-1786005599-e6b549602bef,80.732,551.406
data-analyst-1786005555-cde300971551,80.741,80.741
wide-researcher-1786005599-4f87aacbd996,80.778,224.219
deep-researcher-1786005599-6db3d4e63f6b,80.800,649.817
data-analyst-1786005566-6c6acb490328,80.823,80.824
data-analyst-1786005599-1509facc8647,80.842,438.429
reviewer-1786005599-ba7051565f5c,80.872,544.981
data-analyst-1786005557-fddad0550126,80.956,80.957
wide-researcher-1786005599-ca0ea36e4ce0,80.976,280.853
data-analyst-1786005566-731948d7d3cf,80.991,80.992
data-analyst-1786005566-4d6d060c732e,81.021,81.022
deep-researcher-1786005599-92912fcbbdb6,81.034,643.507
data-analyst-1786005599-9f2fa9eafacc,81.048,345.483
data-analyst-1786005571-8fc16511d51c,81.090,130.612
reviewer-1786005599-406665cc57b9,81.094,330.849
wide-researcher-1786005599-f9d4faa17be0,81.194,330.952
deep-researcher-1786005599-bd8fb31bdc94,81.219,650.019
data-analyst-1786005599-943a23da076f,81.239,548.318
reviewer-1786005599-1447259432ad,81.259,463.600
wide-researcher-1786005599-ee3f2325a432,81.298,275.117
deep-researcher-1786005599-6e96f0bb1437,81.313,173.316
data-analyst-1786005599-e24103cb8782,81.359,553.877
data-analyst-1786005561-0ae079fb13a5,81.364,81.365
reviewer-1786005599-1d0f3c0c3d6f,81.384,642.020
wide-researcher-1786005599-2232f5c8980c,81.423,662.897
deep-researcher-1786005599-6fb64b0e6da9,81.453,210.846
data-analyst-1786005599-8993470c8e25,81.477,471.883
reviewer-1786005599-2cd801cb4fb7,81.491,646.994
wide-researcher-1786005599-28e1d6ba5e58,81.530,374.826
data-analyst-1786005564-7761997d3a10,81.574,81.575
deep-researcher-1786005599-b890defb2c92,81.600,394.578
data-analyst-1786005599-ba7f4fc68bac,81.657,610.779
data-analyst-1786005556-fc53b2f7d015,81.662,81.663
data-analyst-1786005566-9af1588fc2bd,81.677,81.678
reviewer-1786005599-ebbfcf8d4dc8,81.687,674.251
data-analyst-1786005561-4281fe76c39f,81.705,81.705
wide-researcher-1786005599-873f47192fd1,81.718,335.864
deep-researcher-1786005600-f2ef4d7a95a1,81.731,213.593
data-analyst-1786005600-07fbe9e3721c,81.750,642.381
data-analyst-1786005566-5d330c18dd3e,81.756,81.756
reviewer-1786005600-6c684a8414f7,81.781,681.296
wide-researcher-1786005600-4379c0450b25,81.826,640.433
deep-researcher-1786005600-b25bcd27a1c6,81.845,170.023
data-analyst-1786005600-cb52a5ab8b18,81.897,423.559
reviewer-1786005600-56b861a40a1b,81.912,672.126
wide-researcher-1786005600-a01403a3c1b5,81.938,214.736
deep-researcher-1786005600-694405e7ce33,82.012,214.613
data-analyst-1786005600-3423e0639dd4,82.040,309.863
reviewer-1786005600-aced577024d3,82.063,656.584
wide-researcher-1786005600-dc601a792214,82.094,219.397
data-analyst-1786005572-bdb411925ea7,82.120,154.839
deep-researcher-1786005600-bb2829d6d54f,82.124,210.770
data-analyst-1786005600-6afbf66843b3,82.136,593.478
reviewer-1786005600-d0cc6c50162d,82.170,512.536
wide-researcher-1786005600-0612b922b8bc,82.215,318.154
deep-researcher-1786005600-3cf2bae22a1e,82.235,558.882
data-analyst-1786005600-b10c9cb5a1b8,82.249,319.476
reviewer-1786005600-1c9d0064f8d9,82.287,553.171
wide-researcher-1786005600-2f0708b121a9,82.351,213.200
deep-researcher-1786005600-649053507125,82.376,303.687
data-analyst-1786005600-eaf1e93979eb,82.396,433.436
reviewer-1786005600-479f157975c1,82.489,567.259
data-analyst-1786005555-ffb2be9b0b92,82.540,82.541
wide-researcher-1786005600-8a445d6b20bc,82.545,321.063
deep-researcher-1786005600-3640d7399c84,82.557,305.235
data-analyst-1786005569-fbe020bdad0e,82.558,82.561
data-analyst-1786005565-cd6cad4b4c38,82.574,82.574
data-analyst-1786005600-e90def23989f,82.586,356.139
reviewer-1786005600-92004bb3fd6f,82.599,658.405
wide-researcher-1786005601-3f2610282d53,82.750,555.145
deep-researcher-1786005601-a2ecc057d81d,82.776,560.376
data-analyst-1786005601-c3001e53cf9a,82.801,485.046
reviewer-1786005601-eeeed55ac112,82.820,557.967
wide-researcher-1786005601-5593f2880e04,82.874,204.911
deep-researcher-1786005601-a567f8aea112,82.906,541.485
data-analyst-1786005569-efecc0eaf737,82.925,129.989
data-analyst-1786005601-d167fb5c0bcf,82.935,544.491
reviewer-1786005601-f13bd006d772,82.986,651.459
wide-researcher-1786005601-6ad61a03795b,83.013,585.273
deep-researcher-1786005601-1230b5421726,83.037,549.462
data-analyst-1786005601-78854781a92d,83.066,314.755
reviewer-1786005601-df9cccfc1001,83.108,497.894
wide-researcher-1786005601-217bbadd78b6,83.158,304.683
deep-researcher-1786005601-3423adcaa865,83.177,184.308
data-analyst-1786005601-bccbb7b7e300,83.206,217.156
data-analyst-1786005573-d6552d240f9c,83.207,208.797
reviewer-1786005601-17c046b4dc11,83.218,430.474
wide-researcher-1786005601-e7b7e3d9f899,83.243,214.910
deep-researcher-1786005601-ea9fa70f2a46,83.267,302.051
data-analyst-1786005564-8246bbbfdf5c,83.282,83.282
data-analyst-1786005601-2861d19bc756,83.291,550.489
data-analyst-1786005564-6d652dc663a5,83.299,83.299
reviewer-1786005601-c85efdad46fa,83.332,679.886
data-analyst-1786005567-cc5be2b20ca2,83.373,83.373
wide-researcher-1786005601-fb16b23a11c7,83.410,444.181
deep-researcher-1786005601-4967228c2226,83.429,255.476
data-analyst-1786005601-ee4960fb2cad,83.445,431.370
reviewer-1786005601-fd25f204126c,83.523,701.465
wide-researcher-1786005601-cad706d20a51,83.572,433.019
deep-researcher-1786005601-fc33c66b8403,83.604,321.514
data-analyst-1786005601-3ee36d4f5435,83.632,422.017
reviewer-1786005602-b9cb6ef99484,83.646,650.092
wide-researcher-1786005602-c74c5bfe6847,83.678,243.476
deep-researcher-1786005602-85bcfe7120e1,83.729,567.593
data-analyst-1786005602-7c3d01ea44ef,83.753,679.396
reviewer-1786005602-5a85a5aa1ef2,83.772,677.428
wide-researcher-1786005602-84234f114f9a,83.804,539.055
deep-researcher-1786005602-5e0a17a21ae7,83.889,589.273
data-analyst-1786005602-72fe2bb14f4a,83.914,444.859
reviewer-1786005602-0d61260b6436,83.995,641.957
wide-researcher-1786005602-c5408b2e107c,84.057,205.116
deep-researcher-1786005602-9c90ab95bb53,84.070,247.551
data-analyst-1786005602-fcb92b4bd955,84.107,551.125
data-analyst-1786005568-6ffa8b07c8da,84.169,84.170
reviewer-1786005602-4f60f9d8e6eb,84.179,546.288
wide-researcher-1786005602-c8714b171662,84.223,223.602
deep-researcher-1786005602-a056acf9001d,84.258,175.250
data-analyst-1786005602-c3c963af8a84,84.281,559.667
reviewer-1786005602-35a8ce73cda5,84.313,656.752
wide-researcher-1786005602-bb7883ac2447,84.344,441.900
deep-researcher-1786005602-3f3624e0cceb,84.375,548.611
data-analyst-1786005602-5656f339cb15,84.419,644.538
reviewer-1786005602-0a189ad62700,84.452,442.871
wide-researcher-1786005602-b6f399735ec8,84.494,250.334
data-analyst-1786005556-326287a24034,84.504,84.504
deep-researcher-1786005602-0d0bcdfef443,84.513,654.427
data-analyst-1786005602-8b867f085b46,84.545,523.137
reviewer-1786005602-1e69ea41fa78,84.606,684.049
wide-researcher-1786005602-08e2b105d94b,84.669,304.798
deep-researcher-1786005602-136a7dc88075,84.711,652.296
data-analyst-1786005556-0341b292ea8c,84.711,84.711
data-analyst-1786005603-7428deda2737,84.723,677.998
reviewer-1786005603-23d7a9edcda5,84.741,645.729
wide-researcher-1786005603-65761501c9f1,84.809,320.721
deep-researcher-1786005603-147e66697cd5,84.839,423.333
data-analyst-1786005603-24e4f314d250,84.853,240.897
data-analyst-1786005563-29e851962df2,84.857,84.858
reviewer-1786005603-2b873f512b64,84.921,675.782
wide-researcher-1786005603-4c3175c54b15,85.037,319.294
deep-researcher-1786005603-9e3d45bd1100,85.051,683.686
data-analyst-1786005603-cbfb1b665dd3,85.080,440.839
reviewer-1786005603-0da0201669df,85.093,561.967
data-analyst-1786005569-3de7d15d3e65,85.139,85.139
wide-researcher-1786005603-a665da9a6669,85.140,206.477
deep-researcher-1786005603-1862f4a6e953,85.156,216.252
data-analyst-1786005603-864d98935dbe,85.170,650.150
reviewer-1786005603-c6df98ebb949,85.189,442.756
wide-researcher-1786005603-fdf53d6061dc,85.227,480.074
deep-researcher-1786005603-577059351a86,85.276,236.389
data-analyst-1786005603-a22bbbae8d5f,85.291,543.214
reviewer-1786005603-10ad993ecc59,85.322,560.791
data-analyst-1786005564-f446ba38d1d0,85.339,85.339
data-analyst-1786005564-3f3fb616a742,85.384,85.384
wide-researcher-1786005603-869967dad51b,85.394,541.882
deep-researcher-1786005603-0f47b0b52e52,85.469,675.119
data-analyst-1786005567-e0c2799be3e9,85.500,85.501
data-analyst-1786005603-670172afd7fd,85.513,454.169
data-analyst-1786005564-57a0ccf84947,85.517,85.517
data-analyst-1786005568-124783c728c2,85.532,85.533
reviewer-1786005603-0713519be7ec,85.569,552.342
wide-researcher-1786005603-1b9b8abd0d89,85.607,314.493
deep-researcher-1786005603-fe4e95e9b4c7,85.623,625.707
data-analyst-1786005603-cd71bad3bc74,85.681,324.740
reviewer-1786005604-85498ce822bc,85.701,640.394
wide-researcher-1786005604-612b686a4507,85.737,210.075
deep-researcher-1786005604-46c4e55b57fe,85.755,210.543
data-analyst-1786005604-b6d28625cda5,85.784,437.339
reviewer-1786005604-bd47f883d1ca,85.843,531.252
wide-researcher-1786005604-a0d74cd4155e,85.880,429.504
deep-researcher-1786005604-754ae9414dda,85.926,217.499
data-analyst-1786005575-aefdf4c42cde,85.935,163.111
data-analyst-1786005575-dd97736f362b,85.947,226.255
data-analyst-1786005604-a5d1a6ec18d1,85.973,543.338
data-analyst-1786005569-16399da39943,86.009,86.010
reviewer-1786005604-b909beec2ea6,86.041,649.526
wide-researcher-1786005604-6d9e1ef5d8ca,86.086,215.572
data-analyst-1786005569-35458e004d76,86.087,86.090
deep-researcher-1786005604-5db2173b8b6c,86.116,698.472
data-analyst-1786005604-af82d4ee4607,86.129,417.211
data-analyst-1786005569-7f05ffda3d83,86.138,86.138
reviewer-1786005604-5137809f1007,86.163,666.543
data-analyst-1786005569-12f40a58e67d,86.195,86.195
wide-researcher-1786005604-0ec0a41732c1,86.231,206.041
deep-researcher-1786005604-7fa8880c2123,86.256,215.142
data-analyst-1786005604-1666bb5332bb,86.287,589.087
data-analyst-1786005575-4e6083476c51,86.316,139.360
reviewer-1786005604-081218bcf73a,86.339,563.806
wide-researcher-1786005604-1a1d02d845b8,86.435,604.595
data-analyst-1786005558-6a87c568352c,86.444,130.874
deep-researcher-1786005604-9272c2957ffd,86.471,204.700
data-analyst-1786005604-dd5d5704b24e,86.531,306.146
reviewer-1786005604-777e2dfee244,86.552,559.540
wide-researcher-1786005604-61f5bd8c8413,86.599,315.188
deep-researcher-1786005604-f1888b25cbcd,86.617,656.658
data-analyst-1786005604-90719d4f6330,86.653,564.262
reviewer-1786005605-e1559bd82047,86.668,648.520
data-analyst-1786005567-785a0915206b,86.681,301.823
data-analyst-1786005569-63ae8ba41f59,86.697,128.724
wide-researcher-1786005605-6c993beb1b55,86.702,302.098
deep-researcher-1786005605-df934f9e9058,86.715,506.220
data-analyst-1786005605-adfb16bb1244,86.736,550.762
data-analyst-1786005565-d32f277efd52,86.755,86.755
reviewer-1786005605-286b96e05668,86.755,580.480
data-analyst-1786005556-b925c57fd3b3,86.771,86.772
wide-researcher-1786005605-07c45d8d4ba3,86.796,563.563
deep-researcher-1786005605-a112547bc747,86.824,212.190
data-analyst-1786005605-2c764ed2af53,86.847,430.119
data-analyst-1786005568-a62d88b95470,86.856,86.856
reviewer-1786005605-9af1b9868c9e,87.018,649.021
wide-researcher-1786005605-a269373df388,87.072,382.263
deep-researcher-1786005605-406e66168f15,87.085,538.004
data-analyst-1786005566-a13a4991fb80,87.118,87.119
data-analyst-1786005605-d8bb87f591c7,87.127,464.237
data-analyst-1786005564-4ba20c571bbe,87.136,87.136
reviewer-1786005605-41b9e9fe9f9a,87.201,549.916
wide-researcher-1786005605-d9ac782752aa,87.232,663.029
deep-researcher-1786005605-0188520bd4a8,87.255,309.082
data-analyst-1786005605-731bad52fed2,87.284,316.366
reviewer-1786005605-b79848fe49fd,87.298,545.543
data-analyst-1786005573-def9890fe0f9,87.315,130.456
wide-researcher-1786005605-27e137a2a40f,87.334,552.450
data-analyst-1786005555-4555356488e0,87.352,87.352
deep-researcher-1786005605-73d28d3ef84b,87.365,544.873
data-analyst-1786005605-7b5037831a6e,87.391,640.117
reviewer-1786005605-109cec95f39a,87.443,511.003
wide-researcher-1786005605-4e9640473c59,87.488,317.766
deep-researcher-1786005605-741908a6b184,87.537,304.639
data-analyst-1786005605-04675d66b587,87.563,559.556
data-analyst-1786005572-231cb17ac462,87.572,151.765
reviewer-1786005605-36cd9f9ce6ae,87.602,558.417
wide-researcher-1786005605-dcd2a373fd2b,87.636,216.521
deep-researcher-1786005606-0567abe114dd,87.675,686.737
data-analyst-1786005606-77fb0dad3a0a,87.694,560.822
reviewer-1786005606-c46f1a51eb17,87.735,647.056
wide-researcher-1786005606-e8c74c462a25,87.776,174.334
deep-researcher-1786005606-9fc533f08b21,87.850,685.352
data-analyst-1786005606-20325b14793a,87.863,650.324
reviewer-1786005606-4c63436f2534,87.935,550.823
data-analyst-1786005565-4e1646ca67cb,87.961,87.962
wide-researcher-1786005606-8f80ea71d678,87.977,236.312
data-analyst-1786005564-09064f6114ae,87.977,87.977
data-analyst-1786005561-a02939c33cce,88.008,88.009
deep-researcher-1786005606-71964e59ea56,88.035,547.300
data-analyst-1786005606-15be87af0b40,88.048,651.679
reviewer-1786005606-e3f18f233b37,88.065,365.089
data-analyst-1786005568-91fbb56dbb7a,88.079,88.079
wide-researcher-1786005606-890a208543f6,88.100,423.948
deep-researcher-1786005606-d1dff4b5a291,88.118,556.526
data-analyst-1786005606-87bad68d6947,88.155,436.700
reviewer-1786005606-4a2efbdcf8ca,88.177,639.789
wide-researcher-1786005606-e4f848927384,88.215,543.353
data-analyst-1786005576-02fc22e3852e,88.215,131.241
deep-researcher-1786005606-30bc21ae7983,88.228,568.335
data-analyst-1786005576-4eaf0c15e279,88.231,147.617
data-analyst-1786005606-79af32a4b9c7,88.259,549.280
reviewer-1786005606-43d5f3a3e65e,88.272,492.262
wide-researcher-1786005606-f353ab9ed20d,88.316,345.176
deep-researcher-1786005606-06f8d5f9293a,88.334,653.215
data-analyst-1786005606-7720182eaf58,88.347,454.870
reviewer-1786005606-82a30793dd6d,88.449,641.017
data-analyst-1786005576-409cffb295a7,88.514,138.102
data-analyst-1786005576-f22455a1a266,88.526,149.688
wide-researcher-1786005606-26414c604606,88.539,295.816
deep-researcher-1786005606-1c8b5a440b44,88.590,206.358
data-analyst-1786005606-e9799ce9c206,88.635,433.354
reviewer-1786005606-fdd398843475,88.705,543.573
wide-researcher-1786005607-0e3a869fdf43,88.737,205.208
deep-researcher-1786005607-d2f014eee505,88.760,340.773
data-analyst-1786005607-a199483b7070,88.773,615.042
reviewer-1786005607-62b4536fa503,88.792,456.871
data-analyst-1786005569-46afded870e7,88.801,88.801
wide-researcher-1786005607-0539180817c8,88.818,542.140
deep-researcher-1786005607-6565c40d3048,88.851,246.440
data-analyst-1786005607-89de8d00e48c,88.873,478.967
reviewer-1786005607-3dc4b3b01b15,88.899,681.955
wide-researcher-1786005607-ce7bb0a6719b,88.950,548.894
deep-researcher-1786005607-e3e74b632da1,88.963,274.996
data-analyst-1786005607-3bd472bc50c5,88.987,316.255
reviewer-1786005607-b7840c1cad69,89.007,441.322
wide-researcher-1786005607-213008b2f371,89.044,558.358
deep-researcher-1786005607-96d15773641b,89.072,666.857
data-analyst-1786005607-d6f101709f37,89.105,441.817
reviewer-1786005607-4a6e2d34ba55,89.146,621.675
data-analyst-1786005564-36ab6f96d546,89.219,89.219
wide-researcher-1786005607-403cf1cf9ca8,89.247,301.675
deep-researcher-1786005607-520cc69ca6bc,89.287,411.379
data-analyst-1786005607-4b8fcbefcbe5,89.341,308.298
reviewer-1786005607-ad7847c0bff7,89.371,543.018
data-analyst-1786005568-77a02ee00bda,89.381,165.372
wide-researcher-1786005607-38b529275db6,89.457,427.256
deep-researcher-1786005607-a7cb749a1d5a,89.486,429.978
data-analyst-1786005577-6fb7d6fb6dd1,89.518,210.219
data-analyst-1786005577-d77ccb7a8e3f,89.532,151.482
data-analyst-1786005607-ebfbe5891e88,89.550,556.039
reviewer-1786005607-e5a3809323f5,89.566,576.170
wide-researcher-1786005607-598c7e669513,89.595,568.286
deep-researcher-1786005607-25a43c160f87,89.623,668.799
data-analyst-1786005571-b9cbd47e8390,89.689,89.689
data-analyst-1786005608-168bed18f9ca,89.693,429.625
reviewer-1786005608-dca487e56c44,89.721,604.974
wide-researcher-1786005608-b917037f5e45,89.804,215.492
deep-researcher-1786005608-87ed8b18061b,89.822,302.130
data-analyst-1786005608-1a381a978c31,89.849,583.107
reviewer-1786005608-86d2dd83a777,89.891,696.467
data-analyst-1786005569-e9a304b93485,89.904,89.904
wide-researcher-1786005608-a47703cf66a7,89.968,321.046
deep-researcher-1786005608-555b180b6bde,90.038,206.090
data-analyst-1786005577-0c40cd9ed297,90.063,128.678
data-analyst-1786005577-73333f4db13e,90.078,131.226
data-analyst-1786005577-9fa4c030cd3d,90.092,129.861
data-analyst-1786005608-672988080d75,90.104,335.023
reviewer-1786005608-357dbc0fdbd9,90.133,556.452
data-analyst-1786005577-364911a6e965,90.160,144.200
data-analyst-1786005577-9c1cdac7f2bb,90.172,128.945
wide-researcher-1786005608-71fdd57e4c75,90.222,236.356
deep-researcher-1786005608-0c000a2165b2,90.275,684.637
data-analyst-1786005608-c1976d2a2321,90.306,303.497
reviewer-1786005608-ff1608812539,90.324,639.837
wide-researcher-1786005608-ab2bf612fde6,90.359,231.540
deep-researcher-1786005608-959bba155a8d,90.380,567.437
data-analyst-1786005608-01ab0b07b507,90.420,332.573
reviewer-1786005608-3f28f97e7f38,90.463,547.377
data-analyst-1786005569-7e9dee33097c,90.475,90.476
wide-researcher-1786005608-8145ddf2c3a4,90.505,547.361
deep-researcher-1786005608-f55ee7e50cde,90.527,224.129
data-analyst-1786005608-92ebff95f34e,90.560,432.213
reviewer-1786005608-d0b269d8f8b0,90.581,441.222
wide-researcher-1786005608-9b2a62d42a40,90.670,541.254
deep-researcher-1786005608-379ae7f2ac9c,90.707,513.982
data-analyst-1786005609-6554f5b04a1e,90.726,423.030
reviewer-1786005609-89bb3856ac82,90.787,505.615
wide-researcher-1786005609-aaf2e991cead,90.890,561.643
deep-researcher-1786005609-c2ba35d44b9b,90.957,394.768
data-analyst-1786005609-69cf6658643b,91.055,540.934
reviewer-1786005609-23998788b8f2,91.092,644.740
wide-researcher-1786005609-12336df8fd28,91.129,216.162
deep-researcher-1786005609-d66f1213db15,91.142,294.224
data-analyst-1786005609-24096bf385fc,91.168,476.089
reviewer-1786005609-60bafa8508ab,91.210,557.335
data-analyst-1786005568-92e28cd78e37,91.237,91.237
wide-researcher-1786005609-eab5c550e76e,91.246,662.304
data-analyst-1786005578-d5fb7c91a3ae,91.270,137.375
deep-researcher-1786005609-318b42f69b56,91.283,613.576
data-analyst-1786005609-eab350894559,91.305,227.518
reviewer-1786005609-69543243d1ae,91.317,565.900
wide-researcher-1786005609-18e19d2747d4,91.354,209.814
deep-researcher-1786005609-5758a91c49fd,91.371,580.371
data-analyst-1786005609-62402c4fab04,91.411,434.312
data-analyst-1786005564-e736befdfe58,91.430,128.477
reviewer-1786005609-7b6e747043cd,91.458,647.010
wide-researcher-1786005609-e1dd9e55e631,91.546,546.042
deep-researcher-1786005609-6cd617463a9a,91.592,302.831
data-analyst-1786005572-1334d0fc4107,91.602,91.603
data-analyst-1786005609-82d22825751c,91.611,443.966
reviewer-1786005609-97c0f25ac355,91.643,644.805
wide-researcher-1786005610-3754ea07b9de,91.728,544.097
deep-researcher-1786005610-78d6ecb182b5,91.752,307.473
data-analyst-1786005574-d397f3d2359d,91.757,91.758
data-analyst-1786005610-62fef4c57014,91.788,328.905
reviewer-1786005610-687a1377399b,91.822,673.375
wide-researcher-1786005610-d49aee78c598,91.850,208.872
deep-researcher-1786005610-ed68a4cecf30,91.869,685.682
data-analyst-1786005566-dbbbec9a14db,91.878,91.879
data-analyst-1786005610-e397698eee86,91.893,441.613
reviewer-1786005610-291f3247b018,91.934,562.802
data-analyst-1786005569-c3bcb940a441,91.963,91.964
wide-researcher-1786005610-92d337c9cb00,91.976,434.880
deep-researcher-1786005610-2c75c76025b1,92.014,671.437
data-analyst-1786005610-48d6a106c0c1,92.044,585.587
reviewer-1786005610-49427d34adee,92.073,446.004
wide-researcher-1786005610-fba5490ecf87,92.107,319.462
data-analyst-1786005567-494c158ca7a6,92.156,92.156
deep-researcher-1786005610-320468c24d2e,92.167,250.668
data-analyst-1786005610-594d8fcf76da,92.264,424.569
reviewer-1786005610-9595808cb3f3,92.297,489.533
wide-researcher-1786005610-84970d079bc8,92.352,541.208
deep-researcher-1786005610-b06852ee079c,92.390,297.871
data-analyst-1786005610-1d23a116ee8b,92.453,556.260
reviewer-1786005610-637bb622071c,92.511,340.551
wide-researcher-1786005610-394fcaec7899,92.556,588.529
deep-researcher-1786005610-b14b141f7488,92.572,548.044
data-analyst-1786005610-e9e5ff87183c,92.601,542.326
reviewer-1786005610-117855bd72dc,92.614,420.693
wide-researcher-1786005611-550ece6a980c,92.648,318.836
deep-researcher-1786005611-410e6737a093,92.673,431.462
data-analyst-1786005611-dd02f3f782c1,92.707,345.549
reviewer-1786005611-4a4c551cc9d4,92.726,541.540
data-analyst-1786005566-def294c39a3a,92.744,92.744
wide-researcher-1786005611-d9cb8f602a2f,92.765,209.417
deep-researcher-1786005611-dff569a36112,92.801,220.479
data-analyst-1786005611-82bdf92a61d3,92.823,319.912
reviewer-1786005611-7f5d486182f2,92.877,686.002
wide-researcher-1786005611-7b12e2bc18d2,92.921,545.747
deep-researcher-1786005611-41a0cf27f15a,92.968,318.389
data-analyst-1786005611-d4f6d9ac5798,92.981,541.785
data-analyst-1786005579-611de40ffa7f,93.079,131.767
reviewer-1786005611-ff1515e9d482,93.096,681.936
wide-researcher-1786005611-98e5a10a16c7,93.157,255.565
deep-researcher-1786005611-7258ff5b38e7,93.171,219.426
data-analyst-1786005567-49170503ba12,93.197,93.197
data-analyst-1786005611-964fe8a5c471,93.226,437.964
reviewer-1786005611-ea7f636cc003,93.240,679.348
data-analyst-1786005564-094d47e2b289,93.263,93.263
wide-researcher-1786005611-213e37694d1c,93.303,209.308
deep-researcher-1786005611-265e6bef7ffe,93.330,656.832
data-analyst-1786005611-c96f4423c502,93.351,649.038
reviewer-1786005611-1a4c0e50faf4,93.389,671.195
wide-researcher-1786005611-98866f4db6f0,93.438,551.000
data-analyst-1786005567-63b0de813a5b,93.439,93.439
deep-researcher-1786005611-c8a4777d1afd,93.452,307.741
data-analyst-1786005611-eb03951c134c,93.477,656.146
reviewer-1786005611-45d3aaee6bad,93.496,569.496
wide-researcher-1786005611-5493dea3fa42,93.529,582.551
data-analyst-1786005564-70a972dc402a,93.530,93.534
deep-researcher-1786005611-1cb35c712616,93.583,676.875
data-analyst-1786005611-6fc1d96c9887,93.621,542.418
reviewer-1786005611-4396313b952c,93.677,671.211
wide-researcher-1786005611-7e167de86f4e,93.781,319.044
deep-researcher-1786005612-dd96ca652fb8,93.809,217.904
data-analyst-1786005612-0f4487184009,93.821,519.180
data-analyst-1786005564-d9bbc99cc1f7,93.855,93.855
data-analyst-1786005567-23f315cbcbd8,93.869,93.869
data-analyst-1786005567-ae0935825b10,93.912,93.913
data-analyst-1786005564-f7c3f3cd4feb,93.946,93.947
data-analyst-1786005567-3d4c96d3e113,93.961,93.961
reviewer-1786005612-d0da3d3c33f2,93.965,659.532
wide-researcher-1786005612-9e8f775658fe,94.020,304.376
deep-researcher-1786005612-74613fb6328e,94.068,546.728
data-analyst-1786005612-3fabd3a2ea8d,94.126,322.930
reviewer-1786005612-8ef067cd3e62,94.159,555.085
wide-researcher-1786005612-3d401fa548b3,94.216,559.573
deep-researcher-1786005612-04a716bc9e06,94.231,418.437
data-analyst-1786005612-2cdc25fcdff6,94.251,558.300
reviewer-1786005612-8ce60dec084a,94.273,685.176
wide-researcher-1786005612-1c5fc0f489a0,94.305,539.239
deep-researcher-1786005612-74a482310bc6,94.319,323.192
data-analyst-1786005612-ec8e10f015ca,94.343,432.892
data-analyst-1786005568-23d0ef6325d2,94.369,94.370
reviewer-1786005612-9830af99428a,94.374,675.647
wide-researcher-1786005612-3e3534b6c0ef,94.406,550.168
deep-researcher-1786005612-97938d56cb8c,94.426,208.639
data-analyst-1786005612-691457d14e5d,94.462,523.278
reviewer-1786005612-4f4c08f1a367,94.481,646.029
wide-researcher-1786005612-c49fb85fadba,94.602,217.603
deep-researcher-1786005612-71afe097a293,94.616,692.654
data-analyst-1786005575-b01bc771fb74,94.652,204.634
data-analyst-1786005612-fba8b21bc0be,94.666,438.853
data-analyst-1786005574-c43bb5409661,94.703,94.703
reviewer-1786005612-184ff21ac670,94.731,560.699
wide-researcher-1786005613-f96c3dae4b66,94.757,306.886
deep-researcher-1786005613-3b4eb3940d97,94.812,587.924
data-analyst-1786005613-f5962786556e,94.839,558.573
reviewer-1786005613-30e028b280ed,94.871,655.605
wide-researcher-1786005613-abe637782a50,94.904,315.285
deep-researcher-1786005613-cb49fea0ef58,94.942,659.851
data-analyst-1786005613-8afb7bb892ad,94.961,588.956
reviewer-1786005613-ea4b79f61031,95.000,657.014
wide-researcher-1786005613-15066980f9b8,95.038,251.001
data-analyst-1786005580-5ddfe2d7bd20,95.077,161.750
deep-researcher-1786005613-095c50acaa60,95.091,213.682
data-analyst-1786005580-76d64640c7c1,95.091,152.474
data-analyst-1786005613-50525c227f4b,95.129,485.062
data-analyst-1786005580-054ac6efad6e,95.129,159.189
data-analyst-1786005575-2112bcbb0be1,95.183,95.184
reviewer-1786005613-3ecad499a539,95.188,674.673
data-analyst-1786005567-3ad13ac6ea57,95.241,132.408
wide-researcher-1786005613-ab6b25e85bd4,95.281,437.886
deep-researcher-1786005613-2ba350f31ec8,95.317,318.362
data-analyst-1786005613-c05c6dd0eec0,95.330,541.104
reviewer-1786005613-1558dd78145f,95.406,653.849
data-analyst-1786005578-7de37c47f442,95.438,128.072
wide-researcher-1786005613-86c109d0b8b6,95.483,428.845
deep-researcher-1786005613-57f53b34ce85,95.526,302.238
data-analyst-1786005613-ac717519907f,95.545,558.328
reviewer-1786005613-57d6a59bdf97,95.580,660.203
wide-researcher-1786005613-e8bf43c2c006,95.628,428.662
data-analyst-1786005567-73a9ee2fd900,95.638,95.638
deep-researcher-1786005613-5fee725a475d,95.642,646.869
data-analyst-1786005614-e7430e9feb60,95.670,559.154
reviewer-1786005614-8c4756562ded,95.735,674.096
wide-researcher-1786005614-8649e0ce5841,95.766,557.351
deep-researcher-1786005614-9f5e221b10d1,95.788,422.903
data-analyst-1786005614-54e8a0871a66,95.813,670.826
reviewer-1786005614-a3dbf98c6fb7,95.840,694.568
wide-researcher-1786005614-a62934715e42,95.897,318.025
deep-researcher-1786005614-6ffe74360f26,95.916,684.001
data-analyst-1786005576-c3987a838351,95.928,95.928
data-analyst-1786005614-df862c0c9b2d,95.940,538.576
reviewer-1786005614-4aa3ff3d07ca,95.993,444.812
data-analyst-1786005581-b88b82a96d66,96.029,128.398
wide-researcher-1786005614-5513ab495537,96.108,539.732
deep-researcher-1786005614-32f427d69017,96.134,572.510
data-analyst-1786005614-2dead2e14d88,96.166,543.903
data-analyst-1786005573-db7faa79d4c4,96.198,96.199
data-analyst-1786005581-238df2c179f9,96.227,129.765
reviewer-1786005614-6d56bf66a800,96.244,450.071
wide-researcher-1786005614-27850f630f8f,96.269,211.165
data-analyst-1786005561-b4a01d5aa38f,96.282,96.283
data-analyst-1786005564-f08c738c074d,96.296,96.296
deep-researcher-1786005614-02238de5e3bd,96.321,424.372
data-analyst-1786005614-3a9b950c9792,96.347,451.901
reviewer-1786005614-83f1a8b3405f,96.360,430.420
wide-researcher-1786005614-385af44ff10c,96.400,577.102
deep-researcher-1786005614-ea7585f76c82,96.423,216.642
data-analyst-1786005573-45c47c871324,96.441,96.442
data-analyst-1786005614-33c02ddd497b,96.450,607.182
reviewer-1786005614-668e045849f0,96.463,553.070
wide-researcher-1786005614-57fc836c223d,96.503,247.489
deep-researcher-1786005614-46f1793e3561,96.549,437.007
data-analyst-1786005614-a9d33f3f92ee,96.604,546.132
reviewer-1786005614-ad539cb75e05,96.641,430.926
wide-researcher-1786005614-59457fa49965,96.701,319.104
deep-researcher-1786005615-f811f3c0a727,96.714,289.750
data-analyst-1786005615-2d4ae76f2f8d,96.805,657.086
reviewer-1786005615-87030fae0580,96.839,650.593
wide-researcher-1786005615-1b6a1304b636,96.915,328.435
deep-researcher-1786005615-4818dfad7314,96.928,681.316
data-analyst-1786005615-c5d4b1c3648b,96.985,670.846
reviewer-1786005615-7c5daf9eafdd,97.048,705.573
wide-researcher-1786005615-15c5c4b21de5,97.094,426.011
data-analyst-1786005575-e030ce8ba472,97.137,97.137
deep-researcher-1786005615-eecb1897de7b,97.146,554.845
data-analyst-1786005615-3e5ac6d5ab5a,97.179,583.611
reviewer-1786005615-2c7dc3b0d780,97.258,654.328
wide-researcher-1786005615-a653674d099b,97.305,214.257
deep-researcher-1786005615-c536aa0500aa,97.328,210.720
data-analyst-1786005615-1842e7c8e2a3,97.341,455.076
reviewer-1786005615-8ba3d0d4179b,97.354,547.904
wide-researcher-1786005615-1103a2b6746a,97.402,236.803
deep-researcher-1786005615-16b3eda865db,97.431,209.894
data-analyst-1786005615-39fe6a33d135,97.449,697.928
reviewer-1786005615-e57584452687,97.483,440.821
wide-researcher-1786005615-b8ce4fd6ec60,97.559,552.696
data-analyst-1786005581-3557860373ee,97.618,128.597
deep-researcher-1786005615-9a833fb407a2,97.622,668.176
data-analyst-1786005615-21b49f8eab60,97.677,641.105
data-analyst-1786005575-44e7e81a058f,97.733,97.734
reviewer-1786005615-8f675cbb6969,97.744,678.881
wide-researcher-1786005616-61289787caef,97.773,223.929
deep-researcher-1786005616-83c4ddc80859,97.791,271.939
data-analyst-1786005616-73b75aba6df2,97.831,644.153
reviewer-1786005616-d4846e0d2fc1,97.864,679.617
wide-researcher-1786005616-ca9168dd2f1b,97.899,303.109
deep-researcher-1786005616-52f2cfd8c533,97.963,212.481
data-analyst-1786005616-c2c6dd98c986,97.990,471.640
reviewer-1786005616-93bdd442ac8d,98.016,684.258
data-analyst-1786005564-ab5c6f320d26,98.033,98.033
wide-researcher-1786005616-065adc6971bc,98.063,643.823
deep-researcher-1786005616-a4cae275b131,98.113,270.278
data-analyst-1786005616-edc38a030047,98.151,649.783
reviewer-1786005616-285426ae9cba,98.166,656.770
wide-researcher-1786005616-96fced9a5697,98.202,323.390
deep-researcher-1786005616-616403200bc2,98.216,644.295
data-analyst-1786005616-d86ea61319a5,98.310,434.523
reviewer-1786005616-131aa6a425c9,98.325,604.655
wide-researcher-1786005616-0d7f6eed73e8,98.358,541.555
deep-researcher-1786005616-10e8482cddff,98.403,684.811
data-analyst-1786005578-6c6a5c669051,98.423,127.928
data-analyst-1786005616-1ae7caf474d2,98.432,532.188
reviewer-1786005616-37b71ddb01fb,98.468,673.923
wide-researcher-1786005616-4dabd0a249b4,98.504,297.517
data-analyst-1786005567-18c958bdbe82,98.508,127.942
data-analyst-1786005578-f9b48508c60e,98.526,128.768
deep-researcher-1786005616-4eb05c724f7d,98.567,672.094
data-analyst-1786005616-06b27985589c,98.600,552.650
reviewer-1786005616-fd164dac8ba2,98.658,551.380
data-analyst-1786005578-0356f9de885a,98.675,128.632
wide-researcher-1786005616-9cae673677e5,98.737,293.937
deep-researcher-1786005617-d14cfb5529a3,98.759,279.790
data-analyst-1786005617-2c5de377e75a,98.772,451.483
data-analyst-1786005578-8e4439cb4c89,98.786,128.616
reviewer-1786005617-cab6d3aab94b,98.838,563.245
wide-researcher-1786005617-7e3a5fb4feae,98.873,320.936
deep-researcher-1786005617-39d67646804e,98.919,365.158
data-analyst-1786005579-9fc4e2c43371,98.920,129.530
data-analyst-1786005617-c4e5e4c4f9c7,98.952,350.837
reviewer-1786005617-1051df0228a2,98.996,654.017
data-analyst-1786005568-879974c686f9,99.044,129.847
wide-researcher-1786005617-764ae3bafc2b,99.069,182.389
deep-researcher-1786005617-ef5fd8b8728a,99.140,211.733
data-analyst-1786005617-0534ac42a11c,99.153,539.642
reviewer-1786005617-4c4d7008b201,99.193,655.293
wide-researcher-1786005617-62f908fb62f0,99.257,301.872
deep-researcher-1786005617-dc9803d9f313,99.269,311.578
data-analyst-1786005617-239ffa351fe2,99.291,435.855
data-analyst-1786005581-9b4e32a592fd,99.318,130.074
reviewer-1786005617-d9d22d3c0cd1,99.335,605.337
data-analyst-1786005581-9afdce1120fd,99.339,130.911
wide-researcher-1786005617-5153416ebc32,99.370,555.876
deep-researcher-1786005617-2ea9653b197a,99.383,205.001
data-analyst-1786005617-8f1621c0eac6,99.396,644.223
reviewer-1786005617-7ba8250826be,99.423,702.673
wide-researcher-1786005617-e97c06fb1bad,99.475,222.111
deep-researcher-1786005617-8d8c5909d88b,99.501,314.298
data-analyst-1786005617-945e9b32a171,99.529,461.573
reviewer-1786005617-fb5cf7a1005a,99.548,382.869
data-analyst-1786005576-e4f133f87d3e,99.570,129.220
wide-researcher-1786005617-67e2b9eb0bc7,99.628,476.188
deep-researcher-1786005617-4eb85cd1813f,99.661,644.311
data-analyst-1786005617-a5a02e05f7d6,99.680,334.084
reviewer-1786005618-13d034749933,99.711,564.541
wide-researcher-1786005618-73e27fdaa1dc,99.817,650.987
deep-researcher-1786005618-87f28c222bf1,99.830,428.801
data-analyst-1786005618-acd0a889d4a8,99.847,568.240
reviewer-1786005618-a86328030a77,99.869,563.214
wide-researcher-1786005618-4174b5c9da10,99.915,421.535
deep-researcher-1786005618-e376b5b3d334,99.936,234.833
data-analyst-1786005578-8521e686d529,99.945,99.945
data-analyst-1786005618-7cbf0ebf4e31,99.976,542.621
reviewer-1786005618-ac0a41bf3690,100.110,577.718
data-analyst-1786005580-840df86af567,100.127,131.677
data-analyst-1786005575-afa4ecf9757f,100.158,100.158
wide-researcher-1786005618-d2757d485048,100.175,557.529
deep-researcher-1786005618-aa46fe57beb5,100.188,215.347
data-analyst-1786005580-8cf375dc81b2,100.205,129.974
data-analyst-1786005618-9be59eecfebd,100.247,309.497
reviewer-1786005618-556a10988746,100.282,557.157
wide-researcher-1786005618-2a55a75eb80c,100.328,211.380
deep-researcher-1786005618-7e73e15a574b,100.354,209.065
data-analyst-1786005618-771444449803,100.366,516.216
reviewer-1786005618-7193e416fcc0,100.384,548.799
wide-researcher-1786005618-d8e14e732f6a,100.419,598.724
deep-researcher-1786005618-b7a828a97e2c,100.455,658.018
data-analyst-1786005618-7034135a632e,100.509,563.937
reviewer-1786005618-8a9d0bf6fd0a,100.522,581.726
wide-researcher-1786005618-cf7f8016c23d,100.576,417.294
data-analyst-1786005564-46ede89454cb,100.619,100.620
deep-researcher-1786005618-910698ad2fa6,100.632,640.752
data-analyst-1786005583-4a1b7c0294e2,100.651,180.886
data-analyst-1786005618-20baf97ef810,100.659,697.607
reviewer-1786005619-9832a05ee7bf,100.695,650.852
data-analyst-1786005580-9301d860ec67,100.704,129.912
wide-researcher-1786005619-12a9546a0c90,100.720,260.128
deep-researcher-1786005619-633408bb5684,100.771,217.021
data-analyst-1786005619-ea6e4bbd91f4,100.785,661.005
reviewer-1786005619-60315d7e34d3,100.808,694.870
wide-researcher-1786005619-8710d02aca8d,100.849,200.315
deep-researcher-1786005619-6a98596a2c36,100.880,314.043
data-analyst-1786005619-3c3b7e5d0fad,100.894,576.721
reviewer-1786005619-0003d3364ca3,100.907,558.679
wide-researcher-1786005619-0d3afbe9a3b1,100.947,303.269
data-analyst-1786005558-7323d6fa81e5,100.979,143.317
data-analyst-1786005581-1c79bbd3c3d6,100.996,129.926
deep-researcher-1786005619-57df31c6b05b,101.000,424.615
data-analyst-1786005619-75a6ce16c710,101.030,555.297
reviewer-1786005619-b16f8ab2a5ff,101.043,549.536
wide-researcher-1786005619-e88bf7327e22,101.104,554.804
deep-researcher-1786005619-792a5e60a3fc,101.143,639.317
data-analyst-1786005619-ff8df1c6d19a,101.170,658.219
data-analyst-1786005581-a1d242a3994c,101.189,130.149
reviewer-1786005619-ae5ad0f4e863,101.197,650.424
data-analyst-1786005579-cadd1f7cf226,101.222,101.223
wide-researcher-1786005619-a684db45697f,101.232,378.266
data-analyst-1786005582-8da9d470f0bf,101.269,151.350
data-analyst-1786005581-2dd8cc9258a3,101.288,152.358
deep-researcher-1786005619-3bfa5caa6db2,101.320,303.075
data-analyst-1786005619-ccc7063b55f7,101.337,418.725
reviewer-1786005619-19af9f4ce1e6,101.350,561.672
data-analyst-1786005582-68b3c97a9ce6,101.372,131.057
wide-researcher-1786005619-33b9bea6722c,101.385,424.022
deep-researcher-1786005619-d82ed200494c,101.427,215.157
data-analyst-1786005619-3f1fa9fa87a1,101.479,470.287
reviewer-1786005619-757ecf6a8ff0,101.492,652.921
wide-researcher-1786005619-ad97b6eafd2f,101.591,318.497
deep-researcher-1786005619-c9e49596b5c2,101.625,213.398
data-analyst-1786005619-dd2c802cbec3,101.638,473.791
reviewer-1786005619-83d93d62c0d2,101.666,683.736
data-analyst-1786005582-07b23be2d23b,101.734,129.612
data-analyst-1786005581-acb68a3a20da,101.751,128.352
wide-researcher-1786005620-ec74511f44c8,101.751,664.732
data-analyst-1786005581-db84952346c0,101.772,127.989
deep-researcher-1786005620-b7caa4e667a7,101.776,225.723
data-analyst-1786005620-bfc771135cb1,101.797,423.874
reviewer-1786005620-45a0e26084d9,101.810,668.911
wide-researcher-1786005620-0ac7f6baf77d,101.873,627.722
deep-researcher-1786005620-b8fab13f5a4d,101.890,302.703
data-analyst-1786005620-d8acc377a8ad,101.903,313.550
reviewer-1786005620-6e8376f8b03c,101.930,597.628
wide-researcher-1786005620-97905f879032,101.965,327.965
deep-researcher-1786005620-c6ebe403d653,102.014,673.594
data-analyst-1786005620-c0ae457787a4,102.035,550.926
reviewer-1786005620-7d20f035a1ed,102.143,648.890
wide-researcher-1786005620-b46c70d409be,102.205,315.991
deep-researcher-1786005620-2f0502fd458d,102.226,667.928
data-analyst-1786005620-66ffaafbcf43,102.281,323.176
reviewer-1786005620-2358e1f28c0e,102.317,529.822
wide-researcher-1786005620-2366a6361d7b,102.355,304.049
deep-researcher-1786005620-72fdd582c6c3,102.386,655.654
data-analyst-1786005620-757adecb574e,102.402,572.419
reviewer-1786005620-5531ce5d45bb,102.429,689.155
wide-researcher-1786005620-b7e6238bbe5b,102.508,437.998
deep-researcher-1786005620-54da33c5df39,102.573,419.671
data-analyst-1786005580-da4db5ba599c,102.585,132.036
data-analyst-1786005620-53ed282d1b6f,102.651,545.325
reviewer-1786005620-ca3598b49ce1,102.678,561.852
wide-researcher-1786005620-485d6cceb9fa,102.717,207.598
data-analyst-1786005581-a62f6477a5f8,102.788,133.093
deep-researcher-1786005621-d8f5e77b682e,102.817,219.246
data-analyst-1786005621-f86c80bfa355,102.838,569.795
reviewer-1786005621-8980d5b7aa6d,102.859,677.509
wide-researcher-1786005621-0205a393afae,102.898,209.093
deep-researcher-1786005621-0571b3de411c,102.941,234.565
data-analyst-1786005621-daeb4d302682,102.993,438.503
reviewer-1786005621-525cbbf0c153,103.015,605.418
wide-researcher-1786005621-ff8863a80fc7,103.095,658.464
deep-researcher-1786005621-5eb7de2a5482,103.134,219.957
data-analyst-1786005621-4fa132bf845a,103.291,442.671
reviewer-1786005621-fa743c522bfd,103.308,653.266
wide-researcher-1786005621-39a863d3e718,103.380,481.471
deep-researcher-1786005621-ff47d47fb176,103.393,214.454
data-analyst-1786005621-27240bbb94aa,103.406,541.512
reviewer-1786005621-74e236483085,103.439,649.111
wide-researcher-1786005621-f594edb60f89,103.484,331.325
deep-researcher-1786005621-188b2a024670,103.522,330.623
data-analyst-1786005621-cc571e82dff6,103.546,572.815
reviewer-1786005621-95a32b4241e2,103.584,589.142
data-analyst-1786005584-ee9babb48ea6,103.646,131.426
wide-researcher-1786005621-e12cadc152f6,103.646,438.269
deep-researcher-1786005621-25f1063092b2,103.675,429.069
data-analyst-1786005622-130438365a6b,103.707,675.001
reviewer-1786005622-a893df83d4a0,103.725,643.142
wide-researcher-1786005622-ee5e4a5ebe53,103.790,214.766
deep-researcher-1786005622-20578deb8ad1,103.827,549.104
data-analyst-1786005622-68c8c07851ff,103.843,642.036
reviewer-1786005622-b6e1c7375bf3,103.865,567.095
wide-researcher-1786005622-d61c8a930b8d,103.896,300.707
deep-researcher-1786005622-9b7dcfca55a0,103.923,214.540
data-analyst-1786005622-df28bb982328,103.940,592.300
reviewer-1786005622-b0d43d8b927d,103.953,574.032
wide-researcher-1786005622-35d1cd42afc2,104.019,604.055
deep-researcher-1786005622-d1a68b5a9849,104.057,531.110
data-analyst-1786005622-97d148cb0050,104.080,539.894
reviewer-1786005622-e82af02a167c,104.152,680.738
data-analyst-1786005565-fce9dbe194f2,104.175,104.175
wide-researcher-1786005622-c2f1e7d8d6c2,104.193,442.375
deep-researcher-1786005622-4acfa3adb81a,104.227,439.995
data-analyst-1786005622-b2314662071f,104.252,418.373
reviewer-1786005622-1338c6d78f00,104.335,442.281
wide-researcher-1786005622-8a6a6f5f9a36,104.371,571.409
deep-researcher-1786005622-6fc9ad669876,104.405,316.582
data-analyst-1786005622-5e706d4120a3,104.444,546.668
reviewer-1786005622-dc670fc7d4d4,104.457,440.081
wide-researcher-1786005622-9f86d546ace6,104.504,324.461
deep-researcher-1786005622-a2481bfceff7,104.526,568.102
data-analyst-1786005622-8b59f441cd3c,104.539,436.068
reviewer-1786005622-f314ab78f3dc,104.601,695.266
wide-researcher-1786005622-dc3380531601,104.638,238.343
data-analyst-1786005585-60dfb9e74ce7,104.722,142.151
deep-researcher-1786005622-3f18c01c4415,104.764,385.015
data-analyst-1786005623-740c897efb01,104.799,322.528
reviewer-1786005623-87b12c237ee8,104.821,506.497
wide-researcher-1786005623-adc01d669d1f,104.846,316.920
deep-researcher-1786005623-cb107f8e709c,104.875,670.599
data-analyst-1786005623-f4db32665b25,104.889,564.413
reviewer-1786005623-2d8adb24c70c,104.902,690.701
data-analyst-1786005555-0a80116f14af,104.911,104.911
wide-researcher-1786005623-64982d99670d,104.953,316.744
deep-researcher-1786005623-540595fe6d8e,104.967,677.547
data-analyst-1786005623-623cd7c123c3,104.990,511.375
data-analyst-1786005585-e31dc5d56bab,104.991,181.567
data-analyst-1786005585-a4dbcf5ee4a2,105.008,132.897
reviewer-1786005623-88dae28d5913,105.046,652.605
wide-researcher-1786005623-ac1b38bfa30b,105.093,289.540
deep-researcher-1786005623-6c06b53df11e,105.107,684.310
data-analyst-1786005623-d051d110e9a4,105.160,433.184
reviewer-1786005623-6b63822fa464,105.192,505.811
wide-researcher-1786005623-dbd0aa244817,105.253,302.938
data-analyst-1786005581-5a217d1559ed,105.272,105.272
deep-researcher-1786005623-019b0012127a,105.337,315.450
data-analyst-1786005623-4b7544df19cf,105.379,317.147
reviewer-1786005623-3bc0211f55ca,105.415,675.221
wide-researcher-1786005623-02af7dcf5ea7,105.453,279.396
deep-researcher-1786005623-7ea44c384891,105.475,675.893
data-analyst-1786005623-c0789f9e1d01,105.505,622.939
reviewer-1786005623-6b2cefe8c651,105.534,566.702
wide-researcher-1786005623-eeeb71a1157e,105.569,264.835
deep-researcher-1786005623-869fa7e41b9c,105.588,212.865
data-analyst-1786005623-fefb5bbf98fa,105.644,539.566
data-analyst-1786005581-b698e07712b1,105.662,132.916
reviewer-1786005624-d1b7e5b1ed97,105.666,572.767
wide-researcher-1786005624-5bf0e1378591,105.698,443.022
deep-researcher-1786005624-e54f375ee006,105.711,213.636
data-analyst-1786005624-4931e257cf39,105.738,424.126
data-analyst-1786005581-56055cfb1625,105.838,105.838
reviewer-1786005624-493087b0ca35,105.842,657.212
wide-researcher-1786005624-053f3df9d148,105.893,480.553
deep-researcher-1786005624-d38d071e5264,105.913,599.330
data-analyst-1786005624-713414d5737b,105.932,440.176
reviewer-1786005624-ef7d70c38747,105.960,661.548
wide-researcher-1786005624-d1553a722ee2,106.013,482.845
deep-researcher-1786005624-070eb9049ba2,106.041,291.154
data-analyst-1786005624-b32b440ece63,106.074,476.924
reviewer-1786005624-0f5a09f03695,106.108,694.587
data-analyst-1786005576-0e3ce7e6b27d,106.128,133.469
wide-researcher-1786005624-6d117bcbad59,106.272,382.562
deep-researcher-1786005624-453653702443,106.319,649.766
data-analyst-1786005585-85ca83064682,106.330,130.858
data-analyst-1786005624-3c37b8e5e743,106.334,558.541
reviewer-1786005624-4627cea6b159,106.348,641.234
data-analyst-1786005585-36f37ef99821,106.349,129.546
wide-researcher-1786005624-803f01b28fbc,106.390,302.022
deep-researcher-1786005624-67fb40df2468,106.428,546.303
data-analyst-1786005624-58be4a57ef96,106.457,320.527
reviewer-1786005624-fb9c2cd22cfe,106.471,584.152
wide-researcher-1786005624-b95c72329642,106.546,220.825
data-analyst-1786005571-716453eba4f6,106.572,106.572
deep-researcher-1786005624-78aa7e8db0b5,106.576,252.271
data-analyst-1786005624-f7ebc2287a6f,106.601,548.832
reviewer-1786005624-b572eb1194c4,106.624,564.673
wide-researcher-1786005625-f95ef7d915ec,106.697,309.610
data-analyst-1786005577-e821c3a083ea,106.772,106.772
deep-researcher-1786005625-89b20e981637,106.866,651.416
data-analyst-1786005625-a419d32704a5,106.887,353.596
reviewer-1786005625-fd90e053ac43,106.919,680.530
wide-researcher-1786005625-fce8ba0fce6c,106.959,332.362
deep-researcher-1786005625-620272191ba3,106.973,329.450
data-analyst-1786005625-ccf032f700b7,107.012,546.622
reviewer-1786005625-ecc228290acf,107.041,679.300
wide-researcher-1786005625-b0ae5d234d3f,107.106,313.979
deep-researcher-1786005625-362ed7d2fe5b,107.153,645.823
data-analyst-1786005625-f0cd8c50b76a,107.176,551.800
reviewer-1786005625-8867bcb733ec,107.218,561.549
wide-researcher-1786005625-3ab64ace41de,107.361,558.213
deep-researcher-1786005625-84a4a566c89b,107.396,288.732
data-analyst-1786005625-233e57e296aa,107.426,548.941
reviewer-1786005625-f2c634e930f0,107.440,611.545
wide-researcher-1786005625-b5e7b7fe956e,107.480,247.323
deep-researcher-1786005625-2a39dca24400,107.521,315.653
data-analyst-1786005625-ed4a9c5bb937,107.548,573.702
reviewer-1786005625-e32be8d1a622,107.566,540.950
wide-researcher-1786005625-f35e9eec922c,107.612,323.772
deep-researcher-1786005625-1e3ab43cbea9,107.782,238.358
data-analyst-1786005626-6a6ec09f43d1,107.818,428.781
reviewer-1786005626-cd56cac1b4e5,107.831,559.139
wide-researcher-1786005626-39a8b05b6267,107.861,269.853
deep-researcher-1786005626-ccdb2abaa46c,107.901,207.774
data-analyst-1786005626-ca7ff1777649,107.914,422.629
reviewer-1786005626-2c29d9acce5e,107.941,560.805
data-analyst-1786005583-808a2135d299,107.955,133.529
wide-researcher-1786005626-4c09256ee74c,107.982,567.316
deep-researcher-1786005626-d2494ad6083c,108.053,269.721
data-analyst-1786005626-f00b840b7cbe,108.081,489.327
reviewer-1786005626-9d8c72a926fe,108.115,680.303
wide-researcher-1786005626-3ec4ae386a63,108.141,419.804
deep-researcher-1786005626-c06216f36ccc,108.169,214.225
data-analyst-1786005626-7523c91616ff,108.205,545.233
reviewer-1786005626-d0e8dbfb2cc1,108.361,650.818
wide-researcher-1786005626-faff46f5c8e0,108.398,236.249
deep-researcher-1786005626-19f99a56e73e,108.432,317.315
data-analyst-1786005626-8b38a8c2d652,108.445,324.532
reviewer-1786005626-95664b2a7eb3,108.477,700.120
wide-researcher-1786005626-7d63fbdc3c24,108.531,680.353
deep-researcher-1786005626-85e2624653db,108.553,636.650
data-analyst-1786005626-b00e4bf507e8,108.583,591.363
reviewer-1786005626-424181a33fd0,108.624,682.737
wide-researcher-1786005627-22880ee79fe1,108.660,256.809
deep-researcher-1786005627-4af00af419aa,108.687,561.494
data-analyst-1786005580-1659447ed84b,108.714,108.715
data-analyst-1786005627-1711c9e25ca8,108.725,562.251
data-analyst-1786005578-f109cfcf49b6,108.738,108.738
reviewer-1786005627-3c3a806734bf,108.746,644.855
wide-researcher-1786005627-b732adbe791d,108.860,423.812
deep-researcher-1786005627-e7b7877abf7b,108.906,210.118
data-analyst-1786005627-1286ddea7502,108.944,548.652
reviewer-1786005627-1fcad0d8ff64,108.960,679.746
wide-researcher-1786005627-b807004d0f95,108.995,308.184
deep-researcher-1786005627-3cd12a52d830,109.033,219.108
data-analyst-1786005627-559610df36be,109.055,439.513
reviewer-1786005627-3e625b61d560,109.077,547.587
wide-researcher-1786005627-5bc84fffeaba,109.135,537.990
deep-researcher-1786005627-6d609b7d40d1,109.177,425.858
data-analyst-1786005627-7b1442d02f2b,109.293,615.074
reviewer-1786005627-ff821f1240ce,109.327,326.047
wide-researcher-1786005627-a109e3fa8d40,109.361,314.872
deep-researcher-1786005627-78b60f3107aa,109.377,331.839
data-analyst-1786005627-3cc6e8b1974d,109.390,425.330
reviewer-1786005627-6f747d34bea8,109.411,624.311
wide-researcher-1786005627-d3ee39da9a3c,109.445,580.250
deep-researcher-1786005627-36040a207f5c,109.458,444.328
data-analyst-1786005627-645c8024d8d7,109.493,555.848
reviewer-1786005627-14d1dd8deb76,109.525,555.907
wide-researcher-1786005627-c3ee934ffd42,109.586,314.771
deep-researcher-1786005627-d7415f60d0f4,109.629,670.434
data-analyst-1786005627-9e028022da42,109.646,552.608
data-analyst-1786005586-55c481d39d44,109.678,139.871
reviewer-1786005628-710b32ea6a8e,109.690,593.686
wide-researcher-1786005628-2fd6d0a6550f,109.725,215.743
deep-researcher-1786005628-c176c055cba8,109.754,305.560
data-analyst-1786005628-28706944bcb5,109.871,439.917
reviewer-1786005628-23fe81e9402d,109.884,700.790
wide-researcher-1786005628-c1b8bdc6c51a,109.920,684.920
deep-researcher-1786005628-7a5344a264b2,109.955,303.983
data-analyst-1786005628-9c459c6a21da,109.988,369.948
reviewer-1786005628-3272342ec934,110.038,688.972
wide-researcher-1786005628-134adec69171,110.099,261.966
deep-researcher-1786005628-9d2ed3fe7d7b,110.122,247.169
data-analyst-1786005628-a7ba52609f7b,110.138,440.347
reviewer-1786005628-d7d3deaefe9a,110.177,463.665
data-analyst-1786005557-139c9a3012b4,110.193,148.481
data-analyst-1786005557-d2f00373e5c1,110.205,209.383
wide-researcher-1786005628-60d4b0b74d2d,110.209,318.181
deep-researcher-1786005628-a5ef19d7023b,110.241,672.062
data-analyst-1786005628-e0acb2f070a8,110.453,678.981
reviewer-1786005628-73cfc62f866f,110.478,686.700
data-analyst-1786005581-4f16ce6b31fb,110.482,110.482
wide-researcher-1786005628-55b932fcc5a8,110.539,310.118
deep-researcher-1786005628-6081832e94f5,110.552,673.546
data-analyst-1786005628-5681033f51bf,110.590,442.573
data-analyst-1786005581-4c6710a6701e,110.620,110.620
reviewer-1786005628-88b92af5a0dc,110.796,673.882
wide-researcher-1786005629-eb8ef6c6fe58,110.830,327.818
deep-researcher-1786005629-bd999daad1ae,110.843,316.889
data-analyst-1786005629-ef02e25632c3,110.856,552.297
reviewer-1786005629-904af5628a46,110.877,677.232
wide-researcher-1786005629-af85cef93759,110.907,309.004
deep-researcher-1786005629-e0a9bf7c727c,110.930,212.037
data-analyst-1786005629-ea74020a9425,110.971,487.170
reviewer-1786005629-7d358fcab3fe,111.001,528.762
data-analyst-1786005557-5a09d92fd9eb,111.025,111.025
wide-researcher-1786005629-f2ae0d3bed0f,111.037,322.657
deep-researcher-1786005629-fa0d069254c3,111.074,313.161
data-analyst-1786005629-1745c68cefeb,111.101,442.090
reviewer-1786005629-39c0cb1acaac,111.141,487.409
data-analyst-1786005573-1d4e46f30d14,111.160,129.450
wide-researcher-1786005629-6a0d00d00f93,111.187,304.860
deep-researcher-1786005629-b5b61b3575d8,111.200,673.406
data-analyst-1786005629-08bebac81d09,111.213,654.695
reviewer-1786005629-c6c2458edc61,111.268,554.453
wide-researcher-1786005629-acd35bac3da3,111.374,301.317
deep-researcher-1786005629-dd17e0ff96a8,111.397,215.021
data-analyst-1786005587-12919228d927,111.410,206.514
data-analyst-1786005629-32ba05bc7d06,111.410,646.930
data-analyst-1786005587-94b03993ffc8,111.428,129.343
reviewer-1786005629-ae7b30f29710,111.456,512.293
data-analyst-1786005584-db29d7e82012,111.483,128.552
wide-researcher-1786005629-62d7c48d21b8,111.492,424.401
data-analyst-1786005584-fa57afc787dd,111.505,133.501
deep-researcher-1786005629-47f020562ad9,111.505,263.276
data-analyst-1786005629-16089e3aa644,111.545,549.578
reviewer-1786005629-b5154ca3cf92,111.567,639.298
wide-researcher-1786005629-6f8d88410605,111.607,211.329
deep-researcher-1786005629-6ba71a062b70,111.641,429.693
data-analyst-1786005630-2ec10f17aeed,111.656,436.685
reviewer-1786005630-7980721018c3,111.691,637.348
data-analyst-1786005584-a93d9a2aafea,111.708,131.002
wide-researcher-1786005630-f46c215b9537,111.725,444.571
deep-researcher-1786005630-11c528d48a0a,111.746,425.181
data-analyst-1786005630-754265da1899,111.766,538.916
reviewer-1786005630-d80c6609e24a,111.883,685.776
wide-researcher-1786005630-7980d0e9237c,111.926,223.468
data-analyst-1786005587-6da8436f7033,111.939,151.930
deep-researcher-1786005630-43aae33cbbf0,111.969,214.108
data-analyst-1786005630-c94d5f929e20,111.985,556.147
reviewer-1786005630-70e3b61ca265,111.998,703.904
wide-researcher-1786005630-cd95a37d8963,112.053,301.131
deep-researcher-1786005630-4d5bc3c8e69f,112.066,322.374
data-analyst-1786005630-f0f7fc4e53c6,112.096,672.957
reviewer-1786005630-36fb78d8a062,112.113,442.244
wide-researcher-1786005630-1529c73d8e31,112.147,550.000
deep-researcher-1786005630-d7a4dee206e7,112.309,348.633
data-analyst-1786005580-11bd6afcf892,112.318,112.318
data-analyst-1786005630-0db59d843bcd,112.330,543.246
reviewer-1786005630-494379b37868,112.351,576.546
wide-researcher-1786005630-e03b83ed764f,112.386,677.468
deep-researcher-1786005630-c6ecc5881526,112.412,577.072
data-analyst-1786005630-7871f59e06bf,112.438,449.654
reviewer-1786005630-d9cbda683c1e,112.466,674.595
wide-researcher-1786005630-f318f5c34b08,112.495,669.343
deep-researcher-1786005630-7c679d0691d3,112.524,663.350
data-analyst-1786005630-04c64b4a742d,112.550,667.219
reviewer-1786005630-f78c678ec9d6,112.584,650.445
wide-researcher-1786005630-f01eef61e011,112.623,320.568
deep-researcher-1786005630-d6a49a2c7dd3,112.651,430.020
data-analyst-1786005631-68997819ec92,112.671,658.323
reviewer-1786005631-55a6b94e50e4,112.709,545.154
wide-researcher-1786005631-2ca870dfcc99,112.779,315.718
deep-researcher-1786005631-efa2e5190357,112.823,265.260
data-analyst-1786005631-47bb400bc42c,112.887,549.294
reviewer-1786005631-b01a2458c08d,112.909,585.340
wide-researcher-1786005631-682c5694a7e9,112.959,303.012
deep-researcher-1786005631-5c596dd8e1e0,112.979,542.638
data-analyst-1786005587-45b3dd05a560,112.980,134.545
data-analyst-1786005631-987869177644,113.009,547.543
reviewer-1786005631-7fad58570755,113.056,552.312
wide-researcher-1786005631-98d528991a7f,113.083,288.605
deep-researcher-1786005631-ed3556387049,113.116,256.621
data-analyst-1786005631-3773806465b2,113.155,418.673
reviewer-1786005631-136c8007755d,113.177,464.878
wide-researcher-1786005631-e2d8d2b6328d,113.209,230.655
deep-researcher-1786005631-c7b242a72b65,113.237,656.330
data-analyst-1786005631-210dfa747f97,113.269,649.574
reviewer-1786005631-ded90150168a,113.283,441.162
wide-researcher-1786005631-301a99fa417b,113.373,581.110
deep-researcher-1786005631-b987779006d9,113.393,340.537
data-analyst-1786005581-afbeacc344b6,113.406,113.407
data-analyst-1786005631-d06f89d88a46,113.433,428.766
reviewer-1786005631-b51a0174ae0d,113.475,457.257
wide-researcher-1786005631-9dd47681205c,113.501,560.327
deep-researcher-1786005631-e9bbb813b23c,113.517,308.143
data-analyst-1786005631-a2d4d61c7a8c,113.530,460.958
reviewer-1786005631-6c856855c582,113.554,651.007
wide-researcher-1786005631-9039fa16c212,113.579,592.270
data-analyst-1786005581-168d80fd841d,113.603,113.603
deep-researcher-1786005631-ada055e02a4b,113.615,423.058
data-analyst-1786005631-80aaac7fcd26,113.760,677.017
reviewer-1786005632-086c3f76b540,113.825,613.696
wide-researcher-1786005632-80f8fef36361,113.865,548.142
deep-researcher-1786005632-993ba8418231,113.893,646.061
data-analyst-1786005632-26ff91616a55,113.923,303.874
data-analyst-1786005578-e62a081aa90f,113.972,113.973
reviewer-1786005632-6615abe49043,113.977,667.579
wide-researcher-1786005632-f248f679385c,114.027,316.672
deep-researcher-1786005632-74e39ab3dabe,114.063,425.887
data-analyst-1786005632-e13a3d23cce7,114.100,558.032
reviewer-1786005632-067987053160,114.114,640.085
wide-researcher-1786005632-bd4fbebe2a24,114.168,312.463
deep-researcher-1786005632-6d408d39cbcb,114.181,322.170
data-analyst-1786005632-ca9c304644ed,114.205,637.309
reviewer-1786005632-0281ff2ab58b,114.290,684.717
wide-researcher-1786005632-00ac1d337123,114.337,647.893
data-analyst-1786005581-6292fe81433e,114.359,114.359
deep-researcher-1786005632-85b181680b32,114.390,304.127
data-analyst-1786005632-ea95a76f1cb3,114.430,672.822
reviewer-1786005632-291ff89f04a7,114.523,700.201
data-analyst-1786005585-09850a7dc2db,114.536,143.974
wide-researcher-1786005632-5eef70aa1e0b,114.575,327.758
deep-researcher-1786005632-c202727ebd42,114.589,297.887
data-analyst-1786005632-b1e9b1d33f48,114.602,554.990
reviewer-1786005633-8695cc201e48,114.625,581.240
wide-researcher-1786005633-c833ba40e174,114.661,313.676
data-analyst-1786005557-dea6b0a82bbc,114.670,129.895
deep-researcher-1786005633-deb380c2b193,114.686,639.280
data-analyst-1786005633-c85a533ba6e7,114.699,642.335
reviewer-1786005633-27aa802ccdda,114.727,551.549
data-analyst-1786005584-13a224ff09f6,114.735,114.735
wide-researcher-1786005633-9f162f410a55,114.770,367.901
deep-researcher-1786005633-6e2cd24dff88,114.788,309.410
data-analyst-1786005633-1aff98e42347,114.803,386.522
reviewer-1786005633-f576ddc9e78a,114.944,648.302
wide-researcher-1786005633-947ad1ace36c,114.985,548.540
deep-researcher-1786005633-843cd2236fe2,114.999,520.183
data-analyst-1786005633-2d7a3992e6c3,115.014,546.399
reviewer-1786005633-75e9ccb2cdc0,115.027,676.190
wide-researcher-1786005633-5f50ece8097f,115.069,433.611
deep-researcher-1786005633-6e37e1ff8dea,115.087,419.502
data-analyst-1786005633-8a48a87e8165,115.124,658.240
reviewer-1786005633-d02770803aba,115.273,692.002
wide-researcher-1786005633-d7da629e1cb2,115.330,319.265
deep-researcher-1786005633-bb9930dc2ddc,115.346,214.139
data-analyst-1786005633-a85f0f7f56d9,115.370,541.739
reviewer-1786005633-8c3227012760,115.412,639.680
wide-researcher-1786005633-fc596de1096d,115.491,213.856
deep-researcher-1786005633-045b50b7741a,115.508,557.458
data-analyst-1786005633-9f10ddc16a47,115.536,558.588
reviewer-1786005633-03f8dc5aebc5,115.550,696.234
wide-researcher-1786005633-8af480045e32,115.584,211.550
deep-researcher-1786005633-a8df015d2cd6,115.606,279.624
data-analyst-1786005634-ea752814a742,115.628,420.222
reviewer-1786005634-1202b3ae4a72,115.641,566.335
wide-researcher-1786005634-563389ad3754,115.679,434.020
data-analyst-1786005585-c8a77b2c9e02,115.696,128.755
data-analyst-1786005581-0df62f0e1ef8,115.715,131.917
deep-researcher-1786005634-820b1bfd99fb,115.804,420.820
data-analyst-1786005634-cc0a569b5cd1,115.820,638.643
data-analyst-1786005588-f77ef10ffb5e,115.824,128.647
data-analyst-1786005588-5b6937e7c36c,115.836,207.808
reviewer-1786005634-64c0270748c8,115.840,420.800
data-analyst-1786005586-73207f3e6989,115.869,129.710
wide-researcher-1786005634-167ca20e9e1b,115.941,218.995
deep-researcher-1786005634-333d8be5845a,116.030,346.886
data-analyst-1786005634-b91e0a281c67,116.044,441.832
data-analyst-1786005584-545592488cd7,116.081,116.082
reviewer-1786005634-2d10d9b5fa13,116.086,604.368
wide-researcher-1786005634-f3d93f23a9f6,116.148,316.731
deep-researcher-1786005634-c9eead9c63b3,116.171,595.084
data-analyst-1786005579-e8a9cdc31fa9,116.194,116.195
data-analyst-1786005634-0df9ceb6310e,116.199,553.512
reviewer-1786005634-a0a730192610,116.216,562.071
wide-researcher-1786005634-38395c2ba864,116.250,437.613
deep-researcher-1786005634-9f82729b2956,116.283,689.103
data-analyst-1786005634-6b61cc59bf64,116.297,557.544
reviewer-1786005634-19e28899ee07,116.310,643.432
wide-researcher-1786005634-f8fcb1964dab,116.429,468.420
deep-researcher-1786005634-f33994d579e2,116.464,306.289
data-analyst-1786005634-55de50fb56b2,116.500,328.632
reviewer-1786005634-3ba3b84d06d2,116.515,668.612
wide-researcher-1786005634-e0b0d8218141,116.549,303.856
deep-researcher-1786005634-b1b411c6902d,116.580,334.860
data-analyst-1786005634-f150c606c60b,116.596,686.102
reviewer-1786005634-e27de4e05460,116.627,670.021
wide-researcher-1786005635-3788793de0f3,116.678,432.429
data-analyst-1786005585-2f557cd90b15,116.689,130.662
data-analyst-1786005584-650c71c802f3,116.708,116.708
deep-researcher-1786005635-4ce6c80de626,116.780,377.517
data-analyst-1786005581-09d1a0158f5d,116.789,116.789
data-analyst-1786005635-7a68710e903c,116.793,664.038
data-analyst-1786005581-35f8b40a58c4,116.807,116.807
data-analyst-1786005574-0f8aefa3e35b,116.820,116.821
reviewer-1786005635-34fb513abd59,116.833,666.149
wide-researcher-1786005635-fa97baa0f43e,116.882,465.739
deep-researcher-1786005635-d17a6d2bf788,116.916,320.658
data-analyst-1786005635-18784f286a38,116.933,649.446
reviewer-1786005635-9b7a4192fbff,116.980,573.438
wide-researcher-1786005635-d896f21fd3e7,117.013,542.154
deep-researcher-1786005635-8aac1e62a615,117.044,307.846
data-analyst-1786005635-e36e160ad650,117.066,548.128
reviewer-1786005635-7e84b072fc15,117.095,577.086
wide-researcher-1786005635-80db7f2d1a45,117.152,250.871
deep-researcher-1786005635-828fd8e56145,117.165,237.131
data-analyst-1786005635-ace0240fb6ad,117.192,441.023
reviewer-1786005635-da36cb027831,117.295,683.198
wide-researcher-1786005635-52985d5935b4,117.334,216.220
data-analyst-1786005564-7d51dfbb4212,117.347,117.347
deep-researcher-1786005635-2d8d7c44abb0,117.355,301.791
data-analyst-1786005635-75ca289ac7fe,117.452,423.916
reviewer-1786005635-6a47c88a4268,117.511,565.512
wide-researcher-1786005635-a3c7432dba8f,117.551,318.301
deep-researcher-1786005635-be84547a3b8f,117.582,321.912
data-analyst-1786005635-f45485ce073b,117.596,502.432
reviewer-1786005635-24a8a993e76d,117.628,443.828
wide-researcher-1786005636-b5040348610b,117.685,537.974
deep-researcher-1786005636-7171f82a1301,117.708,586.248
data-analyst-1786005636-d89be9aea856,117.722,562.614
reviewer-1786005636-0e81a8c2e09f,117.738,644.011
wide-researcher-1786005636-b68a5c950d37,117.789,314.535
deep-researcher-1786005636-48dbb5097a76,117.813,435.064
data-analyst-1786005636-e8b86d6ea9a6,117.828,435.167
reviewer-1786005636-274deb3a2216,117.932,564.184
wide-researcher-1786005636-584de4c04a29,118.002,661.144
deep-researcher-1786005636-54db97ba4762,118.023,320.891
data-analyst-1786005636-9dc196007e30,118.048,567.361
reviewer-1786005636-379baa6cbe00,118.067,546.147
wide-researcher-1786005636-b234d810687b,118.111,336.279
deep-researcher-1786005636-aaec09aedebf,118.137,654.922
data-analyst-1786005636-9c1a1ce9c86d,118.156,442.148
reviewer-1786005636-900d604519c3,118.192,683.828
data-analyst-1786005585-9c0dd525280b,118.250,128.149
wide-researcher-1786005636-cf437e065ec9,118.254,658.066
deep-researcher-1786005636-0a1a320fe2aa,118.285,329.160
data-analyst-1786005636-51bd11582a6d,118.336,663.634
data-analyst-1786005585-38f75409a91f,118.350,128.052
reviewer-1786005636-bf54a560fb65,118.350,641.709
data-analyst-1786005580-5168ff00937b,118.374,118.374
wide-researcher-1786005636-a2223d083401,118.427,254.004
deep-researcher-1786005636-40fae11793d0,118.561,558.269
data-analyst-1786005636-e2b02c43268d,118.577,519.775
data-analyst-1786005584-cd9522e0e50e,118.578,128.116
reviewer-1786005636-2dfa13940dcd,118.608,694.278
wide-researcher-1786005636-ce0a043698dd,118.670,456.724
deep-researcher-1786005637-a39f90f18a26,118.684,311.954
data-analyst-1786005637-78a5beb5643a,118.759,539.612
data-analyst-1786005579-3b4d533087e8,118.768,118.768
data-analyst-1786005584-e34e54ea65d9,118.781,118.781
reviewer-1786005637-2dbfaaaa12c2,118.808,609.656
wide-researcher-1786005637-17fc11aa5309,118.845,552.595
deep-researcher-1786005637-035f65784842,118.866,539.271
data-analyst-1786005637-fa1a0c9a512c,118.956,547.701
reviewer-1786005637-a33270c8eebb,119.029,679.676
wide-researcher-1786005637-eda5e4fd572b,119.073,656.128
deep-researcher-1786005637-bdce4634d820,119.102,421.377
data-analyst-1786005637-551c30438bf5,119.136,557.870
reviewer-1786005637-5c7ee11d0815,119.221,648.164
wide-researcher-1786005637-bdb20c48194f,119.262,538.504
deep-researcher-1786005637-3c3b3d2cde44,119.307,302.426
data-analyst-1786005637-a1f5760ca494,119.326,428.422
reviewer-1786005637-c0e629b45e6d,119.355,564.628
wide-researcher-1786005637-3fbde7b41173,119.439,247.519
deep-researcher-1786005637-89a02a216eb0,119.458,219.659
data-analyst-1786005637-c31ce542ce61,119.512,317.926
reviewer-1786005637-d41ee3f872ee,119.543,669.971
wide-researcher-1786005637-0632ad2cce37,119.590,302.174
deep-researcher-1786005637-39798aed6e45,119.623,422.149
data-analyst-1786005587-9590ce88cca6,119.654,129.515
data-analyst-1786005637-a7a22708281a,119.655,660.265
reviewer-1786005638-10958703cbf0,119.693,700.821
wide-researcher-1786005638-cb6d773b6e00,119.764,320.641
deep-researcher-1786005638-5f76928eb29a,119.794,304.961
data-analyst-1786005638-f04b319a006c,119.854,562.956
reviewer-1786005638-8482c7a1f61d,119.877,659.728
wide-researcher-1786005638-9c1680f6925a,119.933,213.905
deep-researcher-1786005638-a5cdc8688a6b,119.947,304.235
data-analyst-1786005584-60b6b3113027,119.971,128.450
data-analyst-1786005587-c79ca9dd4294,119.989,128.023
data-analyst-1786005638-c6c80ec35c83,120.010,435.299
data-analyst-1786005587-b0c94d3abfc2,120.037,128.038
reviewer-1786005638-36c3b7d7ec1e,120.041,439.823
wide-researcher-1786005638-a61ba43124f5,120.085,449.354
deep-researcher-1786005638-deee7f4bdd4b,120.122,295.082
data-analyst-1786005638-185f05fee16e,120.173,541.470
reviewer-1786005638-4f6aa5c107b1,120.188,671.662
wide-researcher-1786005638-456dcae31f4b,120.251,421.357
deep-researcher-1786005638-389785cbe9d0,120.350,641.267
data-analyst-1786005638-5825d10be1a0,120.378,609.977
reviewer-1786005638-99c55407a456,120.444,660.107
wide-researcher-1786005638-673c7c1c9eba,120.522,214.895
deep-researcher-1786005638-f1b0e9241f58,120.553,438.869
data-analyst-1786005638-8a9886bf3f32,120.592,437.901
reviewer-1786005638-12b07232abcc,120.620,426.597
wide-researcher-1786005638-2501ba0d7715,120.728,321.867
deep-researcher-1786005639-6ec0c71d5369,120.756,309.147
data-analyst-1786005639-c24a58c2af8f,120.771,655.856
reviewer-1786005639-402593b24d98,120.818,556.824
wide-researcher-1786005639-686f06a0a993,120.872,302.545
deep-researcher-1786005639-de6fc9639bcd,120.887,576.519
data-analyst-1786005639-bfa71b7ad0c2,120.945,562.408
reviewer-1786005639-89fb701d87ad,121.026,675.736
wide-researcher-1786005639-095e6aea7cf1,121.062,510.478
deep-researcher-1786005639-fc7e5a30e086,121.079,297.995
data-analyst-1786005639-58bbd5ca188c,121.102,689.587
reviewer-1786005639-8c45b96c7b67,121.130,645.576
data-analyst-1786005589-018b3cbac512,121.149,153.786
data-analyst-1786005589-8f49f4f43164,121.163,129.127
wide-researcher-1786005639-1634f5f03d9e,121.173,540.980
data-analyst-1786005589-d913ab4806b4,121.177,129.004
deep-researcher-1786005639-bd00f7011ae3,121.213,546.958
data-analyst-1786005639-b7e317719ab4,121.227,437.632
reviewer-1786005639-b3b9d7285017,121.274,531.314
data-analyst-1786005587-0bf1af7ce9c9,121.284,128.197
wide-researcher-1786005639-b5ccc5b7a278,121.312,318.246
deep-researcher-1786005639-fe10b2b56dbd,121.356,429.674
data-analyst-1786005639-2e22411a81fd,121.388,547.393
data-analyst-1786005589-ae30e13878a5,121.398,130.599
data-analyst-1786005589-90a0dbe31e11,121.412,132.467
data-analyst-1786005589-340b391c663e,121.426,143.176
reviewer-1786005639-9f4965504b2b,121.452,640.375
wide-researcher-1786005639-8aa83889263d,121.522,215.099
deep-researcher-1786005639-0996c94278da,121.553,700.432
data-analyst-1786005639-cdaf1c9ff965,121.599,687.431
reviewer-1786005639-a09f8a103439,121.634,680.118
wide-researcher-1786005639-21514b1760a2,121.679,440.794
deep-researcher-1786005640-2d1cac1fa48c,121.698,344.539
data-analyst-1786005640-24ac2a482be2,121.721,548.713
reviewer-1786005640-a8b3087eea50,121.759,595.112
wide-researcher-1786005640-967c76fc09fe,121.865,420.785
deep-researcher-1786005640-076f70b6b267,121.895,425.395
data-analyst-1786005640-82b6f5ad8f44,121.952,659.808
reviewer-1786005640-da7cdcdc9c47,122.026,543.730
wide-researcher-1786005640-afffb483f8eb,122.094,318.402
deep-researcher-1786005640-4aa8ca4fd82f,122.108,544.996
data-analyst-1786005580-eaecb8f8882f,122.108,122.113
data-analyst-1786005585-6089799c34ab,122.125,122.126
data-analyst-1786005640-93ce40a05fc6,122.129,683.607
reviewer-1786005640-54633fbb5d29,122.142,684.587
data-analyst-1786005585-48cdfa3d114f,122.143,122.147
wide-researcher-1786005640-78c115fc58f9,122.240,447.468
deep-researcher-1786005640-337adab25994,122.259,324.479
data-analyst-1786005640-ecdf117bcf9b,122.275,678.721
reviewer-1786005640-243ebba3a97b,122.332,644.572
wide-researcher-1786005640-eff8f1a5e66f,122.374,585.257
deep-researcher-1786005640-f39c65101c25,122.401,318.882
data-analyst-1786005584-aca820d9ea6f,122.449,122.450
data-analyst-1786005640-842fadc1df7a,122.454,680.823
reviewer-1786005640-83fe77e62bc1,122.508,645.269
wide-researcher-1786005640-14f1ddeced55,122.569,317.598
deep-researcher-1786005640-30ddac8accf2,122.587,344.477
data-analyst-1786005640-2ac7c075da99,122.610,451.530
reviewer-1786005640-52e0c390996f,122.644,691.055
wide-researcher-1786005641-11d190347ddb,122.683,549.059
deep-researcher-1786005641-317a158daef5,122.716,552.198
data-analyst-1786005641-52758b93e7ba,122.740,437.102
reviewer-1786005641-2cc2d192c7c7,122.798,671.006
data-analyst-1786005590-46b3d437e3e1,122.853,131.859
wide-researcher-1786005641-334c9439bffc,122.866,324.516
data-analyst-1786005590-fe481668341b,122.867,129.678
data-analyst-1786005590-4967fc018007,122.883,131.404
data-analyst-1786005558-1f20ff081ba1,122.917,144.299
deep-researcher-1786005641-bfb0f2df7d0a,122.952,225.616
data-analyst-1786005641-fbca7a3d90d5,122.974,685.112
reviewer-1786005641-53352327c36e,123.003,617.928
wide-researcher-1786005641-32648aff1eae,123.042,323.409
deep-researcher-1786005641-4ab850a1b48e,123.064,247.369
data-analyst-1786005641-b3a759983e42,123.094,470.332
reviewer-1786005641-755110cc0d47,123.112,640.630
wide-researcher-1786005641-a07cac447457,123.149,275.149
deep-researcher-1786005641-b71b4c11cf80,123.184,302.994
data-analyst-1786005641-e7c6308cb87a,123.209,553.717
reviewer-1786005641-f5fe24ce89e3,123.225,547.270
wide-researcher-1786005641-0ac017f1bda7,123.274,227.465
data-analyst-1786005579-d927181164c0,123.349,128.383
deep-researcher-1786005641-19e6b3cd3553,123.366,332.163
data-analyst-1786005641-8aff5336d6ab,123.397,638.953
reviewer-1786005641-cf858c41786f,123.413,625.604
wide-researcher-1786005641-20361332b4a5,123.462,303.809
deep-researcher-1786005641-a1c233b3d916,123.541,444.692
data-analyst-1786005641-97d95bf7fade,123.555,423.090
reviewer-1786005641-a220e95d41dd,123.604,624.371
wide-researcher-1786005641-c6eb0762f2a8,123.637,640.168
deep-researcher-1786005642-cfbd4f9e8723,123.653,596.711
data-analyst-1786005642-4f40c54c6328,123.758,679.967
reviewer-1786005642-9028cd976532,123.773,609.672
data-analyst-1786005580-b66a1bfcda0b,123.791,129.404
data-analyst-1786005586-dcb4449b6126,123.809,131.814
wide-researcher-1786005642-d4032ebaca88,123.827,652.006
deep-researcher-1786005642-af56e1f25c94,123.850,684.875
data-analyst-1786005642-3aa916cdbe0f,123.864,639.421
reviewer-1786005642-2f1dfee3ee90,123.887,652.968
wide-researcher-1786005642-47d81f26f980,123.918,301.116
deep-researcher-1786005642-93fec8bc5d35,123.969,243.850
data-analyst-1786005642-4a42d295c5fa,124.018,639.181
reviewer-1786005642-ef7accfbd8f2,124.036,692.278
wide-researcher-1786005642-cd76ea779b83,124.083,315.751
deep-researcher-1786005642-371306f04891,124.127,362.184
data-analyst-1786005642-d133799f1e74,124.163,436.167
reviewer-1786005642-5d47fb4dd0dc,124.203,440.361
data-analyst-1786005587-75dcc3dfe346,124.238,130.025
wide-researcher-1786005642-b9460d4ed578,124.253,689.935
deep-researcher-1786005642-bb4d29f0248e,124.289,697.874
data-analyst-1786005642-2c0590e3483f,124.314,424.355
reviewer-1786005642-46e65a852656,124.475,604.239
wide-researcher-1786005642-7451f6f0a252,124.532,555.618
deep-researcher-1786005642-b50f250ff89d,124.556,694.525
data-analyst-1786005642-684128bc5888,124.579,558.343
reviewer-1786005642-1c8434ebbb86,124.618,668.540
data-analyst-1786005587-0cb1c040efec,124.654,128.523
wide-researcher-1786005642-8fd6f40c949c,124.660,217.466
data-analyst-1786005584-47c318d07696,124.676,124.676
deep-researcher-1786005643-1c489d2830cc,124.693,313.915
data-analyst-1786005643-fffd90d27f3f,124.715,544.254
reviewer-1786005643-6c750270282b,124.729,647.300
wide-researcher-1786005643-37b27bb81ea1,124.786,286.350
deep-researcher-1786005643-3360c3036784,124.909,645.855
data-analyst-1786005584-9e1dd79877da,124.929,124.929
data-analyst-1786005573-cbbd8f16cbb0,124.944,124.944
data-analyst-1786005643-63c94cb08277,124.971,490.799
reviewer-1786005643-ea079a223e22,125.055,560.534
wide-researcher-1786005643-5d169ade81d4,125.114,668.292
deep-researcher-1786005643-adb87e72e409,125.150,421.610
data-analyst-1786005643-c98de24ffc0e,125.167,578.879
data-analyst-1786005577-501e9a24312c,125.258,132.684
reviewer-1786005643-c3fc774ccfce,125.270,646.946
wide-researcher-1786005643-99423fd1ab4a,125.297,223.830
deep-researcher-1786005643-3680ba0bfbab,125.349,556.851
data-analyst-1786005584-dc776c658c69,125.353,132.667
data-analyst-1786005643-6a30991f28de,125.365,457.762
reviewer-1786005643-3d387b57cc71,125.379,439.601
wide-researcher-1786005643-b15f0d938bfc,125.413,220.620
deep-researcher-1786005643-b90440be4fc8,125.427,300.859
data-analyst-1786005643-d63f03f9cc4e,125.476,562.362
data-analyst-1786005581-9ccffe91191f,125.510,125.510
reviewer-1786005643-5ff29ffb8cd7,125.545,430.236
wide-researcher-1786005643-a24059f5aa27,125.597,688.488
deep-researcher-1786005643-90797cee2c24,125.634,688.156
data-analyst-1786005643-f9271b977c8d,125.652,648.228
reviewer-1786005644-87c80eace665,125.674,559.415
data-analyst-1786005569-d782212d1699,125.708,125.708
wide-researcher-1786005644-7becf2b16d5e,125.708,318.512
deep-researcher-1786005644-40d8a7a90b16,125.724,420.853
data-analyst-1786005644-9f06d07a306b,125.767,648.569
reviewer-1786005644-b98415f7eb5a,125.796,443.949
data-analyst-1786005587-b9dc9f40defd,125.914,131.844
wide-researcher-1786005644-a150754db478,125.973,420.769
deep-researcher-1786005644-b7c6af972dc2,125.996,548.101
data-analyst-1786005644-065b35a1c55f,126.027,641.633
data-analyst-1786005581-2d82b1fcc3e8,126.084,126.085
reviewer-1786005644-f0a25c231dd9,126.121,568.039
wide-researcher-1786005644-6dc775e209d1,126.163,321.705
deep-researcher-1786005644-bd1a54004b40,126.238,443.917
data-analyst-1786005644-9ffb67fc9eb8,126.284,547.257
reviewer-1786005644-21fb0ec637ae,126.371,551.262
data-analyst-1786005584-afec4da86a09,126.414,128.321
wide-researcher-1786005644-0d433bb256c1,126.422,332.703
deep-researcher-1786005644-b168996fe09d,126.439,216.655
data-analyst-1786005644-f62d233deeeb,126.490,651.879
reviewer-1786005644-8b061f349ae7,126.582,624.941
data-analyst-1786005590-3321ce6c23f1,126.595,132.777
data-analyst-1786005590-4428fa0c4421,126.608,134.704
data-analyst-1786005590-c3da82089efa,126.621,133.284
wide-researcher-1786005644-efa058f1286d,126.621,319.979
deep-researcher-1786005644-38f78b450170,126.648,220.526
data-analyst-1786005644-c0f369551043,126.671,581.771
reviewer-1786005645-28b2b001d9bc,126.685,637.494
wide-researcher-1786005645-baf1b390cd88,126.790,430.055
deep-researcher-1786005645-05ac90032927,126.809,675.444
data-analyst-1786005645-7c85b8225ece,126.851,538.398
reviewer-1786005645-eb48937c2978,126.865,555.099
wide-researcher-1786005645-679cd72b19c7,126.894,316.492
deep-researcher-1786005645-bddf51695eb8,126.926,307.512
data-analyst-1786005645-5fb2f1a95467,126.941,323.361
data-analyst-1786005588-dadc9114de82,126.955,245.356
reviewer-1786005645-4b8c59cee76e,127.048,693.694
wide-researcher-1786005645-de1666087f0a,127.153,642.637
data-analyst-1786005576-00fe21dd3002,127.187,128.738
deep-researcher-1786005645-d78c0a590def,127.192,422.962
data-analyst-1786005583-7e9618c07f77,127.210,127.210
data-analyst-1786005645-2f468c3854b4,127.222,440.522
reviewer-1786005645-baa5118259b0,127.239,659.553
wide-researcher-1786005645-4c94ae80f395,127.282,425.703
deep-researcher-1786005645-0f1d25d5a174,127.306,211.566
data-analyst-1786005645-3564a8ae43be,127.320,550.411
reviewer-1786005645-ee84c14d6965,127.487,681.618
wide-researcher-1786005645-4b2a536891d5,127.537,442.211
deep-researcher-1786005645-7af688f98da3,127.555,637.939
data-analyst-1786005645-577d09661844,127.577,556.613
reviewer-1786005645-51e80cd3f88e,127.599,668.021
data-analyst-1786005576-846ccfc5faa9,127.622,155.100
wide-researcher-1786005646-b2a5f8d4d966,127.636,436.022
deep-researcher-1786005646-8ec52295fd51,127.676,492.154
data-analyst-1786005646-46ecbdcaaf81,127.710,704.124
data-analyst-1786005587-afced7dd89e4,127.743,135.640
reviewer-1786005646-08ac7e94180a,127.747,543.167
data-analyst-1786005575-e6322b9871fb,127.778,127.778
wide-researcher-1786005646-de06283db113,127.807,419.738
deep-researcher-1786005646-f1bf9d6ad283,127.879,661.185
data-analyst-1786005646-84a8849ee15d,127.904,323.208
reviewer-1786005646-9ac83d8eb9bb,127.947,694.019
wide-researcher-1786005646-a342aff5575d,127.993,213.996
deep-researcher-1786005646-5e9a4e9daa00,128.066,324.117
data-analyst-1786005646-c720d46e3631,128.134,653.882
reviewer-1786005646-ebc3f66e2d3f,128.167,689.053
wide-researcher-1786005646-3fd5896fcfae,128.202,450.041
deep-researcher-1786005646-4de0a8fd479b,128.291,215.524
data-analyst-1786005646-1c19ebee67fd,128.307,437.138
reviewer-1786005646-f790bb8b9e4e,128.361,663.262
wide-researcher-1786005646-8aa37350e1d0,128.408,576.748
deep-researcher-1786005646-0cd764c79098,128.444,419.539
data-analyst-1786005646-0477b1fa3573,128.601,593.349
reviewer-1786005646-1a94d74b82d7,128.659,648.676
wide-researcher-1786005646-e0961f69c431,128.705,321.283
deep-researcher-1786005646-791363e81786,128.738,659.917
data-analyst-1786005647-c90d48f39316,128.787,549.825
reviewer-1786005647-5ff503226e7a,128.805,648.259
data-analyst-1786005593-1f0f01060390,128.890,128.891
data-analyst-1786005592-c5d2c4bce823,128.903,128.904
data-analyst-1786005593-213062edc8e6,128.918,128.918
data-analyst-1786005591-a3698aa75908,128.931,128.931
wide-researcher-1786005647-bce9a576023d,128.986,442.391
deep-researcher-1786005647-34c92f054527,129.021,214.972
data-analyst-1786005647-9677e39ae570,129.057,538.884
reviewer-1786005647-0bc7d31ba834,129.114,541.239
wide-researcher-1786005647-65b168119d02,129.154,643.174
deep-researcher-1786005647-128de89b5386,129.183,442.692
data-analyst-1786005593-ea2084f980a8,129.235,129.235
data-analyst-1786005591-21fb8a8221b5,129.265,129.265
data-analyst-1786005647-0e728eb53e13,129.270,462.047
reviewer-1786005647-01affdd887e2,129.312,551.975
wide-researcher-1786005647-ac6d2f034715,129.389,418.607
deep-researcher-1786005647-c9f8f72af111,129.413,652.507
data-analyst-1786005594-3c8416c87165,129.422,129.422
data-analyst-1786005647-8a2d7af73989,129.454,680.578
data-analyst-1786005593-a528be938e7f,129.483,129.484
reviewer-1786005647-daeca833d318,129.506,643.639
wide-researcher-1786005647-83ee1aad0305,129.565,618.423
data-analyst-1786005593-a11b869225ae,129.580,129.580
deep-researcher-1786005647-01f34ef31fb3,129.585,654.409
data-analyst-1786005594-828bb33fcb21,129.626,129.627
data-analyst-1786005647-24e6ffe810dd,129.647,571.258
reviewer-1786005647-8b19e92d74ed,129.692,682.905
data-analyst-1786005592-0072977216a9,129.697,129.697
data-analyst-1786005595-76ccb8c67754,129.724,129.724
data-analyst-1786005595-f7edc0f6f347,129.752,129.753
wide-researcher-1786005648-293a8218dfae,129.784,340.334
data-analyst-1786005591-165e695737c5,129.798,129.799
deep-researcher-1786005648-07ff56fa5171,129.818,237.116
data-analyst-1786005648-18f202d20f5f,129.876,434.345
data-analyst-1786005592-ed4228f53b8d,129.880,129.881
reviewer-1786005648-65b53167f3b6,129.899,652.889
wide-researcher-1786005648-77e394abc0c6,129.963,642.508
deep-researcher-1786005648-ad71403b8c4a,129.997,320.213
data-analyst-1786005648-d5d574243fdc,130.068,439.669
data-analyst-1786005595-71e6128310b7,130.103,130.103
data-analyst-1786005592-c389e0f1b83f,130.118,130.118
reviewer-1786005648-0fd32e9c051b,130.122,637.987
wide-researcher-1786005648-90ff1ff07e55,130.166,474.286
deep-researcher-1786005648-761034f27108,130.213,359.152
data-analyst-1786005648-9e937d9c61b1,130.242,427.840
reviewer-1786005648-9464913239d0,130.260,679.581
data-analyst-1786005595-b72ffd68d326,130.264,130.265
data-analyst-1786005592-84db4f2be193,130.293,130.293
wide-researcher-1786005648-d5c10492d642,130.305,563.791
deep-researcher-1786005648-99a20e2645c2,130.323,302.412
data-analyst-1786005598-ccaeb8a5006f,130.342,130.342
data-analyst-1786005594-6e768f14a939,130.355,130.356
data-analyst-1786005599-6cb58ca38ef9,130.382,130.383
data-analyst-1786005594-3110fa739991,130.396,130.396
data-analyst-1786005594-499f9f9a4e72,130.410,130.411
data-analyst-1786005594-7e8b8844acf5,130.441,130.442
data-analyst-1786005593-2d6de126cda9,130.471,130.472
data-analyst-1786005595-db888b6b76b1,130.488,130.488
data-analyst-1786005648-9136228b5b6d,130.521,545.026
reviewer-1786005648-26a8fc1fd446,130.565,420.883
wide-researcher-1786005648-74ce745b08e2,130.626,259.030
data-analyst-1786005594-5c82d3600a7b,130.631,130.631
deep-researcher-1786005648-79a8e3afa7e4,130.643,427.033
data-analyst-1786005591-d93c9a706359,130.648,130.648
data-analyst-1786005648-391e91ca49f8,130.666,562.423
data-analyst-1786005598-d6736d5a357d,130.680,130.680
reviewer-1786005649-9157c02b2856,130.701,587.205
data-analyst-1786005597-97006c5099a4,130.710,130.710
data-analyst-1786005593-90642e86d37d,130.724,130.725
data-analyst-1786005597-1ea80165c273,130.738,130.739
wide-researcher-1786005649-70bbc04f96aa,130.762,566.615
deep-researcher-1786005649-32635d32e70c,130.777,511.525
data-analyst-1786005649-631f7fc65ce6,130.822,430.625
reviewer-1786005649-f671252ce1bd,130.843,686.365
data-analyst-1786005595-4e60f7a9f031,130.890,130.891
wide-researcher-1786005649-30be1818601d,130.900,548.484
deep-researcher-1786005649-53a5771c3789,130.924,658.344
data-analyst-1786005598-db6d4e463f9d,130.959,130.959
data-analyst-1786005595-692180777e2d,130.973,130.974
data-analyst-1786005649-956ad8f698e1,131.017,559.938
data-analyst-1786005598-85847af79943,131.017,131.022
reviewer-1786005649-7050cdb21fb5,131.032,680.319
wide-researcher-1786005649-468ed2af1efe,131.079,427.543
data-analyst-1786005600-4deeec7daf3e,131.093,131.093
data-analyst-1786005592-d2173385b0ac,131.108,131.109
data-analyst-1786005602-65ce5455613c,131.151,131.151
data-analyst-1786005601-91fb41ef6b79,131.197,131.197
data-analyst-1786005600-42654234bb9e,131.286,131.287
deep-researcher-1786005649-9a74a6cf2e5f,131.296,672.549
data-analyst-1786005601-c6698154065c,131.321,131.322
data-analyst-1786005649-a41b4956e667,131.326,441.579
reviewer-1786005649-a0d36ede6922,131.384,465.896
data-analyst-1786005601-1b5bbe63bc39,131.389,131.389
wide-researcher-1786005649-49bf588415d6,131.422,412.390
deep-researcher-1786005649-72a6acdf404f,131.461,546.073
data-analyst-1786005601-798a5ad4b174,131.490,131.491
data-analyst-1786005649-a63de5b76ddb,131.499,551.919
data-analyst-1786005600-85bd29d93d98,131.509,131.509
data-analyst-1786005602-537726cd7425,131.539,131.540
data-analyst-1786005595-e56c2994d403,131.554,131.554
data-analyst-1786005595-e74a6adc563c,131.568,131.568
reviewer-1786005649-805c64452ab2,131.580,554.672
data-analyst-1786005602-7d8e58b6b1dd,131.584,131.585
data-analyst-1786005597-70245392f818,131.612,131.612
wide-researcher-1786005649-5272d30916ce,131.624,410.822
data-analyst-1786005603-bcec639b995a,131.660,131.660
deep-researcher-1786005649-11583863a557,131.673,304.003
data-analyst-1786005594-1c15ed2446cd,131.692,131.692
data-analyst-1786005649-dc7b3f2e7854,131.718,576.955
data-analyst-1786005595-f19223949c5a,131.719,131.723
data-analyst-1786005601-a6baf2216f55,131.735,131.736
reviewer-1786005650-97c4de54afaf,131.761,646.598
wide-researcher-1786005650-cbe8b2a1ef72,131.808,429.440
data-analyst-1786005599-61d228537cce,131.827,131.828
deep-researcher-1786005650-a099e8e028cb,131.831,671.903
data-analyst-1786005595-c974fb9fcb84,131.873,131.874
data-analyst-1786005603-b5ec57391f0e,131.888,131.888
data-analyst-1786005597-da0dc9b449e1,131.902,131.902
data-analyst-1786005604-04d9ac7aacd8,131.932,131.933
data-analyst-1786005601-ce43511f43c6,131.988,131.988
data-analyst-1786005650-2ee7456d1e3e,132.000,559.239
data-analyst-1786005593-023b4a0f092d,132.004,132.005
reviewer-1786005650-d1938244efe5,132.031,661.469
data-analyst-1786005604-2619bc481eb8,132.048,132.048
wide-researcher-1786005650-6031b29e2715,132.087,582.194
deep-researcher-1786005650-2011562ca9e1,132.112,677.146
data-analyst-1786005650-c30c6a95b4b9,132.144,545.576
reviewer-1786005650-63f4ae2e5bb8,132.174,560.896
data-analyst-1786005597-c141e9d0ac1b,132.184,132.184
data-analyst-1786005602-0755ee7d981d,132.197,132.198
wide-researcher-1786005650-26c087baad29,132.225,443.195
data-analyst-1786005595-50193e0811a6,132.259,132.260
deep-researcher-1786005650-bc27d0aa97d7,132.264,439.712
data-analyst-1786005650-06d712a6f7c4,132.278,428.922
data-analyst-1786005601-50ff37dbc63b,132.295,132.296
data-analyst-1786005592-9fb02bc4e41b,132.309,132.310
data-analyst-1786005605-7605759cda30,132.322,132.323
reviewer-1786005650-9526e69e0cc8,132.327,602.809
data-analyst-1786005605-c155e16c1237,132.339,132.340
wide-researcher-1786005650-3f484bcb31d5,132.354,561.257
deep-researcher-1786005650-14f6f784355c,132.372,417.588
data-analyst-1786005601-477a08981fe1,132.423,132.423
data-analyst-1786005650-9a0e71b80706,132.497,348.379
reviewer-1786005650-8c660bb64aaa,132.521,699.237
data-analyst-1786005604-493bdf111e5e,132.534,132.535
wide-researcher-1786005650-1f71d2244eee,132.564,656.469
deep-researcher-1786005650-87b9422bd954,132.598,548.230
data-analyst-1786005604-eca65f062938,132.603,132.603
data-analyst-1786005605-9457641b5ac8,132.618,132.619
data-analyst-1786005650-1c6ae8055335,132.637,594.277
reviewer-1786005651-4b47e856927d,132.713,611.379
data-analyst-1786005607-c44ae1b9065d,132.791,132.792
wide-researcher-1786005651-44baf66130f0,132.811,314.075
data-analyst-1786005603-fecef837bb58,132.826,132.827
deep-researcher-1786005651-be9c65e63cf2,132.842,570.187
data-analyst-1786005651-eb1c0e345a66,132.882,447.452
reviewer-1786005651-f2ac9a3519ae,132.911,540.504
data-analyst-1786005597-5d0bbf0740cd,132.929,132.929
data-analyst-1786005606-92811d852b68,132.943,132.944
data-analyst-1786005607-72f7d4555ec8,132.957,132.958
wide-researcher-1786005651-2f3005e8b779,132.970,427.528
data-analyst-1786005605-398e93c4cc67,132.975,132.975
data-analyst-1786005591-fa050e73896a,132.990,132.991
data-analyst-1786005597-891442647bbb,133.005,133.006
deep-researcher-1786005651-d147c11c327c,133.010,420.135
data-analyst-1786005651-20cdb1a1584e,133.028,657.986
data-analyst-1786005607-93a112e0210d,133.044,133.045
reviewer-1786005651-720deba8dcc3,133.089,649.128
data-analyst-1786005605-bdaf365d52e4,133.107,133.107
data-analyst-1786005608-3ad2c723bd18,133.121,133.121
wide-researcher-1786005651-825b0e9ef0f3,133.134,247.536
data-analyst-1786005607-2411939a0f2b,133.137,133.138
deep-researcher-1786005651-b91ba2974537,133.150,687.313
data-analyst-1786005651-d8eac3e3fc4d,133.187,639.869
reviewer-1786005651-4390899feb17,133.226,678.839
wide-researcher-1786005651-b6bbf073c3e9,133.278,215.913
deep-researcher-1786005651-1c302f3b4962,133.294,444.278
data-analyst-1786005607-849d7bc658c3,133.320,133.321
data-analyst-1786005651-3fed6fa08de9,133.326,644.588
data-analyst-1786005605-93a7f059423c,133.353,133.353
data-analyst-1786005595-52d663f6fdd3,133.367,133.367
data-analyst-1786005605-71f1047c7e7c,133.381,133.382
data-analyst-1786005600-4c9f98df94bd,133.409,133.409
data-analyst-1786005597-6aaae9262b08,133.452,133.453
reviewer-1786005651-431e84df0919,133.488,561.733
wide-researcher-1786005651-5320ac12e7d9,133.539,301.902
data-analyst-1786005593-09a2fbe84e31,133.549,133.550
deep-researcher-1786005651-93592613b842,133.564,647.425
data-analyst-1786005608-3871357c15ed,133.569,133.569
data-analyst-1786005604-6ad0e63cba03,133.584,133.584
data-analyst-1786005651-946d85596fc9,133.599,555.268
reviewer-1786005651-65ed245f7c2e,133.654,493.938
wide-researcher-1786005652-fef25111755a,133.708,549.429
deep-researcher-1786005652-7849799e429a,133.743,295.395
data-analyst-1786005652-b1348a04a97a,133.777,489.279
reviewer-1786005652-6c83353b7344,133.837,577.763
wide-researcher-1786005652-b797675c53a0,133.875,303.362
deep-researcher-1786005652-7eb39ff1774f,133.894,613.561
data-analyst-1786005652-88ec3b644c2a,133.924,538.458
reviewer-1786005652-82b170f01c6d,133.954,689.332
wide-researcher-1786005652-a56d4dafd4b3,134.004,653.722
deep-researcher-1786005652-4ff78d4c8de3,134.031,422.662
data-analyst-1786005652-36eb4c7e0d82,134.047,584.373
data-analyst-1786005608-3a1201054443,134.060,134.061
reviewer-1786005652-ce37e21aba9a,134.066,556.367
wide-researcher-1786005652-afed5e8bada0,134.115,671.378
deep-researcher-1786005652-3a8bab2f9482,134.144,316.475
data-analyst-1786005652-ba2799e187d0,134.174,637.819
reviewer-1786005652-4d23a2ad2a00,134.228,441.461
data-analyst-1786005610-31e145d25012,134.228,134.232
wide-researcher-1786005652-fe582356c72e,134.328,312.424
deep-researcher-1786005652-e953b01e6f07,134.351,282.037
data-analyst-1786005652-33041e956cf5,134.394,656.873
reviewer-1786005652-7d5a09b62358,134.418,675.925
wide-researcher-1786005652-ace941251192,134.483,323.623
data-analyst-1786005610-a24a7ea51cf6,134.527,134.527
deep-researcher-1786005652-f4c4a70a895b,134.532,683.754
data-analyst-1786005652-5323982d7cb2,134.546,562.701
reviewer-1786005652-723bddf6aa3f,134.602,663.896
data-analyst-1786005610-2d05ba1c15ec,134.642,134.642
wide-researcher-1786005652-c6966b49b9b3,134.669,674.484
data-analyst-1786005612-978ddcde4366,134.719,134.719
deep-researcher-1786005652-fbdb22e74817,134.737,325.705
data-analyst-1786005653-16a99fd13437,134.783,437.323
data-analyst-1786005605-3e2cc407d179,134.817,134.817
reviewer-1786005653-b445afc57742,134.830,549.712
data-analyst-1786005611-2226336b4caa,134.847,134.847
data-analyst-1786005603-75f363715a9b,134.862,134.862
wide-researcher-1786005653-c97ab5e1e111,134.888,321.880
data-analyst-1786005612-9903eb0e19d6,134.951,134.952
data-analyst-1786005608-5c9eff5b2784,134.995,208.230
deep-researcher-1786005653-4af2d5f58db5,134.995,690.626
data-analyst-1786005653-068eeb6ef2e2,135.021,438.383
reviewer-1786005653-fb3c98ef0eda,135.054,688.565
wide-researcher-1786005653-8e64a966f178,135.169,417.805
data-analyst-1786005605-302766ef3f41,135.180,135.181
deep-researcher-1786005653-343cffcbb87f,135.219,391.000
data-analyst-1786005618-e03648e0988e,135.220,208.126
data-analyst-1786005653-7067d4ecf87f,135.242,567.159
data-analyst-1786005607-8c38706fc552,135.287,135.288
reviewer-1786005653-6c0e908dbe6b,135.339,650.038
wide-researcher-1786005653-c4e474d404ce,135.379,316.380
data-analyst-1786005605-b00434f56e9d,135.380,135.380
deep-researcher-1786005653-f545958d51ce,135.395,545.121
data-analyst-1786005653-7e2b1819d62b,135.412,514.230
reviewer-1786005653-03021c582811,135.434,658.860
wide-researcher-1786005653-9d0ab33cf610,135.479,600.195
deep-researcher-1786005653-5a55ff29a622,135.549,234.968
data-analyst-1786005616-25b7e2867dbc,135.550,212.846
data-analyst-1786005614-e1747867ecc7,135.572,250.931
data-analyst-1786005653-32342fbc3b31,135.576,674.359
reviewer-1786005653-e5a8dab9a539,135.621,660.314
wide-researcher-1786005653-6340cb187d93,135.659,434.802
deep-researcher-1786005654-ff44624d6cd0,135.748,566.500
data-analyst-1786005654-6494ba169bcb,135.910,538.762
reviewer-1786005654-b64896066b89,135.925,660.282
data-analyst-1786005613-0cdf20915511,135.938,135.938
data-analyst-1786005615-4732bdf01ec1,135.967,135.968
wide-researcher-1786005654-fa8f0461b4ed,135.996,332.272
deep-researcher-1786005654-49057ca60429,136.046,427.773
data-analyst-1786005654-401241402e35,136.063,630.336
reviewer-1786005654-51c69e7277a3,136.153,575.509
wide-researcher-1786005654-cb5cc1a5ef4c,136.208,347.354
data-analyst-1786005615-9b06fcb648af,136.233,136.234
deep-researcher-1786005654-469a1f89cff3,136.256,316.145
data-analyst-1786005654-9d4ff88180f2,136.295,679.220
data-analyst-1786005619-30d0d4bec0f4,136.299,208.544
reviewer-1786005654-d1cad657de9f,136.317,652.953
data-analyst-1786005597-b5c40b2d7821,136.352,136.352
data-analyst-1786005609-bbfb657650f7,136.380,136.381
data-analyst-1786005606-07a730b2ccea,136.423,136.424
wide-researcher-1786005654-2429749f6ce5,136.511,546.819
data-analyst-1786005615-598e48692be8,136.531,136.531
data-analyst-1786005612-d56565ecb7af,136.545,136.546
deep-researcher-1786005654-6819f04e2365,136.558,322.917
data-analyst-1786005654-f18ce476f31d,136.662,528.616
reviewer-1786005654-e34c72f6a715,136.689,422.930
wide-researcher-1786005654-4d02c0a2880a,136.735,320.606
deep-researcher-1786005655-db90c281ae78,136.759,646.093
data-analyst-1786005655-22a6ba14c99f,136.791,543.620
reviewer-1786005655-148e5087a7df,136.857,690.870
wide-researcher-1786005655-a3aa2ea1eb31,136.897,547.347
deep-researcher-1786005655-8698dcd328bb,136.914,580.155
data-analyst-1786005655-7c8eadfc8ee4,136.945,547.139
reviewer-1786005655-38e547d3ac5c,136.962,639.899
wide-researcher-1786005655-e126ef31af8f,136.998,566.685
deep-researcher-1786005655-9a3232be0282,137.053,318.981
data-analyst-1786005615-059055d806f7,137.063,137.064
data-analyst-1786005655-1a170f9279d6,137.085,328.541
reviewer-1786005655-1a190a4fc75c,137.103,687.077
wide-researcher-1786005655-2441c4028611,137.178,551.831
data-analyst-1786005603-184ae9226859,137.183,137.184
deep-researcher-1786005655-14a5b665a47e,137.265,307.793
data-analyst-1786005620-d4b34a6d1cb9,137.269,210.179
data-analyst-1786005611-e07f92f6491a,137.301,137.301
data-analyst-1786005655-c6a58e7f4c9d,137.356,647.354
data-analyst-1786005615-fdb3ca168899,137.357,137.362
reviewer-1786005655-f18233c55db6,137.418,659.978
data-analyst-1786005614-b0cab10060bc,137.418,137.423
wide-researcher-1786005655-dc75571a2589,137.446,316.104
deep-researcher-1786005655-15c5731b0816,137.481,320.907
data-analyst-1786005655-09ede0295aca,137.551,564.020
reviewer-1786005655-cf673980a938,137.566,552.061
data-analyst-1786005595-b402232b6c90,137.598,137.599
data-analyst-1786005611-0bb8cabeb6c3,137.673,137.674
wide-researcher-1786005655-e32769de8d1e,137.679,436.821
deep-researcher-1786005655-c444c6bbdb14,137.745,429.334
data-analyst-1786005656-9fdf4019565a,137.769,495.511
reviewer-1786005656-33bcb63d0bac,137.801,692.243
wide-researcher-1786005656-8e81d9a8faa5,137.839,424.917
deep-researcher-1786005656-32c2f54adb31,137.871,346.658
data-analyst-1786005656-c0d38372e9f7,138.065,441.369
data-analyst-1786005621-a74945d1dfbd,138.066,290.630
reviewer-1786005656-07323335b21b,138.133,609.545
wide-researcher-1786005656-5f523ceeaf72,138.194,649.982
deep-researcher-1786005656-ea9dc0499871,138.212,670.990
data-analyst-1786005656-1a78676265b1,138.238,444.512
data-analyst-1786005611-7e1f37dcbab5,138.261,138.261
reviewer-1786005656-f6a4f38a8097,138.270,463.919
data-analyst-1786005593-774e6011a573,138.371,138.371
wide-researcher-1786005656-ea4b19f00853,138.375,618.397
deep-researcher-1786005656-8606b5f6102a,138.392,540.351
data-analyst-1786005656-8155f1b62366,138.414,466.665
reviewer-1786005656-c8ff832f394c,138.431,680.061
data-analyst-1786005615-4040bc78bee9,138.440,138.440
data-analyst-1786005608-700d26245352,138.454,138.454
wide-researcher-1786005656-df44fe695fab,138.466,544.366
deep-researcher-1786005656-6a3148ba928e,138.483,441.090
data-analyst-1786005656-89923eac8575,138.514,561.112
data-analyst-1786005606-6537c32cf169,138.532,138.533
data-analyst-1786005615-def28312bc11,138.546,138.547
data-analyst-1786005607-b13053debef5,138.561,138.561
reviewer-1786005656-8cd703e49f74,138.618,549.386
wide-researcher-1786005656-e34e4789724f,138.684,511.821
deep-researcher-1786005656-bbc7b76bee78,138.761,658.784
data-analyst-1786005656-b2d0e8b3aec3,138.779,671.282
reviewer-1786005657-4a90b872838e,138.864,639.092
wide-researcher-1786005657-583c0f7fc2fc,138.920,569.469
deep-researcher-1786005657-1f215ab35ddf,138.938,232.820
data-analyst-1786005618-0ba0fa563097,138.951,209.199
data-analyst-1786005657-c034e3627853,138.963,547.228
reviewer-1786005657-ffb003c53af3,138.992,569.940
wide-researcher-1786005657-34a49480a93f,139.060,566.668
deep-researcher-1786005657-6c231a6bdb03,139.077,545.821
data-analyst-1786005606-2ca9094f063e,139.132,208.889
data-analyst-1786005657-5d78ed9d1a65,139.185,653.029
reviewer-1786005657-b305552ffe90,139.265,571.614
wide-researcher-1786005657-59377a8718c4,139.317,226.441
data-analyst-1786005605-c8811dcd7712,139.340,139.341
deep-researcher-1786005657-0076117f6f01,139.349,385.352
data-analyst-1786005657-8f39299ddbe2,139.372,689.352
reviewer-1786005657-ab25a9bc5590,139.411,560.473
data-analyst-1786005601-fb41b8ab562d,139.486,139.486
wide-researcher-1786005657-9d433efb124d,139.574,238.653
deep-researcher-1786005657-cd7f4b2a9b5a,139.639,421.718
data-analyst-1786005657-608557935023,139.689,693.367
reviewer-1786005657-690a11212187,139.704,646.185
wide-researcher-1786005658-e976612a89ec,139.769,263.091
deep-researcher-1786005658-15206899a065,139.898,674.818
data-analyst-1786005658-7514fefd6b4e,139.930,547.891
reviewer-1786005658-78470d9f7269,139.947,687.535
data-analyst-1786005608-d5b8cbdf37e3,139.965,139.965
wide-researcher-1786005658-701165f7ec92,139.992,547.423
deep-researcher-1786005658-a987f103a073,140.023,331.811
data-analyst-1786005617-f4d65bc4ee74,140.117,140.118
data-analyst-1786005658-b293fe267de7,140.144,425.829
reviewer-1786005658-3c969ea9e6fd,140.167,663.307
data-analyst-1786005600-4ca27f55f539,140.210,140.210
data-analyst-1786005599-32b3187fb525,140.224,140.224
wide-researcher-1786005658-e1b93c61d499,140.289,238.409
data-analyst-1786005621-c470e6671d7e,140.377,208.958
deep-researcher-1786005658-f6c22ddedb35,140.378,431.234
data-analyst-1786005621-5eb063945c29,140.399,217.890
data-analyst-1786005658-6deebc64e9ca,140.426,541.150
reviewer-1786005658-2667f752c0c4,140.449,462.017
data-analyst-1786005622-1c6ba9c6d2cf,140.466,209.217
wide-researcher-1786005658-fa828961c21d,140.510,435.084
deep-researcher-1786005658-7233c362b363,140.560,311.804
data-analyst-1786005658-d4b934d649ff,140.586,673.940
reviewer-1786005658-f25bb9046f74,140.604,655.385
data-analyst-1786005605-ff4de151c168,140.626,140.627
wide-researcher-1786005658-db9626fb1551,140.685,253.331
deep-researcher-1786005659-13f210070eeb,140.763,313.848
data-analyst-1786005659-463bdf654e5b,140.826,646.745
reviewer-1786005659-d5067ec999a9,140.861,660.035
wide-researcher-1786005659-12c3bae852bd,140.931,424.665
data-analyst-1786005617-4992602f9f38,140.988,140.988
deep-researcher-1786005659-7116eca94557,141.007,321.767
data-analyst-1786005613-a14b0d56d97e,141.068,212.238
data-analyst-1786005659-ad72b32a5517,141.073,694.173
reviewer-1786005659-4fbba54ae8c8,141.094,668.129
wide-researcher-1786005659-39efc21dcaba,141.153,303.935
deep-researcher-1786005659-562c3392cb3d,141.194,285.250
data-analyst-1786005659-a7c7b87d9ca5,141.219,576.311
reviewer-1786005659-2d8de3420fbd,141.237,592.467
wide-researcher-1786005659-3a557320fb6b,141.280,421.835
deep-researcher-1786005659-74ee16d04708,141.406,535.231
data-analyst-1786005659-6d027371bb78,141.433,643.369
reviewer-1786005659-008bd5058772,141.461,700.642
wide-researcher-1786005659-8c780ca96ea4,141.507,249.031
data-analyst-1786005621-c214a96299bd,141.533,212.696
deep-researcher-1786005659-845d4bea9f60,141.542,430.376
data-analyst-1786005659-6987d1e515a9,141.577,548.511
reviewer-1786005659-eeebd8906028,141.643,656.812
wide-researcher-1786005659-0f3573b41877,141.691,551.165
data-analyst-1786005608-479f4e8040da,141.761,205.994
data-analyst-1786005607-b926ef124a21,141.780,141.781
deep-researcher-1786005660-3e68bb772474,141.784,566.632
data-analyst-1786005660-57adc1c4a594,141.801,643.623
data-analyst-1786005619-4b5a03baf32a,141.831,205.341
reviewer-1786005660-3b20317c8453,141.853,675.063
data-analyst-1786005603-a100563e6143,141.866,141.866
data-analyst-1786005601-18287b982995,141.909,141.910
wide-researcher-1786005660-3b8b1d95500c,141.936,423.393
deep-researcher-1786005660-73e7823c1666,141.973,430.726
data-analyst-1786005660-36f39f45439f,142.065,679.545
reviewer-1786005660-a0771752195f,142.090,691.229
wide-researcher-1786005660-f844215c7d8a,142.119,552.357
deep-researcher-1786005660-e5a5f0780e81,142.135,428.573
data-analyst-1786005618-bdbe7b4ae8dd,142.166,142.166
data-analyst-1786005660-ef71b71ea441,142.195,646.847
reviewer-1786005660-fe100da00ec0,142.273,687.675
wide-researcher-1786005660-9ac007f94b0c,142.334,318.668
data-analyst-1786005594-93eb3b6880f6,142.358,207.056
deep-researcher-1786005660-84ed68d47938,142.366,427.094
data-analyst-1786005660-e5c7b6d22921,142.431,420.453
data-analyst-1786005619-b401a5986a2e,142.441,142.442
reviewer-1786005660-fab16d26e2e1,142.449,541.960
wide-researcher-1786005660-146b183af230,142.505,647.503
deep-researcher-1786005660-26c5bf7d3fe3,142.589,218.473
data-analyst-1786005608-06755c73f0c8,142.646,142.647
data-analyst-1786005660-c121eb0fd08d,142.660,417.267
reviewer-1786005660-30cc216e0648,142.701,564.356
data-analyst-1786005624-329308c25a54,142.713,211.778
wide-researcher-1786005660-11b28711784c,142.740,216.176
deep-researcher-1786005661-e44fc3fbe78c,142.758,417.406
data-analyst-1786005661-d0d599a7f90f,142.789,690.807
reviewer-1786005661-a5a415ef5efe,142.918,687.273
data-analyst-1786005601-ee0b2c327dec,142.931,142.931
wide-researcher-1786005661-96a0dea7c102,142.957,579.680
deep-researcher-1786005661-3d61e344bd21,142.973,679.412
data-analyst-1786005661-5cbfdb7ef011,142.988,651.926
reviewer-1786005661-97b43f1c7fbf,143.015,617.364
wide-researcher-1786005661-7eca0d9baf39,143.052,598.266
deep-researcher-1786005661-abf8f3aa5b5f,143.157,318.770
data-analyst-1786005617-9297ec831be2,143.191,143.191
data-analyst-1786005661-52a0e3711f66,143.196,683.424
reviewer-1786005661-27b14bfb037e,143.303,683.847
wide-researcher-1786005661-5ffeb9668e86,143.358,650.642
data-analyst-1786005624-17ac94d827f7,143.369,207.709
deep-researcher-1786005661-5daa1f01ec83,143.386,302.342
data-analyst-1786005615-d2876fc1ac4b,143.465,143.465
data-analyst-1786005661-d5bf37109d83,143.488,543.182
reviewer-1786005661-4708d90df037,143.577,674.422
wide-researcher-1786005661-418874d526e9,143.608,429.148
deep-researcher-1786005661-74bfd008132b,143.625,586.233
data-analyst-1786005661-71dde6c59529,143.653,463.544
reviewer-1786005662-19131caecbd3,143.693,551.774
wide-researcher-1786005662-1ee58d9df74a,143.777,342.586
deep-researcher-1786005662-b52807171bdc,143.838,301.592
data-analyst-1786005662-e1ed6e247920,143.856,560.045
reviewer-1786005662-c192578046a6,143.890,661.770
wide-researcher-1786005662-98c9bcbee96b,143.943,593.462
data-analyst-1786005625-8f6f4ce48866,144.078,211.099
data-analyst-1786005625-06f6cc26e412,144.091,216.755
deep-researcher-1786005662-9aec7f700c43,144.095,314.611
data-analyst-1786005625-6fdae5f59e6a,144.108,207.289
data-analyst-1786005618-1ac3db45b87d,144.141,144.141
data-analyst-1786005662-fd8362b83e26,144.163,651.974
data-analyst-1786005604-2ac1ea5cd8c2,144.171,144.172
reviewer-1786005662-5cc249b3d10b,144.224,683.238
wide-researcher-1786005662-437283fbb1be,144.269,655.876
deep-researcher-1786005662-54f98134960e,144.304,413.403
data-analyst-1786005614-9550e4071ade,144.319,144.319
data-analyst-1786005662-3a9a52957e21,144.424,441.656
data-analyst-1786005602-1db73f415b8c,144.428,144.428
reviewer-1786005662-eac1b6149ba6,144.446,560.776
wide-researcher-1786005662-074801a2b34e,144.480,545.417
deep-researcher-1786005662-92d69f8c6bc4,144.511,667.175
data-analyst-1786005662-d9b124f08906,144.572,350.965
reviewer-1786005662-b29a2a8c1ed0,144.596,405.037
wide-researcher-1786005662-568a8bbe520d,144.672,300.924
data-analyst-1786005622-82d0c945f9dd,144.707,212.448
deep-researcher-1786005662-1163835180fc,144.712,215.941
data-analyst-1786005663-c664e4b980de,144.769,681.411
reviewer-1786005663-2471d74b9ea6,144.808,564.900
wide-researcher-1786005663-1df56fd4e75c,144.865,565.758
deep-researcher-1786005663-6468fff29345,144.882,701.212
data-analyst-1786005663-1d93f551defe,144.995,567.851
reviewer-1786005663-c096de542d2e,145.034,686.549
wide-researcher-1786005663-db3591442e85,145.082,277.350
deep-researcher-1786005663-9a10ad82b6f3,145.106,610.880
data-analyst-1786005663-3349f991e255,145.124,653.043
reviewer-1786005663-d3e1f386c0e6,145.142,687.230
wide-researcher-1786005663-4823ce01dc11,145.206,320.923
deep-researcher-1786005663-14180894a7a9,145.225,654.779
data-analyst-1786005663-5b5f0adf6d7e,145.287,560.972
reviewer-1786005663-93372420a4d8,145.355,674.736
wide-researcher-1786005663-89a68b245254,145.396,428.558
deep-researcher-1786005663-f8b2ee0ed61c,145.415,675.042
data-analyst-1786005663-03b3c8492faa,145.458,552.007
reviewer-1786005663-864a900bb0b4,145.483,664.383
wide-researcher-1786005663-276efaf7f917,145.617,651.184
deep-researcher-1786005663-e1e64846d0b6,145.673,334.192
data-analyst-1786005621-dbf8341576aa,145.707,145.707
data-analyst-1786005663-d9860110441f,145.731,673.164
data-analyst-1786005615-5305624655b5,145.739,145.739
data-analyst-1786005613-2deb1e0c9909,145.754,145.754
reviewer-1786005663-bdea01f08036,145.776,652.983
wide-researcher-1786005664-6e1f0bff82c8,145.941,573.162
data-analyst-1786005616-a5a463921ed5,145.955,145.956
deep-researcher-1786005664-81ece4279867,145.956,351.169
data-analyst-1786005664-969e97504886,146.003,429.871
reviewer-1786005664-172292f28bd8,146.025,428.940
wide-researcher-1786005664-eaaa258f9bfe,146.076,265.046
deep-researcher-1786005664-9a81274cf987,146.116,332.904
data-analyst-1786005664-33acc1b9fbc2,146.220,607.060
reviewer-1786005664-6c3615a9da94,146.279,641.251
wide-researcher-1786005664-153fd8dacbc6,146.318,542.450
data-analyst-1786005611-5a375403b5a0,146.318,146.323
deep-researcher-1786005664-0017aad00b19,146.401,243.687
data-analyst-1786005664-234d187adbc9,146.496,426.548
reviewer-1786005664-6566ec36ceeb,146.556,691.075
wide-researcher-1786005664-bb89014dfd95,146.623,425.980
deep-researcher-1786005664-21fa6e7416a2,146.649,637.589
data-analyst-1786005618-15c993ba1d3d,146.650,146.651
data-analyst-1786005664-2f36557ccc75,146.727,427.808
reviewer-1786005665-9f7af2034916,146.798,667.459
wide-researcher-1786005665-91f9a4c372f4,146.850,304.907
deep-researcher-1786005665-a7b68faf37c0,146.873,439.089
data-analyst-1786005665-84138fe73602,146.903,324.985
reviewer-1786005665-aaf2be1c932c,146.921,461.398
wide-researcher-1786005665-5c4934c212e5,146.957,570.260
data-analyst-1786005594-570f6592efba,146.967,146.968
deep-researcher-1786005665-35913ba38f54,147.004,433.985
data-analyst-1786005665-017961694cb4,147.116,680.721
reviewer-1786005665-0f3b4a4d3f17,147.135,559.478
wide-researcher-1786005665-0e459c020f9b,147.188,359.390
deep-researcher-1786005665-9310441f6a6a,147.230,379.380
data-analyst-1786005665-b3e85c185fdd,147.250,451.388
reviewer-1786005665-e3a9e9584f8a,147.284,698.273
wide-researcher-1786005665-8f9f3cb60586,147.323,669.987
deep-researcher-1786005665-663e01623b27,147.357,483.935
data-analyst-1786005665-a9ef2936635d,147.416,540.398
reviewer-1786005665-49275fd799e8,147.463,620.840
data-analyst-1786005597-41c9a81b1b4c,147.503,205.929
wide-researcher-1786005665-cc5970705b9e,147.508,557.126
deep-researcher-1786005665-8dd06ee36b6e,147.525,562.928
data-analyst-1786005606-25fa15f17f1b,147.537,147.538
data-analyst-1786005665-b9cff8ea58fb,147.542,547.035
reviewer-1786005665-de040a186c6b,147.586,679.142
wide-researcher-1786005665-dcb9aed8bf41,147.630,324.373
deep-researcher-1786005665-f82da0b5d79b,147.731,321.133
data-analyst-1786005666-a5fd74ed02bf,147.790,655.638
reviewer-1786005666-82fc8323a00e,147.915,582.597
wide-researcher-1786005666-4d3c67a90b9d,148.015,418.321
deep-researcher-1786005666-ccc2bc8b4005,148.062,651.958
data-analyst-1786005666-de48b2f9dc6c,148.083,422.437
data-analyst-1786005625-397209847d49,148.129,214.325
reviewer-1786005666-55f6d84b594a,148.161,565.869
wide-researcher-1786005666-5e9ed47bd6f7,148.191,318.950
deep-researcher-1786005666-583dd2bd9860,148.231,701.400
data-analyst-1786005666-63296141a677,148.249,684.145
reviewer-1786005666-98f5d642eb9a,148.302,589.704
data-analyst-1786005595-1f1310fc5ac8,148.319,148.319
wide-researcher-1786005666-0db8436fc8d6,148.331,399.717
deep-researcher-1786005666-92195f178d09,148.390,425.994
data-analyst-1786005624-d2461239ad08,148.416,148.417
data-analyst-1786005666-03f8b9f42da6,148.424,583.510
reviewer-1786005666-a3f2401dab5d,148.439,684.243
wide-researcher-1786005666-589344b88385,148.497,550.716
deep-researcher-1786005666-83ec73939c72,148.636,463.445
data-analyst-1786005666-a546896d5f64,148.654,475.487
data-analyst-1786005619-48e3ea391f05,148.738,148.738
reviewer-1786005666-6ec8d7ddb87a,148.746,685.734
data-analyst-1786005619-cdd863251ced,148.773,148.773
wide-researcher-1786005666-933a4c5c663a,148.782,315.331
deep-researcher-1786005667-8f37fc51ef58,148.801,324.850
data-analyst-1786005667-bad60fc728db,148.832,655.538
reviewer-1786005667-9ec78fe9f8f1,148.867,643.317
wide-researcher-1786005667-8779a71382ac,148.973,315.303
deep-researcher-1786005667-b234c2b8d63c,148.989,644.205
data-analyst-1786005667-0b58279be05f,149.020,550.941
reviewer-1786005667-2ee493ceb8b2,149.042,671.083
wide-researcher-1786005667-bfba018754ae,149.109,303.843
deep-researcher-1786005667-8d49f78ef16c,149.134,421.953
data-analyst-1786005667-98b44394dd8a,149.216,419.091
data-analyst-1786005604-391f4d66c9ad,149.230,149.230
reviewer-1786005667-578e2073338c,149.242,643.019
wide-researcher-1786005667-395a39a8e82a,149.294,419.522
deep-researcher-1786005667-4dbd093dd0fe,149.320,325.965
data-analyst-1786005667-c9dd72b5f626,149.393,550.151
reviewer-1786005667-7b68bb7965d9,149.423,648.640
data-analyst-1786005617-32b3e6ba453d,149.495,149.495
data-analyst-1786005618-0d389c18b7b5,149.508,149.509
wide-researcher-1786005667-793488e99d65,149.568,340.597
deep-researcher-1786005667-249526e571ab,149.594,680.156
data-analyst-1786005667-06b17a6e5530,149.678,655.916
reviewer-1786005667-8819635aa67d,149.692,651.791
wide-researcher-1786005668-165606092702,149.733,426.030
deep-researcher-1786005668-4bda65d0a200,149.757,423.258
data-analyst-1786005668-eb822a66bd38,149.910,671.416
reviewer-1786005668-dc3c93651d19,149.935,567.332
wide-researcher-1786005668-a4251344663b,149.971,417.360
deep-researcher-1786005668-f799b801c85f,150.137,438.095
data-analyst-1786005668-fcd409c2b055,150.156,500.091
reviewer-1786005668-ac2f356e4d26,150.172,678.625
data-analyst-1786005618-7d8670b32f9f,150.216,150.217
data-analyst-1786005624-1b0d52a81466,150.229,150.229
wide-researcher-1786005668-3a7819fe8ebb,150.258,314.104
data-analyst-1786005624-f276bfa701eb,150.284,303.456
deep-researcher-1786005668-6d5fefa72a13,150.301,665.707
data-analyst-1786005668-b7b3c8626504,150.317,674.078
reviewer-1786005668-f14556b3a4cb,150.351,555.373
wide-researcher-1786005668-3a665ccc74f0,150.401,324.925
data-analyst-1786005624-420c812dc549,150.454,216.028
deep-researcher-1786005668-ab27e1869398,150.466,640.875
data-analyst-1786005668-e8d70c628ad2,150.489,430.201
reviewer-1786005668-b4e23883ad3f,150.505,551.747
data-analyst-1786005606-c2848fba8621,150.522,150.522
wide-researcher-1786005668-b4df6fe46a1e,150.541,646.517
deep-researcher-1786005668-a37f6c22c4b2,150.571,314.119
data-analyst-1786005668-426a3f51de8e,150.614,551.328
reviewer-1786005668-d7c7be996d4b,150.651,651.894
data-analyst-1786005628-b70da9cfe91c,150.668,209.463
wide-researcher-1786005669-e568da05d277,150.696,303.315
data-analyst-1786005620-e61d95ad5b41,150.705,150.705
deep-researcher-1786005669-956bed4ec24e,150.729,258.945
data-analyst-1786005669-17e02aa46eee,150.764,695.186
reviewer-1786005669-4e3208b11e0d,150.829,639.008
wide-researcher-1786005669-71a097e6e4ae,150.898,421.260
deep-researcher-1786005669-dc18f90a036e,150.930,313.490
data-analyst-1786005669-371905030bae,150.949,544.791
data-analyst-1786005597-eaeaa18848b1,150.983,216.103
reviewer-1786005669-8b444666201d,151.035,674.704
wide-researcher-1786005669-8e8f296e00d6,151.081,442.771
deep-researcher-1786005669-ec5a51f99ee9,151.104,417.241
data-analyst-1786005669-abbfc8920b13,151.157,537.748
reviewer-1786005669-2e0652899191,151.184,670.352
data-analyst-1786005605-ecfb0cd9f2f3,151.234,151.235
wide-researcher-1786005669-b39ea0d8d4c8,151.256,426.222
deep-researcher-1786005669-ea69ce1a56c7,151.276,323.483
data-analyst-1786005669-36818a96f623,151.420,547.331
reviewer-1786005669-deebc44961c3,151.456,704.924
wide-researcher-1786005669-cdbb182ddf6f,151.518,431.715
deep-researcher-1786005669-8a4cb5d69935,151.574,651.833
data-analyst-1786005622-6b5264ddc83a,151.590,151.590
data-analyst-1786005624-6c39affcd1f2,151.643,208.561
data-analyst-1786005669-3e2fb3215485,151.653,431.912
reviewer-1786005669-3760ad74f5b2,151.673,427.145
data-analyst-1786005629-b4587fe27404,151.721,207.887
wide-researcher-1786005669-d1d5fb3a5b49,151.765,511.120
data-analyst-1786005629-de03db895338,151.807,213.325
deep-researcher-1786005670-aaebe652a885,151.816,260.364
data-analyst-1786005670-596d73e5c449,151.860,442.945
data-analyst-1786005615-d413fb4f228e,151.874,151.874
reviewer-1786005670-b5bf8c9d63a9,151.913,687.494
wide-researcher-1786005670-9972afafec9f,151.978,389.585
deep-researcher-1786005670-58e9f6b49ef1,152.003,654.185
data-analyst-1786005670-c43e3fd7025b,152.030,542.958
reviewer-1786005670-ed9ec04184e9,152.053,670.558
data-analyst-1786005629-a195ff37eb8c,152.078,206.725
wide-researcher-1786005670-1401464bcf7a,152.087,319.402
data-analyst-1786005629-4509028dfb03,152.096,255.815
deep-researcher-1786005670-b6cda340633c,152.113,564.658
data-analyst-1786005613-eb327149fb16,152.132,152.132
data-analyst-1786005604-5ebbef72ef41,152.147,152.147
data-analyst-1786005670-58148df54274,152.155,385.335
data-analyst-1786005628-d30bd33aa883,152.165,210.088
reviewer-1786005670-d5c45af10f61,152.173,695.330
data-analyst-1786005624-21a718099633,152.200,205.269
wide-researcher-1786005670-f97ace98a68d,152.212,540.183
deep-researcher-1786005670-fd664c18b2cc,152.235,251.413
data-analyst-1786005670-0a9a3dae6e78,152.268,539.423
reviewer-1786005670-81d0ed507acc,152.341,649.462
data-analyst-1786005620-8a87b388e47c,152.345,152.346
data-analyst-1786005612-a1d11c2a955f,152.387,152.387
wide-researcher-1786005670-8c0b03b22950,152.441,439.869
deep-researcher-1786005670-884c6325c25b,152.513,419.967
data-analyst-1786005592-3922a4243cd4,152.517,152.518
data-analyst-1786005670-cd26a600f5eb,152.547,466.759
data-analyst-1786005626-286266eb3dc6,152.573,216.118
reviewer-1786005670-5b3c43cd117f,152.586,653.336
wide-researcher-1786005670-3a494c000e50,152.627,621.798
data-analyst-1786005625-d79894b3cb72,152.640,152.641
data-analyst-1786005595-317af1310acb,152.666,152.666
deep-researcher-1786005670-e28f5b824d83,152.667,430.454
data-analyst-1786005671-056f22bff0fa,152.693,678.491
reviewer-1786005671-6d3bfa4c1798,152.713,690.523
wide-researcher-1786005671-53e45791ba91,152.759,617.324
deep-researcher-1786005671-93bae1a9b142,152.777,346.907
data-analyst-1786005671-2119a57a8da8,152.895,560.926
data-analyst-1786005629-8ef00c7702d2,152.909,209.336
data-analyst-1786005629-c10b5801e1dc,152.922,209.168
reviewer-1786005671-27e66fdb709f,152.930,441.401
wide-researcher-1786005671-f05bb5725c0c,152.979,637.738
deep-researcher-1786005671-35da21ed2586,153.023,301.609
data-analyst-1786005671-d95cafc38809,153.085,587.141
reviewer-1786005671-a3624eb3ba29,153.157,578.696
wide-researcher-1786005671-5cadf7eb20a1,153.194,315.137
deep-researcher-1786005671-03ff9706bb9b,153.271,650.952
data-analyst-1786005671-68520c5edced,153.297,547.080
reviewer-1786005671-02cf73607f86,153.329,676.723
wide-researcher-1786005671-397f08a804db,153.406,567.746
deep-researcher-1786005671-122b1e26a71d,153.420,322.881
data-analyst-1786005622-32e0b96e31b7,153.434,153.435
data-analyst-1786005671-905ace4f5a4b,153.439,694.780
data-analyst-1786005591-8787d70ccb7a,153.453,153.453
reviewer-1786005671-30f8dfe0a6ae,153.522,679.864
wide-researcher-1786005671-e1fa75074183,153.563,638.348
data-analyst-1786005626-1db75d89fc16,153.576,153.577
data-analyst-1786005626-feeb08263c3a,153.589,153.590
deep-researcher-1786005671-e06b75572b5b,153.594,426.363
data-analyst-1786005671-5366b8680b2c,153.624,637.683
data-analyst-1786005617-6e8be3eb30aa,153.639,153.640
data-analyst-1786005604-a44b90d6ba68,153.653,153.654
reviewer-1786005672-6c2324d0f1fa,153.676,564.928
wide-researcher-1786005672-02e608c48889,153.707,547.862
deep-researcher-1786005672-7b87eab5e5a8,153.747,440.097
data-analyst-1786005672-9c727dcb7757,153.781,585.892
reviewer-1786005672-961f19da48c7,153.854,538.731
data-analyst-1786005624-ec01455414e6,153.876,153.877
wide-researcher-1786005672-dad145fdcb77,153.913,643.571
data-analyst-1786005630-f77d54ba02db,153.940,316.521
deep-researcher-1786005672-0c006c3bf91a,153.949,301.947
data-analyst-1786005672-4cbe1d47a95b,154.024,427.003
reviewer-1786005672-e38ad0c7c54a,154.089,658.504
data-analyst-1786005628-9935b9f469e3,154.098,256.823
wide-researcher-1786005672-83ddd86f5ff1,154.120,318.583
deep-researcher-1786005672-f9fa6b3a0174,154.181,418.012
data-analyst-1786005672-1fe4f276dd6e,154.221,658.485
reviewer-1786005672-c1ab14bae868,154.281,561.610
wide-researcher-1786005672-9b6320dd2df1,154.443,661.813
deep-researcher-1786005672-45ac7ff8db58,154.480,456.664
data-analyst-1786005672-1855d714e0ff,154.543,675.991
reviewer-1786005672-64a48a1dc26b,154.587,487.562
wide-researcher-1786005672-51b71f3e0888,154.673,427.397
data-analyst-1786005631-16deebefa0a9,154.695,206.803
deep-researcher-1786005672-349d26205bb8,154.704,324.226
data-analyst-1786005600-8ae89c8603c7,154.730,154.730
data-analyst-1786005673-cb4b1b7bd631,154.767,538.978
data-analyst-1786005631-af274031b028,154.777,213.761
data-analyst-1786005631-578581eb6e97,154.791,208.751
data-analyst-1786005631-f28e2d897e0c,154.804,273.248
reviewer-1786005673-40899842786d,154.817,684.346
wide-researcher-1786005673-d7975c977c4c,154.916,247.187
data-analyst-1786005618-cab0e3a34c7e,154.929,154.930
deep-researcher-1786005673-6e984cca858c,154.933,564.556
data-analyst-1786005624-c8e87f341614,154.946,154.946
data-analyst-1786005673-8cc8e9e28fb6,154.951,556.713
reviewer-1786005673-efc5386d81cf,155.035,652.566
wide-researcher-1786005673-a0ad5c56951d,155.073,302.440
data-analyst-1786005624-1918bf9d656d,155.087,155.087
deep-researcher-1786005673-ac44548086fa,155.105,656.571
data-analyst-1786005673-0aac007d248a,155.136,563.502
reviewer-1786005673-f185ebb02935,155.172,552.998
wide-researcher-1786005673-74bc9d718a7b,155.208,264.951
data-analyst-1786005626-8f69eb5513c6,155.301,155.301
deep-researcher-1786005673-d0f069d90d54,155.375,428.120
data-analyst-1786005673-8081a710cd25,155.415,439.902
reviewer-1786005673-9c1b19e47bc7,155.563,647.758
wide-researcher-1786005673-0032e98f66c5,155.601,549.401
deep-researcher-1786005673-93ef05ff44a5,155.627,653.367
data-analyst-1786005617-4c8202bed677,155.670,155.670
data-analyst-1786005673-f1ce3a1e45e4,155.684,671.398
reviewer-1786005674-c57d32cf8f42,155.734,681.696
data-analyst-1786005626-d356bd98749d,155.758,155.758
wide-researcher-1786005674-9e1afa01dc13,155.780,657.746
deep-researcher-1786005674-eb8b73945d25,155.798,699.040
data-analyst-1786005601-f2c46f6e53a6,155.808,155.808
data-analyst-1786005674-06e78b67e33e,155.813,538.840
reviewer-1786005674-2e33a8afbaf8,155.914,560.488
data-analyst-1786005609-271303dab93c,155.931,155.931
wide-researcher-1786005674-f3b016121c3e,155.999,610.508
deep-researcher-1786005674-51ef78fba6f7,156.040,540.548
data-analyst-1786005674-cb914e678589,156.121,682.482
reviewer-1786005674-a0b66c626220,156.176,680.192
wide-researcher-1786005674-46a9d918e522,156.214,438.739
deep-researcher-1786005674-665c3ede5894,156.327,453.954
data-analyst-1786005674-af0bb2b9b492,156.407,514.114
reviewer-1786005674-549d098bb898,156.441,554.440
data-analyst-1786005630-81a8406a9df5,156.519,306.498
wide-researcher-1786005674-b8b8b5f34e01,156.535,660.171
data-analyst-1786005630-9d4025117bb3,156.540,206.342
deep-researcher-1786005674-c410cbf2f489,156.551,320.819
data-analyst-1786005674-4f96be957c4f,156.569,581.362
reviewer-1786005674-4f2ad0540271,156.591,568.485
wide-researcher-1786005675-186e5f4a3c13,156.644,323.911
deep-researcher-1786005675-c85d3f4edae7,156.681,688.941
data-analyst-1786005675-cd7952197cd7,156.711,696.105
reviewer-1786005675-d50310f78943,156.727,645.950
wide-researcher-1786005675-48839e4fc4fe,156.771,555.808
deep-researcher-1786005675-7827fe231b02,156.809,309.452
data-analyst-1786005675-50e096b4f621,156.882,637.525
data-analyst-1786005607-34f6e8433ba7,156.912,156.913
reviewer-1786005675-b95742c898ab,156.930,566.302
wide-researcher-1786005675-d34a299976f5,157.081,321.316
deep-researcher-1786005675-99e06d44a5e4,157.117,418.210
data-analyst-1786005632-0c82312f44b0,157.144,206.967
data-analyst-1786005675-d3cafcfcba9a,157.144,589.129
reviewer-1786005675-5dee4a7b549f,157.189,602.330
wide-researcher-1786005675-bb13f3ae23dd,157.239,548.423
deep-researcher-1786005675-066e36993dce,157.267,401.075
data-analyst-1786005675-75a6aab756b2,157.307,423.319
reviewer-1786005675-0097c49fe423,157.325,665.471
wide-researcher-1786005675-bdf66ceb1288,157.442,441.549
deep-researcher-1786005675-16cdaa45d158,157.471,426.132
data-analyst-1786005630-192f2c3a8e3c,157.479,206.567
data-analyst-1786005675-366cd891f2f0,157.511,461.455
data-analyst-1786005630-006f6cb4cc77,157.512,217.588
reviewer-1786005675-b6c393f9775d,157.553,695.202
wide-researcher-1786005675-c5c7efe0a1ac,157.618,591.731
deep-researcher-1786005675-39be8374cb04,157.785,682.586
data-analyst-1786005675-bf10b241e713,157.840,566.485
reviewer-1786005676-632ecf8fe7af,157.867,685.080
wide-researcher-1786005676-5b274c8e2583,157.915,320.295
deep-researcher-1786005676-a101bc9bb648,157.953,423.185
data-analyst-1786005676-736a63536f4e,158.042,640.855
reviewer-1786005676-3a7b5fe1aeba,158.074,678.399
wide-researcher-1786005676-84b457f0cc07,158.115,418.801
data-analyst-1786005613-f822fd7f936e,158.119,208.065
data-analyst-1786005618-aeeeb00c8403,158.139,205.819
deep-researcher-1786005676-d40fa51a1973,158.161,696.121
data-analyst-1786005676-7b3e42672f7a,158.202,559.045
reviewer-1786005676-8b92ebed844c,158.219,427.209
wide-researcher-1786005676-a2da7c395a45,158.250,548.184
deep-researcher-1786005676-1c7b754c3752,158.279,324.553
data-analyst-1786005676-59360fc750cc,158.393,673.802
reviewer-1786005676-3f8d7b8cf6f1,158.440,563.776
wide-researcher-1786005676-1e160f61793a,158.638,639.662
deep-researcher-1786005676-0baac3c128f7,158.717,678.346
data-analyst-1786005676-bf18b6547493,158.761,482.957
data-analyst-1786005598-f76590da00c7,158.761,367.857
reviewer-1786005676-0a4d2504645c,158.779,670.863
wide-researcher-1786005677-088a97762987,158.815,321.017
deep-researcher-1786005677-3eaf1b0acd7c,158.844,538.068
data-analyst-1786005677-e5a03f99f5d1,158.936,588.418
reviewer-1786005677-c4349dd85983,158.956,669.797
wide-researcher-1786005677-65339795b6c4,159.015,434.361
deep-researcher-1786005677-580600d19a50,159.138,428.168
data-analyst-1786005628-a08f8c0fccb2,159.204,159.205
data-analyst-1786005677-ff78461280cc,159.215,553.098
reviewer-1786005677-4de2e85a5ab2,159.250,580.768
wide-researcher-1786005677-90d2d0092b02,159.353,582.326
deep-researcher-1786005677-28c5e41eac12,159.368,370.319
data-analyst-1786005677-4edd6acbba04,159.390,417.526
data-analyst-1786005630-05de54945b24,159.405,208.436
reviewer-1786005677-05382931ca2c,159.429,494.145
data-analyst-1786005624-7b2cb9049896,159.460,159.461
wide-researcher-1786005677-79a36b7ac409,159.466,427.758
deep-researcher-1786005677-517e7a82e79d,159.551,316.688
data-analyst-1786005677-2cdda0e72b78,159.583,444.627
reviewer-1786005677-4c7c054f6d64,159.628,660.075
data-analyst-1786005613-867f0225e4ab,159.645,159.646
wide-researcher-1786005677-c3cd8622d0c8,159.673,323.246
deep-researcher-1786005678-55b80bdf767a,159.705,361.397
data-analyst-1786005678-d37b27b8e8f9,159.731,590.277
reviewer-1786005678-121bc7682ac5,159.745,569.258
wide-researcher-1786005678-4898746c0cc0,159.799,332.951
deep-researcher-1786005678-a19b457fe563,159.826,414.945
data-analyst-1786005678-66faf1e0af3f,159.886,690.317
reviewer-1786005678-534210a92f5e,159.949,678.144
wide-researcher-1786005678-3ae631ba993b,160.140,518.093
deep-researcher-1786005678-a003b8f90020,160.159,451.306
data-analyst-1786005678-9f1c928dbb75,160.233,420.037
reviewer-1786005678-9cf2748bcca9,160.264,539.439
wide-researcher-1786005678-35902d9efef1,160.297,539.581
deep-researcher-1786005678-d505410d2fc1,160.316,517.908
data-analyst-1786005678-7537e00ca925,160.350,428.202
reviewer-1786005678-d2ff31f94e2b,160.445,572.144
data-analyst-1786005605-f14649c49f18,160.509,160.510
wide-researcher-1786005678-7b5ddee73cf0,160.524,543.669
deep-researcher-1786005678-8a125a087c4e,160.590,534.893
data-analyst-1786005678-4e436c492c91,160.638,544.842
reviewer-1786005678-de8c93eb2542,160.695,567.486
wide-researcher-1786005678-79ebc81a8679,160.734,674.966
deep-researcher-1786005679-88af23a1a3d3,160.762,657.175
data-analyst-1786005679-558d03c37ff0,160.810,503.776
reviewer-1786005679-060dc09cdd95,160.877,642.444
wide-researcher-1786005679-5138c20d76e4,160.932,322.765
deep-researcher-1786005679-92fff3ee35e7,160.955,313.412
data-analyst-1786005679-c4e928f1aefb,160.978,555.358
reviewer-1786005679-5e99bf53fe51,161.034,686.608
data-analyst-1786005604-aca0ffc09056,161.051,213.530
wide-researcher-1786005679-b83f9b4b180b,161.093,386.765
deep-researcher-1786005679-e5dc4e7200d1,161.132,319.207
data-analyst-1786005679-9ac201598629,161.163,499.997
reviewer-1786005679-ec51f90e0c24,161.185,678.189
wide-researcher-1786005679-29dd54ba4f47,161.226,301.001
deep-researcher-1786005679-37da6e9ce94e,161.251,387.349
data-analyst-1786005628-50b8895fbb0d,161.255,161.260
data-analyst-1786005679-521ab4a14850,161.273,427.019
reviewer-1786005679-64735fe7eb01,161.310,683.404
wide-researcher-1786005679-fdd01f3aaff6,161.413,332.059
deep-researcher-1786005679-e6698d1dcda4,161.452,688.895
data-analyst-1786005679-7b56a2d18f1e,161.470,548.730
reviewer-1786005679-caa5448f498b,161.566,669.026
wide-researcher-1786005679-804ce024b8dd,161.614,301.708
deep-researcher-1786005679-fa7fb0976972,161.639,425.196
data-analyst-1786005679-ce88d6c5a641,161.667,332.038
data-analyst-1786005607-ae62108947fa,161.764,161.765
data-analyst-1786005608-4d2587c4f2d6,161.778,161.778
reviewer-1786005680-e47c0fd38c4b,161.786,674.983
wide-researcher-1786005680-24286aede059,161.827,570.471
deep-researcher-1786005680-749760762770,161.858,505.389
data-analyst-1786005680-212184b5ad08,161.956,428.249
reviewer-1786005680-85c6392a4e46,161.983,700.743
wide-researcher-1786005680-821954f0b43b,162.018,552.129
deep-researcher-1786005680-ea07b6649aa3,162.066,320.342
data-analyst-1786005680-6082739de5d7,162.151,643.205
reviewer-1786005680-cdb69490ec72,162.220,703.015
wide-researcher-1786005680-0e7e9a4e2abf,162.280,588.284
data-analyst-1786005624-4b90db227c41,162.293,162.293
deep-researcher-1786005680-d2c983df3bc9,162.321,431.302
data-analyst-1786005680-8687deb986b4,162.390,647.482
reviewer-1786005680-4de3aead9480,162.408,636.960
wide-researcher-1786005680-3a55a468c628,162.464,318.194
data-analyst-1786005629-b69fca564565,162.464,162.469
deep-researcher-1786005680-7adddb67834a,162.528,653.430
data-analyst-1786005680-29816093c263,162.584,338.891
reviewer-1786005680-1ff6cdb612df,162.622,539.776
wide-researcher-1786005680-3f229836b71d,162.662,429.857
deep-researcher-1786005680-43364a2db0b5,162.685,324.726
data-analyst-1786005681-558375ca508f,162.718,424.968
data-analyst-1786005615-7b38da2e4bef,162.727,162.728
reviewer-1786005681-62f1d7c3ad90,162.741,567.407
data-analyst-1786005615-9f8ff76c52cc,162.745,162.745
wide-researcher-1786005681-b9679730f6e7,162.777,382.386
deep-researcher-1786005681-df3ea5be4d4d,162.818,365.026
data-analyst-1786005681-aaa9c1c3aaec,162.835,467.959
reviewer-1786005681-9712f1b21779,162.910,677.268
wide-researcher-1786005681-1bd133da3a29,162.957,302.361
deep-researcher-1786005681-89ec52efe295,162.994,315.203
data-analyst-1786005681-ce002ce5eca3,163.037,565.332
reviewer-1786005681-e705a7861037,163.080,688.600
wide-researcher-1786005681-d9d6b09c1b3e,163.152,317.708
deep-researcher-1786005681-cd190a86c1f4,163.185,302.844
data-analyst-1786005681-3ced9c1a2b19,163.281,562.087
reviewer-1786005681-ebd1b4fb54f5,163.308,693.926
wide-researcher-1786005681-2e1364454781,163.376,301.036
deep-researcher-1786005681-59018e9bbe2e,163.473,642.726
data-analyst-1786005681-098fbb389c66,163.500,558.914
reviewer-1786005681-63b90be1349d,163.531,687.113
wide-researcher-1786005681-88d1f612a232,163.665,644.693
deep-researcher-1786005681-d18217f4d054,163.712,639.805
data-analyst-1786005681-06af412ba986,163.744,511.421
reviewer-1786005682-518fd5ffebf7,163.793,549.492
wide-researcher-1786005682-3370bacd0dd0,163.844,430.346
deep-researcher-1786005682-122e9d3e4e2d,163.892,688.674
data-analyst-1786005682-083ad52482b0,163.907,605.371
reviewer-1786005682-8c7cb888bd2d,163.986,676.140
wide-researcher-1786005682-f1f3fa1f7014,164.062,316.177
deep-researcher-1786005682-55265c9d5cf8,164.128,314.426
data-analyst-1786005682-2d05b2334bcb,164.148,561.022
reviewer-1786005682-db0d2608a3fb,164.171,684.828
wide-researcher-1786005682-e614e72369bd,164.203,562.898
data-analyst-1786005635-054591ed4c4a,164.213,215.391
deep-researcher-1786005682-b57afb54cb36,164.226,443.546
data-analyst-1786005682-3d0e46d242de,164.254,564.309
reviewer-1786005682-dd2fa08e6872,164.287,673.822
wide-researcher-1786005682-b951baecbd07,164.341,514.086
deep-researcher-1786005682-4b5c4298a4f6,164.358,327.978
data-analyst-1786005630-eb862712bee7,164.362,164.362
data-analyst-1786005631-a92c0719165f,164.392,164.392
data-analyst-1786005682-eb01c71f08cd,164.412,673.390
reviewer-1786005682-cfc666531dd3,164.435,677.612
wide-researcher-1786005682-1abde05b795f,164.478,652.275
deep-researcher-1786005682-da4ecf086050,164.511,340.172
data-analyst-1786005630-3193fdb640c7,164.556,164.556
data-analyst-1786005682-02cbb374942f,164.584,645.210
reviewer-1786005682-9e40fc6967c8,164.663,541.913
data-analyst-1786005630-9c76617c53a5,164.732,210.860
wide-researcher-1786005682-7eb88d91e02c,164.794,434.960
deep-researcher-1786005682-ebfa7903d50e,164.816,315.682
data-analyst-1786005683-896095e6dd1c,164.874,544.965
reviewer-1786005683-70931bd91e4f,164.993,666.330
data-analyst-1786005628-2d9f64a86c86,165.020,165.020
wide-researcher-1786005683-c9180509a78f,165.059,660.219
data-analyst-1786005635-18dcfd647fca,165.158,211.792
deep-researcher-1786005683-211aba60d89d,165.175,430.835
data-analyst-1786005683-db9f703366da,165.243,420.523
reviewer-1786005683-32bd04ddae37,165.295,674.168
wide-researcher-1786005683-9ff58d4a8f2b,165.327,655.571
deep-researcher-1786005683-c99b05404f7b,165.352,660.684
data-analyst-1786005683-edd07caf60ed,165.420,542.296
data-analyst-1786005630-bd8d14424cd4,165.447,207.134
reviewer-1786005683-8a9f0e414fdd,165.493,672.704
wide-researcher-1786005683-38bca77ba188,165.549,637.541
deep-researcher-1786005683-8c040ec0b9ae,165.612,594.772
data-analyst-1786005631-ca126a913d35,165.621,165.622
data-analyst-1786005683-30bc70cd4d41,165.635,547.500
data-analyst-1786005632-52e2d6415a23,165.682,165.683
reviewer-1786005683-481cdb14efe8,165.687,555.184
wide-researcher-1786005684-c168fdb42fb2,165.717,639.943
deep-researcher-1786005684-4c03434e4654,165.739,676.985
data-analyst-1786005684-216f4fe4deb5,165.765,509.865
reviewer-1786005684-cf9ed583c622,165.813,674.151
wide-researcher-1786005684-0b39bcf56cfb,165.851,468.328
deep-researcher-1786005684-8208fbc4e588,165.932,701.829
data-analyst-1786005684-447d1e35e55f,166.125,543.918
reviewer-1786005684-ac658f4797f7,166.172,642.351
data-analyst-1786005594-c2b7d037c36c,166.176,166.176
wide-researcher-1786005684-99be376fa529,166.303,567.053
deep-researcher-1786005684-172d993dd48f,166.335,330.257
data-analyst-1786005630-fe833264dfc3,166.371,208.263
data-analyst-1786005684-f3dc6cb0f311,166.380,637.366
reviewer-1786005684-931bfa3ee904,166.397,680.498
wide-researcher-1786005684-d7248831e4bc,166.484,546.431
deep-researcher-1786005684-002dd031d28f,166.503,324.833
data-analyst-1786005684-09b6da40bdd5,166.551,541.268
reviewer-1786005684-444eb903993c,166.569,637.399
wide-researcher-1786005684-85ce032e1732,166.630,670.310
deep-researcher-1786005684-a514bbcbe62f,166.734,417.824
data-analyst-1786005685-bbe9a0cef870,166.757,644.169
reviewer-1786005685-12cb218a7353,166.817,659.170
data-analyst-1786005630-54a142ad54c9,166.855,166.856
wide-researcher-1786005685-7d2c8ecf1abd,166.929,656.642
deep-researcher-1786005685-1906fde10c09,166.975,660.091
data-analyst-1786005685-36d24fbe41ad,167.011,584.645
reviewer-1786005685-31ba816687c7,167.030,686.331
wide-researcher-1786005685-abcdaa5792cd,167.119,434.559
deep-researcher-1786005685-8ffd54b20cd7,167.154,426.579
data-analyst-1786005685-110af6fe4178,167.207,693.452
reviewer-1786005685-563f2b3e4dec,167.231,695.075
wide-researcher-1786005685-49651c8e98bc,167.284,643.859
deep-researcher-1786005685-c6968236b5ec,167.312,371.675
data-analyst-1786005685-7488999a7393,167.364,559.604
reviewer-1786005685-e05f11d1a5ff,167.436,524.340
wide-researcher-1786005685-8f32adb50fdf,167.528,417.114
data-analyst-1786005636-8224dfa12538,167.555,207.349
data-analyst-1786005630-4358fe5e8cb9,167.587,167.587
data-analyst-1786005630-113e8aed074d,167.600,167.601
deep-researcher-1786005685-85ee13077d81,167.613,669.859
data-analyst-1786005685-03cb04a645d0,167.641,664.181
data-analyst-1786005636-8c8c1f0f20f2,167.755,239.932
reviewer-1786005685-d266f17ee1cf,167.785,642.958
wide-researcher-1786005685-f973e38fccd0,167.823,350.873
deep-researcher-1786005686-e5dd563444ef,167.855,424.792
data-analyst-1786005636-8f4cb8a877da,167.874,210.020
data-analyst-1786005636-0fdb6585180c,167.888,317.495
data-analyst-1786005636-67d98affa833,167.902,216.412
data-analyst-1786005686-40a6f4216357,167.903,652.410
reviewer-1786005686-56d7089649e6,167.923,567.024
wide-researcher-1786005686-5a7b7c52e80d,167.978,316.806
data-analyst-1786005630-e2e6f0060bec,168.011,168.012
deep-researcher-1786005686-1df89d195b87,168.024,423.214
data-analyst-1786005686-9baf4d51b69c,168.064,694.262
reviewer-1786005686-420efddfc40c,168.089,689.290
wide-researcher-1786005686-e19d9d8163b3,168.135,675.798
deep-researcher-1786005686-0b46eaf149e6,168.237,548.864
data-analyst-1786005686-9895073a1293,168.256,567.579
reviewer-1786005686-4ca2dcd7337e,168.322,661.508
wide-researcher-1786005686-50b73b8a522e,168.434,648.713
deep-researcher-1786005686-5913f67e4e94,168.486,337.882
data-analyst-1786005686-f6b1fbbc4c9c,168.513,642.085
reviewer-1786005686-57b1a37ca2a0,168.531,648.793
wide-researcher-1786005686-b23c83235cda,168.596,324.292
deep-researcher-1786005686-41ff1eb01fdd,168.629,375.143
data-analyst-1786005686-e886be8197eb,168.656,587.727
reviewer-1786005687-1017f16c63cb,168.709,652.840
data-analyst-1786005607-ca38f27b7745,168.734,215.591
wide-researcher-1786005687-890469ff2e16,168.743,566.289
deep-researcher-1786005687-42a11b7fc118,168.761,422.394
data-analyst-1786005687-3289a1fad7ee,168.801,653.199
reviewer-1786005687-deb2af3428c9,168.834,541.194
wide-researcher-1786005687-c215568a03a6,168.873,642.684
deep-researcher-1786005687-a79d9b374f91,168.946,562.176
data-analyst-1786005687-46407f90b15e,168.964,672.763
reviewer-1786005687-e7486c65e111,168.992,435.683
wide-researcher-1786005687-26a56d4c7fd6,169.039,323.654
deep-researcher-1786005687-b27eb700f82e,169.146,303.513
data-analyst-1786005687-a1733c43ef5b,169.295,540.320
reviewer-1786005687-64fc5a7d2756,169.312,654.248
wide-researcher-1786005687-fe6ac664f8fb,169.374,322.187
deep-researcher-1786005687-be6cbdd4c3a5,169.401,702.486
data-analyst-1786005687-7d55480058a6,169.434,621.232
reviewer-1786005687-3f6a2457385c,169.535,690.585
wide-researcher-1786005687-02dc7dcdba6f,169.610,644.929
deep-researcher-1786005687-960bbd19a96a,169.646,656.909
data-analyst-1786005630-e762a3e5f686,169.670,169.670
data-analyst-1786005687-f2d9628d427b,169.748,557.141
reviewer-1786005688-24f3242e238f,169.786,463.614
data-analyst-1786005627-13934c5a2ca3,169.787,169.791
wide-researcher-1786005688-097b38bb0880,169.832,435.115
deep-researcher-1786005688-78dd098494bc,169.849,430.331
data-analyst-1786005688-cc936d178ecf,169.946,466.180
data-analyst-1786005622-031a0daa6ec9,169.960,169.960
reviewer-1786005688-341056bc796c,169.995,682.367
wide-researcher-1786005688-fc6d17a63188,170.036,389.280
deep-researcher-1786005688-be149c2239f7,170.063,687.352
data-analyst-1786005688-c255f44e97ba,170.133,557.399
reviewer-1786005688-3c2e665b0c8c,170.168,644.031
wide-researcher-1786005688-820a1039c7b4,170.265,646.013
deep-researcher-1786005688-24cef01b1860,170.315,443.761
data-analyst-1786005688-9f9bfa5306c7,170.337,621.452
reviewer-1786005688-e0810ef55cc5,170.356,680.041
wide-researcher-1786005688-048c733be48b,170.393,330.964
deep-researcher-1786005688-b9b2757cc5e6,170.456,418.577
data-analyst-1786005688-57dfec4cbbf9,170.475,438.773
data-analyst-1786005637-c86bdd44291e,170.535,206.587
reviewer-1786005688-2cd2591541f5,170.548,548.378
wide-researcher-1786005688-6f5273d71120,170.658,340.156
data-analyst-1786005630-5aade75ca4ca,170.659,170.663
data-analyst-1786005617-864efc459132,170.789,170.790
deep-researcher-1786005688-e912f3e7029c,170.819,320.432
data-analyst-1786005688-1744f72548bb,170.838,559.381
reviewer-1786005689-51061aa957b5,170.873,677.832
wide-researcher-1786005689-0e6e920e0c52,170.911,307.154
deep-researcher-1786005689-c4b7e3823c96,170.944,676.757
data-analyst-1786005689-eca1f1c5214a,170.984,551.536
reviewer-1786005689-7b68a289829a,171.055,662.170
wide-researcher-1786005689-8528aa960635,171.114,567.203
deep-researcher-1786005689-fe310a398b30,171.133,541.134
data-analyst-1786005689-d5db434a1372,171.161,566.394
reviewer-1786005689-438b46ec4bce,171.259,683.719
wide-researcher-1786005689-0b68bf5084fb,171.306,321.030
data-analyst-1786005608-53b55d35d5c9,171.333,316.535
deep-researcher-1786005689-83d3a2a8b07d,171.342,694.152
data-analyst-1786005608-d0f193731aca,171.350,205.960
data-analyst-1786005604-e94cc6b1f90e,171.364,209.910
data-analyst-1786005629-443e6f81f35a,171.421,171.421
data-analyst-1786005602-6e1f118f441a,171.448,171.448
data-analyst-1786005689-2814b94b4911,171.453,688.120
reviewer-1786005689-a9fbdfd6b94a,171.502,680.863
wide-researcher-1786005689-171482214e1d,171.548,418.832
data-analyst-1786005630-102902344241,171.557,171.558
data-analyst-1786005630-f4743b616916,171.571,171.572
deep-researcher-1786005689-6d0ed1844342,171.571,316.564
data-analyst-1786005689-74e12fd33a8e,171.622,550.536
reviewer-1786005689-44e4f077aaf2,171.647,673.711
wide-researcher-1786005690-68a933e479f7,171.689,433.969
deep-researcher-1786005690-ec8d42013b4d,171.729,430.940
data-analyst-1786005632-186f7afcb994,171.755,171.756
data-analyst-1786005632-6dfe870ac544,171.770,171.771
data-analyst-1786005690-79fd1ad71bcc,171.779,587.096
reviewer-1786005690-8e7a6620a8e6,171.812,652.937
wide-researcher-1786005690-4a46ebf49aee,171.857,428.860
data-analyst-1786005624-bada1bcdd56f,171.880,171.881
deep-researcher-1786005690-789823ed5912,171.904,324.211
data-analyst-1786005638-db05aac17cf5,171.959,208.081
data-analyst-1786005638-5aefb2191492,171.972,209.351
data-analyst-1786005690-418e57c87efd,171.977,685.048
data-analyst-1786005638-ed6df8f117d5,171.990,255.611
reviewer-1786005690-1772db59c7c1,172.014,698.682
data-analyst-1786005632-249bef9ca3f1,172.028,172.028
wide-researcher-1786005690-631f62da6fcc,172.072,390.511
data-analyst-1786005638-74193a9a8390,172.168,205.452
deep-researcher-1786005690-f7e08c830ef4,172.177,642.201
data-analyst-1786005638-8a421f94ac5f,172.181,207.255
data-analyst-1786005630-7ef66608ebe6,172.214,172.214
data-analyst-1786005632-bcd778a504aa,172.228,172.228
data-analyst-1786005690-a301da9ba2c9,172.253,692.260
data-analyst-1786005611-a176e76f097e,172.263,172.263
reviewer-1786005690-7fb4803d1e26,172.315,563.363
wide-researcher-1786005690-e560ae5868e6,172.357,567.142
deep-researcher-1786005690-d27f32fe1a21,172.390,568.255
data-analyst-1786005690-ce178bfc802f,172.424,651.499
reviewer-1786005690-d4b9f8f194b0,172.465,639.359
wide-researcher-1786005690-1109de438df5,172.563,419.588
deep-researcher-1786005690-a58c49dd1458,172.581,638.611
data-analyst-1786005690-660825e35180,172.629,484.740
reviewer-1786005690-ac8b14b01152,172.648,600.098
wide-researcher-1786005691-7201f8840445,172.767,422.479
deep-researcher-1786005691-04c7828b4687,172.808,475.148
data-analyst-1786005691-b8f4adbaee38,172.854,684.426
reviewer-1786005691-b6957f585bf8,172.952,684.550
data-analyst-1786005638-c57d9a1d487b,172.998,211.855
wide-researcher-1786005691-0883284646a3,173.027,303.640
deep-researcher-1786005691-c33232f4ac0d,173.054,591.866
data-analyst-1786005691-59883bfde646,173.077,565.317
data-analyst-1786005597-9710f01ddb76,173.098,205.483
reviewer-1786005691-1368fd634533,173.125,692.479
wide-researcher-1786005691-a723ad7dc19d,173.202,319.388
deep-researcher-1786005691-1a574e592657,173.294,675.338
data-analyst-1786005691-20b338366d7b,173.330,556.337
data-analyst-1786005638-0a513b7d6372,173.346,268.871
data-analyst-1786005638-8f82ff626426,173.359,205.399
data-analyst-1786005638-736c05d76e42,173.372,209.708
reviewer-1786005691-22d712e200d0,173.377,677.365
data-analyst-1786005595-ba0e42e897db,173.408,173.408
wide-researcher-1786005691-eb4480906ef3,173.413,303.702
deep-researcher-1786005691-50c948edf393,173.472,390.828
data-analyst-1786005691-c2549549e0f2,173.490,606.838
reviewer-1786005691-0691940a2a1a,173.531,698.502
wide-researcher-1786005691-de479547a042,173.579,443.355
deep-researcher-1786005691-5b1d64018fba,173.656,436.558
data-analyst-1786005691-46d4e372bb65,173.689,690.354
data-analyst-1786005628-cd5d4bcc486b,173.739,173.739
reviewer-1786005692-677bbf258026,173.760,666.195
wide-researcher-1786005692-aae8eed5416f,173.833,423.544
deep-researcher-1786005692-3360f069d7af,173.866,639.735
data-analyst-1786005692-378f19c8154c,173.910,456.825
reviewer-1786005692-6b1e9d239b99,173.938,680.843
wide-researcher-1786005692-7fc7303ec0d4,174.010,430.973
deep-researcher-1786005692-30844b772a33,174.057,641.050
data-analyst-1786005692-48effeffb636,174.142,653.151
reviewer-1786005692-2043ef3a823c,174.167,676.740
data-analyst-1786005609-3f0100aab3de,174.249,213.063
wide-researcher-1786005692-2f8c2a53feca,174.317,662.484
data-analyst-1786005639-5aa63b2b108f,174.363,207.016
data-analyst-1786005639-2149920e5905,174.376,214.958
data-analyst-1786005639-04ca97199094,174.389,213.079
deep-researcher-1786005692-5ab7f111187c,174.465,653.552
data-analyst-1786005692-9f0c779990a7,174.484,689.174
reviewer-1786005692-5313122fbf1a,174.536,653.103
wide-researcher-1786005692-282abcc2ce94,174.572,554.904
data-analyst-1786005630-0a74ee83ac78,174.586,174.587
deep-researcher-1786005692-b9da269a0b2f,174.595,646.700
data-analyst-1786005633-63984d0af8af,174.605,174.606
data-analyst-1786005633-130ec80f8d7b,174.618,174.619
data-analyst-1786005692-163c4cc664d0,174.632,674.438
reviewer-1786005693-1d30dfef03ff,174.656,687.898
wide-researcher-1786005693-c77a62f0993f,174.708,440.954
data-analyst-1786005632-9bfdde65b1b3,174.717,174.718
deep-researcher-1786005693-4742fca1f74c,174.726,428.961
data-analyst-1786005693-da2a2d3c9781,174.753,544.269
reviewer-1786005693-34a2a712d2c4,174.795,691.384
data-analyst-1786005612-111a057e9f36,174.820,174.821
wide-researcher-1786005693-12858ab63655,174.838,525.969
deep-researcher-1786005693-39ddbe6b6818,174.873,342.351
data-analyst-1786005693-ccff68deb6a1,174.890,637.509
reviewer-1786005693-f31ac6a3554c,174.936,541.708
wide-researcher-1786005693-861bec319435,174.997,539.966
deep-researcher-1786005693-d1b54cb4447d,175.031,418.228
data-analyst-1786005693-236a42de8d29,175.047,692.511
reviewer-1786005693-e0a94c707859,175.064,561.243
data-analyst-1786005639-4cbfa4ea12ac,175.129,208.326
wide-researcher-1786005693-67c51ce67f13,175.138,617.139
deep-researcher-1786005693-e7ce4d5ee2be,175.166,322.671
data-analyst-1786005693-4f4a1468b54f,175.199,587.220
reviewer-1786005693-761430981f95,175.283,633.007
data-analyst-1786005636-ddb9149b9ef1,175.315,211.943
data-analyst-1786005634-635327fc9055,175.332,175.333
wide-researcher-1786005693-7fde410071e6,175.345,561.867
deep-researcher-1786005693-5034fd605fbb,175.376,316.241
data-analyst-1786005693-a50c40fba6c2,175.410,636.118
reviewer-1786005693-a5cb9d394a36,175.428,641.862
data-analyst-1786005634-381a1d2231c4,175.428,175.432
data-analyst-1786005635-5d234b8d8cfc,175.444,175.445
wide-researcher-1786005693-9a815a45251b,175.469,428.083
deep-researcher-1786005693-351ababc4e3c,175.495,320.849
data-analyst-1786005693-6dd0a2f0df03,175.529,667.539
reviewer-1786005693-6249e8f83ddb,175.569,640.985
wide-researcher-1786005693-8c93c187b58f,175.686,672.441
data-analyst-1786005632-9f48eb8119b1,175.800,175.800
deep-researcher-1786005693-55eae67bbf47,175.826,589.606
data-analyst-1786005693-ec3c1359908f,175.842,561.466
reviewer-1786005694-3821fdea6722,175.878,637.040
wide-researcher-1786005694-52554c2d4c08,175.989,420.361
deep-researcher-1786005694-b215a8fbb8b1,176.048,681.819
data-analyst-1786005694-89584ec8992a,176.065,671.620
reviewer-1786005694-f78251f1e89b,176.088,688.882
wide-researcher-1786005694-554b7782b49b,176.140,621.711
deep-researcher-1786005694-0696965d45fa,176.158,427.081
data-analyst-1786005694-9b481209d85b,176.184,654.155
reviewer-1786005694-34f00551773b,176.216,675.506
wide-researcher-1786005694-dab6f4501138,176.264,301.626
deep-researcher-1786005694-eb667ba46ba3,176.320,434.279
data-analyst-1786005694-e8a0d684b009,176.347,545.105
reviewer-1786005694-10f693d85003,176.385,563.835
wide-researcher-1786005694-7f6298372585,176.449,675.020
deep-researcher-1786005694-922b65f88676,176.539,315.697
data-analyst-1786005694-6a093846816c,176.567,692.952
reviewer-1786005694-11ffb38a63f2,176.651,677.082
wide-researcher-1786005694-0690dc1d0c91,176.808,321.149
deep-researcher-1786005695-2926606b19a2,176.917,551.367
data-analyst-1786005695-2409dfe88f8c,176.934,647.932
reviewer-1786005695-db0efde76626,176.951,638.595
data-analyst-1786005607-2dfe56fb76df,176.976,246.352
wide-researcher-1786005695-d108ab5fe12c,177.030,554.149
data-analyst-1786005640-edabb0ca61f0,177.072,216.583
data-analyst-1786005640-e876d783b262,177.085,206.180
data-analyst-1786005640-c1596ff45b44,177.099,207.180
deep-researcher-1786005695-93a4ffb1ce92,177.170,323.119
data-analyst-1786005695-4a84a2133e9f,177.193,599.702
reviewer-1786005695-0306325147f6,177.298,692.574
wide-researcher-1786005695-333b2efdebeb,177.339,549.357
deep-researcher-1786005695-c3e14730b0a3,177.379,421.223
data-analyst-1786005634-4b67da6b3e1a,177.398,177.399
data-analyst-1786005695-b828aa4ac977,177.460,317.397
reviewer-1786005695-d7b000bde144,177.490,650.657
wide-researcher-1786005695-8fb2c7a00610,177.565,568.208
deep-researcher-1786005695-18e59aaa5a6e,177.599,644.478
data-analyst-1786005628-3f24d745e6c5,177.633,177.634
data-analyst-1786005695-5bd3209ecde1,177.651,694.115
reviewer-1786005695-c08c559b6867,177.684,640.895
wide-researcher-1786005696-e20d9a162309,177.739,551.302
deep-researcher-1786005696-a4442d12adaa,177.771,359.468
data-analyst-1786005696-9c7b520ea300,177.827,658.909
reviewer-1786005696-cb8d66315c8c,177.902,437.816
wide-researcher-1786005696-3f78efa835d5,177.948,431.997
deep-researcher-1786005696-dcc2873c1946,178.022,672.531
data-analyst-1786005696-862a3226e89d,178.048,666.635
reviewer-1786005696-88243cfe2b57,178.082,560.593
wide-researcher-1786005696-6f60513295a7,178.162,702.182
deep-researcher-1786005696-ddf9a29c30dc,178.321,320.197
data-analyst-1786005696-0b5ca2eb03e1,178.354,353.168
data-analyst-1786005635-fbfdddce314a,178.431,178.432
reviewer-1786005696-66ea8b644c90,178.436,705.066
data-analyst-1786005633-64932f3eedc8,178.448,178.448
wide-researcher-1786005696-4f934c4f1fd2,178.466,319.280
deep-researcher-1786005696-a0b090013279,178.483,697.858
data-analyst-1786005696-7194f9c4177e,178.518,581.511
reviewer-1786005696-9932f8081f2c,178.555,663.988
data-analyst-1786005630-2daa7b89f114,178.581,178.582
data-analyst-1786005640-8fdf74338b0d,178.682,206.759
wide-researcher-1786005696-024441f4b1d5,178.687,575.055
deep-researcher-1786005696-d18614d831b8,178.717,546.209
data-analyst-1786005635-3e78e122435f,178.781,178.782
data-analyst-1786005696-f069da51f384,178.823,669.513
reviewer-1786005697-76ee87b80c45,178.886,542.050
wide-researcher-1786005697-87567173a9bd,179.016,317.582
deep-researcher-1786005697-dcc990b4066a,179.115,316.301
data-analyst-1786005697-f205d288ef05,179.173,546.010
reviewer-1786005697-a21a22164c86,179.199,563.393
wide-researcher-1786005697-d680d1574fc9,179.235,597.945
deep-researcher-1786005697-4739d233a764,179.289,426.957
data-analyst-1786005697-eda5099b7356,179.331,690.000
reviewer-1786005697-20ce1ec78336,179.393,611.363
wide-researcher-1786005697-54c982e60649,179.422,672.745
deep-researcher-1786005697-1acaf7338ebf,179.463,417.513
data-analyst-1786005697-e0d913d262b9,179.531,650.908
reviewer-1786005697-855d126a1017,179.558,573.422
wide-researcher-1786005697-84cb13272445,179.614,546.448
deep-researcher-1786005697-0eb4b30a57eb,179.672,704.414
data-analyst-1786005697-09d18605e759,179.729,699.361
reviewer-1786005698-0177fdae4f86,179.801,694.212
wide-researcher-1786005698-2cdf0c2257d8,179.866,609.625
deep-researcher-1786005698-6d62da5c663e,179.892,679.040
data-analyst-1786005698-0d0261d971f7,179.942,438.467
reviewer-1786005698-6bfb9a902068,179.967,699.158
data-analyst-1786005608-90415dc04310,179.976,179.977
data-analyst-1786005630-c0afa813f828,179.989,179.990
data-analyst-1786005625-104e14cc0cf9,180.004,180.004
wide-researcher-1786005698-e68ee84b0f91,180.065,422.227
deep-researcher-1786005698-1880c30f4869,180.083,637.852
data-analyst-1786005638-c25c9de5add9,180.098,251.462
data-analyst-1786005632-fc777d3bf953,180.116,180.116
data-analyst-1786005698-ce52acaa3cbb,180.201,643.914
reviewer-1786005698-7ebe43be3955,180.237,671.732
wide-researcher-1786005698-6d76d6b4ceda,180.412,674.133
deep-researcher-1786005698-e6e5d915f8fa,180.490,429.103
data-analyst-1786005698-6c8affac9d96,180.529,545.186
reviewer-1786005698-37b99db77122,180.569,678.417
wide-researcher-1786005698-d2aa959436d8,180.637,664.320
deep-researcher-1786005698-ee3fc30a9e05,180.672,288.653
data-analyst-1786005699-06949df01f82,180.691,705.855
reviewer-1786005699-e6e48abe680b,180.713,651.099
wide-researcher-1786005699-d7341d2a83cf,180.793,334.593
deep-researcher-1786005699-0cd8f99b8d6d,180.877,561.171
data-analyst-1786005626-7ac231acd28a,180.899,180.900
data-analyst-1786005699-e65599aa7f0a,180.904,600.180
reviewer-1786005699-34eb95a9c8dc,180.921,686.381
wide-researcher-1786005699-2d808125adba,180.969,430.216
deep-researcher-1786005699-01ebf57936ab,181.071,319.073
data-analyst-1786005699-9b9d3fe58161,181.114,652.314
data-analyst-1786005605-ca362eeab020,181.118,181.118
reviewer-1786005699-5a8b43f57524,181.185,564.066
wide-researcher-1786005699-e2c049e5eedb,181.234,440.390
deep-researcher-1786005699-fce74b74d0b5,181.308,300.940
data-analyst-1786005699-5e541dc0860f,181.327,565.611
reviewer-1786005699-dbc6447f8428,181.376,674.565
wide-researcher-1786005699-e1e9062059a2,181.418,322.642
deep-researcher-1786005699-c981c8b4730e,181.442,419.555
data-analyst-1786005699-d67da2497150,181.466,563.849
reviewer-1786005699-6d795e2caafe,181.498,703.439
wide-researcher-1786005699-2a725333f739,181.563,439.792
deep-researcher-1786005699-99639cd7237e,181.586,442.359
data-analyst-1786005699-3ff800be0878,181.605,439.758
data-analyst-1786005637-9cf5d6c4b8ae,181.632,181.634
reviewer-1786005699-9b798ce7e1aa,181.709,698.232
wide-researcher-1786005700-b39e346253fa,181.753,543.064
deep-researcher-1786005700-b38015e9a37a,181.868,648.196
data-analyst-1786005700-477c95285d5d,181.906,672.328
reviewer-1786005700-7e7bc348e1d2,181.987,654.958
wide-researcher-1786005700-b8300e9217b7,182.043,423.155
deep-researcher-1786005700-4c2f9e657a7f,182.075,436.922
data-analyst-1786005700-aadfdbc35295,182.140,424.246
reviewer-1786005700-d7936da0ffda,182.189,655.429
wide-researcher-1786005700-4a826dc06d4f,182.234,372.351
deep-researcher-1786005700-ad1de1af8d10,182.268,499.697
data-analyst-1786005700-cc24dcd3ad7d,182.299,681.336
reviewer-1786005700-9e0c3b10b3ff,182.338,682.013
wide-researcher-1786005700-35454593a74a,182.389,651.479
data-analyst-1786005638-0d314d88dd71,182.405,205.685
deep-researcher-1786005700-b6b935e6f03c,182.441,437.713
data-analyst-1786005700-35fc83a6279f,182.472,667.338
reviewer-1786005700-452274c2213d,182.490,675.580
wide-researcher-1786005700-85a65abd30a9,182.579,324.086
deep-researcher-1786005700-548ebe39b404,182.607,559.208
data-analyst-1786005700-507dbffd31c0,182.681,430.712
data-analyst-1786005636-a6d4408352ed,182.691,182.692
reviewer-1786005700-290c20c9de6a,182.812,554.007
wide-researcher-1786005701-8eeddf94f06d,182.886,653.583
deep-researcher-1786005701-69cd6c67a30b,182.904,417.906
data-analyst-1786005701-e51c4c847dae,182.969,638.005
reviewer-1786005701-03e3312c3fcd,183.078,582.767
wide-researcher-1786005701-f02c99c7e09a,183.186,319.152
deep-researcher-1786005701-ebf28b1084e3,183.212,640.833
data-analyst-1786005701-42cd8e62d05f,183.230,657.799
reviewer-1786005701-6268285484f6,183.269,692.417
wide-researcher-1786005701-17dacbd4f306,183.381,324.164
deep-researcher-1786005701-e7ec8e46a8cb,183.417,420.410
data-analyst-1786005701-efae46503636,183.516,470.668
reviewer-1786005701-96fea9a9cb57,183.552,653.865
wide-researcher-1786005701-7a17c86c8d66,183.646,566.231
deep-researcher-1786005701-021b18451f29,183.683,421.208
data-analyst-1786005701-5ace95023a8a,183.700,638.021
reviewer-1786005702-fa77c57e7f20,183.746,566.217
data-analyst-1786005635-3220cf4c6170,183.759,183.759
wide-researcher-1786005702-cfff49d3bbd6,183.808,308.492
deep-researcher-1786005702-5bedc78b76fd,183.827,693.984
data-analyst-1786005702-5fb8e402340e,183.853,662.212
reviewer-1786005702-865a61485c06,183.933,644.242
wide-researcher-1786005702-0344a35ecd9e,183.984,353.337
deep-researcher-1786005702-353a473f24ff,184.011,637.273
data-analyst-1786005702-622c587db36b,184.093,542.248
reviewer-1786005702-0f983f3373f3,184.111,671.147
wide-researcher-1786005702-5700adf27585,184.186,429.320
deep-researcher-1786005702-83d02929f10a,184.224,422.678
data-analyst-1786005702-8dc0671f46ef,184.318,654.139
reviewer-1786005702-49c4d6ea8c02,184.335,681.602
data-analyst-1786005642-3129540caba9,184.370,216.991
data-analyst-1786005642-40629ca59b28,184.384,212.057
wide-researcher-1786005702-aab8492ae427,184.390,334.145
deep-researcher-1786005702-b3ec6d50f07b,184.419,674.115
data-analyst-1786005632-8239480a602e,184.423,184.427
data-analyst-1786005702-93e10bd59b45,184.446,648.456
reviewer-1786005702-fd71f3bf8e8e,184.480,645.412
data-analyst-1786005637-dcc7481614e3,184.498,184.498
wide-researcher-1786005702-9430877a13de,184.522,472.921
deep-researcher-1786005702-ee6f17da53f3,184.586,426.646
data-analyst-1786005702-c04ec8ecda54,184.626,678.662
reviewer-1786005702-1e8050f3987a,184.698,669.875
wide-researcher-1786005702-b7c8a5ace452,184.748,684.488
deep-researcher-1786005703-75e6c566e684,184.772,316.318
data-analyst-1786005703-278f76c0e111,184.796,692.314
reviewer-1786005703-500e50ef60e7,184.848,678.509
wide-researcher-1786005703-cc8a75b0bc0e,184.886,592.084
data-analyst-1786005624-7d3e3d57c956,184.922,184.922
deep-researcher-1786005703-dfd12e669a8e,185.018,517.923
data-analyst-1786005703-ff6c13a2119a,185.037,651.372
reviewer-1786005703-b56135fb7f6f,185.084,674.948
wide-researcher-1786005703-1c3838304e5f,185.165,561.657
deep-researcher-1786005703-65868e048883,185.190,422.610
data-analyst-1786005635-c4c4a30406a2,185.203,208.653
data-analyst-1786005703-223331f3fa77,185.207,530.884
reviewer-1786005703-e97245b504db,185.223,688.083
wide-researcher-1786005703-8644cd163756,185.278,304.891
deep-researcher-1786005703-89b3e0d40f8f,185.324,427.856
data-analyst-1786005703-a7d6976ac88b,185.398,647.953
reviewer-1786005703-c6de2c68cd5b,185.450,674.219
data-analyst-1786005642-834cc1e27142,185.500,210.590
wide-researcher-1786005703-7ac4d08bd59f,185.510,418.637
data-analyst-1786005642-9864925fd68a,185.519,210.574
data-analyst-1786005642-2377ce3d80f1,185.534,210.894
data-analyst-1786005642-ec076df8a699,185.548,210.359
data-analyst-1786005642-91c03c0955bd,185.562,208.180
data-analyst-1786005642-440d5ce647fc,185.577,212.629
deep-researcher-1786005703-139361d069cc,185.600,520.837
data-analyst-1786005703-422aa71a0402,185.620,549.027
reviewer-1786005703-4ab7a9df3c39,185.667,700.711
wide-researcher-1786005703-0c8294ca8066,185.723,442.180
deep-researcher-1786005704-1f3f05fb8e2b,185.772,420.625
data-analyst-1786005704-a1885530b628,185.851,576.219
reviewer-1786005704-33a96c43f42e,185.917,645.003
wide-researcher-1786005704-9b68995b8375,185.957,651.743
deep-researcher-1786005704-4a26f84c65aa,185.986,431.271
data-analyst-1786005704-7293694b7c87,186.037,541.441
reviewer-1786005704-834f9fb3aaf7,186.133,639.883
wide-researcher-1786005704-2490e192c6f4,186.218,659.746
deep-researcher-1786005704-5875b719261d,186.242,319.866
data-analyst-1786005704-ab1592021e95,186.291,690.971
reviewer-1786005704-99fa692ac94b,186.308,449.979
wide-researcher-1786005704-21200f8f0434,186.534,518.048
deep-researcher-1786005704-a66e4436d722,186.553,544.169
data-analyst-1786005704-7f29aca478ac,186.577,670.040
data-analyst-1786005640-df095fc64bc5,186.704,205.386
reviewer-1786005704-aa8916824210,186.704,667.498
wide-researcher-1786005705-7d82c86ead2d,186.738,322.345
deep-researcher-1786005705-f9335f8bab71,186.773,443.178
data-analyst-1786005705-334db809af68,186.792,427.576
data-analyst-1786005638-3febb05fcbf6,186.793,186.797
reviewer-1786005705-0aaf9e536a6d,186.827,610.114
wide-researcher-1786005705-1b76f1e75893,186.878,394.026
deep-researcher-1786005705-2c0ea9ad8fe0,186.912,440.426
data-analyst-1786005705-ae5298717d17,186.955,648.016
data-analyst-1786005636-f6a481e09b7f,186.969,186.969
reviewer-1786005705-13c6de85e228,186.974,665.973
wide-researcher-1786005705-913944cd5cac,187.030,552.020
data-analyst-1786005643-d5b2f4e7e83d,187.050,205.570
data-analyst-1786005643-7ff64bc506e6,187.065,302.311
deep-researcher-1786005705-ebec6928a442,187.095,540.519
data-analyst-1786005627-3f4a657efd4c,187.099,187.103
data-analyst-1786005617-5127b822790c,187.119,187.119
data-analyst-1786005705-e1de0e24eaae,187.123,482.027
reviewer-1786005705-1833b83f709b,187.167,689.310
wide-researcher-1786005705-e369d147a086,187.281,428.151
deep-researcher-1786005705-e3c333443edc,187.371,433.734
data-analyst-1786005705-805e011cf371,187.437,663.440
reviewer-1786005705-203dac1a56d7,187.470,683.929
wide-researcher-1786005705-eb3a21dd80bc,187.546,421.432
deep-researcher-1786005705-fac8927fd490,187.609,604.714
data-analyst-1786005705-9e3d3f976547,187.639,670.393
data-analyst-1786005643-bba2b96e1aa8,187.649,206.982
data-analyst-1786005643-de55ad9d7ddd,187.664,205.915
data-analyst-1786005643-c2d28be65822,187.678,267.224
reviewer-1786005705-5db47d002a07,187.687,664.780
data-analyst-1786005632-40988a5736dc,187.792,187.792
wide-researcher-1786005706-cfa7b3cc9ac6,187.800,643.895
deep-researcher-1786005706-00be79bd4bda,187.822,431.896
data-analyst-1786005706-d597998fa102,187.838,553.891
reviewer-1786005706-e8ae57130564,187.871,590.124
data-analyst-1786005627-9094ac7995a0,187.879,204.762
data-analyst-1786005619-9a95b7f50bfc,187.989,204.808
data-analyst-1786005638-abe2de291349,188.008,204.824
wide-researcher-1786005706-31b79ba25306,188.030,419.855
deep-researcher-1786005706-6d6c4256fc6b,188.048,542.186
data-analyst-1786005706-2031c57a0f5f,188.067,541.371
reviewer-1786005706-b2c90b5f91b2,188.091,697.074
wide-researcher-1786005706-38258747c720,188.183,382.249
deep-researcher-1786005706-6af5bfee5eb4,188.221,542.403
data-analyst-1786005706-7a48e84668e6,188.240,637.556
reviewer-1786005706-62231f389e09,188.257,655.491
data-analyst-1786005643-69afe4b34d6e,188.274,216.567
data-analyst-1786005643-a0d6a27860cf,188.287,207.224
wide-researcher-1786005706-cd4a4270cb88,188.296,436.119
data-analyst-1786005643-49a256e393d3,188.304,214.076
data-analyst-1786005595-cdc49fd66119,188.336,206.010
deep-researcher-1786005706-a38078c46473,188.336,545.512
data-analyst-1786005706-630d8a6cf28f,188.383,577.235
reviewer-1786005706-71afb220ee38,188.490,686.527
data-analyst-1786005639-1504b87d82dc,188.514,206.409
wide-researcher-1786005706-a6a370facf53,188.527,619.980
data-analyst-1786005643-74f9c215e4c0,188.609,209.589
data-analyst-1786005643-54076407df53,188.622,207.166
data-analyst-1786005643-cace6516b011,188.635,215.329
deep-researcher-1786005706-f60dae41a51b,188.639,544.196
data-analyst-1786005706-90fe17eb7515,188.687,687.568
data-analyst-1786005639-e85adf906370,188.711,188.712
reviewer-1786005706-29c6699804ae,188.739,656.678
wide-researcher-1786005706-4e4f429e02be,188.793,622.907
deep-researcher-1786005707-5f949692e75a,188.938,680.610
data-analyst-1786005707-5703811ffa00,188.982,672.647
reviewer-1786005707-1735bf603b68,189.048,645.331
data-analyst-1786005643-501eb169276f,189.071,217.091
data-analyst-1786005643-63efb85e4680,189.084,210.679
data-analyst-1786005643-8fa3da391de1,189.097,302.593
data-analyst-1786005643-7c02e1efb2e5,189.110,209.370
wide-researcher-1786005707-ff5993af59a7,189.122,420.723
data-analyst-1786005643-6a291031bc34,189.122,212.288
data-analyst-1786005643-b9a57d1b8f43,189.139,208.020
deep-researcher-1786005707-0bdfd53934cf,189.148,427.428
data-analyst-1786005707-80c6c8c99bed,189.175,638.921
reviewer-1786005707-a98ca4328910,189.213,648.035
wide-researcher-1786005707-5917573575f5,189.277,383.080
data-analyst-1786005643-53a8ccc050fb,189.296,218.012
deep-researcher-1786005707-4e9fa67ecc95,189.301,338.131
data-analyst-1786005643-1c581298ed57,189.313,208.051
data-analyst-1786005643-fec8dc9df2b1,189.326,214.436
data-analyst-1786005707-8b785feff748,189.331,653.817
reviewer-1786005707-a902df829721,189.348,656.539
data-analyst-1786005643-60744a8704f6,189.365,209.532
data-analyst-1786005643-0e6d6f42d3d7,189.380,212.531
wide-researcher-1786005707-d9cf92aad945,189.385,323.377
data-analyst-1786005643-728da8415ea5,189.397,205.805
data-analyst-1786005628-031c105aa1b0,189.430,189.430
data-analyst-1786005643-e17e9a9140f0,189.512,207.334
data-analyst-1786005643-82a16ef9b386,189.525,210.048
data-analyst-1786005643-f951f6f78414,189.538,295.673
deep-researcher-1786005707-0a4be83878ce,189.556,688.011
data-analyst-1786005707-29109f20d800,189.574,671.163
reviewer-1786005707-db16f5506b41,189.610,657.954
wide-researcher-1786005707-d20658aee42c,189.695,436.658
deep-researcher-1786005708-243a2545ad2d,189.729,440.441
data-analyst-1786005708-5ec527ba7c13,189.751,658.364
reviewer-1786005708-39f0b9539890,189.771,681.918
wide-researcher-1786005708-0d3e8441bb26,189.855,674.267
deep-researcher-1786005708-f981e72dd67d,189.892,314.477
data-analyst-1786005639-b834c0d63bed,189.906,189.906
data-analyst-1786005708-1ccf493f17a7,189.925,553.936
reviewer-1786005708-a5a62b636bd1,189.969,692.432
wide-researcher-1786005708-4cc21e5bb953,190.011,649.909
deep-researcher-1786005708-a0402e251930,190.036,656.228
data-analyst-1786005638-9ba4b8ed9077,190.040,205.255
data-analyst-1786005708-6280bd86eca1,190.061,658.995
reviewer-1786005708-2738dfd71f36,190.118,640.493
wide-researcher-1786005708-2a0aa24f8c65,190.161,439.450
deep-researcher-1786005708-b82bc4df4557,190.185,429.659
data-analyst-1786005708-53831160b3ef,190.215,614.479
reviewer-1786005708-ddd2300a6d9d,190.252,670.133
wide-researcher-1786005708-056083089ca4,190.299,431.157
data-analyst-1786005643-44f521f4bc2e,190.353,211.927
data-analyst-1786005643-14dd3475008c,190.368,209.664
data-analyst-1786005643-af9b33b7b4fe,190.381,206.547
data-analyst-1786005639-69556c3f59c3,190.458,190.458
deep-researcher-1786005708-ce4dc8540ab9,190.499,425.785
data-analyst-1786005708-1bd456e8c8de,190.562,679.252
reviewer-1786005708-9e351405c547,190.807,702.268
wide-researcher-1786005708-22f15859a8f1,190.837,321.797
deep-researcher-1786005708-295b3f21094b,190.869,327.338
data-analyst-1786005709-dcc3febb7627,190.893,547.170
reviewer-1786005709-fdba8b30a8ca,190.912,675.830
wide-researcher-1786005709-26212ae3842d,191.057,313.006
deep-researcher-1786005709-82954364f9f3,191.080,431.185
data-analyst-1786005709-b95de5b07602,191.098,437.219
reviewer-1786005709-f25ab9387674,191.125,549.697
data-analyst-1786005612-2879b22b326a,191.141,217.434
wide-researcher-1786005709-584ea2da627a,191.189,556.880
deep-researcher-1786005709-6d2d2ec254c0,191.208,425.729
data-analyst-1786005709-390a9a397158,191.246,440.646
reviewer-1786005709-08a78bbb90aa,191.264,673.483
wide-researcher-1786005709-c7fda593a663,191.294,324.567
deep-researcher-1786005709-a3bad72cb304,191.368,429.579
data-analyst-1786005638-43a9e79934eb,191.425,191.425
data-analyst-1786005709-dbcb38c4a207,191.474,672.937
reviewer-1786005709-9c8b7de1b37d,191.492,538.305
data-analyst-1786005644-d1aebe2d645a,191.516,247.400
data-analyst-1786005644-65915ede3399,191.529,206.105
wide-researcher-1786005709-e84cb79e5e79,191.550,449.524
data-analyst-1786005621-3896b87bae67,191.563,205.669
deep-researcher-1786005709-e215aee3abb8,191.568,553.731
data-analyst-1786005709-8bab9bcb775a,191.637,554.281
data-analyst-1786005638-6681977b904e,191.670,191.671
reviewer-1786005709-2223b0eebb55,191.705,652.999
data-analyst-1786005598-32ffc05fe13c,191.745,210.263
wide-researcher-1786005710-09de6413d635,191.769,443.399
deep-researcher-1786005710-67fef6261a40,191.967,439.106
data-analyst-1786005710-0edecd0caf76,192.004,511.834
data-analyst-1786005617-bd314dfb9177,192.015,192.015
reviewer-1786005710-13b46ff3d4a9,192.070,651.316
wide-researcher-1786005710-3c736e7ca856,192.128,418.354
deep-researcher-1786005710-94cb3981875b,192.173,371.524
data-analyst-1786005710-b0044d5df05f,192.226,550.184
reviewer-1786005710-cc4cef8a059a,192.254,647.150
data-analyst-1786005635-8404aae8944c,192.259,192.259
wide-researcher-1786005710-79be0b648cfc,192.318,655.324
deep-researcher-1786005710-3c9da229ada4,192.347,442.825
data-analyst-1786005710-413e49e584f5,192.367,648.180
reviewer-1786005710-7d4de192cc21,192.385,655.743
wide-researcher-1786005710-c9c237fca7d7,192.424,556.246
deep-researcher-1786005710-30182f6fdce1,192.575,418.150
data-analyst-1786005710-e13382443155,192.646,538.154
reviewer-1786005710-272a6c27fce4,192.699,553.834
wide-researcher-1786005710-e726e999b214,192.759,553.994
deep-researcher-1786005711-0f2696641d55,192.777,421.307
data-analyst-1786005629-39f43da76f15,192.778,192.782
data-analyst-1786005711-d42f1aa1eb92,192.801,554.831
reviewer-1786005711-6aa9edd5ae6c,192.877,671.990
data-analyst-1786005638-8a306f30bed7,192.890,216.683
data-analyst-1786005639-956771ab1374,192.908,192.909
wide-researcher-1786005711-b47565ecf434,192.978,563.699
deep-researcher-1786005711-965374e8a73e,192.995,651.353
data-analyst-1786005711-36d4d02f23c4,193.014,651.695
data-analyst-1786005639-b5a9ade500ce,193.043,193.044
reviewer-1786005711-8a5a1597a57e,193.072,418.049
wide-researcher-1786005711-fbbdec1df71e,193.140,464.420
deep-researcher-1786005711-5067998c6439,193.177,327.592
data-analyst-1786005711-5981b19ef022,193.216,676.337
reviewer-1786005711-f79ceeb0c8f8,193.235,681.049
data-analyst-1786005644-ef87baa21d30,193.239,216.204
data-analyst-1786005644-574532f5f51e,193.252,221.463
data-analyst-1786005644-fa83034748e2,193.265,207.450
wide-researcher-1786005711-e9f9ee311b50,193.274,426.345
deep-researcher-1786005711-9322cb990c3b,193.319,442.075
data-analyst-1786005711-3b8f046dc193,193.409,538.549
reviewer-1786005711-6f9d6daff197,193.523,685.032
data-analyst-1786005644-6a136ce5a26f,193.558,209.964
data-analyst-1786005644-c9fee139acdc,193.571,253.533
wide-researcher-1786005711-398813338962,193.576,434.851
data-analyst-1786005644-6716c0859991,193.589,224.147
deep-researcher-1786005711-ad6abd36a6b0,193.639,688.837
data-analyst-1786005644-30c8b47eaf66,193.639,320.986
data-analyst-1786005644-31e5f2c07721,193.655,209.185
data-analyst-1786005644-ebf46a0be16f,193.669,207.566
data-analyst-1786005711-1992ace4050f,193.682,436.763
reviewer-1786005712-51b0d851ce51,193.734,671.838
wide-researcher-1786005712-2b9716cb025f,193.782,421.292
deep-researcher-1786005712-e8abd8340cf8,193.838,680.594
data-analyst-1786005712-37076ebd62af,193.866,549.013
reviewer-1786005712-068c16c4644d,193.884,685.627
wide-researcher-1786005712-b5fc5a4b53e2,193.945,543.588
data-analyst-1786005639-9bcaa65fa9fe,194.037,194.037
deep-researcher-1786005712-7275297f1ca1,194.140,440.888
data-analyst-1786005712-a3d31d937f01,194.224,557.263
reviewer-1786005712-f573a045d725,194.258,683.015
wide-researcher-1786005712-c866be79aa6f,194.300,637.770
deep-researcher-1786005712-acdec5cf6cf1,194.325,443.446
data-analyst-1786005712-e1a3ea8b4ede,194.372,556.494
reviewer-1786005712-099c650d3892,194.391,682.698
wide-researcher-1786005712-045fb2254c52,194.431,568.366
deep-researcher-1786005712-fab7d92efca4,194.491,422.496
data-analyst-1786005712-3880302c1700,194.524,661.429
reviewer-1786005712-1226ed51d8ee,194.578,693.187
wide-researcher-1786005712-5947064cbed2,194.632,413.020
deep-researcher-1786005712-7ae898414a2c,194.650,421.412
data-analyst-1786005712-2ea003aec325,194.692,682.640
reviewer-1786005713-33454166e4f5,194.721,621.693
wide-researcher-1786005713-1b6488e60d77,194.750,659.707
deep-researcher-1786005713-bcd0880f08f9,194.779,426.740
data-analyst-1786005629-ce6462380f08,194.795,204.749
data-analyst-1786005713-71647fb79017,194.795,694.694
reviewer-1786005713-b3d31a6d74a6,194.896,657.773
wide-researcher-1786005713-a7d9bac5fae4,195.028,442.554
deep-researcher-1786005713-d39de4995125,195.074,324.432
data-analyst-1786005713-ebca195ecf4a,195.188,687.767
reviewer-1786005713-872319bf7ae5,195.259,654.731
wide-researcher-1786005713-640eb089db2f,195.302,371.128
deep-researcher-1786005713-c45c02a565e4,195.385,418.786
data-analyst-1786005713-c4c986c33eba,195.404,696.506
data-analyst-1786005640-6d465eb72f7c,195.423,205.834
reviewer-1786005713-771e4557451d,195.445,654.445
wide-researcher-1786005713-356d4253dfb5,195.653,419.247
deep-researcher-1786005713-00794cc67ef0,195.720,677.131
data-analyst-1786005713-3ab48832cfd8,195.738,568.349
reviewer-1786005713-6b14d290a44f,195.775,670.579
wide-researcher-1786005714-21e0f4f5315b,195.812,470.792
deep-researcher-1786005714-7105263804e7,195.839,430.577
data-analyst-1786005714-7af28833091c,195.897,637.651
reviewer-1786005714-abbf331f9a49,195.917,673.562
wide-researcher-1786005714-ecd1f557fa87,196.002,424.727
deep-researcher-1786005714-86361cfbae77,196.037,428.877
data-analyst-1786005714-65522d75e49b,196.095,671.476
reviewer-1786005714-5647656b0b81,196.112,681.740
wide-researcher-1786005714-8938740f49c2,196.154,429.245
deep-researcher-1786005714-08a59fee72a8,196.205,695.345
data-analyst-1786005714-a86f65202dd7,196.229,553.332
reviewer-1786005714-5fd5ee8eb2fb,196.260,677.651
wide-researcher-1786005714-0edc453f8fcc,196.307,422.546
deep-researcher-1786005714-e575c2cf7c32,196.502,443.640
data-analyst-1786005714-24650eeed970,196.530,439.465
reviewer-1786005714-e1a1872e5c9b,196.549,663.488
wide-researcher-1786005714-1034316fc998,196.592,652.488
deep-researcher-1786005714-e2ae41c60ce7,196.709,544.068
data-analyst-1786005714-8ae771340a60,196.741,650.131
reviewer-1786005715-58390d4254f8,196.764,642.168
wide-researcher-1786005715-06495dd3b455,196.810,440.375
deep-researcher-1786005715-4070e28542fc,196.902,684.292
data-analyst-1786005715-ef1d11888e9e,196.963,676.441
reviewer-1786005715-7666e03fe1b7,197.236,677.214
wide-researcher-1786005715-13de7cc96917,197.274,654.036
deep-researcher-1786005715-b3ef82ad83bd,197.301,315.347
data-analyst-1786005715-c7d3cbf2168a,197.332,639.201
reviewer-1786005715-f696bd84856b,197.359,692.638
wide-researcher-1786005715-d450e05d1e69,197.410,435.957
deep-researcher-1786005715-e5348d4a2ce6,197.428,318.220
data-analyst-1786005715-7aad22bed67d,197.445,543.034
reviewer-1786005715-d4e2f0405ec9,197.537,697.372
wide-researcher-1786005715-fb7cefc7f5ca,197.594,316.597
deep-researcher-1786005715-d3598cee5218,197.611,382.610
data-analyst-1786005715-eec965bdb13e,197.628,679.727
reviewer-1786005716-7fed53b96261,197.676,660.330
data-analyst-1786005630-bac86c92beff,197.719,204.943
wide-researcher-1786005716-7d0d9a5742f0,197.744,544.714
deep-researcher-1786005716-2d4a392e36cb,197.781,567.658
data-analyst-1786005645-b42eddb39e86,197.794,209.477
data-analyst-1786005645-1a18f05a614d,197.808,208.498
data-analyst-1786005716-e7a4009f93c6,197.813,653.414
data-analyst-1786005645-eb5729080fb4,197.826,207.691
reviewer-1786005716-92e9a022f35d,197.844,674.283
wide-researcher-1786005716-09deef1d4256,197.936,645.871
data-analyst-1786005645-d6e4a20ac687,198.001,317.723
data-analyst-1786005645-ae74c95c7d00,198.013,206.309
data-analyst-1786005645-2800fe6574bd,198.027,207.196
deep-researcher-1786005716-b501c9c9dca9,198.045,670.879
data-analyst-1786005716-5f89c3f29a0c,198.210,571.227
reviewer-1786005716-bf22b8c9a83e,198.259,681.899
wide-researcher-1786005716-98ec23232972,198.299,638.990
deep-researcher-1786005716-c00266ef6e61,198.323,426.667
data-analyst-1786005638-4f021d0a6f1f,198.398,198.398
data-analyst-1786005716-359134f38367,198.411,671.339
reviewer-1786005716-544fb3cd0c76,198.451,653.599
wide-researcher-1786005716-d7cfb1cbcc8e,198.481,648.075
deep-researcher-1786005716-c341bba2b93c,198.733,307.965
data-analyst-1786005716-dcc567fe8a2f,198.768,557.050
reviewer-1786005716-d4fb45466f16,198.807,649.074
wide-researcher-1786005716-36ddbeaba0fc,198.847,443.159
deep-researcher-1786005717-a7c44f46accf,198.877,671.871
data-analyst-1786005717-2c91a906f811,198.926,691.164
reviewer-1786005717-d90c98901004,198.945,693.709
wide-researcher-1786005717-da33cb35326e,199.020,425.463
deep-researcher-1786005717-d17f8e15ed3b,199.049,382.058
data-analyst-1786005717-6068d2285db5,199.117,645.807
reviewer-1786005717-c7bee5439dc6,199.133,672.920
data-analyst-1786005643-3e6685e9470f,199.161,205.014
wide-researcher-1786005717-62351f118a00,199.176,437.071
deep-researcher-1786005717-a8ca6ac1cb79,199.199,647.740
data-analyst-1786005645-a785853e8ba7,199.204,206.789
data-analyst-1786005645-94575a837fd1,199.219,213.957
data-analyst-1786005645-ea839c057dee,199.234,301.365
data-analyst-1786005717-16ca84a1f929,199.279,445.409
reviewer-1786005717-cf467b572e1e,199.299,640.812
wide-researcher-1786005717-0f152ed50869,199.357,650.002
deep-researcher-1786005717-885af0769cb3,199.454,423.994
data-analyst-1786005639-452e7eb1c4b6,199.545,204.971
data-analyst-1786005717-18503dd4bbe6,199.550,680.934
reviewer-1786005717-a954e7a2e9ea,199.584,656.088
data-analyst-1786005629-2c3494e20c15,199.606,204.984
wide-researcher-1786005717-5e64f4bb17b9,199.725,425.365
data-analyst-1786005638-75c03df30f06,199.739,199.739
deep-researcher-1786005717-f4154473041b,199.747,679.710
data-analyst-1786005636-6a1494dcff28,199.787,199.787
data-analyst-1786005718-614b541bd293,199.827,637.635
reviewer-1786005718-2573366e1ac8,199.878,662.807
wide-researcher-1786005718-55e15af548a5,199.976,416.791
deep-researcher-1786005718-cd2198af0104,199.999,615.151
data-analyst-1786005718-14ecdb4fce5e,200.185,646.240
reviewer-1786005718-d2edd0f80b83,200.245,656.432
wide-researcher-1786005718-3d9679950369,200.341,650.468
deep-researcher-1786005718-ab5404a0656c,200.383,559.728
data-analyst-1786005718-5eb0afb32213,200.418,604.085
reviewer-1786005718-6db2906aa6e9,200.444,483.388
wide-researcher-1786005718-aea621a9ed16,200.531,543.416
deep-researcher-1786005718-7d1f20093483,200.567,432.673
data-analyst-1786005718-cf44c22cc04e,200.586,677.852
reviewer-1786005718-299ee4def7a4,200.631,672.046
wide-researcher-1786005718-aadd7e25cd32,200.688,550.353
deep-researcher-1786005719-6aba87202489,200.708,436.288
data-analyst-1786005622-18be11321319,200.740,200.740
data-analyst-1786005632-9625b8313a31,200.785,200.785
data-analyst-1786005719-2264928aef3a,200.789,650.835
reviewer-1786005719-d0de7eb5b807,200.813,705.526
wide-researcher-1786005719-77e498d52f17,200.881,562.345
deep-researcher-1786005719-795ebdbde91b,200.959,352.021
data-analyst-1786005719-5beb51187217,201.055,449.006
reviewer-1786005719-6455d11ee3f6,201.101,673.312
wide-researcher-1786005719-a04f76326838,201.234,329.407
deep-researcher-1786005719-508811641796,201.257,514.495
data-analyst-1786005719-cf7750e02655,201.314,686.428
reviewer-1786005719-c1856d9d20d0,201.356,680.246
data-analyst-1786005642-ceca41826bdb,201.366,205.073
wide-researcher-1786005719-791a519a7ca6,201.397,420.005
deep-researcher-1786005719-1ff42189b603,201.440,661.590
data-analyst-1786005719-9c28dcaa8630,201.479,425.014
data-analyst-1786005635-69c8c04f25db,201.601,205.150
data-analyst-1786005638-bf1978f2739c,201.621,201.621
reviewer-1786005719-a50b779d1ace,201.687,666.680
wide-researcher-1786005719-0b4316fa20d9,201.746,436.450
deep-researcher-1786005719-c96bccf8e0c2,201.762,548.348
data-analyst-1786005719-6e5bb890a543,201.850,560.716
data-analyst-1786005644-533e62eefd0e,201.912,205.135
reviewer-1786005720-6a8dddcd1964,201.929,597.889
wide-researcher-1786005720-ce0b975f0853,201.959,319.662
deep-researcher-1786005720-09832b7fb3fe,201.977,658.141
data-analyst-1786005720-8ae4b245890d,202.046,699.341
reviewer-1786005720-535578debcf6,202.083,659.153
wide-researcher-1786005720-72e08211b1b4,202.151,319.358
deep-researcher-1786005720-5fea7b44afcd,202.197,350.946
data-analyst-1786005720-bfc8c013a1d0,202.218,540.245
reviewer-1786005720-f05da52ec881,202.282,693.410
wide-researcher-1786005720-4cfc47427251,202.333,667.378
deep-researcher-1786005720-795904a8f13f,202.385,399.103
data-analyst-1786005720-3bac5eefcf36,202.469,639.601
reviewer-1786005720-8d7ebd46eaa4,202.565,659.375
wide-researcher-1786005720-e633885b50c2,202.607,420.151
deep-researcher-1786005720-762fcc7cd929,202.739,556.756
data-analyst-1786005616-5e22db48e2da,202.748,231.628
data-analyst-1786005720-0d01622d7b85,202.766,681.995
reviewer-1786005721-6a177723c498,202.834,657.105
wide-researcher-1786005721-de54c9b1ca32,202.913,648.870
data-analyst-1786005629-fe2772aab4fa,202.938,205.222
deep-researcher-1786005721-450d0923c733,202.992,427.321
data-analyst-1786005721-44cbb229ea72,203.019,696.287
reviewer-1786005721-58035301a8e1,203.214,644.498
wide-researcher-1786005721-f264fd209b5b,203.271,520.866
deep-researcher-1786005721-e6316a597648,203.339,323.454
data-analyst-1786005721-f0f58e617a1e,203.413,690.911
reviewer-1786005721-217f4c5d5898,203.441,676.245
wide-researcher-1786005721-38fbb8d4eaaf,203.482,324.246
deep-researcher-1786005721-7e94e8043d7a,203.615,491.586
data-analyst-1786005646-87a6a7bb493a,203.633,215.212
data-analyst-1786005646-23354cebfde1,203.646,216.697
data-analyst-1786005721-18ff2ad0d106,203.651,672.202
data-analyst-1786005646-99a180d44670,203.659,212.565
reviewer-1786005721-fd9d19b0f169,203.724,679.657
wide-researcher-1786005721-29374d25bb5f,203.800,669.258
deep-researcher-1786005722-2925b441dbfa,203.899,424.931
data-analyst-1786005722-f8e835a3b991,203.975,555.058
reviewer-1786005722-f92722d12777,204.075,665.784
wide-researcher-1786005722-05b168b33d7b,204.132,658.939
deep-researcher-1786005722-cefbe17f1a40,204.246,542.066
data-analyst-1786005722-4e326b9d4d54,204.353,552.184
reviewer-1786005722-6bcc4dc2178f,204.370,688.234
wide-researcher-1786005722-b86d4d51d200,204.418,336.306
deep-researcher-1786005722-8417780a4b06,204.462,419.360
data-analyst-1786005722-eca093e82747,204.496,697.237
data-analyst-1786005592-836aac0470cf,204.535,204.535
data-analyst-1786005604-13abad97c194,204.548,204.548
data-analyst-1786005638-d69b2045ff47,204.561,204.561
reviewer-1786005722-8d2fe2a4b119,204.677,691.702
wide-researcher-1786005722-970c9fe2e1ab,204.714,555.549
deep-researcher-1786005722-12cc8600019c,204.740,364.284
data-analyst-1786005722-29559534d1c4,204.766,689.466
reviewer-1786005723-143c4e76cb4a,204.920,676.521
wide-researcher-1786005723-fc5d1cb4ffe8,204.992,429.887
deep-researcher-1786005723-e504c338ed05,205.064,548.071
data-analyst-1786005723-da23831fcd1e,205.124,573.967
reviewer-1786005723-aa0e01602b79,205.167,546.511
wide-researcher-1786005723-c3329fa3be2f,205.222,643.654
deep-researcher-1786005723-ccd186759341,205.308,443.097
data-analyst-1786005723-0cb65cea7d01,205.404,642.460
reviewer-1786005723-855f5fd1a996,205.470,657.192
wide-researcher-1786005723-7e82daa2c9c0,205.588,567.807
deep-researcher-1786005723-ea9438d9245f,205.606,432.764
data-analyst-1786005723-2ed03fa8380e,205.647,673.989
data-analyst-1786005646-78b7a21b0373,205.745,205.746
data-analyst-1786005647-7516a2eb9b60,205.759,205.759
reviewer-1786005723-ce56b7fc6238,205.792,551.647
wide-researcher-1786005724-04101c3c71fd,205.857,513.820
deep-researcher-1786005724-9f642c60911b,205.876,661.898
data-analyst-1786005724-6b36daa39c5c,205.974,557.950
data-analyst-1786005647-c36e6396d1f0,205.975,205.975
reviewer-1786005724-20ed46fec778,206.002,676.354
wide-researcher-1786005724-daccfe7c5121,206.199,674.235
deep-researcher-1786005724-fe2bef90dbca,206.228,338.147
data-analyst-1786005647-afb316feec16,206.280,206.280
data-analyst-1786005724-222f6b39019f,206.367,543.399
data-analyst-1786005647-3f692c79da88,206.394,206.395
reviewer-1786005724-bfcd5314c30c,206.427,689.874
wide-researcher-1786005724-0d2c27e27f96,206.466,618.216
deep-researcher-1786005724-da7ebe5ce6e5,206.491,547.614
data-analyst-1786005724-8c6f8350f7db,206.582,570.444
reviewer-1786005724-fa2e9dc293cb,206.638,698.035
data-analyst-1786005648-ea09fd1801c3,206.663,206.664
wide-researcher-1786005724-0960a63220d0,206.682,549.044
deep-researcher-1786005724-999e5c0a08bb,206.741,433.155
data-analyst-1786005647-7e99f293d612,206.741,206.742
data-analyst-1786005725-9fe6859c13af,206.807,638.213
reviewer-1786005725-08a8df20130a,206.826,689.754
data-analyst-1786005648-dfc5c0310634,206.899,206.899
wide-researcher-1786005725-2180ad0630da,206.907,436.135
deep-researcher-1786005725-416740212949,206.986,583.495
data-analyst-1786005647-6ce0f3560005,207.030,207.030
data-analyst-1786005646-3687a7a904b7,207.043,207.043
data-analyst-1786005725-f35f44a49190,207.115,637.105
reviewer-1786005725-61441a2a46c3,207.162,680.227
data-analyst-1786005650-598ae11a58d9,207.210,207.210
data-analyst-1786005649-c84894bf6050,207.240,207.241
data-analyst-1786005648-d3fd7a2c8838,207.270,207.270
wide-researcher-1786005725-99c435df812f,207.275,423.712
data-analyst-1786005649-6450c44ffa02,207.319,207.320
data-analyst-1786005652-45f85650c227,207.363,207.363
deep-researcher-1786005725-4ad561087003,207.382,435.135
data-analyst-1786005725-eff4bb1ab7f4,207.400,690.201
reviewer-1786005725-198f467f8f3c,207.444,674.469
data-analyst-1786005651-f5d5c17a70f8,207.463,207.463
data-analyst-1786005652-039d1d7d1322,207.478,207.478
wide-researcher-1786005725-d70ec5d58e2e,207.486,595.250
deep-researcher-1786005725-28c534a693c0,207.519,652.212
data-analyst-1786005725-6c0950394521,207.538,548.569
data-analyst-1786005646-8341fe963df7,207.582,207.582
data-analyst-1786005650-1024a7b560ac,207.627,207.627
reviewer-1786005725-42475f0bda40,207.699,675.359
wide-researcher-1786005725-7f1d99963624,207.753,419.911
data-analyst-1786005651-e1b58b527c60,207.758,207.758
deep-researcher-1786005725-791b43d3fcf9,207.787,439.241
data-analyst-1786005648-3bca6f412341,207.854,207.855
data-analyst-1786005726-d9bf63510511,207.883,657.683
reviewer-1786005726-c8fed5a181dd,207.938,700.966
wide-researcher-1786005726-adc53020d04a,207.982,550.639
data-analyst-1786005653-56265f07a51c,207.987,207.987
data-analyst-1786005647-287ab1a68539,208.035,208.035
data-analyst-1786005648-37512a80384e,208.097,208.097
data-analyst-1786005651-5b7232b64cb0,208.112,208.112
deep-researcher-1786005726-48250a37a095,208.134,539.162
data-analyst-1786005654-c4bb577e1087,208.166,208.166
data-analyst-1786005726-6810a8cab98c,208.194,672.976
reviewer-1786005726-bf194dfaf415,208.239,552.373
data-analyst-1786005650-f0b9d2b2bdfe,208.277,208.278
wide-researcher-1786005726-f196272464cf,208.316,435.839
deep-researcher-1786005726-82f049a10f94,208.344,443.284
data-analyst-1786005653-f2aedcddcff9,208.388,208.389
data-analyst-1786005726-6d78e9715811,208.425,691.861
data-analyst-1786005653-ae4f15ce65a6,208.452,208.452
data-analyst-1786005654-0d7297fcca61,208.483,208.484
reviewer-1786005726-eacc07f4a5ed,208.511,670.289
data-analyst-1786005648-71b14db6bba6,208.576,208.577
data-analyst-1786005654-1a1e08a763f4,208.590,208.590
wide-researcher-1786005726-c687860669ee,208.594,404.750
deep-researcher-1786005726-c20601db1a69,208.619,323.132
data-analyst-1786005726-4196237e2d88,208.657,580.235
data-analyst-1786005654-807a17a04e75,208.687,208.687
reviewer-1786005726-8b6b6268ea20,208.691,652.737
data-analyst-1786005653-db72b2708d30,208.768,208.768
wide-researcher-1786005727-0454ee197c54,208.876,440.758
deep-researcher-1786005727-4224995bcb82,208.893,432.314
data-analyst-1786005727-8acdd4a8f292,208.912,546.272
data-analyst-1786005654-7c4af4a01225,208.941,208.941
reviewer-1786005727-31872fbb2afd,208.945,646.766
data-analyst-1786005648-af210a3f7085,208.987,208.987
wide-researcher-1786005727-02d77633dfc6,208.995,547.185
data-analyst-1786005654-df7e46bc4da7,209.005,209.006
data-analyst-1786005653-75fe8ac41f07,209.021,209.022
data-analyst-1786005647-bc4e9f84bf0b,209.051,209.052
data-analyst-1786005654-9fb0367be6a9,209.079,209.079
deep-researcher-1786005727-667eebf15ab4,209.203,542.371
data-analyst-1786005727-bcad627ca447,209.221,587.111
reviewer-1786005727-a0819725efed,209.249,653.135
data-analyst-1786005654-f73ed74ea480,209.265,209.266
wide-researcher-1786005727-ee96c1d9bb6a,209.361,420.707
deep-researcher-1786005727-29ab66f5c3a4,209.387,358.253
data-analyst-1786005648-c429db41ddf0,209.400,209.400
data-analyst-1786005727-da3b524c8ef1,209.404,671.971
reviewer-1786005727-08f71e1c0540,209.440,666.590
data-analyst-1786005653-f3b479be383c,209.448,209.449
data-analyst-1786005657-55e143cfd14f,209.490,209.490
data-analyst-1786005659-debd8f809d5f,209.517,209.517
wide-researcher-1786005727-57bdb64b11a6,209.522,345.115
data-analyst-1786005658-6c139f98ce94,209.546,209.546
data-analyst-1786005646-af39901adc23,209.559,209.559
data-analyst-1786005658-9f43e1853f2c,209.603,209.604
data-analyst-1786005651-94993fcdffdc,209.618,209.619
deep-researcher-1786005727-506819f6b74e,209.636,542.466
data-analyst-1786005660-daa0e7b2978a,209.650,209.650
data-analyst-1786005727-fe3c44737983,209.681,676.124
reviewer-1786005727-ec2178bdcd82,209.712,639.853
wide-researcher-1786005727-68a79759263b,209.752,659.412
deep-researcher-1786005728-37342cbffad1,209.772,435.669
data-analyst-1786005728-a4277a3dabaa,209.818,565.929
reviewer-1786005728-236e1b8557bc,209.836,700.869
wide-researcher-1786005728-d13bf5744126,209.920,541.852
deep-researcher-1786005728-702bac1a2999,209.950,642.866
data-analyst-1786005661-78c0b8c31586,209.979,209.979
data-analyst-1786005662-a00f510e7afa,210.007,210.007
data-analyst-1786005647-2823b7f68708,210.101,210.101
data-analyst-1786005728-64be6df7b2d1,210.109,638.107
data-analyst-1786005658-8fb58778f8a4,210.132,210.132
reviewer-1786005728-42b4097ca992,210.136,564.687
data-analyst-1786005651-d13c98f96894,210.164,210.164
wide-researcher-1786005728-d29a94616347,210.179,319.622
deep-researcher-1786005728-2b93be653758,210.196,425.964
data-analyst-1786005657-d9dd3fbd0fcb,210.197,210.201
data-analyst-1786005728-918e7f11f85d,210.214,652.055
data-analyst-1786005646-edf942e94af2,210.277,210.278
reviewer-1786005728-615bfece3f9c,210.286,659.304
wide-researcher-1786005728-be1660b57b56,210.329,429.289
deep-researcher-1786005728-1652f8f30b35,210.389,383.250
data-analyst-1786005660-6d876d7bf895,210.394,210.394
data-analyst-1786005653-7a114d1e3341,210.408,210.408
data-analyst-1786005728-04515c06cc54,210.425,698.422
data-analyst-1786005647-2b18edda9fe1,210.438,210.439
data-analyst-1786005658-66b804513de6,210.452,210.452
reviewer-1786005728-ff28d3984bb3,210.460,697.484
data-analyst-1786005654-8bc9b3a734da,210.469,210.469
data-analyst-1786005662-ba8aa2a0b190,210.497,210.497
wide-researcher-1786005728-b635613b7fa5,210.533,420.738
data-analyst-1786005662-4ed3c92589da,210.558,210.558
data-analyst-1786005662-62230e8f1705,210.605,210.606
data-analyst-1786005647-e264ae679bec,210.665,210.665
data-analyst-1786005662-3e92c064c20e,210.692,210.692
data-analyst-1786005660-a6c44bb6f6f4,210.706,210.706
deep-researcher-1786005728-c54663258b7c,210.729,428.453
data-analyst-1786005664-4446f27e0cf7,210.739,210.739
data-analyst-1786005728-ee16a7a9197f,210.765,647.997
reviewer-1786005728-657756e82fae,210.784,673.627
data-analyst-1786005665-7d3c3de2ccc1,210.789,210.790
data-analyst-1786005664-38fa7d8c2971,210.818,210.818
data-analyst-1786005658-e1a447ed68e7,210.833,210.833
wide-researcher-1786005729-bfcadd4f1f03,210.873,447.892
data-analyst-1786005664-6bfe34aeebd9,210.877,210.877
deep-researcher-1786005729-c3152bb54b9a,210.903,444.640
data-analyst-1786005729-a73c8075fa4e,210.923,551.219
reviewer-1786005729-3eb8a3ee6106,210.962,687.515
data-analyst-1786005663-4081fe952055,210.966,210.966
data-analyst-1786005666-ff34a33d1b10,211.008,211.008
wide-researcher-1786005729-4e7fd7df9911,211.012,429.774
data-analyst-1786005658-66fda083fb3d,211.025,211.025
data-analyst-1786005663-60516782130d,211.039,211.039
deep-researcher-1786005729-a6048b8e3c4c,211.064,324.447
data-analyst-1786005653-6bef7d3d70bb,211.083,211.083
data-analyst-1786005663-6c5647788206,211.115,211.116
data-analyst-1786005729-13f3dfe4c25c,211.139,658.588
reviewer-1786005729-50b97766a0d3,211.185,673.145
data-analyst-1786005666-4df278ab6679,211.200,211.200
data-analyst-1786005653-d3c24854fbaf,211.214,211.214
wide-researcher-1786005729-135247ca1c98,211.224,538.097
deep-researcher-1786005729-943a3544a02c,211.263,375.312
data-analyst-1786005664-ab9cf9fce4e1,211.268,211.268
data-analyst-1786005654-4701aa4541ac,211.284,211.284
data-analyst-1786005665-6925cf310a55,211.344,211.344
data-analyst-1786005729-e2ba37a5d32a,211.358,569.780
data-analyst-1786005646-bb3a7058248c,211.363,211.364
data-analyst-1786005666-eefa1dcbbebf,211.395,211.396
reviewer-1786005729-b67fd840ddb0,211.427,618.232
wide-researcher-1786005729-38500ecd874c,211.458,427.159
data-analyst-1786005659-7a2073327d2f,211.503,211.503
data-analyst-1786005653-0d0b291872ba,211.516,211.516
deep-researcher-1786005729-e9d92da404a4,211.529,702.250
data-analyst-1786005666-023244dcc5ff,211.582,211.582
data-analyst-1786005729-91ec63b02b80,211.620,655.202
data-analyst-1786005664-06cddb22d865,211.634,211.635
data-analyst-1786005666-3f2e5a6c0fec,211.654,211.654
reviewer-1786005729-889be9fb3808,211.663,682.092
data-analyst-1786005657-6406b8418227,211.672,211.672
data-analyst-1786005665-107e7c5184a5,211.686,211.686
data-analyst-1786005667-e59a04f79abe,211.700,211.700
wide-researcher-1786005729-3efa50ca81a6,211.713,432.160
data-analyst-1786005653-b3e4346996bd,211.748,211.748
deep-researcher-1786005729-e7aae7c94cb6,211.796,418.290
data-analyst-1786005668-773cce3041e7,211.810,211.810
data-analyst-1786005666-ee6e8be7d909,211.823,211.824
data-analyst-1786005730-132aa9c0370c,211.832,596.140
data-analyst-1786005668-1d5132e64dfa,211.842,211.842
data-analyst-1786005658-3b903e46c7d7,211.868,211.869
data-analyst-1786005665-dd2b46818ec9,211.882,211.883
reviewer-1786005730-2401305f5c24,211.900,694.828
wide-researcher-1786005730-5d0cece8e3b6,211.965,353.524
data-analyst-1786005668-ae80584c86b3,212.005,212.005
deep-researcher-1786005730-fa25106fa552,212.018,426.767
data-analyst-1786005730-5289bdcb6b36,212.046,658.199
data-analyst-1786005666-417e8424c49f,212.087,212.087
data-analyst-1786005651-e3e01c1db8c2,212.100,212.101
data-analyst-1786005663-4d88a61b8f2a,212.115,212.116
data-analyst-1786005669-6f768d3c8727,212.129,212.130
reviewer-1786005730-05ea3cd69baf,212.166,700.775
data-analyst-1786005649-fe594ec3b9bf,212.221,212.221
wide-researcher-1786005730-b68f8cbd7a63,212.225,689.019
deep-researcher-1786005730-ab6521e37b54,212.242,662.765
data-analyst-1786005669-6f0651a264d6,212.269,212.270
data-analyst-1786005730-1a6f8edcc1c5,212.278,670.683
reviewer-1786005730-b789c82265e1,212.297,689.853
data-analyst-1786005663-e50fc0d01c6e,212.400,212.401
wide-researcher-1786005730-db4cf7c5f7a2,212.419,362.516
data-analyst-1786005664-d09352835bc2,212.433,212.433
data-analyst-1786005654-74aa4d6713f0,212.462,212.463
deep-researcher-1786005730-40d75f0d63df,212.467,674.299
data-analyst-1786005730-ed38ae70eed3,212.520,674.525
reviewer-1786005730-9443a96c87db,212.546,694.901
data-analyst-1786005648-f99911a48f7f,212.547,212.551
data-analyst-1786005654-f60d4eafb688,212.580,212.580
wide-researcher-1786005730-15a18a56136c,212.653,381.347
data-analyst-1786005649-84e643f33aff,212.664,212.665
deep-researcher-1786005730-de72fbb30bb9,212.711,558.241
data-analyst-1786005660-c1c10c51deac,212.748,212.749
data-analyst-1786005730-921e31e02839,212.784,680.264
data-analyst-1786005670-ee4dfaaa4a32,212.814,212.814
data-analyst-1786005666-e36f0c7ab16a,212.830,212.830
reviewer-1786005731-820358d4c6c9,212.855,649.301
data-analyst-1786005648-7b4f4e230f2f,212.913,212.913
data-analyst-1786005662-0da613253e7d,212.929,212.930
wide-researcher-1786005731-3d96e007e199,212.938,444.392
deep-researcher-1786005731-a65affb12e64,212.965,538.519
data-analyst-1786005661-f8bf0ddb1015,213.014,213.014
data-analyst-1786005731-514f4f5517f8,213.027,682.387
data-analyst-1786005660-cfb01be9eebb,213.028,213.032
reviewer-1786005731-ee0ba8ef6aac,213.110,685.883
wide-researcher-1786005731-7d0b3af84459,213.160,561.579
deep-researcher-1786005731-949dcc6c8a05,213.190,419.702
data-analyst-1786005731-12b2b667907e,213.215,507.354
data-analyst-1786005651-af2cb9988038,213.216,213.220
data-analyst-1786005666-a62c361f3678,213.235,213.235
data-analyst-1786005673-be75121f9db2,213.249,213.250
data-analyst-1786005666-140b0e1aabd9,213.264,213.264
data-analyst-1786005674-150cc85aa352,213.294,213.295
reviewer-1786005731-93f36c3023fe,213.303,679.493
data-analyst-1786005670-987407b827b8,213.312,213.312
data-analyst-1786005670-c49992c1bede,213.340,213.341
wide-researcher-1786005731-a64b341cc5fa,213.349,539.997
data-analyst-1786005660-3e349a9deadd,213.370,213.370
deep-researcher-1786005731-34068009dc1f,213.402,423.229
data-analyst-1786005731-cbfb0b463ba1,213.420,633.859
data-analyst-1786005669-4d01958ce4c8,213.451,213.451
reviewer-1786005731-48bce167f582,213.476,650.303
data-analyst-1786005674-50fbc4eadac4,213.500,213.500
data-analyst-1786005653-0fd3b2fcb4b2,213.516,213.516
wide-researcher-1786005731-3cf1f16bcaca,213.555,319.849
data-analyst-1786005663-2d0578c33a4c,213.565,213.565
data-analyst-1786005646-d003d7fc42bf,213.579,213.579
data-analyst-1786005646-72f7ed555631,213.623,213.623
data-analyst-1786005654-fbe287d5c609,213.699,213.700
data-analyst-1786005670-0fcde84bfa1a,213.713,213.713
deep-researcher-1786005731-b397e869f73c,213.756,700.266
data-analyst-1786005731-bf17f2bb4849,213.811,655.183
data-analyst-1786005670-8fe0d9464934,213.826,213.826
data-analyst-1786005670-52602780e098,213.872,213.872
data-analyst-1786005671-5a7a6fc23f79,213.887,213.887
reviewer-1786005731-97377960d763,213.887,673.245
wide-researcher-1786005732-ff685a43b45b,213.936,420.239
deep-researcher-1786005732-523b182cd6ab,213.971,344.247
data-analyst-1786005666-9bcd640f7b5c,213.976,213.976
data-analyst-1786005732-1c7146662e7a,213.990,568.011
reviewer-1786005732-f1fa05b765d6,214.025,563.062
data-analyst-1786005663-89fabbd6dcf0,214.060,214.060
data-analyst-1786005676-1f50b4c88f79,214.092,214.092
data-analyst-1786005675-2c1a41e972b3,214.155,214.156
wide-researcher-1786005732-16bd02d933c2,214.175,478.305
data-analyst-1786005674-4b13c06ab02d,214.190,214.190
deep-researcher-1786005732-4cec79146dbb,214.213,676.077
data-analyst-1786005732-c2aaea0ff36d,214.286,564.570
reviewer-1786005732-b5d8541716a4,214.306,685.289
data-analyst-1786005646-81817eb30efa,214.311,214.311
wide-researcher-1786005732-0dd8bdbd7f89,214.364,430.106
deep-researcher-1786005732-7fdfbfe0619f,214.384,655.818
data-analyst-1786005670-ac58bf46fad5,214.394,214.395
data-analyst-1786005666-b6cc0f275da5,214.423,214.423
data-analyst-1786005732-65dd2265702d,214.444,573.658
reviewer-1786005732-785beef116e8,214.463,650.802
data-analyst-1786005661-60bc775b26b7,214.485,214.486
data-analyst-1786005661-b851588fb3bd,214.514,214.514
data-analyst-1786005660-1fa2af2e2113,214.527,214.527
wide-researcher-1786005732-6f4ca612a9c8,214.548,442.639
data-analyst-1786005675-4ee43f635b47,214.586,214.586
data-analyst-1786005674-3329dcb92556,214.599,214.599
deep-researcher-1786005732-1f33adc9704e,214.622,555.748
data-analyst-1786005662-3d8cdb950670,214.632,214.632
data-analyst-1786005677-3614819cc9d4,214.646,214.646
data-analyst-1786005666-e180956b0470,214.660,214.660
data-analyst-1786005732-bd71bcd829c7,214.672,663.795
data-analyst-1786005650-52dd83fce548,214.676,214.676
data-analyst-1786005650-6bf2e6a9e7bc,214.692,214.692
reviewer-1786005732-c65bcf545566,214.709,691.922
data-analyst-1786005653-03785acf02a1,214.722,214.722
wide-researcher-1786005733-2158064c4ff6,214.856,436.323
data-analyst-1786005670-0ddfdc08e9a6,214.861,214.861
deep-researcher-1786005733-977ad66ffea9,214.885,316.007
data-analyst-1786005733-8300ba315322,214.910,470.126
data-analyst-1786005676-e63fb65717c0,214.927,214.927
reviewer-1786005733-c0e1b91d193d,214.931,574.148
data-analyst-1786005657-42d710f1ca10,214.944,214.944
wide-researcher-1786005733-291584d3f825,214.984,324.712
deep-researcher-1786005733-494de0bfd81d,215.002,700.678
data-analyst-1786005674-67a3aa6f0860,215.035,215.035
data-analyst-1786005733-4736b11d1204,215.035,433.255
reviewer-1786005733-dbf463333f72,215.067,657.840
data-analyst-1786005670-1490340bd256,215.072,215.072
data-analyst-1786005674-8249d81dc3d8,215.086,215.086
data-analyst-1786005657-d5cef16ec078,215.114,215.114
data-analyst-1786005674-50433e1a943a,215.171,215.172
wide-researcher-1786005733-bafafcd4f9b2,215.261,561.284
data-analyst-1786005660-40807e32580b,215.270,215.270
data-analyst-1786005653-0a5a97e5d095,215.283,215.283
deep-researcher-1786005733-bf114a3d5b6d,215.296,688.622
data-analyst-1786005668-735332311e0a,215.315,215.315
data-analyst-1786005733-6fdbc5185d3f,215.333,558.994
data-analyst-1786005657-ad49efdc7216,215.360,215.361
data-analyst-1786005666-3132848fc468,215.376,215.377
data-analyst-1786005662-9dbf28c78707,215.404,215.404
data-analyst-1786005662-ab8f46beda1b,215.432,215.433
reviewer-1786005733-156d2f5d9188,215.450,676.665
data-analyst-1786005648-f606d7be0aef,215.476,215.476
wide-researcher-1786005733-05882dd41bcf,215.488,427.712
deep-researcher-1786005733-f054359b2204,215.505,706.788
data-analyst-1786005674-6489809e059c,215.509,215.509
data-analyst-1786005733-563954df97db,215.537,538.716
data-analyst-1786005678-f31c344fbd1a,215.541,215.541
reviewer-1786005733-41679d4665cc,215.576,654.901
data-analyst-1786005678-00133879a827,215.606,215.606
data-analyst-1786005653-aac58ef424c4,215.619,215.619
wide-researcher-1786005733-124a95a1cf76,215.627,428.630
data-analyst-1786005680-04073b2f0996,215.665,215.666
deep-researcher-1786005733-f6251bd8055e,215.692,367.607
data-analyst-1786005666-8b6565fdf77d,215.693,215.696
data-analyst-1786005734-2bad8f4ed9e1,215.729,659.874
reviewer-1786005734-1b107184b863,215.764,657.158
data-analyst-1786005677-90a971538a09,215.772,215.773
data-analyst-1786005680-d217baa7c3ba,215.801,215.801
wide-researcher-1786005734-e7493fad4388,215.815,561.393
data-analyst-1786005664-3706e0ed5374,215.834,215.834
data-analyst-1786005658-cef9d074b66c,215.848,215.848
data-analyst-1786005666-75d10c44ed96,215.861,215.861
deep-researcher-1786005734-0ad1203aa688,215.870,658.180
data-analyst-1786005657-5d19fc4a981e,215.880,215.881
data-analyst-1786005734-e1e104d96e68,215.889,689.194
data-analyst-1786005673-d2aac54b0374,215.899,215.899
data-analyst-1786005666-5a2036758239,215.927,215.927
reviewer-1786005734-db2820611699,215.967,670.229
data-analyst-1786005670-692be0ff8987,215.968,215.972
data-analyst-1786005678-40b4200f61da,215.984,215.985
data-analyst-1786005678-3154eaa70498,215.999,216.000
data-analyst-1786005654-bd5337a75e6f,216.013,216.013
wide-researcher-1786005734-25310b116ad7,216.054,695.704
data-analyst-1786005673-c426af9790f0,216.055,216.059
data-analyst-1786005662-e79542f5f5c8,216.132,216.133
data-analyst-1786005661-14e50aa52a62,216.147,216.148
deep-researcher-1786005734-ae74a8e284e4,216.216,401.094
data-analyst-1786005734-deea06f3f087,216.234,680.284
data-analyst-1786005682-66ecb0f5322b,216.266,216.266
data-analyst-1786005658-5ff07f3f9d46,216.280,216.280
data-analyst-1786005678-0d8558d38e8e,216.295,216.295
data-analyst-1786005681-7efc56eadc77,216.308,216.309
data-analyst-1786005682-e54631914c6e,216.321,216.322
reviewer-1786005734-38e7ceb09a38,216.334,653.310
wide-researcher-1786005734-a37f8c60ade6,216.401,564.499
data-analyst-1786005664-fd3e15cdc29a,216.426,216.426
deep-researcher-1786005734-79519c9993fb,216.427,401.287
data-analyst-1786005678-9de54c0dec51,216.444,216.444
data-analyst-1786005734-31fdc3a9b669,216.448,689.811
data-analyst-1786005682-b724cbc05953,216.461,216.461
data-analyst-1786005675-0fbf7b20374e,216.490,216.490
reviewer-1786005734-b322b1e66d32,216.494,638.249
data-analyst-1786005660-0f4442b3be82,216.536,216.536
wide-researcher-1786005734-6b4ea7c48ea6,216.540,433.543
data-analyst-1786005680-a4183019a4e9,216.553,216.554
deep-researcher-1786005734-162a181385fb,216.579,657.230
data-analyst-1786005734-95023f79cc34,216.596,602.299
data-analyst-1786005683-34bed700c566,216.600,216.600
data-analyst-1786005665-23ad6d1d28a3,216.710,216.710
reviewer-1786005734-9e849453d7b9,216.714,695.686
wide-researcher-1786005735-8087251301f3,216.770,437.022
deep-researcher-1786005735-fd14abc91ce0,216.787,420.836
data-analyst-1786005673-db6787f2be25,216.791,216.791
data-analyst-1786005682-ae69b519a843,216.831,216.831
data-analyst-1786005735-92648df9cf20,216.840,700.006
data-analyst-1786005658-3256221cc1a7,216.919,216.920
data-analyst-1786005672-222466687eb1,216.933,216.933
reviewer-1786005735-f528e7ec86f4,216.937,678.297
data-analyst-1786005678-b4e1557f5749,216.949,216.950
wide-researcher-1786005735-d366d7ea2373,217.004,544.522
deep-researcher-1786005735-b7974ac315ec,217.021,420.974
data-analyst-1786005683-f719c5e6d0c3,217.071,217.072
data-analyst-1786005735-1f148553450e,217.081,564.443
reviewer-1786005735-b1cb5628b797,217.101,684.033
data-analyst-1786005666-fc9d5ce224f2,217.124,217.124
wide-researcher-1786005735-4c39c598b060,217.142,549.251
data-analyst-1786005683-f029f33229d5,217.171,217.171
data-analyst-1786005660-5b9013b18bfb,217.198,217.198
deep-researcher-1786005735-c39605b648d4,217.203,688.508
data-analyst-1786005682-5d06aa7b18d2,217.215,217.216
data-analyst-1786005735-5ff927d29b6d,217.233,671.053
reviewer-1786005735-96724f44fe4e,217.251,683.968
data-analyst-1786005678-4c1869ab8f4f,217.263,217.264
wide-researcher-1786005735-dd01a5c59d2e,217.294,421.324
deep-researcher-1786005735-144b95a7001c,217.320,430.007
data-analyst-1786005660-011d21a7dc7b,217.324,217.324
data-analyst-1786005735-33d7e1b1e5d9,217.337,683.259
data-analyst-1786005666-721152c7c653,217.341,217.341
data-analyst-1786005680-fc0b8f51b808,217.370,217.370
reviewer-1786005735-fcf1e2219da6,217.370,630.450
wide-researcher-1786005735-05ba16e3522c,217.405,559.287
data-analyst-1786005660-3b3b89c1454b,217.449,217.449
deep-researcher-1786005735-967a2bb9ff47,217.449,390.960
data-analyst-1786005735-e031f4935920,217.479,563.107
reviewer-1786005735-1f1535f10d1d,217.495,642.883
data-analyst-1786005678-f4af501f5ce0,217.512,217.512
data-analyst-1786005686-73afd4d3595a,217.528,217.528
wide-researcher-1786005735-f7e4cfa178d8,217.561,649.208
data-analyst-1786005678-5c45cdb5e580,217.575,217.575
deep-researcher-1786005735-baadd2569e27,217.612,424.386
data-analyst-1786005688-2f84f8aba6e3,217.623,217.623
data-analyst-1786005665-55a4ec14d1b8,217.637,217.637
data-analyst-1786005735-9b6941ff73f4,217.641,585.470
data-analyst-1786005657-49724bdce658,217.655,217.655
data-analyst-1786005660-96048b22f916,217.669,217.669
reviewer-1786005735-ba68fc050c36,217.687,674.720
data-analyst-1786005673-9d2d0fc6ed1f,217.700,217.700
data-analyst-1786005688-939d22a2b944,217.715,217.715
data-analyst-1786005678-eb81e6b0a72e,217.747,217.748
data-analyst-1786005687-1b8bcc9da65f,217.762,217.762
data-analyst-1786005660-c96ea635af77,217.793,217.793
wide-researcher-1786005736-571d57070519,217.798,365.584
data-analyst-1786005665-b5231c4a1095,217.842,217.842
deep-researcher-1786005736-ca4b75dfb6fe,217.843,692.761
data-analyst-1786005683-7425bd6fc33e,217.860,217.860
data-analyst-1786005736-a76ad336745e,217.944,669.813
reviewer-1786005736-eaecce24b4ef,217.972,699.279
data-analyst-1786005668-afa97c0e5679,217.986,217.986
data-analyst-1786005687-a5c7e106b43d,218.025,218.025
wide-researcher-1786005736-5e9a8c9d2e96,218.051,420.754
data-analyst-1786005678-a6ae3279946e,218.083,218.083
deep-researcher-1786005736-03a7fef51b1c,218.088,367.842
data-analyst-1786005660-905169297894,218.101,218.101
data-analyst-1786005736-6231f6239363,218.109,678.644
data-analyst-1786005662-cea5a4c98d43,218.118,218.118
reviewer-1786005736-43e57df0de9d,218.303,558.078
wide-researcher-1786005736-abb5da4bb4c0,218.352,443.656
deep-researcher-1786005736-9f50567548cc,218.413,320.260
data-analyst-1786005736-ff7b4c605a18,218.456,637.619
reviewer-1786005736-b33ffe75e378,218.521,694.764
data-analyst-1786005673-053eb224f530,218.585,218.586
wide-researcher-1786005736-c326a970476e,218.594,427.354
deep-researcher-1786005736-5d276ae6369e,218.629,424.215
data-analyst-1786005736-30d8ea632b1f,218.653,571.043
data-analyst-1786005675-92acb4924070,218.686,218.687
reviewer-1786005736-3b3633811bfd,218.704,643.478
wide-researcher-1786005737-9087989de43c,218.742,419.122
data-analyst-1786005654-60cf41627351,218.746,218.746
deep-researcher-1786005737-f181248c8ce8,218.758,544.698
data-analyst-1786005686-18bce2bea409,218.762,218.762
data-analyst-1786005737-f38c707d1008,218.774,651.042
reviewer-1786005737-1559863303a2,218.800,604.439
wide-researcher-1786005737-d9d4be33ab50,218.837,426.449
data-analyst-1786005694-364aa60d6207,218.853,311.058
deep-researcher-1786005737-89ea8a6878d1,218.884,537.384
data-analyst-1786005737-ccf7ad97868b,218.911,577.794
reviewer-1786005737-316fb26e07de,218.963,643.951
wide-researcher-1786005737-52ec021d15eb,219.001,567.245
data-analyst-1786005687-5accec1cf38e,219.014,219.015
deep-researcher-1786005737-aa998ba6bc6e,219.023,443.114
data-analyst-1786005737-24acfa575a53,219.085,559.828
reviewer-1786005737-2a8384200db0,219.120,672.863
wide-researcher-1786005737-69844dda793c,219.193,422.066
deep-researcher-1786005737-23d8cde3c7a5,219.312,494.857
data-analyst-1786005737-26208a62f48b,219.360,640.187
data-analyst-1786005678-c5abc3755b7e,219.371,219.371
data-analyst-1786005672-85cc20e48f0e,219.384,219.384
reviewer-1786005737-985ec8017f03,219.459,677.670
wide-researcher-1786005737-944284421d8f,219.489,655.993
deep-researcher-1786005737-77f3800a7085,219.525,696.840
data-analyst-1786005682-1175037968c7,219.547,219.548
data-analyst-1786005737-0cf299aa229e,219.560,540.119
reviewer-1786005737-e7f528ff27dd,219.740,651.437
wide-researcher-1786005737-c55c546295f7,219.788,439.564
deep-researcher-1786005737-f7b133420e75,219.815,433.138
data-analyst-1786005738-937fd23f728f,219.924,687.584
reviewer-1786005738-94fd1de8f688,219.961,689.373
data-analyst-1786005695-b598eab89557,220.002,419.654
wide-researcher-1786005738-21d033f474e4,220.038,665.210
deep-researcher-1786005738-a017c8332096,220.055,452.426
data-analyst-1786005738-ce7690433d4f,220.107,648.289
data-analyst-1786005673-2da4fffb42f6,220.121,220.121
reviewer-1786005738-86ef9fe16e41,220.164,695.091
data-analyst-1786005695-2591722cb8ff,220.210,328.920
wide-researcher-1786005738-6cb3ef5c2a35,220.219,420.488
deep-researcher-1786005738-fc23e284034c,220.257,682.983
data-analyst-1786005738-61a2ea6199da,220.275,663.943
reviewer-1786005738-12ed7fdc5b6c,220.316,568.835
data-analyst-1786005689-dc76770320fe,220.338,220.339
wide-researcher-1786005738-7143f4e4b007,220.356,520.348
deep-researcher-1786005738-622455e153c2,220.402,672.996
data-analyst-1786005738-1a5c460e9e55,220.475,560.122
reviewer-1786005738-146bf248e95f,220.493,692.800
data-analyst-1786005675-b6a02d35e277,220.497,220.498
wide-researcher-1786005738-94543eab0318,220.535,464.833
deep-researcher-1786005738-9612d5e3ea4d,220.629,673.956
data-analyst-1786005684-9932ead5a0e1,220.656,220.657
data-analyst-1786005691-1bad6261e3e9,220.671,220.671
data-analyst-1786005738-093bfede3da3,220.735,529.091
reviewer-1786005738-3ca6172e942c,220.763,648.814
data-analyst-1786005658-bd199faba667,220.767,220.767
data-analyst-1786005687-43d19ac6a111,220.782,220.782
data-analyst-1786005689-7d8b41ade48a,220.795,220.795
wide-researcher-1786005739-6a4443a3a580,220.820,671.179
deep-researcher-1786005739-e1d466d9f184,220.868,677.098
data-analyst-1786005739-80b94c1687d4,220.905,687.131
reviewer-1786005739-b303a3fd2f35,220.935,697.267
wide-researcher-1786005739-7a59c7e09d7a,220.987,652.356
deep-researcher-1786005739-0fe28b2d2472,221.004,673.017
data-analyst-1786005664-95c154cb1ec2,221.037,301.468
data-analyst-1786005739-3b4a51e8d17f,221.081,539.223
reviewer-1786005739-0be10d59117d,221.110,642.428
data-analyst-1786005695-eb1eb674795e,221.124,319.767
data-analyst-1786005691-4accc95c45d4,221.198,221.199
wide-researcher-1786005739-00e4f4a21193,221.253,319.575
data-analyst-1786005686-fe9244a84929,221.276,221.277
deep-researcher-1786005739-ab8954651307,221.329,702.889
data-analyst-1786005651-711021cf3d18,221.358,221.358
data-analyst-1786005739-c18a0ebe179a,221.431,540.088
data-analyst-1786005691-b5ca993358e5,221.450,221.450
reviewer-1786005739-9a59ff4bd46b,221.552,691.352
data-analyst-1786005695-b7250421e5e9,221.564,315.512
wide-researcher-1786005739-c2d2d1ef6187,221.623,364.299
data-analyst-1786005693-b9ba6aedc1e5,221.646,311.110
deep-researcher-1786005739-1724fbc53f36,221.684,558.446
data-analyst-1786005739-27ec7c13d84d,221.740,542.753
reviewer-1786005740-5c84e8a63a85,221.776,684.701
wide-researcher-1786005740-c1b53afb64af,221.946,557.855
deep-researcher-1786005740-1588f36e3865,221.983,431.849
data-analyst-1786005740-f1ee85e52da8,221.999,660.250
data-analyst-1786005666-52ca3acf5442,222.007,437.201
data-analyst-1786005693-78aa978ffcd4,222.064,301.530
data-analyst-1786005662-c08c5d3549a8,222.142,222.142
data-analyst-1786005658-9c170620f40d,222.214,222.214
reviewer-1786005740-f2a79e1ac09c,222.242,605.886
wide-researcher-1786005740-4d3da72a1075,222.283,322.495
deep-researcher-1786005740-5fa2d2eece05,222.377,659.468
data-analyst-1786005740-21e675615647,222.417,671.790
reviewer-1786005740-7a6fa8760498,222.488,686.348
data-analyst-1786005687-17076232afdc,222.501,222.501
wide-researcher-1786005740-1af5324b68b7,222.543,434.205
data-analyst-1786005689-3b1bfc87a466,222.560,222.560
deep-researcher-1786005740-b914f5242fea,222.583,606.005
data-analyst-1786005663-beeac74f5c41,222.593,222.593
data-analyst-1786005683-6297b271b869,222.605,222.606
data-analyst-1786005740-0d5864ca7bf7,222.623,554.731
data-analyst-1786005687-1197397db758,222.684,222.685
data-analyst-1786005673-1867bd77c8b9,222.773,222.774
reviewer-1786005740-4683a0cc9cd7,222.811,688.254
wide-researcher-1786005741-61bc347f9861,222.885,430.889
deep-researcher-1786005741-9492764bc7f5,222.998,440.208
data-analyst-1786005741-c7613e9b316e,223.055,645.839
reviewer-1786005741-8f03dabdcab4,223.073,674.499
wide-researcher-1786005741-d87dae6fadae,223.122,542.835
deep-researcher-1786005741-759f4c37991a,223.158,418.306
data-analyst-1786005741-42398a1e3470,223.188,678.565
reviewer-1786005741-3ccd3a6fba10,223.242,675.942
data-analyst-1786005665-a4f8415fae85,223.251,223.251
wide-researcher-1786005741-2d72db623266,223.296,324.758
deep-researcher-1786005741-2843bb1bd0c4,223.412,335.255
data-analyst-1786005741-b0cbdf4ccd18,223.511,679.808
reviewer-1786005741-b9d249badbc0,223.527,684.384
wide-researcher-1786005741-f0ba994103f2,223.640,687.720
deep-researcher-1786005741-41ed63f30dbb,223.761,423.119
data-analyst-1786005741-8f26bf69b1c8,223.844,628.368
reviewer-1786005742-3e46265ec3fc,223.892,567.703
wide-researcher-1786005742-cad2fde95dde,223.997,422.358
data-analyst-1786005684-3add9975b110,224.006,224.006
data-analyst-1786005686-5e178f384485,224.034,224.034
deep-researcher-1786005742-0444c7ba97e0,224.064,669.167
data-analyst-1786005742-3e3bacba84a9,224.095,651.805
reviewer-1786005742-b380a2a5fc90,224.133,671.696
data-analyst-1786005684-8be052c89a3d,224.202,319.251
wide-researcher-1786005742-44189e8584ee,224.268,425.152
deep-researcher-1786005742-55677a122d97,224.285,440.573
data-analyst-1786005742-073c099b306f,224.318,640.282
reviewer-1786005742-16fd253b5a73,224.397,687.783
wide-researcher-1786005742-1b7f93c3331a,224.485,548.115
deep-researcher-1786005742-a1bfd6f741af,224.566,693.790
data-analyst-1786005742-45938e8deff0,224.588,685.096
reviewer-1786005742-4d14309b9944,224.632,701.274
wide-researcher-1786005742-fc4428993756,224.701,561.347
data-analyst-1786005668-f4a55a4e128b,224.711,322.977
deep-researcher-1786005743-aa5e2932b49a,224.749,433.527
data-analyst-1786005743-b30c940f0c66,224.768,651.023
reviewer-1786005743-04ccb9e7826c,224.804,704.941
wide-researcher-1786005743-1170ada16245,224.855,440.558
deep-researcher-1786005743-75c82bc6ccbc,224.892,569.982
data-analyst-1786005743-583a98f6127c,224.922,550.808
reviewer-1786005743-878f478bba46,224.967,652.687
data-analyst-1786005689-c5235da1f675,225.002,225.002
wide-researcher-1786005743-4f05dbd31873,225.010,565.430
deep-researcher-1786005743-17aa696d58a6,225.030,455.862
data-analyst-1786005691-143a01f9a9d4,225.039,225.040
data-analyst-1786005743-29d0a36a4b25,225.048,435.525
reviewer-1786005743-4579cac469a7,225.123,655.162
data-analyst-1786005675-0e46d3319aef,225.167,225.167
wide-researcher-1786005743-9f14d31e6e60,225.224,317.229
data-analyst-1786005698-02c0a85db5b8,225.235,312.934
deep-researcher-1786005743-43dfa3e7fdc3,225.253,554.022
data-analyst-1786005743-2c48a9124569,225.272,673.453
reviewer-1786005743-d3d18085b021,225.304,692.041
wide-researcher-1786005743-c0d97427c67d,225.360,551.192
deep-researcher-1786005743-2645cda09c57,225.390,682.305
data-analyst-1786005687-3c14478fe053,225.447,225.447
data-analyst-1786005689-6f90475355d8,225.461,225.461
data-analyst-1786005693-c3ca8239a46c,225.522,308.668
data-analyst-1786005743-d81c0a4a1ca1,225.586,556.810
reviewer-1786005743-c6d532c41877,225.650,690.564
wide-researcher-1786005743-3e1ddf6fd175,225.782,676.922
deep-researcher-1786005743-3ed1648d5233,225.802,434.295
data-analyst-1786005744-569f5058b720,225.843,698.456
data-analyst-1786005694-f5e0648bd4f0,225.939,225.939
data-analyst-1786005688-219d52bd6610,225.955,225.955
data-analyst-1786005689-60f70fa33e37,225.970,225.970
data-analyst-1786005666-17506ac3d4fd,225.985,225.986
reviewer-1786005744-8ef3ad83423c,226.076,683.907
wide-researcher-1786005744-a9aaac40cc4f,226.138,423.902
deep-researcher-1786005744-9e8f1ce07223,226.158,438.050
data-analyst-1786005676-0195ece312b0,226.169,226.170
data-analyst-1786005744-c609d207eb53,226.189,645.902
reviewer-1786005744-558a6c7eca9e,226.218,672.883
wide-researcher-1786005744-5b311c81fd1d,226.275,323.741
data-analyst-1786005653-f2d0b7fdbe48,226.290,226.290
deep-researcher-1786005744-042d9a1b1245,226.304,347.267
data-analyst-1786005744-12521f59eb6b,226.324,654.376
data-analyst-1786005691-0c344383e045,226.360,226.360
reviewer-1786005744-b750642f18f7,226.409,685.863
wide-researcher-1786005744-347226b6cca7,226.476,440.142
deep-researcher-1786005744-375cd49fc626,226.495,420.324
data-analyst-1786005744-a86526771063,226.524,700.042
reviewer-1786005744-ff038363052e,226.553,653.676
wide-researcher-1786005744-319e727244e9,226.639,685.906
deep-researcher-1786005744-b87ccd69588a,226.745,349.575
data-analyst-1786005744-a8462f0079dc,226.785,691.499
reviewer-1786005745-c165fc70eb57,226.819,701.487
data-analyst-1786005669-591df889212d,226.870,314.461
data-analyst-1786005666-d18cd5be68d6,226.883,300.773
wide-researcher-1786005745-62ef95a6c482,226.901,688.731
data-analyst-1786005690-9440081f0520,226.916,226.916
deep-researcher-1786005745-2b00e8f0f5d8,226.928,666.813
data-analyst-1786005676-e036eaef3573,226.933,226.933
data-analyst-1786005692-086bef256fab,226.947,226.947
data-analyst-1786005745-04da30400167,227.022,654.200
reviewer-1786005745-2c8cf370db80,227.083,696.185
wide-researcher-1786005745-d598d3b2cdbc,227.123,553.848
data-analyst-1786005695-04ffbf2a5da6,227.145,227.146
deep-researcher-1786005745-730813e39d0c,227.155,425.478
data-analyst-1786005745-0a459e64322c,227.312,550.214
reviewer-1786005745-e903ace3455b,227.341,642.578
wide-researcher-1786005745-9a34d53fe15f,227.403,597.699
deep-researcher-1786005745-d19582b67b22,227.429,324.625
data-analyst-1786005745-a07c5b513632,227.503,684.468
reviewer-1786005745-9848549aab0f,227.592,550.121
wide-researcher-1786005745-ffe40e19ab5f,227.643,563.893
deep-researcher-1786005745-b9d3ea21bc26,227.663,419.330
data-analyst-1786005745-ab0d0b0f4667,227.700,648.440
reviewer-1786005746-bb639ae223b1,227.726,687.392
wide-researcher-1786005746-3ab55b6d5346,227.768,637.835
deep-researcher-1786005746-183b83a745ae,227.787,691.741
data-analyst-1786005746-133de1fabc4d,227.831,553.143
reviewer-1786005746-35a22b32cc79,227.924,692.448
wide-researcher-1786005746-ed65b3b21179,227.981,680.900
deep-researcher-1786005746-34493b70af5c,227.999,383.683
data-analyst-1786005746-fc11cf739064,228.081,574.790
reviewer-1786005746-cc9b565d90dc,228.152,695.393
wide-researcher-1786005746-f2f5e6066473,228.232,679.380
deep-researcher-1786005746-10c9f0312e42,228.294,417.545
data-analyst-1786005746-2d11966003b1,228.320,676.301
reviewer-1786005746-37d8bd2439af,228.370,680.450
wide-researcher-1786005746-956a29d42d6f,228.413,520.081
deep-researcher-1786005746-a3df1666030b,228.483,383.670
data-analyst-1786005746-c60bf0a2ba4d,228.563,546.835
reviewer-1786005746-6051439c634b,228.609,435.824
wide-researcher-1786005746-7b54d98d3781,228.665,659.073
deep-researcher-1786005746-a1ab0b68bac9,228.819,421.245
data-analyst-1786005747-b459caf9d184,228.852,675.662
reviewer-1786005747-6625ac498b01,228.870,679.600
wide-researcher-1786005747-06b7ee5c7306,228.938,543.685
deep-researcher-1786005747-493ba6df2503,228.980,696.013
data-analyst-1786005747-d1c683e115a6,229.009,546.382
data-analyst-1786005676-8d2dd0307abd,229.036,229.037
reviewer-1786005747-370349315c39,229.045,679.162
wide-researcher-1786005747-4b702d1826d6,229.116,418.164
data-analyst-1786005673-5bea8c67cd1b,229.130,229.130
deep-researcher-1786005747-05831c1bbd20,229.153,422.243
data-analyst-1786005747-0b082a0dfcb1,229.172,658.725
reviewer-1786005747-f48ebf5b3fee,229.207,693.430
data-analyst-1786005700-8b97b8e77f9e,229.215,383.214
wide-researcher-1786005747-49e394b140d2,229.251,667.620
deep-researcher-1786005747-4b753b16d4b4,229.279,360.966
data-analyst-1786005670-70cf0295c13e,229.280,229.283
data-analyst-1786005747-15018f4d3be0,229.323,428.976
data-analyst-1786005700-6e570704e70c,229.406,317.570
reviewer-1786005747-203f5cd6bf37,229.419,652.124
wide-researcher-1786005747-e993bf3714c9,229.450,642.244
deep-researcher-1786005747-84e68bb552dc,229.493,443.717
data-analyst-1786005747-ec5cd324dc43,229.510,652.805
data-analyst-1786005693-e5596ea4f900,229.524,304.264
reviewer-1786005747-8e0c6b744ea3,229.528,644.630
wide-researcher-1786005747-76fc470017a5,229.579,638.162
deep-researcher-1786005747-adced268cb0a,229.628,332.638
data-analyst-1786005747-16d77c30e0d1,229.658,674.538
reviewer-1786005748-507e25c963b4,229.773,671.887
wide-researcher-1786005748-278578c5ce8f,229.812,418.275
deep-researcher-1786005748-6f3019a0617b,229.839,545.449
data-analyst-1786005748-368ac777904b,229.891,689.735
reviewer-1786005748-f50253b69ac5,229.937,552.035
wide-researcher-1786005748-8f7d0edd009d,230.072,436.403
deep-researcher-1786005748-be8c47a7d4dd,230.099,659.057
data-analyst-1786005748-71dcbf6785c2,230.129,581.269
reviewer-1786005748-a37d7a149447,230.340,610.367
data-analyst-1786005671-7f7dcc909cae,230.351,318.010
data-analyst-1786005660-e3bbea84849b,230.364,303.299
wide-researcher-1786005748-28199633c1a8,230.450,697.824
data-analyst-1786005697-177c679b2621,230.475,427.509
deep-researcher-1786005748-5f623956f6a6,230.493,441.692
data-analyst-1786005748-d02e5d15c4c2,230.553,579.507
data-analyst-1786005661-1334fcf8fc5b,230.608,230.608
reviewer-1786005748-025c48114cf8,230.632,570.010
data-analyst-1786005701-7f939e04d3fa,230.670,315.375
data-analyst-1786005701-558eb3358e29,230.682,316.193
wide-researcher-1786005748-ffefdffce7b0,230.683,439.039
deep-researcher-1786005748-fb4956349ddb,230.734,423.073
data-analyst-1786005749-b48423b243cc,230.761,607.623
reviewer-1786005749-176ec80c3937,230.799,647.230
wide-researcher-1786005749-23fda02d5619,230.839,343.728
deep-researcher-1786005749-5f3aecef7dcf,230.930,671.131
data-analyst-1786005682-879c0076e87f,230.994,230.994
data-analyst-1786005749-0afa57f6b1fa,231.019,695.596
reviewer-1786005749-26c8bd6456b6,231.040,675.259
data-analyst-1786005689-7ea871988597,231.091,231.091
wide-researcher-1786005749-a5878b5c5ec6,231.104,495.979
deep-researcher-1786005749-69f13d0c2f30,231.140,427.871
data-analyst-1786005672-a8d418292178,231.141,231.145
data-analyst-1786005749-6f9d988f5342,231.170,589.375
reviewer-1786005749-e86e2e6f8c20,231.190,685.465
wide-researcher-1786005749-228457f16b73,231.290,685.716
data-analyst-1786005670-33b543996d1f,231.381,322.542
deep-researcher-1786005749-80930a770506,231.391,637.704
data-analyst-1786005749-ea44f79f46b9,231.408,655.621
reviewer-1786005749-4beac473826d,231.436,694.965
wide-researcher-1786005749-9de5eb2e34d8,231.466,436.270
deep-researcher-1786005749-6cc5029f10f4,231.610,540.045
data-analyst-1786005749-d80d232bd2e0,231.640,637.293
reviewer-1786005749-71edef2cee84,231.853,662.523
wide-researcher-1786005749-5aa6627fa686,231.898,470.302
data-analyst-1786005660-0f9611aaa66a,231.930,231.930
deep-researcher-1786005750-d87027cd7c14,231.938,680.369
data-analyst-1786005750-e9dc45855b32,232.028,541.614
reviewer-1786005750-9fb35efcaefe,232.066,567.008
wide-researcher-1786005750-c07f834432bb,232.150,423.610
deep-researcher-1786005750-453ca5885a90,232.196,420.377
data-analyst-1786005669-df41c4ce4fcb,232.247,303.530
data-analyst-1786005750-59d78a6932c2,232.308,517.762
reviewer-1786005750-3e86d84602ce,232.350,677.406
wide-researcher-1786005750-bbf271eae654,232.434,653.785
data-analyst-1786005694-cddc117d5efb,232.444,232.444
deep-researcher-1786005750-c95730b877a4,232.453,556.307
data-analyst-1786005750-1053a0d2c06b,232.514,682.075
data-analyst-1786005654-e3926d146365,232.528,232.529
reviewer-1786005750-51830569d9e2,232.547,691.554
wide-researcher-1786005750-5f42233f106b,232.579,426.104
deep-researcher-1786005750-761ae29101a7,232.657,693.945
data-analyst-1786005750-46097745f36b,232.685,556.967
reviewer-1786005751-b5a948b17643,232.715,689.505
data-analyst-1786005660-0af29640ba49,232.724,232.724
wide-researcher-1786005751-740ecf2fbde0,232.808,426.611
data-analyst-1786005702-8231a5561abe,232.834,311.723
deep-researcher-1786005751-25517ced11ce,232.838,437.729
data-analyst-1786005684-81438c1fa2fe,232.869,232.870
data-analyst-1786005751-d5c6824a0cd5,232.893,650.284
reviewer-1786005751-e34772a02cf8,232.913,673.862
wide-researcher-1786005751-5b71d3fb9f44,232.953,427.491
deep-researcher-1786005751-3e728b5195d6,232.973,440.024
data-analyst-1786005751-296838498b7a,233.022,578.416
reviewer-1786005751-89c474083a29,233.070,562.786
data-analyst-1786005684-bb70272c1e28,233.117,233.117
wide-researcher-1786005751-f103be464f1b,233.131,647.720
deep-researcher-1786005751-1dc9148a0b25,233.370,550.733
data-analyst-1786005751-992e952d7ff2,233.408,639.056
reviewer-1786005751-d4a1338c2081,233.447,568.806
wide-researcher-1786005751-bede1ce6c155,233.506,682.952
deep-researcher-1786005751-76cd1b02625b,233.541,692.194
data-analyst-1786005751-72499b0d2629,233.577,564.278
reviewer-1786005751-e72e3b028592,233.668,688.529
wide-researcher-1786005751-3c7d645633eb,233.708,686.061
data-analyst-1786005673-cfdf08fe6efb,233.763,303.893
deep-researcher-1786005752-1f03699acba1,233.763,442.973
data-analyst-1786005752-b5fef2797cc3,233.813,547.672
reviewer-1786005752-4fd78268b26c,233.871,677.001
data-analyst-1786005657-ff9a0ba0b238,233.892,304.521
wide-researcher-1786005752-6ecb262c5d8f,233.938,645.352
deep-researcher-1786005752-6c25dd55d80b,233.966,353.278
data-analyst-1786005752-c2e03fdd41a9,234.034,685.416
reviewer-1786005752-eecfa1140cd5,234.063,668.737
wide-researcher-1786005752-f212c1351faf,234.095,541.992
deep-researcher-1786005752-46d2cb8784f7,234.161,483.982
data-analyst-1786005752-1d983d7b6a51,234.234,656.994
reviewer-1786005752-3559aaae5655,234.435,672.296
data-analyst-1786005703-6718a1a145f9,234.452,323.849
data-analyst-1786005703-a7fb3949d455,234.465,418.107
wide-researcher-1786005752-189c1c8b8995,234.474,566.189
deep-researcher-1786005752-5ee65b6f555f,234.524,426.844
data-analyst-1786005752-1e9b23dfdf43,234.655,676.969
data-analyst-1786005665-c4fea9462af6,234.711,234.712
reviewer-1786005752-58c7224be564,234.738,693.533
wide-researcher-1786005752-c2c9f7870dfe,234.859,457.945
deep-researcher-1786005752-1921f6666f7e,234.878,655.242
data-analyst-1786005753-fab0361a684a,234.895,538.444
data-analyst-1786005683-4bee85330d84,234.927,234.928
reviewer-1786005753-779e96b77897,234.972,658.607
wide-researcher-1786005753-a871e1d5a501,235.013,673.780
deep-researcher-1786005753-48aca38d5cba,235.058,703.715
data-analyst-1786005753-faf59fc24723,235.097,678.157
reviewer-1786005753-98e3d7343042,235.176,658.385
data-analyst-1786005703-959325e06561,235.188,303.031
data-analyst-1786005703-6c4d808e6004,235.201,401.339
wide-researcher-1786005753-baf4a1bcaf7b,235.331,565.976
deep-researcher-1786005753-89e5ef35716b,235.381,544.426
data-analyst-1786005753-72e1169a2f55,235.463,667.129
reviewer-1786005753-20511a52ddd9,235.492,556.742
wide-researcher-1786005753-12be2a998626,235.545,543.123
deep-researcher-1786005753-0c8718514717,235.583,676.685
data-analyst-1786005753-e6c7035a156e,235.603,545.606
reviewer-1786005753-2cda3140dc84,235.674,673.694
wide-researcher-1786005754-e801ca206fdd,235.726,611.287
deep-researcher-1786005754-0d0314e044b7,235.744,681.450
data-analyst-1786005704-e6b8c21e19dd,235.818,305.216
data-analyst-1786005704-4df8f5b4debf,235.831,314.201
data-analyst-1786005665-1d2aa075ff9c,235.862,235.863
data-analyst-1786005754-e7e86255cf90,235.933,539.672
reviewer-1786005754-8653a4ca198e,235.951,686.781
data-analyst-1786005676-2849844df27d,235.988,235.988
wide-researcher-1786005754-c124bd6e23fb,236.000,387.926
data-analyst-1786005648-1b57ffb884fe,236.004,236.004
data-analyst-1786005688-c1dfd2079148,236.018,236.019
deep-researcher-1786005754-9c3d27619bbb,236.027,500.810
data-analyst-1786005754-ccdfa9024182,236.177,549.089
reviewer-1786005754-c447e3c14050,236.215,694.332
wide-researcher-1786005754-cb764f9b8adb,236.269,431.286
deep-researcher-1786005754-801226dfad40,236.369,681.088
data-analyst-1786005754-ae70dbacac24,236.397,591.896
data-analyst-1786005704-5b8c36e2c9dd,236.438,318.078
data-analyst-1786005702-634b3e7d1b43,236.470,300.793
reviewer-1786005754-03d9f7c24919,236.475,642.767
wide-researcher-1786005754-af24ecce1be7,236.526,542.655
data-analyst-1786005652-af4e069df8be,236.547,236.548
deep-researcher-1786005754-de29d745c6b8,236.565,540.803
data-analyst-1786005693-f2cf4e3f9c9d,236.566,236.571
data-analyst-1786005754-ffc1ef1ea210,236.596,699.754
reviewer-1786005754-d0cc2e9b61a1,236.703,697.945
wide-researcher-1786005754-64a0fdf59f11,236.763,691.180
deep-researcher-1786005755-584cedebaf08,236.794,661.351
data-analyst-1786005755-0eae4cf44647,236.831,543.093
reviewer-1786005755-652137248345,236.848,652.039
wide-researcher-1786005755-4e28bf17f7f2,236.891,430.509
data-analyst-1786005667-b707d709fbc8,236.903,236.903
data-analyst-1786005676-d1828e8fa7db,236.916,236.917
data-analyst-1786005686-f6c8768921aa,236.931,236.931
deep-researcher-1786005755-8d488abb4ed6,236.982,677.527
data-analyst-1786005755-6e9773c285ef,237.039,690.048
reviewer-1786005755-118c2706fd7d,237.061,689.253
wide-researcher-1786005755-6d71eb7508ea,237.112,565.731
data-analyst-1786005697-676d5b8163fa,237.175,237.176
deep-researcher-1786005755-2d0a38f1b60c,237.193,676.318
data-analyst-1786005755-b26a933270c5,237.239,656.207
reviewer-1786005755-ee5b3df6fd1f,237.267,692.495
data-analyst-1786005699-b1d355ddc010,237.315,237.315
data-analyst-1786005704-570b42073c7c,237.358,316.870
data-analyst-1786005704-c5a8ef580d8a,237.371,304.654
data-analyst-1786005680-b9e37abef115,237.403,237.404
data-analyst-1786005689-50c76b988aa0,237.417,237.417
wide-researcher-1786005755-45f98d2be18f,237.422,422.751
deep-researcher-1786005755-c4676689170c,237.447,494.130
data-analyst-1786005755-afc02a767d2b,237.477,690.121
reviewer-1786005755-1dbb8e331045,237.552,650.928
wide-researcher-1786005755-b4136389e365,237.682,562.656
deep-researcher-1786005755-ff3594f3897b,237.720,694.917
data-analyst-1786005755-3ba8bc3002c0,237.905,678.082
reviewer-1786005756-69e583ad5bdd,237.977,670.785
wide-researcher-1786005756-81af8a2c2ca7,238.037,683.159
data-analyst-1786005693-d6b4295e4459,238.051,238.051
deep-researcher-1786005756-36d2323bbda5,238.109,698.878
data-analyst-1786005756-802a3c5fdb76,238.209,704.290
data-analyst-1786005695-0e321ec7cb09,238.224,238.224
reviewer-1786005756-9cd78a8d9b15,238.280,700.226
wide-researcher-1786005756-3a95cfe15ec0,238.367,567.501
deep-researcher-1786005756-9ba3a941e669,238.395,667.746
data-analyst-1786005756-314c00b19775,238.494,475.866
reviewer-1786005756-6619a745324a,238.522,679.081
wide-researcher-1786005756-6049f68ef2bc,238.577,424.149
deep-researcher-1786005756-f9fe7bbe69b5,238.625,545.885
data-analyst-1786005700-a64383915172,238.667,238.667
data-analyst-1786005756-194d5f6228fc,238.688,682.874
reviewer-1786005757-340d7ae4a19f,238.707,658.566
wide-researcher-1786005757-72e746b9b9f0,238.751,643.416
deep-researcher-1786005757-6e4883367419,238.780,554.703
data-analyst-1786005700-9a903529429b,238.835,238.835
data-analyst-1786005757-d188ce1cb954,238.852,695.808
data-analyst-1786005700-a932cfe18b85,238.896,238.896
data-analyst-1786005700-d6233a9e1b6d,238.912,238.912
data-analyst-1786005662-f8b5c8b65b4a,238.954,238.954
data-analyst-1786005700-49ad5dfbc57d,238.967,238.967
data-analyst-1786005676-56ea00f802ba,238.980,238.980
reviewer-1786005757-63f7b9683aeb,238.992,684.529
data-analyst-1786005700-da30aecc384b,239.025,239.025
wide-researcher-1786005757-b037e986d956,239.050,567.288
deep-researcher-1786005757-fc838c520224,239.082,540.215
data-analyst-1786005695-a78c5dfc3731,239.120,239.120
data-analyst-1786005757-05c475b8d884,239.168,671.643
reviewer-1786005757-942ed32bddff,239.232,693.493
data-analyst-1786005693-b88568d19254,239.261,239.261
data-analyst-1786005682-00ea8d338eb8,239.276,239.276
data-analyst-1786005695-3c6961998699,239.454,239.454
wide-researcher-1786005757-dab98fa90f74,239.618,421.006
deep-researcher-1786005757-bd65c6112540,239.732,377.283
data-analyst-1786005757-8ce1db8bae1f,239.792,703.052
reviewer-1786005757-3329e2d40653,239.889,694.133
wide-researcher-1786005758-9c7479c9edb0,239.995,560.030
data-analyst-1786005665-8cfb0fb2c47e,240.014,240.015
deep-researcher-1786005758-a643f1ef7abd,240.056,440.287
data-analyst-1786005758-1bc1b17b0ffb,240.085,654.344
reviewer-1786005758-5b7b119ad63d,240.124,686.858
data-analyst-1786005686-75d250595746,240.159,240.159
data-analyst-1786005700-ab6f8144b7c5,240.186,240.186
wide-researcher-1786005758-051fd8d149b6,240.199,438.031
deep-researcher-1786005758-8a1d0c2b009c,240.220,640.671
data-analyst-1786005758-a5a81ab07989,240.259,662.400
reviewer-1786005758-312298ed3ebd,240.287,660.636
wide-researcher-1786005758-48bd2861a7b5,240.365,442.408
data-analyst-1786005706-8610d41a5423,240.420,312.756
data-analyst-1786005706-c392b2767eee,240.433,315.014
deep-researcher-1786005758-e21d1353133f,240.472,437.444
data-analyst-1786005758-e3ad95f475de,240.512,555.253
reviewer-1786005758-ed89d0cbbe96,240.542,659.028
wide-researcher-1786005758-df918293c7da,240.586,681.851
deep-researcher-1786005758-a44662ff4576,240.604,700.885
data-analyst-1786005706-0c81b33c4865,240.651,417.436
data-analyst-1786005706-3bf14e1fa491,240.664,314.217
data-analyst-1786005758-3bb82c729f83,240.682,659.012
reviewer-1786005759-f135ee5bdad2,240.745,677.917
wide-researcher-1786005759-8a2f2e8f0a8f,240.906,553.599
data-analyst-1786005669-3c3c824d369b,240.964,240.964
data-analyst-1786005697-d36e89994d1f,240.979,240.980
deep-researcher-1786005759-e6af62253014,240.998,658.101
data-analyst-1786005689-efe1b57229ff,241.014,241.015
data-analyst-1786005759-6cf35aab573d,241.065,659.830
reviewer-1786005759-54e618c934a2,241.167,661.854
wide-researcher-1786005759-8f4109b43e3b,241.231,542.988
deep-researcher-1786005759-ed5190a0c8cd,241.250,538.810
data-analyst-1786005759-8fe4c46b7eb0,241.299,655.896
data-analyst-1786005700-8434e23ed1b1,241.364,241.364
reviewer-1786005759-8e401c9bbccd,241.390,649.542
wide-researcher-1786005759-721668d97084,241.501,432.825
data-analyst-1786005706-6330e68021ac,241.558,377.991
deep-researcher-1786005759-834db33cb4c2,241.558,691.245
data-analyst-1786005759-2ca4a9b2bf66,241.598,448.282
reviewer-1786005759-1f8d0c2e5c21,241.647,673.611
wide-researcher-1786005759-de80356e8257,241.698,671.537
deep-researcher-1786005760-b4af4c8246b8,241.772,544.440
data-analyst-1786005760-4879671c5455,241.800,563.863
reviewer-1786005760-fe36851ffcab,241.881,682.758
data-analyst-1786005647-6c2c882353cd,242.022,310.374
wide-researcher-1786005760-b6e522a1c1ba,242.070,698.760
deep-researcher-1786005760-f929642f6f45,242.097,419.155
data-analyst-1786005687-5554c9027b37,242.126,242.126
data-analyst-1786005682-90b3ae70d3a0,242.140,242.140
data-analyst-1786005760-d409ebb2a76b,242.144,702.507
data-analyst-1786005702-7743da6d0e7f,242.157,242.157
reviewer-1786005760-70508165a560,242.193,686.590
data-analyst-1786005692-95a7bed15ab8,242.216,242.217
data-analyst-1786005689-7377e66fdb18,242.231,242.231
wide-researcher-1786005760-c680db0a84ec,242.257,440.855
deep-researcher-1786005760-2101e59a8af2,242.398,678.267
data-analyst-1786005760-c12c04ed8857,242.522,588.218
reviewer-1786005760-292b65dadf83,242.640,568.302
wide-researcher-1786005760-d8e814fb2c8e,242.691,434.189
data-analyst-1786005678-f75fe1dd0974,242.736,302.789
deep-researcher-1786005760-d1dcbd190b7a,242.749,690.723
data-analyst-1786005760-33a635ccf115,242.821,684.113
data-analyst-1786005660-1370e5b26306,242.835,242.835
reviewer-1786005761-be4393ab798b,242.875,655.068
data-analyst-1786005653-ca8067508f6b,242.897,242.897
data-analyst-1786005683-98e2c2020fe4,242.910,242.910
wide-researcher-1786005761-d7ad58dc518f,242.914,444.263
data-analyst-1786005697-be9b2f261db7,242.927,242.927
deep-researcher-1786005761-847cace8d43f,242.931,673.360
data-analyst-1786005678-14c1ec9753f2,242.944,242.944
data-analyst-1786005689-2eb215549af1,242.987,242.988
data-analyst-1786005761-e20ca8b81dfe,243.000,695.282
reviewer-1786005761-5a6946e18d47,243.028,659.510
data-analyst-1786005675-34c2afcf1c49,243.037,243.037
wide-researcher-1786005761-0a2fd50f91c4,243.077,440.405
deep-researcher-1786005761-aa36b83f3dd5,243.114,666.999
data-analyst-1786005761-2cfcc0915d63,243.149,621.216
reviewer-1786005761-3e885bdfc03c,243.173,700.102
wide-researcher-1786005761-a733a78dd7b5,243.235,638.852
data-analyst-1786005692-67c02e505074,243.260,243.260
deep-researcher-1786005761-99098914e2d3,243.284,424.902
data-analyst-1786005683-d219abcc4393,243.293,243.294
data-analyst-1786005761-b85db133c7de,243.311,654.216
reviewer-1786005761-7538c9862127,243.389,667.975
wide-researcher-1786005761-1bd410864a55,243.501,453.997
deep-researcher-1786005761-d03931d8bdb8,243.528,680.546
data-analyst-1786005761-0892c536a83a,243.566,555.676
reviewer-1786005761-8127ffc1d81e,243.620,688.824
data-analyst-1786005707-b5a6ccb7acd7,243.700,372.445
wide-researcher-1786005761-8c74a697c77b,243.704,655.704
data-analyst-1786005707-c0efa2f13dc3,243.717,317.479
deep-researcher-1786005761-c1aec4c56739,243.782,439.946
data-analyst-1786005762-9346ec46ed73,243.913,579.084
reviewer-1786005762-44b4eff88825,244.011,684.968
wide-researcher-1786005762-d1b53c19f1eb,244.144,442.314
data-analyst-1786005707-4e22e335baac,244.144,321.588
deep-researcher-1786005762-3c0369d94d54,244.164,685.480
data-analyst-1786005762-501673ecd1eb,244.200,694.075
reviewer-1786005762-78d97285d653,244.262,695.899
wide-researcher-1786005762-908acd6df51f,244.329,647.600
deep-researcher-1786005762-de43217c1588,244.424,417.095
data-analyst-1786005762-086006406f2f,244.539,539.982
reviewer-1786005762-376c14152884,244.562,677.490
wide-researcher-1786005762-3f579ede2075,244.621,440.458
data-analyst-1786005678-7e43c4618209,244.635,319.180
deep-researcher-1786005762-4dda444aaea0,244.661,567.454
data-analyst-1786005708-379fbb30d30e,244.695,322.510
data-analyst-1786005763-580cd8cf92bc,244.699,659.788
reviewer-1786005763-bb4b384033c4,244.741,550.016
wide-researcher-1786005763-565b797455cd,244.792,562.267
data-analyst-1786005704-20113373dd4f,244.793,244.796
deep-researcher-1786005763-529a46cb2b38,244.822,587.126
data-analyst-1786005763-2b1d6c362c07,244.904,568.685
reviewer-1786005763-dc6564cb5a3f,244.922,627.564
data-analyst-1786005708-de836d1c7d59,244.988,318.754
data-analyst-1786005708-61e9cd9c7288,245.000,317.084
data-analyst-1786005708-f512b6beee9a,245.013,322.555
wide-researcher-1786005763-9e56cc7afe8d,245.044,554.687
data-analyst-1786005663-c5cb86c5f7ac,245.044,245.048
data-analyst-1786005708-ce502f195b68,245.075,339.956
deep-researcher-1786005763-a9a81d27863e,245.084,433.839
data-analyst-1786005708-afed212231ef,245.088,304.325
data-analyst-1786005763-8265efc8303e,245.120,566.851
reviewer-1786005763-c6c5ba1c6ffc,245.137,681.430
wide-researcher-1786005763-35104bdf2ce8,245.207,456.769
deep-researcher-1786005763-848fa64473ca,245.281,382.746
data-analyst-1786005763-3268282f94c2,245.299,688.713
reviewer-1786005763-06acd1d9f11a,245.537,565.107
data-analyst-1786005689-c8cbc01d3f17,245.585,245.585
wide-researcher-1786005763-458f87fe5552,245.602,686.490
deep-researcher-1786005763-f4ec55b917bf,245.674,547.571
data-analyst-1786005763-18d56e16660b,245.709,688.926
reviewer-1786005764-76d312475352,245.787,687.374
data-analyst-1786005708-6be867f8b537,245.803,304.034
data-analyst-1786005708-913efcb214f9,245.817,316.976
data-analyst-1786005708-695c2d6ef8ce,245.830,314.089
wide-researcher-1786005764-598cf1a7c749,245.838,701.630
deep-researcher-1786005764-47b898f1b6bb,245.900,648.504
data-analyst-1786005764-10a6f6ca45bb,245.946,467.709
data-analyst-1786005649-b0462240b2e0,245.997,245.997
reviewer-1786005764-18f87e3e6b90,246.018,648.963
wide-researcher-1786005764-3b1899b6ddd4,246.060,675.136
deep-researcher-1786005764-57075dd35ce6,246.077,500.166
data-analyst-1786005708-41dce24365d1,246.116,315.858
data-analyst-1786005764-225bef27f546,246.125,655.086
data-analyst-1786005708-5dcf5e244dc7,246.134,304.978
data-analyst-1786005708-a415428593ae,246.148,322.315
reviewer-1786005764-2e05da063b02,246.174,678.252
wide-researcher-1786005764-565a75db0ae0,246.215,556.231
data-analyst-1786005689-a12a07ccaa62,246.246,246.246
deep-researcher-1786005764-44d0ab86d14c,246.250,675.423
data-analyst-1786005764-884bac61a746,246.309,692.877
reviewer-1786005764-806ed782064f,246.335,702.717
wide-researcher-1786005764-8bfdc5ee3975,246.405,673.904
deep-researcher-1786005764-ffe10f26e66a,246.423,421.192
data-analyst-1786005764-60798cf18a18,246.452,687.631
reviewer-1786005764-e0e06259c740,246.519,685.145
wide-researcher-1786005764-88ea68e95695,246.562,474.002
deep-researcher-1786005764-023c291cb6ac,246.589,464.961
data-analyst-1786005764-17ba66ee612d,246.629,659.137
reviewer-1786005764-344f99c1d5e6,246.661,649.750
wide-researcher-1786005765-49a697447435,246.721,577.029
deep-researcher-1786005765-7fef2b8d9292,246.810,646.165
data-analyst-1786005765-f8764826cd2d,246.922,440.491
reviewer-1786005765-862d6eb8b5ca,246.940,685.193
wide-researcher-1786005765-53e77a609cad,247.030,688.065
data-analyst-1786005647-bd5077f1cd93,247.048,302.909
deep-researcher-1786005765-7769a7efa4fa,247.057,455.279
data-analyst-1786005647-4da96d29a3c7,247.066,306.339
data-analyst-1786005698-64ce81dc7035,247.079,247.080
data-analyst-1786005765-e30d02cdf4dc,247.177,543.888
reviewer-1786005765-740b8823e4e1,247.195,688.388
data-analyst-1786005704-b554ae24dc6d,247.246,247.246
wide-researcher-1786005765-7e6d6de90b39,247.293,559.859
deep-researcher-1786005765-b2bc7bd4944f,247.350,424.163
data-analyst-1786005651-60a2ae2a9f40,247.386,247.386
data-analyst-1786005765-9f2c5ab5e71f,247.446,548.332
reviewer-1786005765-2209c8deb288,247.527,662.724
data-analyst-1786005665-07b72f124a8c,247.566,247.566
wide-researcher-1786005765-4ee3bbd12140,247.583,538.287
deep-researcher-1786005765-e327b742f1df,247.601,562.454
data-analyst-1786005709-97d0f7812724,247.615,365.766
data-analyst-1786005709-6baf04c968d9,247.629,317.615
data-analyst-1786005765-beb3986e4b5d,247.651,687.551
reviewer-1786005766-a2b71dce8730,247.689,686.288
data-analyst-1786005654-1a6708f3144b,247.756,247.756
wide-researcher-1786005766-cf94f75d7dba,247.765,663.121
data-analyst-1786005671-4a79d18dec52,247.775,247.775
deep-researcher-1786005766-1ea46297a064,247.819,503.072
data-analyst-1786005766-593ab734048b,247.860,546.351
reviewer-1786005766-cec48638e8b3,247.964,555.965
data-analyst-1786005709-89d620a5aceb,248.060,314.812
wide-researcher-1786005766-76ba481dd56b,248.073,691.535
data-analyst-1786005653-602a5ed91ba8,248.102,248.102
deep-researcher-1786005766-880fd331fe28,248.110,561.363
data-analyst-1786005766-7790bbca1332,248.143,672.009
reviewer-1786005766-ec76014887e9,248.181,670.078
data-analyst-1786005707-0efd1ee6ba60,248.215,306.721
wide-researcher-1786005766-90ac6756f5ec,248.224,449.334
deep-researcher-1786005766-2db3319614ab,248.242,685.699
data-analyst-1786005690-93b696f21a8c,248.284,248.284
data-analyst-1786005766-02fe979c7262,248.309,630.466
reviewer-1786005766-45a137bac90e,248.431,695.515
wide-researcher-1786005766-7df156f86451,248.543,431.575
data-analyst-1786005709-f2163e2fdd32,248.543,317.647
data-analyst-1786005709-68dd7c9364a7,248.559,309.309
data-analyst-1786005709-d22e750b559a,248.572,332.588
deep-researcher-1786005766-2f15dd55f760,248.581,680.417
data-analyst-1786005709-6dfa7be35f5c,248.638,302.734
data-analyst-1786005709-db74e8e74711,248.651,305.200
data-analyst-1786005766-efc9c792f3b0,248.677,671.518
reviewer-1786005766-eda53ce5acb4,248.695,577.974
wide-researcher-1786005767-0b527fab93bb,248.809,691.448
deep-researcher-1786005767-bfc628ce857e,248.856,684.763
data-analyst-1786005709-1b05ebc0f103,248.907,438.921
data-analyst-1786005767-f2c2f4aaf072,248.915,574.716
reviewer-1786005767-9696d91010fd,249.044,672.233
data-analyst-1786005709-64600a826731,249.048,302.622
wide-researcher-1786005767-785be3675997,249.098,437.389
deep-researcher-1786005767-85c0335539be,249.116,535.215
data-analyst-1786005709-c087ac68f9b6,249.132,317.892
data-analyst-1786005709-a57d9d0fa74f,249.144,303.092
data-analyst-1786005767-3f58b6844d42,249.158,704.159
reviewer-1786005767-a1a74074a3f9,249.188,699.691
wide-researcher-1786005767-4753171bb9f4,249.238,442.899
deep-researcher-1786005767-3300f66eb3c9,249.266,699.504
data-analyst-1786005767-4078f1998ef1,249.331,586.220
reviewer-1786005767-e1e54a351995,249.360,669.939
data-analyst-1786005704-61d079e3bef1,249.372,249.373
wide-researcher-1786005767-3f628f73a57c,249.460,660.380
deep-researcher-1786005767-df7e77297c71,249.500,545.933
data-analyst-1786005767-de2cc4c111a9,249.547,687.993
reviewer-1786005767-8210b5ca1cfa,249.587,692.296
wide-researcher-1786005767-d46b265d86dc,249.628,418.489
deep-researcher-1786005767-895401f2e0fb,249.656,426.178
data-analyst-1786005768-611140730eb8,249.692,671.919
reviewer-1786005768-20600f9a950c,249.746,692.896
wide-researcher-1786005768-3355be17479e,249.944,650.566
data-analyst-1786005680-083e6f06ef79,250.010,303.547
data-analyst-1786005650-313f598fae8d,250.022,304.425
data-analyst-1786005678-809965fe157d,250.036,314.026
deep-researcher-1786005768-1aeb3b2609fa,250.044,543.432
data-analyst-1786005678-ed28d04fe6be,250.048,301.513
data-analyst-1786005768-224308040c18,250.092,683.341
data-analyst-1786005682-97af659ca7f1,250.163,250.164
reviewer-1786005768-a7213dc27a06,250.233,644.985
wide-researcher-1786005768-53fbef752000,250.315,424.454
data-analyst-1786005710-f5c6cda0d8ae,250.350,306.627
data-analyst-1786005695-3915869db733,250.379,304.830
data-analyst-1786005692-919170df9995,250.397,250.397
deep-researcher-1786005768-31bd9000dcfe,250.444,689.485
data-analyst-1786005698-5afc2420b7aa,250.471,250.471
data-analyst-1786005666-9d620e8c8cdb,250.552,250.552
data-analyst-1786005768-64ff583b9700,250.565,692.385
reviewer-1786005768-d4dc4fd31ffc,250.608,646.288
wide-researcher-1786005768-b9a7c82330cb,250.672,693.584
data-analyst-1786005673-33686246972e,250.685,250.685
deep-researcher-1786005768-a32cd12a6934,250.707,435.580
data-analyst-1786005769-61cea8cd456e,250.755,696.543
reviewer-1786005769-7ef8e27f90c2,250.872,694.408
wide-researcher-1786005769-b5eb2be92e08,250.935,433.402
data-analyst-1786005687-4b0e62d95886,250.949,250.949
data-analyst-1786005673-458b625ba5e7,250.962,250.962
deep-researcher-1786005769-4e08e01934da,251.005,698.631
data-analyst-1786005710-02ee9fbda393,251.019,301.382
data-analyst-1786005769-26aea9a70d78,251.063,654.764
reviewer-1786005769-12123369a48b,251.101,645.067
data-analyst-1786005710-daf75a1acb6d,251.114,301.932
data-analyst-1786005710-700cc1c1c602,251.128,309.370
data-analyst-1786005710-4c1e60b2b194,251.141,321.671
wide-researcher-1786005769-0c1a0295635c,251.170,567.175
deep-researcher-1786005769-1eebe97cfefd,251.257,657.489
data-analyst-1786005769-e505d5ee6717,251.275,638.330
data-analyst-1786005710-8e1e6d202e2e,251.295,317.098
reviewer-1786005769-4190b938987a,251.320,673.746
data-analyst-1786005674-4a2f854083c2,251.335,251.335
wide-researcher-1786005769-852b2f8fa732,251.443,549.132
deep-researcher-1786005769-748c3cbe22e4,251.466,390.149
data-analyst-1786005769-46a7fbe8772b,251.570,683.628
reviewer-1786005769-be334cfafbac,251.600,693.068
wide-researcher-1786005769-522752ce1bba,251.647,681.634
deep-researcher-1786005769-ed930e69ac12,251.736,441.726
data-analyst-1786005770-c359f54f5dee,251.758,564.773
data-analyst-1786005695-4eb19c42b37f,251.823,315.266
data-analyst-1786005654-568cfc2f795d,251.840,251.840
reviewer-1786005770-dd5e51da772a,251.873,675.559
wide-researcher-1786005770-be9c62a7d698,251.961,550.136
deep-researcher-1786005770-d09a1b9cff49,252.066,695.361
data-analyst-1786005704-8659d119db1f,252.113,302.223
data-analyst-1786005770-d5d93ad48d34,252.117,670.911
reviewer-1786005770-fbc32a4fef87,252.142,655.688
wide-researcher-1786005770-cd339e61209f,252.218,649.927
deep-researcher-1786005770-031e7dfee0ef,252.256,446.163
data-analyst-1786005770-e191e6568558,252.355,686.444
reviewer-1786005770-575e6264ce97,252.383,671.855
wide-researcher-1786005770-8eb874f0ce55,252.457,678.941
deep-researcher-1786005770-dea1d66c104b,252.519,478.919
data-analyst-1786005770-8c25a08aaec6,252.572,698.358
reviewer-1786005770-347b8fece8b2,252.617,680.918
wide-researcher-1786005770-0c28dac96497,252.682,690.950
deep-researcher-1786005770-87de1d9f9c9b,252.712,475.851
data-analyst-1786005771-b0a57c9f2ef0,252.783,678.799
reviewer-1786005771-2389823a775a,252.850,665.086
wide-researcher-1786005771-fd2b5cbf7e96,252.978,443.068
data-analyst-1786005681-cf67e6a10889,253.007,315.046
data-analyst-1786005662-e87a16741dbe,253.021,333.618
deep-researcher-1786005771-aedfdefeb0a5,253.050,652.670
data-analyst-1786005771-e8009ba51875,253.090,659.591
reviewer-1786005771-d4867839410f,253.133,672.392
wide-researcher-1786005771-d705244e6927,253.224,641.063
deep-researcher-1786005771-42fc1df63ee1,253.260,471.246
data-analyst-1786005771-1d57711f97a6,253.392,442.809
reviewer-1786005771-52cf3f6f4ba7,253.463,691.129
wide-researcher-1786005771-40873429e366,253.583,674.023
deep-researcher-1786005771-6788af14860f,253.622,487.932
data-analyst-1786005771-cbc41314be29,253.656,549.164
reviewer-1786005771-fb49a9554195,253.697,558.946
data-analyst-1786005700-467d86e15b22,253.783,253.783
wide-researcher-1786005772-03e8196c0e0d,253.784,453.456
deep-researcher-1786005772-f52ec6b06e19,253.837,683.487
data-analyst-1786005772-b2152a71495f,253.898,656.487
reviewer-1786005772-343301a4b343,253.947,580.402
wide-researcher-1786005772-5ea649acf13e,254.027,436.730
deep-researcher-1786005772-094e81d4371e,254.069,462.107
data-analyst-1786005772-3f7bf86233a7,254.126,658.304
reviewer-1786005772-4a4aec41ce04,254.199,672.589
data-analyst-1786005684-9d2c54628073,254.229,254.229
wide-researcher-1786005772-36908b62c876,254.283,562.145
deep-researcher-1786005772-7d70d1ed61a4,254.340,683.791
data-analyst-1786005772-0feb066af3ce,254.361,684.685
reviewer-1786005772-386af35c34bc,254.500,651.727
wide-researcher-1786005772-ad477b72adad,254.591,688.331
data-analyst-1786005708-03c363854dab,254.621,254.621
deep-researcher-1786005772-b6acc8b4d087,254.629,551.085
data-analyst-1786005772-66359ac948bf,254.663,695.724
reviewer-1786005772-a2d932a276ce,254.732,665.256
wide-researcher-1786005773-3e0352824af5,254.895,437.405
deep-researcher-1786005773-67e4bbfa1d2f,254.968,573.579
data-analyst-1786005773-f548fc61b1d8,254.986,704.353
reviewer-1786005773-5aeaf1ec77af,255.064,673.296
wide-researcher-1786005773-67d6c40aa4f1,255.137,678.456
deep-researcher-1786005773-cf167544091d,255.156,680.174
data-analyst-1786005773-1fc431ed442c,255.174,696.344
reviewer-1786005773-c0039db54135,255.204,649.800
data-analyst-1786005680-82e0d990b800,255.247,316.717
data-analyst-1786005700-44d28c4a46c6,255.275,255.275
wide-researcher-1786005773-f624d1ce8d51,255.292,539.191
deep-researcher-1786005773-14651ea3dd28,255.311,539.552
data-analyst-1786005773-d84abfd6723f,255.339,557.500
data-analyst-1786005712-61ec2b57b3e8,255.340,317.445
data-analyst-1786005712-54cddc8419fd,255.357,315.539
data-analyst-1786005712-000e661cde1f,255.370,315.843
reviewer-1786005773-15c48cb3b7d1,255.374,677.710
wide-researcher-1786005773-be479e64eb6f,255.414,642.705
data-analyst-1786005676-5704dd22fb5a,255.424,255.426
deep-researcher-1786005773-ad6fc37eabd9,255.452,466.094
data-analyst-1786005773-776eff1e25b1,255.471,689.004
reviewer-1786005773-a9c4c82b0986,255.518,702.422
data-analyst-1786005700-fb540237fac7,255.551,255.552
wide-researcher-1786005773-91b4b7ca1734,255.582,537.851
deep-researcher-1786005773-89bf355e3fd1,255.639,565.813
data-analyst-1786005651-c4aa3a85e015,255.673,255.673
data-analyst-1786005773-f5c7f249f84e,255.724,632.633
reviewer-1786005773-29e2d9059909,255.798,690.334
data-analyst-1786005707-38b3ec04fa60,255.830,255.830
wide-researcher-1786005774-e9d836df6bb8,255.861,540.789
data-analyst-1786005697-56c607ae5440,255.944,255.944
deep-researcher-1786005774-a5aa2dea0755,256.024,426.062
data-analyst-1786005692-d73b28854e49,256.025,256.030
data-analyst-1786005774-b3bc10b64af9,256.071,649.834
reviewer-1786005774-9bf1d49d9d8b,256.102,676.775
wide-researcher-1786005774-373f4fe6b4b6,256.151,609.472
deep-researcher-1786005774-5fc2b270b006,256.258,424.774
data-analyst-1786005710-efeaa55e0868,256.304,307.553
data-analyst-1786005774-4c7307a3f883,256.396,553.085
reviewer-1786005774-8eb3aa4bf5af,256.474,704.746
wide-researcher-1786005774-46d7233a7d3e,256.504,564.715
deep-researcher-1786005774-a89af4374e0c,256.570,542.736
data-analyst-1786005774-98fedaaa7546,256.590,615.921
reviewer-1786005774-96190b096d87,256.616,670.537
data-analyst-1786005708-61689159231a,256.657,314.899
wide-researcher-1786005774-ce1a15f3e925,256.657,441.497
data-analyst-1786005700-8386fd635a65,256.682,256.682
deep-researcher-1786005775-0be1eed973ec,256.694,677.033
data-analyst-1786005712-dd1d55ee02fa,256.713,330.435
data-analyst-1786005775-7050a20fbf8f,256.721,659.042
data-analyst-1786005712-024c2d4e5b96,256.730,314.362
reviewer-1786005775-69da39c9a852,256.805,582.753
wide-researcher-1786005775-54cf850db0f4,256.886,688.100
deep-researcher-1786005775-68235dbd9d29,256.924,672.902
data-analyst-1786005775-3e07312b85e7,256.963,674.042
reviewer-1786005775-4886d822f435,256.992,674.512
data-analyst-1786005688-b1e0837babf6,257.009,257.010
data-analyst-1786005692-fceb0e94090b,257.024,257.024
wide-researcher-1786005775-55afd4e33463,257.036,419.755
deep-researcher-1786005775-36b83e83e439,257.092,430.361
data-analyst-1786005695-712193c24dc8,257.096,257.099
data-analyst-1786005775-066b84f45a2e,257.146,694.812
reviewer-1786005775-e3fae0cba4d9,257.235,703.477
wide-researcher-1786005775-71fc64c040d7,257.307,444.845
deep-researcher-1786005775-96e719c3fcd1,257.367,691.111
data-analyst-1786005775-8093b3ab8470,257.397,671.022
reviewer-1786005775-1dd692064e26,257.503,705.749
wide-researcher-1786005775-55487f0a1e7a,257.585,539.318
deep-researcher-1786005775-c611fbd0095a,257.612,696.600
data-analyst-1786005775-1422101ced55,257.732,562.208
reviewer-1786005775-cfb07637bb3c,257.801,673.677
data-analyst-1786005712-b58a6317014e,257.844,304.669
wide-researcher-1786005776-f62cf78cb7b3,257.853,573.193
deep-researcher-1786005776-c3aeabf31613,257.883,684.097
data-analyst-1786005776-c964f63e08aa,257.921,668.228
reviewer-1786005776-f044fb7013a0,257.969,672.477
data-analyst-1786005683-5159397192c0,257.970,308.258
data-analyst-1786005683-8526cdc53d2d,257.987,308.768
data-analyst-1786005653-45ec94977f5b,258.000,312.159
wide-researcher-1786005776-82f035297377,258.020,672.312
deep-researcher-1786005776-7342f3d09159,258.078,648.536
data-analyst-1786005776-f4bb480486c7,258.108,691.293
reviewer-1786005776-2326569954ea,258.136,665.431
wide-researcher-1786005776-bf71f73bcd53,258.178,679.986
deep-researcher-1786005776-530d21fd957d,258.195,430.869
data-analyst-1786005776-db7bf5347067,258.213,553.777
reviewer-1786005776-d54445760f3d,258.293,699.536
wide-researcher-1786005776-c762744e5dd8,258.363,419.170
data-analyst-1786005695-2e6d07b80c66,258.373,258.374
deep-researcher-1786005776-0e1345617046,258.400,695.059
data-analyst-1786005776-dd56a5f9870c,258.477,694.997
data-analyst-1786005700-ed344a4e6b42,258.500,258.500
reviewer-1786005776-73deb3fd1601,258.508,696.660
data-analyst-1786005653-e8bbf95db1f1,258.517,258.517
wide-researcher-1786005776-c5fa8666533e,258.549,549.192
deep-researcher-1786005776-5528d49b6909,258.608,418.032
data-analyst-1786005776-87bd211027f8,258.649,540.167
data-analyst-1786005649-29e45e6d10d9,258.719,258.719
reviewer-1786005776-3e3c831f119f,258.740,593.434
data-analyst-1786005704-91947bafa4b0,258.777,258.777
wide-researcher-1786005777-2dd1ef6a8787,258.821,440.739
deep-researcher-1786005777-f96edf6ce2ef,258.876,477.785
data-analyst-1786005777-8e3703aa135e,258.893,689.037
data-analyst-1786005709-5ec1a3efd9a9,258.957,258.958
reviewer-1786005777-ba3ff0df4832,259.026,662.942
wide-researcher-1786005777-572d3c3de5e0,259.091,672.667
deep-researcher-1786005777-820116664452,259.119,659.937
data-analyst-1786005777-f1c788e72488,259.137,543.276
data-analyst-1786005709-ad64efb42137,259.205,259.205
reviewer-1786005777-957b1eef75f1,259.249,658.524
data-analyst-1786005707-214ce49eb95b,259.278,304.406
data-analyst-1786005699-9bcddc93b968,259.418,323.227
wide-researcher-1786005777-7eab398cfd72,259.427,434.819
deep-researcher-1786005777-23470fee81d4,259.496,555.705
data-analyst-1786005777-aa45313a21f5,259.533,426.695
reviewer-1786005777-52cf9f460e2f,259.588,616.789
wide-researcher-1786005777-ff11fe81221a,259.659,517.490
deep-researcher-1786005777-989095703880,259.698,560.519
data-analyst-1786005777-9c9d7a1077ac,259.716,687.474
data-analyst-1786005709-6bdeaa5305bf,259.774,259.774
reviewer-1786005778-c0ce33ff5e08,259.797,678.221
wide-researcher-1786005778-5098f7f3e7ea,259.828,689.654
deep-researcher-1786005778-d4800a600219,259.917,658.876
data-analyst-1786005704-813acc86759c,259.948,259.949
data-analyst-1786005698-448d221e7e7c,259.977,259.978
data-analyst-1786005778-977af402d6e4,259.995,644.838
reviewer-1786005778-2d4bfa1bdebb,260.027,595.666
wide-researcher-1786005778-4973345cdc8f,260.068,499.277
deep-researcher-1786005778-7c5261254523,260.167,684.129
data-analyst-1786005778-31c030eb20fd,260.225,673.263
reviewer-1786005778-e5e2b6cea635,260.268,582.631
wide-researcher-1786005778-96840785f720,260.331,546.773
data-analyst-1786005708-b68cc2b8018a,260.377,311.021
deep-researcher-1786005778-393fe9051942,260.547,665.313
data-analyst-1786005778-0d00c82dfc29,260.592,637.754
reviewer-1786005778-a122731b29bf,260.641,642.152
wide-researcher-1786005778-a5460bfe7556,260.814,693.331
deep-researcher-1786005779-3f14fe61a220,260.949,514.259
data-analyst-1786005779-c6e19294afef,261.040,646.381
reviewer-1786005779-0cbec7d51556,261.100,695.483
data-analyst-1786005660-1b159845169c,261.114,312.047
wide-researcher-1786005779-24e4b24436ff,261.162,661.231
deep-researcher-1786005779-cde74a036b6d,261.201,651.559
data-analyst-1786005779-6b39f249fa6b,261.219,690.829
reviewer-1786005779-84b96710a914,261.320,691.721
wide-researcher-1786005779-700d8177bd4d,261.392,638.144
deep-researcher-1786005779-b5cf54ffba67,261.418,571.660
data-analyst-1786005779-bd50b3d378bb,261.502,695.882
data-analyst-1786005692-c85087cd7a73,261.530,261.530
data-analyst-1786005687-d9c2c6bfb00e,261.543,261.543
reviewer-1786005779-8944dc928907,261.543,687.975
wide-researcher-1786005779-e8b83673aea1,261.608,492.107
deep-researcher-1786005779-33d8709c81ef,261.630,444.792
data-analyst-1786005709-823b022eac43,261.641,301.193
data-analyst-1786005779-2d225599ea2c,261.675,698.648
data-analyst-1786005714-1beaabde60c8,261.712,322.627
data-analyst-1786005710-0c4ecc6ccc97,261.746,261.747
reviewer-1786005780-e571b00a854b,261.771,693.349
wide-researcher-1786005780-0984f7c3cd43,261.804,587.504
data-analyst-1786005699-de84a252fae5,262.027,262.027
deep-researcher-1786005780-6103a8940052,262.055,691.573
data-analyst-1786005780-34760d6c1f63,262.113,554.221
reviewer-1786005780-cdc114a83f89,262.250,647.182
data-analyst-1786005709-d272c4967aef,262.320,262.321
wide-researcher-1786005780-bc56e69db3fa,262.325,435.712
deep-researcher-1786005780-406723421733,262.415,440.709
data-analyst-1786005780-45dd641047af,262.450,600.634
reviewer-1786005780-f0e91588d4c8,262.507,659.105
data-analyst-1786005698-1fed82997522,262.556,323.953
wide-researcher-1786005780-3d47b2e4beb5,262.607,469.968
data-analyst-1786005714-9e97faa1cce5,262.634,304.814
data-analyst-1786005714-1c532d99bad7,262.647,327.488
data-analyst-1786005714-a54a1e1f5f24,262.661,309.251
deep-researcher-1786005780-c668af2c9705,262.669,638.771
data-analyst-1786005714-024217bc8a93,262.674,319.058
data-analyst-1786005780-b934767f8f45,262.714,698.374
reviewer-1786005780-2ec8b7d9302a,262.736,689.119
wide-researcher-1786005781-e3ad0b2625f7,262.829,548.924
deep-researcher-1786005781-e97b0a3a2c47,262.847,425.033
data-analyst-1786005781-1bbe633e11ee,262.895,704.307
reviewer-1786005781-d848530c06ab,262.933,681.512
data-analyst-1786005714-30856bdec543,263.001,303.749
wide-researcher-1786005781-4ecf11cb9b3f,263.009,549.794
data-analyst-1786005692-475d464c82f3,263.038,263.039
deep-researcher-1786005781-f68a4b37ec33,263.063,659.203
data-analyst-1786005781-9364d357e4dd,263.080,563.409
reviewer-1786005781-dedb6792edbf,263.135,556.598
wide-researcher-1786005781-a0dd96c7903d,263.179,422.645
data-analyst-1786005689-66b8df18d481,263.204,263.204
data-analyst-1786005687-5256c874b858,263.218,263.218
deep-researcher-1786005781-84f4d4a11e04,263.280,549.371
data-analyst-1786005781-4e10b5c41182,263.299,688.796
reviewer-1786005781-33ff58b76843,263.318,703.137
wide-researcher-1786005781-9873b45f76cf,263.360,653.505
deep-researcher-1786005781-158a0ad256f7,263.429,436.777
data-analyst-1786005781-92b96a861d9c,263.566,563.744
reviewer-1786005781-a86a88b6e027,263.605,670.331
wide-researcher-1786005781-9fc8a6f5ab09,263.683,640.006
deep-researcher-1786005781-c33fb7b0132f,263.761,560.563
data-analyst-1786005782-956ac748b24f,263.783,675.486
reviewer-1786005782-d68a322bd8fa,263.847,692.559
wide-researcher-1786005782-3ccc5ac954fc,263.930,444.497
deep-researcher-1786005782-385b92c2640f,263.994,423.888
data-analyst-1786005782-182e20fa2787,264.121,688.748
reviewer-1786005782-54f5821b969a,264.181,670.209
data-analyst-1786005677-1e35f0b59c0b,264.195,322.126
wide-researcher-1786005782-917ebfbfc7f6,264.222,644.346
deep-researcher-1786005782-fffcc989de7e,264.239,703.089
data-analyst-1786005782-f42b1c091275,264.259,690.429
reviewer-1786005782-c1cdb9039c33,264.332,703.422
data-analyst-1786005706-78ca969f9749,264.333,264.336
data-analyst-1786005706-cd3cf458a466,264.349,264.349
wide-researcher-1786005782-75f9705b5e35,264.440,422.856
deep-researcher-1786005782-e3f9c3e60938,264.462,495.695
data-analyst-1786005782-c0e5383181ad,264.516,639.500
reviewer-1786005782-db899e1527d3,264.559,660.155
wide-researcher-1786005782-71869687b990,264.591,553.905
deep-researcher-1786005782-b4985811c32f,264.652,544.025
data-analyst-1786005782-d5414615968b,264.692,682.937
reviewer-1786005783-e36be1528171,264.787,694.714
wide-researcher-1786005783-f64977dfc152,264.834,648.488
deep-researcher-1786005783-d1693753e54f,264.908,552.224
data-analyst-1786005783-29f264d08b94,265.055,658.424
data-analyst-1786005703-a6fe955731ea,265.161,265.161
reviewer-1786005783-31b958b180f7,265.199,667.702
wide-researcher-1786005783-cac748d45bbc,265.287,657.052
deep-researcher-1786005783-8bd3f0d0cdff,265.332,435.510
data-analyst-1786005783-7e1db0f4b566,265.364,697.435
reviewer-1786005783-b20febec06c2,265.382,702.001
wide-researcher-1786005783-dd1b4bb07519,265.453,548.170
deep-researcher-1786005783-8242677c2fbd,265.509,467.437
data-analyst-1786005783-149c3e8fa91c,265.538,559.620
reviewer-1786005783-98aa8058fc53,265.635,694.295
data-analyst-1786005687-19b47a702157,265.667,265.668
wide-researcher-1786005783-4d20bf25aa6e,265.699,582.691
deep-researcher-1786005783-66f9ce5f4024,265.737,573.905
data-analyst-1786005784-ab947d56be25,265.766,676.461
reviewer-1786005784-230821c3cd00,265.839,678.473
wide-researcher-1786005784-ab1a773ae629,265.875,690.544
deep-researcher-1786005784-f8149d042582,265.953,469.198
data-analyst-1786005784-f0dccf69b6ee,265.972,543.932
reviewer-1786005784-2de462ace0f8,266.029,683.218
wide-researcher-1786005784-0b196aa559f6,266.070,562.056
deep-researcher-1786005784-e7b2da86b4d1,266.089,673.053
data-analyst-1786005784-2ae786da65a0,266.108,698.979
reviewer-1786005784-91fb3ea1df5e,266.160,691.517
data-analyst-1786005700-523d649232d4,266.285,301.239
wide-researcher-1786005784-31430cf25bfa,266.308,479.961
deep-researcher-1786005784-11fead0cc8ec,266.338,700.370
data-analyst-1786005784-e0faf7692d33,266.385,704.368
reviewer-1786005784-e95ac1487989,266.427,579.588
data-analyst-1786005698-c9a52ce28b5b,266.472,266.473
wide-researcher-1786005784-23f411b93237,266.575,669.399
deep-researcher-1786005784-7d4fc63c2714,266.725,546.528
data-analyst-1786005784-6f7be4649663,266.801,674.836
reviewer-1786005784-d7b01749ca29,266.847,679.121
wide-researcher-1786005785-ab46c3933fa1,267.006,443.526
deep-researcher-1786005785-f18ff3f86291,267.202,697.539
data-analyst-1786005785-940613b778cb,267.280,649.430
reviewer-1786005785-113c809630c3,267.346,686.123
wide-researcher-1786005785-441b45dcd959,267.380,563.017
deep-researcher-1786005785-95842dc65b34,267.434,438.316
data-analyst-1786005785-a635ec4b55fe,267.464,654.862
reviewer-1786005785-2ff233014f56,267.546,701.868
wide-researcher-1786005785-87eb7daed186,267.592,693.472
deep-researcher-1786005785-3b377dfc522b,267.625,507.523
data-analyst-1786005785-999eba62c99c,267.666,694.504
reviewer-1786005786-2dd65ed42611,267.685,694.246
wide-researcher-1786005786-b1d6cca7a6cc,267.781,473.602
deep-researcher-1786005786-4cd794d2e2db,267.822,546.803
data-analyst-1786005786-395361ef2bc2,267.862,689.524
reviewer-1786005786-3e5147453587,267.890,677.691
wide-researcher-1786005786-9a0d4d94d5a5,268.087,435.151
data-analyst-1786005656-8d497c7db2d5,268.218,303.347
deep-researcher-1786005786-11eee27af093,268.222,671.557
data-analyst-1786005656-7be9aa32917a,268.236,321.939
data-analyst-1786005680-198948248317,268.249,315.781
data-analyst-1786005683-53e3a86dc070,268.263,301.482
data-analyst-1786005786-c83fbc5aaa94,268.311,449.904
reviewer-1786005786-c3dc038a6fa7,268.349,690.266
data-analyst-1786005716-90d938f7cb3d,268.525,314.232
wide-researcher-1786005786-03aaf2abbcd9,268.656,447.844
deep-researcher-1786005786-969e790a3197,268.708,439.887
data-analyst-1786005786-77851d76d5cc,268.762,656.165
reviewer-1786005786-de6b8593c754,268.791,638.388
wide-researcher-1786005787-ec34bc57dbc1,268.861,553.544
deep-researcher-1786005787-86dd4261a77a,268.880,440.052
data-analyst-1786005787-85fbc6bd5822,268.899,558.725
reviewer-1786005787-ec787732b3a3,268.947,690.848
wide-researcher-1786005787-2afbeb842175,268.992,539.303
deep-researcher-1786005787-6a00880d3c2d,269.059,554.656
data-analyst-1786005787-9bb39e03fe05,269.110,646.681
reviewer-1786005787-1a33ae1c2811,269.137,681.585
wide-researcher-1786005787-124628907ed8,269.181,688.764
deep-researcher-1786005787-b21833cc42ac,269.283,654.123
data-analyst-1786005716-572ba2d1be4d,269.305,302.802
data-analyst-1786005716-97b24c8ac5c2,269.317,301.350
data-analyst-1786005787-12466288303e,269.330,692.527
reviewer-1786005787-f989b88f921a,269.357,700.901
wide-researcher-1786005787-f62ed63d2cd0,269.597,670.620
deep-researcher-1786005787-54ad90a567be,269.695,457.781
data-analyst-1786005787-f2a2071b25ba,269.725,530.900
reviewer-1786005787-1c94a3f31136,269.796,686.899
wide-researcher-1786005788-34e37e87ebaf,269.880,646.890
deep-researcher-1786005788-9002f111bc7f,269.930,680.099
data-analyst-1786005788-b6b465e96a88,270.036,691.198
data-analyst-1786005687-efca7c509eff,270.098,270.099
data-analyst-1786005709-12fdfe409fd5,270.166,302.280
reviewer-1786005788-9dcf2319a712,270.226,656.030
wide-researcher-1786005788-09995e9c083f,270.309,539.146
data-analyst-1786005707-48be6107ebb4,270.336,314.682
data-analyst-1786005714-f6a785ea6fca,270.355,313.996
deep-researcher-1786005788-e1cec800fba1,270.364,681.756
data-analyst-1786005788-81e856cb8b4a,270.387,699.018
reviewer-1786005788-8b23dd4a42db,270.407,702.082
wide-researcher-1786005788-1ee27f205ddc,270.457,605.210
deep-researcher-1786005788-1d7d30a26b96,270.474,429.370
data-analyst-1786005788-21c56225f9d2,270.548,657.069
reviewer-1786005788-5d42333e9cd8,270.587,691.802
wide-researcher-1786005788-0025df94da45,270.635,659.612
deep-researcher-1786005788-d4f3af5aca73,270.670,612.549
data-analyst-1786005789-92b43c2fe97b,270.701,593.867
reviewer-1786005789-712682e5a3d2,270.872,688.583
wide-researcher-1786005789-ccc45d3f214b,270.930,645.934
deep-researcher-1786005789-a81f612056f8,270.982,444.656
data-analyst-1786005789-18c7360e8de0,271.119,699.787
reviewer-1786005789-8d26c9c70889,271.205,685.756
data-analyst-1786005687-d95eac01e9ea,271.218,302.608
data-analyst-1786005687-ad4d76a18f4d,271.231,317.865
data-analyst-1786005675-1987e5aeee91,271.243,315.566
wide-researcher-1786005789-1733bc42475f,271.321,440.228
deep-researcher-1786005789-19074af91546,271.399,674.784
data-analyst-1786005789-d1a401fa9468,271.428,690.089
reviewer-1786005789-8c7dc4ba047e,271.448,670.191
wide-researcher-1786005789-d273660c2a34,271.527,552.566
deep-researcher-1786005789-73edaad2aaa0,271.681,439.964
data-analyst-1786005789-503766277c5e,271.726,683.985
reviewer-1786005789-64d6ce8cf8cf,271.746,670.642
wide-researcher-1786005789-8dc09b3167c3,271.817,437.480
deep-researcher-1786005790-ac5512a1fd4f,271.876,614.308
data-analyst-1786005790-f84093404512,271.894,682.139
reviewer-1786005790-59c133117ab0,271.912,605.799
data-analyst-1786005706-ea0db03ef1e0,271.952,271.952
wide-researcher-1786005790-75d14942d4e9,271.977,686.759
data-analyst-1786005707-e422547697f9,272.009,272.009
deep-researcher-1786005790-ab28b1bbd614,272.017,692.463
data-analyst-1786005790-2ce74d1f4aec,272.053,545.042
reviewer-1786005790-810cb3c33243,272.084,698.721
wide-researcher-1786005790-28a6c4cf9a58,272.120,446.481
deep-researcher-1786005790-d932975ea28f,272.161,509.722
data-analyst-1786005790-af46483d9b88,272.179,688.641
reviewer-1786005790-523bdbaa8c09,272.215,697.806
data-analyst-1786005710-a29313df0f3c,272.240,301.147
data-analyst-1786005709-911ac0b0618b,272.258,342.798
wide-researcher-1786005790-f47162d81afd,272.302,514.274
deep-researcher-1786005790-5cc1762044f7,272.359,435.266
data-analyst-1786005790-f4e9180a34b2,272.386,589.302
reviewer-1786005790-2acca72486da,272.404,697.625
wide-researcher-1786005790-4bfe62f20ac9,272.445,686.145
data-analyst-1786005709-1ddb0c53ea4e,272.459,320.245
deep-researcher-1786005790-76ad052b035d,272.493,421.092
data-analyst-1786005717-77852953ba07,272.582,316.071
data-analyst-1786005790-a2acadc21435,272.625,671.715
reviewer-1786005790-a3b876b30a5d,272.675,592.285
wide-researcher-1786005790-280d6f5917e3,272.718,441.915
deep-researcher-1786005790-e06db0dc026f,272.736,434.035
data-analyst-1786005791-db7aeb4faa74,272.839,555.213
reviewer-1786005791-8a67d4f8ddac,272.882,704.004
data-analyst-1786005695-e67b249da123,272.909,272.909
wide-researcher-1786005791-c7681c1080e0,272.922,539.116
data-analyst-1786005653-019deab3183a,272.943,272.943
data-analyst-1786005709-fe88995c2f42,272.957,272.957
deep-researcher-1786005791-f75ecb460f52,272.961,578.039
data-analyst-1786005791-fc98328b543f,272.979,648.393
reviewer-1786005791-6a9685a98542,273.042,589.115
data-analyst-1786005714-a91db4c46175,273.097,302.924
wide-researcher-1786005791-97b1721b8f1e,273.184,441.433
deep-researcher-1786005791-399bded1b502,273.231,659.089
data-analyst-1786005707-efdf3f660c02,273.235,273.236
data-analyst-1786005791-bba27eb5156c,273.249,679.826
reviewer-1786005791-576ff947a1a0,273.269,700.983
wide-researcher-1786005791-00d43c9730d5,273.332,442.439
deep-researcher-1786005791-accc59880e9e,273.384,432.689
data-analyst-1786005791-f8155605d07b,273.406,700.391
reviewer-1786005791-b5218edecaae,273.424,706.447
wide-researcher-1786005791-07cc918d2702,273.455,442.654
deep-researcher-1786005791-6c1e1553763f,273.495,695.138
data-analyst-1786005717-005f21a8324a,273.496,302.468
data-analyst-1786005717-f5efc6ac07d0,273.514,315.637
data-analyst-1786005791-9731b8a7a796,273.531,687.736
reviewer-1786005791-2b7a32f6170e,273.572,622.650
wide-researcher-1786005791-0aa6c735a8ff,273.662,675.179
deep-researcher-1786005791-9eeb5337999f,273.683,434.733
data-analyst-1786005710-1301d0b7ca0b,273.705,273.706
data-analyst-1786005708-35dd0a0f404b,273.719,273.720
data-analyst-1786005791-535dd6d6ca86,273.731,562.161
data-analyst-1786005697-7ce4fcafc63b,273.737,273.738
data-analyst-1786005700-4bdf56292f6a,273.750,273.751
reviewer-1786005792-3325589e81a3,273.817,693.105
wide-researcher-1786005792-31aa504e1cd8,273.896,554.382
deep-researcher-1786005792-dcafd858ce33,273.914,555.994
data-analyst-1786005792-1f1229f3cf72,273.952,681.164
reviewer-1786005792-0ce1bd314838,274.003,701.112
wide-researcher-1786005792-c74f00f61f04,274.189,463.512
deep-researcher-1786005792-94b1f0515a58,274.241,545.688
data-analyst-1786005792-35e8a81a3126,274.325,679.183
reviewer-1786005792-7853804f1cb9,274.354,661.636
wide-researcher-1786005792-d62cda6ded53,274.410,674.327
deep-researcher-1786005792-d18a122b9f57,274.458,673.182
data-analyst-1786005792-803618f3b3cd,274.480,662.644
reviewer-1786005792-0cd5296e7af1,274.562,697.702
wide-researcher-1786005792-1dbc0fcbe673,274.657,554.643
deep-researcher-1786005792-4a9d336557b9,274.751,704.384
data-analyst-1786005658-c64dc2598760,274.776,433.890
data-analyst-1786005792-cd76a53f3dde,274.784,653.183
data-analyst-1786005666-4767c119cc13,274.808,319.089
reviewer-1786005793-d5d65751cd3e,274.839,670.003
wide-researcher-1786005793-025f3f399d24,274.884,675.974
deep-researcher-1786005793-05a57ce9bbec,274.903,491.803
data-analyst-1786005793-8aa21b0a6f76,274.936,655.554
reviewer-1786005793-3b65be1b0c5b,274.954,676.827
wide-researcher-1786005793-cf884f69d070,275.000,548.879
deep-researcher-1786005793-965551c24332,275.040,484.725
data-analyst-1786005793-543fc9374482,275.071,691.368
reviewer-1786005793-e706c5f595d4,275.090,689.968
wide-researcher-1786005793-c2dbb334c239,275.131,559.713
deep-researcher-1786005793-8936e64e8260,275.183,562.986
data-analyst-1786005793-b779db2be065,275.202,658.924
reviewer-1786005793-49cadeab4852,275.243,708.198
data-analyst-1786005690-ebad0da7181b,275.293,275.294
wide-researcher-1786005793-80f5b00f5878,275.325,450.648
deep-researcher-1786005793-18ea34e352ef,275.372,436.252
data-analyst-1786005793-b348b4a1509b,275.390,687.251
reviewer-1786005793-65807b76b9ea,275.417,697.033
wide-researcher-1786005793-b362f855ad84,275.504,479.587
deep-researcher-1786005793-5987c1050ab8,275.736,544.950
data-analyst-1786005793-1948cef3f7b9,275.867,696.641
reviewer-1786005793-1ccdefa7169e,275.912,659.357
wide-researcher-1786005793-4381d4db7be4,275.972,487.154
deep-researcher-1786005794-82381cb3a037,275.990,432.177
data-analyst-1786005794-f43181c0f544,276.011,557.918
data-analyst-1786005718-1ca90c87b2e0,276.051,352.197
data-analyst-1786005718-eab1af30e809,276.064,314.250
reviewer-1786005794-5340eede9ae1,276.072,663.848
data-analyst-1786005718-023ff12c4136,276.080,303.610
data-analyst-1786005693-2d1acff43f1f,276.113,276.114
data-analyst-1786005718-f309378abc87,276.184,303.206
data-analyst-1786005718-9168568805bd,276.198,304.940
wide-researcher-1786005794-d66d1ee44259,276.284,563.639
deep-researcher-1786005794-f10880d63bcf,276.342,679.908
data-analyst-1786005794-523e9842a897,276.390,692.622
reviewer-1786005794-c0484f39cfe9,276.438,643.671
wide-researcher-1786005794-125ee29836bc,276.473,510.368
deep-researcher-1786005794-dbd302f49f14,276.516,667.418
data-analyst-1786005794-2949dfca6999,276.543,679.268
reviewer-1786005794-2baa08cfd15f,276.562,572.831
wide-researcher-1786005794-2d12f320a877,276.612,694.748
deep-researcher-1786005794-ef60858d7061,276.641,428.892
data-analyst-1786005795-a2d807de43e1,276.720,683.887
reviewer-1786005795-7e1f39d953ef,276.750,686.662
wide-researcher-1786005795-848d786e468b,276.842,665.659
deep-researcher-1786005795-21a7ffed9955,276.936,698.919
data-analyst-1786005795-b65bf755227f,276.975,692.020
reviewer-1786005795-223c2b56f80f,277.007,685.064
data-analyst-1786005718-5147fe97b56e,277.044,304.297
data-analyst-1786005718-7b247ebf0f24,277.057,303.123
wide-researcher-1786005795-282b09b1c586,277.201,648.754
deep-researcher-1786005795-c4937953b12d,277.250,702.612
data-analyst-1786005718-da88a06341d3,277.365,315.362
data-analyst-1786005718-c9d81ee9897d,277.378,314.783
data-analyst-1786005795-eb23af91238b,277.382,696.169
data-analyst-1786005718-1ca7e4313dec,277.395,368.623
reviewer-1786005795-341c298e8265,277.440,702.286
wide-researcher-1786005795-c1f56d9e0a93,277.514,437.598
deep-researcher-1786005795-d5cab7ee38e5,277.578,696.413
data-analyst-1786005651-ce25125d7947,277.665,301.178
data-analyst-1786005695-87ce9a0e86d0,277.683,277.683
data-analyst-1786005795-dfd5a68b3a13,277.746,481.754
reviewer-1786005795-5588b7dc2b4b,277.773,692.174
wide-researcher-1786005795-ab4c6a56047d,277.852,435.808
deep-researcher-1786005796-a108028ea2ae,277.918,418.063
data-analyst-1786005796-b4d9e5ce0ad6,277.945,691.821
data-analyst-1786005716-60a4b046c160,277.955,319.802
reviewer-1786005796-43b491a3d9f5,277.964,705.128
data-analyst-1786005667-a7de2750f5fd,277.977,277.977
wide-researcher-1786005796-ea44988a3de9,278.008,559.698
deep-researcher-1786005796-867ceb5d2b8f,278.061,441.037
data-analyst-1786005796-e0fee62cf831,278.127,695.631
reviewer-1786005796-d1b3c14c8a7e,278.214,650.055
wide-researcher-1786005796-c6279c205c59,278.262,425.932
deep-researcher-1786005796-e9e4dad2ad29,278.361,481.917
data-analyst-1786005796-0aebcbf3b9e0,278.417,609.145
reviewer-1786005796-9156963acb25,278.445,685.820
wide-researcher-1786005796-70486cc34dcc,278.487,583.000
deep-researcher-1786005796-f912a86a4a53,278.516,525.955
data-analyst-1786005796-f91a38c88bdd,278.667,656.556
reviewer-1786005796-2d4e86383374,278.715,704.274
wide-researcher-1786005796-350cf78784dc,278.846,559.921
data-analyst-1786005689-2debfb453cae,278.869,302.144
data-analyst-1786005675-c90345d1b6f5,278.883,324.867
deep-researcher-1786005796-cc75f5be46b7,278.933,470.054
data-analyst-1786005797-4fb62a1d1628,278.960,673.578
reviewer-1786005797-4d3c91a92aa1,279.027,701.904
data-analyst-1786005714-705b061cec9c,279.057,279.057
wide-researcher-1786005797-e0b59e21f6f3,279.092,684.859
data-analyst-1786005712-a06166b108f6,279.116,279.116
data-analyst-1786005708-20b5584ea263,279.184,279.186
deep-researcher-1786005797-83cf28ad7be9,279.227,566.074
data-analyst-1786005797-15cea5427163,279.364,699.661
reviewer-1786005797-9d56117afcf3,279.410,647.464
data-analyst-1786005710-476e40815a5b,279.410,279.414
wide-researcher-1786005797-8b9c88fcfa24,279.441,637.057
deep-researcher-1786005797-00c442f91f88,279.470,655.523
data-analyst-1786005797-afdf7560fc37,279.487,547.212
reviewer-1786005797-b6391c0820e8,279.508,671.038
wide-researcher-1786005797-b09b040d9972,279.551,690.233
deep-researcher-1786005797-d83b651da953,279.584,672.280
data-analyst-1786005797-9a6064614087,279.624,578.926
reviewer-1786005797-23b4aa23ebb6,279.643,687.645
wide-researcher-1786005798-ee5831c45966,279.742,539.761
deep-researcher-1786005798-ee46f9f9c538,279.769,538.271
data-analyst-1786005798-36f624e2652e,279.789,683.444
reviewer-1786005798-3b1dc1f4543d,279.865,654.360
wide-researcher-1786005798-179c423cb724,279.931,431.220
deep-researcher-1786005798-cf7a54f55ee1,279.976,540.291
data-analyst-1786005703-0678cbdaddfc,280.022,280.023
data-analyst-1786005798-ec0d4065d310,280.027,682.567
data-analyst-1786005716-a4b57bfa0a4f,280.117,306.574
data-analyst-1786005712-5e4f2a980e20,280.134,319.421
reviewer-1786005798-b606061777d7,280.241,688.195
wide-researcher-1786005798-ef7b308839bc,280.399,653.958
deep-researcher-1786005798-2e8deda9b8e7,280.466,642.540
data-analyst-1786005798-236d3a2b6a28,280.485,680.078
data-analyst-1786005714-a2122de7e1fc,280.510,428.041
reviewer-1786005798-f73a11313b5c,280.546,667.878
wide-researcher-1786005798-32574d667489,280.608,552.826
deep-researcher-1786005798-9e8e7b084ead,280.765,555.475
data-analyst-1786005798-b06286c0bcba,280.793,697.452
data-analyst-1786005709-e67170413b69,280.868,280.868
data-analyst-1786005714-60c97237e16a,280.882,280.883
reviewer-1786005799-bcf90db5a396,280.923,683.702
data-analyst-1786005673-e91af9fb5130,280.949,304.249
wide-researcher-1786005799-001407b5457f,280.958,587.361
deep-researcher-1786005799-ccef13465fc4,280.997,642.320
data-analyst-1786005799-f3fd53baeef5,281.021,704.257
data-analyst-1786005709-d2ee5757ccab,281.035,305.292
reviewer-1786005799-d5816a74fd24,281.039,675.877
data-analyst-1786005673-d315ed991421,281.057,281.057
wide-researcher-1786005799-859eb124ac3d,281.098,555.199
deep-researcher-1786005799-3fd15304bbda,281.126,701.716
data-analyst-1786005799-508ec87be373,281.148,621.641
data-analyst-1786005719-5246be622c30,281.178,324.324
data-analyst-1786005719-4cc0e5f38d13,281.193,318.554
reviewer-1786005799-cff0056e70c4,281.205,656.068
data-analyst-1786005719-65ec351ab83f,281.206,304.064
wide-researcher-1786005799-23f5cb38ce60,281.247,540.103
deep-researcher-1786005799-a0bc4d1d9e96,281.285,552.074
data-analyst-1786005799-f081040c1d17,281.337,682.718
reviewer-1786005799-4b5dc6eac778,281.390,705.605
wide-researcher-1786005799-b46be9d81292,281.447,447.624
deep-researcher-1786005799-6ca9e88c5374,281.477,482.765
data-analyst-1786005714-0e501cd718fb,281.587,281.588
data-analyst-1786005651-f3b3b5431e44,281.601,281.601
data-analyst-1786005799-3d31d5bd16ea,281.684,703.983
reviewer-1786005799-7497862d5989,281.742,696.580
data-analyst-1786005646-652f1b1a15af,281.755,336.745
data-analyst-1786005716-72055ce2a565,281.845,323.897
wide-researcher-1786005799-8173756e60b1,281.858,459.109
deep-researcher-1786005799-7294c0487291,281.951,633.305
data-analyst-1786005800-37e1a8385e8f,281.988,671.099
reviewer-1786005800-964c4028f572,282.005,701.422
wide-researcher-1786005800-760448c4f35b,282.059,565.038
data-analyst-1786005714-078ffc2ab93d,282.109,321.422
deep-researcher-1786005800-e2d4493c270c,282.207,687.152
data-analyst-1786005800-589dede79b28,282.242,659.219
reviewer-1786005800-261a1e4231f7,282.280,695.170
wide-researcher-1786005800-395749456e5d,282.438,670.763
deep-researcher-1786005800-0634a319ab23,282.456,684.748
data-analyst-1786005800-a684260b8dd9,282.473,553.378
reviewer-1786005800-dd3d7c70db4a,282.515,691.900
wide-researcher-1786005800-fb5224b6419f,282.548,538.217
deep-researcher-1786005800-63d262becfab,282.566,562.132
data-analyst-1786005800-8964a47b9c98,282.601,704.639
reviewer-1786005800-cd192c42c092,282.618,694.314
wide-researcher-1786005801-06e705986aeb,282.661,544.537
deep-researcher-1786005801-9d5b0045cbff,282.715,678.741
data-analyst-1786005801-78755ce2134b,282.763,679.204
reviewer-1786005801-f22a115c6d4a,282.791,693.388
wide-researcher-1786005801-16b0a1ebcd30,282.921,681.029
deep-researcher-1786005801-1dc2a71fb940,282.951,568.270
data-analyst-1786005801-8a64d1c301a3,283.060,666.041
data-analyst-1786005656-5b85198adf8a,283.174,352.632
reviewer-1786005801-2b143a0b0fdd,283.196,690.647
wide-researcher-1786005801-44efdbdbfb8d,283.258,555.313
deep-researcher-1786005801-d3f79297841a,283.381,681.530
data-analyst-1786005801-2147cd98adec,283.407,693.909
reviewer-1786005801-0859f1eedc03,283.472,670.706
wide-researcher-1786005801-b0a8264c92bd,283.528,436.975
deep-researcher-1786005801-49ce68c338a3,283.560,701.589
data-analyst-1786005801-0edac265a893,283.578,695.667
reviewer-1786005801-184bdab81993,283.615,703.887
wide-researcher-1786005801-7c54d6a820d9,283.720,669.923
deep-researcher-1786005802-a3c15a8bfc9a,283.750,576.854
data-analyst-1786005802-e9b61f6f1f6c,283.780,651.079
reviewer-1786005802-e2c252373704,283.924,674.202
wide-researcher-1786005802-fd4d219377eb,283.979,678.035
deep-researcher-1786005802-aa7d5df2f0be,284.015,680.337
data-analyst-1786005802-879da689f0f7,284.046,558.227
reviewer-1786005802-05b183084afd,284.063,696.201
wide-researcher-1786005802-11cd3dfc5a32,284.113,562.011
deep-researcher-1786005802-fe802cb275b4,284.146,676.419
data-analyst-1786005802-9bac2be4cca3,284.224,577.851
reviewer-1786005802-80dba84695a0,284.280,566.117
wide-researcher-1786005802-f2d1e70a80f9,284.405,652.428
data-analyst-1786005720-3ffb64cef767,284.423,316.947
deep-researcher-1786005802-dc944c651ae7,284.435,464.769
data-analyst-1786005720-f8aa20c9b959,284.436,306.940
data-analyst-1786005720-17ad16076ca2,284.453,301.332
data-analyst-1786005802-9d14bea775b2,284.504,671.823
data-analyst-1786005701-1dda844a7cd5,284.533,301.222
reviewer-1786005802-dfe51a93b2b8,284.560,673.203
data-analyst-1786005717-e2a54ff89c69,284.627,301.161
wide-researcher-1786005802-261627864cbd,284.705,510.194
deep-researcher-1786005802-ce2c1ba24b1a,284.785,554.890
data-analyst-1786005802-189689174079,284.876,682.776
reviewer-1786005803-0b33b422da93,284.894,702.306
wide-researcher-1786005803-1acf2cb1bac2,284.965,557.623
deep-researcher-1786005803-72980b949cac,284.983,691.650
data-analyst-1786005803-a20d7a68dc9d,285.034,686.681
data-analyst-1786005716-3cc0681a7106,285.070,314.740
reviewer-1786005803-15961ad14736,285.082,682.344
wide-researcher-1786005803-d8b10987094a,285.363,557.080
deep-researcher-1786005803-ea7e0e52e940,285.453,460.869
data-analyst-1786005710-68da506391ba,285.463,285.464
data-analyst-1786005803-189d1c3e81c4,285.481,694.002
reviewer-1786005803-1e816b17b22c,285.499,693.137
wide-researcher-1786005803-16cc7e89c6c3,285.556,693.087
deep-researcher-1786005803-5750d287e8b8,285.579,692.932
data-analyst-1786005803-31cfeaf2dbf5,285.626,684.177
reviewer-1786005803-34b11a80c2e4,285.645,693.122
wide-researcher-1786005804-05dc452c7a72,285.777,540.414
deep-researcher-1786005804-2074b5f30676,285.807,564.324
data-analyst-1786005804-76bdcf501e8b,285.913,646.722
reviewer-1786005804-5d08f68b06dc,285.976,677.812
wide-researcher-1786005804-1e79c1bcba4e,286.019,432.193
deep-researcher-1786005804-c207c678c012,286.069,444.293
data-analyst-1786005804-f48225b63bcf,286.086,589.506
reviewer-1786005804-ef9b3dd6a606,286.227,693.725
wide-researcher-1786005804-e45a532c9473,286.296,556.189
deep-researcher-1786005804-3a7acae0d081,286.358,675.466
data-analyst-1786005804-8fab17ab5dae,286.400,686.802
reviewer-1786005804-3bc04baf7468,286.445,678.066
data-analyst-1786005660-6b9981517ec4,286.499,286.499
wide-researcher-1786005804-f0fa02a498a5,286.513,457.554
deep-researcher-1786005804-cc05ac58f5f8,286.543,428.693
data-analyst-1786005804-7a809e033c45,286.597,692.138
reviewer-1786005804-3e9cee778b84,286.632,660.298
data-analyst-1786005720-4311f2efc061,286.792,308.940
wide-researcher-1786005804-e051f8c15d0e,286.831,541.010
deep-researcher-1786005805-353e0af795a0,286.872,700.492
data-analyst-1786005805-c7c23c817768,286.960,674.579
reviewer-1786005805-b4c9db98e936,287.007,701.173
wide-researcher-1786005805-53b835494002,287.060,558.255
deep-researcher-1786005805-7d355d414310,287.079,439.729
data-analyst-1786005805-bf86599d5dd4,287.101,694.608
reviewer-1786005805-45eeb89ed91d,287.153,679.930
wide-researcher-1786005805-c28256196d82,287.216,653.460
deep-researcher-1786005805-16ddbfadae73,287.248,581.875
data-analyst-1786005805-5c854e11869b,287.285,692.335
reviewer-1786005805-df4b1e80a822,287.317,639.770
wide-researcher-1786005805-ba7eba713601,287.450,562.542
deep-researcher-1786005805-6cc52fd742ec,287.528,550.293
data-analyst-1786005805-b57bd73e6532,287.597,667.301
reviewer-1786005805-8ae3311cf823,287.730,703.347
wide-researcher-1786005805-93b1b94855b2,287.765,657.425
deep-researcher-1786005805-546d63bd5cfe,287.813,556.952
data-analyst-1786005806-5850df082db2,287.973,683.670
reviewer-1786005806-4be40d9ada63,288.005,691.961
data-analyst-1786005708-9185fdaac1a9,288.051,301.208
wide-researcher-1786005806-d586909ba29e,288.064,441.338
deep-researcher-1786005806-01c37e1f5487,288.141,424.711
data-analyst-1786005682-922af0cd7197,288.321,288.322
data-analyst-1786005704-555ad93e4c06,288.334,288.334
data-analyst-1786005709-62dd68bc9685,288.457,288.458
data-analyst-1786005806-003d0f73b373,288.467,693.774
reviewer-1786005806-586cdf105949,288.516,579.709
wide-researcher-1786005806-c8da89348d60,288.558,441.056
deep-researcher-1786005806-efa0d2e2527c,288.579,559.890
data-analyst-1786005806-fc39e9fe7095,288.609,661.050
reviewer-1786005806-928c3aaa8e51,288.666,691.432
wide-researcher-1786005807-203b1a857275,288.717,432.794
deep-researcher-1786005807-f3e2a439b542,288.757,708.917
data-analyst-1786005807-53aff33e7734,288.807,697.174
reviewer-1786005807-dacb7ce4597d,288.934,676.704
wide-researcher-1786005807-d7b596d67a59,289.099,605.829
deep-researcher-1786005807-b935c00c8de2,289.238,570.245
data-analyst-1786005807-c8948f9aea43,289.256,687.831
reviewer-1786005807-a3456f7fb636,289.275,577.149
wide-researcher-1786005807-05ef5f18746f,289.319,637.183
data-analyst-1786005658-ca77dbd164c5,289.333,301.301
data-analyst-1786005717-1239251262dd,289.350,320.327
data-analyst-1786005659-6b49476dbe7b,289.367,289.367
deep-researcher-1786005807-182aef23d7bb,289.423,540.760
data-analyst-1786005688-b33f3ff93307,289.457,289.457
data-analyst-1786005807-6d80beb690a5,289.484,564.293
reviewer-1786005807-98e1d7c8f75e,289.527,676.375
wide-researcher-1786005807-31acb9ef0c72,289.571,455.095
deep-researcher-1786005807-bd1742cc1039,289.598,675.523
data-analyst-1786005807-3bf5b7ef938c,289.627,678.585
reviewer-1786005808-6599534a7d64,289.657,641.217
wide-researcher-1786005808-7c317f6b3d2c,289.852,638.936
deep-researcher-1786005808-0f9b3cc09f4e,289.976,658.745
data-analyst-1786005808-2d585ad1f427,290.013,574.274
reviewer-1786005808-5b36f4780ec4,290.043,700.310
wide-researcher-1786005808-d39d0a046eab,290.083,649.494
deep-researcher-1786005808-0f719ea1e2be,290.101,516.353
data-analyst-1786005808-74ffd3615b21,290.119,654.557
reviewer-1786005808-31946592f9f0,290.181,677.958
wide-researcher-1786005808-e229257314a6,290.270,549.768
deep-researcher-1786005808-0997a9326b5b,290.321,683.117
data-analyst-1786005714-89552288731f,290.340,301.975
data-analyst-1786005808-60a18b5a77cd,290.443,554.817
reviewer-1786005808-4fb907cb511e,290.460,663.584
wide-researcher-1786005808-aeb5afb0a0bb,290.523,554.573
deep-researcher-1786005808-e3d2fdb4fd98,290.764,701.444
data-analyst-1786005808-b434d361567b,290.782,660.139
reviewer-1786005808-b58c3748c64e,290.836,695.451
wide-researcher-1786005808-212a825b10d3,290.932,542.513
deep-researcher-1786005809-55938f6faa23,290.980,707.960
data-analyst-1786005718-09ac62404487,291.008,303.423
data-analyst-1786005809-78faeb851519,291.033,694.387
reviewer-1786005809-d8dc91f443ed,291.051,686.267
wide-researcher-1786005809-ed7e908bb045,291.091,439.619
deep-researcher-1786005809-225b0f1cb87d,291.140,675.279
data-analyst-1786005809-802ae55e9fce,291.179,698.016
reviewer-1786005809-70380958021d,291.335,655.780
data-analyst-1786005716-9a3326cac845,291.449,306.536
wide-researcher-1786005809-c92005f67672,291.498,686.165
deep-researcher-1786005809-24121ad82d50,291.541,655.103
data-analyst-1786005809-32fa782bbb70,291.559,679.460
reviewer-1786005809-4d0f45fe476c,291.607,705.621
wide-researcher-1786005809-5b5285fccac7,291.661,645.708
deep-researcher-1786005810-ee61d4ecbda5,291.704,575.941
data-analyst-1786005810-07ce6e37957e,291.738,639.144
reviewer-1786005810-e629f8383f37,291.779,702.325
wide-researcher-1786005810-82dc68d64f46,291.822,676.644
deep-researcher-1786005810-1d8194235261,291.844,586.468
data-analyst-1786005810-045b333851a6,291.959,696.269
reviewer-1786005810-2f8827666d45,291.978,681.975
wide-researcher-1786005810-f70c6b7c360c,292.127,520.922
deep-researcher-1786005810-7454ec2265c9,292.268,565.471
data-analyst-1786005810-46bb66617db2,292.289,562.192
reviewer-1786005810-c4e9dae5242b,292.337,665.910
wide-researcher-1786005810-d20946cc7508,292.436,540.562
deep-researcher-1786005810-93883d458fb1,292.532,671.263
data-analyst-1786005810-1a2e0f54ed8c,292.561,692.969
reviewer-1786005810-bec3ce936329,292.579,683.772
wide-researcher-1786005810-98421abba08c,292.633,559.998
deep-researcher-1786005810-bfc14ff9d66b,292.684,558.017
data-analyst-1786005811-fd3e80a6b6f5,292.704,698.215
reviewer-1786005811-b3283e49bef0,292.848,644.893
wide-researcher-1786005811-7659e7cf731e,292.939,688.139
deep-researcher-1786005811-e4fe356a1735,293.004,549.209
data-analyst-1786005811-112f219a7e09,293.048,684.508
reviewer-1786005811-93f1e3f54684,293.067,699.120
data-analyst-1786005662-8fe878c060fe,293.067,303.670
data-analyst-1786005692-8dbf8b054322,293.084,323.441
wide-researcher-1786005811-81031cf94460,293.109,700.081
data-analyst-1786005682-63c31bc3d199,293.118,302.762
data-analyst-1786005680-a454c11181f5,293.134,301.775
deep-researcher-1786005811-d8487dd08fa3,293.139,684.405
data-analyst-1786005811-5ef228ec7745,293.207,650.969
reviewer-1786005811-2ce7861f4040,293.227,689.984
wide-researcher-1786005811-97ddf2a7ac26,293.288,505.279
deep-researcher-1786005811-362869e784c4,293.307,548.909
data-analyst-1786005811-07ffe81d4669,293.350,674.641
reviewer-1786005811-90755405157d,293.481,698.957
wide-researcher-1786005811-e77a24372071,293.571,442.227
deep-researcher-1786005811-1df642cf742f,293.716,546.243
data-analyst-1786005811-99dc9c6843bc,293.793,704.043
reviewer-1786005811-d6a35cb7c5ff,293.815,699.771
wide-researcher-1786005812-f5a3b410c203,293.857,561.924
deep-researcher-1786005812-0ea5ea47bf61,293.941,442.298
data-analyst-1786005812-85e7d75ed318,294.008,673.437
reviewer-1786005812-17f3aebccd69,294.037,683.509
wide-researcher-1786005812-4e9e6a737b56,294.093,511.672
deep-researcher-1786005812-df055a35ee49,294.139,543.777
data-analyst-1786005812-f062a627f450,294.194,694.885
reviewer-1786005812-d754c55f5512,294.366,706.682
wide-researcher-1786005812-2470b2dac8ac,294.453,435.545
deep-researcher-1786005812-41b84f562096,294.510,558.899
data-analyst-1786005812-dd5f1784fc42,294.551,553.348
reviewer-1786005812-4b5047056a1c,294.568,654.748
wide-researcher-1786005812-f856c6ee3d03,294.625,438.789
deep-researcher-1786005812-1b0024775357,294.646,506.233
data-analyst-1786005813-5d836dd0b4bc,294.685,640.732
reviewer-1786005813-95396645ba3e,294.724,676.108
wide-researcher-1786005813-5ebe58605cdd,294.755,421.275
deep-researcher-1786005813-266582df6c62,294.800,660.123
data-analyst-1786005658-123e76fcb684,294.805,294.805
data-analyst-1786005813-c5baf58de8f8,294.818,656.523
reviewer-1786005813-7283a0a2f075,294.847,702.757
data-analyst-1786005712-3c6aa764d527,294.885,301.017
wide-researcher-1786005813-7496a736fd88,294.978,442.127
deep-researcher-1786005813-ab64d9ccf7aa,295.013,632.434
data-analyst-1786005813-ac321babf704,295.077,661.944
reviewer-1786005813-590e352b375e,295.123,702.232
wide-researcher-1786005813-74f7f5bb64c4,295.305,472.907
deep-researcher-1786005813-b49af77c17df,295.324,540.995
data-analyst-1786005813-018b373fe0ed,295.377,672.627
reviewer-1786005813-7d1e081c310a,295.452,681.261
wide-researcher-1786005813-acca16f0d694,295.518,698.550
deep-researcher-1786005813-423ad1f1ade1,295.549,444.062
data-analyst-1786005813-cbb74e2c650e,295.619,558.197
reviewer-1786005813-cbf9c3f7c3a3,295.681,699.258
data-analyst-1786005681-8e24e7691a91,295.761,295.762
wide-researcher-1786005813-6d0bdca900df,295.866,658.034
deep-researcher-1786005814-bfec42027fab,295.896,548.669
data-analyst-1786005716-0e6b8667c683,295.924,303.767
data-analyst-1786005714-70c1075c27be,295.944,324.416
data-analyst-1786005814-5c4aeb7311dd,295.952,566.734
reviewer-1786005814-b6f3105309e3,296.020,687.690
wide-researcher-1786005814-8bd59e171d80,296.065,694.653
deep-researcher-1786005814-d85d223ef4a3,296.107,660.836
data-analyst-1786005814-0658bf193910,296.137,643.877
reviewer-1786005814-4db96ecdbf05,296.202,680.689
wide-researcher-1786005814-e742f9a91ada,296.244,439.855
deep-researcher-1786005814-153c75317ed5,296.263,539.470
data-analyst-1786005814-524425f3d896,296.309,658.966
reviewer-1786005814-34d8d89b59f7,296.329,688.292
data-analyst-1786005673-330c3daf40ba,296.434,301.451
wide-researcher-1786005814-9a50e47d1731,296.497,453.697
deep-researcher-1786005814-59d30086534b,296.521,587.517
data-analyst-1786005814-44110659f220,296.586,643.099
data-analyst-1786005700-b4a97beb7948,296.624,296.625
reviewer-1786005814-856518d55e50,296.624,659.996
wide-researcher-1786005814-5381ddf59896,296.742,432.098
deep-researcher-1786005814-8525d4751ede,296.806,558.478
data-analyst-1786005695-da84ed34e1f2,296.816,349.591
data-analyst-1786005815-ff98f4c02c03,296.824,697.999
reviewer-1786005815-2906a46077a7,296.842,692.121
wide-researcher-1786005815-4bc7f3d90ac2,296.884,579.199
data-analyst-1786005722-c59e8250ce2f,296.902,320.355
data-analyst-1786005722-090cde8d12cb,296.916,304.142
data-analyst-1786005722-6b11c3f7a3d5,296.932,302.817
data-analyst-1786005722-53b007c9aa90,296.946,302.500
deep-researcher-1786005815-f40f4b213e05,296.958,554.776
data-analyst-1786005722-cf6eae11cc23,296.959,305.513
data-analyst-1786005722-c6350130cc7e,296.976,302.671
data-analyst-1786005815-8f6864539b7f,296.980,596.728
data-analyst-1786005722-8d87e063f0cb,296.994,316.117
data-analyst-1786005722-c5dcd018bdbb,297.007,303.716
reviewer-1786005815-0e37f31478ea,297.020,672.264
data-analyst-1786005722-bec4a832b845,297.021,303.285
data-analyst-1786005720-46e734897fcf,297.091,301.579
data-analyst-1786005720-897fdaf77180,297.108,303.251
wide-researcher-1786005815-882186d44d38,297.124,430.806
deep-researcher-1786005815-def7f76cd0f7,297.165,699.584
data-analyst-1786005815-6da9bf568a3e,297.192,525.726
reviewer-1786005815-9a438b26fc97,297.210,687.599
wide-researcher-1786005815-9b70f1f692e1,297.373,491.985
deep-researcher-1786005815-27c17991b170,297.391,541.598
data-analyst-1786005815-251dd578f46b,297.408,695.580
reviewer-1786005815-f4e5ca02c161,297.464,679.444
wide-researcher-1786005815-b51863a9d275,297.541,565.122
deep-researcher-1786005815-efdf6f23bb39,297.659,677.568
data-analyst-1786005815-0327600a3564,297.708,644.789
reviewer-1786005815-8768568700e6,297.725,704.338
wide-researcher-1786005816-88cc58fd0290,297.768,657.761
deep-researcher-1786005816-35ae01f7d3bd,297.824,643.385
data-analyst-1786005816-270099865cb0,297.857,679.509
reviewer-1786005816-ba04f167c88c,298.000,688.049
wide-researcher-1786005816-972eba57fb0e,298.037,683.278
deep-researcher-1786005816-e1ab9748d12c,298.105,708.488
data-analyst-1786005816-dac441bc93df,298.154,671.497
reviewer-1786005816-c82eedebffd7,298.319,646.962
wide-researcher-1786005816-f396cae2138c,298.363,653.056
deep-researcher-1786005816-abe0c56339d1,298.394,559.636
data-analyst-1786005816-63cfe5dc7272,298.490,700.805
reviewer-1786005816-3a870412393a,298.545,669.456
wide-researcher-1786005816-3c9c3948a597,298.634,558.818
deep-researcher-1786005816-b14655d7a4ad,298.672,667.818
data-analyst-1786005816-d3214cc77e07,298.703,607.751
reviewer-1786005817-32f7bf6a24bb,298.738,662.254
wide-researcher-1786005817-1d55ad878201,298.896,489.049
deep-researcher-1786005817-745b2dcb88f3,298.917,593.052
data-analyst-1786005817-568ce39e82bf,298.985,618.663
reviewer-1786005817-dc373f9e7072,299.024,677.872
wide-researcher-1786005817-6e95b6d9478e,299.067,689.952
deep-researcher-1786005817-6acaec09b924,299.094,545.310
data-analyst-1786005817-cf9781c5f731,299.126,656.451
reviewer-1786005817-ef786ae3f205,299.154,702.443
wide-researcher-1786005817-b1f743201c97,299.215,676.482
deep-researcher-1786005817-fe3dacb06aa2,299.233,673.973
data-analyst-1786005817-69f1db3776d6,299.251,678.923
data-analyst-1786005693-3378c70c8c45,299.273,307.274
data-analyst-1786005691-5438d2fd88c6,299.300,317.877
reviewer-1786005817-7fc6fcec638c,299.341,646.499
wide-researcher-1786005817-1dda309b18b7,299.373,576.398
deep-researcher-1786005817-a1586c92f636,299.400,699.722
data-analyst-1786005817-55e6503c30b0,299.458,686.644
reviewer-1786005817-5d742d9f0608,299.506,703.106
wide-researcher-1786005817-bb6bef4ee8ee,299.550,506.965
data-analyst-1786005683-92ca8051961c,299.551,304.220
data-analyst-1786005706-1944d247ccf3,299.571,303.225
deep-researcher-1786005817-6be0a955384f,299.616,704.981
data-analyst-1786005817-c81fc18b6874,299.645,681.184
reviewer-1786005817-5179ad2c2d90,299.836,702.214
wide-researcher-1786005818-7786bdec66bd,299.880,701.549
data-analyst-1786005717-9859cf75c785,299.890,302.455
deep-researcher-1786005818-2d226657d8c9,299.909,622.552
data-analyst-1786005818-14b5fa14246e,300.013,652.704
reviewer-1786005818-afb3a42ac6dc,300.041,698.309
wide-researcher-1786005818-7300e8977ae6,300.141,567.273
deep-researcher-1786005818-e4d9ddee8cc8,300.179,549.929
data-analyst-1786005818-148186a408f1,300.229,680.137
reviewer-1786005818-b7bcbb1a9cb1,300.248,695.948
data-analyst-1786005718-b6abee102612,300.291,301.286
wide-researcher-1786005818-2c524e2d9097,300.603,567.039
deep-researcher-1786005818-e9121572bfe2,300.643,682.843
data-analyst-1786005818-3db352ff1346,300.727,698.252
reviewer-1786005818-e5ee46251559,300.745,702.464
wide-researcher-1786005819-0546a41eefd3,300.788,554.194
deep-researcher-1786005819-73f7d5c5e936,300.828,547.848
data-analyst-1786005819-e1439d5aae87,300.868,703.772
reviewer-1786005819-170f5328ef08,300.886,671.954
wide-researcher-1786005819-5c59fa58b955,300.977,425.000
deep-researcher-1786005819-794482a00d1f,301.025,682.533
data-analyst-1786005819-263eff213075,301.059,674.925
reviewer-1786005819-865efe41a2db,301.135,688.216
wide-researcher-1786005819-8d2273f7ca66,301.336,681.665
deep-researcher-1786005819-9b304b0f673e,301.391,542.705
data-analyst-1786005819-874270e9c38f,301.421,674.768
reviewer-1786005819-0ec38c04d4f9,301.487,691.400
wide-researcher-1786005819-d8d3b8a2845d,301.559,536.523
deep-researcher-1786005819-005e055be51c,301.649,701.357
data-analyst-1786005819-d596e90cb110,301.689,659.320
reviewer-1786005819-635971cc8771,301.733,676.906
wide-researcher-1786005820-7c77804fc69a,301.766,554.558
deep-researcher-1786005820-18bc91b45a7f,301.827,556.657
data-analyst-1786005820-b63b3af2e6ab,302.055,651.201
reviewer-1786005820-a22cd25b6178,302.117,698.161
data-analyst-1786005725-e0bde1cd7ff9,302.159,302.160
data-analyst-1786005723-4a317b549492,302.188,302.189
wide-researcher-1786005820-b87202e79586,302.202,545.263
deep-researcher-1786005820-56fb61f9d583,302.248,679.767
data-analyst-1786005820-917eed331eea,302.268,682.516
reviewer-1786005820-f2315a9be629,302.299,678.606
wide-researcher-1786005820-84e424de4050,302.346,550.322
deep-researcher-1786005820-715c1f118342,302.389,439.696
data-analyst-1786005820-ed9d0e034f0c,302.407,681.372
data-analyst-1786005725-e875abc631f8,302.514,302.515
reviewer-1786005820-617385f52ff7,302.555,693.009
wide-researcher-1786005820-7cac5090b9a8,302.626,608.107
data-analyst-1786005725-6bd8f117c2b5,302.639,302.640
deep-researcher-1786005820-a258c70adadc,302.645,693.170
data-analyst-1786005726-5df4c7a89d8f,302.775,302.775
data-analyst-1786005820-c438e70f4e76,302.862,542.881
reviewer-1786005821-2f81e1d5ea95,302.890,676.282
data-analyst-1786005727-a1946ccc1324,302.965,302.966
wide-researcher-1786005821-7d19ece81071,303.001,696.153
deep-researcher-1786005821-416f8fdbc198,303.020,695.531
data-analyst-1786005821-2b3c3861a022,303.058,551.718
data-analyst-1786005725-da6937ea04f3,303.058,303.062
reviewer-1786005821-30fd10fbd907,303.075,692.401
wide-researcher-1786005821-9e54644db6ef,303.195,561.837
deep-researcher-1786005821-2520cd21a11d,303.214,556.865
data-analyst-1786005726-58710992d933,303.238,303.238
data-analyst-1786005821-b14f9a0dc10d,303.255,699.552
reviewer-1786005821-3263cd04ad1d,303.273,700.598
wide-researcher-1786005821-bbf46aae8876,303.448,654.264
deep-researcher-1786005821-c65b0adfed8d,303.677,427.947
data-analyst-1786005821-fd449e10684f,303.721,699.892
data-analyst-1786005729-74b8a0d89605,303.735,303.736
reviewer-1786005821-693fabd1fef7,303.762,680.434
data-analyst-1786005729-1b528fd0ae57,303.780,303.780
wide-researcher-1786005821-ef6709ac1706,303.814,557.840
data-analyst-1786005728-b016f31de3ac,303.828,303.828
deep-researcher-1786005822-979a9f6becdf,303.860,482.910
data-analyst-1786005822-e54381bf92d5,303.888,550.553
data-analyst-1786005728-f1cc995437be,303.906,303.906
reviewer-1786005822-b925b0d414b7,303.918,680.401
wide-researcher-1786005822-5643572a2679,303.992,539.349
deep-researcher-1786005822-4d4167777cdc,304.063,451.574
data-analyst-1786005822-821e7f2fca44,304.081,684.669
data-analyst-1786005726-a2b76a95fc83,304.101,304.102
data-analyst-1786005729-d5cefa464e68,304.114,304.115
reviewer-1786005822-82f648cb8679,304.118,699.988
wide-researcher-1786005822-31506b8986fa,304.172,488.058
data-analyst-1786005732-ae6197b0f8f9,304.205,304.206
deep-researcher-1786005822-30d2de6585ec,304.361,548.498
data-analyst-1786005822-53ba2edebd37,304.411,643.351
reviewer-1786005822-c38cae883f9c,304.440,674.891
wide-researcher-1786005822-2add76d322db,304.531,654.107
deep-researcher-1786005822-e6a462e578fe,304.587,572.208
data-analyst-1786005734-3c16dc26bd88,304.592,304.592
data-analyst-1786005822-4e7bfa38feb2,304.704,654.880
data-analyst-1786005730-9f9cad0f54f9,304.718,304.719
reviewer-1786005822-f90f218753c4,304.768,644.873
wide-researcher-1786005822-128a4a5fd4b5,304.950,437.372
data-analyst-1786005733-5d73dde519af,304.992,304.993
data-analyst-1786005724-faa5fe48ebff,305.038,305.038
data-analyst-1786005728-d4ad4277fb49,305.130,305.131
deep-researcher-1786005823-2f67e48b4a56,305.139,481.579
data-analyst-1786005823-0a351c6c937b,305.170,693.551
data-analyst-1786005728-865c44c70d44,305.184,305.185
reviewer-1786005823-aed2c09feb9b,305.230,567.518
data-analyst-1786005734-54a330312eb7,305.249,305.250
wide-researcher-1786005823-fa3b08787525,305.278,482.060
deep-researcher-1786005823-1116d8870206,305.333,542.264
data-analyst-1786005823-ba03f55dd776,305.373,697.109
data-analyst-1786005728-c820c39f7a1e,305.402,305.402
reviewer-1786005823-cdd8080c983c,305.428,696.877
data-analyst-1786005736-225bc79192f1,305.456,305.456
wide-researcher-1786005823-af8d58581660,305.499,429.118
deep-researcher-1786005823-9178b146c4a2,305.571,551.521
data-analyst-1786005823-6b8107713265,305.873,698.438
reviewer-1786005823-82897f3268a0,305.916,603.247
data-analyst-1786005725-f8607c0a3c2d,305.945,305.945
wide-researcher-1786005823-1da0475d1a93,305.972,502.361
deep-researcher-1786005824-2aa6432e3285,306.039,570.952
data-analyst-1786005726-9f1edf1029e1,306.052,306.053
data-analyst-1786005824-3f75834d7312,306.093,676.953
reviewer-1786005824-495a2887e01a,306.183,704.238
data-analyst-1786005726-e705e67b72b4,306.197,306.197
wide-researcher-1786005824-58ab21933ba6,306.260,562.830
deep-researcher-1786005824-76a9b28cff0d,306.326,542.033
data-analyst-1786005735-e99ec0da54ff,306.420,306.420
data-analyst-1786005824-53dfac5c2beb,306.587,685.161
reviewer-1786005824-cb34711566ae,306.693,672.142
wide-researcher-1786005824-a6f22ca7e650,306.749,560.169
deep-researcher-1786005824-a454e8c70424,306.802,654.993
data-analyst-1786005825-1e261b068f76,306.842,657.715
reviewer-1786005825-80107eb7f47a,306.899,678.860
wide-researcher-1786005825-e28a49d57acc,306.963,473.320
deep-researcher-1786005825-aed336e4979c,307.019,540.429
data-analyst-1786005825-e243c198283b,307.088,673.035
reviewer-1786005825-5a2e34703468,307.140,638.446
wide-researcher-1786005825-96016470a269,307.286,548.437
deep-researcher-1786005825-599ccd7ab18b,307.405,640.932
data-analyst-1786005825-885d2c8d3cae,307.458,562.843
reviewer-1786005825-16a0b27b6621,307.564,697.253
data-analyst-1786005729-477ae24c59c3,307.686,307.687
wide-researcher-1786005825-18b2feee2ea2,307.697,652.233
deep-researcher-1786005825-1c326cb86bcd,307.778,695.251
data-analyst-1786005825-2f75f92125cf,307.819,660.539
data-analyst-1786005733-6b4e3af0bc7b,307.885,307.885
data-analyst-1786005741-d3ca6b259600,308.007,308.007
reviewer-1786005826-598b31a92779,308.102,672.360
wide-researcher-1786005826-fa48009e1be3,308.200,551.434
deep-researcher-1786005826-41ad992d16f7,308.229,572.494
data-analyst-1786005826-523bc1663413,308.312,673.728
data-analyst-1786005726-e845c8d14d63,308.354,308.355
reviewer-1786005826-f4e66808e689,308.368,568.969
wide-researcher-1786005826-86f174b1d147,308.427,673.108
deep-researcher-1786005826-4d34e2deb255,308.546,689.831
data-analyst-1786005726-5d0b2918abf0,308.557,308.558
data-analyst-1786005826-dfa09c73ae9b,308.606,693.600
data-analyst-1786005723-d89300323bad,308.712,308.712
reviewer-1786005826-e1178df704bf,308.799,670.414
data-analyst-1786005729-06b16f09431b,308.883,308.884
wide-researcher-1786005826-5b7ec475b91c,308.900,551.235
deep-researcher-1786005827-4b2b42480608,309.012,550.426
data-analyst-1786005827-f2e8ab0094d0,309.083,693.856
reviewer-1786005827-4e5d040c3fce,309.205,655.309
wide-researcher-1786005827-602d4975c4e5,309.294,540.834
deep-researcher-1786005827-f16e6187ae63,309.337,562.526
data-analyst-1786005733-e6e62a3bf5c9,309.539,309.539
data-analyst-1786005827-f301090564ff,309.610,696.523
reviewer-1786005827-59fa9b2028fd,309.740,703.804
data-analyst-1786005726-1596a1efa544,309.786,309.787
wide-researcher-1786005827-011b17b41a73,309.838,442.960
deep-researcher-1786005827-2d5ff774195f,309.907,440.905
data-analyst-1786005828-d7d023fc472d,309.940,642.276
reviewer-1786005828-4411f34f0a6a,310.039,688.780
wide-researcher-1786005828-5e88c024c85d,310.104,555.388
data-analyst-1786005728-42cd6b833e02,310.240,310.241
data-analyst-1786005729-50e2910dfb8f,310.279,310.279
deep-researcher-1786005828-b25e22fc9832,310.304,535.201
data-analyst-1786005742-57bf98b136e2,310.332,310.333
data-analyst-1786005828-7b84024caf79,310.412,576.942
data-analyst-1786005738-4e3f77f06ddf,310.465,310.465
data-analyst-1786005731-29e019307801,310.501,310.501
data-analyst-1786005741-f90caa09dd19,310.548,310.548
reviewer-1786005828-cc4ad0f2f526,310.561,646.806
wide-researcher-1786005828-5ab886a5b8fa,310.615,672.843
deep-researcher-1786005828-e9866439c8a6,310.724,622.170
data-analyst-1786005744-42f6938a068e,310.751,310.752
data-analyst-1786005728-ef6fe6a2b4a5,310.789,310.789
data-analyst-1786005828-e34bcf2f4e66,310.790,555.115
reviewer-1786005829-2a09dfd68419,310.855,685.400
data-analyst-1786005735-c675b680e4ec,310.899,310.900
data-analyst-1786005744-5b46c41942c2,310.942,310.942
data-analyst-1786005725-ec3610a2cba4,310.982,310.982
wide-researcher-1786005829-58510e58b999,311.084,669.734
deep-researcher-1786005829-2a4b95cf6fb3,311.134,561.688
data-analyst-1786005829-e04e9126069d,311.170,699.632
data-analyst-1786005730-cb3c243395b7,311.171,311.179
reviewer-1786005829-b627f6e5ad3b,311.217,675.381
wide-researcher-1786005829-ee6530ad30eb,311.293,644.646
deep-researcher-1786005829-34135512a5e5,311.368,678.527
data-analyst-1786005829-a94e0d5371c2,311.414,653.833
reviewer-1786005829-1b3a6e04cab7,311.489,652.023
data-analyst-1786005741-40ee8c3728bc,311.498,311.498
wide-researcher-1786005829-e99ce646645f,311.569,551.341
deep-researcher-1786005829-fe58df68b35c,311.604,581.066
data-analyst-1786005736-0811ad3841d3,311.643,311.644
data-analyst-1786005741-5e30e651ec3d,311.682,311.682
data-analyst-1786005735-1ccf5b3fc39e,311.763,311.763
data-analyst-1786005829-3561cd973849,311.816,703.248
reviewer-1786005829-bc52b450720a,311.925,694.229
data-analyst-1786005744-ec577cc4b5c0,311.993,311.994
wide-researcher-1786005830-7f752028e51c,312.033,678.362
deep-researcher-1786005830-052fb57523d9,312.074,644.912
data-analyst-1786005830-1b25d481fb12,312.128,697.963
reviewer-1786005830-ffce5a33698a,312.224,692.227
data-analyst-1786005738-063561dd1b1b,312.261,312.261
wide-researcher-1786005830-a177d2730265,312.303,545.773
data-analyst-1786005741-8a46ebe4781e,312.317,312.318
deep-researcher-1786005830-d5b362ddbd39,312.357,708.602
data-analyst-1786005830-37b643d104d7,312.397,658.444
reviewer-1786005830-f959cefd896f,312.591,691.780
wide-researcher-1786005830-630ce0d9c104,312.659,534.879
data-analyst-1786005736-95a45d5ecec2,312.702,312.702
deep-researcher-1786005830-f59bb1441fa4,312.730,641.153
data-analyst-1786005830-5612cacc32e5,312.782,684.621
data-analyst-1786005742-bf03568c6d69,312.809,312.809
reviewer-1786005831-a5d16d14927c,312.861,667.045
data-analyst-1786005728-fe24b9ac69ac,312.886,312.887
wide-researcher-1786005831-203176cb9253,312.959,683.653
deep-researcher-1786005831-146da78e1070,313.036,650.786
data-analyst-1786005831-b69017c7ab2a,313.146,691.981
reviewer-1786005831-dcceab9631fd,313.367,693.274
wide-researcher-1786005831-729dafcec754,313.456,682.793
deep-researcher-1786005831-438b418303da,313.577,698.327
data-analyst-1786005831-b911e475aa83,313.744,672.158
reviewer-1786005831-ab47737f398c,313.885,685.128
data-analyst-1786005736-8e68893ab655,313.963,313.964
wide-researcher-1786005831-e399ba75f880,314.108,573.547
data-analyst-1786005727-cd5a58b9d120,314.165,314.165
deep-researcher-1786005832-673f24eaa580,314.170,694.546
data-analyst-1786005832-2abf13598a80,314.189,681.492
reviewer-1786005832-a8e0cbbb8e53,314.236,691.336
data-analyst-1786005727-e520c19b1805,314.264,314.265
data-analyst-1786005746-d63f8bb01701,314.279,314.280
wide-researcher-1786005832-41d20c3f21ed,314.288,478.046
deep-researcher-1786005832-200f287389cf,314.306,435.698
data-analyst-1786005742-d25705ee8cbd,314.315,314.316
data-analyst-1786005832-b68a689a0120,314.324,677.590
data-analyst-1786005736-d229940b892c,314.334,314.334
data-analyst-1786005745-7a35314e1e24,314.347,314.348
reviewer-1786005832-23f541e1496d,314.375,681.724
data-analyst-1786005744-1156ec3467ae,314.376,314.380
data-analyst-1786005739-756748514089,314.392,314.393
wide-researcher-1786005832-d7b7ce59cbd9,314.406,560.360
data-analyst-1786005748-4bdc44f27752,314.407,314.411
deep-researcher-1786005832-4e046cb51bca,314.436,581.860
data-analyst-1786005832-4df9d12d6b81,314.465,700.618
reviewer-1786005832-940af3b8d001,314.595,708.676
wide-researcher-1786005832-2e926b0dbb8d,314.638,548.598
deep-researcher-1786005832-c9b6326e8dd3,314.669,638.579
data-analyst-1786005748-c5ad9391acc7,314.712,314.713
data-analyst-1786005736-ea7c98928089,314.727,314.728
data-analyst-1786005739-d0aeee2a807b,314.798,314.798
data-analyst-1786005746-73d4086c7606,314.824,314.825
data-analyst-1786005832-dac00b668704,314.828,694.981
reviewer-1786005833-c8fea35de4f9,314.859,684.653
data-analyst-1786005745-0bedd155ca88,314.886,314.886
wide-researcher-1786005833-74432aa62352,314.904,558.000
data-analyst-1786005733-d90f2960dc07,314.916,314.916
data-analyst-1786005732-c8fd3e46d83a,314.929,314.929
data-analyst-1786005744-aa6f4da63ab9,314.970,314.970
deep-researcher-1786005833-f793c748b796,314.975,440.009
data-analyst-1786005744-20ceb17d4327,314.989,314.989
data-analyst-1786005748-00d4f4f70173,315.001,315.002
data-analyst-1786005749-b93934a8eeb2,315.029,315.029
data-analyst-1786005729-ba1a2f926b76,315.061,315.061
data-analyst-1786005833-22c15b2eec67,315.079,664.540
data-analyst-1786005745-c55f50d56f4a,315.092,315.092
reviewer-1786005833-73bf728f46b5,315.120,689.086
wide-researcher-1786005833-8f6dba2ebe0f,315.163,598.337
data-analyst-1786005727-27b79802f3f5,315.217,315.218
deep-researcher-1786005833-7767b205026a,315.240,555.492
data-analyst-1786005742-da8f6367bb30,315.252,315.252
data-analyst-1786005833-89b8b060e48e,315.271,678.173
reviewer-1786005833-147d9a460c87,315.290,676.605
data-analyst-1786005744-50f34eb0067c,315.317,315.318
wide-researcher-1786005833-9b87052c2ca3,315.327,668.492
deep-researcher-1786005833-00ff6ddeeb69,315.388,545.789
data-analyst-1786005735-69e83e3016ff,315.393,315.393
data-analyst-1786005833-44fec7d79965,315.419,687.815
data-analyst-1786005725-cab8819847cd,315.608,315.609
reviewer-1786005833-2e51c4d01637,315.621,686.309
data-analyst-1786005748-d3cf8f8b6da2,315.625,315.625
data-analyst-1786005739-c32b567ba0a1,315.665,315.666
wide-researcher-1786005833-ce1551f78242,315.678,545.674
deep-researcher-1786005833-b136614f39f0,315.707,692.723
data-analyst-1786005833-d34159fefc92,315.746,703.516
reviewer-1786005834-cbc68d1e6803,315.764,702.099
data-analyst-1786005744-c6aa4913d694,315.796,315.797
data-analyst-1786005750-13e43783bbfd,315.811,315.812
data-analyst-1786005751-bdf3a5e1b10e,315.826,315.827
wide-researcher-1786005834-0b8e4a5d2f0b,315.839,641.827
data-analyst-1786005740-74ca1059e77b,315.871,315.872
deep-researcher-1786005834-4fa1c1c8f489,315.876,641.120
data-analyst-1786005730-ec6c00605073,315.889,315.889
data-analyst-1786005834-2073f220b042,315.894,685.498
data-analyst-1786005743-2605a8e3e98b,315.935,315.935
data-analyst-1786005746-a2f85f6f6d12,315.948,315.949
data-analyst-1786005749-10559eb79c4d,315.962,315.962
reviewer-1786005834-151719b97c55,315.975,562.729
data-analyst-1786005753-9238feef6552,315.979,315.979
wide-researcher-1786005834-d5c5aa67334c,316.016,593.533
data-analyst-1786005744-5ad934448b14,316.053,316.054
deep-researcher-1786005834-1f8a3f2c3e96,316.067,697.293
data-analyst-1786005732-af57d6eb9618,316.084,316.085
data-analyst-1786005834-0ff3f83e451a,316.094,652.160
reviewer-1786005834-765cdf73a875,316.144,685.241
wide-researcher-1786005834-4b06d55148fd,316.352,696.914
deep-researcher-1786005834-4c6351cbe978,316.385,698.487
data-analyst-1786005834-ba8e4699e4ac,316.412,675.202
data-analyst-1786005745-459c7b72c27f,316.460,316.461
reviewer-1786005834-958d3860aaca,316.484,680.208
wide-researcher-1786005834-be436b7da93e,316.573,577.960
deep-researcher-1786005834-0b13208c2612,316.601,538.795
data-analyst-1786005753-56225355da25,316.614,316.614
data-analyst-1786005834-9e3e97cc8b7f,316.632,684.065
data-analyst-1786005753-1a4fce9e1190,316.658,316.659
reviewer-1786005834-956961062c93,316.780,701.194
wide-researcher-1786005835-c900b604583b,316.825,652.789
data-analyst-1786005736-2545477b6e8e,316.838,316.839
deep-researcher-1786005835-bc6193d23e2b,316.847,567.732
data-analyst-1786005835-48434afc568c,316.879,700.329
data-analyst-1786005753-4fba8458f07a,316.902,316.902
reviewer-1786005835-62562266bb9f,316.911,693.822
data-analyst-1786005755-f3918462077b,316.933,316.934
data-analyst-1786005753-a36158691555,316.961,316.962
data-analyst-1786005729-8c9ac9e3f62b,316.990,316.991
data-analyst-1786005743-777c30b667b7,317.017,317.018
data-analyst-1786005754-40905ec47c51,317.032,317.032
data-analyst-1786005750-34cb0a0967e0,317.045,317.045
wide-researcher-1786005835-1275e41f41f4,317.103,465.046
data-analyst-1786005741-1d03e9940e78,317.116,317.116
deep-researcher-1786005835-d7ca5629d597,317.134,520.852
data-analyst-1786005835-eaeb0c1fab24,317.155,697.908
data-analyst-1786005729-b5f8d10020fc,317.212,317.213
reviewer-1786005835-4f8543f964c7,317.225,681.787
data-analyst-1786005748-f9fef2cebbf6,317.242,317.243
wide-researcher-1786005835-538786142b3d,317.267,648.585
deep-researcher-1786005835-1b6c1cb2e93a,317.287,708.280
data-analyst-1786005743-60544205083c,317.331,317.331
data-analyst-1786005835-c13bf34f8bf4,317.344,573.177
reviewer-1786005835-bca465dd9911,317.406,701.295
data-analyst-1786005748-7357fb9e2390,317.415,317.416
data-analyst-1786005745-32525ea696df,317.430,317.431
data-analyst-1786005739-0894efb89f73,317.460,317.460
wide-researcher-1786005835-6ce2901d01a6,317.465,686.040
deep-researcher-1786005835-d395bfedff1f,317.494,592.887
data-analyst-1786005835-28063b6826b8,317.525,655.460
data-analyst-1786005751-613f07c337c0,317.536,317.536
reviewer-1786005835-cfde048a6eed,317.565,696.797
wide-researcher-1786005835-8d57c9527a34,317.610,695.547
deep-researcher-1786005835-daf314398915,317.632,562.222
data-analyst-1786005731-b6993d52054e,317.660,317.661
data-analyst-1786005835-0dbac80db2a8,317.665,691.880
data-analyst-1786005750-726c4b488f98,317.736,317.737
data-analyst-1786005758-ef201810ac11,317.793,317.794
reviewer-1786005836-2003862f05ae,317.798,700.062
data-analyst-1786005751-6c4579cffbe3,317.810,317.810
data-analyst-1786005742-15f0d623c370,317.823,317.824
data-analyst-1786005751-7b57fefbcd78,317.836,317.836
wide-researcher-1786005836-1acb3b877246,317.901,571.304
deep-researcher-1786005836-cb9673d935dc,317.935,437.156
data-analyst-1786005754-7e3a7826e705,317.946,317.946
data-analyst-1786005747-518ec1b2985c,317.959,317.960
data-analyst-1786005836-423dd8d8a275,317.983,697.126
data-analyst-1786005729-ba6cc447ce6c,317.992,317.993
reviewer-1786005836-de9e8d9f4fbf,318.002,703.365
data-analyst-1786005734-1cf54e9ddc95,318.052,318.053
data-analyst-1786005742-1c601b68e387,318.065,318.066
wide-researcher-1786005836-483112ee8f30,318.082,580.433
data-analyst-1786005751-d9674fcb3ed3,318.123,318.123
deep-researcher-1786005836-333f7956d968,318.141,543.291
data-analyst-1786005758-4f5c83cb2a08,318.206,318.206
data-analyst-1786005754-e9d6a0a1976a,318.234,318.234
data-analyst-1786005836-2e8f52578e3d,318.310,696.396
data-analyst-1786005749-960007d8bc51,318.345,318.345
reviewer-1786005836-44873a9d1e40,318.350,652.392
wide-researcher-1786005836-624337a83b0b,318.416,555.632
data-analyst-1786005725-fcba2ae046c8,318.417,318.417
deep-researcher-1786005836-67c9117fa742,318.434,564.614
data-analyst-1786005757-50e9de6d80f3,318.451,318.452
data-analyst-1786005836-b36e0f115289,318.451,670.927
data-analyst-1786005744-b2d26c5d4f8f,318.469,318.470
data-analyst-1786005752-814d0eac88f3,318.527,318.527
data-analyst-1786005735-1ac36c3f32b4,318.540,318.541
data-analyst-1786005760-d9a7f8794423,318.568,318.569
data-analyst-1786005763-82c2428db652,318.624,318.625
data-analyst-1786005748-9119f7a8a3dd,318.683,318.683
data-analyst-1786005741-ee0d8f30aa78,318.697,318.698
data-analyst-1786005754-1069193a2a81,318.711,318.712
reviewer-1786005836-2e58779ffada,318.738,682.549
data-analyst-1786005757-7b8189a997fd,318.742,318.742
wide-researcher-1786005836-6248656edfcc,318.779,691.943
data-analyst-1786005757-7012f50cdfd9,318.789,318.789
deep-researcher-1786005836-be1331553154,318.807,694.467
data-analyst-1786005753-aeb193bc1305,318.850,318.850
data-analyst-1786005836-edde3eef388d,318.859,698.598
data-analyst-1786005764-3a2de31b56d2,318.869,318.869
reviewer-1786005837-06b939f25306,318.907,703.854
data-analyst-1786005740-a49f2aebfb64,318.915,318.915
wide-researcher-1786005837-8a2217cd31ed,318.940,647.912
data-analyst-1786005724-b2672cc1a8fe,318.963,318.964
deep-researcher-1786005837-a8d4b5fb0197,318.977,549.324
data-analyst-1786005837-24e678ba3366,319.005,692.838
data-analyst-1786005739-1536ba6e1650,319.015,319.016
reviewer-1786005837-8c3bcd8d96a2,319.077,695.828
wide-researcher-1786005837-59f35d9f137a,319.117,561.719
deep-researcher-1786005837-fc11a3a7a6c4,319.134,568.025
data-analyst-1786005742-8f4a0f4c8815,319.166,319.167
data-analyst-1786005728-24852bd23c47,319.193,319.194
data-analyst-1786005745-f2892b7bb906,319.236,319.237
data-analyst-1786005837-3f7b73e57821,319.308,682.999
data-analyst-1786005748-191d303aca77,319.343,319.344
reviewer-1786005837-d653013e9dfe,319.416,698.126
data-analyst-1786005762-453de0c81bec,319.433,319.434
wide-researcher-1786005837-92f0b4c764d9,319.489,673.328
data-analyst-1786005752-891eee8217ae,319.494,319.495
deep-researcher-1786005837-90041cfbd4d3,319.524,555.446
data-analyst-1786005745-2db929cf101e,319.606,319.607
data-analyst-1786005735-b49a99c557d8,319.635,319.635
data-analyst-1786005757-a598c02dde04,319.648,319.649
data-analyst-1786005837-29f72444f323,319.672,698.665
data-analyst-1786005733-a578eb036164,319.681,319.682
reviewer-1786005837-3cf2eed23d61,319.703,687.213
data-analyst-1786005728-7cc7f9e37430,319.726,319.727
data-analyst-1786005750-3f3f2192de65,319.739,319.740
wide-researcher-1786005837-d3f803ccb5f0,319.771,544.140
data-analyst-1786005763-7c9f0ac78b97,319.816,319.816
deep-researcher-1786005837-5c9a184c4280,319.825,635.134
data-analyst-1786005762-92e0cc9cb857,319.834,319.835
data-analyst-1786005838-349101474c5c,319.853,696.931
reviewer-1786005838-1476e1049792,319.870,695.650
data-analyst-1786005761-d4ec95e07c2c,319.882,319.883
wide-researcher-1786005838-d44c5abcfbc9,319.930,697.092
deep-researcher-1786005838-3264a49db492,319.948,695.013
data-analyst-1786005766-c4467d6d34d0,319.961,319.962
data-analyst-1786005838-fdc231e07b85,319.966,681.568
data-analyst-1786005739-0527e8102f9b,320.037,320.038
data-analyst-1786005763-e21a8d9c9f7d,320.096,320.096
data-analyst-1786005755-89dded3c4eaf,320.111,320.112
data-analyst-1786005748-40c6f5dbb783,320.141,320.141
data-analyst-1786005767-c422bc298aaf,320.154,320.155
reviewer-1786005838-fc33716a3e77,320.181,648.055
wide-researcher-1786005838-53cdbc785f9a,320.232,577.688
deep-researcher-1786005838-944beef562e5,320.264,559.399
data-analyst-1786005838-24ab87029b25,320.291,679.787
reviewer-1786005838-9a44cad12991,320.309,689.699
data-analyst-1786005759-48065f13f0b5,320.313,320.313
data-analyst-1786005748-9640ac1023bd,320.370,320.370
data-analyst-1786005754-6ae4fbd9dce4,320.384,320.385
wide-researcher-1786005838-28f93fcc8eda,320.398,539.334
deep-researcher-1786005838-c4ff8b680074,320.441,438.805
data-analyst-1786005757-29d43cab8f4b,320.450,320.451
data-analyst-1786005764-5c5e65e4ed51,320.465,320.465
data-analyst-1786005741-227089148210,320.477,320.477
data-analyst-1786005838-be50d0ea202e,320.482,697.769
data-analyst-1786005764-f2144f862ec8,320.510,320.511
reviewer-1786005838-d5ca7648ee1d,320.523,690.665
wide-researcher-1786005838-e0c8298f91df,320.583,567.776
deep-researcher-1786005838-e154a1d81af7,320.601,439.838
data-analyst-1786005838-fef9d9d421a4,320.630,697.665
reviewer-1786005839-81862d63bd6e,320.650,694.038
data-analyst-1786005765-b978f62d6bb0,320.784,320.785
wide-researcher-1786005839-4e9d5d91ba72,320.815,675.403
data-analyst-1786005753-a4716e222aee,320.863,320.864
data-analyst-1786005755-7447f1f8a22f,320.878,320.878
deep-researcher-1786005839-fac7d2829c1f,320.940,458.050
data-analyst-1786005839-88b20ccc34ab,320.969,655.723
data-analyst-1786005765-18ea651d5a72,321.000,321.001
reviewer-1786005839-9fa1c1335623,321.013,691.465
data-analyst-1786005733-da284aa29485,321.078,321.079
data-analyst-1786005765-21e7e350dd2b,321.092,321.093
data-analyst-1786005753-ac77e10712ac,321.107,321.107
data-analyst-1786005758-ca9b2a7b0c87,321.120,321.121
wide-researcher-1786005839-1a1112f341ee,321.167,681.128
deep-researcher-1786005839-ecb3399c17f2,321.214,456.679
data-analyst-1786005758-d28fb7489877,321.228,321.228
data-analyst-1786005768-cb557aa0b3d1,321.240,321.241
data-analyst-1786005743-3fd31c6b4dcc,321.253,321.254
data-analyst-1786005839-a11e77715e49,321.279,659.489
data-analyst-1786005764-538d77263aac,321.343,321.343
reviewer-1786005839-7a81410970be,321.367,689.271
data-analyst-1786005730-e5a83ac9f2bf,321.376,321.377
wide-researcher-1786005839-c6132a37dcfb,321.456,690.465
data-analyst-1786005741-bd83a4e18e82,321.468,321.469
deep-researcher-1786005839-b49321d369e8,321.473,638.310
data-analyst-1786005770-0c79f589b48f,321.487,321.488
data-analyst-1786005758-67eb53cad73c,321.500,321.501
data-analyst-1786005760-8cb85c76c2f9,321.529,321.530
data-analyst-1786005771-ed0cfeaf22ad,321.558,321.559
data-analyst-1786005768-c21a78fc1757,321.573,321.574
data-analyst-1786005770-1357595a7beb,321.618,321.619
data-analyst-1786005771-524f0ced5468,321.635,321.635
data-analyst-1786005839-2afe613c279c,321.662,695.435
reviewer-1786005839-b00ea3bbf4eb,321.697,702.529
data-analyst-1786005760-371587a906bb,321.734,321.735
data-analyst-1786005728-47d72ebc5051,321.747,321.748
wide-researcher-1786005839-f2e028cb5e10,321.756,545.011
data-analyst-1786005736-ee0a17f4689d,321.782,321.784
deep-researcher-1786005839-55592959ae8f,321.801,550.046
data-analyst-1786005753-a29aec73255f,321.816,321.817
data-analyst-1786005840-992c2c103178,321.826,690.683
data-analyst-1786005763-d33de3550ffa,321.852,321.853
reviewer-1786005840-4ec36521001c,321.908,695.563
data-analyst-1786005754-07d3669d1705,321.924,321.924
wide-researcher-1786005840-9afae294bb9d,321.948,688.029
data-analyst-1786005755-f859864739df,321.958,321.958
deep-researcher-1786005840-98be2f744307,321.967,540.073
data-analyst-1786005760-90fbc3fecf5e,321.976,321.977
data-analyst-1786005840-b6bdda32bdff,321.998,549.957
data-analyst-1786005727-fef90b582cb7,322.023,322.024
reviewer-1786005840-1e036fec80da,322.036,688.312
data-analyst-1786005740-9042a9bfe606,322.082,322.083
data-analyst-1786005760-c39a78da54ba,322.096,322.096
wide-researcher-1786005840-ae20af73b07d,322.100,664.442
data-analyst-1786005771-49ef8c2d32a2,322.139,322.140
deep-researcher-1786005840-0d46496ff444,322.152,556.080
data-analyst-1786005840-af967c91bdcb,322.169,698.091
data-analyst-1786005768-36798f86a642,322.200,322.201
data-analyst-1786005730-529fdd06f0b3,322.214,322.214
data-analyst-1786005760-636245e5fbd6,322.228,322.229
data-analyst-1786005753-709b892e8403,322.287,322.288
data-analyst-1786005765-26f6c39cc1a8,322.300,322.301
reviewer-1786005840-4ec27bb819ae,322.327,654.280
data-analyst-1786005772-fed84e14fa95,322.359,322.360
wide-researcher-1786005840-0f5827c2757a,322.388,649.510
data-analyst-1786005739-35e22f96bc3b,322.392,322.392
data-analyst-1786005755-e22d99e0fe07,322.406,322.407
data-analyst-1786005773-59d498d548f4,322.419,322.420
deep-researcher-1786005840-9af5fec678dd,322.437,557.592
data-analyst-1786005840-c3996c12cfcf,322.477,555.734
reviewer-1786005840-b4fbef02bd65,322.519,691.632
data-analyst-1786005763-9b8329ad2c8c,322.570,322.571
data-analyst-1786005773-d8f219791ae3,322.585,322.586
wide-researcher-1786005840-b13f5f09fddd,322.672,555.462
deep-researcher-1786005840-a8921a692346,322.781,705.937
data-analyst-1786005736-1a4f8bd0ffda,322.798,322.799
data-analyst-1786005773-c655a686e859,322.814,322.814
data-analyst-1786005763-21296e938189,322.841,322.842
data-analyst-1786005777-a3fc7c7cf1f0,322.855,322.855
data-analyst-1786005752-24213ea0f867,322.868,322.869
data-analyst-1786005840-64065060f68e,322.896,654.940
data-analyst-1786005777-d78b7f6a7192,322.945,322.946
reviewer-1786005840-efc61c401a0d,322.954,638.178
data-analyst-1786005753-b8bc04982aa7,322.962,322.963
data-analyst-1786005775-3d22ec00b728,322.990,322.991
wide-researcher-1786005841-2b5a51a49e83,322.995,546.366
data-analyst-1786005764-12109cb1f633,323.007,323.007
data-analyst-1786005744-d64b0f1cefae,323.021,323.021
data-analyst-1786005745-bcb2ad5d645f,323.078,323.078
data-analyst-1786005753-8bdcc92a7e97,323.091,323.092
data-analyst-1786005736-14cae84e3847,323.105,323.105
deep-researcher-1786005841-979bfc77d6d5,323.212,553.393
data-analyst-1786005841-22bd7b6d915e,323.231,672.493
data-analyst-1786005753-18d2eb17665b,323.260,323.261
reviewer-1786005841-78b48e4a3ede,323.265,704.783
data-analyst-1786005755-3ae1a0dc58d8,323.308,323.309
wide-researcher-1786005841-6c533dc11af4,323.332,499.515
deep-researcher-1786005841-8c9c47350da3,323.351,538.669
data-analyst-1786005841-ec2f0f1821fc,323.391,657.894
reviewer-1786005841-35941cca266f,323.437,704.764
data-analyst-1786005778-e21641519e22,323.468,323.469
data-analyst-1786005780-daf0852dd0a0,323.497,323.498
wide-researcher-1786005841-81bfb49797a7,323.510,694.796
data-analyst-1786005753-7d66982ffe22,323.529,323.529
deep-researcher-1786005841-939a9405359d,323.561,696.137
data-analyst-1786005841-95a685d922c0,323.603,660.056
reviewer-1786005841-39295a7b583a,323.623,702.198
data-analyst-1786005742-dc963be28050,323.667,323.668
data-analyst-1786005773-3d7f8548133a,323.680,323.681
wide-researcher-1786005841-97fa39d2de46,323.680,640.357
data-analyst-1786005729-942b5972fb54,323.698,323.699
data-analyst-1786005736-0e43fef161d1,323.711,323.712
data-analyst-1786005764-2b3cf69e8075,323.832,323.832
deep-researcher-1786005842-5bbaba6b4cf9,323.841,572.316
data-analyst-1786005780-6ce31ff244ea,323.940,323.941
data-analyst-1786005842-bdbf8a0c345a,323.966,646.127
reviewer-1786005842-9db221b5f964,323.995,690.991
data-analyst-1786005733-3a129213278c,324.020,324.020
wide-researcher-1786005842-b87ce7cbade4,324.049,663.395
data-analyst-1786005729-0715302b2cbf,324.071,324.071
data-analyst-1786005728-9e71ed133d74,324.178,324.179
deep-researcher-1786005842-bbffaecda661,324.183,540.137
data-analyst-1786005842-a49895e0106b,324.235,652.525
data-analyst-1786005778-c102e3bb7687,324.262,324.263
data-analyst-1786005744-1064479fdad7,324.338,324.338
reviewer-1786005842-5d7c55b6f506,324.363,693.153
data-analyst-1786005774-d65bd1ba9814,324.387,324.388
data-analyst-1786005773-146fcddd1404,324.401,324.402
wide-researcher-1786005842-6ec5c062882b,324.461,657.853
deep-researcher-1786005842-2bea7056da9a,324.479,546.743
data-analyst-1786005842-ba9f444e2f21,324.511,685.209
data-analyst-1786005757-e0b081b7a565,324.582,324.582
data-analyst-1786005723-0b20140203c2,324.596,324.596
data-analyst-1786005781-1675e749e761,324.611,324.611
data-analyst-1786005765-7824428a6608,324.639,324.639
data-analyst-1786005761-31569b52e078,324.654,324.655
data-analyst-1786005781-87ae3b475917,324.667,324.668
data-analyst-1786005780-0cb564fc9da2,324.680,324.681
reviewer-1786005842-aa0698774b3a,324.685,690.929
wide-researcher-1786005842-b3fb2ad292bf,324.745,639.461
deep-researcher-1786005842-a7bacdf478d5,324.786,579.449
data-analyst-1786005756-ea5a47ca686a,324.790,324.790
data-analyst-1786005782-212426879a66,324.805,324.806
data-analyst-1786005728-9b5927ae04f2,324.819,324.820
data-analyst-1786005842-dd3dd605fbcd,324.837,558.372
reviewer-1786005843-9223475f7147,324.855,703.962
data-analyst-1786005755-cb08da593047,324.895,324.896
data-analyst-1786005768-48fa59686198,324.908,324.909
wide-researcher-1786005843-d7568ffc044e,324.913,540.609
data-analyst-1786005753-05b35ca9484a,324.939,324.940
data-analyst-1786005777-efcbeb2b4467,324.967,324.968
deep-researcher-1786005843-165676f303d8,324.972,567.390
data-analyst-1786005843-f8a7c23842b0,325.018,686.821
data-analyst-1786005748-6a70aad01a43,325.031,325.032
reviewer-1786005843-7e2b73a06e46,325.074,703.034
wide-researcher-1786005843-b36e830b503d,325.130,699.445
deep-researcher-1786005843-7d20b2edf888,325.147,548.199
data-analyst-1786005843-c9a8f154ec39,325.193,686.397
reviewer-1786005843-a04e7136d7e7,325.250,681.771
wide-researcher-1786005843-bfec47397738,325.305,557.278
deep-researcher-1786005843-6e3aa2e57f02,325.337,470.243
data-analyst-1786005843-d667cdf76189,325.368,666.239
reviewer-1786005843-da85dbeb3fc5,325.465,680.626
data-analyst-1786005779-79347fa88ef2,325.491,325.491
wide-researcher-1786005843-fa7b66d6c78c,325.510,642.806
deep-researcher-1786005843-d7bae4a59869,325.554,546.988
data-analyst-1786005843-f890a9d75482,325.694,657.552
data-analyst-1786005753-d0e4458c2b4f,325.720,325.720
reviewer-1786005843-fa8d77a5a74e,325.724,701.073
data-analyst-1786005758-84e5fc84e755,325.736,325.737
wide-researcher-1786005843-e34336e8d6f3,325.807,655.125
deep-researcher-1786005844-d7596fcbdc69,325.837,647.833
data-analyst-1786005844-dbb186bf04fd,325.878,689.918
reviewer-1786005844-648a36051916,325.919,601.715
wide-researcher-1786005844-797427873a62,325.985,554.630
deep-researcher-1786005844-22c5aab93e8a,326.025,465.855
data-analyst-1786005844-30b959ba149d,326.189,703.632
reviewer-1786005844-925a227a69b0,326.220,674.871
wide-researcher-1786005844-dfc873b0b72c,326.298,707.271
data-analyst-1786005775-5c04fbac93da,326.316,326.317
deep-researcher-1786005844-bb87b94d2f3d,326.334,698.342
data-analyst-1786005844-2f395d835060,326.352,704.555
reviewer-1786005844-7d199b468f8a,326.385,676.811
wide-researcher-1786005844-0113702204ed,326.527,547.513
deep-researcher-1786005844-e388402c3197,326.567,692.818
data-analyst-1786005844-9467e160dfb2,326.586,698.899
reviewer-1786005844-19930a397652,326.607,643.004
wide-researcher-1786005844-d8c5bf3ba565,326.651,700.350
deep-researcher-1786005845-1a3874015d0d,326.692,552.622
data-analyst-1786005845-11e6ce370539,326.761,655.223
reviewer-1786005845-2cb20996c897,326.789,679.843
wide-researcher-1786005845-d6fcfe4139b8,326.915,586.385
deep-researcher-1786005845-cbaa714498ea,326.974,697.206
data-analyst-1786005791-8787bcbc38d8,327.001,431.833
data-analyst-1786005791-04a16ea8395b,327.015,421.787
data-analyst-1786005845-7762c1653896,327.207,698.055
data-analyst-1786005729-8a51b87a1600,327.232,327.233
reviewer-1786005845-b8d9be2ed93a,327.237,675.814
data-analyst-1786005783-b4a9cf16eaaa,327.249,327.250
data-analyst-1786005769-9e911235617b,327.307,327.307
wide-researcher-1786005845-2dad554fc058,327.326,539.365
deep-researcher-1786005845-417ea4f6aa3c,327.352,706.698
data-analyst-1786005781-2db221195f27,327.384,327.385
data-analyst-1786005845-6ef3f79314d3,327.393,654.539
reviewer-1786005845-0d746d1735e6,327.428,648.693
wide-researcher-1786005845-d7eb0c7294d3,327.478,466.081
data-analyst-1786005743-e9cf9f8977f3,327.501,327.502
deep-researcher-1786005845-cb56ee6bb1d0,327.506,695.765
data-analyst-1786005782-18952db0741e,327.519,327.520
data-analyst-1786005733-a64f51072c66,327.534,439.434
data-analyst-1786005750-ba27fa59d11a,327.552,327.552
data-analyst-1786005730-16457e66e55a,327.691,327.691
data-analyst-1786005845-a9c20c14fabd,327.738,676.890
data-analyst-1786005777-a551b013afb9,327.772,327.773
reviewer-1786005845-87a2a63b30b5,327.797,696.217
data-analyst-1786005791-15f7b7617ba3,327.831,435.028
wide-researcher-1786005845-0b880be6bc00,327.858,441.707
deep-researcher-1786005845-61b25634a801,327.879,696.758
data-analyst-1786005791-d5ac1b7ac1ce,327.879,442.518
data-analyst-1786005846-97e38b392bdb,327.896,704.198
data-analyst-1786005758-2ce2f73f4fc4,327.919,327.920
reviewer-1786005846-d147111687d8,327.941,695.298
wide-researcher-1786005846-e1628caf9d66,328.014,597.316
deep-researcher-1786005846-7203d31f54f5,328.046,701.017
data-analyst-1786005846-ad21f3481116,328.076,687.294
reviewer-1786005846-a59b0a7044e5,328.097,690.299
wide-researcher-1786005846-dc4a786c1449,328.127,651.539
deep-researcher-1786005846-81f551e704f4,328.163,467.828
data-analyst-1786005846-c80a5fed9ddf,328.200,676.843
reviewer-1786005846-29b8504ee62d,328.284,684.904
wide-researcher-1786005846-45b38477768b,328.315,560.233
deep-researcher-1786005846-ce99237f86f3,328.356,556.291
data-analyst-1786005846-8ef19350b1ac,328.394,567.470
data-analyst-1786005792-66f70e3e6587,328.448,438.579
data-analyst-1786005792-9631fbf4479c,328.462,551.028
reviewer-1786005846-3fa85e467345,328.528,683.065
wide-researcher-1786005846-1e4b1868361f,328.588,641.769
deep-researcher-1786005846-42f3a273af9c,328.705,553.027
data-analyst-1786005846-ea88db74f1aa,328.760,680.482
data-analyst-1786005792-1ce1eb13e221,328.826,436.990
reviewer-1786005847-38210fc98e5d,328.835,700.696
data-analyst-1786005774-eda0ca393945,328.860,328.861
data-analyst-1786005785-c9a77ee8218e,328.873,328.874
wide-researcher-1786005847-88077e9a6cdf,328.891,545.837
deep-researcher-1786005847-961315ab35e9,328.938,685.945
data-analyst-1786005769-c7e4086cb675,328.966,328.967
data-analyst-1786005847-dd06a0f2bad4,328.990,700.555
reviewer-1786005847-aaff2b07c9a5,329.018,694.630
wide-researcher-1786005847-bdf6081e05a7,329.207,564.123
data-analyst-1786005786-4cc499e1e4e6,329.220,329.221
data-analyst-1786005760-d593d5efffd4,329.233,329.234
deep-researcher-1786005847-6a14b86a1d24,329.238,514.574
data-analyst-1786005847-9637843a1538,329.277,638.739
reviewer-1786005847-5c257c4ad979,329.318,704.728
wide-researcher-1786005847-a9c8dacccd47,329.364,476.909
deep-researcher-1786005847-0210cb4a1182,329.397,556.699
data-analyst-1786005847-470c8afa8728,329.446,675.959
reviewer-1786005847-0bbb2c5f84ae,329.604,702.401
wide-researcher-1786005847-f497fa8be609,329.637,588.391
deep-researcher-1786005847-aa32d76c4b7f,329.711,540.965
data-analyst-1786005847-36fc6d5d72f8,329.760,565.771
reviewer-1786005848-74ad0ea07454,329.787,678.818
wide-researcher-1786005848-0c5aaea7109c,329.834,552.211
deep-researcher-1786005848-ed78bfaa7ea4,329.865,541.072
data-analyst-1786005848-c33c39e2174b,329.914,695.107
reviewer-1786005848-44e03ae493b4,330.005,675.239
wide-researcher-1786005848-46327b935b2d,330.060,566.869
deep-researcher-1786005848-ed6dde22249e,330.113,702.994
data-analyst-1786005788-aab69925107c,330.130,429.011
data-analyst-1786005788-48d668823b10,330.147,422.871
data-analyst-1786005848-e09fc64f5d93,330.222,666.904
reviewer-1786005848-d38764e5a5e8,330.241,659.251
data-analyst-1786005785-76200c58b592,330.285,432.016
wide-researcher-1786005848-99f4493b0fce,330.344,658.160
deep-researcher-1786005848-2eeeceff61e4,330.373,565.915
data-analyst-1786005768-40ebc0a346b8,330.387,330.387
data-analyst-1786005848-5e0764b394bc,330.405,693.515
reviewer-1786005848-2c81a6fcb19c,330.453,660.489
wide-researcher-1786005848-079a8a5cab6c,330.529,675.631
data-analyst-1786005785-c154716f2198,330.573,419.278
data-analyst-1786005757-b5688cdb3b5e,330.719,426.972
data-analyst-1786005781-04519a00e05f,330.737,330.737
deep-researcher-1786005848-79d5ca16e583,330.771,617.014
data-analyst-1786005848-b1b42ef172dd,330.835,703.332
reviewer-1786005848-62656c99e4ac,330.905,697.684
wide-researcher-1786005848-e02e50f4677d,330.969,640.053
data-analyst-1786005786-9d20d4c3f078,330.982,426.417
deep-researcher-1786005849-54e9b05c70e3,331.028,443.996
data-analyst-1786005849-4c45bb0f38ad,331.113,696.306
reviewer-1786005849-9dfe67dfb7f1,331.131,681.278
wide-researcher-1786005849-6ced1ee1a126,331.175,440.274
deep-researcher-1786005849-76acab294cf2,331.267,699.137
wide-researcher-1786005849-b8acd05763c6,331.316,703.458
deep-researcher-1786005849-e1ba5b843503,331.333,547.125
data-analyst-1786005757-581d14df1614,331.388,331.388
wide-researcher-1786005849-adf5b6b14704,331.410,543.844
data-analyst-1786005780-fa2bcaed88c9,331.472,331.473
data-analyst-1786005786-7eb5a0b0d579,331.502,331.503
deep-researcher-1786005849-14a89f079200,331.515,562.972
wide-researcher-1786005849-85a92657f186,331.559,542.927
deep-researcher-1786005849-fe9c2e9dd5c7,331.598,551.461
data-analyst-1786005751-8ca95eb82fed,331.717,331.718
wide-researcher-1786005850-8cd2d089d4bc,331.730,692.590
deep-researcher-1786005850-e56e90a039fc,331.747,635.118
wide-researcher-1786005850-5781cdb0adae,331.772,604.670
deep-researcher-1786005850-a87ed5c88d26,331.861,703.071
wide-researcher-1786005850-9f983b1f74b4,331.888,703.497
deep-researcher-1786005850-a81e4b19c9d7,331.919,707.976
data-analyst-1786005748-5494e18ebb26,331.946,331.947
data-analyst-1786005783-1fd7e486ddd6,331.961,331.961
wide-researcher-1786005850-72dd56a97e83,331.970,662.685
deep-researcher-1786005850-c77987095ed9,332.007,578.808
wide-researcher-1786005850-7cc95c457aef,332.043,647.815
deep-researcher-1786005850-bc6c8d7b7eae,332.225,677.770
wide-researcher-1786005850-4686f3fba7e0,332.258,511.511
data-analyst-1786005774-867cda43d451,332.285,332.286
deep-researcher-1786005850-87806bf529ec,332.290,697.556
wide-researcher-1786005850-7031b6b5ae4c,332.330,699.320
deep-researcher-1786005850-c9fc1ed3f187,332.350,705.001
data-analyst-1786005780-5cd6d6209586,332.418,332.419
wide-researcher-1786005850-097839c7e9b4,332.423,665.364
data-analyst-1786005727-25cda19555da,332.435,332.435
deep-researcher-1786005850-6cc6239fc635,332.469,507.165
wide-researcher-1786005850-cf7a76b3bb43,332.539,564.513
deep-researcher-1786005850-e457d0c9c3c5,332.627,699.965
wide-researcher-1786005851-f4bb617eb8e8,332.647,540.460
deep-researcher-1786005851-c02748dbfeb2,332.699,548.554
wide-researcher-1786005851-bb092fcb1fd9,332.731,701.953
deep-researcher-1786005851-3e6d1b1a0871,332.784,675.706
wide-researcher-1786005851-04b963af0a55,332.830,544.551
deep-researcher-1786005851-4c396290e65f,332.848,564.527
wide-researcher-1786005851-44cf194be44c,332.885,560.281
deep-researcher-1786005851-2e737ca68841,332.923,563.669
data-analyst-1786005784-c00b2216eee1,332.979,332.980
wide-researcher-1786005851-dad6dd0a9261,333.022,444.163
deep-researcher-1786005851-6b7b8e394d15,333.063,567.067
wide-researcher-1786005851-7f52a6435fc8,333.081,618.814
deep-researcher-1786005851-04c6219306cf,333.109,688.447
wide-researcher-1786005851-06e803e4e397,333.140,698.074
deep-researcher-1786005851-2b7ee4c53fd9,333.211,674.801
wide-researcher-1786005851-7839ce812613,333.242,669.844
deep-researcher-1786005851-fdc4c858eaf8,333.263,637.886
wide-researcher-1786005851-11c0d0a1ff99,333.377,645.493
data-analyst-1786005757-4e3cb324026f,333.391,424.849
data-analyst-1786005733-4d6b58c3a8f4,333.405,423.104
deep-researcher-1786005851-7ca0731dabe6,333.480,445.507
wide-researcher-1786005851-f312e8ccf032,333.546,678.113
deep-researcher-1786005851-5fc18c35d089,333.565,545.202
data-analyst-1786005735-259fa2673e1d,333.691,333.692
data-analyst-1786005791-bc394f31cc0a,333.718,424.867
wide-researcher-1786005852-eb5a7795df57,333.741,653.937
deep-researcher-1786005852-58a06b7a4923,333.772,709.425
wide-researcher-1786005852-2ee1450a610b,333.790,699.820
deep-researcher-1786005852-c43c90740edb,333.851,681.867
wide-researcher-1786005852-0af9019ac8dd,333.869,678.051
data-analyst-1786005795-56e5ddd54f33,333.883,426.711
data-analyst-1786005795-46444e6ea9d0,333.896,422.260
deep-researcher-1786005852-84baefbd4a57,333.937,438.205
data-analyst-1786005791-d466e0f70c6e,333.946,419.140
wide-researcher-1786005852-5d6c07ee4edc,333.974,654.393
deep-researcher-1786005852-3ad1c81cd97b,333.993,562.329
wide-researcher-1786005852-aed771547893,334.032,651.219
data-analyst-1786005739-431811fe7fc6,334.051,334.052
deep-researcher-1786005852-1275475d36dc,334.060,692.916
wide-researcher-1786005852-ff27c1a2991d,334.098,547.020
deep-researcher-1786005852-c46fd67c71b5,334.141,562.856
wide-researcher-1786005852-2feee282cf8f,334.158,682.499
deep-researcher-1786005852-f1a64994c9e5,334.210,500.031
data-analyst-1786005765-b4a09322b4c8,334.224,429.026
wide-researcher-1786005852-43532a98c282,334.240,683.866
data-analyst-1786005733-d2832ad38e0c,334.244,334.244
deep-researcher-1786005852-53c4a68e00ee,334.297,619.995
wide-researcher-1786005852-6bc7edccc79f,334.338,484.156
deep-researcher-1786005852-28375cd339e8,334.356,580.170
data-analyst-1786005795-b9cd4948bbac,334.463,556.627
wide-researcher-1786005852-b740304d9157,334.531,570.216
deep-researcher-1786005852-27d81e732014,334.588,581.082
wide-researcher-1786005853-51c58fcd977e,334.727,649.890
deep-researcher-1786005853-162696e41900,334.790,549.653
wide-researcher-1786005853-3eed07373739,334.893,664.597
deep-researcher-1786005853-a535da37b848,334.940,481.565
wide-researcher-1786005853-e717534a685d,334.981,565.799
deep-researcher-1786005853-6b79920c4732,335.065,642.396
wide-researcher-1786005853-b3fbf8d5d85d,335.087,653.706
data-analyst-1786005755-1b0bc2e0292e,335.091,424.489
data-analyst-1786005739-42eca7a1bba1,335.109,335.109
data-analyst-1786005768-71b0e69008ad,335.122,335.122
deep-researcher-1786005853-6e2b11114551,335.251,685.647
wide-researcher-1786005853-e8c885e41d85,335.294,551.072
deep-researcher-1786005853-fe97442c3659,335.341,541.646
wide-researcher-1786005853-f8d45679cd80,335.358,554.918
deep-researcher-1786005853-807776a66794,335.424,639.339
wide-researcher-1786005853-b7261de79cbe,335.442,553.229
deep-researcher-1786005853-822613fba0dc,335.496,563.276
wide-researcher-1786005853-f0e625701c3f,335.514,649.352
deep-researcher-1786005853-1ab5b508e89f,335.613,699.404
wide-researcher-1786005853-eb9ac2ea5c4f,335.644,580.354
deep-researcher-1786005854-ae7ad9755aa7,335.662,583.136
wide-researcher-1786005854-197819480c14,335.754,562.641
data-analyst-1786005739-3c5600245e18,335.805,420.255
data-analyst-1786005724-e4e31077b758,335.818,432.957
deep-researcher-1786005854-0b86506f0784,335.849,570.997
wide-researcher-1786005854-6b9ad62cb20f,335.868,464.702
deep-researcher-1786005854-d852be9cb63e,336.033,552.726
wide-researcher-1786005854-2812457e5dee,336.104,685.798
data-analyst-1786005788-c2e03722d215,336.180,336.180
data-analyst-1786005753-37ad71a59e26,336.194,336.194
data-analyst-1786005760-156a7e937350,336.221,336.222
deep-researcher-1786005854-ec54cce47558,336.230,550.568
data-analyst-1786005796-da79d71e3afa,336.319,427.385
wide-researcher-1786005854-f18e2dbebfb7,336.343,645.997
data-analyst-1786005791-e2c76600d319,336.356,429.759
deep-researcher-1786005854-b72cc54faaa8,336.382,649.003
wide-researcher-1786005854-12eae1a8737b,336.401,567.927
data-analyst-1786005785-4acb039118aa,336.410,336.411
deep-researcher-1786005854-40eda8aa8eb0,336.452,697.647
wide-researcher-1786005854-b45ab0672c67,336.500,683.550
deep-researcher-1786005854-1ee773c3c719,336.573,649.384
wide-researcher-1786005854-91bcf21aaabc,336.591,700.853
deep-researcher-1786005855-d4919c09ca0e,336.764,561.627
wide-researcher-1786005855-0c91b9803a6f,336.809,699.178
deep-researcher-1786005855-abb18392539c,336.868,702.132
wide-researcher-1786005855-eba9780cea4b,336.886,563.760
deep-researcher-1786005855-790fbaa4bb6d,336.945,668.849
wide-researcher-1786005855-573d35aa1ac8,336.963,648.775
deep-researcher-1786005855-0e192c0a6eac,337.003,695.932
wide-researcher-1786005855-27e62705385e,337.024,647.103
deep-researcher-1786005855-e0618914300e,337.052,691.007
data-analyst-1786005767-8c09b8b919fc,337.087,433.768
wide-researcher-1786005855-d2bd716d04ee,337.120,555.535
deep-researcher-1786005855-8268d3417f70,337.153,681.835
data-analyst-1786005772-b5a765ab6448,337.181,337.181
wide-researcher-1786005855-9d194f34bdc7,337.225,556.510
deep-researcher-1786005855-d0641c7f11f7,337.263,673.089
wide-researcher-1786005855-0bf7619bdb27,337.324,565.304
deep-researcher-1786005855-5c7e2517a48d,337.366,704.065
wide-researcher-1786005855-da83f44c316a,337.385,575.221
deep-researcher-1786005855-27fcd7fdd970,337.464,553.259
wide-researcher-1786005855-f69d0a6d9275,337.568,566.259
data-analyst-1786005797-0a0a55a38ae8,337.645,431.333
deep-researcher-1786005855-c707f88738f8,337.812,455.410
wide-researcher-1786005856-f6ae7215dbcb,337.853,659.186
deep-researcher-1786005856-e16ca5be4d86,337.902,682.407
wide-researcher-1786005856-5a95044b542d,337.924,564.886
deep-researcher-1786005856-cf9cb8dd391a,337.967,675.599
wide-researcher-1786005856-04f4de0ecbe1,337.998,664.265
deep-researcher-1786005856-98bf7c55d136,338.015,560.912
data-analyst-1786005790-ae2f52903ef3,338.080,419.017
wide-researcher-1786005856-36a20b0adad0,338.102,485.477
deep-researcher-1786005856-934ccd03d6fc,338.276,672.376
wide-researcher-1786005856-c49f21b27865,338.318,547.285
data-analyst-1786005794-258553a34bba,338.347,419.030
deep-researcher-1786005856-63c17bc9af4f,338.357,677.385
wide-researcher-1786005856-7a8dd9ccaf03,338.380,502.847
deep-researcher-1786005856-d96bfa8fb875,338.401,701.035
data-analyst-1786005786-cea1af9193d2,338.412,338.413
wide-researcher-1786005856-97f7f815498b,338.441,699.946
deep-researcher-1786005856-099df8d963ff,338.460,558.094
wide-researcher-1786005856-0b40c59a0148,338.500,697.308
deep-researcher-1786005856-9af49b2f5305,338.524,685.384
data-analyst-1786005797-185720e7fda5,338.554,424.091
data-analyst-1786005797-7acc2763a9eb,338.567,422.466
wide-researcher-1786005856-57e9f20a7c30,338.567,697.340
deep-researcher-1786005856-11a454816544,338.635,538.747
wide-researcher-1786005857-e53e334649e8,338.664,643.766
deep-researcher-1786005857-77d03ea0399b,338.683,685.983
wide-researcher-1786005857-9dcc027eaf35,338.734,688.273
data-analyst-1786005780-db406cb14675,338.735,425.901
data-analyst-1786005753-16f5c372be6e,338.758,425.133
deep-researcher-1786005857-88b6daf30bcf,338.775,681.355
wide-researcher-1786005857-8834f2aa1d02,338.839,560.266
deep-researcher-1786005857-ceb7187ac072,338.906,590.193
wide-researcher-1786005857-2d17107d5436,338.956,609.294
deep-researcher-1786005857-decc4c1073d9,338.976,686.840
wide-researcher-1786005857-9d7130e110f6,339.183,650.502
deep-researcher-1786005857-722d8380bae6,339.327,685.273
wide-researcher-1786005857-e4c1b3b0ca7f,339.371,666.723
deep-researcher-1786005857-0e48aaf901d0,339.401,693.049
wide-researcher-1786005857-b154a8be141c,339.465,560.250
deep-researcher-1786005857-ee996c7025d9,339.533,697.573
wide-researcher-1786005857-4bfbb454cbdf,339.586,693.240
data-analyst-1786005768-c18ff319d974,339.608,427.648
deep-researcher-1786005858-49ff2781a4db,339.617,556.217
data-analyst-1786005758-e228346d4c3d,339.625,417.224
wide-researcher-1786005858-90c06d718bf8,339.832,544.745
deep-researcher-1786005858-a89ffeaad964,339.890,705.348
wide-researcher-1786005858-d83bf7fd3210,339.911,548.969
data-analyst-1786005785-3d78a497de2a,339.937,435.759
deep-researcher-1786005858-a6ed53e7240e,339.961,698.406
data-analyst-1786005766-1d187336e98e,339.974,417.777
wide-researcher-1786005858-b5194a50473b,339.984,639.562
deep-researcher-1786005858-cc073abd4000,340.012,553.481
data-analyst-1786005774-e8dc43d753f7,340.017,340.018
wide-researcher-1786005858-e42af4a5bfba,340.031,476.073
data-analyst-1786005774-375c3224018c,340.036,340.037
deep-researcher-1786005858-d6ef76481866,340.050,563.518
wide-researcher-1786005858-ab5040dc2536,340.081,674.186
deep-researcher-1786005858-5da07fa5dc1a,340.141,685.554
wide-researcher-1786005858-2cd74888ac7b,340.181,701.094
data-analyst-1786005741-a9f059e7ad55,340.191,340.192
deep-researcher-1786005858-f0eaba063589,340.202,676.208
wide-researcher-1786005858-f8ca4e096bbe,340.257,565.359
deep-researcher-1786005858-f053daab6744,340.288,702.362
wide-researcher-1786005858-dba35e30ee5d,340.325,596.058
deep-researcher-1786005858-859736c2f226,340.348,671.456
wide-researcher-1786005858-25cd559c0a32,340.390,682.180
deep-researcher-1786005858-83dda7195737,340.421,550.263
data-analyst-1786005791-7c3beddae9c3,340.472,340.472
wide-researcher-1786005858-35f4f680c81e,340.476,589.647
data-analyst-1786005753-02e327e2ef55,340.627,537.807
data-analyst-1786005792-e763efd48965,340.646,340.647
deep-researcher-1786005858-f8520ab6b39d,340.842,685.609
wide-researcher-1786005858-5f79b24d3eae,340.872,581.452
deep-researcher-1786005859-fb90325e73ee,340.940,676.061
wide-researcher-1786005859-0143b3fb61e1,341.136,616.998
deep-researcher-1786005859-2169ae16349d,341.292,698.197
wide-researcher-1786005859-efc4fecd273a,341.333,554.791
deep-researcher-1786005859-c780c19bcb4d,341.381,548.364
wide-researcher-1786005859-1f32cb1d81f9,341.408,624.432
deep-researcher-1786005859-79974ae29e45,341.430,640.472
wide-researcher-1786005859-c1c866566d43,341.473,655.444
deep-researcher-1786005859-25c16e8c9d35,341.490,542.542
wide-researcher-1786005859-c0d19ffb653c,341.528,679.428
deep-researcher-1786005859-7044cf3066fe,341.547,561.535
wide-researcher-1786005859-bae5e91abf08,341.600,699.081
deep-researcher-1786005860-df40d201c64f,341.658,495.259
wide-researcher-1786005860-9caf5dfbe8c5,341.701,564.813
deep-researcher-1786005860-cc1242a24398,341.720,566.059
wide-researcher-1786005860-e9f030296d0d,341.763,660.897
deep-researcher-1786005860-785066d2c319,341.797,552.114
wide-researcher-1786005860-f8859121cba1,341.836,557.901
deep-researcher-1786005860-7b3149adc9c3,341.855,549.445
data-analyst-1786005769-0e5ac08c8559,341.886,419.201
data-analyst-1786005766-f94f8eb96bfc,341.899,428.264
wide-researcher-1786005860-c210dba46324,341.904,678.329
data-analyst-1786005764-0eabeb028971,341.912,439.004
data-analyst-1786005799-9d8c08ebc1ad,342.027,459.892
data-analyst-1786005799-d5954f1b4208,342.040,494.345
deep-researcher-1786005860-e7b8db32043d,342.064,701.054
data-analyst-1786005791-4c5a0605a6e3,342.078,424.539
wide-researcher-1786005860-7417872558c9,342.201,683.140
deep-researcher-1786005860-0842798c627a,342.355,567.548
wide-researcher-1786005860-c8e74edda1b0,342.454,696.029
data-analyst-1786005795-6131c0755cb0,342.471,421.397
deep-researcher-1786005860-6a4cf2bb6045,342.557,708.854
wide-researcher-1786005860-cc48e689e0b7,342.651,654.578
data-analyst-1786005760-9a4a9041b2c5,342.900,342.900
deep-researcher-1786005861-f4858b755ac9,342.919,651.599
wide-researcher-1786005861-6453e0f54d61,342.937,644.965
deep-researcher-1786005861-6470895a4b73,342.977,564.585
wide-researcher-1786005861-80ff02037f46,343.041,579.464
deep-researcher-1786005861-b71956ee5afe,343.071,588.969
wide-researcher-1786005861-442d0bc7eb1a,343.104,554.296
data-analyst-1786005799-d2f8440fa195,343.117,421.968
deep-researcher-1786005861-d91261644950,343.194,482.242
wide-researcher-1786005861-6159b6847583,343.217,695.406
deep-researcher-1786005861-67d18c0ed2d5,343.269,557.292
wide-researcher-1786005861-ab1f5c56961b,343.308,539.254
deep-researcher-1786005861-694a75b66437,343.347,690.484
wide-researcher-1786005861-f03b32228260,343.370,550.060
deep-researcher-1786005861-4c260b4b0893,343.408,659.340
wide-researcher-1786005861-3485ae3698c0,343.578,551.787
deep-researcher-1786005861-b462f7372e99,343.710,628.880
wide-researcher-1786005862-1628c1c8f684,343.860,637.462
deep-researcher-1786005862-7b3b90e3bd81,343.878,548.014
data-analyst-1786005774-56f54fc2cfb9,343.883,418.076
wide-researcher-1786005862-4fde78f76323,343.928,680.466
deep-researcher-1786005862-8a8c333f4ac8,343.948,689.430
data-analyst-1786005781-e6626c85573e,343.959,343.959
wide-researcher-1786005862-d13b814fe2d5,344.004,689.214
data-analyst-1786005800-892bc154ab85,344.005,423.488
data-analyst-1786005800-6cf29901e216,344.025,423.931
data-analyst-1786005800-6a0d053cde6f,344.039,424.180
data-analyst-1786005800-19121b5abaeb,344.054,427.272
deep-researcher-1786005862-d8a1ffa08beb,344.122,579.271
data-analyst-1786005790-605b54513697,344.261,423.273
data-analyst-1786005774-b8ce7af5276d,344.350,432.031
wide-researcher-1786005862-3204ec39c360,344.355,560.218
deep-researcher-1786005862-403fac958228,344.435,542.673
wide-researcher-1786005862-694dcbea0560,344.516,695.916
deep-researcher-1786005862-d591ca0fc892,344.544,686.082
wide-researcher-1786005862-4b0ee770ce68,344.580,564.956
deep-researcher-1786005863-2087f20a3d50,344.619,679.948
wide-researcher-1786005863-627b6541e33d,344.678,556.276
data-analyst-1786005794-92518053d6c5,344.689,432.872
data-analyst-1786005783-17bdb8c481a9,344.707,344.707
deep-researcher-1786005863-0078eaa4d0fc,344.724,544.637
wide-researcher-1786005863-309076e3e8cc,344.776,680.705
deep-researcher-1786005863-af8f0c7ea92b,344.813,562.572
data-analyst-1786005780-f8bf70f52c3a,344.872,344.872
wide-researcher-1786005863-57e69dd6d3b0,344.873,566.517
data-analyst-1786005780-dcee40d8601f,344.890,344.891
deep-researcher-1786005863-d1ea060b2c9a,345.093,687.331
wide-researcher-1786005863-855f0e173a61,345.161,542.528
deep-researcher-1786005863-b5b74c74b312,345.218,547.454
wide-researcher-1786005863-f8e833d5f52d,345.238,701.000
deep-researcher-1786005863-a0a624a377de,345.358,574.080
wide-researcher-1786005863-4937b9b16099,345.376,497.726
deep-researcher-1786005863-96dc9629a188,345.403,480.283
wide-researcher-1786005863-4deeacfc2ff9,345.440,644.458
deep-researcher-1786005863-740bade3ad8c,345.459,553.820
wide-researcher-1786005863-06e6c25f6f4b,345.509,642.846
deep-researcher-1786005863-034a1d2a64f2,345.582,579.171
data-analyst-1786005763-25540f41f4e6,345.667,345.667
wide-researcher-1786005863-5ef131c52f02,345.862,558.387
data-analyst-1786005800-8760dcc9901b,345.898,427.127
deep-researcher-1786005864-b24378ecd29b,345.942,556.583
wide-researcher-1786005864-e16047523842,346.026,543.829
deep-researcher-1786005864-dfbeed64d83a,346.055,551.890
wide-researcher-1786005864-52a65117072e,346.088,692.858
deep-researcher-1786005864-7a11361b7866,346.187,676.564
wide-researcher-1786005864-4e4b215a9d47,346.216,686.720
deep-researcher-1786005864-ba5e7a3f2b66,346.288,696.777
wide-researcher-1786005864-2509325a3201,346.319,686.952
deep-researcher-1786005864-2e79ff5c2256,346.372,652.857
wide-researcher-1786005864-158c67e0eb63,346.391,509.137
deep-researcher-1786005864-66627dc824b2,346.436,550.337
data-analyst-1786005741-c5f222190f6a,346.504,431.668
data-analyst-1786005733-3a2a4733555b,346.519,418.657
data-analyst-1786005753-a06c9c6cb3ea,346.533,433.662
wide-researcher-1786005864-6ea032a33bc4,346.585,568.395
deep-researcher-1786005864-6b10ae01ffc5,346.615,641.405
wide-researcher-1786005865-16405fc8643b,346.677,685.257
data-analyst-1786005790-3164a66ceb1c,346.778,346.778
data-analyst-1786005795-6bf72cff37de,346.852,346.852
deep-researcher-1786005865-65cd810d4ce9,346.862,700.160
wide-researcher-1786005865-0f3ccdc8d098,346.896,639.162
deep-researcher-1786005865-f90591329e3d,346.917,705.046
data-analyst-1786005801-686aaf0b99d8,346.927,443.370
wide-researcher-1786005865-00fff10c301c,346.959,692.740
deep-researcher-1786005865-db23cb5bbc11,347.025,708.335
wide-researcher-1786005865-72e6e442c3b0,347.099,470.426
data-analyst-1786005791-10e0677ee344,347.183,427.222
deep-researcher-1786005865-cdcee1d5d5e5,347.192,556.556
wide-researcher-1786005865-ed845239969e,347.315,678.958
data-analyst-1786005780-a6650986033c,347.522,347.523
deep-researcher-1786005865-9dba8cc1d359,347.527,573.812
wide-researcher-1786005865-8c22d3bc4bbb,347.571,686.980
deep-researcher-1786005865-f22a9b69c9a1,347.589,561.052
wide-researcher-1786005866-5a8ffe7ee2cd,347.608,563.683
deep-researcher-1786005866-6ff710271314,347.642,687.036
data-analyst-1786005748-03385e6b8161,347.671,347.672
wide-researcher-1786005866-a9f8c9002e27,347.700,648.115
deep-researcher-1786005866-4ecc19f350ba,347.735,691.308
data-analyst-1786005801-bc4d9df686a9,347.778,426.296
wide-researcher-1786005866-9c52c3b0ea84,347.787,557.203
data-analyst-1786005801-ee02242240ca,347.795,428.709
deep-researcher-1786005866-018b9b63b0d9,347.804,637.868
data-analyst-1786005768-edecdd0448ca,347.831,347.831
wide-researcher-1786005866-e176d4984839,347.836,678.546
data-analyst-1786005790-0ac99ddd64cc,347.849,347.850
deep-researcher-1786005866-50ec74c3a38a,347.875,576.352
wide-researcher-1786005866-fa30f1416659,347.897,686.509
deep-researcher-1786005866-d3e202935a91,347.952,542.558
wide-researcher-1786005866-cc8578c74df9,348.098,693.632
data-analyst-1786005757-5e468a02ffb2,348.112,348.113
data-analyst-1786005760-25d1f89b8d5f,348.127,348.128
deep-researcher-1786005866-2c6c3a66ce6a,348.175,699.197
data-analyst-1786005768-5a3adbb44d77,348.189,348.190
data-analyst-1786005801-318fa61e518a,348.267,432.230
data-analyst-1786005801-63adaa2efbe8,348.281,503.672
wide-researcher-1786005866-95b79f26c337,348.374,552.680
data-analyst-1786005778-b5b7b8788d3f,348.393,348.393
deep-researcher-1786005866-c55244c428ff,348.393,700.661
wide-researcher-1786005866-4acd4ba4b97f,348.425,655.339
deep-researcher-1786005866-a000a6cdcdbe,348.456,558.461
wide-researcher-1786005866-7f2cb9702dd4,348.476,565.826
deep-researcher-1786005866-3ca96b316fe1,348.535,705.280
data-analyst-1786005779-f557b794641f,348.557,348.557
wide-researcher-1786005866-ead6f08e0bf7,348.618,678.762
data-analyst-1786005729-d661a9805b99,348.648,348.648
data-analyst-1786005780-8f6a9905996b,348.661,348.662
deep-researcher-1786005867-ede490ee3ab0,348.690,570.416
data-analyst-1786005747-49a0e6c620c0,348.784,348.784
wide-researcher-1786005867-4d85151cac9b,348.882,651.519
deep-researcher-1786005867-591cbbe90c4a,348.920,542.387
wide-researcher-1786005867-e5ab21efd5a0,349.018,628.351
deep-researcher-1786005867-d25b8581d3fc,349.078,695.964
wide-researcher-1786005867-fb244e208790,349.101,574.804
deep-researcher-1786005867-4b5bf7f2bc5a,349.120,645.041
wide-researcher-1786005867-b87d151b3c48,349.154,651.239
deep-researcher-1786005867-edc01e0ab614,349.215,650.580
wide-researcher-1786005867-e03fbf946bc0,349.244,681.548
deep-researcher-1786005867-085d4b99552f,349.263,709.258
wide-researcher-1786005867-db0cf6953be2,349.292,702.822
deep-researcher-1786005867-26eea7ed1495,349.347,584.252
data-analyst-1786005772-538e7d092e18,349.383,419.077
wide-researcher-1786005867-607f39eaa8dd,349.388,599.671
data-analyst-1786005772-08a80373df55,349.400,422.346
deep-researcher-1786005867-e558f69e3a26,349.409,591.851
data-analyst-1786005764-06f01a193a6a,349.418,436.842
wide-researcher-1786005867-dd4fc7b6bdb0,349.460,541.802
deep-researcher-1786005867-15c8ea2acbc6,349.528,556.066
wide-researcher-1786005867-a16db9928a8c,349.618,662.852
deep-researcher-1786005867-287a3b120ef1,349.685,685.841
data-analyst-1786005802-ae485f982804,349.730,418.407
data-analyst-1786005802-f73aac5d3c2c,349.746,417.982
wide-researcher-1786005868-27fb4f02864a,349.774,555.072
data-analyst-1786005735-d0dc4b6f437b,349.784,349.784
deep-researcher-1786005868-53b97bfa21b5,349.853,700.023
data-analyst-1786005802-a40c060b63dc,349.863,427.558
data-analyst-1786005802-b1ee0c31be88,349.876,432.780
wide-researcher-1786005868-50c75506b944,349.884,566.044
deep-researcher-1786005868-9b9006d4cac2,349.923,604.857
wide-researcher-1786005868-443a6f7bb350,349.942,560.391
deep-researcher-1786005868-428d51d562f0,349.986,565.855
data-analyst-1786005802-7e1969ed3e39,350.000,431.749
data-analyst-1786005790-42e85f0f6ebc,350.033,419.473
wide-researcher-1786005868-ef348f0223e3,350.114,570.372
deep-researcher-1786005868-d25671f465de,350.174,551.275
data-analyst-1786005794-0b42ec74dca2,350.249,350.249
data-analyst-1786005740-9ec0a00344af,350.290,350.290
data-analyst-1786005729-96db63349892,350.363,350.363
wide-researcher-1786005868-fbc12da8d3d3,350.404,549.224
deep-researcher-1786005868-2b5e067d373e,350.432,708.133
wide-researcher-1786005868-b050e85ae4e5,350.528,642.973
deep-researcher-1786005868-1dc7faa38043,350.561,647.025
data-analyst-1786005793-b6c11bad682c,350.596,422.596
wide-researcher-1786005868-4d09052127d8,350.604,567.898
deep-researcher-1786005869-b744d8654d5a,350.621,540.654
data-analyst-1786005802-4804828da44f,350.650,427.681
wide-researcher-1786005869-a3d29ee274a4,350.660,668.372
data-analyst-1786005756-0a903acb3d4a,350.689,422.696
deep-researcher-1786005869-d6e13482776c,350.772,561.424
wide-researcher-1786005869-0d77881225f2,350.825,571.379
deep-researcher-1786005869-d8d4f8834114,350.863,649.094
wide-researcher-1786005869-3905f4fc9aa8,350.898,538.473
deep-researcher-1786005869-9f06fb04c8a1,350.919,607.681
wide-researcher-1786005869-3884926d70bb,350.950,557.779
deep-researcher-1786005869-b2a99b6bdf32,350.969,554.588
wide-researcher-1786005869-fd7fdd8a1b7e,351.040,589.620
data-analyst-1786005802-61660921fb89,351.066,430.742
deep-researcher-1786005869-1473d9d37ec1,351.127,546.414
wide-researcher-1786005869-45187fc74e37,351.196,690.153
deep-researcher-1786005869-559b0d318d3f,351.293,550.247
wide-researcher-1786005869-5f6718c8ea16,351.428,677.251
deep-researcher-1786005869-465b6df62494,351.496,546.116
wide-researcher-1786005869-42880ba27d7b,351.571,551.151
deep-researcher-1786005869-202751cbfd9f,351.622,643.727
wide-researcher-1786005870-7ec7c1c556c8,351.644,692.155
deep-researcher-1786005870-689ca3d037e9,351.718,649.590
data-analyst-1786005743-5b8f49003cf1,351.780,417.937
data-analyst-1786005800-7a21b3e980fa,351.912,417.965
wide-researcher-1786005870-b4aad7e89049,351.987,653.644
data-analyst-1786005780-7a6110172dca,351.992,351.992
data-analyst-1786005799-af84a0ffa42f,352.037,432.295
deep-researcher-1786005870-f655d5cc55fd,352.041,574.747
wide-researcher-1786005870-c56e625dafc7,352.115,686.475
data-analyst-1786005803-48bb54135996,352.132,420.393
deep-researcher-1786005870-2a3aee660e24,352.137,698.582
data-analyst-1786005803-73796be66ed0,352.149,420.557
data-analyst-1786005803-2515a0d77a69,352.162,433.291
wide-researcher-1786005870-9c134f3855b9,352.166,677.326
deep-researcher-1786005870-db54e8b425ef,352.247,665.136
wide-researcher-1786005870-1150915c8dd5,352.275,696.718
data-analyst-1786005803-af0f61d5d2dd,352.280,428.617
deep-researcher-1786005870-86c56d4c3bb9,352.315,693.891
wide-researcher-1786005870-a9881ab3dcc9,352.334,596.597
deep-researcher-1786005870-86d48e9402fb,352.372,555.763
data-analyst-1786005798-846cf0de8f4a,352.383,422.886
wide-researcher-1786005870-8ddddab6c474,352.414,682.604
deep-researcher-1786005870-cf66484d58d1,352.477,465.110
wide-researcher-1786005870-07a8e555a303,352.557,679.020
deep-researcher-1786005870-06d00c2f4669,352.641,531.677
wide-researcher-1786005871-4d22fb503cbc,352.715,674.374
deep-researcher-1786005871-b079f4d88099,352.796,698.740
data-analyst-1786005803-3c2d41ac7dda,352.874,420.084
data-analyst-1786005803-659af275c4f0,352.887,428.753
data-analyst-1786005803-ec5cc6205620,352.902,539.536
wide-researcher-1786005871-f343b5fb582a,352.910,643.991
data-analyst-1786005793-669064328bc8,352.938,352.939
deep-researcher-1786005871-d3cba7449208,352.943,696.487
wide-researcher-1786005871-1e97ba30d2fd,352.993,672.078
deep-researcher-1786005871-913668bad95c,353.075,654.637
wide-researcher-1786005871-629760db66c2,353.143,672.723
data-analyst-1786005803-61fc2ac98918,353.183,434.462
data-analyst-1786005803-ec4ad59bae9b,353.196,442.741
data-analyst-1786005803-036cd638ce9b,353.209,421.521
deep-researcher-1786005871-de14539c0553,353.410,644.709
wide-researcher-1786005871-d219028154c7,353.461,651.061
data-analyst-1786005770-eaf3d16b3f8c,353.472,353.472
deep-researcher-1786005871-33473534013f,353.502,649.638
wide-researcher-1786005871-14ff487c1c54,353.617,602.635
deep-researcher-1786005871-cf002e457ec8,353.641,656.853
data-analyst-1786005797-f73319ceb73c,353.658,353.658
wide-researcher-1786005872-280300b10f0f,353.757,688.348
deep-researcher-1786005872-9a383b18fbc6,353.786,707.898
data-analyst-1786005793-75d5ff82d29f,353.825,452.441
wide-researcher-1786005872-5f30c3aa50cf,353.830,688.467
deep-researcher-1786005872-6f12182745fa,353.853,643.804
wide-researcher-1786005872-f7a54890bd55,353.886,445.426
deep-researcher-1786005872-75f4d0217765,353.928,544.125
wide-researcher-1786005872-b242e642e2a2,353.948,677.306
deep-researcher-1786005872-1ffc1e49432f,353.979,552.870
wide-researcher-1786005872-58321cb5a47a,354.051,558.664
deep-researcher-1786005872-7cd4830c22f5,354.122,662.985
wide-researcher-1786005872-c718d604b448,354.202,637.478
deep-researcher-1786005872-6ec9ab08eb38,354.305,704.804
wide-researcher-1786005872-e9cd568a648d,354.417,538.962
deep-researcher-1786005872-dea73950f876,354.458,647.703
wide-researcher-1786005872-ed677b6a7209,354.575,646.481
deep-researcher-1786005872-bc5e0f779be9,354.643,708.149
wide-researcher-1786005873-8cff406382fa,354.662,543.653
deep-researcher-1786005873-dd182df37639,354.748,548.786
data-analyst-1786005744-f7909ccac5c9,354.825,419.891
wide-researcher-1786005873-960947d40505,354.830,605.306
deep-researcher-1786005873-74eb067f9c01,354.924,610.836
wide-researcher-1786005873-d3b423b5d7d8,355.012,553.761
deep-researcher-1786005873-f02e31c8da46,355.053,564.340
wide-researcher-1786005873-66d94385f5c8,355.095,557.933
deep-researcher-1786005873-36cef2cddb00,355.134,554.513
wide-researcher-1786005873-e40212be35b3,355.159,679.332
data-analyst-1786005804-2a4f4a78070c,355.168,550.471
data-analyst-1786005804-9440b8de6305,355.180,423.646
data-analyst-1786005791-6045dbba92a6,355.210,355.210
deep-researcher-1786005873-f2f73d082bf6,355.269,547.438
wide-researcher-1786005873-3b59be1eef9f,355.300,694.192
data-analyst-1786005804-7539c989526e,355.330,420.274
deep-researcher-1786005873-99184d6c3584,355.331,566.799
data-analyst-1786005804-e28433f40292,355.347,435.250
data-analyst-1786005804-0d853c4aad31,355.359,444.313
wide-researcher-1786005873-e31cd9fbfb04,355.368,564.799
deep-researcher-1786005873-1b149860b8f4,355.402,539.519
data-analyst-1786005759-70226bf9e060,355.426,355.426
wide-researcher-1786005873-d658efafa960,355.444,671.115
deep-researcher-1786005873-205335a52e26,355.462,658.282
wide-researcher-1786005873-3afd672874f4,355.567,701.937
deep-researcher-1786005873-5912712c192c,355.671,690.016
wide-researcher-1786005874-7e065f5aa078,355.743,565.717
deep-researcher-1786005874-bfebe9526b4e,355.821,588.487
data-analyst-1786005733-8da45fc3b2a8,355.874,420.676
data-analyst-1786005789-672f74205667,355.893,355.893
wide-researcher-1786005874-579c1f94b483,355.931,547.199
data-analyst-1786005788-e6f88cc6bbfb,355.999,355.999
data-analyst-1786005743-8c5326c736d0,356.012,356.012
data-analyst-1786005772-97f2e6cceb24,356.025,356.025
deep-researcher-1786005874-781c53e3c9ed,356.033,637.238
wide-researcher-1786005874-319e8dd3e795,356.081,668.065
deep-researcher-1786005874-ba16c45e6816,356.162,683.949
data-analyst-1786005801-c33204460104,356.183,423.626
wide-researcher-1786005874-3b14af859bc9,356.210,552.480
deep-researcher-1786005874-00c0c957cb8e,356.253,584.550
wide-researcher-1786005874-a08b78b8a127,356.470,674.626
deep-researcher-1786005874-c5ed9a6d9750,356.564,670.518
data-analyst-1786005778-e9ef5f490b3f,356.566,356.566
wide-researcher-1786005874-2a6205674a77,356.595,708.756
data-analyst-1786005798-687b268fe7a4,356.646,356.646
deep-researcher-1786005875-822f6e223284,356.652,566.889
data-analyst-1786005791-d9bb81d02b9a,356.717,420.640
wide-researcher-1786005875-ff2e76ca4ab7,356.784,652.755
data-analyst-1786005804-c234f2440e70,356.799,553.318
deep-researcher-1786005875-4239d55ef49f,356.813,691.592
data-analyst-1786005804-75b7095c97e6,356.813,427.590
data-analyst-1786005804-c9c9f57722a8,356.831,439.160
wide-researcher-1786005875-e140828a8da3,356.844,543.761
deep-researcher-1786005875-c38bb3ea1254,356.875,563.579
wide-researcher-1786005875-a3a7f76c3fdf,356.917,702.572
deep-researcher-1786005875-b55057129691,356.958,625.066
wide-researcher-1786005875-765a4105a90e,356.975,594.893
data-analyst-1786005804-b31ed4ed826d,356.993,420.605
data-analyst-1786005804-87013767f211,357.005,423.784
deep-researcher-1786005875-f2d203849ffb,357.043,563.198
wide-researcher-1786005875-e89d072547cd,357.074,550.836
data-analyst-1786005775-aa0229a9e738,357.101,418.470
data-analyst-1786005728-de860bed0e5f,357.114,426.565
deep-researcher-1786005875-729085e62cf8,357.187,542.574
wide-researcher-1786005875-6241c2979bd4,357.217,654.712
deep-researcher-1786005875-f01aa00a579e,357.249,573.796
wide-researcher-1786005875-527c03ac26dc,357.433,678.129
deep-researcher-1786005875-8f5b63bb0c88,357.483,535.009
wide-researcher-1786005875-c5a23f1b4459,357.539,559.108
deep-researcher-1786005875-fc2726ff0ce1,357.592,701.568
wide-researcher-1786005876-d13fa972190b,357.611,681.070
deep-researcher-1786005876-2a0925a2ccad,357.670,683.048
wide-researcher-1786005876-ba08f8ec0dcf,357.973,674.551
deep-researcher-1786005876-9319ad66d0a7,357.994,708.008
data-analyst-1786005775-07abefdeb8ba,357.994,423.591
wide-researcher-1786005876-0da4b4e47e8c,358.110,557.111
deep-researcher-1786005876-e526b2297d0c,358.151,705.954
data-analyst-1786005788-d1e38d51f9c7,358.163,426.894
data-analyst-1786005768-10e50f3213e7,358.180,358.181
wide-researcher-1786005876-4aeba193249b,358.206,682.826
deep-researcher-1786005876-5b1567071ae3,358.262,616.692
wide-researcher-1786005876-8af14791ea17,358.296,542.497
data-analyst-1786005791-bce859014f41,358.327,358.328
deep-researcher-1786005876-ccbe0b163738,358.405,692.084
wide-researcher-1786005876-451597d431e1,358.470,560.424
deep-researcher-1786005876-777d921deae2,358.489,699.875
data-analyst-1786005790-b19e9ec76c7a,358.518,358.519
wide-researcher-1786005876-f5a6ffbe9a70,358.586,559.682
data-analyst-1786005772-ad58a0a9d09b,358.594,358.594
data-analyst-1786005798-e36450360166,358.607,358.608
deep-researcher-1786005876-60d19acf05d4,358.633,568.456
data-analyst-1786005802-9dccc45e6a78,358.637,438.901
wide-researcher-1786005877-97ce97a70c13,358.685,677.978
deep-researcher-1786005877-649e37b8165c,358.706,542.943
wide-researcher-1786005877-2d600e93171b,358.846,557.577
data-analyst-1786005728-cda22f9df812,358.862,358.863
deep-researcher-1786005877-c205c9ca5a34,358.957,546.787
wide-researcher-1786005877-d8fe7c99fb64,358.999,698.614
deep-researcher-1786005877-b57d71934360,359.027,690.446
wide-researcher-1786005877-15e7c912ec3d,359.114,695.499
deep-researcher-1786005877-4342102ea223,359.236,641.748
wide-researcher-1786005877-3f939a08152f,359.418,693.806
deep-researcher-1786005877-bcf6198fc26c,359.448,702.343
wide-researcher-1786005877-231c36622ebc,359.549,693.663
deep-researcher-1786005877-34b0b0e0f411,359.615,709.124
wide-researcher-1786005878-d14c19ee4f2c,359.663,551.620
deep-researcher-1786005878-c0400641ad0d,359.719,703.788
data-analyst-1786005797-34b14fd811fc,359.739,359.740
wide-researcher-1786005878-02292e82f329,359.780,566.319
data-analyst-1786005805-7b0d0de5d83f,359.799,421.595
deep-researcher-1786005878-80c24d67c022,359.833,568.380
wide-researcher-1786005878-a3997ef40938,359.864,540.728
data-analyst-1786005805-8cf19db7b20e,359.875,420.990
data-analyst-1786005805-bb74b15dd330,359.889,456.842
deep-researcher-1786005878-b92e1798bf20,359.894,687.452
data-analyst-1786005805-59a41a258200,359.907,427.632
wide-researcher-1786005878-4683380f8b92,359.915,591.761
data-analyst-1786005782-4fe8f8b91c98,359.943,359.944
data-analyst-1786005800-782e9c306973,359.958,359.958
deep-researcher-1786005878-91bb396f6f55,359.962,556.770
wide-researcher-1786005878-65c17a9737ba,359.983,683.320
deep-researcher-1786005878-0de9acfdd80f,360.096,655.836
wide-researcher-1786005878-dd392e6a7b09,360.137,596.002
deep-researcher-1786005878-f26c11a28454,360.206,485.361
wide-researcher-1786005878-b40aef40f178,360.229,567.189
data-analyst-1786005746-2299f090ecbe,360.397,432.566
data-analyst-1786005746-1c93270c9ace,360.412,432.839
data-analyst-1786005798-cfce064b6cc2,360.426,360.426
deep-researcher-1786005878-b4ff80a8aa65,360.457,656.269
wide-researcher-1786005878-44194c81cd5e,360.500,537.958
deep-researcher-1786005878-84021c7218e2,360.518,690.504
wide-researcher-1786005878-e1642b58783b,360.562,551.448
deep-researcher-1786005878-33ae8e8a6afe,360.625,553.496
data-analyst-1786005800-400230ae88e2,360.633,360.634
wide-researcher-1786005879-5bca152d0c87,360.691,557.795
deep-researcher-1786005879-5ad3a1f3443d,360.752,552.581
data-analyst-1786005791-0514221a4052,360.776,360.776
wide-researcher-1786005879-4721091735c1,360.874,566.963
deep-researcher-1786005879-8e460086bdab,360.954,558.047
wide-researcher-1786005879-e0e9ec369f4b,361.056,699.803
deep-researcher-1786005879-4183dc2ef0c4,361.127,539.455
wide-researcher-1786005879-98c8bf2e318c,361.187,646.538
deep-researcher-1786005879-9bcb2e71ecbf,361.226,701.315
wide-researcher-1786005879-6a71ed4a790d,361.286,602.212
deep-researcher-1786005879-8868a1fd9936,361.319,557.065
wide-researcher-1786005879-a120410bf0ea,361.349,553.862
deep-researcher-1786005879-c0ee50df11ef,361.401,545.356
data-analyst-1786005802-5e833a79e3fb,361.414,420.931
wide-researcher-1786005879-edcf34b09b26,361.431,678.436
deep-researcher-1786005879-b3ad8bc0ac9b,361.479,707.790
wide-researcher-1786005879-85cc5ba83da9,361.498,652.547
deep-researcher-1786005879-897d8b087fe1,361.582,700.577
wide-researcher-1786005879-a5b3f6d2774c,361.610,641.536
data-analyst-1786005806-848d45116050,361.620,419.875
deep-researcher-1786005880-8ce49cd21f8f,361.649,629.151
wide-researcher-1786005880-2afb51928746,361.724,582.986
deep-researcher-1786005880-401e4761fbfa,361.743,646.360
data-analyst-1786005806-da5ec95a1235,361.758,426.862
data-analyst-1786005746-d2a381e79899,361.790,361.790
wide-researcher-1786005880-8cd0ebd062b7,361.973,641.201
deep-researcher-1786005880-75ff88d4fca6,362.016,540.200
wide-researcher-1786005880-f9b77bd68bfc,362.076,685.590
data-analyst-1786005778-99e81d4ab5cc,362.199,362.199
deep-researcher-1786005880-2cfebc35c9a5,362.207,552.522
wide-researcher-1786005880-40486f73f173,362.245,565.685
deep-researcher-1786005880-06d917c0d398,362.384,698.859
wide-researcher-1786005880-f7a37015d23f,362.442,628.897
deep-researcher-1786005880-60d0d0782568,362.474,708.872
data-analyst-1786005806-219e559aaf8c,362.564,421.058
wide-researcher-1786005880-8b2d9c5fd0d9,362.573,680.658
data-analyst-1786005806-22f056683d67,362.581,430.287
data-analyst-1786005802-d4f9ef2b41e2,362.728,436.573
deep-researcher-1786005880-d322a44a64c3,362.736,639.821
data-analyst-1786005789-1e2096ce93ec,362.791,362.792
wide-researcher-1786005881-f628bc3e1fa1,362.800,572.448
deep-researcher-1786005881-40f725b2f00c,362.831,701.508
wide-researcher-1786005881-09107b2697e0,362.862,673.644
deep-researcher-1786005881-75992043b072,362.891,693.256
wide-researcher-1786005881-90f0bdf05da5,362.923,653.520
data-analyst-1786005801-e8109b08e106,362.941,362.941
deep-researcher-1786005881-12e805862ae8,363.006,682.055
wide-researcher-1786005881-f9ef1c0c40d3,363.098,576.869
deep-researcher-1786005881-e3b1a9cd548e,363.164,650.674
wide-researcher-1786005881-6b052d1452be,363.196,570.172
deep-researcher-1786005881-dd19762b68d7,363.228,576.687
wide-researcher-1786005881-a91635651582,363.382,675.909
deep-researcher-1786005881-224fd32096e0,363.481,678.205
wide-researcher-1786005881-80737f9f9ce5,363.512,543.793
deep-researcher-1786005881-f814b5dfc841,363.574,647.685
data-analyst-1786005741-d60fe707df68,363.599,433.512
data-analyst-1786005744-dd1f39b74d5b,363.612,424.600
wide-researcher-1786005881-340c6f14e7a3,363.630,692.779
deep-researcher-1786005882-6510537ddb90,363.708,695.863
wide-researcher-1786005882-77aa0a152f3d,363.763,641.332
data-analyst-1786005791-93070baa54b3,363.784,363.785
data-analyst-1786005797-30e23c9068c7,363.797,363.798
data-analyst-1786005780-96ec6a45be8a,363.969,363.970
deep-researcher-1786005882-de09f2adb3f9,364.068,654.296
wide-researcher-1786005882-2770dcc6c8b6,364.242,702.018
deep-researcher-1786005882-8a0a7ed56747,364.343,701.733
wide-researcher-1786005882-57d681ba60ff,364.403,549.550
deep-researcher-1786005882-1af968a359ab,364.449,641.137
wide-researcher-1786005882-2cec59cf14df,364.499,563.378
deep-researcher-1786005882-f831d6184b02,364.521,475.339
wide-researcher-1786005882-ab036ff8c877,364.603,563.260
deep-researcher-1786005882-69b0baf243fb,364.709,566.089
wide-researcher-1786005883-133db7421d14,364.746,566.993
data-analyst-1786005805-0dbbae35b94f,364.808,431.865
data-analyst-1786005749-cc0e45b2a3d5,364.829,436.513
data-analyst-1786005772-b0c7c5e34470,364.846,364.846
deep-researcher-1786005883-8fc6a32e6ada,364.891,697.789
wide-researcher-1786005883-611724c2263c,364.982,552.240
deep-researcher-1786005883-5077710d907f,365.078,555.506
data-analyst-1786005803-903c473d84a2,365.104,419.638
data-analyst-1786005801-e530a9435a3d,365.122,417.849
wide-researcher-1786005883-86bd3c89f635,365.135,539.207
deep-researcher-1786005883-835bcce8dcf9,365.240,551.592
data-analyst-1786005807-794d1ccde3a8,365.379,436.434
data-analyst-1786005807-12aeb22159d9,365.392,441.564
wide-researcher-1786005883-5ca29407c9c8,365.405,549.986
data-analyst-1786005807-a76ded59c896,365.503,418.519
data-analyst-1786005807-60677c742a98,365.517,539.686
deep-researcher-1786005883-68bb9906e04f,365.554,698.518
wide-researcher-1786005883-36db594253df,365.598,570.918
deep-researcher-1786005884-da1570dc1afe,365.755,695.043
wide-researcher-1786005884-c2d9b03a0983,365.831,567.346
data-analyst-1786005807-a92efeb4d1b6,365.846,428.817
deep-researcher-1786005884-e78736b9ecec,365.860,694.057
data-analyst-1786005807-d04ee77aa01b,365.860,430.089
data-analyst-1786005807-87c388e6bcfb,365.879,426.942
wide-researcher-1786005884-9d83827279e8,365.912,611.257
deep-researcher-1786005884-15fff060e95d,365.943,569.095
wide-researcher-1786005884-a35d5d1aad96,365.964,547.801
deep-researcher-1786005884-b42f5d0b9800,366.017,624.356
data-analyst-1786005792-3e70409eaa81,366.028,366.028
wide-researcher-1786005884-cff0c5b8a449,366.150,549.147
data-analyst-1786005768-14fa0cd59c74,366.159,366.159
deep-researcher-1786005884-af57e5ded9f9,366.199,657.699
data-analyst-1786005802-9d81a98be5cb,366.210,425.540
wide-researcher-1786005884-e23892d37d4f,366.261,584.058
deep-researcher-1786005884-b7343ab8daa2,366.361,523.472
wide-researcher-1786005884-9a68c52bcd39,366.469,568.192
deep-researcher-1786005884-ee72a4846bbf,366.536,690.373
wide-researcher-1786005884-a4dbef5690b4,366.590,684.275
deep-researcher-1786005885-5bc56d783927,366.648,643.253
wide-researcher-1786005885-64442eef9946,366.734,675.298
deep-researcher-1786005885-6d665f196fb9,366.753,543.138
wide-researcher-1786005885-d71165e19233,366.927,561.037
deep-researcher-1786005885-c2a833292584,366.978,551.354
data-analyst-1786005778-f8a319d4d866,367.015,434.441
data-analyst-1786005778-d602fc7b1376,367.031,444.676
data-analyst-1786005778-ea44b2269a72,367.060,418.991
wide-researcher-1786005885-741be90ef7aa,367.106,687.173
data-analyst-1786005785-820510701840,367.172,367.173
data-analyst-1786005739-c44d45f5efab,367.188,367.188
deep-researcher-1786005885-31325fd5e4d1,367.192,586.026
wide-researcher-1786005885-58b03547b0b1,367.266,502.920
data-analyst-1786005781-3f3ef16fcef6,367.286,367.286
data-analyst-1786005743-03c9fa6d2c2f,367.301,367.301
deep-researcher-1786005885-b9e8b6bd504f,367.306,554.355
wide-researcher-1786005885-61faf56390d6,367.375,562.393
deep-researcher-1786005885-352d7f8ff4e6,367.437,555.834
data-analyst-1786005793-558aa6f69c04,367.467,367.467
wide-researcher-1786005885-f43c21d3920b,367.480,688.426
deep-researcher-1786005885-c606089f60ee,367.519,551.206
data-analyst-1786005797-84c9cbf8b825,367.621,417.452
wide-researcher-1786005885-fe35d4575d9c,367.625,670.268
data-analyst-1786005800-dc568914e35a,367.644,418.563
data-analyst-1786005803-d1717b4b0fd8,367.663,418.504
deep-researcher-1786005885-d882e7b0eb2a,367.667,556.380
wide-researcher-1786005886-56f43bb6ed4c,367.771,594.501
data-analyst-1786005772-8cb463b757d9,367.929,367.929
deep-researcher-1786005886-a42c82a52b89,367.942,646.145
wide-researcher-1786005886-9f1a89778435,367.983,554.398
deep-researcher-1786005886-08417266b9ad,368.009,587.390
wide-researcher-1786005886-b17e938f1411,368.076,565.670
data-analyst-1786005783-5ce6263734fd,368.095,524.514
data-analyst-1786005778-2e5a13daff8f,368.115,421.624
deep-researcher-1786005886-41f2dcd80014,368.159,687.799
data-analyst-1786005801-29b4212c78ee,368.178,368.178
wide-researcher-1786005886-72bd32c15fd5,368.218,564.247
deep-researcher-1786005886-af1731ba4b88,368.248,560.761
wide-researcher-1786005886-3a1b6b9a2ee1,368.266,696.361
deep-researcher-1786005886-af9b1ff00b36,368.422,556.783
data-analyst-1786005789-4a5220d0ace2,368.446,368.447
wide-researcher-1786005886-c8e9a42bdd8d,368.504,529.480
deep-researcher-1786005886-ea514835cf5d,368.609,674.314
wide-researcher-1786005886-5247e21d4b73,368.711,686.877
data-analyst-1786005803-962327509e72,368.765,420.539
deep-researcher-1786005887-b994e9613c29,368.769,591.820
data-analyst-1786005780-a78c83fd4c1f,368.785,368.786
wide-researcher-1786005887-23305542b0b4,368.790,583.639
deep-researcher-1786005887-4f1c8fc42dae,368.831,554.947
wide-researcher-1786005887-a390146b4a1d,368.885,551.704
deep-researcher-1786005887-ccd7cb5380dc,368.948,599.975
wide-researcher-1786005887-f6b06abaf85a,368.977,681.008
deep-researcher-1786005887-25b510ba040e,368.996,648.472
wide-researcher-1786005887-1ed8a3cfe6e2,369.024,550.683
deep-researcher-1786005887-4195afa4517c,369.042,647.795
wide-researcher-1786005887-08e6c647e0ca,369.124,561.127
deep-researcher-1786005887-38960fe81794,369.147,640.133
data-analyst-1786005797-f72fcbc39e0f,369.178,369.179
wide-researcher-1786005887-2ae0396c8a74,369.287,700.472
deep-researcher-1786005887-20fc9f3c2d5c,369.374,556.796
wide-researcher-1786005887-029fe504b257,369.529,557.811
deep-researcher-1786005887-369bd804bb55,369.591,705.510
wide-researcher-1786005887-7d57a04ae655,369.664,645.372
data-analyst-1786005779-649b5348daab,369.707,429.387
data-analyst-1786005740-ffc725f34e41,369.720,422.725
deep-researcher-1786005888-021b184304a4,369.733,565.641
data-analyst-1786005763-c0c107fc177c,369.751,423.140
wide-researcher-1786005888-121fcc5473fb,369.870,551.058
deep-researcher-1786005888-8f54327ddada,369.935,555.721
wide-researcher-1786005888-f0e0f693cda0,370.011,552.980
deep-researcher-1786005888-f08fc60d2f19,370.049,644.070
wide-researcher-1786005888-a4ba2e11323e,370.085,698.566
deep-researcher-1786005888-7cc2aef277f0,370.285,644.363
wide-researcher-1786005888-2e0131322ce0,370.333,564.997
deep-researcher-1786005888-46c18b31fe34,370.447,650.550
wide-researcher-1786005888-9c433d2e5228,370.494,585.241
deep-researcher-1786005888-1d334e350eb9,370.536,707.930
wide-researcher-1786005888-ba1b34b48d33,370.558,688.866
deep-researcher-1786005889-e8bdbe833638,370.651,548.087
wide-researcher-1786005889-673f37d81952,370.688,664.141
data-analyst-1786005809-32a7e4fe7cfc,370.725,425.232
data-analyst-1786005809-3e83b83ef85f,370.737,419.044
deep-researcher-1786005889-eecdb0e43f5c,370.746,545.371
wide-researcher-1786005889-984c1e523d71,370.800,676.157
deep-researcher-1786005889-3c7d97038a33,370.901,656.628
wide-researcher-1786005889-c64b7d7f9f01,370.969,640.552
deep-researcher-1786005889-95eac0781755,371.000,559.524
data-analyst-1786005806-aac15a09fb8b,371.029,417.999
wide-researcher-1786005889-c464c6188119,371.102,707.414
deep-researcher-1786005889-3deeb0c1fa69,371.132,648.424
wide-researcher-1786005889-99bfa5fc292f,371.172,671.357
data-analyst-1786005765-0641320c1412,371.348,371.349
deep-researcher-1786005889-38a31c1ddde5,371.384,568.776
wide-researcher-1786005889-29f06ff16328,371.437,637.123
deep-researcher-1786005889-62cb52c04cf2,371.458,692.062
data-analyst-1786005781-bdd3033dc14a,371.567,371.568
data-analyst-1786005797-35043867b07d,371.582,371.582
wide-researcher-1786005889-6ceca9828d2c,371.599,554.499
deep-researcher-1786005889-13e098ef71e1,371.631,555.343
data-analyst-1786005809-ab4063fa93cc,371.704,419.835
data-analyst-1786005809-1dab31680bd8,371.717,423.797
wide-researcher-1786005890-988d6ab0a8b3,371.789,556.396
deep-researcher-1786005890-31a636e266d7,371.881,703.736
wide-researcher-1786005890-1f3e5dad6697,371.913,602.497
deep-researcher-1786005890-e168c724e7b5,371.951,693.567
wide-researcher-1786005890-5d5a5b24231b,372.007,560.640
deep-researcher-1786005890-80dd4cdf9a4d,372.045,706.884
wide-researcher-1786005890-24d003e2b5fe,372.063,565.345
data-analyst-1786005753-bf51b7e45fd7,372.136,372.137
deep-researcher-1786005890-a1c092a6d686,372.163,682.859
wide-researcher-1786005890-25215e0c2b46,372.198,650.403
data-analyst-1786005756-ade19377f95f,372.236,372.237
data-analyst-1786005796-646d93f73295,372.251,372.251
deep-researcher-1786005890-813a9fcf28db,372.255,656.925
wide-researcher-1786005890-5faf424ce4bd,372.389,671.600
deep-researcher-1786005890-8a22d4844503,372.512,542.233
wide-researcher-1786005890-c6c158fa7e12,372.543,565.261
data-analyst-1786005809-0f8c42592e70,372.603,426.480
deep-researcher-1786005890-bcc5cffa079b,372.603,546.335
wide-researcher-1786005891-a871555805c6,372.647,682.967
data-analyst-1786005768-c33e5a9fd4c7,372.657,470.382
data-analyst-1786005759-b468d7d0dc5f,372.674,372.674
deep-researcher-1786005891-4bdbd3764178,372.678,696.251
wide-researcher-1786005891-d93042ef2204,372.883,582.435
deep-researcher-1786005891-ca03fb667d4e,372.965,559.906
wide-researcher-1786005891-4bc043a9d69b,373.071,637.024
deep-researcher-1786005891-6e16e5c19091,373.113,644.328
wide-researcher-1786005891-8a864658113a,373.304,545.853
deep-researcher-1786005891-9c8aca51b809,373.425,686.022
wide-researcher-1786005891-dd8b109e1bb8,373.463,551.563
deep-researcher-1786005891-5b0799345a68,373.519,709.140
wide-researcher-1786005891-c585a3ac4afd,373.560,687.412
deep-researcher-1786005891-b73f7ac676d9,373.641,690.032
data-analyst-1786005780-f7ba59c6846e,373.654,436.052
data-analyst-1786005780-31fd5a23bbef,373.668,441.481
wide-researcher-1786005892-66768b82951e,373.673,679.476
data-analyst-1786005745-e004119ef2fc,373.685,427.447
deep-researcher-1786005892-40006c47936c,373.712,666.766
wide-researcher-1786005892-8897ebb3bbfd,373.763,484.339
deep-researcher-1786005892-49b65212254e,373.898,564.154
data-analyst-1786005768-168565f0d76a,373.918,420.572
wide-researcher-1786005892-16410c2659ea,374.114,639.126
deep-researcher-1786005892-4b012aac4a6f,374.156,570.314
wide-researcher-1786005892-33c9f483a505,374.185,683.383
data-analyst-1786005780-43e28875ba5b,374.204,374.205
deep-researcher-1786005892-555947349063,374.317,701.767
data-analyst-1786005780-d8b64b5c74bf,374.322,419.108
wide-researcher-1786005892-79926fdd33c9,374.366,677.937
deep-researcher-1786005892-135cd60e369a,374.401,639.381
wide-researcher-1786005892-4fb29188345d,374.473,551.577
deep-researcher-1786005892-dcabf66ea09d,374.574,638.545
wide-researcher-1786005892-9f5e7c3f17f9,374.625,696.971
deep-researcher-1786005893-13ab701d728a,374.777,703.534
wide-researcher-1786005893-0fad1e548fc1,374.897,695.467
deep-researcher-1786005893-da6de61c7f39,374.931,562.117
wide-researcher-1786005893-c1e1e46a6900,374.987,553.275
deep-researcher-1786005893-6d23aa242207,375.016,565.052
wide-researcher-1786005893-0faef093597c,375.037,557.320
deep-researcher-1786005893-4d05cd7979c6,375.067,586.643
wide-researcher-1786005893-e33a18499c03,375.177,689.896
deep-researcher-1786005893-f9bf2e852a32,375.233,569.287
wide-researcher-1786005893-abea70a905d4,375.281,656.049
data-analyst-1786005777-984c11c7c1b6,375.326,375.326
deep-researcher-1786005893-3c9644ac0660,375.412,642.657
data-analyst-1786005784-0c2815409bbf,375.447,417.465
data-analyst-1786005791-0d3f7e9b5c27,375.467,417.561
wide-researcher-1786005893-c4aeaadded83,375.528,577.539
deep-researcher-1786005893-ab0f16aeaaae,375.569,575.640
data-analyst-1786005802-e36441095f01,375.573,375.573
data-analyst-1786005780-425a476a25ce,375.587,375.588
data-analyst-1786005780-2bcae8252cb7,375.602,375.602
data-analyst-1786005764-5c0fdb766954,375.615,375.615
wide-researcher-1786005893-888ebba88550,375.619,556.174
deep-researcher-1786005894-1bc34deba61d,375.700,577.585
wide-researcher-1786005894-5b5ac474f36f,375.730,670.497
data-analyst-1786005805-153ec6862960,375.862,375.862
deep-researcher-1786005894-fc770bf0db94,375.893,681.147
wide-researcher-1786005894-60c7aff7532d,375.981,684.081
data-analyst-1786005804-e32e2d519f4b,376.013,376.013
deep-researcher-1786005894-bec121b229c4,376.325,560.746
wide-researcher-1786005894-3ad11ed02e66,376.411,685.336
deep-researcher-1786005894-a972879b0fe1,376.444,545.657
wide-researcher-1786005894-ffdc577253b2,376.496,568.087
deep-researcher-1786005894-5e3ca7906ff7,376.537,563.715
wide-researcher-1786005894-4ffc99fb10f3,376.587,564.786
deep-researcher-1786005895-a06f50e36236,376.696,679.562
wide-researcher-1786005895-d6cf1c9b4b00,376.727,688.988
deep-researcher-1786005895-9803698f216c,376.744,693.758
data-analyst-1786005757-11c790e60bfb,376.780,434.591
data-analyst-1786005803-2a49b28eb794,376.794,376.795
wide-researcher-1786005895-902512a6df44,376.803,697.841
deep-researcher-1786005895-d9db76ed2939,376.872,592.146
data-analyst-1786005805-fe6688ef9272,376.918,426.076
data-analyst-1786005805-45bd79ed8684,376.938,425.716
wide-researcher-1786005895-4816a45cde71,377.004,698.817
deep-researcher-1786005895-c4fe2b33a970,377.046,625.647
wide-researcher-1786005895-5e3d6edacd7b,377.089,640.069
deep-researcher-1786005895-290425b76172,377.138,698.179
wide-researcher-1786005895-41daa79749ba,377.207,686.245
data-analyst-1786005811-f4cfc2d58494,377.314,473.465
deep-researcher-1786005895-6a64a0543512,377.475,656.310
wide-researcher-1786005895-492d14e45509,377.503,642.931
data-analyst-1786005802-97983aee2fd9,377.590,419.787
deep-researcher-1786005895-c7cd533397b1,377.595,700.140
wide-researcher-1786005895-80defe5346d6,377.656,564.108
data-analyst-1786005780-555ccd229727,377.722,377.722
data-analyst-1786005801-3a3f14d36d72,377.751,420.100
data-analyst-1786005780-1c59d31b04d0,377.773,377.774
deep-researcher-1786005896-8e2893177028,377.851,696.431
wide-researcher-1786005896-fabb93da5d07,377.920,687.954
deep-researcher-1786005896-b84ae29f3855,377.961,702.737
wide-researcher-1786005896-3e3d8549ed6f,378.005,640.245
data-analyst-1786005762-2e78c8cdcedd,378.010,378.011
deep-researcher-1786005896-536ed34ea27e,378.046,709.093
wide-researcher-1786005896-567e205ff463,378.065,545.560
deep-researcher-1786005896-fde7431a1544,378.093,565.990
wide-researcher-1786005896-596d9250a0fc,378.110,540.059
deep-researcher-1786005896-7f5cbc0596b5,378.213,704.523
wide-researcher-1786005896-0b8707685129,378.256,693.203
deep-researcher-1786005896-8746896cc3f4,378.316,552.404
wide-researcher-1786005896-143fba408a4e,378.384,542.311
deep-researcher-1786005896-7a513e2fb9d9,378.414,699.838
data-analyst-1786005781-67e74c5d238f,378.425,378.426
wide-researcher-1786005896-be0badb737f1,378.544,545.917
deep-researcher-1786005896-9a1f0495973e,378.593,546.758
wide-researcher-1786005897-00e096dd4ca1,378.650,692.543
deep-researcher-1786005897-56abfc0d8eb6,378.680,543.384
data-analyst-1786005809-cdd6fa3df2c3,378.697,429.305
wide-researcher-1786005897-0f91f16e34cc,378.725,594.248
deep-researcher-1786005897-79a45db1202e,378.913,572.129
data-analyst-1786005765-906590dea5ba,378.927,420.868
wide-researcher-1786005897-1444e5855f83,379.000,592.630
deep-researcher-1786005897-31f83bbe008a,379.018,562.743
data-analyst-1786005807-5510842b2d46,379.070,418.882
wide-researcher-1786005897-01f35d6e2f5c,379.165,549.740
data-analyst-1786005805-30a893295473,379.206,428.995
data-analyst-1786005792-f51a693a8b4b,379.328,379.329
deep-researcher-1786005897-e8198daf1fb8,379.358,669.766
wide-researcher-1786005897-40ba07104bce,379.457,640.653
deep-researcher-1786005897-17421e974a1f,379.476,690.743
wide-researcher-1786005897-dd3d43aad815,379.506,609.129
deep-researcher-1786005897-2b90fa134a67,379.560,701.232
wide-researcher-1786005897-2ec2619018bd,379.587,682.427
deep-researcher-1786005898-96e629bbea38,379.620,695.314
wide-researcher-1786005898-baa4597c3018,379.723,705.541
deep-researcher-1786005898-ddbc8a69f8e0,379.753,566.244
wide-researcher-1786005898-9cfe62892fd1,379.776,644.724
deep-researcher-1786005898-3f79e3e0b648,379.825,575.261
wide-researcher-1786005898-f830323fa4f8,379.899,682.035
deep-researcher-1786005898-478b2c80a53a,380.060,546.545
wide-researcher-1786005898-3674ad23d6de,380.098,689.606
deep-researcher-1786005898-b29bf0de7586,380.161,561.407
wide-researcher-1786005898-2c4db44f6f55,380.204,584.165
deep-researcher-1786005898-df2d53133ecb,380.368,637.904
data-analyst-1786005782-18e1b3ccb153,380.378,439.340
data-analyst-1786005782-0532494ccecc,380.391,428.644
data-analyst-1786005744-d141a9467998,380.406,437.170
wide-researcher-1786005898-467cbcf1faee,380.418,556.542
data-analyst-1786005749-a444a6d296cb,380.418,424.036
deep-researcher-1786005898-cf00124ab7fc,380.436,697.405
wide-researcher-1786005898-724078419e02,380.499,662.563
deep-researcher-1786005898-2061531ad5c5,380.533,568.071
data-analyst-1786005763-a1b4fdb0d2c8,380.568,380.568
wide-researcher-1786005898-78c061c7e8d8,380.676,572.914
deep-researcher-1786005899-2419b3c2a714,380.810,709.028
data-analyst-1786005736-7c7e9e90fc17,380.815,380.816
wide-researcher-1786005899-32423a20525a,380.860,556.727
data-analyst-1786005743-74af4bad1d88,380.941,380.941
deep-researcher-1786005899-a9cdb6f3660a,380.984,551.476
data-analyst-1786005747-91dd57855f5d,381.020,381.022
wide-researcher-1786005899-2676d3a30eec,381.031,549.605
deep-researcher-1786005899-aa6e32a56271,381.077,697.389
wide-researcher-1786005899-6fb6d6a928a9,381.131,575.654
deep-researcher-1786005899-7e2dfe8e7ed0,381.232,558.123
wide-researcher-1786005899-5fc07b0be72a,381.273,554.528
deep-researcher-1786005899-9d0f96f6eee3,381.333,555.862
wide-researcher-1786005899-7a32d9019394,381.400,580.495
deep-researcher-1786005899-2a531221d66d,381.438,563.093
data-analyst-1786005795-fc4cb8c1cfb2,381.471,381.471
wide-researcher-1786005899-a80df6b3e828,381.538,653.690
deep-researcher-1786005899-54e2bc70390a,381.615,593.419
wide-researcher-1786005900-cadea2341e68,381.721,649.558
deep-researcher-1786005900-3f60da56b73d,381.881,557.366
wide-researcher-1786005900-d5aaec6257af,381.922,566.949
deep-researcher-1786005900-0ccab96763f0,381.941,597.785
wide-researcher-1786005900-51d35800a92c,382.022,605.813
deep-researcher-1786005900-64cde910c9b9,382.039,568.985
wide-researcher-1786005900-352e050e987c,382.186,561.996
data-analyst-1786005806-5dc08293d641,382.197,417.158
deep-researcher-1786005900-5cf04431c63c,382.371,566.766
wide-researcher-1786005900-63d0f6d8116d,382.449,691.092
deep-researcher-1786005900-0041ee377d5e,382.480,639.024
wide-researcher-1786005900-c45ab27f6021,382.498,571.645
deep-researcher-1786005900-8a3e740f481b,382.544,556.322
wide-researcher-1786005900-8b0266507dd9,382.575,684.161
deep-researcher-1786005901-cb33b6e30b7b,382.593,573.765
wide-researcher-1786005901-c5e1b0538d5d,382.641,696.449
deep-researcher-1786005901-69dce4c2a08f,382.716,709.390
wide-researcher-1786005901-8e955ac04061,382.742,558.977
deep-researcher-1786005901-97fecd0f4416,382.793,673.762
wide-researcher-1786005901-185718ebf0ea,382.842,645.647
deep-researcher-1786005901-813901d4ab7d,382.954,707.157
data-analyst-1786005784-0f45f6db4bb5,382.986,421.566
wide-researcher-1786005901-ea643cd391ab,383.117,642.617
deep-researcher-1786005901-52270cc80596,383.218,553.158
wide-researcher-1786005901-250c49860226,383.240,672.344
data-analyst-1786005793-09b340d7c5df,383.333,383.333
deep-researcher-1786005901-501ebbabe6d3,383.408,708.988
wide-researcher-1786005901-9901b91fb6f6,383.443,543.510
deep-researcher-1786005901-5fab5015f537,383.466,562.237
wide-researcher-1786005901-0b87be03c39a,383.525,614.108
deep-researcher-1786005901-b54a8037db56,383.636,550.582
data-analyst-1786005785-52fb73341e92,383.709,383.709
wide-researcher-1786005901-155fda08a5a0,383.824,684.017
deep-researcher-1786005902-d34cea55f7b3,383.857,540.863
wide-researcher-1786005902-e0addb8c15b4,383.963,647.852
deep-researcher-1786005902-daa99123d7b8,384.008,480.647
wide-researcher-1786005902-cdc11332eb7e,384.057,685.432
deep-researcher-1786005902-2884db672358,384.102,679.284
wide-researcher-1786005902-7ec3972813b6,384.158,510.794
deep-researcher-1786005902-694c0c7d19c5,384.216,685.448
wide-researcher-1786005902-1d806a3b15ef,384.256,683.587
deep-researcher-1786005902-f63e245aedb7,384.288,699.101
wide-researcher-1786005902-e56e31553466,384.310,557.607
deep-researcher-1786005902-d798fc36328e,384.350,697.055
wide-researcher-1786005902-0517d2e357b1,384.418,638.484
deep-researcher-1786005902-cd5081f7af5b,384.471,561.378
wide-researcher-1786005902-82db365089c3,384.626,669.666
deep-researcher-1786005902-247a9dcf788b,384.689,699.218
wide-researcher-1786005903-9cce2ab12a38,384.735,604.481
deep-researcher-1786005903-9d9ed3b3a732,384.756,593.491
data-analyst-1786005783-ecc243a3b315,384.765,426.796
data-analyst-1786005783-e8f9f4ee4ceb,384.778,429.163
data-analyst-1786005783-4d5726188973,384.791,429.917
data-analyst-1786005783-89ffc7fa740d,384.805,433.718
data-analyst-1786005738-f00dd3cddbec,384.817,426.464
wide-researcher-1786005903-b2f4127f5cbd,384.908,679.525
deep-researcher-1786005903-02ee5fe8329e,384.947,641.386
wide-researcher-1786005903-0b8e1823743b,384.976,642.524
data-analyst-1786005813-c9cde73b43e7,385.030,419.394
deep-researcher-1786005903-b0d624234450,385.039,562.282
data-analyst-1786005813-ef24f867245f,385.048,422.180
wide-researcher-1786005903-ec3324b87eb2,385.068,656.290
data-analyst-1786005813-fe48d5ad4fd4,385.095,421.758
data-analyst-1786005813-5bd3e38b62ae,385.108,423.694
deep-researcher-1786005903-eaac9d7db794,385.206,643.237
wide-researcher-1786005903-52f5ebdb6ecc,385.347,696.949
deep-researcher-1786005903-7c3052658052,385.377,670.456
wide-researcher-1786005903-710cd92a3ccb,385.410,565.165
deep-researcher-1786005903-e758456d3f96,385.475,698.390
wide-researcher-1786005903-42b95811a5fe,385.504,649.264
data-analyst-1786005767-378a6aa97952,385.558,385.558
deep-researcher-1786005903-99b9d8265fef,385.566,603.901
data-analyst-1786005798-82ec471b478a,385.575,385.576
wide-researcher-1786005903-2d254b3da588,385.593,644.556
deep-researcher-1786005904-d01eab2677a5,385.615,655.762
wide-researcher-1786005904-d5a55496a71a,385.728,640.302
deep-researcher-1786005904-aea812160b8b,385.767,552.419
wide-researcher-1786005904-f2f4b3472818,385.797,675.767
deep-researcher-1786005904-25e21d0682cc,385.831,678.313
wide-researcher-1786005904-334c9594ce61,385.864,644.276
deep-researcher-1786005904-d1137a79ee24,385.937,547.627
wide-researcher-1786005904-0fe1d16fe612,386.073,555.004
deep-researcher-1786005904-ed3071b89d3e,386.135,654.073
wide-researcher-1786005904-309124503e25,386.153,565.498
deep-researcher-1786005904-0e2ff44d7f67,386.209,691.277
data-analyst-1786005802-a575df3c0aa3,386.241,386.241
wide-researcher-1786005904-b0f8f4373215,386.250,686.460
deep-researcher-1786005904-51b609a62942,386.268,671.068
data-analyst-1786005757-a96316a71686,386.380,386.380
wide-researcher-1786005904-e8ec5411176f,386.412,561.270
deep-researcher-1786005904-05a08e304dea,386.430,562.378
wide-researcher-1786005904-121e22bb9d22,386.459,673.070
deep-researcher-1786005904-56fdd0a3785f,386.488,562.758
wide-researcher-1786005904-618f7476ceb5,386.559,552.255
data-analyst-1786005731-926df02c4d37,386.636,386.636
data-analyst-1786005783-0c0485973400,386.786,431.318
deep-researcher-1786005904-f7f43ec063ed,386.864,638.972
wide-researcher-1786005905-15c0216be844,386.926,640.263
deep-researcher-1786005905-b5aae6632304,386.959,554.747
wide-researcher-1786005905-361f2b526f57,387.076,655.936
deep-researcher-1786005905-10d428ffcb6f,387.120,703.941
wide-researcher-1786005905-3772c19947c2,387.149,697.015
deep-researcher-1786005905-5923992a99ef,387.181,708.374
wide-researcher-1786005905-09858a65a9b9,387.313,567.983
deep-researcher-1786005905-5ea17dae3155,387.344,653.801
wide-researcher-1786005905-65b712bd68da,387.374,608.560
data-analyst-1786005806-9a8914f705a4,387.433,387.433
deep-researcher-1786005905-668a640732c9,387.437,674.006
wide-researcher-1786005905-c1b6ad4fc1ce,387.476,550.669
deep-researcher-1786005905-0d4d19d2ec19,387.616,559.351
wide-researcher-1786005905-02460e5bd4cf,387.697,588.895
deep-researcher-1786005906-75cb640e7959,387.749,557.658
data-analyst-1786005813-8c4b7616b208,387.792,425.628
data-analyst-1786005813-8cf796101b11,387.804,426.264
data-analyst-1786005813-fa4e42ef2497,387.819,422.948
wide-researcher-1786005906-f8d36449664a,387.875,561.938
deep-researcher-1786005906-cd49815e79ff,387.903,704.024
wide-researcher-1786005906-2b856353b8f2,387.935,704.573
data-analyst-1786005813-32f79fa05617,387.943,446.584
data-analyst-1786005813-4b1a7bb52de5,387.958,439.306
deep-researcher-1786005906-be7b6cd0201e,387.966,561.480
wide-researcher-1786005906-a40924ea373a,388.011,687.659
deep-researcher-1786005906-6b8b641e0f7a,388.060,687.847
wide-researcher-1786005906-45424a5da72c,388.160,644.399
deep-researcher-1786005906-35ab24d083c5,388.231,685.016
wide-researcher-1786005906-0351c3503fad,388.356,706.348
deep-researcher-1786005906-28fbce8f0c85,388.430,556.107
wide-researcher-1786005906-c1376334663a,388.468,558.931
deep-researcher-1786005906-ce43cf6c2025,388.584,702.051
wide-researcher-1786005906-edabffd3e2f7,388.633,645.289
deep-researcher-1786005907-c3ff164573f3,388.694,648.853
wide-researcher-1786005907-9d340dfc92b1,388.743,594.787
deep-researcher-1786005907-7bea3caa4e35,388.780,701.153
wide-researcher-1786005907-48da9183bf73,388.817,576.014
deep-researcher-1786005907-1501777d0789,388.836,587.081
wide-researcher-1786005907-2d4a6f5b4161,388.887,647.282
deep-researcher-1786005907-38ec237a7e39,389.002,702.934
data-analyst-1786005784-bb8563562bc6,389.053,427.064
data-analyst-1786005784-74c0b93d053d,389.067,439.404
wide-researcher-1786005907-119277c5f1b3,389.122,657.465
deep-researcher-1786005907-081c1c2a33f5,389.162,584.389
wide-researcher-1786005907-e6c0df45e4d5,389.209,562.497
deep-researcher-1786005907-ce992dd5df67,389.288,585.663
wide-researcher-1786005907-0c8f0b690351,389.390,563.152
data-analyst-1786005775-7f678a99df9e,389.401,389.402
deep-researcher-1786005907-0b94adb63d03,389.485,707.883
wide-researcher-1786005907-58ac5db23baf,389.517,585.949
data-analyst-1786005803-4871e2fea4a4,389.600,389.601
deep-researcher-1786005907-2299b08420cf,389.682,574.196
wide-researcher-1786005907-563248aa01bc,389.730,543.526
deep-researcher-1786005908-09127b96c4d6,389.865,707.992
wide-researcher-1786005908-ca04abbbd2ad,389.913,703.280
deep-researcher-1786005908-e4c681d242cf,389.944,563.305
wide-researcher-1786005908-64d3a6e6f70b,390.093,693.873
deep-researcher-1786005908-32ed38fa922a,390.131,554.543
wide-researcher-1786005908-ccc270d7a312,390.149,672.029
data-analyst-1786005814-e0ae2f960e5c,390.167,429.843
data-analyst-1786005814-1d7a6f12d06d,390.181,422.842
data-analyst-1786005814-f5f6a6bc32ef,390.194,432.346
deep-researcher-1786005908-17d276e2429a,390.198,581.033
wide-researcher-1786005908-23306feb5d3a,390.260,671.229
deep-researcher-1786005908-b59e8f534a85,390.341,562.883
wide-researcher-1786005908-f8fbe41f2751,390.362,673.660
deep-researcher-1786005908-7ac8e9ae56e7,390.401,555.171
wide-researcher-1786005908-0ba594a4d6a3,390.463,601.982
deep-researcher-1786005908-f59dc9a12954,390.498,563.291
wide-researcher-1786005908-fc823109a573,390.641,654.794
deep-researcher-1786005908-c955e9b3c2c0,390.673,638.787
data-analyst-1786005783-c3b201ec1398,390.673,390.673
data-analyst-1786005799-8e9568e61696,390.690,390.691
wide-researcher-1786005909-06bf5fbe1e21,390.772,696.699
deep-researcher-1786005909-fa6892e71b02,390.799,695.613
data-analyst-1786005814-08f968790d7b,390.873,432.987
data-analyst-1786005814-f37eccc2aff6,390.886,441.757
data-analyst-1786005814-e564c277dfef,390.899,436.623
wide-researcher-1786005909-78959491d32f,390.968,566.274
deep-researcher-1786005909-f263ca319255,390.995,556.023
wide-researcher-1786005909-1284fbe5cd8d,391.068,552.327
deep-researcher-1786005909-470154be91cd,391.185,565.626
wide-researcher-1786005909-eb9bf3061c89,391.249,549.944
data-analyst-1786005748-a505a2ca3a0a,391.264,391.264
deep-researcher-1786005909-6ffeb62477ff,391.367,592.412
wide-researcher-1786005909-978177985e26,391.396,563.167
deep-researcher-1786005909-fa8462a54097,391.426,688.366
wide-researcher-1786005909-477b3832beca,391.497,671.937
deep-researcher-1786005909-e98d8f9c9f58,391.548,565.290
wide-researcher-1786005909-d6a238ddfc1e,391.656,552.282
data-analyst-1786005761-c26fad2f7761,391.756,391.756
deep-researcher-1786005910-7a65271b7f35,391.852,562.716
wide-researcher-1786005910-889d9910814f,391.875,681.883
deep-researcher-1786005910-d506c3f5edb9,391.918,674.854
wide-researcher-1786005910-c92948571ec6,392.010,622.488
deep-researcher-1786005910-5610cf1c81dd,392.148,648.148
wide-researcher-1786005910-994d16057309,392.190,683.031
deep-researcher-1786005910-61fe35abd8ea,392.227,540.745
wide-researcher-1786005910-28375023f098,392.318,555.937
deep-researcher-1786005910-adb0d7971cf6,392.405,709.061
wide-researcher-1786005910-4fc11cd5f1ec,392.464,694.949
deep-researcher-1786005910-7beda9dedc4e,392.536,690.394
wide-researcher-1786005910-14f92a87c416,392.580,559.224
deep-researcher-1786005911-7e8a477e22d5,392.702,549.809
wide-researcher-1786005911-54aea07fef4c,392.753,639.479
deep-researcher-1786005911-2748bdbd0306,392.911,697.591
wide-researcher-1786005911-ef4617b96e3b,392.949,701.849
data-analyst-1786005785-0beb7109ea3d,392.964,417.921
data-analyst-1786005755-fe8febfc914d,392.993,473.734
deep-researcher-1786005911-d9f3caed7062,393.002,647.562
data-analyst-1786005777-ec4917f3678b,393.007,421.925
wide-researcher-1786005911-2e9b21ecf1e5,393.115,690.763
deep-researcher-1786005911-59b8752ebb6a,393.156,689.771
wide-researcher-1786005911-05ecf5a130d7,393.197,600.447
deep-researcher-1786005911-1342d74055bb,393.229,701.750
wide-researcher-1786005911-d3425f9f2e5f,393.307,556.425
deep-researcher-1786005911-d7e44698f123,393.325,614.045
wide-researcher-1786005911-e1eca90f95d9,393.367,558.182
deep-researcher-1786005911-07cd6efde537,393.391,564.915
wide-researcher-1786005911-9a6b8a247178,393.422,697.190
deep-researcher-1786005911-3a9e276bf448,393.517,702.973
wide-researcher-1786005911-8234e6b2f594,393.597,666.454
deep-researcher-1786005911-949749a0f3ca,393.626,592.516
wide-researcher-1786005912-5498849bcb64,393.671,540.919
deep-researcher-1786005912-2361ca3e9641,393.700,566.601
wide-researcher-1786005912-361d8e8b93f4,393.732,676.027
deep-researcher-1786005912-cc452aad9721,393.793,691.023
wide-researcher-1786005912-5d77c7e3e4e0,393.837,591.336
deep-researcher-1786005912-921c3e58fc6c,393.982,558.403
wide-researcher-1786005912-cc147e453e3a,394.046,675.693
deep-researcher-1786005912-dab5acbeaca4,394.098,657.867
wide-researcher-1786005912-a6f3e7b1b632,394.196,628.334
deep-researcher-1786005912-fdb398364810,394.264,707.914
data-analyst-1786005783-dd47e10702f5,394.286,394.287
wide-researcher-1786005912-7b5f494b4138,394.428,652.822
data-analyst-1786005807-ca928d0cb4ae,394.429,418.916
deep-researcher-1786005912-f2533792807d,394.473,579.603
wide-researcher-1786005912-133c343e27b2,394.522,659.235
data-analyst-1786005775-784824bbc5e4,394.595,417.172
deep-researcher-1786005912-2585b163075a,394.626,709.077
data-analyst-1786005753-bdbebbec8772,394.653,551.761
wide-researcher-1786005912-b292494986c4,394.670,632.746
deep-researcher-1786005913-756eff234d45,394.710,687.056
wide-researcher-1786005913-56bd20bd31ff,394.740,598.194
deep-researcher-1786005913-509bbd021c1f,394.836,547.486
wide-researcher-1786005913-90e55e4b05d7,394.869,565.234
deep-researcher-1786005913-a754f7494aa9,394.897,555.821
data-analyst-1786005815-56833d5dd3e9,394.915,442.455
data-analyst-1786005815-d488414b15dc,394.928,417.951
wide-researcher-1786005913-a70d4c6c5c6d,394.938,641.653
data-analyst-1786005815-3e4dc9748148,394.947,428.330
data-analyst-1786005736-5a6f0b834ad6,394.982,394.982
data-analyst-1786005801-eb30f64b23c8,394.996,394.997
deep-researcher-1786005913-69fd0327f174,395.029,694.428
wide-researcher-1786005913-0ef0e5f9c5da,395.108,694.933
deep-researcher-1786005913-d8637dcc9340,395.142,596.695
wide-researcher-1786005913-4158d494be30,395.186,568.865
data-analyst-1786005801-cfe4f9ccd28f,395.196,395.197
deep-researcher-1786005913-73c23f8679b5,395.214,589.634
wide-researcher-1786005913-63a331ce2f63,395.305,589.287
data-analyst-1786005815-7c75b70d29e5,395.324,433.906
deep-researcher-1786005913-2404b80269e4,395.337,682.283
data-analyst-1786005815-7e2842e2e6ee,395.337,441.192
wide-researcher-1786005913-42c73695273a,395.357,677.288
data-analyst-1786005774-2f3a2d263149,395.374,395.375
data-analyst-1786005786-f9bb4aef5517,395.389,395.391
data-analyst-1786005815-515159334ab9,395.457,419.380
data-analyst-1786005815-12c05726ac5f,395.470,431.019
data-analyst-1786005815-6899b82aa589,395.483,424.807
deep-researcher-1786005913-cb82d36bc328,395.497,643.269
data-analyst-1786005803-5085811c01e6,395.521,395.521
wide-researcher-1786005913-1313cf9d4a6d,395.592,563.229
deep-researcher-1786005913-9bb125b0915a,395.612,639.260
wide-researcher-1786005914-068d6895d117,395.708,698.797
deep-researcher-1786005914-e25cae5ec317,395.726,550.230
wide-researcher-1786005914-b3d7085b0a43,395.768,561.522
data-analyst-1786005803-5af28851b5d7,395.883,424.652
deep-researcher-1786005914-9ce2d6432a42,395.971,617.614
wide-researcher-1786005914-ba165189bf32,396.076,563.002
deep-researcher-1786005914-058c9ad23694,396.124,660.346
wide-researcher-1786005914-e3f3345cee92,396.166,620.767
data-analyst-1786005772-3b0e211f8040,396.170,418.456
deep-researcher-1786005914-e0c6bb3d7468,396.184,703.264
wide-researcher-1786005914-30ae277fddfc,396.225,672.460
deep-researcher-1786005914-38e167f3aece,396.256,703.837
wide-researcher-1786005914-c7371fdd7746,396.302,687.016
deep-researcher-1786005914-99d77ab09865,396.336,564.139
wide-researcher-1786005914-226d9d4ccb16,396.355,602.589
deep-researcher-1786005914-dda87f16a8de,396.389,615.882
wide-researcher-1786005914-4b7aec64b2c7,396.438,684.890
data-analyst-1786005739-32b72f4b14a6,396.482,427.698
deep-researcher-1786005914-0ff438980b02,396.625,640.037
wide-researcher-1786005914-6f9345ea89ad,396.658,587.970
data-analyst-1786005735-82e5c417ffb6,396.693,396.693
deep-researcher-1786005915-7fb4a1725e34,396.753,573.063
wide-researcher-1786005915-1ac3c2a40e49,396.810,565.024
deep-researcher-1786005915-81efdab4f17b,396.851,702.593
wide-researcher-1786005915-1d00b445d9cc,396.869,654.974
deep-researcher-1786005915-2260bed42512,396.979,568.224
wide-researcher-1786005915-1b8255fecf06,397.008,638.290
deep-researcher-1786005915-181709da5ad2,397.074,674.390
wide-researcher-1786005915-620ffd3d6e87,397.117,696.857
deep-researcher-1786005915-aaa062909a12,397.230,705.109
wide-researcher-1786005915-5ee57d105b3e,397.448,705.479
deep-researcher-1786005915-4eba5078fd59,397.490,690.185
wide-researcher-1786005915-51a15c96f712,397.576,598.385
deep-researcher-1786005915-b507ed997730,397.626,682.658
wide-researcher-1786005916-59ce095fc4c0,397.690,585.876
deep-researcher-1786005916-6035368d460b,397.721,695.029
wide-researcher-1786005916-30a81922d8f4,397.745,637.200
deep-researcher-1786005916-090883b4998e,397.853,708.409
wide-researcher-1786005916-24a190ab3c0e,397.904,676.502
deep-researcher-1786005916-b6b6b75f2820,397.948,551.676
wide-researcher-1786005916-539172529371,398.047,682.327
deep-researcher-1786005916-b1bfeb5da042,398.171,649.606
wide-researcher-1786005916-5c61b0603feb,398.274,664.976
deep-researcher-1786005916-25af9cfc3c15,398.323,569.858
wide-researcher-1786005916-78e642399c55,398.367,562.685
deep-researcher-1786005916-b4b5afc4d780,398.480,708.214
wide-researcher-1786005916-4fec10cc2ced,398.532,694.367
deep-researcher-1786005916-bf10fb4521fa,398.576,695.123
wide-researcher-1786005917-8497b1b01df1,398.618,552.636
data-analyst-1786005786-71304079050d,398.681,419.186
data-analyst-1786005748-0c064d480f58,398.708,428.480
data-analyst-1786005753-72840295f336,398.721,422.783
data-analyst-1786005782-88b9d9637d5c,398.734,420.508
deep-researcher-1786005917-12dd85b83ee7,398.743,670.958
data-analyst-1786005742-ecaed8ba5b26,398.751,432.603
data-analyst-1786005780-53f5d2b18340,398.764,424.984
wide-researcher-1786005917-9557cbd7c716,398.790,545.138
deep-researcher-1786005917-8f01b26f7875,399.007,708.971
wide-researcher-1786005917-1d17153e8d52,399.142,576.186
data-analyst-1786005816-b05140dabf89,399.181,424.076
deep-researcher-1786005917-a137f819d90a,399.194,642.944
data-analyst-1786005816-801f5c2e48b0,399.195,430.657
data-analyst-1786005816-19ff748dc1e7,399.210,429.822
wide-researcher-1786005917-a4c42626df7d,399.233,570.084
deep-researcher-1786005917-7a7523d6f19e,399.265,695.996
wide-researcher-1786005917-1ed6d4ba45d0,399.368,612.914
deep-researcher-1786005917-b9dd91397806,399.420,576.838
wide-researcher-1786005917-6c0a37611f1a,399.460,590.291
deep-researcher-1786005917-afac47f8e96c,399.562,650.244
wide-researcher-1786005917-58a89acedc46,399.644,553.304
deep-researcher-1786005918-16a3609e11ac,399.717,638.905
wide-researcher-1786005918-c4429a9b66b4,399.751,561.213
deep-researcher-1786005918-096459a70fce,399.778,705.557
wide-researcher-1786005918-af07876bf30c,399.870,650.486
deep-researcher-1786005918-c038f113d563,399.964,701.885
wide-researcher-1786005918-11b3654a32e0,399.996,657.349
data-analyst-1786005813-1199be1806cc,400.033,425.554
deep-researcher-1786005918-ec04d4a6449e,400.129,657.444
data-analyst-1786005750-cab504622f17,400.155,425.759
wide-researcher-1786005918-e8d5f03c9c85,400.259,641.788
data-analyst-1786005789-63806c911b54,400.329,418.243
data-analyst-1786005784-a7639845d454,400.348,400.348
deep-researcher-1786005918-3d77b1027e02,400.471,709.185
wide-researcher-1786005918-c4c190df056b,400.514,696.325
deep-researcher-1786005918-ce7dc4430be1,400.600,689.392
wide-researcher-1786005918-f22caee6bf70,400.651,678.681
deep-researcher-1786005919-961d3607fda0,400.700,658.645
wide-researcher-1786005919-c0c9e03af28b,400.740,647.262
data-analyst-1786005813-51e13ea1d425,400.749,418.973
deep-researcher-1786005919-46df4280d87f,400.765,643.051
data-analyst-1786005768-0224dc095a0e,400.771,400.772
wide-researcher-1786005919-290e295ffa11,400.846,642.004
deep-researcher-1786005919-eccb0b76604c,400.876,649.243
wide-researcher-1786005919-59e05c4414cb,400.926,580.635
data-analyst-1786005726-44878d42a98e,400.946,400.947
deep-researcher-1786005919-7edbddb9df3a,400.966,567.217
wide-researcher-1786005919-5c1bb506978a,401.015,676.264
deep-researcher-1786005919-d0cd8c4de84f,401.079,695.784
data-analyst-1786005780-352503df1f3b,401.110,401.111
wide-researcher-1786005919-75c61f16047d,401.138,592.357
deep-researcher-1786005919-4115cd6911e2,401.186,638.526
wide-researcher-1786005919-36f86fb892ad,401.236,694.485
deep-researcher-1786005919-e2ed2ee855c1,401.292,708.641
wide-researcher-1786005919-a2816a208ff6,401.394,617.551
deep-researcher-1786005919-7e8f9403d1cd,401.631,655.415
data-analyst-1786005803-c4aa8cc9ed54,401.660,542.355
wide-researcher-1786005919-7ae0d0f02ef0,401.661,639.073
data-analyst-1786005798-805ab8a3332d,401.684,417.483
deep-researcher-1786005920-64a40fce28b2,401.774,559.494
wide-researcher-1786005920-8815c0b90f80,401.802,644.439
data-analyst-1786005791-a80b0c1e171e,401.860,431.103
data-analyst-1786005804-2196063e37a6,401.879,401.879
deep-researcher-1786005920-3c105c84f619,401.984,651.620
wide-researcher-1786005920-74745d0499fb,402.020,676.859
data-analyst-1786005773-9ad5a77fa2cb,402.034,402.034
data-analyst-1786005783-a4c98a550e3c,402.061,426.534
deep-researcher-1786005920-cca6d5c3da9f,402.110,555.282
wide-researcher-1786005920-e7366a105ce6,402.161,649.147
deep-researcher-1786005920-7ccb61e97691,402.200,622.269
wide-researcher-1786005920-a1321237bfb4,402.223,555.158
deep-researcher-1786005920-8aa38f091cca,402.256,703.822
wide-researcher-1786005920-922f401c4a69,402.280,652.773
deep-researcher-1786005920-ccdf24cfabcf,402.349,656.599
wide-researcher-1786005920-51c6d6998461,402.388,565.943
deep-researcher-1786005920-064f22ee9a1f,402.436,616.195
wide-researcher-1786005920-03e30343f0a3,402.489,565.541
deep-researcher-1786005920-03769898d670,402.521,581.634
wide-researcher-1786005920-f5e78e444e3b,402.572,669.750
deep-researcher-1786005920-043ee5e16430,402.591,589.100
wide-researcher-1786005921-10d0282cb5a5,402.694,554.266
deep-researcher-1786005921-31926107838e,402.747,563.993
wide-researcher-1786005921-91c02a330ea9,402.779,639.581
deep-researcher-1786005921-4fc7c82c7c36,402.899,674.657
wide-researcher-1786005921-a5be18cae0f2,402.992,687.615
deep-researcher-1786005921-d4ae38019778,403.148,704.863
data-analyst-1786005768-f8023ff47e81,403.217,418.133
data-analyst-1786005760-a4c8ef552ea6,403.231,484.681
wide-researcher-1786005921-c6b3c2acdd9c,403.248,650.869
deep-researcher-1786005921-0a1e1201772e,403.280,688.177
wide-researcher-1786005921-e5a8ebc894b0,403.505,553.964
deep-researcher-1786005921-8de6423c274d,403.629,670.172
wide-researcher-1786005921-588b8d113f74,403.675,639.239
deep-researcher-1786005922-1482a587078e,403.776,572.192
wide-researcher-1786005922-a8113f341c83,403.864,658.120
data-analyst-1786005788-c994bbf27e20,403.898,403.898
deep-researcher-1786005922-d07be55083e5,403.954,651.759
wide-researcher-1786005922-481b3eac7ee8,403.995,659.668
deep-researcher-1786005922-707324789029,404.027,639.959
wide-researcher-1786005922-2db625a95188,404.088,682.223
deep-researcher-1786005922-38a76e228b61,404.107,567.302
wide-researcher-1786005922-0daaddfbe764,404.207,623.326
deep-researcher-1786005922-58f391e700c9,404.244,696.739
wide-researcher-1786005922-52ce8b334b35,404.262,653.296
deep-researcher-1786005922-6654de578959,404.293,696.045
data-analyst-1786005785-bd7c355d4d05,404.393,420.469
data-analyst-1786005749-48a16af872d4,404.412,424.310
wide-researcher-1786005922-de991606ec88,404.416,685.534
deep-researcher-1786005922-5833b8fcf644,404.494,636.992
wide-researcher-1786005922-63ebaf3c4760,404.512,691.321
deep-researcher-1786005922-f2f187baa9d3,404.561,650.361
wide-researcher-1786005922-83d900028a7a,404.609,602.012
deep-researcher-1786005923-f8f1b45f7707,404.662,687.096
wide-researcher-1786005923-44c0ab44634f,404.760,682.448
data-analyst-1786005809-89c80d5c3a82,404.771,417.730
deep-researcher-1786005923-f01a35550363,404.791,638.195
data-analyst-1786005809-93307941e332,404.812,418.863
wide-researcher-1786005923-2a3efe6ce090,404.821,671.578
deep-researcher-1786005923-ee77d4b956c4,405.017,563.730
wide-researcher-1786005923-4ba116ce8def,405.051,694.843
data-analyst-1786005736-7a6b1dfaf54a,405.052,405.057
deep-researcher-1786005923-a09feedc1728,405.124,652.621
wide-researcher-1786005923-c49f29ee8077,405.152,575.275
deep-researcher-1786005923-1845c9a83e75,405.223,644.518
wide-researcher-1786005923-0fc7624e1a08,405.257,651.942
data-analyst-1786005793-e3976ee55a87,405.271,417.747
deep-researcher-1786005923-130643b3d50d,405.285,638.870
wide-researcher-1786005923-f1a815c69049,405.382,579.756
data-analyst-1786005817-c68049fe1865,405.392,541.570
data-analyst-1786005817-b0527babb005,405.404,444.133
deep-researcher-1786005923-94cbcfb7e665,405.413,632.586
data-analyst-1786005817-a75f8af7b297,405.421,443.340
wide-researcher-1786005923-f6a362d20afe,405.451,551.138
deep-researcher-1786005923-8d73b2f8956b,405.472,656.108
wide-researcher-1786005923-064b34d790b6,405.502,581.152
deep-researcher-1786005923-89c65c5f9989,405.540,690.605
wide-researcher-1786005923-a13a366bb83c,405.621,662.355
deep-researcher-1786005924-051abf005637,405.719,659.394
wide-researcher-1786005924-2cb3abe2e6f3,405.762,709.446
deep-researcher-1786005924-57fa9039435e,405.780,645.777
data-analyst-1786005806-5e0cb6a71764,405.854,417.575
wide-researcher-1786005924-a060169a9055,405.906,625.755
deep-researcher-1786005924-6e46763787f0,405.925,559.651
wide-researcher-1786005924-0365b132c8be,405.993,546.972
deep-researcher-1786005924-5da5efea8602,406.025,547.109
wide-researcher-1786005924-41f6766fca8f,406.075,556.642
deep-researcher-1786005924-1f690fce1ade,406.174,645.230
wide-researcher-1786005924-1ce4207221b5,406.639,691.148
deep-researcher-1786005924-c4c598c4217f,406.670,574.212
wide-researcher-1786005925-1c30519c8d8e,406.774,559.875
deep-researcher-1786005925-676f6a946bbc,406.803,550.106
data-analyst-1786005809-b7485c38b421,406.883,417.867
wide-researcher-1786005925-9b77611535f7,406.887,557.720
deep-researcher-1786005925-32eb3f4165d4,406.960,692.991
wide-researcher-1786005925-b5326a9f87d5,407.012,652.255
deep-researcher-1786005925-1974fb05bfdb,407.051,637.572
wide-researcher-1786005925-7bbff6f7e1bd,407.123,649.871
deep-researcher-1786005925-eb1ef0e75d87,407.142,578.307
data-analyst-1786005802-9ed2ef512dae,407.156,418.548
wide-researcher-1786005925-84a09ca4beaa,407.222,562.101
deep-researcher-1786005925-499d1e780cea,407.265,703.653
wide-researcher-1786005925-a745e9df71f6,407.296,647.072
deep-researcher-1786005925-1df0f98b6310,407.417,563.032
wide-researcher-1786005925-58b9b826f55c,407.438,648.333
data-analyst-1786005813-b0d4fc8b2420,407.464,417.343
data-analyst-1786005811-d134f9a8116d,407.483,417.329
deep-researcher-1786005925-8e284a29dd46,407.508,706.594
wide-researcher-1786005925-fc7705a3a267,407.528,661.681
deep-researcher-1786005925-44511edf8b9a,407.579,582.826
wide-researcher-1786005925-fe28020d91a3,407.629,592.914
deep-researcher-1786005926-6e4d4fe8bf42,407.682,555.922
wide-researcher-1786005926-4260c3d7a609,407.776,678.701
deep-researcher-1786005926-cf0cede6b134,407.815,699.927
wide-researcher-1786005926-7088f1d6f3a3,408.048,604.211
deep-researcher-1786005926-29090d261ca7,408.106,640.610
wide-researcher-1786005926-ad538bb4b8ba,408.178,669.607
deep-researcher-1786005926-82d88b5ab9e4,408.249,702.066
wide-researcher-1786005926-571632026d12,408.278,612.145
deep-researcher-1786005926-7eba4fe6c196,408.395,577.944
wide-researcher-1786005926-37a01440e5c7,408.413,651.116
deep-researcher-1786005926-5ff33297f8e1,408.469,691.261
wide-researcher-1786005926-ff55fe7ce1e9,408.494,618.384
deep-researcher-1786005926-6c93d22a2718,408.527,589.923
wide-researcher-1786005926-a09f5e166168,408.560,567.836
deep-researcher-1786005926-8fe0125d02ff,408.605,706.868
wide-researcher-1786005927-0062309a466c,408.742,693.964
data-analyst-1786005788-b0aa4660329d,408.776,425.614
data-analyst-1786005788-cd7d12784cab,408.791,433.579
data-analyst-1786005758-d5b6a480fb80,408.805,418.120
deep-researcher-1786005927-cfc314d09d1a,408.809,669.891
data-analyst-1786005765-fa545225a5b8,408.821,419.427
data-analyst-1786005725-d79acd8d6574,408.834,421.803
data-analyst-1786005753-c2e9af137f03,408.848,422.001
data-analyst-1786005740-c31e073be8c4,408.860,435.649
wide-researcher-1786005927-cc5daccff6f7,408.943,655.144
deep-researcher-1786005927-82a548598395,409.009,548.408
wide-researcher-1786005927-06761a8387ef,409.135,558.432
deep-researcher-1786005927-c90532689aec,409.183,657.786
wide-researcher-1786005927-b62b048fb67e,409.291,704.961
data-analyst-1786005788-c5c959acb230,409.301,409.302
deep-researcher-1786005927-08e1a417f1c1,409.359,708.102
wide-researcher-1786005927-eb33678c509a,409.552,681.709
deep-researcher-1786005927-9b8972b56890,409.674,581.436
wide-researcher-1786005928-397fb366274a,409.753,678.903
deep-researcher-1786005928-e8883e6fc939,409.826,647.088
wide-researcher-1786005928-30a58d5478d5,409.916,596.030
deep-researcher-1786005928-f89222a8ee5e,409.936,653.398
wide-researcher-1786005928-f50eb755d0ba,409.984,689.448
deep-researcher-1786005928-bc6cd50c21a3,410.005,697.280
wide-researcher-1786005928-146773944159,410.034,695.420
deep-researcher-1786005928-d1f43c67380d,410.114,590.096
wide-researcher-1786005928-9dbe72573676,410.143,650.188
deep-researcher-1786005928-6d260b745e87,410.241,709.483
wide-researcher-1786005928-3b0b1d489d00,410.259,588.473
deep-researcher-1786005928-f2d4113f9ccc,410.297,643.539
data-analyst-1786005781-7469546a2ec7,410.316,421.108
wide-researcher-1786005928-11d8a65afb87,410.325,657.330
deep-researcher-1786005928-2770ea360112,410.453,549.521
wide-researcher-1786005928-03bed9ed521f,410.490,655.974
deep-researcher-1786005928-7b72622776b6,410.521,698.534
wide-researcher-1786005928-7e856f070589,410.689,704.105
deep-researcher-1786005928-73db36ec70a3,410.791,572.271
data-analyst-1786005774-25ca7f768533,410.835,417.639
wide-researcher-1786005929-776f509f0f12,410.882,699.647
data-analyst-1786005818-4d5880460af2,411.016,520.212
data-analyst-1786005818-768a1d6c2fb8,411.030,427.289
data-analyst-1786005818-f80c7dc91540,411.045,428.394
deep-researcher-1786005929-9f532111e175,411.102,554.252
wide-researcher-1786005929-e8c0ec5a6e61,411.189,655.671
deep-researcher-1786005929-e1874a28565d,411.270,656.977
wide-researcher-1786005929-da058134c404,411.340,685.225
deep-researcher-1786005929-1432a8f172ad,411.404,650.754
wide-researcher-1786005929-a8c15e3922f7,411.428,703.384
deep-researcher-1786005929-a8107244b8b0,411.498,703.314
wide-researcher-1786005929-3fa8f64a76de,411.547,609.278
deep-researcher-1786005929-0f8c3accb320,411.578,680.771
wide-researcher-1786005930-ba477d014fcb,411.633,557.515
deep-researcher-1786005930-b604db019e40,411.664,591.377
data-analyst-1786005806-d980b4e9ebc6,411.720,421.899
data-analyst-1786005811-0504df774c4a,411.737,411.737
wide-researcher-1786005930-3d57199aa830,411.749,638.723
data-analyst-1786005799-c7a0709c3c01,411.753,411.753
deep-researcher-1786005930-b7c395684850,411.770,681.202
wide-researcher-1786005930-54716b8b99c5,411.809,593.187
deep-researcher-1786005930-18f3241851a0,411.839,709.290
wide-researcher-1786005930-cf9c09cdec5c,411.964,648.097
deep-researcher-1786005930-2964eff831c9,412.033,699.383
wide-researcher-1786005930-ea64307bc772,412.109,699.738
deep-researcher-1786005930-4aab0990cbac,412.158,702.844
wide-researcher-1786005930-eba61672fe6f,412.201,547.773
deep-researcher-1786005930-4d25bfd95003,412.310,642.747
wide-researcher-1786005930-a8036109ed01,412.352,657.593
deep-researcher-1786005930-fd59cfc358e5,412.399,653.352
wide-researcher-1786005930-85bd2c95c21c,412.619,681.393
data-analyst-1786005815-4511c8d66db2,412.696,443.862
deep-researcher-1786005930-96b9bb00dca9,412.765,705.431
wide-researcher-1786005931-d55b274b6b0d,412.815,677.632
deep-researcher-1786005931-733997968ff2,412.916,652.654
wide-researcher-1786005931-5a3523368bb2,412.934,552.435
deep-researcher-1786005931-2cb5f761ccb2,412.954,583.655
wide-researcher-1786005931-f76c59a9d8a1,413.006,560.988
deep-researcher-1786005931-0eea30dac148,413.055,621.930
wide-researcher-1786005931-71398e05990f,413.087,660.015
deep-researcher-1786005931-72634cfc1d6e,413.140,646.559
wide-researcher-1786005931-f3b74f46e33d,413.180,651.990
deep-researcher-1786005931-a50db953ab28,413.255,702.116
wide-researcher-1786005931-657aa77e7a22,413.286,651.296
deep-researcher-1786005931-adbe608a73d7,413.318,589.260
wide-researcher-1786005931-9b752d77a13c,413.348,637.921
data-analyst-1786005791-bf7ab05eb0db,413.418,413.419
deep-researcher-1786005931-505313337913,413.476,643.158
wide-researcher-1786005931-ebe6a64b00f5,413.621,654.812
data-analyst-1786005818-bcc8e6c9d76a,413.700,564.700
data-analyst-1786005818-b1461ba8972e,413.713,438.129
deep-researcher-1786005931-002a44d472e2,413.713,688.694
data-analyst-1786005818-291bc1fa463b,413.729,556.053
wide-researcher-1786005932-4e4f49666ea1,413.814,673.126
data-analyst-1786005818-a924cd08f000,413.863,423.454
data-analyst-1786005818-41df88a42837,413.876,426.278
data-analyst-1786005818-869363ea4fa6,413.891,429.040
deep-researcher-1786005932-52890b274555,413.903,678.283
data-analyst-1786005818-696e70fff940,413.986,426.383
data-analyst-1786005818-9f19ca72ce49,414.006,425.432
data-analyst-1786005818-96978247a0c7,414.020,438.347
wide-researcher-1786005932-361a99d2b7c8,414.093,655.798
data-analyst-1786005760-d73026b897bd,414.157,414.157
data-analyst-1786005796-c519b39c49da,414.229,414.229
deep-researcher-1786005932-7ffcae672ee0,414.279,652.142
wide-researcher-1786005932-15ca9976e2e7,414.298,641.284
deep-researcher-1786005932-f975fed72ce0,414.325,562.913
wide-researcher-1786005932-7483d75f8b31,414.357,700.412
deep-researcher-1786005932-687c304a9edb,414.434,562.439
wide-researcher-1786005932-7fc3c5244006,414.466,683.083
data-analyst-1786005818-3819a4a857ef,414.490,430.136
data-analyst-1786005818-c899bcee2b5a,414.504,443.579
deep-researcher-1786005932-874a2c2d13d8,414.517,708.246
data-analyst-1786005818-6fe05ef623a8,414.517,426.753
data-analyst-1786005818-f9c8dbd7c72c,414.535,421.856
data-analyst-1786005818-89b76a885bd3,414.548,445.577
data-analyst-1786005818-0466038b5c01,414.560,425.641
wide-researcher-1786005932-e46c291bbb7a,414.648,578.533
deep-researcher-1786005932-9b861cd824c3,414.690,654.501
wide-researcher-1786005933-422d7c331707,414.730,578.022
deep-researcher-1786005933-a6f5b7c0e19c,414.784,701.683
wide-researcher-1786005933-5188aceba1fb,414.804,649.283
deep-researcher-1786005933-c90a33f9662b,414.987,557.561
wide-researcher-1786005933-628d7f3fd4d2,415.059,702.550
deep-researcher-1786005933-a3e1c7109c82,415.108,553.950
wide-researcher-1786005933-f5115fdbb5f0,415.174,700.288
deep-researcher-1786005933-da6bd459cf30,415.309,703.297
wide-researcher-1786005933-faa19432c667,415.373,682.112
deep-researcher-1786005933-8ad13827ba37,415.402,708.086
wide-researcher-1786005933-c7ca3d4dff90,415.423,684.448
deep-researcher-1786005933-145f7f0173fc,415.590,707.945
wide-researcher-1786005933-6d2df7e20448,415.628,677.065
deep-researcher-1786005934-3054627d06da,415.716,598.521
wide-researcher-1786005934-8ffd074767a6,415.789,591.881
deep-researcher-1786005934-79133beb8a63,415.811,675.616
wide-researcher-1786005934-a7f8190942d2,415.868,679.061
deep-researcher-1786005934-92f6a58d7b7e,415.948,703.614
wide-researcher-1786005934-8731c3bc68dd,415.966,641.034
deep-researcher-1786005934-8d8486db74ca,416.078,653.248
wide-researcher-1786005934-1b52ea87a9f9,416.148,649.188
deep-researcher-1786005934-822751915e55,416.165,695.218
wide-researcher-1786005934-ffa5e0b66348,416.302,560.439
deep-researcher-1786005934-152864b5cd46,416.351,646.826
data-analyst-1786005759-06df6c500f23,416.418,434.117
data-analyst-1786005789-67a313b454f3,416.431,422.981
data-analyst-1786005789-9d5c434a5eb2,416.443,418.947
data-analyst-1786005759-37e800daa0e4,416.457,422.197
data-analyst-1786005759-2bfac6b9c8e7,416.469,431.523
wide-researcher-1786005934-003a80446317,416.477,658.544
data-analyst-1786005780-206a2aa8efd6,416.486,422.114
deep-researcher-1786005934-27648ac2e2b1,416.495,678.237
data-analyst-1786005736-10baa6be1a27,416.500,418.094
wide-researcher-1786005934-ed62e233f3b4,416.568,645.168
deep-researcher-1786005934-2e684bc8726a,416.687,709.044
wide-researcher-1786005935-15703cc6d907,416.727,641.463
deep-researcher-1786005935-0aac09c477d8,416.820,566.650
wide-researcher-1786005935-dfec491d8ab6,416.874,669.828
deep-researcher-1786005935-a7caf34097ec,416.913,708.623
wide-researcher-1786005935-fd50081ac3ef,417.103,664.491
deep-researcher-1786005935-69336f446f38,417.233,618.437
wide-researcher-1786005935-d11367c62c77,417.294,689.137
deep-researcher-1786005935-1eccaf6398c0,417.315,709.464
wide-researcher-1786005935-8b3f22f51249,417.356,697.521
deep-researcher-1786005935-8ad456cd9432,417.387,560.548
wide-researcher-1786005935-ec25f0ec0925,417.418,682.621
deep-researcher-1786005935-553aace06574,417.448,709.408
wide-researcher-1786005935-8c07c7092832,417.469,670.059
deep-researcher-1786005935-93d30d1d11b5,417.488,708.525
wide-researcher-1786005935-45bc59da67d1,417.530,653.167
deep-researcher-1786005935-271254757584,417.588,709.306
wide-researcher-1786005935-039aa10da222,417.624,646.402
deep-researcher-1786005936-f2bb5bc0fa89,417.696,604.170
wide-researcher-1786005936-d758d0481115,417.742,689.626
deep-researcher-1786005936-966aa07d39e5,417.813,654.484
wide-researcher-1786005936-4d8058a0221d,417.853,673.498
deep-researcher-1786005936-97ceef34485b,417.991,640.338
wide-researcher-1786005936-633e42ffdd30,418.012,584.208
deep-researcher-1786005936-49c5b0dce89c,418.041,628.548
wide-researcher-1786005936-fd3ca9bacfbd,418.085,690.061
deep-researcher-1786005936-506a431f306c,418.137,642.230
wide-researcher-1786005936-64e9a6de683b,418.187,553.057
deep-researcher-1786005936-a410d82717ed,418.211,650.689
wide-researcher-1786005936-04c3e9a5f653,418.247,653.283
deep-researcher-1786005936-c49569bc987d,418.325,656.696
wide-researcher-1786005936-057459c110bc,418.358,692.606
deep-researcher-1786005936-57d5366bbe2c,418.387,566.919
wide-researcher-1786005936-6b31da4edf06,418.437,681.241
deep-researcher-1786005936-f8eb929b7c47,418.474,685.305
wide-researcher-1786005936-96fe65a778e2,418.618,645.472
deep-researcher-1786005936-7bbf3dc09815,418.651,560.154
wide-researcher-1786005937-bf94cfdd49f6,418.814,640.968
deep-researcher-1786005937-ec0594e572fc,418.832,652.373
wide-researcher-1786005937-dc8e4575f515,418.864,652.638
deep-researcher-1786005937-fb8d6a9b3334,418.896,689.791
wide-researcher-1786005937-67fbdb211323,418.925,639.521
deep-researcher-1786005937-f9b2c3a8fcb5,418.977,683.299
data-analyst-1786005820-5c93b35d28b2,419.004,419.004
wide-researcher-1786005937-12104ccf3e20,419.057,561.082
deep-researcher-1786005937-c5546932650e,419.135,703.185
wide-researcher-1786005937-67d16c9afd1d,419.292,592.132
deep-researcher-1786005937-0f7d4dc3842f,419.325,586.264
wide-researcher-1786005937-a5cd15913e56,419.365,565.387
deep-researcher-1786005937-a169d4d0a71d,419.507,708.392
wide-researcher-1786005937-864cabd7d905,419.592,587.191
deep-researcher-1786005937-9b1ebca8b31d,419.722,645.309
wide-researcher-1786005938-53e46292201e,419.850,646.272
deep-researcher-1786005938-566c8e02f906,419.870,570.607
wide-researcher-1786005938-1bb47b79e3be,419.900,574.227
deep-researcher-1786005938-08a2df6a2219,419.941,586.693
wide-researcher-1786005938-0f6415658e48,419.961,677.895
deep-researcher-1786005938-d078d5beb5b7,419.993,647.388
data-analyst-1786005821-b0bf88be3960,420.020,420.021
wide-researcher-1786005938-15ddb7b486da,420.122,640.951
deep-researcher-1786005938-481f3a346015,420.163,582.812
data-analyst-1786005825-dd4b1a423372,420.206,420.206
wide-researcher-1786005938-ea7ea5b9dc9d,420.258,697.502
data-analyst-1786005820-1a8881578923,420.289,420.290
deep-researcher-1786005938-a743cdc86c9e,420.306,659.895
wide-researcher-1786005938-e6f377c1a8c6,420.329,558.648
deep-researcher-1786005938-5326e9fa6f1e,420.409,708.357
wide-researcher-1786005938-68b5fba4739f,420.440,657.908
deep-researcher-1786005938-e865cad0061f,420.473,690.217
wide-researcher-1786005938-3c818bc042a1,420.493,563.921
deep-researcher-1786005938-e4cddeebac08,420.549,566.454
wide-researcher-1786005938-f867d6c72a04,420.573,639.754
deep-researcher-1786005939-0264f52c8045,420.606,653.615
wide-researcher-1786005939-4f9c9d9e2913,420.649,638.090
deep-researcher-1786005939-a1e97566386f,420.814,670.741
data-analyst-1786005822-6a6d84cc2c77,420.945,420.946
wide-researcher-1786005939-2b6ff3913f1e,421.031,701.968
deep-researcher-1786005939-e5c29867004d,421.167,563.596
wide-researcher-1786005939-f49af804a712,421.228,648.365
deep-researcher-1786005939-841df1465441,421.361,564.644
wide-researcher-1786005939-73df07d876a2,421.385,684.569
deep-researcher-1786005939-933da5e9458a,421.416,613.604
wide-researcher-1786005939-b8e1011e607a,421.446,694.674
data-analyst-1786005824-e84adb025d40,421.451,421.452
deep-researcher-1786005939-a478e55055c7,421.466,595.070
data-analyst-1786005824-627d5b3ac4b3,421.471,421.472
data-analyst-1786005826-2c68a4b16f3a,421.503,421.503
wide-researcher-1786005939-9667dcd15a15,421.507,575.161
data-analyst-1786005822-e7d3be88a0b6,421.551,421.551
deep-researcher-1786005939-6d97ca8b994f,421.638,574.259
data-analyst-1786005830-aee6a9339ccc,421.689,421.690
data-analyst-1786005829-744efe13702f,421.731,421.732
data-analyst-1786005824-2788069e4cf1,421.745,421.745
wide-researcher-1786005939-18bcd3bd0ec6,421.770,652.872
data-analyst-1786005830-ef9f6754ee51,421.774,421.775
deep-researcher-1786005940-2dfa793e62df,421.821,550.597
wide-researcher-1786005940-3e6769e0bc92,421.844,690.891
data-analyst-1786005819-8904cb387ef6,421.871,421.872
data-analyst-1786005819-25e89bae3a27,421.885,421.885
data-analyst-1786005824-5d24dfd5b2a3,421.911,421.911
deep-researcher-1786005940-700c71df63f3,421.986,709.109
data-analyst-1786005824-98385e00bc03,422.033,422.034
wide-researcher-1786005940-5d713620e7cb,422.061,564.035
deep-researcher-1786005940-bf58ad6b6a0a,422.080,558.314
data-analyst-1786005819-6f745c573209,422.100,422.101
wide-researcher-1786005940-7ff3ccd82490,422.118,652.072
data-analyst-1786005829-fcc693a94b3a,422.133,422.133
data-analyst-1786005831-ddf2ebe3b6c3,422.164,422.165
deep-researcher-1786005940-474f829f2b9c,422.192,703.572
data-analyst-1786005824-c5a5f39e87bb,422.209,422.210
wide-researcher-1786005940-c6ab4b989426,422.222,675.079
data-analyst-1786005829-f7a3482d8ae2,422.275,422.275
data-analyst-1786005824-262fc180588a,422.304,422.304
data-analyst-1786005828-7259e7907f86,422.331,422.332
deep-researcher-1786005940-ed9856bdd68a,422.382,697.324
data-analyst-1786005822-82f5c4a11a7b,422.408,422.408
data-analyst-1786005824-41c12afef15e,422.452,422.453
wide-researcher-1786005940-d472ca54e63b,422.483,569.272
deep-researcher-1786005940-3c17e4cc2013,422.534,707.175
wide-researcher-1786005940-397ea306a5b4,422.554,673.422
data-analyst-1786005829-d4fe79d42b56,422.565,422.566
deep-researcher-1786005941-8e9decd3b473,422.611,709.171
wide-researcher-1786005941-272e40560af0,422.691,656.941
data-analyst-1786005822-127130330444,422.711,422.712
deep-researcher-1786005941-af9b3955dce0,422.752,575.206
data-analyst-1786005828-8fc32cb748e1,422.797,422.798
data-analyst-1786005828-afa3a4644a7c,422.827,422.827
data-analyst-1786005831-acad6934c105,422.917,422.917
wide-researcher-1786005941-f7fc4e84150e,422.934,705.087
deep-researcher-1786005941-299fab62e431,422.976,651.131
wide-researcher-1786005941-c05c4b6c1790,423.019,644.105
deep-researcher-1786005941-d6bc8cce29d4,423.128,704.085
wide-researcher-1786005941-51923f779a08,423.273,679.316
deep-researcher-1786005941-c39149488fbc,423.333,628.224
data-analyst-1786005830-22fb2194359c,423.363,423.363
wide-researcher-1786005941-8a7c63797a94,423.364,697.158
deep-researcher-1786005941-a787e7a391f5,423.405,691.762
data-analyst-1786005822-e6c1005bb56c,423.409,423.410
data-analyst-1786005824-614fc15a574f,423.440,423.441
wide-researcher-1786005941-afa825ef7dc6,423.458,686.917
data-analyst-1786005821-d3ddc6c9d9a7,423.472,423.472
data-analyst-1786005825-1566b6b4f733,423.502,423.502
data-analyst-1786005829-239580c6263f,423.515,423.515
deep-researcher-1786005941-875dde729d0f,423.577,653.977
wide-researcher-1786005941-811e992033e0,423.595,669.907
deep-researcher-1786005942-fba3c3cd2398,423.635,701.788
wide-researcher-1786005942-7f91be9e6f3b,423.665,652.178
deep-researcher-1786005942-c817210282b8,423.707,657.511
data-analyst-1786005819-5b9b4f3cc98e,423.727,423.728
data-analyst-1786005833-b01ebc2615c6,423.756,423.756
wide-researcher-1786005942-883fc602b418,423.822,677.180
data-analyst-1786005822-423963849200,423.846,423.846
deep-researcher-1786005942-55ca8bd27240,424.040,587.286
wide-researcher-1786005942-e1a5417ab895,424.060,646.978
deep-researcher-1786005942-f296c11e3efe,424.115,633.325
wide-researcher-1786005942-bff786b23cf8,424.136,700.534
deep-researcher-1786005942-2d17b882457e,424.188,657.923
wide-researcher-1786005942-ce80d671ae98,424.265,636.430
deep-researcher-1786005942-912819b966d6,424.405,699.467
wide-researcher-1786005942-1dc0876786ca,424.433,641.883
deep-researcher-1786005942-eb96f8a1fe78,424.474,622.923
wide-researcher-1786005942-d520f19a1065,424.493,688.546
data-analyst-1786005825-b3cee6b4916d,424.508,424.508
data-analyst-1786005822-e6a22274dcc0,424.522,424.522
deep-researcher-1786005942-b3232d5b4bd0,424.526,702.695
data-analyst-1786005824-e3ce5080d51d,424.631,424.631
wide-researcher-1786005942-8084f4ab3389,424.641,638.755
deep-researcher-1786005942-6fb652a3b70f,424.782,705.241
data-analyst-1786005837-202aa53dc691,424.822,424.822
data-analyst-1786005827-945740d27103,424.836,424.836
wide-researcher-1786005943-82eca761a719,424.853,561.823
deep-researcher-1786005943-986cbe70baf1,424.871,693.616
wide-researcher-1786005943-3a9f99fc7d93,424.946,697.222
deep-researcher-1786005943-f4ed22be950a,425.018,696.562
wide-researcher-1786005943-6a9fd0448498,425.096,702.952
data-analyst-1786005829-03524d5177af,425.116,425.116
deep-researcher-1786005943-a5971f3f1ee2,425.141,707.849
data-analyst-1786005838-1d39b9201c7a,425.211,425.212
wide-researcher-1786005943-a446ec21b2cd,425.212,655.050
deep-researcher-1786005943-0cccd99513f9,425.300,554.963
wide-researcher-1786005943-4948fb403c3c,425.330,693.741
deep-researcher-1786005943-815cf43f4566,425.403,708.448
wide-researcher-1786005943-e4fe4af514df,425.423,656.889
data-analyst-1786005840-d559f1f0c9a7,425.493,425.493
deep-researcher-1786005943-c62e8a2ecef9,425.534,581.422
wide-researcher-1786005943-cdd01a64c6c1,425.558,685.665
data-analyst-1786005830-28da2ed06ac7,425.573,425.573
data-analyst-1786005829-d055ec975c2b,425.600,425.600
deep-researcher-1786005944-6ae1cff457db,425.645,620.120
data-analyst-1786005825-b661bf54751c,425.660,425.660
data-analyst-1786005824-09bc18aaaec1,425.673,425.673
data-analyst-1786005830-d4d088dc8fe5,425.686,425.686
wide-researcher-1786005944-9302ccad3a06,425.694,560.731
data-analyst-1786005832-ef9fc3823fe0,425.743,425.744
deep-researcher-1786005944-179362b9813c,425.913,645.762
wide-researcher-1786005944-a0a814e4aa87,425.946,657.388
deep-researcher-1786005944-ce069a7ff25f,425.998,705.167
wide-researcher-1786005944-5e0dcfdb4bf2,426.016,671.321
data-analyst-1786005829-b5e4347a2b9c,426.045,426.045
deep-researcher-1786005944-c6b3ecb2ad9d,426.154,679.693
data-analyst-1786005820-9238debc9c8c,426.193,426.193
wide-researcher-1786005944-e9f06528e71c,426.286,565.150
data-analyst-1786005839-36be14fd3c3e,426.326,426.326
deep-researcher-1786005944-a24857e7a50e,426.330,654.617
wide-researcher-1786005944-13f073fa7cfb,426.371,676.093
deep-researcher-1786005944-bcb3a087fee1,426.391,632.319
data-analyst-1786005828-009db490ccb2,426.403,426.404
wide-researcher-1786005944-9286bd7038c9,426.435,598.641
deep-researcher-1786005944-a85bc7366cb3,426.488,699.521
wide-researcher-1786005944-0a0dd5789738,426.519,650.706
deep-researcher-1786005944-92916857c28c,426.593,568.426
wide-researcher-1786005944-64c10a8f943e,426.615,686.935
deep-researcher-1786005945-b78466c1277c,426.655,626.492
data-analyst-1786005824-60a81b4152ad,426.682,426.682
data-analyst-1786005838-c5a8a2995876,426.725,426.725
wide-researcher-1786005945-67a8eb6f54e0,426.815,666.409
deep-researcher-1786005945-e991cafdc302,426.848,621.280
wide-researcher-1786005945-bba63fee5720,426.876,693.220
deep-researcher-1786005945-3a8079f1ded1,426.923,640.591
data-analyst-1786005839-17dd9cda3b2b,427.047,427.047
wide-researcher-1786005945-c52c826c5388,427.047,649.057
data-analyst-1786005840-3e0267f9033d,427.110,427.110
deep-researcher-1786005945-6d3f83b6807a,427.139,656.351
wide-researcher-1786005945-68bbb262d321,427.159,702.381
data-analyst-1786005830-35d01042c784,427.178,427.178
deep-researcher-1786005945-64c3bbb24497,427.205,643.066
wide-researcher-1786005945-97c7b1be0096,427.223,687.864
deep-researcher-1786005945-2759b4caa798,427.284,641.425
data-analyst-1786005824-b3d5fc1ba2df,427.369,427.370
wide-researcher-1786005945-7da9284ebf11,427.432,683.570
data-analyst-1786005839-33252148e501,427.462,427.463
data-analyst-1786005837-5574f1a65f64,427.477,427.477
deep-researcher-1786005945-e0843d890812,427.504,660.363
wide-researcher-1786005945-92465d8038b3,427.522,649.718
deep-researcher-1786005945-5787eefb5390,427.562,553.407
data-analyst-1786005825-c83d398d7ae5,427.604,427.605
data-analyst-1786005825-55afa53165ee,427.618,427.619
wide-researcher-1786005945-e383a985cb21,427.665,560.138
deep-researcher-1786005946-e3349ed253b1,427.803,564.743
wide-researcher-1786005946-2a7378e7cebc,427.823,607.195
deep-researcher-1786005946-1c7bd63843f7,427.875,650.343
wide-researcher-1786005946-3ae4f9e43960,427.895,642.492
deep-researcher-1786005946-eb0768889beb,427.935,565.094
data-analyst-1786005830-86987734ba13,427.978,427.979
data-analyst-1786005835-4f785fcbc07b,427.992,427.993
wide-researcher-1786005946-3dbd131cb1a1,428.029,699.000
data-analyst-1786005830-0e51d04cb0f1,428.055,428.056
deep-researcher-1786005946-5e00a0d0d380,428.087,708.264
wide-researcher-1786005946-45cc2a2bcb87,428.116,591.132
deep-researcher-1786005946-8d39a70c1b9b,428.196,648.349
data-analyst-1786005824-e32de29e6962,428.232,428.232
wide-researcher-1786005946-970e8097bd2e,428.236,690.249
data-analyst-1786005845-45899086f2f5,428.279,428.280
data-analyst-1786005829-fc09466fe765,428.310,428.311
deep-researcher-1786005946-743d66dfb7d8,428.319,673.514
data-analyst-1786005837-8baa2eced618,428.343,428.344
wide-researcher-1786005946-d3a90d3fcc8f,428.361,595.727
data-analyst-1786005827-8ff060cc3525,428.376,428.376
deep-researcher-1786005946-517f17abca31,428.389,701.378
data-analyst-1786005846-b0b88b55e369,428.408,428.409
wide-researcher-1786005946-79d9cdaeb881,428.427,690.169
data-analyst-1786005819-fadcdd5e943b,428.439,428.440
deep-researcher-1786005946-b74f4cc9fb73,428.508,606.021
wide-researcher-1786005946-f1c9dd3237de,428.567,675.862
data-analyst-1786005830-ad89c2b69676,428.589,428.589
data-analyst-1786005827-20dbfe405d10,428.602,428.602
deep-researcher-1786005946-e9e12f2c1f25,428.657,702.148
wide-researcher-1786005947-96ceac9719c2,428.717,571.058
data-analyst-1786005837-4084d4ee5855,428.726,428.726
deep-researcher-1786005947-f15ebc32e356,428.790,585.423
data-analyst-1786005833-ff94cc6b3720,428.908,428.909
wide-researcher-1786005947-ee49191dfd93,428.926,646.256
deep-researcher-1786005947-884e355d9ebc,428.949,641.076
wide-researcher-1786005947-ed37c844001f,428.980,707.810
deep-researcher-1786005947-df208b7f32d1,429.021,626.654
wide-researcher-1786005947-c3dfea8c7b59,429.073,681.223
deep-researcher-1786005947-402007d81668,429.171,708.506
data-analyst-1786005821-7a6a888765bc,429.260,429.260
wide-researcher-1786005947-53922688b3f6,429.338,675.678
data-analyst-1786005824-5bf4de93cea6,429.353,429.353
deep-researcher-1786005947-2b87f1e81b9e,429.366,684.226
wide-researcher-1786005947-fdee3c14c402,429.395,695.234
data-analyst-1786005832-dc914c572878,429.456,429.457
deep-researcher-1786005947-466e16019ecb,429.518,657.639
wide-researcher-1786005947-36a745b0c4a0,429.550,704.823
data-analyst-1786005822-b6bc80ced239,429.593,429.594
deep-researcher-1786005947-f31e52e87ab1,429.611,677.049
wide-researcher-1786005948-2210335988d8,429.639,656.733
deep-researcher-1786005948-5a859575d96c,429.678,575.594
wide-researcher-1786005948-81aa8dbb66e1,429.707,657.731
data-analyst-1786005830-71a4bd1e4f4a,429.711,429.712
data-analyst-1786005824-bd22584681b2,429.742,429.742
deep-researcher-1786005948-5400bede8b90,429.746,592.426
data-analyst-1786005845-95fd47f1f126,429.805,429.805
wide-researcher-1786005948-b7ce430b1371,429.831,643.523
data-analyst-1786005825-fb10ce9f0632,429.901,429.901
data-analyst-1786005819-16b8f863a838,429.929,429.929
deep-researcher-1786005948-21c4191e1d23,429.937,657.311
data-analyst-1786005829-fe83aaeaf3e4,429.947,429.948
data-analyst-1786005822-3445efa6a4fd,429.992,429.992
wide-researcher-1786005948-308601ea33b7,430.024,691.842
deep-researcher-1786005948-f1603cb0a435,430.074,640.225
wide-researcher-1786005948-a41f3b357310,430.169,639.927
deep-researcher-1786005948-541b928bfe47,430.224,709.502
wide-researcher-1786005948-c636ebbea30d,430.246,703.552
data-analyst-1786005850-5015baf1a834,430.301,430.301
deep-researcher-1786005948-eba61c06639a,430.305,655.262
data-analyst-1786005825-efa8d4a7a5d4,430.318,430.318
wide-researcher-1786005948-95aa69173f83,430.429,698.700
data-analyst-1786005837-dfa990e8c65c,430.439,430.440
deep-researcher-1786005948-bb2db0fe4690,430.463,708.698
wide-researcher-1786005948-bba0ac121f74,430.493,649.318
data-analyst-1786005828-91a57bbd8f0e,430.536,430.536
data-analyst-1786005822-02ff29125c45,430.549,430.550
data-analyst-1786005844-17d0d1df8081,430.563,430.564
deep-researcher-1786005948-b4e47040c37d,430.591,640.572
data-analyst-1786005822-96a24763bf7f,430.641,430.643
data-analyst-1786005822-f9e271a1c887,430.699,430.699
wide-researcher-1786005948-d7ab709dc643,430.794,675.319
deep-researcher-1786005949-314123f0f159,430.843,689.566
data-analyst-1786005853-a8c9beafe563,430.855,430.856
wide-researcher-1786005949-d7cc21dd6acf,430.883,679.102
deep-researcher-1786005949-d6032751a7f9,430.914,649.368
wide-researcher-1786005949-4ba0d5f3445f,431.037,685.964
deep-researcher-1786005949-b08d3ae47afc,431.067,703.121
wide-researcher-1786005949-3e51dd923101,431.117,643.492
data-analyst-1786005849-f88986da1bbd,431.117,431.118
deep-researcher-1786005949-831f2f9c25ea,431.145,707.651
wide-researcher-1786005949-be5b6a0ed98c,431.199,701.336
data-analyst-1786005845-ef86aa4f1d88,431.204,431.205
deep-researcher-1786005949-b2bca5bc18af,431.259,680.788
wide-researcher-1786005949-906d36f01e96,431.347,708.166
data-analyst-1786005851-e90e12b9c119,431.401,431.402
deep-researcher-1786005949-ae6773b01842,431.415,708.897
data-analyst-1786005824-60f2c3ae1531,431.435,431.436
data-analyst-1786005856-23cc9f291bec,431.449,431.450
data-analyst-1786005836-d45c2143bba1,431.478,431.479
data-analyst-1786005819-03ef97434a19,431.492,431.492
wide-researcher-1786005949-b09d21512e39,431.542,604.943
deep-researcher-1786005949-923b6aedc9ad,431.584,569.826
data-analyst-1786005838-6bd7dc34e0a0,431.595,431.596
data-analyst-1786005851-bbafd363e209,431.609,431.609
data-analyst-1786005828-7a4cf816198b,431.623,431.624
data-analyst-1786005843-702aee19d54b,431.652,431.653
wide-researcher-1786005950-1760e178663c,431.685,649.336
deep-researcher-1786005950-77b8194cba01,431.723,658.084
data-analyst-1786005857-3c54a0b59da2,431.763,431.763
wide-researcher-1786005950-5c8e3415d106,431.791,699.909
data-analyst-1786005853-f36b361c6c2a,431.796,431.797
deep-researcher-1786005950-c3cd6e372e9a,431.821,561.508
data-analyst-1786005861-193a6f4a883b,431.881,431.881
data-analyst-1786005844-0aad3457f4dd,431.929,431.930
data-analyst-1786005847-9c8cfca7d039,431.945,431.945
wide-researcher-1786005950-ce02dee444e5,431.953,700.726
deep-researcher-1786005950-a8be00c32503,431.972,636.976
data-analyst-1786005862-9f4fa73297d6,431.983,431.984
wide-researcher-1786005950-48189441e972,432.011,642.412
deep-researcher-1786005950-ab62eeaf5dc2,432.060,651.579
wide-researcher-1786005950-e39887d715b2,432.102,689.234
data-analyst-1786005845-b99ea12b210c,432.118,432.118
data-analyst-1786005829-2bd723ff6b07,432.133,432.133
data-analyst-1786005836-d2e6cbf4cdf5,432.146,432.147
deep-researcher-1786005950-e8c502cf631c,432.197,657.613
wide-researcher-1786005950-37e4c9a60830,432.295,659.285
data-analyst-1786005857-50a924d7a901,432.330,432.330
deep-researcher-1786005950-c5685b1a3193,432.349,683.809
data-analyst-1786005853-c6faba9d06ac,432.364,432.365
data-analyst-1786005824-6304d3f8052d,432.380,432.381
data-analyst-1786005824-20daef6555e0,432.395,432.395
wide-researcher-1786005950-e4cffbe8adf1,432.400,553.242
data-analyst-1786005853-2e42860f8b9f,432.413,432.414
data-analyst-1786005851-2844157a5b17,432.445,432.445
deep-researcher-1786005950-78f61f68b5ee,432.464,705.306
data-analyst-1786005843-c37a182810ad,432.496,432.496
wide-researcher-1786005950-c4cf81089bf8,432.509,643.285
data-analyst-1786005828-69362f1ebe94,432.530,432.530
deep-researcher-1786005950-5d531974842c,432.540,559.968
data-analyst-1786005842-7a5bb30243af,432.550,432.550
data-analyst-1786005857-63185cd14134,432.583,432.583
data-analyst-1786005857-9406197d2813,432.618,432.619
wide-researcher-1786005950-47be41144701,432.633,684.936
data-analyst-1786005822-a4f087327ada,432.633,432.634
data-analyst-1786005851-23e23eb62291,432.653,432.654
deep-researcher-1786005951-c5ed56127daa,432.662,605.465
wide-researcher-1786005951-5164609a8c71,432.699,693.839
data-analyst-1786005839-8ad51630d5ff,432.723,432.724
data-analyst-1786005826-6aa689db6e73,432.737,432.738
data-analyst-1786005837-adf8c43b9bbf,432.751,432.751
data-analyst-1786005824-86e0f9cab9bc,432.810,432.810
data-analyst-1786005856-30c84cf04902,432.853,432.854
deep-researcher-1786005951-5b913b14ffee,432.858,683.360
wide-researcher-1786005951-39ce167427b0,432.886,682.678
data-analyst-1786005851-e4fcc109d176,432.922,432.923
deep-researcher-1786005951-bd2823d2dc90,432.927,644.137
wide-researcher-1786005951-0af70d32255f,433.018,637.142
data-analyst-1786005862-26aa0cc580e5,433.039,433.039
deep-researcher-1786005951-669070b64aa8,433.048,703.169
data-analyst-1786005862-3f3626586cd9,433.058,433.059
data-analyst-1786005842-57a81da49beb,433.072,433.072
wide-researcher-1786005951-c7ae13000743,433.089,680.881
data-analyst-1786005853-1f8190fff67b,433.170,433.170
deep-researcher-1786005951-0a28a89281d6,433.192,653.737
wide-researcher-1786005951-ea0c58628873,433.234,685.368
data-analyst-1786005858-84ddb2739fa9,433.240,433.240
deep-researcher-1786005951-628746ad9f09,433.264,680.952
data-analyst-1786005856-774e6855bb1b,433.275,433.276
data-analyst-1786005865-a533b5b66fdf,433.322,433.322
wide-researcher-1786005951-0009b7651adf,433.334,638.659
data-analyst-1786005837-d541d52e4110,433.338,433.339
data-analyst-1786005853-b00870cbac31,433.369,433.369
data-analyst-1786005836-257cd1cf0b40,433.418,433.419
deep-researcher-1786005951-2979cb2f290d,433.462,680.673
wide-researcher-1786005951-4e09f5db7866,433.484,645.597
data-analyst-1786005845-23f7c68aa287,433.495,433.495
deep-researcher-1786005951-061ea09943fe,433.558,687.193
data-analyst-1786005865-6d11cd85c6d0,433.563,433.563
data-analyst-1786005839-d25ae112f792,433.595,433.595
wide-researcher-1786005951-06130b01a69f,433.621,694.857
data-analyst-1786005850-b8ea8a861b7b,433.632,433.633
data-analyst-1786005824-130d6bd29519,433.648,433.648
deep-researcher-1786005952-c04f46673bf8,433.707,708.314
data-analyst-1786005856-d035332d86d8,433.784,433.784
data-analyst-1786005822-0a3ce121c832,433.801,433.802
wide-researcher-1786005952-e0dec727ed59,433.812,708.581
data-analyst-1786005866-e2b3e54ffee8,433.823,433.823
deep-researcher-1786005952-9132ed0d8a25,433.864,704.140
data-analyst-1786005824-08f725a77ed1,433.874,433.874
data-analyst-1786005835-243b4e46d0b9,433.922,433.922
wide-researcher-1786005952-7b3ebe858fca,434.015,659.768
data-analyst-1786005857-3fdc9997981f,434.050,434.051
deep-researcher-1786005952-fb6a53621cba,434.056,669.120
data-analyst-1786005856-4f61ef00333c,434.068,434.068
wide-researcher-1786005952-6c2a12a109a5,434.132,556.010
data-analyst-1786005851-5631874848b9,434.137,434.137
deep-researcher-1786005952-2d868305c0ad,434.152,703.232
data-analyst-1786005850-b1ef968111fd,434.157,434.157
wide-researcher-1786005952-3a3bb4accfe2,434.215,677.344
data-analyst-1786005828-41eef0044f6c,434.242,434.242
data-analyst-1786005825-334d0ee0ddda,434.259,434.259
deep-researcher-1786005952-fdbf2723572c,434.274,697.356
wide-researcher-1786005952-134333bbccd7,434.381,646.580
data-analyst-1786005856-ddb9283b5f44,434.413,434.413
data-analyst-1786005864-9d8b001c9472,434.427,434.428
deep-researcher-1786005952-59b8502bfc03,434.441,582.581
data-analyst-1786005857-fb9eff141792,434.477,434.478
data-analyst-1786005825-71da51deff09,434.507,434.508
wide-researcher-1786005952-1bd2af0bba0d,434.531,559.123
data-analyst-1786005865-e5774a97697d,434.542,434.543
data-analyst-1786005829-e19721eea953,434.575,434.575
deep-researcher-1786005952-74d2e940d26e,434.605,709.242
data-analyst-1786005819-85de5d71b968,434.610,434.610
data-analyst-1786005858-794633086900,434.646,434.646
wide-researcher-1786005952-1f213d4633ec,434.682,690.282
deep-researcher-1786005953-2791b101b75a,434.702,574.949
wide-researcher-1786005953-a3e9eda8211b,434.742,644.418
deep-researcher-1786005953-a70325ca1ae9,434.782,707.690
data-analyst-1786005854-fea9a39e548a,434.865,434.866
wide-researcher-1786005953-09b682592e1e,434.971,659.688
deep-researcher-1786005953-79f16459211c,435.028,655.476
wide-researcher-1786005953-5ac6a8e91246,435.074,695.154
data-analyst-1786005867-d6b2b19596f3,435.099,435.100
deep-researcher-1786005953-5ce18c07bceb,435.125,555.418
data-analyst-1786005870-1d462cd00cbf,435.200,435.201
data-analyst-1786005830-2f090b417b51,435.217,435.218
data-analyst-1786005865-d748620a496e,435.234,435.234
data-analyst-1786005845-263c1c725d57,435.281,435.282
wide-researcher-1786005953-b59a628f8425,435.330,561.746
data-analyst-1786005849-075d200ae01b,435.351,435.352
data-analyst-1786005847-12a1bd80770f,435.369,435.369
data-analyst-1786005837-423bcd62cbaf,435.400,435.400
deep-researcher-1786005953-830fbf8ce747,435.416,665.833
data-analyst-1786005830-1919d520d8d1,435.421,435.421
data-analyst-1786005837-457e7c9e9160,435.436,435.436
data-analyst-1786005824-6378d74473f0,435.482,435.482
wide-researcher-1786005953-7bcc3fcd10ba,435.526,651.821
deep-researcher-1786005953-632818c19e47,435.560,699.600
data-analyst-1786005870-4f3857ad1c11,435.560,435.565
data-analyst-1786005867-5b0e7123535b,435.595,435.596
wide-researcher-1786005953-df721da62914,435.600,677.749
deep-researcher-1786005954-afc6a5b61749,435.631,589.199
wide-researcher-1786005954-cf2fb1cff971,435.658,701.808
data-analyst-1786005832-7595756aa0c9,435.726,435.726
deep-researcher-1786005954-0ace6dd756d2,435.727,687.881
wide-researcher-1786005954-36f2823febcc,435.787,702.631
data-analyst-1786005838-b7c18cb66e8c,435.787,435.788
deep-researcher-1786005954-cf38ff218191,435.873,702.033
wide-researcher-1786005954-1bdbab71da55,435.904,569.211
data-analyst-1786005870-17bacca1d1b8,435.905,435.909
data-analyst-1786005862-75cc90af7b9d,435.924,435.925
deep-researcher-1786005954-544ecfd51f33,435.942,594.608
data-analyst-1786005856-d6520607a3a2,436.005,436.006
data-analyst-1786005846-b3868e6ab56f,436.037,436.038
data-analyst-1786005864-17016081baae,436.099,436.099
wide-researcher-1786005954-77deff0df252,436.107,645.130
data-analyst-1786005837-9431690caa32,436.185,436.185
data-analyst-1786005822-d5417c1eeaed,436.201,436.202
deep-researcher-1786005954-6a4939e2b22a,436.209,633.107
data-analyst-1786005843-83ac3f9d757e,436.235,436.235
wide-researcher-1786005954-74253513418c,436.255,583.732
deep-researcher-1786005954-30ea51d68f46,436.296,640.533
wide-researcher-1786005954-9e590ea93040,436.341,599.854
data-analyst-1786005871-e29bb5874294,436.356,436.357
data-analyst-1786005861-49dce2ce236a,436.465,436.466
deep-researcher-1786005954-a1791a64645d,436.490,696.680
wide-researcher-1786005954-441ad825adc3,436.513,650.722
data-analyst-1786005839-0bed1659bef8,436.532,436.532
data-analyst-1786005838-90424bad00af,436.545,436.545
deep-researcher-1786005954-c694ba4e379b,436.581,608.712
data-analyst-1786005874-89f27479602e,436.607,436.608
wide-researcher-1786005954-334f3534c0b7,436.631,706.666
data-analyst-1786005865-6399dab9348c,436.643,436.643
data-analyst-1786005870-6baf963e425b,436.672,436.672
data-analyst-1786005853-6da72f8fd7fb,436.716,436.717
deep-researcher-1786005955-8f0a6dc81820,436.734,705.413
data-analyst-1786005855-032c904e6321,436.793,436.793
data-analyst-1786005837-b857d08bda9c,436.806,436.807
wide-researcher-1786005955-451c07250b2c,436.830,707.831
deep-researcher-1786005955-88bf2b24a4c5,436.850,706.730
wide-researcher-1786005955-e1a061f824c7,436.936,618.695
data-analyst-1786005837-344148e9d473,436.941,436.941
data-analyst-1786005869-7825d4ead749,436.955,436.956
deep-researcher-1786005955-fac12781b732,436.964,584.404
wide-researcher-1786005955-19388c3eb5e0,437.046,660.784
data-analyst-1786005838-485d0aef3b74,437.056,437.057
deep-researcher-1786005955-7bdb8daf4cc6,437.122,704.885
wide-researcher-1786005955-405d2574b5be,437.151,700.760
deep-researcher-1786005955-48065ca82c75,437.173,702.914
data-analyst-1786005877-088dd6774aea,437.188,437.188
wide-researcher-1786005955-4c44a0c7c7b6,437.205,708.118
data-analyst-1786005836-21c97531acb1,437.233,437.233
data-analyst-1786005876-2a95fe59bca6,437.263,437.264
data-analyst-1786005876-44e3d3d7a21d,437.294,437.294
deep-researcher-1786005955-71c240eb6c7b,437.384,594.937
wide-researcher-1786005955-1671218bba9d,437.404,641.613
deep-researcher-1786005955-434a1985be61,437.468,672.110
data-analyst-1786005853-e4caef92b2f4,437.515,437.517
wide-researcher-1786005955-586e3f51eeed,437.544,703.153
data-analyst-1786005877-84c9cfdf5f5d,437.549,437.550
deep-researcher-1786005955-5c0d994a83da,437.567,563.350
data-analyst-1786005856-42fea33f7713,437.583,437.583
wide-researcher-1786005956-0baabf3655c7,437.617,618.798
data-analyst-1786005853-b1680d316635,437.677,437.678
deep-researcher-1786005956-5c9ebe1c2457,437.702,641.368
wide-researcher-1786005956-d4fcdcf500ca,437.732,568.133
deep-researcher-1786005956-95107eb94f28,437.762,680.972
data-analyst-1786005840-e1494eb5ad0a,437.782,437.783
wide-researcher-1786005956-486c88fb0bf2,437.801,699.568
deep-researcher-1786005956-6d5a56626872,437.835,704.218
wide-researcher-1786005956-96fde392dc28,437.858,645.107
data-analyst-1786005850-2a2e9897c758,437.869,437.870
data-analyst-1786005844-e07179dd3912,437.936,437.937
data-analyst-1786005877-65f32e8c054a,437.950,437.951
deep-researcher-1786005956-f456a49d2f73,437.989,696.092
data-analyst-1786005829-cccbd73dbe28,438.013,438.013
wide-researcher-1786005956-be0fb88b6e3a,438.014,679.640
deep-researcher-1786005956-7f9585e83498,438.035,681.108
wide-researcher-1786005956-f2a39115c9aa,438.099,648.734
deep-researcher-1786005956-ba84f74258a9,438.128,704.179
wide-researcher-1786005956-a25b83be0e86,438.146,686.625
data-analyst-1786005866-36370384beab,438.165,438.165
data-analyst-1786005834-d869121b0b93,438.178,438.178
data-analyst-1786005878-6782af282c8f,438.192,438.192
data-analyst-1786005866-fc8d7fbc9512,438.219,438.219
deep-researcher-1786005956-b8dd6885ac77,438.247,646.643
data-analyst-1786005864-99d569fef5d2,438.285,438.285
data-analyst-1786005871-0a26829191f1,438.301,438.302
wide-researcher-1786005956-f394294f3a81,438.361,692.369
data-analyst-1786005837-3bf6495d2ed5,438.400,438.400
deep-researcher-1786005956-7ed39fb46f03,438.437,652.720
wide-researcher-1786005956-b0e50d99b529,438.476,619.770
data-analyst-1786005861-82fd7c0c814f,438.518,438.518
data-analyst-1786005864-7a36ca3a21e1,438.534,438.535
data-analyst-1786005870-ffd62138bb63,438.548,438.548
data-analyst-1786005877-ab9604b7b2a4,438.597,438.597
data-analyst-1786005867-ba6c1af882e1,438.611,438.612
deep-researcher-1786005956-04b70e455ebc,438.628,689.716
data-analyst-1786005858-a0a495373eec,438.674,438.675
wide-researcher-1786005956-1dfa4940b463,438.679,680.991
data-analyst-1786005861-d8e9711419b0,438.692,438.692
deep-researcher-1786005957-b71242e0f39a,438.697,647.976
data-analyst-1786005854-8f31162488ce,438.724,438.724
wide-researcher-1786005957-3d1d525a2d7a,438.748,657.271
deep-researcher-1786005957-287e0022fce3,438.809,697.892
data-analyst-1786005838-f33f7cd33859,438.885,438.886
wide-researcher-1786005957-750b0ba8ab89,438.909,670.725
data-analyst-1786005874-22409fbe4528,438.938,438.939
deep-researcher-1786005957-1cc03bb8928e,438.966,697.419
data-analyst-1786005874-07d269c29d1c,438.972,438.972
wide-researcher-1786005957-b07b6ef83080,439.007,693.313
data-analyst-1786005871-3b3a6a387597,439.055,439.055
deep-researcher-1786005957-ac068462de54,439.059,708.834
data-analyst-1786005843-3a7b8996049e,439.074,439.075
wide-researcher-1786005957-afe6b1574ad1,439.116,688.956
data-analyst-1786005866-6eaa91cd7a65,439.126,439.127
data-analyst-1786005832-6b57f7d1d6d2,439.144,439.145
data-analyst-1786005838-43df5ab9fd39,439.191,439.191
data-analyst-1786005877-55bdfeae2177,439.205,439.206
deep-researcher-1786005957-1f6373c0288c,439.209,567.565
data-analyst-1786005824-e5dcea3f93b9,439.223,439.223
wide-researcher-1786005957-7b566ed899c7,439.228,638.836
deep-researcher-1786005957-a195f85128a5,439.250,674.343
data-analyst-1786005874-a538a2dca75a,439.277,439.277
wide-researcher-1786005957-26cc0b47b4c5,439.311,639.990
data-analyst-1786005880-9d7ea70f5b2e,439.325,439.326
deep-researcher-1786005957-8855bb0a8669,439.344,709.198
data-analyst-1786005866-d605076a019f,439.374,439.375
data-analyst-1786005854-8bff2b43481a,439.421,439.421
wide-researcher-1786005957-6f84bf874c16,439.507,651.257
deep-researcher-1786005957-b80c45976ace,439.526,638.888
data-analyst-1786005834-256713128173,439.532,439.532
wide-researcher-1786005957-deb834f2c7f5,439.545,680.806
data-analyst-1786005866-2b2477ef6121,439.545,439.550
deep-researcher-1786005957-64be82e3b636,439.573,616.477
wide-researcher-1786005958-13329de820a8,439.601,655.954
data-analyst-1786005872-70c75bcb12f2,439.635,439.635
deep-researcher-1786005958-2742aaa2d1f7,439.643,622.472
data-analyst-1786005847-07e35c28390c,439.653,439.654
data-analyst-1786005856-40f5882ec701,439.682,439.682
wide-researcher-1786005958-4138c0e1daca,439.699,660.187
deep-researcher-1786005958-9b879add1ec0,439.762,706.103
data-analyst-1786005847-a1787f186122,439.777,439.777
wide-researcher-1786005958-ab8c07b3c97a,439.877,668.699
data-analyst-1786005828-756340cb69d1,439.932,439.933
deep-researcher-1786005958-8c6450cf66bc,439.950,703.593
data-analyst-1786005857-034994d6fda4,440.110,440.111
data-analyst-1786005838-e158ab109c3c,440.124,440.124
wide-researcher-1786005958-7323ff274f73,440.128,653.567
deep-researcher-1786005958-3bb24e220816,440.147,701.648
wide-researcher-1786005958-fd4ca2b49fc9,440.193,690.785
deep-researcher-1786005958-e55069473b9c,440.217,707.753
wide-researcher-1786005958-504e3582524d,440.255,642.559
deep-researcher-1786005958-13e49f5c4476,440.314,709.338
data-analyst-1786005864-eaf5459ed674,440.334,440.334
wide-researcher-1786005958-7acae0bcc555,440.420,657.939
deep-researcher-1786005958-ea7471cd2a62,440.471,648.408
wide-researcher-1786005958-973af990ab9a,440.521,641.169
deep-researcher-1786005958-37ceb65ce05d,440.578,694.095
data-analyst-1786005822-a196aed2f66a,440.626,440.627
wide-researcher-1786005958-a92d67a4fb6a,440.631,674.059
data-analyst-1786005870-a5e8f822116f,440.661,440.662
deep-researcher-1786005959-284f88d1c42a,440.679,639.401
data-analyst-1786005846-08c67c8f440d,440.693,440.694
wide-researcher-1786005959-caedcdab47c7,440.743,653.660
deep-researcher-1786005959-b7eaf8ee239d,440.767,661.314
data-analyst-1786005865-b5bc0e706f02,440.779,440.779
data-analyst-1786005835-ee70e88f186e,440.807,440.807
wide-researcher-1786005959-a6048cce3c7c,440.825,709.372
deep-researcher-1786005959-0a8485e7503e,440.873,589.000
wide-researcher-1786005959-b2e922ea061d,440.964,705.391
data-analyst-1786005870-35815f7d683d,440.974,440.975
deep-researcher-1786005959-ddb3073db074,441.013,705.779
wide-researcher-1786005959-b2d5c01e39ab,441.046,674.688
deep-researcher-1786005959-d713f62c652d,441.084,691.685
wide-researcher-1786005959-ceeea4da8822,441.114,692.670
deep-researcher-1786005959-00b71fd28e05,441.151,648.244
wide-researcher-1786005959-6d5f7793fe24,441.278,672.510
data-analyst-1786005826-38c33a8d385d,441.418,441.418
deep-researcher-1786005959-8188ba8049bd,441.470,697.468
wide-researcher-1786005959-67a3922a6362,441.501,566.423
deep-researcher-1786005959-67cde056e64c,441.643,703.693
data-analyst-1786005887-d7d0e8746e69,441.677,441.678
wide-researcher-1786005959-6e215f9fd191,441.711,658.843
deep-researcher-1786005960-0e96c83a3291,441.733,602.257
data-analyst-1786005851-0fbd0bd8275c,441.743,441.744
wide-researcher-1786005960-01e6b0e4ce24,441.772,703.871
data-analyst-1786005882-a50c5125cf5d,441.772,441.772
data-analyst-1786005877-d921ee51c6d6,441.789,441.790
data-analyst-1786005839-a295617bf536,441.803,441.804
deep-researcher-1786005960-ffaac3cde6db,441.836,576.472
data-analyst-1786005869-b36595a86f5e,441.930,441.931
data-analyst-1786005882-43f5bce5a070,441.945,441.946
wide-researcher-1786005960-aa4e30faacdd,441.954,703.201
data-analyst-1786005857-288e177fe207,441.963,441.964
deep-researcher-1786005960-99f4834914c2,441.991,705.651
data-analyst-1786005845-30959ced7f04,442.010,442.011
wide-researcher-1786005960-f3768ae7f11e,442.019,641.688
data-analyst-1786005883-0474b084f0b5,442.029,442.029
deep-researcher-1786005960-3ac921381a60,442.041,673.223
data-analyst-1786005847-5b804ae581fb,442.046,442.047
data-analyst-1786005870-beccf210774d,442.061,442.062
wide-researcher-1786005960-274884e3aba9,442.104,696.896
deep-researcher-1786005960-4cfefdbde731,442.136,705.202
wide-researcher-1786005960-17e43d0b7da2,442.253,674.406
data-analyst-1786005872-b2720eae3d93,442.329,442.330
data-analyst-1786005883-d504c0779a4e,442.344,442.345
data-analyst-1786005853-b221a392a7dc,442.424,442.425
data-analyst-1786005852-02ad8fa24b60,442.471,442.472
deep-researcher-1786005960-dc8d960c7c1c,442.533,616.613
data-analyst-1786005878-c2d11d4c5513,442.534,442.538
wide-researcher-1786005960-5f364d48b7f5,442.557,704.476
data-analyst-1786005831-e81685e1f621,442.603,442.604
data-analyst-1786005891-bba090173ef2,442.619,442.620
deep-researcher-1786005961-febf56d6bd95,442.628,709.226
wide-researcher-1786005961-7c1bd2d0cb1f,442.680,672.173
data-analyst-1786005862-ad6995b6732c,442.706,442.707
deep-researcher-1786005961-0b05cd44886c,442.719,611.441
data-analyst-1786005877-19d3b8891c5b,442.724,442.725
wide-researcher-1786005961-b30a7d334a45,442.780,581.695
data-analyst-1786005870-14d59f1be240,442.840,442.840
data-analyst-1786005877-0ef0d7910eb9,442.930,442.931
data-analyst-1786005870-cd4d87e431e9,442.988,442.988
deep-researcher-1786005961-1b8756893720,443.012,695.846
data-analyst-1786005888-4bdfa7beb1a5,443.038,443.038
data-analyst-1786005857-91a9a3eef7ab,443.130,443.131
wide-researcher-1786005961-61e07dc454cc,443.163,648.657
deep-researcher-1786005961-b08acf8593dd,443.203,610.496
data-analyst-1786005857-a89da40dacb2,443.214,443.215
data-analyst-1786005871-d5b2c1375386,443.229,443.229
wide-researcher-1786005961-5418515193c3,443.237,587.939
deep-researcher-1786005961-634cbdea6b12,443.256,600.696
wide-researcher-1786005961-dc4da120ddb6,443.284,689.682
deep-researcher-1786005961-e747545ee420,443.318,655.015
data-analyst-1786005822-3707287000a1,443.319,443.323
data-analyst-1786005883-c3174b443f3a,443.385,443.385
wide-researcher-1786005961-f9d788a08efa,443.465,692.687
data-analyst-1786005851-2b5630b0f3b0,443.480,443.480
data-analyst-1786005876-e872c8e4f074,443.494,443.494
deep-researcher-1786005961-234c6e9038f0,443.498,704.621
wide-researcher-1786005961-cd7cff06411c,443.540,701.528
data-analyst-1786005876-a0c92ded51d4,443.610,443.610
data-analyst-1786005886-3a166edef74f,443.625,443.626
data-analyst-1786005870-1b78a9333763,443.672,443.672
data-analyst-1786005872-da76fa85c516,443.685,443.685
data-analyst-1786005884-2825b91f39f6,443.700,443.701
data-analyst-1786005894-80a1e40bd58c,443.732,443.733
data-analyst-1786005895-96d8e4a2aa2c,443.747,443.748
deep-researcher-1786005961-10c2f47b7adf,443.765,643.932
data-analyst-1786005819-530f3ae5c7e6,443.780,443.780
wide-researcher-1786005962-e8e076f99f32,443.792,637.972
deep-researcher-1786005962-a4789c979dde,443.831,568.149
data-analyst-1786005882-4fbf8a10fd84,443.889,443.890
wide-researcher-1786005962-2e662f63eb13,443.898,594.146
data-analyst-1786005889-51c6c6757533,443.903,443.904
data-analyst-1786005877-2924df7b6663,443.932,443.932
data-analyst-1786005894-8a5c624c13c4,444.013,444.013
deep-researcher-1786005962-c1b0e54e6055,444.022,567.968
data-analyst-1786005886-e84434db0c19,444.030,444.030
wide-researcher-1786005962-8cba2c43bc34,444.043,627.884
data-analyst-1786005874-34860ef6ec7f,444.048,444.049
deep-researcher-1786005962-111ca97a3865,444.076,646.342
data-analyst-1786005894-21f640bbfb04,444.113,444.114
wide-researcher-1786005962-dc36f696d2be,444.118,682.809
data-analyst-1786005890-1f1425ffc0bd,444.147,444.148
deep-researcher-1786005962-cd3ced096333,444.176,696.378
wide-researcher-1786005962-2974935b63e2,444.194,656.789
deep-researcher-1786005962-73dea0bfe55c,444.233,705.824
wide-researcher-1786005962-2098eabf8043,444.298,672.424
data-analyst-1786005898-af2653ff9ca3,444.408,444.409
data-analyst-1786005900-eb597fdb7306,444.423,444.423
data-analyst-1786005894-2813f9b29a89,444.437,444.437
data-analyst-1786005882-482db81e06bf,444.464,444.465
deep-researcher-1786005962-b1f81c65ab6e,444.473,669.782
data-analyst-1786005888-2a7e07003f91,444.542,444.543
data-analyst-1786005863-d4e343749c63,444.586,444.586
data-analyst-1786005838-673293fc19dc,444.614,444.614
wide-researcher-1786005962-fb71084dd096,444.660,638.269
data-analyst-1786005890-eb3cce7e1fda,444.723,444.723
deep-researcher-1786005962-0fbe241c9fa0,444.727,708.658
data-analyst-1786005825-7c516c3522cd,444.740,444.740
wide-researcher-1786005963-37b22594bc15,444.744,701.133
deep-researcher-1786005963-81756774db2a,444.767,580.938
data-analyst-1786005901-c5b7e386e998,444.778,444.778
wide-researcher-1786005963-eeaf5887b884,444.798,670.895
data-analyst-1786005888-142dddc44b9f,444.827,444.828
deep-researcher-1786005963-2cbf6ba13a85,444.832,655.507
wide-researcher-1786005963-6cb6279677dc,444.864,620.691
data-analyst-1786005871-96956439760b,444.894,444.894
deep-researcher-1786005963-73105da59b2a,444.954,692.210
wide-researcher-1786005963-374248a39a4a,445.003,669.212
deep-researcher-1786005963-4d0b1cef96e3,445.022,705.764
wide-researcher-1786005963-53b197bea06c,445.051,575.309
deep-researcher-1786005963-9ecb7727380b,445.125,580.843
wide-researcher-1786005963-4ce1056a359b,445.154,697.744
data-analyst-1786005876-ec5fd06cacb9,445.214,542.867
data-analyst-1786005876-cbfe61651fea,445.228,539.822
data-analyst-1786005876-d88dd12110eb,445.242,549.887
data-analyst-1786005825-e159ff5ac003,445.270,538.022
deep-researcher-1786005963-45d908382cff,445.307,682.264
wide-researcher-1786005963-eb61ae686b88,445.557,679.001
deep-researcher-1786005963-dee19fe60d79,445.576,657.825
wide-researcher-1786005964-bc3637ea80ef,445.616,683.099
deep-researcher-1786005964-be05b42565dc,445.635,705.987
wide-researcher-1786005964-6dffab1e4bd8,445.676,575.147
deep-researcher-1786005964-15d299c8dcd1,445.707,709.010
wide-researcher-1786005964-d304e6278cc1,445.736,566.204
deep-researcher-1786005964-cbd9a8402800,445.756,649.400
data-analyst-1786005894-e57df06d11dd,445.809,445.810
wide-researcher-1786005964-3724f6374392,445.982,560.076
deep-researcher-1786005964-e457d88f89d2,446.030,677.729
wide-researcher-1786005964-2825e1354a58,446.113,654.676
deep-researcher-1786005964-e0ca2aa319dc,446.172,702.652
data-analyst-1786005906-024e20a3d011,446.183,557.443
data-analyst-1786005906-180f697f9619,446.198,548.638
wide-researcher-1786005964-4b124f407994,446.221,610.866
data-analyst-1786005891-1fcc1aec25f3,446.237,446.237
deep-researcher-1786005964-23ba7ea34adc,446.242,639.541
data-analyst-1786005899-bfc907fd65e6,446.255,446.256
wide-researcher-1786005964-0a6ec5ea53a1,446.274,699.616
deep-researcher-1786005964-43bf78db33fe,446.325,653.753
wide-researcher-1786005964-0bf48ba3e60c,446.383,594.758
deep-researcher-1786005964-026f0edf8c97,446.461,678.781
wide-researcher-1786005964-30d50c37d997,446.515,693.647
data-analyst-1786005837-21f753f824ef,446.537,446.538
deep-researcher-1786005964-6170e5fa9d3a,446.567,648.212
data-analyst-1786005855-df8a1c18c828,446.601,446.601
wide-researcher-1786005964-465ced7ba5de,446.631,583.982
deep-researcher-1786005965-792deab274b2,446.669,640.150
wide-researcher-1786005965-6bf148cb82a8,446.729,682.200
deep-researcher-1786005965-4161a65bd46b,446.784,677.448
wide-researcher-1786005965-d71b74da46fb,446.815,702.867
deep-researcher-1786005965-3b57b9222662,446.849,565.841
wide-researcher-1786005965-e6acaabaf38b,446.917,670.372
deep-researcher-1786005965-469f52fa8429,447.071,606.881
wide-researcher-1786005965-cc9f3a0f6660,447.092,566.905
deep-researcher-1786005965-4cfe35733721,447.145,651.393
data-analyst-1786005847-96e208c14c1d,447.164,552.768
data-analyst-1786005877-650bb8be441c,447.178,551.315
wide-researcher-1786005965-701926271a78,447.183,572.527
data-analyst-1786005834-5ea48cbcc802,447.196,549.340
data-analyst-1786005836-37973dbed6c4,447.209,539.746
deep-researcher-1786005965-7e22310f6389,447.217,643.709
wide-researcher-1786005965-3d5c23f4f781,447.247,645.430
data-analyst-1786005899-40420b45055a,447.343,447.343
deep-researcher-1786005965-c56f7d692bd3,447.494,666.093
wide-researcher-1786005965-989aaa671cd6,447.543,706.744
deep-researcher-1786005965-d47694ca3f3e,447.619,703.403
data-analyst-1786005905-5cf45ca24b45,447.653,539.039
wide-researcher-1786005966-2eb338ca3520,447.732,646.912
deep-researcher-1786005966-617080ebebc5,447.755,700.248
wide-researcher-1786005966-11e5be1ba883,447.774,639.699
deep-researcher-1786005966-d3d530d01e32,447.835,678.018
data-analyst-1786005888-66c9b10aec09,447.860,447.860
data-analyst-1786005903-bd6d9f4d5f6f,447.958,546.162
wide-researcher-1786005966-4b4eeeb6d90f,447.973,666.497
data-analyst-1786005901-ca4a6cfccf1a,448.014,448.015
deep-researcher-1786005966-8ff624d624ae,448.049,658.952
data-analyst-1786005867-04b02c7f2c84,448.063,448.064
wide-researcher-1786005966-8e3f7a381abd,448.083,657.141
deep-researcher-1786005966-da5fd0478c66,448.140,694.447
wide-researcher-1786005966-19607b1898dc,448.179,708.055
deep-researcher-1786005966-6372dc688826,448.248,642.826
wide-researcher-1786005966-7ced458ce8de,448.335,616.884
deep-researcher-1786005966-244dc01284d6,448.365,699.677
wide-researcher-1786005966-198191f3eeaa,448.428,639.645
data-analyst-1786005867-7d91e5200bc9,448.484,545.760
data-analyst-1786005877-d8b6ad41d236,448.554,448.554
data-analyst-1786005900-d64665bcaab7,448.569,543.324
data-analyst-1786005830-519989018277,448.586,448.586
deep-researcher-1786005966-6487e77cd535,448.590,663.210
wide-researcher-1786005966-514d2cb78d9c,448.630,706.086
deep-researcher-1786005967-9d4b36791e55,448.729,650.609
wide-researcher-1786005967-ba49b6b659aa,448.757,686.413
deep-researcher-1786005967-913492de3cf0,448.775,700.180
data-analyst-1786005874-f8151d9a5a8f,448.959,541.455
data-analyst-1786005902-5d471e23ada9,448.975,448.976
wide-researcher-1786005967-75f5d46082bb,449.016,566.132
data-analyst-1786005901-246fdead1061,449.026,449.027
deep-researcher-1786005967-f1650b299c83,449.054,709.355
wide-researcher-1786005967-365c03a46e27,449.127,691.214
data-analyst-1786005876-70d161df3927,449.127,449.132
deep-researcher-1786005967-87af6ee327d8,449.226,708.182
data-analyst-1786005866-0f1c1aa4cdac,449.227,449.231
wide-researcher-1786005967-794579d9d13a,449.267,692.706
deep-researcher-1786005967-014623646abe,449.287,688.407
wide-researcher-1786005967-539e714427ef,449.339,696.620
deep-researcher-1786005967-70e38002aeaf,449.359,606.037
data-analyst-1786005908-8be70fcd5262,449.373,545.278
data-analyst-1786005908-b247cf14d17a,449.387,546.177
wide-researcher-1786005967-af50d9dcd2cc,449.392,693.678
deep-researcher-1786005967-19b272e3d615,449.562,607.047
data-analyst-1786005866-f94df6593d6e,449.588,449.589
data-analyst-1786005897-0b5462452b7e,449.685,449.685
wide-researcher-1786005967-63a13274929b,449.693,642.787
data-analyst-1786005874-0157b4f35fa0,449.733,449.734
deep-researcher-1786005968-761b085b3e45,449.763,707.079
data-analyst-1786005877-c97144de0874,449.764,449.768
wide-researcher-1786005968-11605f3e4de6,449.847,642.306
data-analyst-1786005847-dbd0f311a9a4,449.875,449.876
data-analyst-1786005862-9dea3b6e332f,450.055,450.056
deep-researcher-1786005968-8949aa9a45d1,450.075,643.127
wide-researcher-1786005968-c094309abac4,450.117,689.410
deep-researcher-1786005968-5ae3b9b0d2d4,450.147,701.666
wide-researcher-1786005968-21d4e854351d,450.170,644.822
data-analyst-1786005856-809c27920f73,450.198,450.199
deep-researcher-1786005968-98da1bd69c78,450.211,708.039
data-analyst-1786005905-c7d869a08de4,450.244,544.155
wide-researcher-1786005968-7b88a81afebd,450.281,676.008
deep-researcher-1786005968-6622fe4e1638,450.522,652.106
wide-researcher-1786005968-731e436ab834,450.561,688.910
data-analyst-1786005874-bdd5be2e1301,450.678,548.999
data-analyst-1786005876-6f6049b81c04,450.691,541.180
deep-researcher-1786005968-7e1ac0e8d587,450.776,708.543
wide-researcher-1786005969-d3cdb44459dd,450.795,701.253
deep-researcher-1786005969-3ae4e0dc3133,450.843,608.516
wide-researcher-1786005969-01130371d91d,450.862,659.571
deep-researcher-1786005969-0750cb7b67fd,450.904,645.148
wide-researcher-1786005969-5e615a6b57c9,450.988,650.382
deep-researcher-1786005969-09f9ebb875ba,451.008,697.982
data-analyst-1786005870-d93f5476ae8c,451.039,560.107
wide-researcher-1786005969-44319a5fecf2,451.079,684.210
deep-researcher-1786005969-6afcfa02959f,451.107,708.793
wide-researcher-1786005969-d37fed5f1c22,451.210,687.705
deep-researcher-1786005969-9285e2419daf,451.256,700.933
data-analyst-1786005905-bc8fe1e73b0a,451.274,551.633
wide-researcher-1786005969-04770fd0c976,451.355,665.585
deep-researcher-1786005969-597ab79b3f8c,451.383,571.468
data-analyst-1786005856-e19649420a09,451.403,451.403
wide-researcher-1786005969-83902a27fac3,451.411,702.778
deep-researcher-1786005969-96750cc42c8c,451.458,703.920
wide-researcher-1786005969-70cb1cf2aaac,451.615,571.973
data-analyst-1786005877-12cdbb569640,451.620,451.621
data-analyst-1786005874-f4243c9901c7,451.635,451.635
data-analyst-1786005904-eea12d612be1,451.663,544.226
deep-researcher-1786005969-d8f70372bef1,451.675,682.921
wide-researcher-1786005970-151d3c1124bd,451.755,703.217
data-analyst-1786005903-42d388788bbb,451.756,577.177
data-analyst-1786005878-ac4c50827b63,451.776,451.777
deep-researcher-1786005970-7204850f925b,451.798,648.944
data-analyst-1786005900-cd92252a253a,451.808,545.701
data-analyst-1786005875-3e9631c8f9d5,451.827,451.828
wide-researcher-1786005970-fbd902a5f0ae,451.994,685.926
data-analyst-1786005870-d645a120f2f4,452.009,537.778
deep-researcher-1786005970-fcf6288a039e,452.025,702.799
wide-researcher-1786005970-f2c99d47311b,452.079,698.837
data-analyst-1786005829-ed3e71dc1233,452.090,452.091
deep-researcher-1786005970-d21341600744,452.154,652.335
wide-researcher-1786005970-039e6a807346,452.245,566.935
deep-researcher-1786005970-4b39aa757fad,452.289,708.297
data-analyst-1786005888-06040010bf08,452.300,452.301
wide-researcher-1786005970-3855e8c1bc23,452.341,697.720
deep-researcher-1786005970-679a924e49d2,452.372,666.288
wide-researcher-1786005970-0b63a7796318,452.389,681.681
deep-researcher-1786005970-59cc1f820c40,452.416,703.671
wide-researcher-1786005970-ec6ef6b3cb51,452.502,650.111
deep-researcher-1786005970-fd6bf3006192,452.564,646.305
wide-researcher-1786005970-84172cf5301d,452.705,656.958
deep-researcher-1786005971-e6ab1477f97a,452.726,593.448
wide-researcher-1786005971-57d3ae57753c,452.779,686.997
data-analyst-1786005864-0da05e4f54cf,452.810,540.776
data-analyst-1786005877-c4674c09ba5b,452.823,537.718
deep-researcher-1786005971-5581843c4a6d,452.865,700.950
wide-researcher-1786005971-147df8cbfbbc,452.975,636.634
data-analyst-1786005852-cdeedb9ec5b5,453.009,453.009
deep-researcher-1786005971-1b4dc2e596c4,453.023,708.562
data-analyst-1786005889-3351ea6b98b8,453.028,453.028
wide-researcher-1786005971-f9f088ae478d,453.125,701.611
data-analyst-1786005901-eeca7a43a7a4,453.154,453.154
deep-researcher-1786005971-17e635dc230d,453.167,648.274
wide-researcher-1786005971-052a8f567797,453.233,645.250
data-analyst-1786005910-a88d812dfdf1,453.254,567.913
deep-researcher-1786005971-89e86b4cb8b6,453.262,681.803
wide-researcher-1786005971-bb096d08af98,453.291,690.105
deep-researcher-1786005971-017cfb981258,453.311,639.440
data-analyst-1786005899-104a24dc8768,453.315,453.319
wide-researcher-1786005971-475df547a26c,453.406,685.571
data-analyst-1786005903-cdeb1fd39f1d,453.503,453.503
deep-researcher-1786005971-eee67b650f10,453.508,650.265
wide-researcher-1786005971-948eef349514,453.550,575.480
deep-researcher-1786005971-3731ffdfedc8,453.669,567.719
wide-researcher-1786005972-f132c2c7c45e,453.755,672.217
deep-researcher-1786005972-f11daa31f094,453.798,708.953
wide-researcher-1786005972-ff19d57092fd,453.816,703.755
deep-researcher-1786005972-d7963b8c0c94,453.870,647.406
wide-researcher-1786005972-10209cc3bfba,453.887,705.369
deep-researcher-1786005972-e083c5f5a89e,453.904,594.057
data-analyst-1786005845-9f07155cdc89,453.969,453.969
wide-researcher-1786005972-bd87b057c2de,454.014,697.142
deep-researcher-1786005972-2bf4b5a7d82c,454.033,708.812
data-analyst-1786005903-52318e155cc6,454.062,454.062
wide-researcher-1786005972-c2d870129071,454.074,708.428
deep-researcher-1786005972-91fb332e89a1,454.101,701.985
wide-researcher-1786005972-793518250252,454.212,672.189
deep-researcher-1786005972-4d921fb3fe2a,454.280,644.121
wide-researcher-1786005972-fe86353a4e29,454.367,645.665
deep-researcher-1786005972-25bafce1ee8a,454.438,657.572
wide-researcher-1786005972-f6eea8b52d86,454.477,659.959
deep-researcher-1786005972-066c85daaad5,454.733,705.147
wide-researcher-1786005972-edf4bae97e13,454.750,647.198
deep-researcher-1786005973-b07a19fc57d2,454.806,655.277
wide-researcher-1786005973-709a38e4db2d,454.836,645.022
data-analyst-1786005902-ecea862c6f9e,454.965,454.965
deep-researcher-1786005973-1d8b1c93ce35,455.019,707.731
data-analyst-1786005905-2adfd649fa2c,455.052,545.218
wide-researcher-1786005973-1cafea5e175e,455.060,702.166
deep-researcher-1786005973-16c799b0d07b,455.089,601.779
wide-researcher-1786005973-4570d2781dca,455.274,589.993
deep-researcher-1786005973-e43a2ce788a1,455.304,657.813
wide-researcher-1786005973-e90a9d8116f4,455.375,654.655
deep-researcher-1786005973-ea5905dfd910,455.396,645.191
wide-researcher-1786005973-23ffb0e8799e,455.420,596.658
data-analyst-1786005892-a755cc59c1f1,455.430,538.855
deep-researcher-1786005973-3fc864cdac9a,455.515,658.665
wide-researcher-1786005973-6a10f294769d,455.541,680.754
deep-researcher-1786005973-8ffa0cf4ef1a,455.639,569.875
data-analyst-1786005911-c7b5f7c62f80,455.708,554.369
wide-researcher-1786005974-3bc227328b0b,455.721,679.236
deep-researcher-1786005974-02f82257e38f,455.749,675.752
wide-researcher-1786005974-e5f6bda0d760,455.790,660.955
deep-researcher-1786005974-73e77a0a17b0,455.874,641.499
wide-researcher-1786005974-2cc6e0c3671d,455.949,584.579
data-analyst-1786005887-777f29a3a0d1,455.972,455.973
deep-researcher-1786005974-9e1f9787cc17,456.116,707.772
wide-researcher-1786005974-13372e0ef4a2,456.176,642.069
deep-researcher-1786005974-4ca60c1e40fb,456.205,641.444
wide-researcher-1786005974-076fa3a577c6,456.256,661.992
deep-researcher-1786005974-3603ce6161f6,456.296,653.119
wide-researcher-1786005974-7b6e67345591,456.335,572.287
data-analyst-1786005882-2730f0698444,456.494,546.897
data-analyst-1786005882-aa2f284f0a6f,456.507,550.653
deep-researcher-1786005974-b4de384d6686,456.521,570.502
data-analyst-1786005862-7da2289fa8af,456.521,539.009
data-analyst-1786005838-040d19569466,456.538,550.612
wide-researcher-1786005974-8d45fa45af19,456.574,574.920
deep-researcher-1786005974-43651939c8c6,456.602,671.807
wide-researcher-1786005975-0b6c25a577be,456.682,691.416
data-analyst-1786005889-210302eb0c33,456.697,456.698
data-analyst-1786005870-668787bb6238,456.711,456.711
deep-researcher-1786005975-aaaa5278eb4e,456.788,696.076
wide-researcher-1786005975-940da4a6262c,456.820,649.166
deep-researcher-1786005975-8f4146512b4e,456.880,709.274
wide-researcher-1786005975-5a840acdade3,456.912,650.170
deep-researcher-1786005975-ecbb6e2bab36,456.939,688.851
wide-researcher-1786005975-b5ba9606bffa,457.019,640.515
deep-researcher-1786005975-369d5fa10b28,457.042,699.422
wide-researcher-1786005975-dd5855c1b3a6,457.096,615.909
data-analyst-1786005876-e4d1b4230e52,457.114,457.115
data-analyst-1786005855-08c1bba182de,457.129,457.129
data-analyst-1786005904-2bdfbee914a3,457.143,457.144
deep-researcher-1786005975-ffb82f5f5117,457.152,663.073
data-analyst-1786005869-7de093e55163,457.208,457.209
wide-researcher-1786005975-e9b3305e25c2,457.246,643.970
data-analyst-1786005883-2680345379d5,457.348,457.348
data-analyst-1786005892-ef89d5da4fb0,457.363,457.364
deep-researcher-1786005975-648026772895,457.395,651.711
wide-researcher-1786005975-304e87923b9a,457.454,567.761
data-analyst-1786005894-30a99b3febbb,457.473,457.474
deep-researcher-1786005975-c283ae3588a0,457.492,670.150
data-analyst-1786005912-6669e4955826,457.569,641.728
data-analyst-1786005892-f879fd62f0a8,457.601,539.807
wide-researcher-1786005975-dda519bd825b,457.653,689.070
deep-researcher-1786005975-16b5c7812bfd,457.683,708.468
data-analyst-1786005901-99423dbf8614,457.700,546.560
wide-researcher-1786005976-cb21a26aa003,457.771,680.022
deep-researcher-1786005976-2732bbc53b10,457.801,708.735
wide-researcher-1786005976-2db73c37383c,457.842,638.126
deep-researcher-1786005976-4b075fe0c799,458.074,649.224
wide-researcher-1786005976-31286551cbe2,458.097,690.074
deep-researcher-1786005976-92ca19f6b814,458.125,638.505
data-analyst-1786005903-4616f202cf85,458.151,458.152
wide-researcher-1786005976-f0caeb8ccaa9,458.190,637.072
data-analyst-1786005878-ec95b50e239d,458.240,549.265
deep-researcher-1786005976-1dee1345cfdb,458.293,641.300
wide-researcher-1786005976-93325216ee9b,458.394,695.980
deep-researcher-1786005976-46de2f9549b7,458.412,656.715
wide-researcher-1786005976-94713de5cf50,458.431,682.161
deep-researcher-1786005976-a8d181cd5592,458.450,708.934
wide-researcher-1786005976-180fccafec11,458.595,663.534
deep-researcher-1786005976-85e158d5a804,458.614,701.699
wide-researcher-1786005977-d67c949bf3e4,458.652,649.622
deep-researcher-1786005977-7080395c6921,458.671,708.070
wide-researcher-1786005977-9dd720145356,458.730,681.471
deep-researcher-1786005977-9066f54b9e18,458.759,707.707
data-analyst-1786005900-17fed419f6b5,458.886,540.475
wide-researcher-1786005977-5d9de29d02af,458.895,633.680
deep-researcher-1786005977-9808e3e4a54f,458.918,566.349
wide-researcher-1786005977-4febe9f328c2,459.005,693.031
data-analyst-1786005913-42cf1a914085,459.153,539.024
deep-researcher-1786005977-50d42a2fbf89,459.162,700.837
data-analyst-1786005913-fb11af4be515,459.169,539.908
wide-researcher-1786005977-25dcb6f8738b,459.196,644.187
deep-researcher-1786005977-d3ec9bd54f6a,459.259,704.322
wide-researcher-1786005977-ec6d828f686f,459.281,661.099
deep-researcher-1786005977-98f0dda5b6ac,459.311,694.349
wide-researcher-1786005977-f2f05a241b55,459.340,656.504
deep-researcher-1786005977-9e153be8e524,459.358,653.445
data-analyst-1786005909-d40cd8cd45a2,459.373,459.374
data-analyst-1786005899-dba6d122c03d,459.417,559.800
data-analyst-1786005913-94cb9d3cf555,459.495,563.442
data-analyst-1786005913-6c870bc0c7fc,459.509,541.976
wide-researcher-1786005977-0b5443ce12b5,459.575,566.470
deep-researcher-1786005977-3a7dc553af1d,459.594,650.738
data-analyst-1786005845-6672fe01c46f,459.625,459.626
wide-researcher-1786005978-83276f24b61f,459.704,695.745
data-analyst-1786005832-49dd092e79e3,459.723,459.724
data-analyst-1786005898-00e7c46b8262,459.738,459.738
data-analyst-1786005864-9ee98de022d0,459.752,459.753
data-analyst-1786005887-c62cd1d469a4,459.797,459.798
data-analyst-1786005894-000ef57ff9c1,459.813,459.813
data-analyst-1786005900-986e5f7b1ba0,459.828,459.829
data-analyst-1786005870-62a1002a518c,459.842,459.842
deep-researcher-1786005978-b0329787acde,459.851,658.980
wide-researcher-1786005978-67b02c3f1239,459.895,699.299
deep-researcher-1786005978-47a57c952ab8,459.915,708.024
wide-researcher-1786005978-e34d665c3df7,459.933,652.194
deep-researcher-1786005978-849ba3a87064,459.949,639.974
wide-researcher-1786005978-cb6f9427685b,460.038,642.366
deep-researcher-1786005978-c4303ab08f28,460.066,680.385
wide-researcher-1786005978-2738f2073371,460.120,656.390
deep-researcher-1786005978-ffdbd7e10d5f,460.168,709.322
wide-researcher-1786005978-3fdee142e885,460.245,701.922
deep-researcher-1786005978-488732899a4e,460.314,708.230
wide-researcher-1786005978-dc3e8fb6d1c6,460.404,695.377
deep-researcher-1786005978-50a5f598543d,460.428,704.905
wide-researcher-1786005978-c661fc3a2add,460.471,669.068
deep-researcher-1786005978-744a64923a45,460.521,661.272
data-analyst-1786005854-f56d1f465ce5,460.583,552.508
data-analyst-1786005865-50b68b510bd1,460.596,460.596
wide-researcher-1786005978-d06cba3f58fe,460.633,677.794
deep-researcher-1786005978-63dc9f07f44c,460.684,664.928
wide-researcher-1786005979-25267c50fe54,460.714,645.965
deep-researcher-1786005979-1f43b1093722,460.742,671.678
wide-researcher-1786005979-7a8df9d00fc3,460.780,641.185
deep-researcher-1786005979-ba9646a0e2e3,460.852,709.155
data-analyst-1786005888-d649ad4dccfd,460.884,460.885
data-analyst-1786005883-e5117b2709d2,460.897,460.898
wide-researcher-1786005979-8866455a4dd7,461.094,708.776
data-analyst-1786005914-d4070b4787b5,461.103,643.462
deep-researcher-1786005979-394b4067acbc,461.113,698.777
data-analyst-1786005914-62f699b08d19,461.121,557.704
wide-researcher-1786005979-05c5d1abb4a3,461.205,633.091
deep-researcher-1786005979-0f0ecaf648a7,461.351,639.220
wide-researcher-1786005979-9e6fa0118265,461.372,658.764
data-analyst-1786005905-676b6625e72c,461.383,461.383
deep-researcher-1786005979-eefd9614ef7b,461.402,706.053
wide-researcher-1786005979-334e08db4a0e,461.431,706.852
deep-researcher-1786005979-2a77add87e6b,461.450,654.521
wide-researcher-1786005979-04a8492fcd0f,461.469,646.224
deep-researcher-1786005979-2db8540a41d8,461.547,698.109
wide-researcher-1786005979-bad9fa9979e7,461.577,587.431
data-analyst-1786005914-75b7bcd25b9b,461.591,543.199
deep-researcher-1786005980-abcc8fcd1e7e,461.618,653.630
wide-researcher-1786005980-91afc16eeffe,461.640,700.513
deep-researcher-1786005980-1ed5b2b2d0a2,461.692,708.717
data-analyst-1786005911-9bb431e7ed1e,461.707,540.306
wide-researcher-1786005980-bc7ba8427db5,461.751,685.320
data-analyst-1786005914-c607012d56a2,461.776,549.903
data-analyst-1786005914-c57679dec06c,461.791,543.261
data-analyst-1786005914-da4fa6e2907b,461.806,558.509
data-analyst-1786005914-824bda1b6380,461.819,571.072
deep-researcher-1786005980-8dcf0d8b8f7e,461.832,641.844
wide-researcher-1786005980-5ab6c3496321,461.914,658.706
deep-researcher-1786005980-d54d9d52ce4b,461.945,576.057
wide-researcher-1786005980-ab55f33750c9,461.991,662.036
data-analyst-1786005902-76c083af493f,462.001,462.002
deep-researcher-1786005980-510a7c6afa84,462.142,667.660
data-analyst-1786005828-194ab2b13aec,462.187,462.188
data-analyst-1786005914-9477df5f6359,462.217,552.268
wide-researcher-1786005980-b6cf42a9b63f,462.222,602.976
data-analyst-1786005914-b59d3f6df8c1,462.235,551.420
deep-researcher-1786005980-9da93595f59f,462.260,709.211
wide-researcher-1786005980-c21b7755f70a,462.309,567.111
data-analyst-1786005889-74619253a08d,462.334,462.334
deep-researcher-1786005980-17a35b739394,462.378,653.015
data-analyst-1786005849-cdc844567e83,462.398,462.399
wide-researcher-1786005980-9b0556cb9fe7,462.491,691.613
deep-researcher-1786005980-24fd5b4ba6e5,462.568,661.724
wide-researcher-1786005980-8b94e869305c,462.596,684.193
deep-researcher-1786005981-ffedc3624249,462.619,700.450
wide-researcher-1786005981-9baefb7d9e51,462.657,692.353
deep-researcher-1786005981-3b0294cabaa2,462.725,643.333
wide-researcher-1786005981-187560e3a66e,462.860,579.816
deep-researcher-1786005981-945cac1bdaf3,462.922,645.981
wide-researcher-1786005981-d4ef1f529b00,462.951,672.684
deep-researcher-1786005981-5a82245225b6,462.970,654.055
wide-researcher-1786005981-b0746667b16c,463.089,690.412
data-analyst-1786005885-1bb7d5642a02,463.109,562.671
deep-researcher-1786005981-f3af372152c5,463.126,699.061
wide-researcher-1786005981-942cb8cbcb0a,463.143,700.917
deep-researcher-1786005981-23303fb76fad,463.163,658.824
wide-researcher-1786005981-55a3ea460e90,463.192,690.137
deep-researcher-1786005981-07574b600f26,463.291,645.514
wide-researcher-1786005981-d99c6ff7264b,463.332,647.582
deep-researcher-1786005981-a0501c8103d4,463.349,707.866
wide-researcher-1786005981-5ed94c89b0c6,463.459,707.213
deep-researcher-1786005981-a8db07e815bb,463.501,691.666
wide-researcher-1786005981-5a43caab4397,463.653,583.033
deep-researcher-1786005981-b245b6cc099f,463.734,696.061
data-analyst-1786005912-7269d049255e,463.786,541.677
wide-researcher-1786005982-62428870c6f8,463.827,699.706
data-analyst-1786005913-292679188b57,463.839,541.088
deep-researcher-1786005982-545e8c1f6aa5,463.884,647.247
wide-researcher-1786005982-03ede47c9aa8,464.069,658.893
deep-researcher-1786005982-06d2c994ea11,464.132,677.114
wide-researcher-1786005982-bc60a18138d8,464.231,705.637
deep-researcher-1786005982-88e6dcbe56be,464.315,645.392
wide-researcher-1786005982-117fbe7330fb,464.377,584.506
deep-researcher-1786005982-ec589980f90f,464.430,676.937
wide-researcher-1786005982-1e9de739b892,464.460,646.461
deep-researcher-1786005982-1236c13ee8af,464.478,693.293
wide-researcher-1786005982-36a340a4c11e,464.525,699.856
deep-researcher-1786005982-cd35efae359c,464.598,705.022
wide-researcher-1786005982-2aee803dac58,464.638,626.839
deep-researcher-1786005983-826cea189c59,464.670,653.536
wide-researcher-1786005983-583967fa0b9f,464.697,599.915
deep-researcher-1786005983-da2df1928ca5,464.803,691.482
data-analyst-1786005886-f2d0059dea58,465.583,544.807
data-analyst-1786005878-0977190e8923,465.596,538.368
data-analyst-1786005861-230fd080bfae,466.127,466.128
data-analyst-1786005835-0e388548aec6,466.493,466.494
data-analyst-1786005917-1f7358bc2e09,467.724,553.129
data-analyst-1786005917-2f87e6185dc3,467.737,557.639
data-analyst-1786005872-58e61ab2a6ce,468.232,555.328
data-analyst-1786005913-35aeb1a35860,468.344,540.013
data-analyst-1786005902-cbc8e1266e9a,468.492,468.492
data-analyst-1786005915-3efb1e9e318a,468.711,541.415
data-analyst-1786005909-7b407542e7f2,468.748,468.748
data-analyst-1786005876-7447e8ea73a0,468.978,549.781
data-analyst-1786005853-c9acd883ee62,469.080,469.080
data-analyst-1786005888-490db8ae6a7f,469.731,560.669
data-analyst-1786005888-c3c8641381b6,469.744,543.604
data-analyst-1786005888-ac58d21c205f,469.757,540.668
data-analyst-1786005871-db8d16b64dbb,469.784,537.764
data-analyst-1786005886-5339b1a7d270,469.797,548.684
data-analyst-1786005886-dd34e7f13980,469.810,538.082
data-analyst-1786005872-91cb0d216c1e,470.069,470.070
data-analyst-1786005912-653420b24f1d,470.085,470.086
data-analyst-1786005877-196bb43121fa,470.099,470.100
data-analyst-1786005901-3452ade24e60,470.259,470.260
data-analyst-1786005918-e56b5506d628,470.523,542.818
data-analyst-1786005914-5e9a799f0ba6,470.602,538.825
data-analyst-1786005822-54b8cf6c2968,470.970,470.971
data-analyst-1786005828-ef86b865fe72,470.985,470.986
data-analyst-1786005903-7768a6f63278,471.047,471.048
data-analyst-1786005880-030a7c3e29f4,471.155,471.156
data-analyst-1786005918-74d69bd3ee06,471.467,542.785
data-analyst-1786005910-d1aeb5d93519,471.595,555.403
data-analyst-1786005918-30aab0d60a76,471.705,564.080
data-analyst-1786005918-7de3897cab79,471.718,554.468
data-analyst-1786005877-04a30fbffa2b,471.972,471.973
data-analyst-1786005889-1e0a7347cd73,472.653,567.882
data-analyst-1786005889-b9fb04a0227e,472.677,557.306
data-analyst-1786005889-9e4c88eabfe7,472.690,550.985
data-analyst-1786005886-bddbcc5dccfe,472.702,541.120
data-analyst-1786005899-eedf7dfbec2d,473.107,473.108
data-analyst-1786005875-a058fc14708e,473.149,473.150
data-analyst-1786005872-99ef7c01b8a9,473.266,547.958
data-analyst-1786005910-0ff07d03c37f,473.333,473.334
data-analyst-1786005856-8e249492f165,473.749,473.749
data-analyst-1786005882-2e1519707335,473.899,473.899
data-analyst-1786005919-92397ab1f72c,474.016,558.525
data-analyst-1786005919-87b9742c58cd,474.029,540.275
data-analyst-1786005884-d3af9b5b20db,474.371,474.371
data-analyst-1786005830-4388bf3376b6,475.026,539.657
data-analyst-1786005842-0aebaa458bb7,475.056,542.722
data-analyst-1786005869-ddfc7cfce4de,475.196,475.197
data-analyst-1786005882-6720837dc99d,475.570,538.352
data-analyst-1786005917-2d01c7e41262,475.780,550.199
data-analyst-1786005899-e8fea8193ab5,475.899,537.675
data-analyst-1786005901-02fe0edd1a85,475.919,475.920
data-analyst-1786005837-07f085c65ff3,475.934,475.934
data-analyst-1786005891-b24719c8cca8,477.849,553.688
data-analyst-1786005921-a04f8a828d42,478.200,553.012
data-analyst-1786005921-133cd509525e,478.214,566.717
data-analyst-1786005921-5eb65fab91fb,478.364,548.157
data-analyst-1786005921-5ef7ea13415e,478.378,547.471
data-analyst-1786005901-b29570424ee9,478.472,542.110
data-analyst-1786005901-7c102a3a3fa4,478.819,478.819
data-analyst-1786005909-d8471d815427,478.833,478.834
data-analyst-1786005867-db641983ecde,479.263,479.264
data-analyst-1786005899-9c8714c7cb52,479.557,479.558
data-analyst-1786005887-519e4ae1d20d,479.778,479.779
data-analyst-1786005903-e2ad46cef8e2,480.182,544.775
data-analyst-1786005866-27b088ab8803,480.343,480.344
data-analyst-1786005921-be833d25295e,480.399,545.074
data-analyst-1786005921-9a893d0ffbdb,480.476,539.701
data-analyst-1786005921-b1702fdbc385,480.489,542.020
data-analyst-1786005905-9c8ffc66784a,480.614,546.606
data-analyst-1786005892-80c1c80e6bb1,481.236,562.313
data-analyst-1786005862-2f2c93f6412c,481.250,539.717
data-analyst-1786005851-2d1786450aa0,481.264,547.005
data-analyst-1786005887-6d53e259a887,481.278,540.260
data-analyst-1786005888-db42b7bfa570,481.291,561.704
data-analyst-1786005868-71ade5c7e288,481.304,546.480
data-analyst-1786005864-fec6080ef975,481.812,481.812
data-analyst-1786005902-f67a35202f11,481.870,538.779
data-analyst-1786005919-3255e9947d8c,482.161,540.336
data-analyst-1786005871-bf83093800d7,482.419,482.419
data-analyst-1786005911-220609ec3c0c,482.607,482.607
data-analyst-1786005830-74320e735a95,482.988,482.988
data-analyst-1786005886-8185a0fe7329,483.588,537.822
data-analyst-1786005894-9e28633551c5,483.951,483.951
data-analyst-1786005854-e45040d62576,484.416,484.417
data-analyst-1786005914-526710aa01bf,484.496,484.496
data-analyst-1786005923-621a1d058734,484.771,589.548
data-analyst-1786005923-d5792c9dd9b6,484.784,541.056
data-analyst-1786005923-c3d81016d643,484.797,541.525
data-analyst-1786005912-3f885fdb26c1,485.016,485.017
data-analyst-1786005897-ccddf8062502,485.137,538.685
data-analyst-1786005923-4246c394e3b2,485.267,538.946
data-analyst-1786005923-e8ccf7bf391b,485.280,539.627
data-analyst-1786005913-eca7f822dbc8,485.491,537.661
data-analyst-1786005872-8816db6a0676,485.555,485.556
data-analyst-1786005900-ea6a9de3caa5,485.571,485.571
data-analyst-1786005894-4edefb835874,486.855,542.769
data-analyst-1786005894-830a0bf9b5ff,486.868,544.667
data-analyst-1786005894-bdf9dfd48a1a,486.881,545.057
data-analyst-1786005864-a87e883407eb,486.894,555.045
data-analyst-1786005903-baf48e89bcbf,487.499,487.499
data-analyst-1786005898-561eddeb6551,487.689,487.689
data-analyst-1786005894-31adfddc2793,487.948,487.949
data-analyst-1786005899-b01259832d19,488.418,488.418
data-analyst-1786005888-d191518ac70b,488.585,488.585
data-analyst-1786005905-dc73d11cafca,488.659,488.660
data-analyst-1786005900-cdd7734f81dd,488.942,488.943
data-analyst-1786005912-f095b5c572ea,488.972,488.973
data-analyst-1786005897-482351ab63dc,489.064,489.064
data-analyst-1786005880-d7d0055da737,489.389,489.389
data-analyst-1786005862-373cc95b7dd0,489.549,489.549
data-analyst-1786005924-a37bcac0a865,489.618,546.193
data-analyst-1786005924-372f5e25ba76,489.633,542.801
data-analyst-1786005895-f06d9bf76e45,490.143,547.919
data-analyst-1786005869-17988ff312b7,490.156,541.835
data-analyst-1786005877-81adbb46b685,490.170,550.881
data-analyst-1786005857-dffc30459ede,490.199,543.637
data-analyst-1786005925-49b9e1983570,490.698,542.912
data-analyst-1786005925-0d1f4f807a31,490.713,550.911
data-analyst-1786005920-70e89d99d7bc,490.994,490.994
data-analyst-1786005877-2149aaede006,491.010,491.010
data-analyst-1786005894-70a0039c2987,491.102,491.102
data-analyst-1786005889-8f4ddd9df7ab,491.707,491.707
data-analyst-1786005852-34f7a18773ca,492.326,492.326
data-analyst-1786005894-77fd7950ec99,493.472,538.185
data-analyst-1786005832-5c6de8eb2752,493.487,542.081
data-analyst-1786005887-0a36cd77af63,493.501,537.881
data-analyst-1786005890-3c15ec092e6d,493.514,538.931
data-analyst-1786005914-a5a317528cbb,493.684,493.685
data-analyst-1786005905-6027e5010a6f,493.699,493.699
data-analyst-1786005926-8dfc098fcf67,493.773,556.670
data-analyst-1786005926-f73ac410ce20,493.786,546.912
data-analyst-1786005888-4a5ed5b48a5e,493.952,554.616
data-analyst-1786005875-af297b8f783a,494.228,538.335
data-analyst-1786005921-e1ae36530e62,494.543,494.544
data-analyst-1786005910-80477f64d09a,494.558,494.558
data-analyst-1786005897-c1a1209edcfe,494.573,494.575
data-analyst-1786005918-75dc2e57837e,494.711,494.711
data-analyst-1786005889-16c4ee11e016,494.728,494.728
data-analyst-1786005874-2f5a305e1631,495.053,567.533
data-analyst-1786005921-318bb0203af4,495.072,495.072
data-analyst-1786005877-ba3df12649a1,495.086,495.087
data-analyst-1786005853-553890b533a4,495.159,495.160
data-analyst-1786005910-4f26b96ab659,495.216,495.217
data-analyst-1786005889-131bcf8f2a8a,495.316,495.316
data-analyst-1786005910-8306c8402fc8,495.368,495.369
data-analyst-1786005926-7aae818ac44b,495.742,552.885
data-analyst-1786005850-19ccfc4423b1,495.805,495.805
data-analyst-1786005913-1b87691537bb,495.919,495.920
data-analyst-1786005906-0cf397574c92,495.995,495.995
data-analyst-1786005837-4a087141cd8b,497.352,558.604
data-analyst-1786005837-40b27857ccb5,497.366,544.287
data-analyst-1786005833-7bbf6b11439e,497.379,541.723
data-analyst-1786005874-a0e3f2586c1a,497.392,537.926
data-analyst-1786005927-f406cd0866e2,497.800,564.200
data-analyst-1786005927-faa3b5727c93,497.814,553.572
data-analyst-1786005927-5421865dc03a,497.828,545.717
data-analyst-1786005915-efd7f057c90e,497.910,497.910
data-analyst-1786005901-ce98a6799f9e,497.990,497.991
data-analyst-1786005914-77f248fec047,498.073,539.101
data-analyst-1786005925-ec7cdaf640f3,498.092,538.112
data-analyst-1786005912-958ff37dd78a,498.538,498.538
data-analyst-1786005865-2df25543c5a0,498.843,498.844
data-analyst-1786005920-9108f39d26c1,498.888,498.889
data-analyst-1786005900-722dbb9f752c,499.486,499.487
data-analyst-1786005868-1ae50719ad33,499.589,499.589
data-analyst-1786005875-ab8dad238c57,499.618,541.499
data-analyst-1786005850-1718f0c9e1ae,499.637,499.638
data-analyst-1786005905-de235f027d07,499.740,499.740
data-analyst-1786005843-462b64391484,500.046,500.046
data-analyst-1786005900-2362fb9a08e5,500.510,500.510
data-analyst-1786005912-95874ba5d9b5,500.583,500.584
data-analyst-1786005918-1ab3265ba20c,500.642,500.643
data-analyst-1786005863-fef7ff0c055c,500.841,500.841
data-analyst-1786005898-da9fef0393c8,501.622,545.464
data-analyst-1786005894-ce8a96cf191b,501.635,543.462
data-analyst-1786005883-3e2a3713234c,501.648,537.867
data-analyst-1786005920-b12284ccfcc4,503.118,503.118
data-analyst-1786005905-dcae45fd595e,503.132,503.132
data-analyst-1786005903-8be08eac1987,503.402,503.402
data-analyst-1786005918-bf653f4cae04,503.558,503.559
data-analyst-1786005875-09d068f3135a,503.641,503.642
data-analyst-1786005867-e3df2b2cee31,503.717,503.717
data-analyst-1786005899-bbc6ea05ac16,504.860,567.641
data-analyst-1786005839-6fb9c72f03e1,504.874,549.971
data-analyst-1786005869-bfd9f8f3fb59,504.888,544.334
data-analyst-1786005894-4d271ebe9361,504.902,538.993
data-analyst-1786005854-888602cd4393,505.403,505.404
data-analyst-1786005901-5d2781b8127d,505.686,539.070
data-analyst-1786005912-189d76516058,505.734,505.735
data-analyst-1786005894-59089e4f570e,506.246,506.246
data-analyst-1786005867-2d174b350b32,506.435,506.435
data-analyst-1786005876-56c7fbd7a23e,506.978,506.979
data-analyst-1786005908-2ccf4cd5f969,507.223,538.382
data-analyst-1786005847-22f946b07312,507.240,507.241
data-analyst-1786005884-7adebaadd126,507.312,507.313
data-analyst-1786005923-0e62c61a148d,507.550,543.715
data-analyst-1786005900-789f9c830240,508.887,541.584
data-analyst-1786005900-884e256b1668,508.900,553.645
data-analyst-1786005900-4478580dd2ef,508.913,541.929
data-analyst-1786005900-eb2d888da8ae,508.926,561.098
data-analyst-1786005888-4952dda0bdb5,508.939,554.412
data-analyst-1786005895-67134b0762eb,508.952,542.201
data-analyst-1786005882-466c1a86a0ba,508.965,541.283
data-analyst-1786005930-b18bac65dafc,509.165,543.858
data-analyst-1786005930-dc71e0c08ce3,509.178,544.111
data-analyst-1786005914-23f3e0bedde9,509.237,538.202
data-analyst-1786005910-cee73fcdf699,509.372,538.320
data-analyst-1786005930-15a7a72ed222,509.747,544.564
data-analyst-1786005930-1946531ea991,509.760,540.592
data-analyst-1786005930-8076833b42a2,509.773,564.169
data-analyst-1786005913-1f506762d8ed,510.382,510.383
data-analyst-1786005839-6d64d6bacf16,510.810,510.810
data-analyst-1786005870-bfc2d5a90a89,510.880,510.880
data-analyst-1786005880-a4fd11c5d588,511.300,554.326
data-analyst-1786005888-59c33084c5c4,511.390,511.390
data-analyst-1786005930-dafb3e506afa,511.436,571.439
data-analyst-1786005930-80951d980a0b,511.450,548.276
data-analyst-1786005930-c96d2bb6a307,511.463,547.066
data-analyst-1786005885-6eda8fdd54dc,511.496,511.497
data-analyst-1786005892-4a322609d9f3,511.541,511.541
data-analyst-1786005886-5da1aea82a0c,511.600,511.600
data-analyst-1786005863-5910a66ccd29,511.878,538.639
data-analyst-1786005880-2608ea431644,511.896,511.897
data-analyst-1786005868-561f32378998,512.182,512.182
data-analyst-1786005828-91b38eda5c61,512.355,512.355
data-analyst-1786005900-25787d638ea3,512.370,512.370
data-analyst-1786005837-f2f891c0ad0c,512.651,512.652
data-analyst-1786005871-a9983437a33d,513.608,540.849
data-analyst-1786005898-ef91d128f7c3,513.621,544.380
data-analyst-1786005880-b01fd792aed7,513.650,542.689
data-analyst-1786005926-be0633bd6343,513.897,513.897
data-analyst-1786005904-ff27b889e092,514.801,553.290
data-analyst-1786005910-a5bdcda12572,515.207,515.207
data-analyst-1786005931-c89b49950587,515.331,551.249
data-analyst-1786005931-4b32ec677e6e,515.343,602.823
data-analyst-1786005861-e9569cfe5121,515.374,515.374
data-analyst-1786005889-c181a387961d,515.617,543.049
data-analyst-1786005900-de5aca318bc9,515.840,515.840
data-analyst-1786005921-690361051f57,516.262,539.951
data-analyst-1786005843-c36b992d23c3,516.378,516.379
data-analyst-1786005872-a0ed48c5decc,517.203,593.222
data-analyst-1786005872-c18fa0f3ba21,517.217,550.032
data-analyst-1786005870-c138510d2f87,517.232,545.591
data-analyst-1786005835-c8d24c07b279,517.245,543.368
data-analyst-1786005902-65dc85c516b6,517.939,517.940
data-analyst-1786005924-b04af4296f5c,518.373,518.373
data-analyst-1786005900-30722df9c406,518.453,538.534
data-analyst-1786005900-f227414e38ae,518.550,518.551
data-analyst-1786005921-c34a56d03a3a,519.195,538.053
data-analyst-1786005877-d380074cb84e,519.625,519.625
data-analyst-1786005918-e57e12e39605,519.806,550.971
data-analyst-1786005912-101a91315a74,519.890,519.890
data-analyst-1786005836-3b2c1847ddf3,520.447,520.447
data-analyst-1786005915-fc6873881e59,520.717,520.718
data-analyst-1786005903-83c99d22e39f,522.064,549.872
data-analyst-1786005903-d88654445324,522.077,547.316
data-analyst-1786005903-28fbefc78c59,522.090,551.393
data-analyst-1786005903-8951d189b05f,522.104,542.124
data-analyst-1786005903-f1e5136bc3e2,522.117,545.732
data-analyst-1786005903-f5d96fae2c4a,522.131,549.179
data-analyst-1786005903-9d4ec6c93288,522.144,542.006
data-analyst-1786005901-e6c187e09131,522.157,541.693
data-analyst-1786005874-9721286c5eb1,522.365,538.127
data-analyst-1786005867-506e003d7815,522.384,522.384
data-analyst-1786005923-a0a5aa8fc1d7,522.766,522.766
data-analyst-1786005894-0a34ec1cdc58,523.036,543.478
data-analyst-1786005877-0728601e7885,523.053,540.534
data-analyst-1786005930-27144fe95979,524.041,524.041
data-analyst-1786005835-a05cfe9f7acd,524.055,524.055
data-analyst-1786005892-4b02b22d44bc,524.987,524.988
data-analyst-1786005933-0ff4a1eb35ab,526.240,544.594
data-analyst-1786005933-9a1c018ac951,526.252,559.743
data-analyst-1786005933-f37d9eb0814f,526.266,544.349
data-analyst-1786005888-1b561d5f528b,526.299,526.299
data-analyst-1786005914-03bed55bdc93,526.312,526.312
data-analyst-1786005898-de539a6dd4e2,526.628,526.628
data-analyst-1786005874-e997c1127482,528.044,541.297
data-analyst-1786005874-ed408e74f19a,528.058,564.007
data-analyst-1786005874-b16ec70208be,528.071,550.794
data-analyst-1786005874-93732e76667d,528.084,545.248
data-analyst-1786005874-e3db35f2275e,528.098,542.341
data-analyst-1786005886-e504db9d17eb,528.112,548.818
data-analyst-1786005897-08fa7e42edf0,528.126,539.408
data-analyst-1786005897-7baa20f33b41,528.139,537.793
data-analyst-1786005885-84319db5794f,529.240,529.240
data-analyst-1786005923-aef970eb0268,529.496,529.496
data-analyst-1786005838-13a9e5915b96,529.700,529.700
data-analyst-1786005926-34f2402ed5e1,529.870,529.871
data-analyst-1786005903-3a160a507579,530.740,530.740
data-analyst-1786005926-893cbdb083c8,530.915,530.915
data-analyst-1786005923-a0ede2ffac61,530.946,544.009
data-analyst-1786005934-4e928e261784,531.924,541.166
data-analyst-1786005934-b2d60093dff1,531.939,539.380
data-analyst-1786005934-7837e421dd8c,531.954,539.503
data-analyst-1786005889-bbcb641d2a38,532.252,532.252
data-analyst-1786005905-34206150e063,533.870,552.537
data-analyst-1786005905-a6b76834170b,533.883,554.976
data-analyst-1786005875-d121eed45323,533.897,541.040
data-analyst-1786005903-48b92442761c,533.922,539.131
data-analyst-1786005865-b909bb7c9bca,533.935,539.851
data-analyst-1786005878-d29022745154,533.948,538.621
data-analyst-1786005874-ced0d7a6c977,534.195,534.195
data-analyst-1786005857-08b9485c03d3,534.208,534.208
data-analyst-1786005847-b526f7e4ddf4,535.245,535.245
data-analyst-1786005900-e01a63006d47,535.428,535.428
data-analyst-1786005829-cc362767ba08,535.501,535.501
data-analyst-1786005871-c4c61c7d22c3,535.515,535.515
data-analyst-1786005870-0e81f4a4d350,535.929,540.152
data-analyst-1786005921-e1c5c1f62e13,536.441,558.694
data-analyst-1786005935-8c97e91ca50e,537.054,545.528
data-analyst-1786005935-2cc51f3fed08,537.066,543.873
data-analyst-1786005935-ffebd58c4c60,537.078,548.771
data-analyst-1786005910-2fabe6e63872,537.264,537.264
data-analyst-1786005918-ff4781e7e5b8,537.276,537.277
data-analyst-1786005931-3073d5c6a705,537.608,537.609
data-analyst-1786005939-c810f632dbd1,539.880,539.880
data-analyst-1786005938-4210dc798dbe,539.938,539.938
data-analyst-1786005938-91dc80e144e8,540.683,540.684
data-analyst-1786005939-857c9a1650e7,540.877,540.877
data-analyst-1786005943-2707a801533e,541.327,541.327
data-analyst-1786005939-cd92bc3f3fab,541.387,541.387
data-analyst-1786005943-2cf6d3661e6b,541.401,541.402
data-analyst-1786005941-96c09de95fd0,541.769,541.769
data-analyst-1786005939-3ef52a62bae0,543.153,543.153
data-analyst-1786005940-2f155f3b077a,543.306,543.306
data-analyst-1786005946-469e9336248e,543.700,543.700
data-analyst-1786005945-306fc258f5d5,544.054,544.054
data-analyst-1786005938-73c3ffd7d968,544.083,544.083
data-analyst-1786005946-59305b9d3a5b,544.507,544.507
data-analyst-1786005954-d909cfb62eb8,544.580,544.581
data-analyst-1786005936-11d8ac053c66,544.824,544.824
data-analyst-1786005951-22e942da7f95,544.918,544.918
data-analyst-1786005945-2ae5c61af28f,545.294,545.295
data-analyst-1786005951-09cbbc255c10,545.479,545.479
data-analyst-1786005940-293001a3707e,545.964,545.964
data-analyst-1786005946-4978cfd102d2,545.980,545.981
data-analyst-1786005953-31273600f25b,546.087,546.087
data-analyst-1786005951-b2abc2c502e5,546.258,546.258
data-analyst-1786005943-f28ceeb61992,546.495,546.495
data-analyst-1786005939-fcbc001e6a74,546.714,546.714
data-analyst-1786005946-fd4c3c7e6818,546.941,546.941
data-analyst-1786005944-ee831f4035e1,547.050,547.051
data-analyst-1786005950-fb0e85e687e1,547.529,547.529
data-analyst-1786005936-5a992cc82979,547.557,547.557
data-analyst-1786005945-895dd865d566,547.787,547.788
data-analyst-1786005943-e9896d32d2e9,547.932,547.932
data-analyst-1786005954-c49d198e4c91,547.987,547.987
data-analyst-1786005958-06f7cc4a79c2,548.468,548.469
data-analyst-1786005952-dab32f9457d3,548.526,548.526
data-analyst-1786005947-9199f49ad914,548.584,548.585
data-analyst-1786005946-a42998daedb8,548.744,548.744
data-analyst-1786005954-04423f37a382,548.985,548.986
data-analyst-1786005952-fdab5079c14d,549.237,549.238
data-analyst-1786005946-7b2c39a9bf8b,549.564,549.564
data-analyst-1786005967-c2d6d2ef68b7,549.856,549.856
data-analyst-1786005953-f9edb7244ca9,550.279,550.279
data-analyst-1786005965-1f44903cc857,550.308,550.308
data-analyst-1786005960-d908f150ea1d,550.367,550.367
data-analyst-1786005945-34f346e4b563,550.626,550.626
data-analyst-1786005957-d71f7653e223,550.746,550.747
data-analyst-1786005965-976805cce3dd,550.867,550.867
data-analyst-1786005967-c6a789b6e9c6,551.098,551.098
data-analyst-1786005967-b37655868999,551.112,551.112
data-analyst-1786005945-9cf52b891223,551.288,551.288
data-analyst-1786005964-92086bb27655,551.493,551.493
data-analyst-1786005953-41e6a080a515,551.691,551.691
data-analyst-1786005969-2c07ddcab81d,551.860,551.860
data-analyst-1786005967-c23b4ac87dcf,551.935,551.935
data-analyst-1786005955-60c737dbece5,551.949,551.949
data-analyst-1786005973-50ccbbbb48b6,552.087,552.087
data-analyst-1786005964-277d530378ea,552.157,552.157
data-analyst-1786005962-6f3292d27c24,552.170,552.171
data-analyst-1786005967-7c076fd7e1ab,552.388,552.389
data-analyst-1786005960-cb57a2d6a44d,552.495,552.495
data-analyst-1786005976-be0a86a2fe0b,552.740,552.741
data-analyst-1786005967-63676ca56153,552.754,552.754
data-analyst-1786005977-d79b0e135ae9,552.799,552.799
data-analyst-1786005954-0915726484f2,552.812,552.813
data-analyst-1786005967-d7807948962b,552.912,552.912
data-analyst-1786005960-f95fba2f0b4a,552.926,552.927
data-analyst-1786005965-f728fc8b6812,552.953,552.953
data-analyst-1786005945-026ec882eb2a,553.466,553.467
data-analyst-1786005967-ccb4d54eb5d0,553.529,553.529
data-analyst-1786005974-9a97901200e7,553.559,553.559
data-analyst-1786005960-50130fc1c2fb,553.806,553.806
data-analyst-1786005974-2591fd013254,554.035,554.035
data-analyst-1786005939-112a37eeda3a,554.048,554.048
data-analyst-1786005955-91955b3e1c8e,554.120,554.121
data-analyst-1786005982-945623617674,554.236,554.237
data-analyst-1786005967-c4557589625b,554.312,554.312
data-analyst-1786005952-44fea70a492b,554.601,554.601
data-analyst-1786005941-efe6b3016e00,554.717,554.717
data-analyst-1786005965-5973a6c0c776,554.860,554.861
data-analyst-1786005982-563e0124dff5,554.875,554.875
data-analyst-1786005982-6f6fb4ef113b,555.032,555.032
data-analyst-1786005946-6f898f076a4a,555.131,555.131
data-analyst-1786005965-a7f6c8dcf9d7,555.227,555.227
data-analyst-1786005981-97f6e038b12e,555.520,555.520
data-analyst-1786005981-783a760f49e7,555.563,555.564
data-analyst-1786005986-6252bbe90926,555.647,555.647
data-analyst-1786005970-7b7725c26510,555.794,555.795
data-analyst-1786005970-3f3922f0acd7,556.120,556.120
data-analyst-1786005944-2d3e92753e32,556.134,556.134
data-analyst-1786005982-2a5b096792c7,556.410,556.410
data-analyst-1786005946-fbd933fc716e,556.438,556.439
data-analyst-1786005982-52da54f6e653,556.924,556.924
data-analyst-1786005940-2234e86a641e,556.995,556.995
data-analyst-1786005965-96d49b75e975,557.021,557.021
data-analyst-1786005938-c445adc227ae,557.095,557.095
data-analyst-1786005982-b2fc57819b6c,557.188,557.188
data-analyst-1786005973-849e1b650ae7,557.248,557.248
data-analyst-1786005968-4b422ac23f5a,557.473,557.473
data-analyst-1786005982-b2b4e65685fb,557.752,557.752
data-analyst-1786005991-1876a3050a21,557.826,557.826
data-analyst-1786005986-df4aa41c8d49,558.619,558.619
data-analyst-1786005960-6718d6f8e359,558.634,558.634
data-analyst-1786005965-35ed535bb4c1,558.710,558.710
data-analyst-1786005940-5e035c75a009,558.739,558.739
data-analyst-1786005953-a4630e395152,558.754,558.755
data-analyst-1786005943-a1cc737e2a2c,559.193,559.193
data-analyst-1786005944-dd36d259239a,559.430,559.430
data-analyst-1786005981-0c0373277637,559.447,559.448
data-analyst-1786005938-1c9f863ceb42,559.588,559.588
data-analyst-1786005982-f9050c905f5b,559.786,559.786
data-analyst-1786005981-bb7b746f2987,559.954,559.954
data-analyst-1786005969-2c894907ef04,560.016,560.016
data-analyst-1786005947-89b0988241c8,560.184,560.185
data-analyst-1786005967-107ff671e77b,560.201,560.201
data-analyst-1786005977-30e22be17697,560.311,560.312
data-analyst-1786005996-9916b1dbc734,560.502,560.503
data-analyst-1786005996-ce4ff04f5c25,560.883,560.883
data-analyst-1786005958-6c7af25101ac,561.157,561.157
data-analyst-1786005986-cbc60a4174ec,561.315,561.316
data-analyst-1786005965-ac1bf2f79168,561.439,561.439
data-analyst-1786005960-94b1b175f70d,561.777,561.777
data-analyst-1786005977-1a890b9736ac,561.791,561.791
data-analyst-1786005960-b1703c9f77b8,561.881,561.881
data-analyst-1786005968-2cb4cd6dd6b3,561.895,561.895
data-analyst-1786005976-b255cb8a0fd4,561.982,561.983
data-analyst-1786005938-750d5fcbe866,562.482,562.482
data-analyst-1786005953-cb3b634dea04,562.511,562.511
data-analyst-1786005985-973d1fdcfa4f,562.587,562.587
data-analyst-1786005981-67c84018755a,562.600,562.600
data-analyst-1786005987-0cbd7db7fa48,562.628,562.628
data-analyst-1786005997-5954499298bc,562.817,562.817
data-analyst-1786005965-b7e486f9518e,562.870,562.870
data-analyst-1786005941-c72cb283f4e0,563.048,563.048
data-analyst-1786005985-065e38caba11,563.077,563.077
data-analyst-1786005967-310813529731,563.121,563.121
data-analyst-1786005939-28010ea350c1,563.336,563.337
data-analyst-1786005960-56ee26eb2473,563.474,563.474
data-analyst-1786005987-10418a9be3b2,563.489,563.489
data-analyst-1786005984-2e95166f2ae2,563.611,563.611
data-analyst-1786005976-1fdb81e7f875,563.907,563.908
data-analyst-1786005967-a94d07fd3262,563.951,563.951
data-analyst-1786005939-30e79a43407c,563.964,563.964
data-analyst-1786005967-2e5a04afb17b,563.978,563.979
data-analyst-1786005990-256c847c2198,564.050,564.051
data-analyst-1786005986-02a0caec6645,564.386,564.386
data-analyst-1786005981-d7b12e2cc9ad,564.399,564.399
data-analyst-1786005939-11fd7b83dc06,564.458,564.458
data-analyst-1786005996-94791e116082,564.471,564.471
data-analyst-1786005946-c037b78f7355,564.484,564.484
data-analyst-1786005976-fb28ae1f1dda,564.827,564.827
data-analyst-1786006002-36c9f73e23e8,564.842,564.842
data-analyst-1786005974-9589be7efdb2,564.942,564.942
data-analyst-1786005994-d79cff0a665e,565.011,565.011
data-analyst-1786005982-9be5d2fdfd0d,565.179,565.179
data-analyst-1786005996-309ae53977e3,565.206,565.207
data-analyst-1786006010-0d0fa11ca644,565.373,565.373
data-analyst-1786005985-f022b97c9ee5,565.402,565.402
data-analyst-1786005994-01212cdf01a7,565.444,565.444
data-analyst-1786005976-f5c7510d4149,565.457,565.457
data-analyst-1786005953-c8a94775c084,565.556,565.556
data-analyst-1786005997-3133e6eac1bf,565.570,565.570
data-analyst-1786006002-8ebe6851cab7,565.583,565.583
data-analyst-1786005969-417a62d10df4,565.701,565.701
data-analyst-1786005986-cf217ddff2ef,565.785,565.785
data-analyst-1786005940-0f2c0fa100ae,566.004,566.004
data-analyst-1786005982-235e2f7d92ca,566.017,566.017
data-analyst-1786005967-0e3e9f60abc6,566.030,566.031
data-analyst-1786005985-c0d055db8bf3,566.104,566.104
data-analyst-1786005965-b2b3684d5084,566.147,566.147
data-analyst-1786005965-4af8400de07d,566.160,566.160
data-analyst-1786005984-cd2cc609d9cf,566.381,566.381
data-analyst-1786005982-b1d48b32178a,566.534,566.535
data-analyst-1786005984-a7a1d35758b9,566.551,566.552
data-analyst-1786005965-4a2648cdf23b,566.570,566.570
data-analyst-1786005977-3683607e9435,566.586,566.586
data-analyst-1786005973-3ea245213dfe,566.781,566.782
data-analyst-1786005962-485c1afd584b,566.837,566.837
data-analyst-1786005962-226341d99a5c,567.232,567.232
data-analyst-1786006010-8cb938f14f64,567.626,567.626
data-analyst-1786005974-76796971a73a,567.688,567.688
data-analyst-1786005996-7089b2bd7a25,567.822,567.823
data-analyst-1786005947-84fb47104d03,567.865,567.865
data-analyst-1786005990-018432ccd6d2,567.941,567.941
data-analyst-1786005986-d0e210178c9d,567.954,567.954
data-analyst-1786005981-624c820fa94b,567.998,567.998
data-analyst-1786005973-f83cacaec37f,568.179,568.179
data-analyst-1786006011-c839496ac621,568.318,568.319
data-analyst-1786005996-432798a93c1e,568.411,568.411
data-analyst-1786006011-bc3b8b7ae675,568.471,568.471
data-analyst-1786005955-cfb367f58fc2,569.155,569.155
data-analyst-1786005990-4ff4261abb12,569.182,569.182
data-analyst-1786005936-c8c06061a244,569.553,569.553
data-analyst-1786006028-ad94154833bf,569.890,639.912
data-analyst-1786006024-61bbbef726f6,569.921,640.453
data-analyst-1786005970-a5856c11f726,569.969,569.969
data-analyst-1786005967-4f0c961008b2,570.288,570.288
data-analyst-1786006011-dc5a02f75fc0,570.431,570.431
data-analyst-1786006028-2c56e9c7b336,570.515,650.534
data-analyst-1786005967-f4c98b9e5f80,570.564,570.564
data-analyst-1786005969-5312ae9ebf74,570.745,648.132
data-analyst-1786005968-a4d8504ca7ae,570.889,570.890
data-analyst-1786006025-2305ce64b523,571.116,637.256
data-analyst-1786005940-5ec128eb8dcf,571.887,647.619
data-analyst-1786005970-d7f0b818e22f,571.902,647.776
data-analyst-1786005986-997a5768707a,572.332,572.332
data-analyst-1786006002-7649d15d0eb4,572.377,572.378
data-analyst-1786005943-9cf2a0e1d186,572.391,572.391
data-analyst-1786005974-bdb8c7775528,572.782,572.782
data-analyst-1786006021-8f806dc3f143,573.473,573.473
data-analyst-1786005987-09d1f06a00d5,573.688,573.688
data-analyst-1786005960-c673ab306313,574.163,574.163
data-analyst-1786006002-c57cd5f87830,574.686,653.088
data-analyst-1786005964-6385f5cfe04e,574.963,574.963
data-analyst-1786005986-04bdcff1b59e,575.070,640.712
data-analyst-1786006012-b54f2154292a,575.234,575.234
data-analyst-1786006005-6d1fc54cdce4,575.290,642.103
data-analyst-1786005950-655eb57d7fa1,575.424,575.424
data-analyst-1786006007-10e50674a464,575.552,575.552
data-analyst-1786006024-9ec344dbe4f0,575.626,575.627
data-analyst-1786005996-ed4a504552cd,575.885,644.603
data-analyst-1786005996-fbb2d4f4676e,576.085,576.085
data-analyst-1786006025-4ca7c52b7804,576.100,576.100
data-analyst-1786005985-49a0ecde14fe,576.157,576.157
data-analyst-1786006002-da942e18b4a6,576.247,655.369
data-analyst-1786005973-463bd63c991d,576.486,653.769
data-analyst-1786005968-93b7c76badc4,576.575,576.575
data-analyst-1786006010-d3d0a402bf44,576.913,576.914
data-analyst-1786005996-dd1076eca84f,577.425,647.524
data-analyst-1786005957-2da11272962b,577.555,577.555
data-analyst-1786005981-bb6ccf9f9517,577.615,577.616
data-analyst-1786006034-7bbdaafbc13f,578.147,648.619
data-analyst-1786006034-f36566314a69,578.162,640.318
data-analyst-1786006027-a05303901e72,578.430,647.119
data-analyst-1786005967-6f4c9d666245,578.583,578.583
data-analyst-1786006025-ac49bc0a3e01,579.535,637.218
data-analyst-1786006031-637aa10ea2db,579.552,644.773
data-analyst-1786006022-e2b89c199aad,579.771,579.772
data-analyst-1786005950-07b23455e9b0,580.650,580.650
data-analyst-1786006036-65f5d5656344,581.178,638.367
data-analyst-1786006036-f8f84c1e84bd,581.191,641.482
data-analyst-1786005977-7fec67b24100,582.103,654.464
data-analyst-1786005957-cb94f89cfd95,582.871,582.871
data-analyst-1786006025-9b0d11736ffc,583.178,583.178
data-analyst-1786005981-49ef56f56177,583.412,640.022
data-analyst-1786006024-947e2938168e,583.872,646.420
data-analyst-1786006025-56265a118957,583.997,583.997
data-analyst-1786006006-24b05e3929dc,584.266,652.449
data-analyst-1786006011-f5abcb6efcd1,584.735,584.736
data-analyst-1786006024-49508b6bd765,585.161,643.301
data-analyst-1786006039-ebc0d098e2da,585.690,641.578
data-analyst-1786006039-458d910cf78f,585.705,642.292
data-analyst-1786006027-888fda833508,586.040,652.468
data-analyst-1786006010-377fb5d67a23,587.005,650.518
data-analyst-1786006040-8224a8a07f58,587.156,644.618
data-analyst-1786006025-ac4ed48c73d8,588.247,642.217
data-analyst-1786006015-8adcecb3f59b,588.298,588.298
data-analyst-1786006011-8f9da6db5da4,588.793,641.316
data-analyst-1786006025-1f4856e7db3e,589.416,589.417
data-analyst-1786006022-fac808c9eb0e,589.535,589.535
data-analyst-1786006024-dd7c61e956f6,589.662,589.662
data-analyst-1786006012-3166b83aee2f,590.082,590.083
data-analyst-1786006011-50a0e487ff35,590.165,590.165
data-analyst-1786005982-b3fb8e183ca7,590.423,590.424
data-analyst-1786006007-edf6c70f304e,590.770,652.090
data-analyst-1786005958-b5361a519ed5,591.669,591.669
data-analyst-1786005986-d78e7390fad3,591.775,591.775
data-analyst-1786006011-8a549d1e27ad,592.244,592.244
data-analyst-1786005997-27db845395ac,592.439,592.440
data-analyst-1786006021-cf65608a5e23,592.940,638.231
data-analyst-1786006028-df7c4d51016c,593.023,593.023
data-analyst-1786006006-fd9b7b577d88,593.294,593.294
data-analyst-1786006011-6e707be0ede7,593.307,593.307
data-analyst-1786006011-ebd86419b976,593.321,593.321
data-analyst-1786005968-34c542b4587e,593.520,593.520
data-analyst-1786006010-d1084c06285b,593.767,593.767
data-analyst-1786005967-b453b86b5df5,594.086,594.086
data-analyst-1786005968-2ae618b3f724,594.161,653.997
data-analyst-1786006025-e2c3ff293590,595.028,595.028
data-analyst-1786006044-639a27a7a202,595.354,642.915
data-analyst-1786006044-a7a2d7e515d2,595.367,642.988
data-analyst-1786005974-b05b0aa36847,595.930,595.930
data-analyst-1786006005-7249ea6b1af7,596.484,640.692
data-analyst-1786005985-a7a74ae73178,596.953,596.953
data-analyst-1786006039-97f501183c2f,597.171,641.597
data-analyst-1786006027-88723d366af4,598.162,598.163
data-analyst-1786006007-68176e5b1e62,598.536,598.537
data-analyst-1786006006-4242324d1a67,599.343,599.343
data-analyst-1786005954-5640528df1e6,599.446,599.446
data-analyst-1786006022-6335ee9affc5,599.535,599.536
data-analyst-1786006046-f5a96d677a2f,599.623,649.702
data-analyst-1786006039-0ddf70ec7bc6,599.685,651.849
data-analyst-1786005973-ec08bf0a02d8,599.748,599.749
data-analyst-1786006015-53f251d69331,600.523,600.524
data-analyst-1786005977-9c00b49a18c6,601.329,601.329
data-analyst-1786005991-845cb8c944e0,601.406,601.407
data-analyst-1786006047-a16cfeea2778,601.474,645.886
data-analyst-1786006047-8e10c3505994,601.489,639.717
data-analyst-1786006047-4f4e85e95f8f,601.504,641.516
data-analyst-1786006011-30312c5ead94,601.920,601.920
data-analyst-1786005996-808ab039ddca,602.737,602.737
data-analyst-1786006028-60e13429aeb9,603.303,603.303
data-analyst-1786006002-6ddb3d98c071,603.929,653.072
data-analyst-1786005969-307ff4e09ba2,604.254,604.254
data-analyst-1786006034-3e6788edd109,604.800,604.800
data-analyst-1786006048-51a1997b4ca6,605.003,641.001
data-analyst-1786006039-9f90eb374bce,605.152,605.152
data-analyst-1786006010-031806857d6c,606.653,606.653
data-analyst-1786005996-5c9c23f721d5,607.208,644.947
data-analyst-1786006011-8f1de10de4a0,608.166,608.167
data-analyst-1786006012-17badd281a69,609.857,639.040
data-analyst-1786006040-b59669f76711,610.036,651.642
data-analyst-1786006005-e12e832b7f2d,610.143,610.143
data-analyst-1786006025-97d4d45bc2f0,610.936,610.937
data-analyst-1786005994-b2346dc206c3,611.129,646.045
data-analyst-1786006046-0371dfba523e,611.179,652.589
data-analyst-1786005991-ec6433ce66d9,611.940,642.899
data-analyst-1786006021-ba00a21b75c9,611.953,649.670
data-analyst-1786006039-eecf0cb1443e,612.111,612.112
data-analyst-1786006044-f5e1996c041c,612.192,641.900
data-analyst-1786005969-a342661a2d34,613.516,613.516
data-analyst-1786006025-d5fb99f8d123,613.944,613.945
data-analyst-1786006028-c4331d6e0c4b,614.059,614.060
data-analyst-1786005996-1f7c89ae0076,614.126,614.126
data-analyst-1786006022-c7559e296723,614.143,614.143
data-analyst-1786006020-4f2f68f6a2ae,614.361,614.361
data-analyst-1786006046-4db5fdc60705,614.974,645.087
data-analyst-1786006022-0bae7f1716f0,615.631,648.318
data-analyst-1786006022-68df3358d74a,615.645,651.659
data-analyst-1786005970-f8c2eb054b5c,615.660,638.054
data-analyst-1786006028-6f25f481ddc1,618.494,637.088
data-analyst-1786006036-81bc9c38e0ec,618.725,641.090
data-analyst-1786005970-b95b04c77283,618.746,637.786
data-analyst-1786006053-ea75651aa11e,619.656,647.135
data-analyst-1786006053-d588af3c2cd3,619.670,654.845
data-analyst-1786006024-3ae3a0ffaf6a,619.851,619.852
data-analyst-1786006053-94bb1dd70ff5,620.009,647.338
data-analyst-1786006053-0563a4eac2ff,620.024,645.535
data-analyst-1786006053-b8beda97ab32,620.038,638.675
data-analyst-1786006053-454bfcbda293,620.303,643.605
data-analyst-1786006053-ca7a7e6e4bdb,620.318,644.381
data-analyst-1786006053-ae3d5b04240d,620.332,647.646
data-analyst-1786006031-bb31e55f616c,620.657,620.657
data-analyst-1786006020-f5aa993858f6,621.043,653.475
data-analyst-1786006015-b5fb7e5c6a81,621.064,638.562
data-analyst-1786006020-2350f6eeed5e,622.118,637.605
data-analyst-1786006011-c9b43dd06a2b,622.394,622.395
data-analyst-1786006024-c8041c1e704f,624.118,643.555
data-analyst-1786006024-73f85c078d7d,624.134,649.686
data-analyst-1786006024-ec3362cc8820,624.150,651.775
data-analyst-1786006025-c539d5befbf3,625.232,651.334
data-analyst-1786006040-7115ea5e4ad9,627.931,627.931
data-analyst-1786006053-7a4044a8d02c,628.107,643.190
data-analyst-1786006048-b567a3110cbe,630.010,649.734
data-analyst-1786006048-6f7299e45ea6,630.193,640.414
data-analyst-1786006031-c2ab09ac5bfc,633.890,633.891
data-analyst-1786005954-be1e4facb5ac,634.310,634.311
data-analyst-1786005976-a361e3b8b305,635.871,635.873
data-analyst-1786006025-20a7f45254e0,636.307,636.307
data-analyst-1786006060-84d921038fb9,642.052,642.053
data-analyst-1786006060-f6dfc7a8d207,648.910,648.910
data-analyst-1786006060-f6d8257bbe36,651.166,651.166
