run_id,start_seconds,end_seconds
deep-researcher-1786003824-35e2a9617c1d,1.838,34.354
wide-researcher-1786003824-2a91d5d90b01,1.847,191.197
reviewer-1786003824-a4e4c792cff1,1.920,297.820
data-analyst-1786003824-86a6326b2e4c,1.952,153.893
deep-researcher-1786003824-595315b102b1,1.964,35.834
wide-researcher-1786003824-7ae9acbde94d,1.976,34.887
reviewer-1786003824-a6420a58b322,1.984,303.330
data-analyst-1786003824-ca114d8ffe95,2.012,322.740
deep-researcher-1786003824-37f609ac916f,2.021,35.744
wide-researcher-1786003824-24de653dd651,2.030,73.450
reviewer-1786003824-adb1a2515cb5,2.040,402.226
data-analyst-1786003824-b5e0e31ab199,2.065,366.570
deep-researcher-1786003824-6882d45eb9a6,2.074,550.970
wide-researcher-1786003824-38b6b4565f4a,2.084,68.779
reviewer-1786003824-35e75697770c,2.093,412.688
data-analyst-1786003824-dbbb6c73d50c,2.112,200.804
deep-researcher-1786003824-1a5e75a8b6bd,2.121,62.177
wide-researcher-1786003824-2e0fc4eb61a2,2.131,34.746
reviewer-1786003824-da75991abb25,2.141,304.348
data-analyst-1786003824-309a852cdd31,2.161,267.559
deep-researcher-1786003824-c60cab35b313,2.171,36.437
wide-researcher-1786003824-f87c8f25f08b,2.181,285.694
reviewer-1786003824-78916d9b1170,2.191,427.325
data-analyst-1786003824-580b46b1af2f,2.215,197.844
deep-researcher-1786003824-020b518b70a8,2.224,425.731
wide-researcher-1786003824-55b63169a173,2.233,34.955
reviewer-1786003824-6d9103fd07af,2.243,208.520
data-analyst-1786003824-bc21eb1ad49d,2.268,216.601
deep-researcher-1786003824-1d2e3bec585b,2.277,100.204
wide-researcher-1786003824-0791d0493999,2.287,55.807
reviewer-1786003824-da8079558d3f,2.297,407.681
data-analyst-1786003824-ad7a52146979,2.322,299.033
deep-researcher-1786003824-35af1b7fcb41,2.332,112.629
wide-researcher-1786003824-37f9b77a0276,2.342,39.209
reviewer-1786003824-111097f9171b,2.352,302.592
data-analyst-1786003824-cbabff9ce78f,2.377,300.943
deep-researcher-1786003824-43157c6b3fcb,2.387,40.495
wide-researcher-1786003824-b3fe29c96922,2.397,37.952
reviewer-1786003824-d8707a50b139,2.407,287.767
data-analyst-1786003824-7ca5b5827f2a,2.432,286.900
deep-researcher-1786003824-9c09abcd6198,2.442,187.534
wide-researcher-1786003824-7af8a2701ffb,2.452,186.155
reviewer-1786003824-6c11d61d367a,2.462,312.086
data-analyst-1786003824-afae24178140,2.484,297.194
deep-researcher-1786003824-0df94a11fe23,2.495,35.217
wide-researcher-1786003824-79ba958302d3,2.506,286.527
reviewer-1786003824-57c6b0145d4d,2.516,193.424
data-analyst-1786003824-773a84abfc89,2.542,405.408
deep-researcher-1786003824-c4714f42b8c9,2.552,33.895
wide-researcher-1786003824-8657f6531e6e,2.562,421.244
reviewer-1786003824-66a1203902d7,2.572,468.235
data-analyst-1786003824-c6aeb36b64d2,2.597,191.887
deep-researcher-1786003824-56b1d0b48b46,2.606,35.123
wide-researcher-1786003824-255c13524280,2.616,35.817
reviewer-1786003824-8cf8540a5b3d,2.626,290.904
data-analyst-1786003824-22eb363d35d8,2.654,398.304
deep-researcher-1786003824-7d662718c5f2,2.664,412.887
wide-researcher-1786003824-f7310833c575,2.674,33.418
reviewer-1786003824-bdd3f0773213,2.684,298.261
data-analyst-1786003824-b765e5b08b0a,2.709,220.248
deep-researcher-1786003824-b244f09517f0,2.718,646.143
wide-researcher-1786003824-bf7d17399eaf,2.728,60.901
reviewer-1786003824-434348e5429a,2.738,395.193
data-analyst-1786003824-54ab13eab032,2.766,290.674
deep-researcher-1786003824-157a1116fb2e,2.776,194.440
wide-researcher-1786003824-ce40d0c4e377,2.786,31.718
reviewer-1786003824-77778ff71200,2.796,295.467
data-analyst-1786003824-6f3cf41cb441,2.820,297.598
deep-researcher-1786003824-f377e7237123,2.829,63.023
wide-researcher-1786003824-5829b0299da6,2.839,71.395
reviewer-1786003824-1b65f7f51c17,2.849,413.280
data-analyst-1786003825-524860e2efa7,2.873,430.923
deep-researcher-1786003825-aba1f8996b2f,2.882,31.892
wide-researcher-1786003825-096c73e474c6,2.892,34.727
reviewer-1786003825-1883b0a5a686,2.902,630.377
data-analyst-1786003825-f37bf3d144d1,2.927,255.697
deep-researcher-1786003825-64619bca9d08,2.936,532.767
wide-researcher-1786003825-a293cf6d4d58,2.945,167.527
reviewer-1786003825-5906e2b4aeee,2.955,535.459
data-analyst-1786003825-7f97f5a3bfdf,2.980,535.333
deep-researcher-1786003825-c432002a3862,2.989,114.433
wide-researcher-1786003825-7318ba294898,2.998,284.181
reviewer-1786003825-028b09a3ccfb,3.007,129.589
data-analyst-1786003825-33d79d03b4de,3.047,336.662
deep-researcher-1786003825-4f9aef0e2a36,3.056,113.937
wide-researcher-1786003825-ecc69a1bc526,3.065,630.551
reviewer-1786003825-d97880a09316,3.073,295.542
data-analyst-1786003825-c2d7770a6b02,3.097,298.275
deep-researcher-1786003825-c88f53d60158,3.106,522.004
wide-researcher-1786003825-ef131b5e9c1f,3.115,274.662
reviewer-1786003825-e49d3346e705,3.124,112.509
data-analyst-1786003825-56ddbe4885d5,3.142,297.916
deep-researcher-1786003825-3cbed387bc59,3.155,35.035
wide-researcher-1786003825-5658b512efe8,3.164,413.546
reviewer-1786003825-7afaa636e945,3.173,303.316
data-analyst-1786003825-6c100e10ccbc,3.194,423.597
deep-researcher-1786003825-5c51dd52b059,3.202,531.448
wide-researcher-1786003825-b5c08428ec67,3.210,32.969
reviewer-1786003825-3081a19b47b5,3.218,250.949
data-analyst-1786003825-ae02e6551ef6,3.241,379.857
deep-researcher-1786003825-f77496c3568c,3.249,66.101
wide-researcher-1786003825-14c5e1357bf1,3.258,31.752
reviewer-1786003825-d259cff2d856,3.268,299.597
data-analyst-1786003825-a9722296c202,3.292,284.055
deep-researcher-1786003825-129aa2f46358,3.307,278.595
wide-researcher-1786003825-f44e8002db4d,3.317,34.968
reviewer-1786003825-f1dd808b0e50,3.327,294.500
data-analyst-1786003825-13a757ea1070,3.352,283.549
deep-researcher-1786003825-c367aaf9692e,3.362,467.982
wide-researcher-1786003825-5c0d6ce4a1cd,3.372,401.442
reviewer-1786003825-8ed62ce5157b,3.382,401.599
data-analyst-1786003825-01833f91541c,3.407,293.729
deep-researcher-1786003825-f21205317672,3.417,204.023
wide-researcher-1786003825-c83707d6b9eb,3.427,288.098
reviewer-1786003825-9a227204de66,3.437,638.639
data-analyst-1786003825-306a8e8bb481,3.462,298.180
deep-researcher-1786003825-54de19b0feb7,3.471,36.879
wide-researcher-1786003825-91e0b614c619,3.481,33.221
reviewer-1786003825-21acf03d3517,3.491,297.931
data-analyst-1786003825-0040fac968d1,3.516,294.241
deep-researcher-1786003825-b006ffa0ae62,3.526,284.572
wide-researcher-1786003825-1dd0799133cd,3.535,302.389
reviewer-1786003825-3cb0e0593dc0,3.545,352.426
data-analyst-1786003825-6fb198f58933,3.569,404.379
deep-researcher-1786003825-4437f66f498e,3.579,34.765
wide-researcher-1786003825-b26f2259826a,3.589,83.573
reviewer-1786003825-1b8b50c3cb64,3.599,145.128
data-analyst-1786003825-1885c9ae4afd,3.625,189.129
deep-researcher-1786003825-024d45cf5037,3.635,546.471
wide-researcher-1786003825-41ece0ba542e,3.645,33.366
reviewer-1786003825-ddb4c1eecdc8,3.654,296.904
data-analyst-1786003825-7bb9d6b78f2f,3.679,296.888
deep-researcher-1786003825-a459d952df79,3.688,44.280
wide-researcher-1786003825-c9e6573a6a83,3.698,85.616
reviewer-1786003825-2db17dcb34eb,3.708,415.169
data-analyst-1786003825-bd8239fe57a4,3.733,299.408
deep-researcher-1786003825-8928d496a76f,3.742,572.145
wide-researcher-1786003825-162e2998df1c,3.752,70.394
reviewer-1786003825-5ea4a6687035,3.762,536.743
data-analyst-1786003825-712e05c8ea75,3.785,334.852
deep-researcher-1786003825-877d88a0a9aa,3.794,113.071
wide-researcher-1786003825-66cd8c0cffc8,3.803,62.667
reviewer-1786003825-8bebd524615a,3.812,400.651
data-analyst-1786003825-a6a61fad227f,3.836,285.120
deep-researcher-1786003825-67923899cbd3,3.846,74.495
wide-researcher-1786003825-e593743ba335,3.856,34.537
reviewer-1786003826-238c74133df0,3.866,635.459
data-analyst-1786003826-454f61d76bcb,3.891,400.632
deep-researcher-1786003826-ff75d00c5be1,3.900,542.188
wide-researcher-1786003826-170776650d0e,3.910,117.601
reviewer-1786003826-49d889923a43,3.920,319.402
data-analyst-1786003826-1374245c19a0,3.943,402.406
deep-researcher-1786003826-b1abc4532ccf,3.952,338.980
wide-researcher-1786003826-40c147aa331b,3.961,111.515
reviewer-1786003826-bb43aa1f267e,3.975,371.196
data-analyst-1786003826-6565182f9e33,3.999,284.742
deep-researcher-1786003826-60f6765210ca,4.013,531.732
wide-researcher-1786003826-4bc64903b393,4.023,291.616
reviewer-1786003826-a23f1a8af383,4.029,536.911
data-analyst-1786003826-5d31a111d2c7,4.058,192.632
deep-researcher-1786003826-13b10d1ab518,4.072,113.861
wide-researcher-1786003826-c39eab4a9f3d,4.082,37.206
reviewer-1786003826-0d64ac8d2154,4.092,400.001
data-analyst-1786003826-52a81c26b130,4.116,405.878
deep-researcher-1786003826-77dccae88411,4.125,34.448
wide-researcher-1786003826-bc963761395c,4.134,171.939
reviewer-1786003826-c5281c64ca51,4.144,285.951
data-analyst-1786003826-1ada49d16255,4.169,415.543
deep-researcher-1786003826-7aebabfe2455,4.183,404.119
wide-researcher-1786003826-1e735a4eef36,4.192,521.052
reviewer-1786003826-26228ca36bc9,4.205,418.773
data-analyst-1786003826-2c84152bb2e6,4.224,190.732
deep-researcher-1786003826-a3684a0fd84a,4.232,41.199
wide-researcher-1786003826-82aa53c754f2,4.240,40.379
reviewer-1786003826-3d5d362a9ed5,4.249,288.111
data-analyst-1786003826-3f93dbce75f1,4.269,307.457
deep-researcher-1786003826-01c754ca3de3,4.283,32.280
wide-researcher-1786003826-e42d0ee74f1c,4.292,47.900
reviewer-1786003826-f4d808948564,4.302,292.551
data-analyst-1786003826-6ae2e54a747d,4.326,214.849
deep-researcher-1786003826-2d553593fdf1,4.336,650.476
wide-researcher-1786003826-4ae9747e01d8,4.346,41.265
reviewer-1786003826-6576539711e9,4.356,419.418
data-analyst-1786003826-98754d716bce,4.380,185.039
deep-researcher-1786003826-3c056e6da667,4.390,36.520
wide-researcher-1786003826-a33fb95cd40a,4.400,34.621
reviewer-1786003826-2d91eaf4dfae,4.410,446.175
data-analyst-1786003826-e6ddf67212f3,4.434,266.323
deep-researcher-1786003826-45c0365b9dc8,4.442,460.201
wide-researcher-1786003826-4ef2963587fe,4.451,131.179
reviewer-1786003826-34d5893cdc62,4.459,542.144
data-analyst-1786003826-e2ac4b03adb3,4.480,558.764
deep-researcher-1786003826-d271d76400ef,4.495,346.232
wide-researcher-1786003826-f8fa0b077933,4.509,147.279
reviewer-1786003826-b16e495891d1,4.518,416.322
data-analyst-1786003826-6d354184f9e1,4.542,113.499
deep-researcher-1786003826-1d64200318d7,4.552,55.127
wide-researcher-1786003826-d373c4b93ca4,4.562,112.859
reviewer-1786003826-a1ae04a45652,4.572,251.324
data-analyst-1786003826-4d2283d92c0a,4.598,194.778
deep-researcher-1786003826-017215e99937,4.608,361.143
wide-researcher-1786003826-d3272ec5292d,4.617,284.819
reviewer-1786003826-954683e8252e,4.626,293.713
data-analyst-1786003826-d2d301915f68,4.652,286.725
deep-researcher-1786003826-05cd1f72e5c4,4.661,125.467
wide-researcher-1786003826-8dc3d871c4c9,4.671,60.795
reviewer-1786003826-eb18678aed7b,4.681,209.473
data-analyst-1786003826-68d804bd30c0,4.707,184.575
deep-researcher-1786003826-a8285576b57a,4.717,113.452
wide-researcher-1786003826-2a604a94340d,4.727,191.615
reviewer-1786003826-5e38c1659318,4.737,557.490
data-analyst-1786003826-b590ee39238a,4.763,297.568
deep-researcher-1786003826-28ced730330a,4.773,61.829
wide-researcher-1786003826-72221e66dfe9,4.783,34.225
reviewer-1786003826-72c234ffcbbd,4.793,134.716
data-analyst-1786003826-17ae583df1e6,4.818,262.168
deep-researcher-1786003826-1ac9febc2dbe,4.828,41.369
wide-researcher-1786003826-f6e80c144867,4.838,322.968
reviewer-1786003826-22cd7e4c02fc,4.848,422.824
data-analyst-1786003827-d091fa31ec67,4.872,285.312
deep-researcher-1786003827-f0275d8bebf9,4.881,34.710
wide-researcher-1786003827-32e375cd4736,4.891,302.704
reviewer-1786003827-163fd07ce449,4.900,292.408
data-analyst-1786003827-9d92c6f7040d,4.926,535.984
deep-researcher-1786003827-3063406a7a29,4.936,38.421
wide-researcher-1786003827-a3e19f53c2fc,4.946,288.780
reviewer-1786003827-ccc452cc94e1,4.956,301.225
data-analyst-1786003827-dc9de39c385e,4.981,288.354
deep-researcher-1786003827-1ffcd08a377c,4.990,80.043
wide-researcher-1786003827-86454ea5fc50,4.999,257.421
reviewer-1786003827-2d9055ee9d3b,5.008,627.897
data-analyst-1786003827-aee514831e07,5.034,398.945
deep-researcher-1786003827-1f2946dc19d8,5.044,416.263
wide-researcher-1786003827-24ffa6bcbc7f,5.054,473.652
reviewer-1786003827-34bbb772c373,5.064,410.230
data-analyst-1786003827-b7005b61fcff,5.089,367.332
deep-researcher-1786003827-119acecf601d,5.099,523.645
wide-researcher-1786003827-87b900c8f947,5.108,286.914
reviewer-1786003827-94bf6d32b8fc,5.118,471.885
data-analyst-1786003827-1742e4d20023,5.144,121.389
deep-researcher-1786003827-8e42d8d17254,5.154,423.514
wide-researcher-1786003827-2358e346c13d,5.164,44.045
reviewer-1786003827-e1cc462b715d,5.173,301.909
data-analyst-1786003827-feb62845a2c0,5.195,193.557
deep-researcher-1786003827-b8bea55fe08c,5.204,531.106
wide-researcher-1786003827-429823c381ce,5.213,330.759
reviewer-1786003827-ebb6cee8e047,5.222,522.651
data-analyst-1786003827-4d3c06c241c7,5.241,198.764
deep-researcher-1786003827-61b36e838597,5.255,516.618
wide-researcher-1786003827-5ca54ec15b52,5.264,299.260
reviewer-1786003827-b67f350110db,5.273,185.071
data-analyst-1786003827-e2f99e9ea414,5.292,266.265
deep-researcher-1786003827-b5e36566f834,5.301,40.799
wide-researcher-1786003827-56dd1974cbe7,5.310,186.477
reviewer-1786003827-768f6269b63f,5.318,307.922
data-analyst-1786003827-8aaaa2506445,5.342,132.962
deep-researcher-1786003827-3faa2fa59ad1,5.352,188.637
wide-researcher-1786003827-c9760f61ad9c,5.360,418.436
reviewer-1786003827-079a32e7f855,5.370,398.842
data-analyst-1786003827-c5c5e3de802d,5.390,224.043
deep-researcher-1786003827-3225a17f6901,5.399,51.223
wide-researcher-1786003827-79eae31c3661,5.409,144.254
reviewer-1786003827-55dce9083528,5.418,294.161
data-analyst-1786003827-633101c578bc,5.442,288.173
deep-researcher-1786003827-1507709ea494,5.451,545.346
wide-researcher-1786003827-31513cc94c03,5.461,192.075
reviewer-1786003827-a4d5ad8cb005,5.471,486.794
data-analyst-1786003827-fa9b82c4bfe7,5.496,289.443
deep-researcher-1786003827-a8d43213330a,5.506,524.274
wide-researcher-1786003827-d0a65df0ba99,5.516,105.267
reviewer-1786003827-613fc0972854,5.526,131.871
data-analyst-1786003827-e93945687c14,5.550,116.887
deep-researcher-1786003827-b638a8c8e959,5.560,114.978
wide-researcher-1786003827-ec6d5f1aa2ad,5.570,79.177
reviewer-1786003827-115da40db5e9,5.580,301.704
data-analyst-1786003827-01a34281e4dc,5.605,312.931
deep-researcher-1786003827-a009bd5a9537,5.615,295.281
wide-researcher-1786003827-8cc336b19fff,5.625,87.584
reviewer-1786003827-43bfb210204e,5.635,296.842
data-analyst-1786003827-13345e370744,5.659,405.475
deep-researcher-1786003827-257728eee08c,5.668,538.397
wide-researcher-1786003827-68d429a7d2d2,5.678,202.141
reviewer-1786003827-272a4b39f9e5,5.688,412.035
data-analyst-1786003827-823014073e47,5.709,244.433
deep-researcher-1786003827-5d13b6756dde,5.723,544.908
wide-researcher-1786003827-3184ff1c25a8,5.732,289.110
reviewer-1786003827-b3742946494a,5.742,458.693
data-analyst-1786003827-a543ad81149c,5.767,357.650
deep-researcher-1786003827-28e50ae75184,5.777,530.036
wide-researcher-1786003827-8df7ce4235a5,5.792,34.982
reviewer-1786003827-e58b53d3e1dc,5.801,400.586
data-analyst-1786003827-3a7274b0e4bc,5.827,434.385
deep-researcher-1786003827-b96c91253a44,5.836,37.709
wide-researcher-1786003827-a921a8380ad3,5.845,59.548
reviewer-1786003828-b2e7b60a39b0,5.855,345.303
data-analyst-1786003828-e0a97be84c6a,5.881,525.621
deep-researcher-1786003828-6e4483dbf49a,5.891,45.329
wide-researcher-1786003828-33a5ef3dd38b,5.900,150.283
reviewer-1786003828-a81d28c8cc45,5.910,414.309
data-analyst-1786003828-c91c9a1fa025,5.935,192.593
deep-researcher-1786003828-492e559889c0,5.944,401.019
wide-researcher-1786003828-51e8fd4f6a79,5.954,291.899
reviewer-1786003828-a67b6973e02a,5.963,325.765
data-analyst-1786003828-babf0c123d9f,5.987,287.876
deep-researcher-1786003828-fb9b76f24654,5.997,66.731
wide-researcher-1786003828-1f1afee736ae,6.007,163.343
reviewer-1786003828-60bd1344f7dc,6.016,285.873
data-analyst-1786003828-40117d6f925e,6.041,419.727
deep-researcher-1786003828-3718d1cab228,6.050,350.111
wide-researcher-1786003828-5b20ffea1f43,6.059,303.457
reviewer-1786003828-e7d08cd87708,6.068,538.304
data-analyst-1786003828-a0ba5c7e0175,6.094,192.547
deep-researcher-1786003828-69772bd4c145,6.103,112.035
wide-researcher-1786003828-02752ed4b134,6.113,112.735
reviewer-1786003828-be53c8f0c386,6.123,425.359
data-analyst-1786003828-7ca42f435bd7,6.148,408.601
deep-researcher-1786003828-cf01b3bb52fb,6.157,88.319
wide-researcher-1786003828-2ccb69efa228,6.167,104.349
reviewer-1786003828-7107c036045f,6.177,320.728
data-analyst-1786003828-18e6f2fa78c4,6.202,192.839
deep-researcher-1786003828-600a79bb0c78,6.211,121.598
wide-researcher-1786003828-f6aaece6ce38,6.220,284.197
reviewer-1786003828-e89cdc892348,6.230,352.364
data-analyst-1786003828-bcf3c348528e,6.253,196.444
deep-researcher-1786003828-6cf05d566337,6.267,162.679
wide-researcher-1786003828-950c691e1c6d,6.277,192.952
reviewer-1786003828-6f5ddde35ebd,6.286,555.665
data-analyst-1786003828-8801426635d1,6.307,332.709
deep-researcher-1786003828-abb4f37e44e8,6.316,116.571
wide-researcher-1786003828-74575df587a2,6.325,301.282
reviewer-1786003828-e9b473940558,6.333,282.498
data-analyst-1786003828-4e72da4da5ce,6.353,188.606
deep-researcher-1786003828-8bcf87f33553,6.362,64.612
wide-researcher-1786003828-76d22b9aa059,6.372,293.511
reviewer-1786003828-eb95d37e92ce,6.382,545.169
data-analyst-1786003828-bc57cde3d357,6.402,341.660
deep-researcher-1786003828-de75f4ce69a4,6.411,41.384
wide-researcher-1786003828-1c1573074c4d,6.421,408.337
reviewer-1786003828-f10a4c74adcd,6.431,285.652
data-analyst-1786003828-095dae4d2b0d,6.452,419.331
deep-researcher-1786003828-52a86a806078,6.467,80.014
wide-researcher-1786003828-3970ece890b2,6.477,74.772
reviewer-1786003828-af47f253956d,6.487,336.193
data-analyst-1786003828-6e5ff88e9202,6.513,397.980
deep-researcher-1786003828-12b93b5fb0b4,6.523,532.794
wide-researcher-1786003828-bb00796bb72c,6.533,114.299
reviewer-1786003828-9c3c3151e213,6.543,530.322
data-analyst-1786003828-73d5484aa1a4,6.568,470.363
deep-researcher-1786003828-d3a5e4d2dc9d,6.578,191.385
wide-researcher-1786003828-8d41bb99ddd9,6.588,401.802
reviewer-1786003828-af3fd193d71b,6.598,468.545
data-analyst-1786003828-2de1e67b81d7,6.623,284.984
deep-researcher-1786003828-ab54d1c7b222,6.632,62.355
wide-researcher-1786003828-6dde44155003,6.642,185.989
reviewer-1786003828-acca84cfe576,6.652,199.627
data-analyst-1786003828-450e078e0d0b,6.677,191.273
deep-researcher-1786003828-4d88fb54b59c,6.687,288.441
wide-researcher-1786003828-fa36593d239f,6.697,416.230
reviewer-1786003828-ac730efc7d99,6.706,286.121
data-analyst-1786003828-993a85b37282,6.732,414.169
deep-researcher-1786003828-f73e9a3b79c0,6.742,68.308
wide-researcher-1786003828-868e92be4412,6.752,425.189
reviewer-1786003828-5865cdb20415,6.762,420.211
data-analyst-1786003828-3dc33c40d008,6.792,127.019
deep-researcher-1786003828-a1d7d2896e6d,6.802,85.863
wide-researcher-1786003828-4dac0f163ef1,6.812,286.326
reviewer-1786003828-0da423384d79,6.822,677.480
data-analyst-1786003828-63210fe7e16b,6.844,309.537
deep-researcher-1786003828-7b974a76159a,6.858,300.686
wide-researcher-1786003829-e71c6f599134,6.868,539.476
reviewer-1786003829-9592b42c4213,6.878,407.980
data-analyst-1786003829-6014dbeea4c9,6.902,302.006
deep-researcher-1786003829-e3a5ad4cb9fb,6.911,123.132
wide-researcher-1786003829-f52cb7fc6a72,6.921,191.921
reviewer-1786003829-07e69b9b79fb,6.931,292.873
data-analyst-1786003829-b2b4467545da,6.956,291.602
deep-researcher-1786003829-44b649804150,6.966,79.247
wide-researcher-1786003829-44e48d0a34a2,6.976,540.089
reviewer-1786003829-218f25cf160f,6.986,304.897
data-analyst-1786003829-b56b380b656d,7.011,224.219
deep-researcher-1786003829-584f8956fa82,7.020,35.415
wide-researcher-1786003829-3e6de2042b55,7.030,223.783
reviewer-1786003829-9fa621a4a0cc,7.041,605.397
data-analyst-1786003829-7c7f87bfe37c,7.067,313.080
deep-researcher-1786003829-52757d690b39,7.077,114.282
wide-researcher-1786003829-0cdf2125201f,7.087,289.473
reviewer-1786003829-58462c68bbe9,7.097,296.796
data-analyst-1786003829-6f47cb2ebdaa,7.123,312.910
deep-researcher-1786003829-462617180e85,7.137,113.372
wide-researcher-1786003829-876ac474628d,7.147,190.859
reviewer-1786003829-a82a6e9a2412,7.157,525.447
data-analyst-1786003829-cfa300242c83,7.182,188.702
deep-researcher-1786003829-5e1ab41b995b,7.191,70.509
wide-researcher-1786003829-32ca0670d82c,7.200,205.470
reviewer-1786003829-b43195f29731,7.210,310.939
data-analyst-1786003829-1ece1ddb06d2,7.236,357.073
deep-researcher-1786003829-2a341222c2e2,7.246,58.923
wide-researcher-1786003829-b36e46df6706,7.256,111.640
reviewer-1786003829-40d1a7d18594,7.266,219.429
data-analyst-1786003829-bcdea554a7a0,7.292,313.887
deep-researcher-1786003829-028f65acb494,7.302,544.465
wide-researcher-1786003829-67412e0b6780,7.311,185.613
reviewer-1786003829-3a2d268e1049,7.319,287.922
data-analyst-1786003829-64f93a10d895,7.338,210.159
deep-researcher-1786003829-9ef724d2ec44,7.353,427.616
wide-researcher-1786003829-3ba1c96f5af5,7.362,248.553
reviewer-1786003829-67ca18ea4d7c,7.372,226.140
data-analyst-1786003829-96e6656d603d,7.392,134.347
deep-researcher-1786003829-740a0aac2ea8,7.402,425.901
wide-researcher-1786003829-394637f3b9f5,7.412,64.879
reviewer-1786003829-09fc51db2e02,7.422,214.463
data-analyst-1786003829-e1de549d0f8e,7.442,402.672
deep-researcher-1786003829-c8c75f6c23ee,7.451,427.946
wide-researcher-1786003829-5491181d63fb,7.465,194.270
reviewer-1786003829-c4692e00903a,7.474,285.206
data-analyst-1786003829-b1b9308b5ab9,7.494,121.522
deep-researcher-1786003829-152634d930af,7.509,337.044
wide-researcher-1786003829-ed85f2453ca3,7.518,161.710
reviewer-1786003829-91264b921037,7.527,637.638
data-analyst-1786003829-5f2d91dfad8b,7.552,297.361
deep-researcher-1786003829-c3321ea04035,7.561,419.959
wide-researcher-1786003829-50d2a38c1c2c,7.570,45.844
reviewer-1786003829-7e61b567c21d,7.580,414.672
data-analyst-1786003829-e55e1abc3b22,7.605,289.818
deep-researcher-1786003829-344c5b5e2e2f,7.615,191.841
wide-researcher-1786003829-60f30ac3195c,7.626,44.812
reviewer-1786003829-4d3576870717,7.636,404.366
data-analyst-1786003829-d6a96ad211e7,7.662,500.198
deep-researcher-1786003829-66c18f3d9d74,7.672,77.758
wide-researcher-1786003829-8e7e89054f3e,7.681,185.149
reviewer-1786003829-b3b17e05a7a6,7.691,192.719
data-analyst-1786003829-e74d1361cd38,7.716,284.558
deep-researcher-1786003829-de5021f4e0c6,7.726,130.727
wide-researcher-1786003829-1ca1225d6aa1,7.736,362.758
reviewer-1786003829-dc078e6b61b9,7.747,528.834
data-analyst-1786003829-6fb4b3187aeb,7.775,522.368
deep-researcher-1786003829-f07913a2d3e4,7.785,75.468
wide-researcher-1786003829-49e541602101,7.795,59.818
reviewer-1786003829-1de0269a6065,7.805,120.964
data-analyst-1786003829-a95547e3ed42,7.831,424.957
deep-researcher-1786003829-b3f0e98f155c,7.840,82.721
wide-researcher-1786003829-1384c8d4a54e,7.850,63.431
reviewer-1786003830-9169b73e054d,7.865,542.442
data-analyst-1786003830-3603ea1ad56d,7.891,188.121
deep-researcher-1786003830-5d08f4cd0f79,7.906,83.344
wide-researcher-1786003830-eee656e0177a,7.917,128.274
reviewer-1786003830-4d07f1a5deb7,7.932,294.118
data-analyst-1786003830-dfe71ef3bfaf,7.958,629.710
deep-researcher-1786003830-aa366f189a6e,7.968,527.736
wide-researcher-1786003830-3478d2e07313,7.978,69.110
reviewer-1786003830-7e5463752659,7.988,520.741
data-analyst-1786003830-23b091f01dd9,8.014,526.975
deep-researcher-1786003830-ce4a272d2653,8.024,113.168
wide-researcher-1786003830-0f96afbe7355,8.034,109.850
reviewer-1786003830-f0a73087000f,8.045,392.748
data-analyst-1786003830-d78151600df2,8.075,346.071
deep-researcher-1786003830-557ef0fb436f,8.085,423.010
wide-researcher-1786003830-fe3afd7b3286,8.095,405.441
reviewer-1786003830-5e31b5108bcc,8.105,479.123
data-analyst-1786003830-784f37d3dc4d,8.131,524.553
deep-researcher-1786003830-28af06ace821,8.146,284.426
wide-researcher-1786003830-54ced04af92c,8.156,309.584
reviewer-1786003830-dab88cee0556,8.166,411.921
data-analyst-1786003830-5735f6cb3ace,8.192,128.464
deep-researcher-1786003830-22225c29959d,8.203,76.571
wide-researcher-1786003830-9bad5c978d98,8.214,522.144
reviewer-1786003830-12a7a4acc7f4,8.225,409.512
data-analyst-1786003830-b46e3f266566,8.252,296.365
deep-researcher-1786003830-ffe7863defc1,8.262,112.755
wide-researcher-1786003830-58ee318efe95,8.272,68.479
reviewer-1786003830-ab58760117d6,8.282,476.256
data-analyst-1786003830-615ee2a7a75f,8.308,288.702
deep-researcher-1786003830-46d79c908ba9,8.318,112.378
wide-researcher-1786003830-ff2326c92b48,8.328,124.575
reviewer-1786003830-c36c67cabe59,8.338,459.056
data-analyst-1786003830-d8454e9dd730,8.364,523.137
deep-researcher-1786003830-6c5b3f4f623b,8.374,403.044
wide-researcher-1786003830-1636835f2286,8.384,87.615
reviewer-1786003830-d4939a9276a6,8.394,299.061
data-analyst-1786003830-9da7a8bdea3c,8.412,419.253
deep-researcher-1786003830-e27841c93c10,8.426,536.880
wide-researcher-1786003830-d631fc6ab0d4,8.436,42.193
reviewer-1786003830-d347c0bd7645,8.446,401.959
data-analyst-1786003830-18de0d08a2f0,8.477,343.148
deep-researcher-1786003830-e347596439e2,8.486,440.737
wide-researcher-1786003830-d232b4da68e0,8.496,415.184
reviewer-1786003830-00d155926755,8.506,210.459
data-analyst-1786003830-f3747ada222f,8.531,477.819
deep-researcher-1786003830-b1ba59efc246,8.541,112.652
wide-researcher-1786003830-9272ad911991,8.551,162.575
reviewer-1786003830-f0f5bcb6dc68,8.561,299.785
data-analyst-1786003830-616b84822539,8.585,534.856
deep-researcher-1786003830-c978979f370a,8.595,194.242
wide-researcher-1786003830-cc4b836c4a39,8.605,189.327
reviewer-1786003830-771e35efb9af,8.616,269.346
data-analyst-1786003830-4357cc67b6f2,8.642,214.693
deep-researcher-1786003830-71001005dfbf,8.652,50.174
wide-researcher-1786003830-13dbbaade84d,8.662,113.893
reviewer-1786003830-f947538e7682,8.671,299.741
data-analyst-1786003830-af2fffac2137,8.697,194.563
deep-researcher-1786003830-8b7b97a2189d,8.706,132.371
wide-researcher-1786003830-967c08397694,8.715,121.089
reviewer-1786003830-6fa661b51feb,8.724,293.204
data-analyst-1786003830-3885b4056776,8.749,306.221
deep-researcher-1786003830-5a682ffa1609,8.759,112.614
wide-researcher-1786003830-c4a6e6f61963,8.769,521.637
reviewer-1786003830-74f7d24bc71b,8.779,379.775
data-analyst-1786003830-245b657fd27c,8.801,291.547
deep-researcher-1786003830-006c9008da77,8.815,194.648
wide-researcher-1786003830-9f3dc8c6f090,8.825,41.892
reviewer-1786003830-26c167c3bbe8,8.835,415.363
data-analyst-1786003830-3560765eb26d,8.860,302.035
deep-researcher-1786003831-b10a161baba1,8.870,98.961
wide-researcher-1786003831-de39d804b778,8.879,145.339
reviewer-1786003831-68e8fa47b642,8.888,296.588
data-analyst-1786003831-0aaa96895eb1,8.914,289.802
deep-researcher-1786003831-06a58ab274e8,8.923,409.426
wide-researcher-1786003831-9be96e1ea493,8.932,432.642
reviewer-1786003831-77a0bf71884d,8.942,290.759
data-analyst-1786003831-d4e926b1e942,8.967,472.951
deep-researcher-1786003831-88a13e0d7258,8.977,190.980
wide-researcher-1786003831-2b0e4781c0df,8.987,184.645
reviewer-1786003831-c414c22faa74,8.997,285.438
data-analyst-1786003831-6ebfa961861f,9.022,540.768
deep-researcher-1786003831-238602d8a90b,9.032,154.763
wide-researcher-1786003831-b5ba6cd2f1d7,9.042,68.448
reviewer-1786003831-ba92f77f8826,9.053,629.216
data-analyst-1786003831-43c2a9cea625,9.079,286.472
deep-researcher-1786003831-4da4e5e7c8bd,9.089,80.771
wide-researcher-1786003831-74ec11822a8d,9.099,200.440
reviewer-1786003831-0ddf6c7f2c64,9.109,304.441
data-analyst-1786003831-5901a897b91d,9.134,301.269
deep-researcher-1786003831-438fd2f7c6db,9.144,161.266
wide-researcher-1786003831-4f5a258eb691,9.154,50.852
reviewer-1786003831-f2e1161ce4e9,9.164,353.072
data-analyst-1786003831-0c9059856f55,9.189,303.300
deep-researcher-1786003831-2c459d13e3c9,9.199,51.147
wide-researcher-1786003831-f6224248da23,9.209,201.753
reviewer-1786003831-1530cf4b8280,9.219,407.491
data-analyst-1786003831-3dcd5b24ba76,9.244,284.347
deep-researcher-1786003831-a4f1efa009ff,9.254,300.086
wide-researcher-1786003831-23a8be1e6a7e,9.268,190.364
reviewer-1786003831-a3c3e02865cf,9.277,418.403
data-analyst-1786003831-76742a244ec2,9.303,226.090
deep-researcher-1786003831-538e085beae1,9.313,630.869
wide-researcher-1786003831-d6e9df769966,9.323,73.432
reviewer-1786003831-d6df213d52a8,9.333,380.015
data-analyst-1786003831-da1c5683c790,9.359,190.613
deep-researcher-1786003831-b3122b01b0ef,9.369,80.029
wide-researcher-1786003831-0361898f1f16,9.385,70.426
reviewer-1786003831-5b387eeab7e5,9.395,428.065
data-analyst-1786003831-f7e0bf22d916,9.425,313.449
deep-researcher-1786003831-d563d3069331,9.434,63.304
wide-researcher-1786003831-b6ec80be9685,9.443,113.401
reviewer-1786003831-3fbbc0543d31,9.453,542.845
data-analyst-1786003831-1b2d0c947c70,9.474,533.901
deep-researcher-1786003831-5bde409369ea,9.487,178.763
wide-researcher-1786003831-22ac48461c37,9.497,413.679
reviewer-1786003831-867a49b8a75a,9.507,401.899
data-analyst-1786003831-d6ddca12061e,9.537,190.172
deep-researcher-1786003831-973ef754bf27,9.547,206.889
wide-researcher-1786003831-b0c11461e9a8,9.557,112.771
reviewer-1786003831-dc3b5d580e7b,9.567,544.008
data-analyst-1786003831-8f82e867d78c,9.592,294.147
deep-researcher-1786003831-db5dce90e249,9.601,66.494
wide-researcher-1786003831-3a188513ee96,9.611,419.386
reviewer-1786003831-fef13097a709,9.621,226.894
data-analyst-1786003831-4a11fffbd248,9.643,197.956
deep-researcher-1786003831-82d0b2e17674,9.656,78.484
wide-researcher-1786003831-09ab29371834,9.665,73.026
reviewer-1786003831-aed575d38e09,9.674,192.426
data-analyst-1786003831-c63b371bc059,9.698,416.710
deep-researcher-1786003831-8d545de56ec2,9.707,188.417
wide-researcher-1786003831-8a0d3ae042d5,9.716,425.395
reviewer-1786003831-6b651648bc44,9.725,356.369
data-analyst-1786003831-f8197eac655e,9.750,342.875
deep-researcher-1786003831-9160b66220d3,9.759,456.088
wide-researcher-1786003831-94ba40711176,9.768,50.837
reviewer-1786003831-b015ef64e13b,9.780,521.244
data-analyst-1786003831-d9749cdbbd14,9.802,400.601
deep-researcher-1786003831-72adc21f6fda,9.811,413.405
wide-researcher-1786003831-bb6f2f94990d,9.821,112.938
reviewer-1786003831-0b780f75f25b,9.831,341.220
data-analyst-1786003831-318c002025c7,9.856,290.106
deep-researcher-1786003831-2376952d2dc1,9.866,523.538
wide-researcher-1786003832-c615df4c4be6,9.876,311.159
reviewer-1786003832-51df1b011228,9.885,301.924
data-analyst-1786003832-9d588a1abbe8,9.908,299.683
deep-researcher-1786003832-3a556c88d7b8,9.917,186.050
wide-researcher-1786003832-081933b3eb2a,9.926,68.465
reviewer-1786003832-ac7494483fff,9.936,401.551
data-analyst-1786003832-0be8997c9390,9.959,381.701
deep-researcher-1786003832-61eb13e33028,9.973,406.933
wide-researcher-1786003832-b697c0364604,9.983,231.920
reviewer-1786003832-7df707bfa217,9.993,524.023
data-analyst-1786003832-f8933fe26a78,10.017,199.107
deep-researcher-1786003832-ce3bd505fa48,10.027,528.677
wide-researcher-1786003832-9756990786c3,10.037,631.133
reviewer-1786003832-cf1cbeb76c81,10.046,403.585
data-analyst-1786003832-e60d7839a98c,10.072,485.445
deep-researcher-1786003832-354cf133fd04,10.082,185.086
wide-researcher-1786003832-2b1f95a1d37f,10.092,186.832
reviewer-1786003832-3682a0f4eb17,10.102,551.945
data-analyst-1786003832-03b30c85e764,10.131,403.601
deep-researcher-1786003832-a0b6720c87e3,10.141,67.958
wide-researcher-1786003832-8f3f3e0cc829,10.155,65.303
reviewer-1786003832-b27b58f31f6b,10.165,199.184
data-analyst-1786003832-475fe863bb69,10.188,291.377
deep-researcher-1786003832-8f523de54e8e,10.197,112.200
wide-researcher-1786003832-e0f2762eef6b,10.207,111.753
reviewer-1786003832-6050c8ee1352,10.217,288.624
data-analyst-1786003832-bbaf764a07de,10.241,339.273
deep-researcher-1786003832-0e840c6b7f98,10.254,112.284
wide-researcher-1786003832-b1a7da666302,10.264,70.822
reviewer-1786003832-5ad76fd8849c,10.273,427.677
data-analyst-1786003832-479a3ef5ecea,10.298,306.045
deep-researcher-1786003832-e792630715ea,10.307,111.872
wide-researcher-1786003832-e0c49adaf7c1,10.316,52.050
reviewer-1786003832-24fcc5ce8205,10.325,524.780
data-analyst-1786003832-13df4881494c,10.347,301.043
deep-researcher-1786003832-97d5682e453a,10.357,298.692
wide-researcher-1786003832-7c27422b5e78,10.366,408.779
reviewer-1786003832-24d8d5577a8b,10.374,407.544
data-analyst-1786003832-a905e3edc992,10.396,186.611
deep-researcher-1786003832-08359649da99,10.405,185.056
wide-researcher-1786003832-35b57e261709,10.413,83.391
reviewer-1786003832-e126727ce963,10.422,291.836
data-analyst-1786003832-75f2e29c9073,10.446,398.076
deep-researcher-1786003832-3731a3cb304e,10.455,195.054
wide-researcher-1786003832-10de29128356,10.464,131.227
reviewer-1786003832-0a44889850ac,10.472,446.129
data-analyst-1786003832-db110068a1d9,10.494,298.165
deep-researcher-1786003832-f35f65de008f,10.502,62.243
wide-researcher-1786003832-46cd722a07bb,10.514,522.083
reviewer-1786003832-a4ce44328aab,10.523,481.799
data-analyst-1786003832-2e4e56b1d265,10.546,417.983
deep-researcher-1786003832-b93efd4f7121,10.555,113.541
wide-researcher-1786003832-62d7bbf00e95,10.565,91.803
reviewer-1786003832-a0687bace345,10.574,294.483
data-analyst-1786003832-447ab475d7fe,10.594,653.689
deep-researcher-1786003832-bab646a11854,10.603,184.664
wide-researcher-1786003832-fca5bc67d8b7,10.612,111.738
reviewer-1786003832-bae753818f94,10.627,221.654
data-analyst-1786003832-545f0c7aa59c,10.652,293.035
deep-researcher-1786003832-446e36cd8b4e,10.666,125.861
wide-researcher-1786003832-264490c9d6a8,10.675,112.408
reviewer-1786003832-c94783362b30,10.684,302.087
data-analyst-1786003832-699b144be8e3,10.710,530.193
deep-researcher-1786003832-1c439aa73028,10.719,412.788
wide-researcher-1786003832-561c5a99db0e,10.728,86.908
reviewer-1786003832-91c5779d73ba,10.738,662.169
data-analyst-1786003832-83f51b60189a,10.763,288.159
deep-researcher-1786003832-b08adfa2e004,10.771,404.742
wide-researcher-1786003832-b9584aa81def,10.779,296.449
reviewer-1786003832-ec8b9f8d2541,10.787,437.435
data-analyst-1786003832-7565fe75f36b,10.809,308.100
deep-researcher-1786003832-7ae486e1976a,10.817,114.150
wide-researcher-1786003832-0e1bbaa610ad,10.826,464.384
reviewer-1786003832-4a1418608675,10.835,300.101
data-analyst-1786003832-6d4694fcdad3,10.857,295.498
deep-researcher-1786003833-63b396007649,10.865,64.217
wide-researcher-1786003833-8921e6ac4c8c,10.874,198.861
reviewer-1786003833-4feb7504d4fe,10.883,524.300
data-analyst-1786003833-b82cbd2163b9,10.904,288.594
deep-researcher-1786003833-8e124c19b32e,10.916,114.945
wide-researcher-1786003833-1383d3f4971a,10.929,114.636
reviewer-1786003833-4177e4a6ba73,10.947,458.553
data-analyst-1786003833-fbdb72be50fe,10.972,321.779
deep-researcher-1786003833-f7e819317a6b,10.981,523.719
wide-researcher-1786003833-2ee22edf8a8f,10.990,89.086
reviewer-1786003833-93a366f77c46,11.000,528.227
data-analyst-1786003833-c021e62d9639,11.024,292.977
deep-researcher-1786003833-b01e047aa8a0,11.032,72.637
wide-researcher-1786003833-0b56689dca7a,11.041,288.066
reviewer-1786003833-30867dadba94,11.050,296.761
data-analyst-1786003833-ad2494980fca,11.075,297.583
deep-researcher-1786003833-be49edfbd77d,11.084,644.776
wide-researcher-1786003833-8f9089c8c183,11.097,74.709
reviewer-1786003833-6beba778f593,11.106,306.477
data-analyst-1786003833-71b9f1d21cdf,11.136,464.037
deep-researcher-1786003833-35fb01f6d44c,11.144,634.014
wide-researcher-1786003833-bfd91a174f92,11.152,113.561
reviewer-1786003833-07fbf4c2fcc9,11.160,399.684
data-analyst-1786003833-3e7733e73c14,11.181,301.240
deep-researcher-1786003833-e9e87a829872,11.194,193.367
wide-researcher-1786003833-d2ebf488d2e2,11.202,114.465
reviewer-1786003833-89d1f33ef994,11.211,385.767
data-analyst-1786003833-0dabd66374d2,11.234,301.875
deep-researcher-1786003833-92c082fc45bb,11.243,112.919
wide-researcher-1786003833-3e45d1156773,11.252,114.188
reviewer-1786003833-cdb1139fc050,11.262,659.696
data-analyst-1786003833-25032f7a6f09,11.287,401.737
deep-researcher-1786003833-cd6cde666e84,11.300,521.800
wide-researcher-1786003833-0b32a1ea6f04,11.314,127.310
reviewer-1786003833-6f74314c0ad8,11.323,210.652
data-analyst-1786003833-ecd19f0fea6f,11.346,297.626
deep-researcher-1786003833-efaa68bcbf4a,11.354,352.980
wide-researcher-1786003833-5ec333d297f9,11.364,421.730
reviewer-1786003833-318a5ef0c3de,11.374,291.004
data-analyst-1786003833-50e01f798ec5,11.401,405.305
deep-researcher-1786003833-3054a7223355,11.409,434.150
wide-researcher-1786003833-2fb8e2308278,11.417,188.003
reviewer-1786003833-0ddd81951b90,11.427,529.641
data-analyst-1786003833-9da4df273e8f,11.452,290.142
deep-researcher-1786003833-0623b192daa1,11.461,121.508
wide-researcher-1786003833-7e6f865c27f1,11.471,193.543
reviewer-1786003833-34850b615759,11.485,525.474
data-analyst-1786003833-13d1ff90c18b,11.509,288.368
deep-researcher-1786003833-2a681da67ee7,11.519,533.215
wide-researcher-1786003833-db8c3c5b609a,11.532,453.032
reviewer-1786003833-edcba0dd82ad,11.545,542.070
data-analyst-1786003833-c85550fb0d9a,11.568,351.935
deep-researcher-1786003833-1f37c26edc89,11.576,194.604
wide-researcher-1786003833-50f85a0266a8,11.594,540.581
reviewer-1786003833-5048613fa9dc,11.602,426.686
data-analyst-1786003833-f9613fae5615,11.626,188.077
deep-researcher-1786003833-4916d73fb869,11.634,371.745
wide-researcher-1786003833-0a483c8204e6,11.647,405.055
reviewer-1786003833-dbbdb969af0f,11.660,299.381
data-analyst-1786003833-d223a24fb33b,11.683,289.459
deep-researcher-1786003833-32614cefdec0,11.693,122.337
wide-researcher-1786003833-4afa3de1cd18,11.703,155.464
reviewer-1786003833-add9a01dd806,11.716,214.877
data-analyst-1786003833-7c50e983b706,11.744,241.257
deep-researcher-1786003833-2625e5483c60,11.753,322.483
wide-researcher-1786003833-6b0ed1f74c7c,11.767,85.513
reviewer-1786003833-98e350136b76,11.781,527.697
data-analyst-1786003833-75be0447b0e3,11.802,190.545
deep-researcher-1786003833-f83ba4e62962,11.814,297.419
wide-researcher-1786003833-c44023a835cf,11.823,315.646
reviewer-1786003833-18a6da067339,11.832,200.832
data-analyst-1786003833-e901c7375567,11.854,299.444
deep-researcher-1786003834-9417463491b1,11.862,535.999
wide-researcher-1786003834-4e14ca50e50b,11.876,188.450
reviewer-1786003834-66c722d01709,11.884,295.887
data-analyst-1786003834-3f73d5f4c1f9,11.906,283.755
deep-researcher-1786003834-8f3dcd192b21,11.915,202.832
wide-researcher-1786003834-29be44a48df3,11.925,112.686
reviewer-1786003834-2ac45f89740b,11.934,610.321
data-analyst-1786003834-7887b65c17c5,11.957,390.150
deep-researcher-1786003834-23d2f3df3a56,11.970,117.354
wide-researcher-1786003834-12f400daa1a9,11.979,193.831
reviewer-1786003834-47cefe5fad11,11.988,333.575
data-analyst-1786003834-0f0a5aa68b43,12.012,534.490
deep-researcher-1786003834-24a505e7ba13,12.021,126.674
wide-researcher-1786003834-b13336f5c5c6,12.029,326.980
reviewer-1786003834-400af454ef51,12.037,546.459
data-analyst-1786003834-6093823c0cc8,12.058,402.164
deep-researcher-1786003834-e12c8709e85c,12.070,113.908
wide-researcher-1786003834-fa35dbb0a02a,12.078,114.168
reviewer-1786003834-89092e91dd2a,12.089,342.036
data-analyst-1786003834-fa4382d2c62a,12.113,303.100
deep-researcher-1786003834-0d913c658f7b,12.122,410.804
wide-researcher-1786003834-cecc89c73260,12.131,421.377
reviewer-1786003834-c48f63b2bea3,12.141,288.230
data-analyst-1786003834-9759b2827fd3,12.168,413.230
deep-researcher-1786003834-588caddfc5d6,12.176,112.524
wide-researcher-1786003834-0ef2673a58f1,12.189,206.753
reviewer-1786003834-5fee68bd3ca1,12.197,538.829
data-analyst-1786003834-189596e0460d,12.221,286.385
deep-researcher-1786003834-bebad87fc75f,12.231,205.541
wide-researcher-1786003834-1eba102411aa,12.249,412.852
reviewer-1786003834-c0c8e2715f10,12.258,540.740
data-analyst-1786003834-122b553caf9b,12.285,330.988
deep-researcher-1786003834-f88a87b626c8,12.295,112.169
wide-researcher-1786003834-45858bc4b3e4,12.308,122.681
reviewer-1786003834-00b62113d9c6,12.328,411.325
data-analyst-1786003834-424774f1e893,12.352,289.603
deep-researcher-1786003834-4b834215a6ec,12.362,137.779
wide-researcher-1786003834-c00edb777b2c,12.375,71.056
reviewer-1786003834-64effe2ee05a,12.390,402.879
data-analyst-1786003834-e1999db34c2c,12.419,527.644
deep-researcher-1786003834-e5e6d7a23ac2,12.432,113.055
wide-researcher-1786003834-9b68d0b11164,12.441,291.532
reviewer-1786003834-f3e416aac234,12.454,400.343
data-analyst-1786003834-4790649e1855,12.486,287.845
deep-researcher-1786003834-2ef429614cdc,12.495,421.222
wide-researcher-1786003834-4fd453a2a688,12.503,196.460
reviewer-1786003834-07badc6d8494,12.511,421.507
data-analyst-1786003834-323d90cb59c6,12.532,286.432
deep-researcher-1786003834-deb12eda1de8,12.540,245.528
wide-researcher-1786003834-7d3bffb7eb56,12.548,153.990
reviewer-1786003834-fd0bd82e132e,12.556,299.124
data-analyst-1786003834-f5cf0940a4b3,12.581,193.082
deep-researcher-1786003834-bb18519db6ec,12.590,523.496
wide-researcher-1786003834-c75e6f20bf1e,12.602,290.746
reviewer-1786003834-09844d6856fd,12.610,532.739
data-analyst-1786003834-a69277325d23,12.632,528.460
deep-researcher-1786003834-618f64c1aa51,12.641,320.568
wide-researcher-1786003834-85f1d646742c,12.649,187.620
reviewer-1786003834-5c4a061b276f,12.657,400.463
data-analyst-1786003834-bcb68d68a5ab,12.679,410.264
deep-researcher-1786003834-93071843fcff,12.687,70.216
wide-researcher-1786003834-c7acce466fa9,12.696,418.188
reviewer-1786003834-4f78baed6df1,12.704,535.490
data-analyst-1786003834-9894b3169e57,12.727,413.016
deep-researcher-1786003834-ba7b0520042f,12.736,408.321
wide-researcher-1786003834-36773c77b4ca,12.746,91.201
reviewer-1786003834-b6b02db4a832,12.760,338.966
data-analyst-1786003834-d1573652db17,12.781,539.592
deep-researcher-1786003834-09636b0830fc,12.797,282.652
wide-researcher-1786003834-943646d0db47,12.809,112.359
reviewer-1786003834-64165364fa46,12.828,301.102
data-analyst-1786003834-2c5bde5ffd50,12.854,322.000
deep-researcher-1786003834-f9f07680e57b,12.867,128.824
wide-researcher-1786003834-937610c615a3,12.878,112.267
reviewer-1786003835-0c4091ff7f12,12.886,529.965
data-analyst-1786003835-d64cc8cc7411,12.910,198.955
deep-researcher-1786003835-786f85c7ddf9,12.924,476.446
wide-researcher-1786003835-04b0c50e1e66,12.933,159.337
reviewer-1786003835-d436bd55ec01,12.945,521.372
data-analyst-1786003835-079184a82d7e,12.969,291.866
deep-researcher-1786003835-a256fa6b660d,12.978,187.254
wide-researcher-1786003835-23013938f0f0,12.986,104.596
reviewer-1786003835-78cac3608949,12.994,666.357
data-analyst-1786003835-2bc77e8c546e,13.016,298.360
deep-researcher-1786003835-8d6cba41fc4d,13.028,207.553
wide-researcher-1786003835-83572d7c0244,13.036,114.804
reviewer-1786003835-41d13165413a,13.049,533.706
data-analyst-1786003835-dc1a993d3ef8,13.069,401.915
deep-researcher-1786003835-850c9005e0ff,13.082,222.208
wide-researcher-1786003835-85bf8f3c3e63,13.090,504.622
reviewer-1786003835-11fcd739f404,13.102,293.700
data-analyst-1786003835-e8c0353a5420,13.123,299.817
deep-researcher-1786003835-9e1cd05a8ad2,13.135,525.545
wide-researcher-1786003835-2748944e913a,13.152,287.384
reviewer-1786003835-7569285cbf16,13.164,423.545
data-analyst-1786003835-ce9d0abd1742,13.185,409.377
deep-researcher-1786003835-872cb0df6811,13.197,552.060
wide-researcher-1786003835-9cb4b44f1001,13.210,188.622
reviewer-1786003835-48bc0e505b6c,13.222,191.581
data-analyst-1786003835-a67d96802889,13.243,299.627
deep-researcher-1786003835-fb4403725cc4,13.255,540.462
wide-researcher-1786003835-c67be0c9348a,13.263,291.065
reviewer-1786003835-1ae4d0e9b290,13.271,364.070
data-analyst-1786003835-db2de7c68d71,13.292,649.139
deep-researcher-1786003835-b566dc27b2d2,13.300,422.892
wide-researcher-1786003835-c02bbf2fdbe4,13.308,70.839
reviewer-1786003835-445712476f18,13.321,650.019
data-analyst-1786003835-a75c27138bed,13.346,521.340
deep-researcher-1786003835-2a30a982c04c,13.358,115.259
wide-researcher-1786003835-2b1e26c3503b,13.366,285.344
reviewer-1786003835-77f0052dbdf8,13.374,419.654
data-analyst-1786003835-bd1aeabbebef,13.396,403.662
deep-researcher-1786003835-197015268317,13.404,92.848
wide-researcher-1786003835-50c83365402f,13.421,160.604
reviewer-1786003835-e48f84fc54e5,13.433,659.141
data-analyst-1786003835-5295c47942ea,13.453,523.676
deep-researcher-1786003835-636bebdf05bf,13.461,418.886
wide-researcher-1786003835-b87131a86848,13.474,106.847
reviewer-1786003835-329c963737d4,13.482,294.469
data-analyst-1786003835-a2026173abdf,13.505,332.150
deep-researcher-1786003835-a9855ec413e9,13.513,83.714
wide-researcher-1786003835-910285516d3c,13.526,531.942
reviewer-1786003835-123e4b0a639d,13.535,538.957
data-analyst-1786003835-cbde33a4ae14,13.564,386.888
deep-researcher-1786003835-031c33e10ca2,13.572,185.309
wide-researcher-1786003835-94ee15b4e5fa,13.585,184.482
reviewer-1786003835-bdf3fb44944e,13.599,659.475
data-analyst-1786003835-2211e20fee20,13.624,330.697
deep-researcher-1786003835-f475a1c253e3,13.642,114.929
wide-researcher-1786003835-f49fef347742,13.655,130.613
reviewer-1786003835-8991086d4d48,13.663,192.500
data-analyst-1786003835-5c9dd68bf7ae,13.689,359.287
deep-researcher-1786003835-e0e5dd5e963c,13.706,646.769
wide-researcher-1786003835-0db59d0ae552,13.718,193.328
reviewer-1786003835-9a15097fc73d,13.726,414.258
data-analyst-1786003835-cccc51cb6623,13.760,384.294
deep-researcher-1786003835-fbf2376f2a6e,13.773,421.094
wide-researcher-1786003835-f6d1486df3bf,13.782,112.252
reviewer-1786003835-a3fe079c07e2,13.795,510.315
data-analyst-1786003835-54afa1c7c108,13.821,521.467
deep-researcher-1786003835-490dab0fb63d,13.839,564.806
wide-researcher-1786003835-d22e79fc99c9,13.849,197.240
reviewer-1786003835-73560b2d9a11,13.866,644.307
data-analyst-1786003836-5b6330f45950,13.890,330.561
deep-researcher-1786003836-679f9b0d4a2e,13.898,115.289
wide-researcher-1786003836-a75657a68340,13.910,136.736
reviewer-1786003836-4a5602f8d390,13.925,300.299
data-analyst-1786003836-98001a05d7a7,13.947,399.805
deep-researcher-1786003836-547e94695a3e,13.964,186.762
wide-researcher-1786003836-e4e96eb7c292,13.973,548.508
reviewer-1786003836-7131511b6306,13.986,542.039
data-analyst-1786003836-6fcb56a3f439,14.008,400.179
deep-researcher-1786003836-2050db21cee3,14.016,227.824
wide-researcher-1786003836-eb7373c26135,14.030,288.564
reviewer-1786003836-d3edcc4c2d56,14.048,427.106
data-analyst-1786003836-0eac28f4b337,14.072,529.098
deep-researcher-1786003836-c7bc3e9c1a91,14.081,132.114
wide-researcher-1786003836-133db55f1ca8,14.092,425.934
reviewer-1786003836-158f382bebdc,14.105,404.777
data-analyst-1786003836-00258a2a17a3,14.128,291.662
deep-researcher-1786003836-80bc894f55ba,14.136,114.499
wide-researcher-1786003836-3f9ef5214d64,14.145,285.281
reviewer-1786003836-9ab81830fc70,14.158,403.979
data-analyst-1786003836-1081d0efceae,14.183,521.958
deep-researcher-1786003836-07da8308df13,14.196,137.760
wide-researcher-1786003836-eed64112b6a6,14.213,628.921
reviewer-1786003836-b3b34b6186fc,14.223,652.114
data-analyst-1786003836-03e492911743,14.247,399.856
deep-researcher-1786003836-4f7de157c74b,14.260,157.662
wide-researcher-1786003836-386ef782cc7f,14.274,95.530
reviewer-1786003836-02f5bdfc1e49,14.282,245.389
data-analyst-1786003836-7ddbccff0b32,14.311,288.294
deep-researcher-1786003836-b7f9a660d726,14.319,656.077
wide-researcher-1786003836-81a418e1ed38,14.336,112.050
reviewer-1786003836-c06b8d0c5a23,14.344,630.971
data-analyst-1786003836-8a86f404134b,14.373,370.046
deep-researcher-1786003836-a6b1fc37b8ff,14.385,186.417
wide-researcher-1786003836-1c0efac64d30,14.393,118.442
reviewer-1786003836-6f4d293c1316,14.401,396.979
data-analyst-1786003836-2b0818975f95,14.427,420.795
deep-researcher-1786003836-d6dda3e57fca,14.435,114.251
wide-researcher-1786003836-f5e3e1311cd7,14.447,302.102
reviewer-1786003836-75cd83024647,14.455,568.023
data-analyst-1786003836-37b4a7c36526,14.480,416.694
deep-researcher-1786003836-18b9aaf9cbec,14.498,131.026
wide-researcher-1786003836-d30d74e67272,14.506,250.764
reviewer-1786003836-db44a5912392,14.518,533.978
data-analyst-1786003836-9628c44f4e22,14.539,524.155
deep-researcher-1786003836-90577fd69f35,14.547,98.635
wide-researcher-1786003836-18b00bf626e9,14.560,114.884
reviewer-1786003836-b92a708011d9,14.568,417.892
data-analyst-1786003836-65f17496aeb0,14.589,522.430
deep-researcher-1786003836-e301742b0ab9,14.597,439.502
wide-researcher-1786003836-f224e57e7c3c,14.609,188.021
reviewer-1786003836-6c7468af57a6,14.617,407.335
data-analyst-1786003836-e536478f4ca6,14.647,530.307
deep-researcher-1786003836-8908cec75b22,14.661,75.546
wide-researcher-1786003836-d4d17d5cb5a9,14.677,115.348
reviewer-1786003836-603c2c300e4a,14.685,301.563
data-analyst-1786003836-cc1db08b3cd9,14.707,301.475
deep-researcher-1786003836-0ce7f36151ff,14.717,427.541
wide-researcher-1786003836-60361e5f6110,14.733,297.554
reviewer-1786003836-a38236decc1a,14.741,212.905
data-analyst-1786003836-77da9a9917c9,14.763,307.818
deep-researcher-1786003836-b8e9474ac16b,14.771,127.662
wide-researcher-1786003836-ff08a4935b98,14.779,75.369
reviewer-1786003836-bb852f5ebdbe,14.787,292.812
data-analyst-1786003836-b0dfdd6876e4,14.808,192.047
deep-researcher-1786003836-d9b23453f787,14.816,161.590
wide-researcher-1786003836-530dafa20572,14.830,285.632
reviewer-1786003836-3ca4dcf993ce,14.838,533.452
data-analyst-1786003836-e5545a40f269,14.863,443.117
deep-researcher-1786003837-2896e185db4b,14.871,628.386
wide-researcher-1786003837-2405523ad55e,14.883,113.734
reviewer-1786003837-755bf568dc5e,14.893,466.707
data-analyst-1786003837-67eb57d3e49a,14.919,417.776
deep-researcher-1786003837-d30597932e79,14.933,546.974
wide-researcher-1786003837-4683a2825b09,14.941,112.903
reviewer-1786003837-011eccffcbc1,14.949,539.310
data-analyst-1786003837-a20ed5eddc2d,14.977,470.329
deep-researcher-1786003837-54ccc9c04779,14.988,115.789
wide-researcher-1786003837-28b37ec52a41,15.001,114.618
reviewer-1786003837-ec951a0146da,15.010,285.936
data-analyst-1786003837-eab01c2ff3c2,15.038,415.733
deep-researcher-1786003837-5119645464d9,15.051,134.471
wide-researcher-1786003837-7e710fa62367,15.059,193.067
reviewer-1786003837-c1d0f76c5e73,15.072,590.378
data-analyst-1786003837-81352d69349f,15.095,646.657
deep-researcher-1786003837-6e7b06425bdf,15.103,187.026
wide-researcher-1786003837-95e6521bcc7c,15.116,103.658
reviewer-1786003837-39eb355f35f1,15.124,284.589
data-analyst-1786003837-6e07e3f8eef3,15.160,296.521
deep-researcher-1786003837-6b8a49db5e31,15.168,641.276
wide-researcher-1786003837-13a1678e6c9a,15.177,112.957
reviewer-1786003837-b109ace869cd,15.185,299.458
data-analyst-1786003837-6384f6c8349c,15.207,417.807
deep-researcher-1786003837-1fc4cb3ddc9b,15.217,90.538
wide-researcher-1786003837-be71b28abfc0,15.230,188.105
reviewer-1786003837-2633a02f89dc,15.251,302.325
data-analyst-1786003837-e15b9e64ea05,15.273,409.600
deep-researcher-1786003837-ba9fb7b113fc,15.287,676.272
wide-researcher-1786003837-bf6935fb57bd,15.308,135.615
reviewer-1786003837-929dc048f8d5,15.316,413.956
data-analyst-1786003837-c249d57ea459,15.342,433.463
deep-researcher-1786003837-ba754093a66d,15.359,168.893
wide-researcher-1786003837-79b2444085df,15.368,164.452
reviewer-1786003837-ea22251fe605,15.376,404.265
data-analyst-1786003837-5ab9275449df,15.402,417.492
deep-researcher-1786003837-c95988b34b5a,15.412,113.249
wide-researcher-1786003837-f9497569c361,15.431,111.687
reviewer-1786003837-b62f66c5c8a7,15.444,421.595
data-analyst-1786003837-238f7d1ad6d0,15.469,526.991
deep-researcher-1786003837-924ded050d3f,15.479,189.144
wide-researcher-1786003837-8af9aa1039b9,15.497,404.293
reviewer-1786003837-a37458c4ec29,15.506,645.350
data-analyst-1786003837-483ef72a9eec,15.534,192.274
deep-researcher-1786003837-5c03e7a55d14,15.558,111.722
wide-researcher-1786003837-240a5cec692f,15.566,194.025
reviewer-1786003837-f497ae032435,15.574,416.341
data-analyst-1786003837-315c3671491d,15.596,419.365
deep-researcher-1786003837-07844adfa9d3,15.605,92.340
wide-researcher-1786003837-692ba1652829,15.614,114.329
reviewer-1786003837-ca19c9732457,15.628,454.474
data-analyst-1786003837-6bf6752fc8d3,15.654,358.086
deep-researcher-1786003837-e7be35635fd0,15.667,524.621
wide-researcher-1786003837-a25a1beb5608,15.676,187.849
reviewer-1786003837-9a5c0c17d338,15.691,417.277
data-analyst-1786003837-e5880eb88386,15.715,302.821
deep-researcher-1786003837-07950d0a2a72,15.730,94.492
wide-researcher-1786003837-49eef1d31bdd,15.739,300.822
reviewer-1786003837-0de4722abcf1,15.747,327.731
data-analyst-1786003837-7caff6e90a6b,15.779,417.908
deep-researcher-1786003837-cb69a2cb6b83,15.791,115.012
wide-researcher-1786003837-646a9dd9edbf,15.799,424.993
reviewer-1786003837-5799c21989ab,15.816,479.169
data-analyst-1786003837-c2d5a3944a9c,15.846,399.725
deep-researcher-1786003837-8b13a2da6b2b,15.858,521.421
wide-researcher-1786003837-7716ef3d6fd2,15.866,404.091
reviewer-1786003838-022eeefbef45,15.883,526.021
data-analyst-1786003838-a8d5cd20a9ad,15.914,379.935
deep-researcher-1786003838-c08717b6c903,15.922,363.789
wide-researcher-1786003838-ee9174613588,15.931,141.740
reviewer-1786003838-6cf9732c04fe,15.947,597.421
data-analyst-1786003838-98cd785f3980,15.972,295.396
deep-researcher-1786003838-7b0b415f13a1,15.985,125.818
wide-researcher-1786003838-37c7207777ce,15.997,130.630
reviewer-1786003838-c7d7b8f653f6,16.006,659.252
data-analyst-1786003838-e220e4850d13,16.032,416.293
deep-researcher-1786003838-8d630a92d84e,16.041,113.119
wide-researcher-1786003838-8fb5d0b7f0ed,16.064,192.748
reviewer-1786003838-2e0b93264ab5,16.079,292.459
data-analyst-1786003838-56e2b2af3aba,16.102,368.415
deep-researcher-1786003838-b94b42b8657a,16.111,114.044
wide-researcher-1786003838-67dad2203464,16.129,285.526
reviewer-1786003838-4050d42cbe47,16.142,410.448
data-analyst-1786003838-78d70cf94f66,16.175,412.804
deep-researcher-1786003838-1f0539a9d66d,16.184,124.292
wide-researcher-1786003838-15702d342b8d,16.205,113.689
reviewer-1786003838-b585f1f4e7aa,16.224,193.017
data-analyst-1786003838-4c9b9bfaaaf6,16.252,306.175
deep-researcher-1786003838-c1bc2ebb544e,16.266,131.166
wide-researcher-1786003838-7107a178ef4b,16.280,652.958
reviewer-1786003838-5cbfe3629521,16.289,462.669
data-analyst-1786003838-b843206d2545,16.317,412.052
deep-researcher-1786003838-bd0a487def41,16.325,114.203
wide-researcher-1786003838-ae010db1e4fd,16.339,402.524
reviewer-1786003838-7328d2b67318,16.351,285.191
data-analyst-1786003838-588fd446084d,16.372,416.421
deep-researcher-1786003838-7686a2d839ba,16.384,649.967
wide-researcher-1786003838-715f4101e37c,16.392,135.420
reviewer-1786003838-9a758d57d795,16.406,295.267
data-analyst-1786003838-93f885048ab6,16.432,405.278
deep-researcher-1786003838-1bc7402e28a6,16.441,187.222
wide-researcher-1786003838-c285cf9e287b,16.454,190.717
reviewer-1786003838-7685e63c3cc4,16.468,322.541
data-analyst-1786003838-28ddcf3fa07a,16.490,408.122
deep-researcher-1786003838-00b1d66d5c27,16.499,290.921
wide-researcher-1786003838-875db1c5ee8c,16.524,414.899
reviewer-1786003838-cfe0b516dcfd,16.532,288.327
data-analyst-1786003838-402f343e63a3,16.553,296.319
deep-researcher-1786003838-47cfd293ca0a,16.570,115.274
wide-researcher-1786003838-fbda4b981848,16.582,193.738
reviewer-1786003838-2cbdd4db0444,16.595,299.395
data-analyst-1786003838-fe78bb34b491,16.617,287.063
deep-researcher-1786003838-70c550c27a76,16.631,83.405
wide-researcher-1786003838-78e7ce207ae4,16.644,349.612
reviewer-1786003838-10fdc790289b,16.653,524.389
data-analyst-1786003838-027af7d53e2f,16.685,544.351
deep-researcher-1786003838-85c0ed636852,16.698,86.886
wide-researcher-1786003838-dffc8a6d1045,16.708,420.539
reviewer-1786003838-b6a675fca9fc,16.721,520.264
data-analyst-1786003838-5880e241cd85,16.743,652.440
deep-researcher-1786003838-cef13670fd25,16.765,111.625
wide-researcher-1786003838-aca9d56446c3,16.773,263.387
reviewer-1786003838-37b57e9b2e89,16.781,646.929
data-analyst-1786003838-c2df6688ecf3,16.803,523.087
deep-researcher-1786003838-6443c87b0417,16.815,339.535
wide-researcher-1786003838-5b485595a397,16.824,63.759
reviewer-1786003838-798db0a35b58,16.836,410.211
data-analyst-1786003838-c609f85ddc34,16.867,635.078
deep-researcher-1786003839-550d7d806372,16.875,640.110
wide-researcher-1786003839-1c60cbdda348,16.884,188.048
reviewer-1786003839-ac6dbf496170,16.896,541.224
data-analyst-1786003839-13a69601f465,16.918,421.914
deep-researcher-1786003839-c4c4ed46997d,16.943,100.281
wide-researcher-1786003839-0776db052501,16.951,546.298
reviewer-1786003839-e88d12d42a02,16.959,426.363
data-analyst-1786003839-6fefdc818b4f,16.981,313.222
deep-researcher-1786003839-116ca7829368,16.994,407.134
wide-researcher-1786003839-8da91e4cbd37,17.007,191.472
reviewer-1786003839-658d43a72484,17.019,416.613
data-analyst-1786003839-c907880e6339,17.045,497.436
deep-researcher-1786003839-1ba0a1f98ac5,17.067,201.620
wide-researcher-1786003839-86c1f9afcdf6,17.084,171.802
reviewer-1786003839-7c9e3d1cc219,17.093,400.195
data-analyst-1786003839-01831c91b891,17.118,686.543
deep-researcher-1786003839-82cd972c585e,17.132,100.231
wide-researcher-1786003839-0b11b7eeac77,17.141,301.013
reviewer-1786003839-d60fcfdd8f44,17.149,546.341
data-analyst-1786003839-38b7efdce7a2,17.176,327.573
deep-researcher-1786003839-d16d928e94de,17.194,291.884
wide-researcher-1786003839-9fcff783310b,17.206,545.429
reviewer-1786003839-15a6ddfaf0d3,17.215,411.606
data-analyst-1786003839-f39bfc4e5fb7,17.238,318.499
deep-researcher-1786003839-e250e4643cb3,17.246,639.286
wide-researcher-1786003839-ca590486d284,17.258,225.028
reviewer-1786003839-e2cc5ff35a94,17.267,628.276
data-analyst-1786003839-3d0fca31b054,17.296,292.755
deep-researcher-1786003839-5833f4af103c,17.308,283.620
wide-researcher-1786003839-9d3969d0ee11,17.321,296.569
reviewer-1786003839-1b6453b547dd,17.329,304.529
data-analyst-1786003839-c8f243ab54da,17.355,319.908
deep-researcher-1786003839-2231db4ab6d9,17.367,113.387
wide-researcher-1786003839-1687662a83e4,17.375,128.482
reviewer-1786003839-a3e46ba0b1b8,17.383,522.824
data-analyst-1786003839-38e869952c3b,17.409,524.766
deep-researcher-1786003839-0022d890ebde,17.426,403.247
wide-researcher-1786003839-5617a19e702f,17.438,132.660
reviewer-1786003839-748bdb368134,17.450,409.937
data-analyst-1786003839-303274f45cef,17.477,371.725
deep-researcher-1786003839-4c3cabab0ec6,17.490,567.023
wide-researcher-1786003839-da080303f8d8,17.511,303.207
reviewer-1786003839-83f8fbdf86d8,17.519,661.120
data-analyst-1786003839-02e3700692fa,17.545,633.500
deep-researcher-1786003839-d92db6674ca1,17.562,120.981
wide-researcher-1786003839-73eab5a64fe1,17.570,172.541
reviewer-1786003839-4ee861728543,17.587,284.539
data-analyst-1786003839-77e30430c0cd,17.608,287.173
deep-researcher-1786003839-27b45712adcd,17.621,548.007
wide-researcher-1786003839-1c1bb6ae805e,17.630,298.526
reviewer-1786003839-1059740edc86,17.646,659.415
data-analyst-1786003839-ce9043c02524,17.672,194.361
deep-researcher-1786003839-e832f7e2b3c0,17.686,197.549
wide-researcher-1786003839-b9b96256a7f4,17.699,290.281
reviewer-1786003839-eb3c17c7dca0,17.708,285.555
data-analyst-1786003839-9f0243030e15,17.731,286.182
deep-researcher-1786003839-c597e8300bf3,17.744,186.276
wide-researcher-1786003839-b1dc49d87eff,17.752,416.933
reviewer-1786003839-41b120c3bef1,17.765,301.356
data-analyst-1786003839-82781f23e0be,17.796,522.841
deep-researcher-1786003839-d53c471d53b2,17.804,114.312
wide-researcher-1786003839-4bcf1ba31bfb,17.817,112.424
reviewer-1786003839-fe8fd5486846,17.829,403.539
data-analyst-1786003839-e2178675186b,17.855,351.795
deep-researcher-1786003839-f1cdc1492497,17.863,616.547
wide-researcher-1786003840-dadb03bf4c18,17.875,113.875
reviewer-1786003840-6f487568deed,17.888,451.759
data-analyst-1786003840-72e632c35c2e,17.913,413.031
deep-researcher-1786003840-7369f30b3296,17.926,89.683
wide-researcher-1786003840-8bb01a6af712,17.945,190.560
reviewer-1786003840-9e619579fb8e,17.962,289.866
data-analyst-1786003840-f192884965fa,17.985,322.635
deep-researcher-1786003840-6412706ff7fa,18.008,215.181
wide-researcher-1786003840-360ad662d37f,18.033,189.297
reviewer-1786003840-323effe102cf,18.041,406.414
data-analyst-1786003840-4c897ef7830b,18.068,409.294
deep-researcher-1786003840-e47811ca9631,18.077,421.445
wide-researcher-1786003840-e5cc541336d1,18.094,114.087
reviewer-1786003840-fb27de9717ce,18.107,194.346
data-analyst-1786003840-7ff19bcf4804,18.139,287.399
deep-researcher-1786003840-6f47724803b5,18.147,112.184
wide-researcher-1786003840-828e5b7012c1,18.162,114.236
reviewer-1786003840-3a8f460ecac8,18.170,422.408
data-analyst-1786003840-fcf51d622438,18.200,424.106
deep-researcher-1786003840-85b630bc2312,18.213,188.528
wide-researcher-1786003840-6fa1d136e898,18.226,115.366
reviewer-1786003840-9dd4f29e4c84,18.238,536.955
data-analyst-1786003840-1182a6d08413,18.263,421.608
deep-researcher-1786003840-a1c400236232,18.276,542.373
wide-researcher-1786003840-c86c2e509a58,18.284,416.141
reviewer-1786003840-bd392b19cf72,18.293,537.196
data-analyst-1786003840-41f3543f3fcd,18.316,224.974
deep-researcher-1786003840-e0f80fa313f8,18.329,184.963
wide-researcher-1786003840-d9390d5393ad,18.341,185.340
reviewer-1786003840-d568902228e4,18.349,647.915
data-analyst-1786003840-67c5751c025e,18.374,319.952
deep-researcher-1786003840-e9d178eff810,18.391,411.341
wide-researcher-1786003840-f0ca59983c47,18.403,525.188
reviewer-1786003840-853107b629b3,18.411,536.138
data-analyst-1786003840-b0cb6846ded3,18.446,657.025
deep-researcher-1786003840-4c9f2abac73d,18.459,119.277
wide-researcher-1786003840-1474aa8d9332,18.467,189.165
reviewer-1786003840-e38d4aec4cbd,18.475,415.996
data-analyst-1786003840-012d0e8ad918,18.502,318.472
deep-researcher-1786003840-2c4c273b8496,18.519,363.865
wide-researcher-1786003840-e6821cb24b2b,18.531,311.461
reviewer-1786003840-2f6757fd5f9c,18.539,661.888
data-analyst-1786003840-c80370215c95,18.560,539.924
deep-researcher-1786003840-ba75efcedfb8,18.577,112.459
wide-researcher-1786003840-c756fa951bc7,18.590,92.226
reviewer-1786003840-9d4401018631,18.602,546.603
data-analyst-1786003840-0124092df68a,18.623,295.979
deep-researcher-1786003840-647461dd281b,18.635,120.658
wide-researcher-1786003840-e79b604a4194,18.644,114.011
reviewer-1786003840-9be8e4a2d878,18.652,406.271
data-analyst-1786003840-55a911a3ca4f,18.687,301.121
deep-researcher-1786003840-0660d0db776e,18.699,640.867
wide-researcher-1786003840-d63e47dd08cb,18.717,292.593
reviewer-1786003840-b46ef82005f2,18.725,418.121
data-analyst-1786003840-cb4cd1e36fb3,18.750,408.831
deep-researcher-1786003840-ae9cf1039100,18.763,103.207
wide-researcher-1786003840-c9032daa14b6,18.776,114.755
reviewer-1786003840-d51a971aea57,18.790,291.305
data-analyst-1786003840-7a318239a007,18.817,293.397
deep-researcher-1786003840-d09e30609fff,18.829,570.237
wide-researcher-1786003840-382a97e63e2f,18.841,115.168
reviewer-1786003840-741d91b38d9d,18.858,538.470
data-analyst-1786003841-7e237ad51d8c,18.880,293.009
deep-researcher-1786003841-195725831281,18.894,678.509
wide-researcher-1786003841-263397fa9053,18.914,301.606
reviewer-1786003841-643cd724a154,18.941,290.214
data-analyst-1786003841-e1d50e003341,18.966,292.204
deep-researcher-1786003841-0ed12462f711,18.975,286.459
wide-researcher-1786003841-c97a5d529098,18.992,189.282
reviewer-1786003841-80455c729fd6,19.004,420.897
data-analyst-1786003841-e43d9a616c51,19.029,293.471
deep-researcher-1786003841-78709923e7ed,19.038,91.282
wide-researcher-1786003841-af4658f5e77e,19.046,112.019
reviewer-1786003841-cb07a12774a9,19.058,404.073
data-analyst-1786003841-4992efb926c0,19.087,303.115
deep-researcher-1786003841-a4c4858a5bd2,19.100,103.932
wide-researcher-1786003841-bd5fc934a5eb,19.109,419.592
reviewer-1786003841-8736df2aa8de,19.122,301.209
data-analyst-1786003841-f8c014b1b0c0,19.144,352.788
deep-researcher-1786003841-912cc932fa9d,19.157,286.195
wide-researcher-1786003841-5f276ff832a7,19.166,91.987
reviewer-1786003841-4c3ae144eddd,19.180,284.250
data-analyst-1786003841-aa5753482dba,19.203,287.256
deep-researcher-1786003841-6046a9be7453,19.221,187.804
wide-researcher-1786003841-d528e87e43a2,19.243,192.439
reviewer-1786003841-1ac7cf35faf2,19.262,524.246
data-analyst-1786003841-b3cfb22cc5c1,19.285,669.926
deep-researcher-1786003841-52cf81a20238,19.303,143.032
wide-researcher-1786003841-509836f60fb7,19.316,115.041
reviewer-1786003841-3e7ed01c22e9,19.325,661.543
data-analyst-1786003841-8b864ca4b3c8,19.348,287.786
deep-researcher-1786003841-f66fadc6ca65,19.370,146.929
wide-researcher-1786003841-0b0f3b6121d9,19.379,186.818
reviewer-1786003841-c5244dd16715,19.401,640.738
data-analyst-1786003841-6abee1cc452a,19.437,359.531
deep-researcher-1786003841-1a7691e0828d,19.451,187.432
wide-researcher-1786003841-782bdca02a07,19.465,66.627
reviewer-1786003841-0d38de7fa537,19.478,422.978
data-analyst-1786003841-bd57c02559b4,19.513,412.872
deep-researcher-1786003841-370a7ec9b48b,19.525,123.267
wide-researcher-1786003841-4246ec8e5722,19.540,122.926
reviewer-1786003841-ef7f729a6316,19.554,412.171
data-analyst-1786003841-3b193ee8cab1,19.585,287.431
deep-researcher-1786003841-413c2ca4cae2,19.607,113.422
wide-researcher-1786003841-3a1d5cc50c2d,19.620,411.503
reviewer-1786003841-58deb44f4fd6,19.648,289.194
data-analyst-1786003841-6e2bc3388fd9,19.672,325.394
deep-researcher-1786003841-6e932d9ffe33,19.681,123.484
wide-researcher-1786003841-26443b55a01a,19.706,184.678
reviewer-1786003841-47dff510cdc7,19.719,407.217
data-analyst-1786003841-f912d790cbe7,19.742,291.233
deep-researcher-1786003841-35711e7bdeca,19.755,545.843
wide-researcher-1786003841-ea3e9cc26b7c,19.763,403.467
reviewer-1786003841-c9de2c549805,19.776,334.865
data-analyst-1786003841-6bde86ff3fd1,19.800,482.932
deep-researcher-1786003841-df7a2fabc610,19.813,284.116
wide-researcher-1786003841-f9defee0b9a3,19.826,314.587
reviewer-1786003841-7a6fffcbf9e3,19.838,284.213
data-analyst-1786003841-943248d3c457,19.864,291.218
deep-researcher-1786003842-5fa7c58a0609,19.873,292.507
wide-researcher-1786003842-b5c0d90aacc7,19.885,283.483
reviewer-1786003842-44af6d158848,19.897,418.529
data-analyst-1786003842-88280f5b6f83,19.919,529.440
deep-researcher-1786003842-7612eddeb353,19.946,132.626
wide-researcher-1786003842-d9bef49728ca,19.977,414.401
reviewer-1786003842-1cdb6bd30ff6,19.985,385.462
data-analyst-1786003842-3226606a9db8,20.021,646.278
deep-researcher-1786003842-cdd45aacd864,20.034,418.345
wide-researcher-1786003842-c209b6e62622,20.047,196.114
reviewer-1786003842-aedbb21f093b,20.055,554.957
data-analyst-1786003842-efe7e82c8986,20.080,391.884
deep-researcher-1786003842-823e23418913,20.104,184.511
wide-researcher-1786003842-01d927c3582b,20.117,112.221
reviewer-1786003842-bb9c459ce92f,20.125,656.447
data-analyst-1786003842-ec5ac64491f9,20.151,405.813
deep-researcher-1786003842-a91a2a96d9a8,20.164,185.756
wide-researcher-1786003842-db412457fd2f,20.191,284.072
reviewer-1786003842-4027e4d40d36,20.204,638.609
data-analyst-1786003842-7508661f3be8,20.227,427.042
deep-researcher-1786003842-8cf531f127e1,20.240,649.356
wide-researcher-1786003842-506996ee30e3,20.249,285.666
reviewer-1786003842-3c0e8c419304,20.263,368.904
data-analyst-1786003842-e7fa26330c6d,20.293,417.009
deep-researcher-1786003842-895ab63818d0,20.305,112.440
wide-researcher-1786003842-5b2e5876ebcb,20.313,284.999
reviewer-1786003842-b731cdd8486c,20.331,481.454
data-analyst-1786003842-bd701b5833bf,20.352,630.237
deep-researcher-1786003842-a11a48e0aff6,20.369,185.958
wide-researcher-1786003842-951f0a0d2463,20.377,112.788
reviewer-1786003842-d0b557400ccb,20.404,405.389
data-analyst-1786003842-8efb8cbba1bf,20.432,409.548
deep-researcher-1786003842-b25a200ee584,20.446,143.293
wide-researcher-1786003842-c7b132ce9a86,20.458,252.325
reviewer-1786003842-04a3c9273d97,20.476,410.529
data-analyst-1786003842-84d322efd29f,20.514,554.971
deep-researcher-1786003842-d539443d5aa0,20.528,186.322
wide-researcher-1786003842-bb9ac72bb8c6,20.541,94.279
reviewer-1786003842-46580aab3760,20.550,436.476
data-analyst-1786003842-d906315df85a,20.574,295.573
deep-researcher-1786003842-8c63fe5531c4,20.587,123.873
wide-researcher-1786003842-ffaf74915176,20.596,332.260
reviewer-1786003842-63a3e7264849,20.619,527.509
data-analyst-1786003842-b890b08cefe8,20.641,308.929
deep-researcher-1786003842-2637e689d24b,20.664,189.966
wide-researcher-1786003842-c7f8347d9812,20.673,116.109
reviewer-1786003842-6ccf92dda147,20.690,526.473
data-analyst-1786003842-c268999e0c9a,20.742,402.725
deep-researcher-1786003842-06a748c5c4df,20.755,487.977
wide-researcher-1786003842-7b6908737eed,20.767,89.200
reviewer-1786003842-b18532daefa7,20.781,283.829
data-analyst-1786003842-a007b473927d,20.812,294.210
deep-researcher-1786003842-7e8c04d851b3,20.832,475.022
wide-researcher-1786003842-fc16817b1d6e,20.846,192.155
reviewer-1786003842-738d716fee90,20.863,292.279
data-analyst-1786003843-a6d3bebcdb5e,20.886,402.306
deep-researcher-1786003843-0085c9b80dce,20.904,283.814
wide-researcher-1786003843-feaf3a8532d8,20.917,107.182
reviewer-1786003843-d64059c1cd01,20.925,407.196
data-analyst-1786003843-59a8f72c4da6,20.952,399.468
deep-researcher-1786003843-215a4b1236bd,20.965,68.580
wide-researcher-1786003843-6a002c44d796,20.982,185.785
reviewer-1786003843-5d65855e6f73,20.996,296.334
data-analyst-1786003843-6ecdb1904256,21.029,264.773
deep-researcher-1786003843-8a0166d62c4b,21.038,127.786
wide-researcher-1786003843-a84d9fc0c68c,21.051,113.017
reviewer-1786003843-e177b802cc03,21.068,535.221
data-analyst-1786003843-59ad8551ec22,21.094,544.155
deep-researcher-1786003843-cd129731dd26,21.112,301.686
wide-researcher-1786003843-d4b1fa3530f4,21.124,100.217
reviewer-1786003843-d80c8195adcd,21.138,421.143
data-analyst-1786003843-8c85a31bec47,21.164,238.807
deep-researcher-1786003843-23e73e15aa38,21.176,436.298
wide-researcher-1786003843-cf091f6fbd9c,21.192,414.801
reviewer-1786003843-92b235109b94,21.200,414.110
data-analyst-1786003843-5686afc530a7,21.229,327.093
deep-researcher-1786003843-476e07e4b77c,21.237,634.909
wide-researcher-1786003843-4671ab10fe37,21.255,184.616
reviewer-1786003843-862f1d7124b0,21.268,419.513
data-analyst-1786003843-1d0332df7b26,21.294,403.179
deep-researcher-1786003843-dec80d5c0c8f,21.321,409.584
wide-researcher-1786003843-50db651b638b,21.347,111.887
reviewer-1786003843-60e47f33342b,21.355,341.932
data-analyst-1786003843-509aed740a93,21.382,417.842
deep-researcher-1786003843-57935ad71f84,21.404,271.309
wide-researcher-1786003843-f7e50701aa12,21.412,194.662
reviewer-1786003843-a98523965670,21.429,656.035
data-analyst-1786003843-b21382b41024,21.456,415.379
deep-researcher-1786003843-dc5415a1888b,21.469,120.309
wide-researcher-1786003843-9ca13b54016a,21.481,187.373
reviewer-1786003843-c1623a173c74,21.490,510.822
data-analyst-1786003843-3bff9efe79d1,21.511,532.085
deep-researcher-1786003843-78807a90fbd9,21.533,423.133
wide-researcher-1786003843-ffc8737ae38f,21.546,552.126
reviewer-1786003843-3ae0872208bf,21.559,530.941
data-analyst-1786003843-e58491643b5f,21.587,413.210
deep-researcher-1786003843-591c7cd293ff,21.605,187.013
wide-researcher-1786003843-a39c22447489,21.622,289.675
reviewer-1786003843-b946c3d14862,21.635,534.520
data-analyst-1786003843-110c1a09b4b9,21.664,533.737
deep-researcher-1786003843-77abb4ca0e4e,21.698,130.286
wide-researcher-1786003843-f94e995c4f88,21.707,544.394
reviewer-1786003843-f73d2f204a56,21.721,409.324
data-analyst-1786003843-83e9e4526989,21.746,294.087
deep-researcher-1786003843-0dfc503baf86,21.759,115.085
wide-researcher-1786003843-8e210cef5b3d,21.778,241.769
reviewer-1786003843-6d019634b27c,21.787,627.760
data-analyst-1786003843-3423bbb4516a,21.810,626.055
deep-researcher-1786003843-109008100011,21.823,188.171
wide-researcher-1786003843-5a792433fae9,21.842,112.807
reviewer-1786003843-21d107003e99,21.861,298.374
data-analyst-1786003843-4701e28760fb,21.887,543.825
deep-researcher-1786003844-29345f2ead2a,21.901,428.757
wide-researcher-1786003844-aff372942e0f,21.915,202.050
reviewer-1786003844-aed47ddbc0dd,21.924,407.717
data-analyst-1786003844-26453731071d,21.947,415.931
deep-researcher-1786003844-efe37b7b972b,21.966,189.267
wide-researcher-1786003844-a4f1020ee96e,21.991,188.797
reviewer-1786003844-2b65f9854587,22.000,406.856
data-analyst-1786003844-ebb74f1ba332,22.023,419.775
deep-researcher-1786003844-62465a8fd118,22.035,114.533
wide-researcher-1786003844-af7e756ff45d,22.053,531.178
reviewer-1786003844-9edd9b339f0e,22.061,454.204
data-analyst-1786003844-a501576d78ed,22.086,404.308
deep-researcher-1786003844-31b5bf991bcf,22.099,285.267
wide-researcher-1786003844-da72346d52bd,22.117,121.200
reviewer-1786003844-af9ac62654c9,22.131,663.608
data-analyst-1786003844-3eca3377265a,22.154,530.660
deep-researcher-1786003844-8a0633ff2a33,22.167,187.575
wide-researcher-1786003844-264494931da4,22.175,202.256
reviewer-1786003844-7881862b3dce,22.188,607.567
data-analyst-1786003844-249d1bb780cb,22.213,298.463
deep-researcher-1786003844-5fd37919c929,22.247,98.295
wide-researcher-1786003844-ae1d52e2528b,22.260,399.296
reviewer-1786003844-da1d25e97749,22.286,547.918
data-analyst-1786003844-c5fc147309c8,22.308,409.667
deep-researcher-1786003844-be5d6733834d,22.325,114.058
wide-researcher-1786003844-ad6f397921f1,22.341,536.028
reviewer-1786003844-537ea759019a,22.363,587.067
data-analyst-1786003844-65d7b125a254,22.425,421.022
deep-researcher-1786003844-896426b2c6b5,22.438,188.215
wide-researcher-1786003844-fdeeb798e670,22.446,420.196
reviewer-1786003844-9ff0f15c1233,22.469,404.412
data-analyst-1786003844-e09c14c086ea,22.494,622.242
deep-researcher-1786003844-3ee6e1f2f4a9,22.502,665.835
wide-researcher-1786003844-d7ac2dbf98d9,22.510,115.244
reviewer-1786003844-2e8190897ec0,22.530,325.704
data-analyst-1786003844-c12a5ff6c854,22.551,527.958
deep-researcher-1786003844-bfb8889b1166,22.574,70.439
wide-researcher-1786003844-0a325f5711c9,22.587,520.424
reviewer-1786003844-e7d631f07da4,22.595,469.749
data-analyst-1786003844-75056d0f8a78,22.621,411.125
deep-researcher-1786003844-f46ae85c8d13,22.648,531.613
wide-researcher-1786003844-35b9d009dd0c,22.656,444.479
reviewer-1786003844-ec968e3638f7,22.673,483.877
data-analyst-1786003844-a99b8a430744,22.698,420.180
deep-researcher-1786003844-cfcf4af88573,22.711,426.115
wide-researcher-1786003844-6feab2686b66,22.728,251.539
reviewer-1786003844-c7c320558183,22.740,407.037
data-analyst-1786003844-01545b046d58,22.772,298.136
deep-researcher-1786003844-27daadfeecc1,22.788,150.340
wide-researcher-1786003844-353b5ea5a8ca,22.809,120.428
reviewer-1786003844-c9aa16d6e136,22.829,499.062
data-analyst-1786003844-a590a7bfd4d2,22.858,426.254
deep-researcher-1786003844-64c525bb5989,22.866,287.966
wide-researcher-1786003844-0437b3a9e00a,22.875,155.160
reviewer-1786003845-60b21c55c6fd,22.897,662.058
data-analyst-1786003845-564206ac9018,22.926,302.228
deep-researcher-1786003845-b7586d681571,22.938,306.117
wide-researcher-1786003845-2e8210b89c78,22.950,450.491
reviewer-1786003845-f0bfd64c6041,22.967,302.977
data-analyst-1786003845-83a1fe161ed5,22.992,640.462
deep-researcher-1786003845-b97f5c44f422,23.005,522.414
wide-researcher-1786003845-dc4f61ecc524,23.013,361.234
reviewer-1786003845-d4e224a06ecd,23.021,534.269
data-analyst-1786003845-ce405bd4c28e,23.046,543.442
deep-researcher-1786003845-ad66e980ddb3,23.059,187.332
wide-researcher-1786003845-9e2e67e2f9e8,23.072,301.782
reviewer-1786003845-957c607b9e82,23.080,548.476
data-analyst-1786003845-7185c657a919,23.116,296.623
deep-researcher-1786003845-3fb4c919c8ac,23.136,436.505
wide-researcher-1786003845-8c303833458c,23.153,288.394
reviewer-1786003845-1daaef6ff4ad,23.161,305.956
data-analyst-1786003845-105d3c841372,23.187,375.840
deep-researcher-1786003845-e10b25be2a57,23.218,296.299
wide-researcher-1786003845-f561ebd57570,23.231,152.906
reviewer-1786003845-6cea6892e545,23.243,520.517
data-analyst-1786003845-16f05efd7a3c,23.265,472.768
deep-researcher-1786003845-e7796608f36c,23.282,346.811
wide-researcher-1786003845-7a01b9bac8e7,23.290,185.252
reviewer-1786003845-d882183f3869,23.303,400.433
data-analyst-1786003845-fc08ae9e9c03,23.328,398.457
deep-researcher-1786003845-02fc3b3c2ed6,23.341,149.959
wide-researcher-1786003845-6456ecff75e6,23.358,188.719
reviewer-1786003845-85c1003b1da5,23.371,590.117
data-analyst-1786003845-222a6123721e,23.397,313.261
deep-researcher-1786003845-52291d3575a4,23.435,114.785
wide-researcher-1786003845-153c099d6de2,23.465,123.023
reviewer-1786003845-25bddb34a930,23.495,526.804
data-analyst-1786003845-ddfbeb5de999,23.520,348.604
deep-researcher-1786003845-41f901511091,23.537,270.353
wide-researcher-1786003845-bbad30ee1c5f,23.549,668.372
reviewer-1786003845-a6f312a6bcee,23.561,646.961
data-analyst-1786003845-6d5b812d91ea,23.583,418.652
deep-researcher-1786003845-6d0ce39eb30b,23.604,75.774
wide-researcher-1786003845-e5c4393ea942,23.625,113.576
reviewer-1786003845-0b411f824233,23.639,674.904
data-analyst-1786003845-3a208c547504,23.660,418.737
deep-researcher-1786003845-37f666e71c1b,23.677,295.586
wide-researcher-1786003845-b5ddb94e09d8,23.685,404.519
reviewer-1786003845-2873982d7c48,23.693,414.570
data-analyst-1786003845-664ea1f7f6d1,23.723,406.681
deep-researcher-1786003845-22346c684da7,23.740,419.943
wide-researcher-1786003845-fc0ae807efaa,23.764,114.899
reviewer-1786003845-1454c224e0c2,23.785,294.225
data-analyst-1786003845-c0ee7543848c,23.832,409.048
deep-researcher-1786003845-29fa9b1632ae,23.863,192.763
wide-researcher-1786003845-2c0e75aa90cd,23.880,297.485
reviewer-1786003845-e414179f99bd,23.888,404.629
data-analyst-1786003846-7edf42e406dc,23.909,405.967
deep-researcher-1786003846-23a7daa71c9a,23.935,299.994
wide-researcher-1786003846-3a0d39261752,23.943,187.193
reviewer-1786003846-7f24a572f725,23.951,346.827
data-analyst-1786003846-04e73618ca8a,23.986,432.399
deep-researcher-1786003846-b1a057368dad,23.994,634.279
wide-researcher-1786003846-62543071e305,24.016,185.011
reviewer-1786003846-29d1eec51cb6,24.033,654.784
data-analyst-1786003846-0e4bee41ac3c,24.066,445.233
deep-researcher-1786003846-54bd9299f123,24.079,184.544
wide-researcher-1786003846-66c07b43c411,24.092,296.666
reviewer-1786003846-428965392baa,24.104,532.016
data-analyst-1786003846-f1cc2d93acb2,24.129,530.391
deep-researcher-1786003846-0f88dc3ec855,24.156,121.612
wide-researcher-1786003846-ec52623048ee,24.174,284.756
reviewer-1786003846-573b1b31e9f9,24.208,524.720
data-analyst-1786003846-0ff24094ca28,24.253,295.680
deep-researcher-1786003846-168eb9105f51,24.266,218.553
wide-researcher-1786003846-96de7ae39c15,24.283,299.367
reviewer-1786003846-96db4527feff,24.304,287.908
data-analyst-1786003846-d9101b291849,24.335,424.358
deep-researcher-1786003846-5426fe1ca24d,24.343,252.295
wide-researcher-1786003846-f94755761f74,24.359,186.031
reviewer-1786003846-884c764904a1,24.372,402.179
data-analyst-1786003846-54bf93e132d4,24.407,291.733
deep-researcher-1786003846-01be06e28cae,24.415,547.733
wide-researcher-1786003846-091d82c087dd,24.423,137.239
reviewer-1786003846-af3a5421b043,24.440,530.572
data-analyst-1786003846-18d9ee490943,24.478,643.850
deep-researcher-1786003846-0b66e0e11a0a,24.495,176.090
wide-researcher-1786003846-e265ffba68a1,24.511,465.029
reviewer-1786003846-1c7c7b4d0c5d,24.519,317.492
data-analyst-1786003846-ee65b08761f1,24.548,193.169
deep-researcher-1786003846-53d2cc65671f,24.565,114.709
wide-researcher-1786003846-83d082eba001,24.577,191.457
reviewer-1786003846-552e2193c3a1,24.597,376.327
data-analyst-1786003846-8c2f0c3405bd,24.628,299.211
deep-researcher-1786003846-f663f32e361b,24.640,407.352
wide-researcher-1786003846-4060bc34974b,24.652,157.181
reviewer-1786003846-9004aa9b91a8,24.664,529.335
data-analyst-1786003846-249d31032cad,24.686,362.634
deep-researcher-1786003846-f6aaed45233e,24.699,70.130
wide-researcher-1786003846-7cc933434732,24.716,190.947
reviewer-1786003846-78829abc0742,24.742,293.948
data-analyst-1786003846-359f17a5214c,24.763,295.024
deep-researcher-1786003846-b3d46b8a99f7,24.796,544.822
wide-researcher-1786003846-d642d2d9b0f3,24.804,302.474
reviewer-1786003846-1d5c0203662e,24.813,542.816
data-analyst-1786003846-db2575c21a84,24.846,318.486
deep-researcher-1786003846-c603ae7b1214,24.868,152.921
wide-researcher-1786003846-e792d9576f52,24.885,112.874
reviewer-1786003847-4e0f17d4bc73,24.893,294.438
data-analyst-1786003847-62fd54cf7c31,24.919,411.171
deep-researcher-1786003847-21b9bb27f6f2,24.940,290.937
wide-researcher-1786003847-57939231e4c1,24.952,398.664
reviewer-1786003847-ce96280a9c7a,24.968,422.876
data-analyst-1786003847-f1feaee7c631,24.998,295.382
deep-researcher-1786003847-0493831ab9a8,25.014,213.596
wide-researcher-1786003847-96074dc8da74,25.035,139.898
reviewer-1786003847-3f3dbcb4a6bc,25.047,651.053
data-analyst-1786003847-3128c7ee2140,25.078,401.274
deep-researcher-1786003847-8ede379f2576,25.091,569.201
wide-researcher-1786003847-f2d2947b7f6f,25.110,192.691
reviewer-1786003847-b0d90d490753,25.145,614.635
data-analyst-1786003847-b72b9b09df81,25.189,322.676
deep-researcher-1786003847-9af2051ddbe6,25.203,113.437
wide-researcher-1786003847-603514fe1cf9,25.213,112.237
reviewer-1786003847-06e8dabfad0a,25.253,629.031
data-analyst-1786003847-371ad95aa2bf,25.279,289.721
deep-researcher-1786003847-3f622fc1df99,25.292,521.816
wide-researcher-1786003847-97d5d1e8ead0,25.304,410.176
reviewer-1786003847-c13e928e480d,25.330,384.145
data-analyst-1786003847-5c1a056e1e88,25.360,650.661
deep-researcher-1786003847-76b665a15f37,25.377,285.252
wide-researcher-1786003847-2c6c718be073,25.392,143.322
reviewer-1786003847-ede2512e884e,25.404,295.826
data-analyst-1786003847-6eeddcedf06f,25.440,300.508
deep-researcher-1786003847-bfd21fd8738e,25.448,301.194
wide-researcher-1786003847-4cfd7aed601c,25.460,290.703
reviewer-1786003847-e5945b4e0df8,25.472,298.733
data-analyst-1786003847-e99d44b3fb4a,25.497,376.487
deep-researcher-1786003847-3093ab56e65e,25.505,556.174
wide-researcher-1786003847-ed9ec81d3962,25.525,526.530
reviewer-1786003847-863527394185,25.546,422.780
data-analyst-1786003847-1baa191a1099,25.580,358.184
deep-researcher-1786003847-33370844118e,25.596,123.007
wide-researcher-1786003847-40f694cbf68e,25.613,402.210
reviewer-1786003847-3b812f6b13e4,25.621,640.499
data-analyst-1786003847-d072dd3008cf,25.654,597.925
deep-researcher-1786003847-8f504791f339,25.672,641.345
wide-researcher-1786003847-d151fd31685c,25.685,132.210
reviewer-1786003847-ced719672709,25.697,636.493
data-analyst-1786003847-284984d93d27,25.726,296.746
deep-researcher-1786003847-d67695af1b26,25.734,161.251
wide-researcher-1786003847-63f010799428,25.760,523.273
reviewer-1786003847-b00ac3e1f7d8,25.772,410.640
data-analyst-1786003847-ec72611a177e,25.802,302.911
deep-researcher-1786003847-788d28ffbad5,25.823,127.769
wide-researcher-1786003847-3c77c254eee4,25.839,188.546
reviewer-1786003847-92c3b1d7bfa7,25.852,298.553
data-analyst-1786003847-9e61fd96bf13,25.878,562.810
deep-researcher-1786003848-ec017ff54dbb,25.890,639.891
wide-researcher-1786003848-0a03ac66ee25,25.912,186.625
reviewer-1786003848-08742c276e8b,25.925,645.698
data-analyst-1786003848-c743da3a4f73,25.952,419.977
deep-researcher-1786003848-9c57d7f5ee99,25.964,187.163
wide-researcher-1786003848-7bdf47b77ddf,25.988,406.431
reviewer-1786003848-5d8d471a0dc6,26.005,662.672
data-analyst-1786003848-40c252179de7,26.034,260.380
deep-researcher-1786003848-f6279bf90cfc,26.042,132.039
wide-researcher-1786003848-b64cbb6cbf58,26.054,420.469
reviewer-1786003848-efdb3677ea5e,26.062,559.483
data-analyst-1786003848-488df722c086,26.100,302.574
deep-researcher-1786003848-eeba56fe0d60,26.112,537.092
wide-researcher-1786003848-71215ae5aa87,26.120,524.863
reviewer-1786003848-858dd65eea90,26.132,664.216
data-analyst-1786003848-9ed2fc28f0c6,26.166,406.713
deep-researcher-1786003848-6c56e2be5ce2,26.182,115.071
wide-researcher-1786003848-041e0ad5caca,26.190,307.587
reviewer-1786003848-448437b75605,26.224,580.043
data-analyst-1786003848-1989214df42a,26.259,399.382
deep-researcher-1786003848-0bf33b1e768b,26.267,112.393
wide-researcher-1786003848-32e0108a433b,26.284,291.018
reviewer-1786003848-13f73148c6cb,26.296,631.357
data-analyst-1786003848-3f61a7ea8316,26.322,408.659
deep-researcher-1786003848-eab18c75fc75,26.340,525.762
wide-researcher-1786003848-0d9b306be57b,26.374,433.576
reviewer-1786003848-6f746cd6f18d,26.386,421.958
data-analyst-1786003848-47ec5079f240,26.407,419.062
deep-researcher-1786003848-637e59f87aea,26.415,538.513
wide-researcher-1786003848-5cf413e99bfa,26.449,263.500
reviewer-1786003848-7e3c80507302,26.458,641.734
data-analyst-1786003848-de8f893dd7c6,26.487,301.432
deep-researcher-1786003848-1edeabbdb8f2,26.540,267.036
wide-researcher-1786003848-3a0e31ea5561,26.560,298.705
reviewer-1786003848-1c9dc372733c,26.590,668.593
data-analyst-1786003848-4449b864938a,26.631,288.734
deep-researcher-1786003848-3c7f9c589812,26.652,112.135
wide-researcher-1786003848-7ba88a32dc72,26.664,224.990
reviewer-1786003848-4850155c2ede,26.694,535.254
data-analyst-1786003848-6d7ff0cda0ef,26.715,419.689
deep-researcher-1786003848-e07be757587a,26.723,185.914
wide-researcher-1786003848-2764ed88c4e2,26.743,114.572
reviewer-1786003848-1ac2ac280879,26.755,420.387
data-analyst-1786003848-778f48c6b912,26.781,332.910
deep-researcher-1786003848-7eb762cb59a0,26.803,189.667
wide-researcher-1786003848-84a573f3cd4f,26.842,414.031
reviewer-1786003848-1f20ba858fdc,26.855,289.022
data-analyst-1786003848-d5ed8ab906f8,26.883,322.420
deep-researcher-1786003848-4ed1dea6896c,26.904,112.721
wide-researcher-1786003849-9e2b8f4c43b3,26.916,113.704
reviewer-1786003849-d5986015408a,26.924,434.973
data-analyst-1786003849-baba28601756,26.954,448.221
deep-researcher-1786003849-02fa2ab59215,26.966,189.199
wide-researcher-1786003849-dd85b3eea9ea,26.974,113.234
reviewer-1786003849-bfd2f5fabc0e,26.987,529.382
data-analyst-1786003849-6c3d652a2144,27.014,664.507
deep-researcher-1786003849-bc435bf8017a,27.031,116.249
wide-researcher-1786003849-707525a810bb,27.040,300.640
reviewer-1786003849-16424b66cafa,27.056,635.047
data-analyst-1786003849-df9e52635b27,27.100,421.716
deep-researcher-1786003849-e689a1e1cf8a,27.131,188.781
wide-researcher-1786003849-a4dcd94cc049,27.144,281.146
reviewer-1786003849-c440b525f8a3,27.166,642.377
data-analyst-1786003849-3bcc5946ce1c,27.209,216.846
deep-researcher-1786003849-0fd0374f5701,27.234,489.456
wide-researcher-1786003849-7a396ba2321e,27.242,286.557
reviewer-1786003849-62bee6ef1dcf,27.264,522.701
data-analyst-1786003849-0c9aa680ea2f,27.290,520.563
deep-researcher-1786003849-66210bd79fe3,27.311,96.767
wide-researcher-1786003849-77b36728248f,27.329,187.711
reviewer-1786003849-ef8ce6232fe8,27.347,427.829
data-analyst-1786003849-690388d47f74,27.377,414.338
deep-researcher-1786003849-11245d42fe24,27.395,113.220
wide-researcher-1786003849-6ad1cfb2f123,27.407,193.517
reviewer-1786003849-18b142bfb56c,27.425,398.781
data-analyst-1786003849-6557e98794fa,27.446,311.108
deep-researcher-1786003849-56e7d8e51dd9,27.464,115.026
wide-researcher-1786003849-f770f0eec6ea,27.476,284.443
reviewer-1786003849-f6f394605637,27.500,629.184
data-analyst-1786003849-d411d3fbee1e,27.525,645.727
deep-researcher-1786003849-7b98f3b8e0c4,27.542,148.792
wide-researcher-1786003849-38bc43394360,27.551,295.171
reviewer-1786003849-9472bcb29891,27.572,452.683
data-analyst-1786003849-5e9778523b7a,27.594,391.551
deep-researcher-1786003849-8704d26dfecd,27.613,522.785
wide-researcher-1786003849-bd7715f9d479,27.625,535.653
reviewer-1786003849-a6f804aa4769,27.642,630.954
data-analyst-1786003849-69c4a9347f24,27.678,426.159
deep-researcher-1786003849-dae79caa8208,27.690,193.100
wide-researcher-1786003849-4a54ef152992,27.702,405.156
reviewer-1786003849-0eacae1b3ec6,27.740,420.661
data-analyst-1786003849-184177617682,27.771,542.744
deep-researcher-1786003849-fbc16fb515b5,27.788,130.410
wide-researcher-1786003849-cb70057a0f52,27.813,284.942
reviewer-1786003849-34bfd52c9b5b,27.826,664.083
data-analyst-1786003849-dda5577981a4,27.867,541.512
deep-researcher-1786003849-98fd8ad0d60c,27.885,255.593
wide-researcher-1786003850-4524d1c147b7,27.898,194.381
reviewer-1786003850-37031b64e460,27.911,434.536
data-analyst-1786003850-4ea9204f4b32,27.950,291.853
deep-researcher-1786003850-8571f6563c9b,27.964,187.391
wide-researcher-1786003850-b3d7a1ad8a08,27.972,221.782
reviewer-1786003850-1bd51d55d318,27.988,404.458
data-analyst-1786003850-4c1bc0eca392,28.055,522.745
deep-researcher-1786003850-a2ab6eea9553,28.072,335.701
wide-researcher-1786003850-cdc1eb603320,28.088,127.295
reviewer-1786003850-ff3410302e94,28.096,195.957
data-analyst-1786003850-b232a314fe0c,28.139,421.653
deep-researcher-1786003850-fff908c61271,28.164,113.658
wide-researcher-1786003850-adae3e5cc5d5,28.197,425.223
reviewer-1786003850-76486f933786,28.205,299.109
data-analyst-1786003850-5cccfd0fc7f4,28.235,290.229
deep-researcher-1786003850-5b4ad7590701,28.269,188.929
wide-researcher-1786003850-71d6f93e4dd5,28.281,290.430
reviewer-1786003850-2e9fdb99007c,28.308,652.282
data-analyst-1786003850-b49afac69b3a,28.347,410.156
deep-researcher-1786003850-b35f0917145b,28.368,299.139
wide-researcher-1786003850-377bd1b4e722,28.376,427.087
reviewer-1786003850-4e06aeaae554,28.394,654.107
data-analyst-1786003850-80a68c7ab476,28.425,435.191
deep-researcher-1786003850-a57021a926e6,28.438,127.231
wide-researcher-1786003850-cecc71f1f16f,28.451,406.645
reviewer-1786003850-137667790629,28.463,398.505
data-analyst-1786003850-251521f9f018,28.496,450.473
deep-researcher-1786003850-027cfff72f9c,28.505,285.361
wide-researcher-1786003850-0e20469a6f5e,28.543,132.642
reviewer-1786003850-b46d25a3ee8e,28.555,638.845
data-analyst-1786003850-b34f95352d7c,28.580,524.142
deep-researcher-1786003850-e2f8dc437530,28.613,542.659
wide-researcher-1786003850-96c21a560482,28.638,185.326
reviewer-1786003850-8e0d03228870,28.647,670.937
data-analyst-1786003850-bd48658b89e2,28.676,543.879
deep-researcher-1786003850-17896570b93d,28.689,247.264
wide-researcher-1786003850-d572ea21af22,28.712,113.101
reviewer-1786003850-626dfe689cce,28.729,522.051
data-analyst-1786003850-4ec06d3b8516,28.760,368.762
deep-researcher-1786003850-87abe8a2c70e,28.772,652.486
wide-researcher-1786003850-ddcd9c93a931,28.785,538.179
reviewer-1786003850-a1c12cef1f7b,28.797,441.228
data-analyst-1786003850-dd031ab67801,28.827,414.091
deep-researcher-1786003850-4b5acc2dcb6b,28.844,283.606
wide-researcher-1786003850-e81b0239b0b6,28.857,405.684
reviewer-1786003850-21c3128785a6,28.870,455.370
data-analyst-1786003851-74f4be7d884b,28.896,301.254
deep-researcher-1786003851-8ee2e22952d5,28.908,638.346
wide-researcher-1786003851-c2cd287899a1,28.924,406.594
reviewer-1786003851-ab1709601571,28.936,532.302
data-analyst-1786003851-e732567907f6,28.969,348.576
deep-researcher-1786003851-eaeaacfd9130,28.981,205.652
wide-researcher-1786003851-8e77f7a2738d,29.003,129.267
reviewer-1786003851-4c1cd87c2b98,29.020,299.874
data-analyst-1786003851-9478288414ac,29.051,418.358
deep-researcher-1786003851-87c687fe4d04,29.059,189.892
wide-researcher-1786003851-df52ff5d6ba8,29.075,102.303
reviewer-1786003851-e34c02c2bab0,29.093,661.049
data-analyst-1786003851-2e42b4656358,29.119,685.754
deep-researcher-1786003851-536dbf97882d,29.131,193.215
wide-researcher-1786003851-69d8af479243,29.139,115.417
reviewer-1786003851-058f531b634c,29.156,633.037
data-analyst-1786003851-14686b098f85,29.180,426.619
deep-researcher-1786003851-6a7f297407d2,29.207,122.449
wide-researcher-1786003851-979a93d1725a,29.219,409.768
reviewer-1786003851-cb2860da1481,29.242,665.509
data-analyst-1786003851-3f588a7a2546,29.287,398.627
deep-researcher-1786003851-0e14ae8fd3db,29.322,274.970
wide-researcher-1786003851-5efdc9f932d9,29.334,148.145
reviewer-1786003851-f197cfe8141d,29.347,531.746
data-analyst-1786003851-cbc221b21000,29.374,201.089
deep-researcher-1786003851-39396966038d,29.403,432.627
wide-researcher-1786003851-4fa36b52378a,29.424,289.787
reviewer-1786003851-2a9de28ee8cd,29.436,426.300
data-analyst-1786003851-0f4a1a4234c4,29.471,430.984
deep-researcher-1786003851-98f7060dc27b,29.483,113.481
wide-researcher-1786003851-92bcc0cb8243,29.495,114.994
reviewer-1786003851-4acf06243a14,29.503,524.593
data-analyst-1786003851-cb0c9c676952,29.538,298.885
deep-researcher-1786003851-98c8f8083fbf,29.564,598.110
wide-researcher-1786003851-9aa274ca90ba,29.580,605.749
reviewer-1786003851-8f670f626bac,29.606,529.322
data-analyst-1786003851-326f2e5f182b,29.669,292.442
deep-researcher-1786003851-ba8c6b78ba47,29.681,191.515
wide-researcher-1786003851-f6e057db9f8f,29.702,206.844
reviewer-1786003851-53d1d143a1c2,29.715,531.221
data-analyst-1786003851-0fe5603169ff,29.748,285.378
deep-researcher-1786003851-816f6d725e2b,29.769,294.405
wide-researcher-1786003851-f37869560ebf,29.782,424.275
reviewer-1786003851-5f9fa1f640cb,29.794,668.053
data-analyst-1786003851-e93ac05aefe4,29.823,680.829
deep-researcher-1786003851-a11150c0168b,29.839,190.839
wide-researcher-1786003851-9cd58346ce1e,29.865,188.962
reviewer-1786003851-2354428dc49d,29.878,407.004
data-analyst-1786003852-e011341b1ddf,29.912,303.177
deep-researcher-1786003852-ad2de800c419,29.938,185.476
wide-researcher-1786003852-dd06d7d2d174,29.950,194.858
reviewer-1786003852-70f5fe5897e5,29.962,641.330
data-analyst-1786003852-ec54103d1e08,29.997,607.818
deep-researcher-1786003852-8d66b73aeeaa,30.009,657.239
wide-researcher-1786003852-deb73687e72b,30.017,433.213
reviewer-1786003852-7f86a3dbed43,30.048,465.540
data-analyst-1786003852-713b97ddeacc,30.079,650.240
deep-researcher-1786003852-370255dd3c1b,30.092,114.389
wide-researcher-1786003852-acaf82acd0a9,30.122,533.392
reviewer-1786003852-e8e352a908c5,30.145,418.135
data-analyst-1786003852-895af96ca122,30.169,608.954
deep-researcher-1786003852-dd3f75b0d155,30.181,537.615
wide-researcher-1786003852-3f8de9aa3c6c,30.199,404.243
reviewer-1786003852-4bc4f739768a,30.243,535.396
data-analyst-1786003852-0c6f9ffe9b5e,30.270,299.244
deep-researcher-1786003852-91d20c0741f0,30.286,194.151
wide-researcher-1786003852-5714bdec5f49,30.317,221.438
reviewer-1786003852-00556d76d120,30.329,291.204
data-analyst-1786003852-7dcb2bd613da,30.372,413.874
deep-researcher-1786003852-bd5e1c02fbef,30.385,114.819
wide-researcher-1786003852-57bc0722d0e2,30.407,112.597
reviewer-1786003852-966e53d17924,30.428,559.775
data-analyst-1786003852-c0c7161ea17a,30.458,410.696
deep-researcher-1786003852-98e50f01ae19,30.475,114.834
wide-researcher-1786003852-edd0312a6ee4,30.493,453.456
reviewer-1786003852-29cd586008ce,30.519,441.213
data-analyst-1786003852-7456d9611abc,30.542,291.278
deep-researcher-1786003852-0fee6e2d6e4e,30.569,283.900
wide-researcher-1786003852-ec4a6339e217,30.581,287.751
reviewer-1786003852-8a4949f08609,30.605,521.833
data-analyst-1786003852-fa1348720886,30.639,474.630
deep-researcher-1786003852-9c82f68656eb,30.671,541.038
wide-researcher-1786003852-316d6c2d0a20,30.698,420.242
reviewer-1786003852-30199231eae7,30.724,413.392
data-analyst-1786003852-f09566bea0be,30.749,534.255
deep-researcher-1786003852-cbbaf3f7e145,30.761,187.591
wide-researcher-1786003852-ddf9ce3f244f,30.782,189.343
reviewer-1786003852-5c2e3cf9ee35,30.799,543.415
data-analyst-1786003852-39a204186471,30.833,653.753
deep-researcher-1786003852-e711d4512f72,30.845,529.863
wide-researcher-1786003852-e955cc955647,30.857,199.032
reviewer-1786003852-515b6d0e287f,30.871,420.138
data-analyst-1786003853-b3446ef6e91b,30.914,412.123
deep-researcher-1786003853-ba08412c5cf0,30.935,117.973
wide-researcher-1786003853-0ba9a5561c3f,30.944,130.899
reviewer-1786003853-8c626d9c5771,30.965,400.666
data-analyst-1786003853-a57b327949d0,30.991,533.642
deep-researcher-1786003853-54a7deff7fb7,31.003,591.335
wide-researcher-1786003853-1dcafc4b3e1b,31.019,522.129
reviewer-1786003853-78573e9b1e98,31.036,658.404
data-analyst-1786003853-6c4f58100b1d,31.116,468.027
deep-researcher-1786003853-8e0ba156de3d,31.128,187.132
wide-researcher-1786003853-8b34afa9de78,31.178,540.144
reviewer-1786003853-ba25ef0aad6f,31.187,528.662
data-analyst-1786003853-185f87d650bd,31.216,637.334
deep-researcher-1786003853-25ab8dbac21b,31.238,168.879
wide-researcher-1786003853-c38c2a193412,31.250,176.315
reviewer-1786003853-49f28b00c047,31.267,611.424
data-analyst-1786003853-b5613be7d072,31.296,411.156
deep-researcher-1786003853-590ee52a5601,31.310,122.895
wide-researcher-1786003853-15f5156c3368,31.323,277.488
reviewer-1786003853-dc96ba0d86db,31.335,404.430
data-analyst-1786003853-a3ca63a8f41e,31.383,299.003
deep-researcher-1786003853-f67131566a29,31.445,230.643
wide-researcher-1786003853-aa7618eae258,31.458,252.280
reviewer-1786003853-21f7eb306c66,31.476,643.191
data-analyst-1786003853-4e3b54f8b33b,31.508,524.421
deep-researcher-1786003853-d07f50388175,31.522,104.614
wide-researcher-1786003853-4d27331c0daf,31.535,171.059
reviewer-1786003853-5be392e6f295,31.558,522.114
data-analyst-1786003853-979f13508a51,31.586,589.206
deep-researcher-1786003853-88ea3dae98ab,31.629,113.467
wide-researcher-1786003853-0602932c6563,31.658,287.951
reviewer-1786003853-0535ed483550,31.671,321.516
data-analyst-1786003853-5ed47baaf6cf,31.699,628.403
deep-researcher-1786003853-9dbe72d7ec62,31.713,116.714
wide-researcher-1786003853-7580279a5cdd,31.742,196.274
reviewer-1786003853-93ce40bcd38a,31.764,425.918
data-analyst-1786003853-af0f6604285d,31.798,523.747
deep-researcher-1786003853-2410ae10a6ef,31.821,539.619
wide-researcher-1786003853-d39163903a4b,31.835,544.311
reviewer-1786003853-598f56134588,31.848,640.659
data-analyst-1786003853-9710daad46a7,31.883,299.581
deep-researcher-1786003854-8c778ba7df77,31.906,681.763
wide-researcher-1786003854-a5971a86ed9a,31.930,188.035
reviewer-1786003854-b8fc56de1dc8,31.944,666.805
data-analyst-1786003854-394a1e540f26,31.994,413.718
deep-researcher-1786003854-828aef663e69,32.031,194.979
wide-researcher-1786003854-20bf7ea3c351,32.043,408.008
reviewer-1786003854-8978e7bc7c12,32.052,673.257
data-analyst-1786003854-997faa2e3df8,32.084,610.783
deep-researcher-1786003854-f418923d1edf,32.096,634.642
wide-researcher-1786003854-b8a48466321e,32.114,600.139
reviewer-1786003854-a10bd6372483,32.126,448.548
data-analyst-1786003854-6bc8dc9a41e2,32.166,527.618
deep-researcher-1786003854-8679c18f74ee,32.183,121.074
wide-researcher-1786003854-b74b6ec78c1a,32.209,252.491
reviewer-1786003854-78ef4bf4a125,32.232,555.593
data-analyst-1786003854-ebf626674df7,32.260,420.825
deep-researcher-1786003854-5a761ca78408,32.276,542.888
wide-researcher-1786003854-94d997feda01,32.293,665.330
reviewer-1786003854-53771486f027,32.309,676.473
data-analyst-1786003854-bb1e452d2ffc,32.340,456.394
deep-researcher-1786003854-5e5325775fca,32.353,209.194
wide-researcher-1786003854-4eb6a4ba75e3,32.366,206.810
reviewer-1786003854-4387266c5e92,32.379,406.532
data-analyst-1786003854-1e12df109abb,32.405,545.828
deep-researcher-1786003854-1ee8196a1bb6,32.418,421.492
wide-researcher-1786003854-47668ac01144,32.431,194.872
reviewer-1786003854-4b6db583b325,32.458,424.896
data-analyst-1786003854-702eeff4c8a4,32.486,564.179
deep-researcher-1786003854-8439ce49bbc2,32.503,186.506
wide-researcher-1786003854-b86857aae6bb,32.521,113.827
reviewer-1786003854-b0af0d4e6406,32.531,456.920
data-analyst-1786003854-8381960a3e46,32.560,423.877
deep-researcher-1786003854-423506693076,32.583,292.521
wide-researcher-1786003854-e37aff68bb54,32.613,188.063
reviewer-1786003854-e2e68b07eafd,32.633,536.301
data-analyst-1786003854-47b799f9779a,32.688,546.557
deep-researcher-1786003854-221f19df403c,32.702,115.215
wide-researcher-1786003854-5ae6d3d0469e,32.728,520.978
reviewer-1786003854-77c398d079e6,32.766,571.788
data-analyst-1786003854-f8445e11b3e1,32.805,422.266
deep-researcher-1786003854-067bf1530fb6,32.820,290.533
wide-researcher-1786003854-22946fedca06,32.850,284.804
reviewer-1786003854-8940b42883ff,32.889,287.982
data-analyst-1786003854-b52d14ad4eed,32.929,303.376
deep-researcher-1786003855-c84a60d9d432,32.955,288.686
wide-researcher-1786003855-bed54c5231ef,32.968,397.227
reviewer-1786003855-2ef9bb357a0a,32.982,486.218
data-analyst-1786003855-7f5f89673dc7,33.012,648.044
deep-researcher-1786003855-394fc990ba00,33.037,187.729
wide-researcher-1786003855-b51611caae82,33.067,410.852
reviewer-1786003855-aae32d2a849f,33.096,639.237
data-analyst-1786003855-57415501e55e,33.137,360.440
deep-researcher-1786003855-147f9c34f348,33.165,186.003
wide-researcher-1786003855-7c44f46f9f0b,33.179,203.552
reviewer-1786003855-0111e63e4007,33.192,677.422
data-analyst-1786003855-91e8a9453f18,33.226,297.640
deep-researcher-1786003855-782580ca6662,33.272,188.385
wide-researcher-1786003855-d57aa8659b33,33.285,145.410
reviewer-1786003855-28e21fee2d43,33.308,541.921
data-analyst-1786003855-be0bb35843a3,33.338,540.666
deep-researcher-1786003855-9519c03de393,33.356,114.865
wide-researcher-1786003855-5f3ead65e1bd,33.370,404.104
reviewer-1786003855-72c969349c5c,33.390,541.068
data-analyst-1786003855-be39cb92d77c,33.441,412.755
deep-researcher-1786003855-3701442f4381,33.451,339.931
wide-researcher-1786003855-3d943b17d929,33.468,219.144
reviewer-1786003855-753da7da8734,33.518,532.997
data-analyst-1786003855-239a89a34fbd,33.548,504.825
deep-researcher-1786003855-1d57169c1e14,33.566,650.580
wide-researcher-1786003855-c0c667031ea2,33.579,206.857
data-analyst-1786003839-91b9a3cc5eb7,33.580,60.935
reviewer-1786003855-2b5d5674da2c,33.596,303.955
data-analyst-1786003855-9ec801163bcd,33.623,503.057
deep-researcher-1786003855-111570c16c3c,33.637,140.046
wide-researcher-1786003855-288cf2e99f3e,33.650,289.297
reviewer-1786003855-e2d7954e813b,33.679,542.557
data-analyst-1786003855-2ff0fc0df530,33.716,415.400
deep-researcher-1786003855-ef36d1ad6e3c,33.738,113.720
wide-researcher-1786003855-0434fda56854,33.755,421.363
reviewer-1786003855-194142fe3444,33.771,536.313
data-analyst-1786003855-f07701dacd21,33.802,605.983
deep-researcher-1786003855-05960d08ca99,33.820,290.246
wide-researcher-1786003855-83eecfad918e,33.837,219.401
reviewer-1786003855-96a2c6c299bb,33.855,539.111
data-analyst-1786003855-ce0e0c60aef8,33.881,416.436
deep-researcher-1786003856-116f90cbebfd,33.900,192.351
wide-researcher-1786003856-ef7558a73f36,33.935,219.024
reviewer-1786003856-24dcc85c2f66,33.949,678.794
data-analyst-1786003856-32d6b37a1793,33.979,192.784
deep-researcher-1786003856-9e109020c61e,33.994,192.660
wide-researcher-1786003856-1767d2e0346c,34.008,426.671
reviewer-1786003856-6d4c909ea0d6,34.022,531.986
data-analyst-1786003856-632bafb6aea4,34.046,492.901
deep-researcher-1786003856-f3d7e20c3f6c,34.060,269.764
wide-researcher-1786003856-33172caa99a5,34.074,122.875
reviewer-1786003856-2ef687154a9d,34.088,658.440
data-analyst-1786003856-bab3fd78a308,34.143,421.040
deep-researcher-1786003856-3694b4387cbe,34.172,189.055
wide-researcher-1786003856-7f0fbdebe6a9,34.202,187.901
reviewer-1786003856-cf375abfa739,34.211,650.612
data-analyst-1786003856-506fba1710ce,34.244,532.174
deep-researcher-1786003856-bc8c8186599b,34.263,669.366
wide-researcher-1786003856-e51036ed2c15,34.278,657.400
reviewer-1786003856-e982f40b2239,34.317,418.868
data-analyst-1786003856-c5a1badce0fd,34.350,533.673
deep-researcher-1786003856-7c4c96a212c8,34.363,191.634
wide-researcher-1786003856-c0254bd1a67f,34.376,411.437
reviewer-1786003856-653d3999262a,34.390,664.915
data-analyst-1786003856-a618b6f1519c,34.413,363.449
deep-researcher-1786003856-c977d1dbe293,34.444,210.635
wide-researcher-1786003856-5676883963e0,34.463,302.851
reviewer-1786003856-155ca3617303,34.479,420.960
data-analyst-1786003843-d440124de4a5,34.487,63.415
data-analyst-1786003843-19b79e603aa4,34.500,63.106
data-analyst-1786003856-1c14995bde12,34.509,520.547
deep-researcher-1786003856-814f2aeb1baa,34.532,550.228
wide-researcher-1786003856-ff42ece8f848,34.546,411.028
reviewer-1786003856-6b2a66dd4a11,34.575,654.246
data-analyst-1786003856-c78ed78b14a5,34.608,298.086
deep-researcher-1786003856-0da0f2e4a191,34.625,522.607
wide-researcher-1786003856-6bf733cc3029,34.647,476.300
reviewer-1786003856-de3337e6ed42,34.656,524.879
data-analyst-1786003856-2dbfbe93a770,34.701,411.738
deep-researcher-1786003856-5bc7d2ed1999,34.714,296.172
wide-researcher-1786003856-d29762cffe7d,34.736,112.701
reviewer-1786003856-ae446e7d60e3,34.755,426.503
data-analyst-1786003856-4dd5e8e495fa,34.792,414.353
deep-researcher-1786003856-cc7a595c4972,34.806,283.769
wide-researcher-1786003856-a4760e0adee3,34.820,193.935
data-analyst-1786003843-000450e51734,34.836,111.922
reviewer-1786003856-4258ce7bbd6f,34.851,587.779
data-analyst-1786003856-ca03b3adf9b8,34.873,524.496
deep-researcher-1786003856-4fa059d0171a,34.909,113.778
wide-researcher-1786003857-781584bde9f4,34.923,194.135
reviewer-1786003857-ec19b1351b74,34.951,338.669
data-analyst-1786003857-0a3fc31512f4,34.986,300.655
deep-researcher-1786003857-47f65b7fbe79,35.003,187.867
wide-researcher-1786003857-da47371c5773,35.031,190.926
reviewer-1786003857-5b1603a38950,35.044,416.679
data-analyst-1786003857-b78d2cd90b0f,35.077,413.785
deep-researcher-1786003857-bfa7ca0b83d8,35.090,629.510
wide-researcher-1786003857-4f4d1751697c,35.107,218.991
reviewer-1786003857-4366f8be0fec,35.119,526.695
data-analyst-1786003857-37fbead2f883,35.150,405.236
deep-researcher-1786003857-e3281ccbd6b6,35.163,405.781
wide-researcher-1786003857-d91634be5504,35.186,404.279
reviewer-1786003857-d6bcb85fc269,35.222,669.383
data-analyst-1786003857-17e8d1c6bbd5,35.257,409.528
deep-researcher-1786003857-6ba550907530,35.271,186.885
wide-researcher-1786003857-dedf2e25513c,35.288,521.720
reviewer-1786003857-f35520a29ee2,35.300,530.808
data-analyst-1786003857-f4655c3bba2e,35.365,311.786
deep-researcher-1786003857-7ddfc9ecf788,35.378,285.860
wide-researcher-1786003857-5fcc590ec943,35.394,133.267
reviewer-1786003857-8058ab4f528d,35.411,305.356
data-analyst-1786003857-d5b619537633,35.450,379.982
deep-researcher-1786003857-b54e5eef25b0,35.463,92.160
wide-researcher-1786003857-4269da245614,35.476,193.813
reviewer-1786003857-3411e6803f7c,35.489,521.356
data-analyst-1786003857-c57443b0aaf8,35.522,322.844
deep-researcher-1786003857-a73ddb5483c9,35.539,185.233
wide-researcher-1786003857-5ea70f0fd113,35.560,300.445
reviewer-1786003857-38c84bf4cb5b,35.572,415.872
data-analyst-1786003857-ed824011c469,35.603,632.625
deep-researcher-1786003857-2f20398d6bd3,35.615,293.601
wide-researcher-1786003857-f84acf0d6160,35.651,295.409
reviewer-1786003857-be01f884d933,35.727,650.108
data-analyst-1786003857-94ccad6c43cf,35.789,631.243
deep-researcher-1786003857-3bba058b134c,35.825,192.888
wide-researcher-1786003857-6717c017885d,35.838,332.530
reviewer-1786003857-53b618ff3536,35.855,571.139
data-analyst-1786003857-d24e63f9d4af,35.886,531.531
deep-researcher-1786003858-101c84707a10,35.908,259.292
wide-researcher-1786003858-ab2a9e3f682c,35.921,111.822
reviewer-1786003858-92b3e7b6f01e,35.944,520.410
data-analyst-1786003858-337ed7381799,35.976,360.358
deep-researcher-1786003858-2ebabc672ca4,35.990,117.635
wide-researcher-1786003858-e21126035c39,36.017,207.493
reviewer-1786003858-493c74a37dd6,36.029,419.465
data-analyst-1786003858-e4d098c8a591,36.061,587.939
data-analyst-1786003842-62cf68e72d78,36.083,60.986
deep-researcher-1786003858-8ea5f10e09dd,36.088,185.521
wide-researcher-1786003858-52417f0e863d,36.100,297.087
reviewer-1786003858-20993b4be09a,36.113,292.949
data-analyst-1786003858-e842cb448d5a,36.150,398.233
deep-researcher-1786003858-8908afc8bb4b,36.163,639.454
wide-researcher-1786003858-d8249369c5dd,36.199,234.402
reviewer-1786003858-38dbab722413,36.219,544.953
data-analyst-1786003858-4f76c4881ccb,36.269,301.590
deep-researcher-1786003858-d2eaf2449cce,36.300,255.608
wide-researcher-1786003858-e3dc574cb2c9,36.310,139.723
reviewer-1786003858-ccc273295095,36.333,635.267
data-analyst-1786003858-5406007f53d5,36.360,524.115
deep-researcher-1786003858-9271bc9baad1,36.377,287.804
wide-researcher-1786003858-3425696a82a5,36.403,303.254
reviewer-1786003858-eaf7fc20e0cb,36.429,291.188
data-analyst-1786003842-27d2b37f60cc,36.450,86.714
data-analyst-1786003858-7f149931c887,36.459,467.511
data-analyst-1786003843-f206b0c94136,36.471,75.299
deep-researcher-1786003858-9654562bfa14,36.488,143.878
wide-researcher-1786003858-9f5b2ebf5c9e,36.545,184.944
reviewer-1786003858-43bc222d57b0,36.563,540.895
data-analyst-1786003858-9d17ce5dc76e,36.590,630.755
deep-researcher-1786003858-97602f023fba,36.617,127.675
wide-researcher-1786003858-2c5f9c352b10,36.629,285.965
reviewer-1786003858-f2cde1851453,36.643,417.186
data-analyst-1786003858-990e2435992f,36.671,656.306
deep-researcher-1786003858-e487f4bc00cd,36.697,112.840
wide-researcher-1786003858-f95aab98c452,36.710,660.720
reviewer-1786003858-21794aea2b7d,36.737,679.220
data-analyst-1786003858-2562e064b355,36.768,295.714
deep-researcher-1786003858-8ee81f885bed,36.780,137.983
wide-researcher-1786003858-a846c4f34642,36.801,426.949
reviewer-1786003858-29f715cc6650,36.814,592.804
data-analyst-1786003858-e9f8acd790ea,36.848,399.183
deep-researcher-1786003858-9e8c9e98117e,36.875,286.087
wide-researcher-1786003858-2339624ef670,36.908,503.355
reviewer-1786003859-e24301ce16ad,36.922,404.950
data-analyst-1786003859-5513ab1e5e5c,36.953,425.622
deep-researcher-1786003859-2078dfd1ac1b,36.980,113.512
wide-researcher-1786003859-5382db984efc,37.006,289.130
reviewer-1786003859-4181666e3a1b,37.033,408.906
data-analyst-1786003859-5dd2aa70a11f,37.063,544.720
deep-researcher-1786003859-6382864fe125,37.081,120.627
wide-researcher-1786003859-b3dded8196cc,37.093,128.393
reviewer-1786003859-223bfb58b245,37.114,690.591
data-analyst-1786003859-b293971d6b3f,37.150,458.522
deep-researcher-1786003859-7ed0221d375d,37.167,115.140
wide-researcher-1786003859-00dd63b9d660,37.189,522.353
reviewer-1786003859-6e96a8d453c4,37.232,555.171
data-analyst-1786003859-db6c3b346d02,37.272,404.761
deep-researcher-1786003859-7c928cb8280f,37.337,192.412
wide-researcher-1786003859-0285bba0fe2c,37.351,193.723
reviewer-1786003859-71407ca1d721,37.372,384.849
data-analyst-1786003859-9294a0ed136a,37.407,414.638
deep-researcher-1786003859-58d93ca0af6a,37.424,628.553
wide-researcher-1786003859-d3adbb1f07a2,37.434,588.228
data-analyst-1786003839-c661c4d6383c,37.457,37.457
reviewer-1786003859-154fbbc5fda8,37.461,420.944
data-analyst-1786003859-2554666fe771,37.494,424.678
deep-researcher-1786003859-e17a522075b9,37.526,167.022
wide-researcher-1786003859-748414710e18,37.551,413.941
reviewer-1786003859-588ed258e058,37.569,630.000
data-analyst-1786003859-aa0aa32555d8,37.599,300.994
deep-researcher-1786003859-e22677492cc3,37.613,288.962
wide-researcher-1786003859-1ec014d63cf7,37.631,532.449
reviewer-1786003859-efe9f3c9a41c,37.641,297.513
data-analyst-1786003859-d6a03b98d1f4,37.680,548.567
deep-researcher-1786003859-b7d9588ecd7f,37.699,534.197
wide-researcher-1786003859-6cf525557679,37.713,327.179
reviewer-1786003859-3ffa87a9bfcb,37.733,428.095
data-analyst-1786003859-772c501f268a,37.769,404.132
deep-researcher-1786003859-0692f6e87029,37.801,552.297
wide-researcher-1786003859-33f29f13e7c2,37.820,287.660
reviewer-1786003859-e0dc44532c6e,37.847,214.797
data-analyst-1786003859-3127bd9e6b08,37.884,402.573
deep-researcher-1786003859-40dfce1c246a,37.896,160.088
wide-researcher-1786003860-30148cba0329,37.919,382.287
reviewer-1786003860-cf193fa34dc1,37.942,292.478
data-analyst-1786003860-5bc8d6975200,37.972,399.515
deep-researcher-1786003860-2cc2de35ceba,38.001,114.403
wide-researcher-1786003860-7ef4ebda3c02,38.047,287.320
data-analyst-1786003845-7705c4989500,38.069,65.888
reviewer-1786003860-261ac2f6f680,38.073,533.800
data-analyst-1786003845-1db363ca4d9b,38.085,111.968
data-analyst-1786003860-22ec2f650c57,38.131,315.567
deep-researcher-1786003860-41511964806b,38.143,540.551
wide-researcher-1786003860-54a6560938c9,38.155,125.415
reviewer-1786003860-62c3b31eef97,38.168,637.621
data-analyst-1786003860-00d7dc00fca6,38.205,400.291
deep-researcher-1786003860-504461517ea8,38.218,525.649
wide-researcher-1786003860-3519405db18b,38.246,297.659
reviewer-1786003860-abf69f69099e,38.260,414.752
data-analyst-1786003860-08d8ed4d1797,38.291,539.070
deep-researcher-1786003860-b979a2a58fa3,38.308,186.983
wide-researcher-1786003860-a3919a06ef6c,38.320,533.609
reviewer-1786003860-121e79589933,38.329,422.961
data-analyst-1786003860-f2c314fd0b2b,38.363,476.504
deep-researcher-1786003860-49b4c7a8456d,38.381,288.022
wide-researcher-1786003860-2f8f23915a0e,38.417,558.154
reviewer-1786003860-423ee8cbcc2d,38.429,661.746
data-analyst-1786003860-f9cb4eb916fe,38.469,359.269
deep-researcher-1786003860-3364e10915fb,38.494,113.203
wide-researcher-1786003860-7a10fe09c0e2,38.520,259.923
reviewer-1786003860-319391415b6d,38.542,322.406
data-analyst-1786003860-ee41c6f93ef4,38.582,372.174
deep-researcher-1786003860-33dfd87fb47a,38.591,420.727
wide-researcher-1786003860-8d4b0c2284e0,38.607,192.226
reviewer-1786003860-b776c7985458,38.624,536.154
data-analyst-1786003860-aaaf194b9b21,38.665,660.445
deep-researcher-1786003860-4015156c1704,38.695,195.101
wide-researcher-1786003860-098dea880340,38.708,407.101
reviewer-1786003860-34aa63665d11,38.738,655.836
data-analyst-1786003860-93cf6191f1c2,38.807,403.551
deep-researcher-1786003860-d33cf910b1ea,38.835,400.927
wide-researcher-1786003860-d6d8ab6b2ce5,38.849,190.157
reviewer-1786003860-d337be403a01,38.866,301.369
data-analyst-1786003860-88111e4c548d,38.919,525.929
deep-researcher-1786003861-92ca9c31c7c1,38.940,651.453
wide-researcher-1786003861-31b898972252,38.952,113.136
reviewer-1786003861-3f91247d2dac,38.976,415.887
data-analyst-1786003861-a36bcf05cd94,39.002,523.732
deep-researcher-1786003861-570f93522ce0,39.016,285.075
wide-researcher-1786003861-958f7d0754c7,39.034,297.225
reviewer-1786003861-becbd03e663a,39.051,454.071
data-analyst-1786003861-c8202e406a8d,39.086,524.539
deep-researcher-1786003861-045d8092080d,39.114,195.146
data-analyst-1786003839-baba62d8e53f,39.128,39.128
wide-researcher-1786003861-93248a30d7b5,39.140,145.470
reviewer-1786003861-e88652cc5c1f,39.152,668.988
data-analyst-1786003861-f9528dc398e5,39.186,333.879
deep-researcher-1786003861-6676f3f2e3e2,39.217,316.133
wide-researcher-1786003861-4f7f596fc76d,39.239,301.813
reviewer-1786003861-3eae7ec11ed7,39.258,520.757
data-analyst-1786003861-4746cc4c2d4d,39.308,415.200
deep-researcher-1786003861-d2c20b198260,39.331,642.712
wide-researcher-1786003861-3f8207acd21c,39.355,423.086
reviewer-1786003861-48b3c998b245,39.372,634.356
data-analyst-1786003861-d63a7fc3d3cc,39.402,304.129
deep-researcher-1786003861-440247be975c,39.424,293.539
wide-researcher-1786003861-d11558c8d4a9,39.437,299.274
reviewer-1786003861-cc70a542e589,39.458,293.760
data-analyst-1786003861-a88e1ae8d4ee,39.485,297.737
deep-researcher-1786003861-c706589e83ef,39.501,561.228
wide-researcher-1786003861-96e26ba7699b,39.517,302.962
reviewer-1786003861-0791e987fe7d,39.555,653.967
data-analyst-1786003861-e6ef13e39054,39.583,523.005
deep-researcher-1786003861-27eee65fcf26,39.592,427.199
wide-researcher-1786003861-7c396cc940f7,39.645,293.681
reviewer-1786003861-08f2056ca8ba,39.666,415.501
data-analyst-1786003861-41a9d0728ecf,39.689,556.797
deep-researcher-1786003861-39922c1e7c30,39.716,187.268
wide-researcher-1786003861-d49738ea5ca7,39.728,185.865
reviewer-1786003861-aadb830f951b,39.747,684.713
data-analyst-1786003861-7bc9a740040e,39.780,521.591
deep-researcher-1786003861-4b4ea45466dc,39.799,409.443
wide-researcher-1786003861-7bbd324586fd,39.812,187.088
reviewer-1786003861-372c700979bc,39.831,302.770
data-analyst-1786003861-dfac40390797,39.854,526.650
deep-researcher-1786003861-a2e3e25cf473,39.872,530.761
wide-researcher-1786003862-8952f65a4e96,39.891,190.964
reviewer-1786003862-49032ba4ba27,39.925,324.777
data-analyst-1786003862-bcc96a0ad81d,39.961,597.576
deep-researcher-1786003862-a0f999ed6694,39.975,652.912
wide-researcher-1786003862-8d95e47298e6,40.003,402.606
reviewer-1786003862-215bd402e7b0,40.028,427.648
data-analyst-1786003862-4081ee2c9ab9,40.060,426.564
deep-researcher-1786003862-67f0cd634262,40.090,186.858
wide-researcher-1786003862-0be4ea573a06,40.103,296.082
reviewer-1786003862-530659534266,40.115,425.281
data-analyst-1786003862-4ba391c4ca95,40.142,678.891
deep-researcher-1786003862-59b9cec34454,40.165,636.922
wide-researcher-1786003862-d651a468213c,40.201,112.971
reviewer-1786003862-451460bcdf0d,40.218,536.835
data-analyst-1786003862-25d23bbbbac3,40.249,302.640
deep-researcher-1786003862-48c442fe05f3,40.261,289.560
wide-researcher-1786003862-be7bb331c0e3,40.274,114.727
reviewer-1786003862-2db25838ed66,40.342,409.616
data-analyst-1786003862-94aa9989a6c1,40.375,448.061
deep-researcher-1786003862-4bbac676940c,40.394,401.157
wide-researcher-1786003862-98a15625ccef,40.437,402.935
reviewer-1786003862-3a2dbd42f748,40.451,319.284
data-analyst-1786003862-bfc04f124efb,40.481,522.538
deep-researcher-1786003862-07acb879713b,40.499,545.732
wide-researcher-1786003862-51fbb488776b,40.517,400.275
reviewer-1786003862-101aacf621bf,40.530,408.151
data-analyst-1786003862-0f8a5e9c60f0,40.623,300.765
deep-researcher-1786003862-53c5e9d833f5,40.635,255.914
wide-researcher-1786003862-f1059df312d9,40.653,185.597
reviewer-1786003862-15f5d32a3125,40.669,411.754
data-analyst-1786003843-b96cb539a4ee,40.673,40.673
data-analyst-1786003862-4fbe9822556a,40.723,403.675
deep-researcher-1786003862-9333fcf12c42,40.752,397.408
wide-researcher-1786003862-5b9ff3053e56,40.773,286.498
reviewer-1786003862-839bf48d0bb8,40.790,499.079
data-analyst-1786003862-e7df303ea194,40.844,691.963
data-analyst-1786003847-32529af2f69d,40.853,111.952
data-analyst-1786003847-9003ff12d7d3,40.866,64.980
deep-researcher-1786003862-f1fc4b12b191,40.866,179.487
wide-researcher-1786003862-0a8595601d03,40.881,434.520
reviewer-1786003862-42ea80d49801,40.896,654.351
data-analyst-1786003863-7256445d3e76,40.936,408.711
deep-researcher-1786003863-40882bf15566,40.956,299.669
wide-researcher-1786003863-ebfb8cd68177,40.973,191.565
reviewer-1786003863-0fdc9635e4fa,41.017,594.483
data-analyst-1786003863-50ec8ade14a0,41.073,298.194
deep-researcher-1786003863-bfc84d8203ae,41.103,289.546
data-analyst-1786003847-21a66547b988,41.120,94.691
wide-researcher-1786003863-3d219643215d,41.172,423.892
reviewer-1786003863-6d208f92b046,41.189,293.981
data-analyst-1786003863-39c6d705df26,41.224,295.633
deep-researcher-1786003863-cd415d9992d8,41.237,396.880
wide-researcher-1786003863-d03e12daa6cd,41.265,641.024
data-analyst-1786003843-92c269fa3adb,41.283,99.496
reviewer-1786003863-1c548ef16bee,41.293,411.274
data-analyst-1786003863-3dce73cbafb9,41.338,416.950
deep-researcher-1786003863-5539ce56c199,41.359,186.098
wide-researcher-1786003863-3f29209f186d,41.405,298.540
reviewer-1786003863-32c9d7570597,41.423,524.008
data-analyst-1786003863-96dd8de5fc67,41.464,290.844
deep-researcher-1786003863-7d2a8d648413,41.515,187.207
wide-researcher-1786003863-1a74dec0eff1,41.539,222.093
reviewer-1786003863-7a5850e045b7,41.555,664.855
data-analyst-1786003863-00ecf8ef0664,41.595,419.759
deep-researcher-1786003863-0a59e40e41a3,41.613,294.027
wide-researcher-1786003863-3eb66762d7de,41.626,130.866
reviewer-1786003863-934b15b5a643,41.640,434.486
data-analyst-1786003863-9c4446698fd6,41.678,432.315
deep-researcher-1786003863-c6355055ca3a,41.707,191.487
wide-researcher-1786003863-bd15cdc26ce2,41.720,194.471
reviewer-1786003863-e077abd5263c,41.737,404.010
data-analyst-1786003863-af2bc79d28b9,41.767,292.655
data-analyst-1786003845-5b66168f9a8d,41.807,102.649
deep-researcher-1786003863-a3338fb575c2,41.833,131.813
wide-researcher-1786003863-ec562c840830,41.850,527.261
reviewer-1786003863-43fef7778056,41.873,383.601
data-analyst-1786003847-d7a84037a2f1,41.939,96.970
data-analyst-1786003863-4f13965686d8,41.948,627.363
data-analyst-1786003847-9b98681ffbd7,41.957,63.125
deep-researcher-1786003864-fb6546e79345,41.966,119.545
wide-researcher-1786003864-16e2471c4085,41.980,421.928
reviewer-1786003864-b93de12c3984,42.000,628.809
data-analyst-1786003864-7475edf20ba4,42.029,405.425
deep-researcher-1786003864-cd9a078e9593,42.047,470.812
wide-researcher-1786003864-1b3e47c31f70,42.060,115.106
reviewer-1786003864-9243b3764fb2,42.082,641.814
data-analyst-1786003864-4c2b0edd7d24,42.139,300.259
deep-researcher-1786003864-fd04d27837f2,42.166,148.207
wide-researcher-1786003864-1aae0b060ea0,42.180,114.267
reviewer-1786003864-f9aa45974b25,42.232,545.139
data-analyst-1786003864-36989c3d9b92,42.270,360.731
deep-researcher-1786003864-d599c84df541,42.285,114.586
wide-researcher-1786003864-ca2e7039ba63,42.310,336.788
reviewer-1786003864-f9b23ef9d115,42.348,538.165
data-analyst-1786003848-a79d3c87dfb8,42.348,94.508
data-analyst-1786003864-2f8442ea5f58,42.376,297.688
deep-researcher-1786003864-76ecece4f7c7,42.401,185.266
wide-researcher-1786003864-4808a93ac192,42.417,184.845
reviewer-1786003864-1d611db1cd86,42.448,425.116
data-analyst-1786003864-e68129e34d6a,42.486,401.388
deep-researcher-1786003864-6c36c1d897f0,42.523,287.121
wide-researcher-1786003864-006d491100bf,42.541,187.989
reviewer-1786003864-abed51914219,42.574,414.851
data-analyst-1786003864-b01e0464447c,42.612,291.424
deep-researcher-1786003864-18b10a965f55,42.649,476.157
wide-researcher-1786003864-94a4ba4044e5,42.671,288.992
reviewer-1786003864-86362f52919d,42.684,643.669
data-analyst-1786003864-6175093b0787,42.719,520.660
deep-researcher-1786003864-e61ae884c6ee,42.737,543.221
wide-researcher-1786003864-23e52b4cbb77,42.777,118.308
reviewer-1786003864-56e52400e692,42.802,671.854
data-analyst-1786003864-55a5c9fc00b5,42.832,300.599
deep-researcher-1786003864-94468105a635,42.850,247.988
wide-researcher-1786003864-1abe6a5a9cbc,42.870,192.984
reviewer-1786003865-50649d7ee6ed,42.897,311.222
data-analyst-1786003865-a8c1ff533f55,42.936,500.183
deep-researcher-1786003865-972a96a98fd8,42.976,190.109
wide-researcher-1786003865-92999d608187,43.001,185.771
reviewer-1786003865-e7466300b0eb,43.023,660.861
data-analyst-1786003865-b419ef67fc74,43.054,643.886
deep-researcher-1786003865-0b968bbd743d,43.071,530.778
wide-researcher-1786003865-c45c21405dbe,43.083,398.264
reviewer-1786003865-364839fe623c,43.102,648.401
data-analyst-1786003865-89e0fd08d7a7,43.128,528.691
deep-researcher-1786003865-b4b51c6e8eb2,43.144,633.412
wide-researcher-1786003865-8684da92cef0,43.158,246.736
reviewer-1786003865-c7869aaf018a,43.189,639.563
data-analyst-1786003848-5d736ccec32c,43.213,98.591
data-analyst-1786003848-3471a0f2b5a5,43.226,67.582
data-analyst-1786003865-cb9b4ad94583,43.239,390.068
data-analyst-1786003848-53c0251046f6,43.239,65.964
deep-researcher-1786003865-97356671525f,43.259,636.599
wide-researcher-1786003865-04792c7bbe0d,43.277,114.375
reviewer-1786003865-dd23ff3d7be3,43.305,537.889
data-analyst-1786003865-36b68ea4614a,43.351,645.601
deep-researcher-1786003865-a7f08507101f,43.375,628.191
wide-researcher-1786003865-fd5e60bed89a,43.393,154.810
reviewer-1786003865-11ab787febd7,43.447,407.952
data-analyst-1786003865-c30389e115f7,43.475,300.072
deep-researcher-1786003865-4c58dc78e7a3,43.508,191.367
wide-researcher-1786003865-882cb9e1a618,43.545,290.987
reviewer-1786003865-dc967795abb6,43.563,407.052
data-analyst-1786003865-5ff52a2fe1e9,43.600,651.093
deep-researcher-1786003865-e692550ecc9f,43.657,140.421
data-analyst-1786003848-88bdd76e7380,43.666,146.961
wide-researcher-1786003865-16c3167c377c,43.680,294.543
data-analyst-1786003848-6f9360d55f80,43.680,63.837
reviewer-1786003865-9143ec395e8f,43.692,663.510
data-analyst-1786003865-397e6877db76,43.741,295.603
deep-researcher-1786003865-5c5a012364de,43.753,254.578
wide-researcher-1786003865-b9a85334d843,43.780,193.392
reviewer-1786003865-051a2566dde2,43.798,657.183
data-analyst-1786003865-0b1542eda1a8,43.843,405.177
deep-researcher-1786003865-4585203bf392,43.865,124.024
wide-researcher-1786003865-26aa08864035,43.898,186.944
reviewer-1786003866-157118d22ae1,43.939,443.371
data-analyst-1786003848-16a2b39c114a,43.953,63.162
data-analyst-1786003848-74a7c9f2e25b,43.966,69.590
data-analyst-1786003866-a0f2a82fa489,43.974,353.330
deep-researcher-1786003866-b861d027cd6a,43.999,287.091
wide-researcher-1786003866-e1cd503e3238,44.024,285.089
reviewer-1786003866-0e811fd506a7,44.041,549.229
data-analyst-1786003866-ea2b522f5156,44.084,410.835
deep-researcher-1786003866-b1b9eb864f54,44.097,411.698
wide-researcher-1786003866-09aece458cee,44.124,121.059
data-analyst-1786003848-bcaaa9a2e7df,44.177,107.904
reviewer-1786003866-ffae1223e068,44.186,409.684
data-analyst-1786003866-4ad03e906787,44.222,398.985
deep-researcher-1786003866-d5162ceb6411,44.247,115.334
wide-researcher-1786003866-fff470b58531,44.261,631.153
reviewer-1786003866-e40ca3802bfe,44.284,636.695
data-analyst-1786003866-22b79761a5b7,44.320,375.483
deep-researcher-1786003866-fb7198ddb17a,44.334,537.628
wide-researcher-1786003866-20c89b95e72b,44.352,288.144
reviewer-1786003866-bf2916ba2216,44.376,599.827
data-analyst-1786003866-36126483c371,44.407,523.611
deep-researcher-1786003866-f87fc4093d6e,44.421,290.415
wide-researcher-1786003866-d6fe5d7400d7,44.444,520.137
reviewer-1786003866-143691d06bfb,44.457,644.830
data-analyst-1786003866-3943ad568feb,44.492,414.816
deep-researcher-1786003866-e600e57ffd05,44.514,223.819
wide-researcher-1786003866-7025259c3702,44.533,124.765
reviewer-1786003866-4afe3997f69c,44.567,666.988
data-analyst-1786003866-106abe90f97e,44.599,346.610
deep-researcher-1786003866-770769e20de2,44.616,193.962
wide-researcher-1786003866-fa2d365e0f23,44.629,609.563
reviewer-1786003866-83f46739d544,44.650,654.333
data-analyst-1786003866-b313aceadc84,44.679,416.564
deep-researcher-1786003866-066ef9543842,44.705,213.490
data-analyst-1786003848-806bb362ae1f,44.705,71.889
wide-researcher-1786003866-a08d61fdd371,44.730,362.346
reviewer-1786003866-033f7d61494a,44.752,543.036
data-analyst-1786003866-f92733d6df16,44.791,523.230
deep-researcher-1786003866-e1798e049915,44.816,555.274
data-analyst-1786003842-7dda97cb2716,44.841,44.842
wide-researcher-1786003866-9cf23c8d6298,44.863,190.189
reviewer-1786003866-cb58e59e4d39,44.880,470.184
data-analyst-1786003866-4b756401fee5,44.906,541.937
deep-researcher-1786003867-dbe274783ca5,44.954,239.071
wide-researcher-1786003867-1734786d12f0,44.967,527.929
reviewer-1786003867-1fa5da98268b,44.993,526.244
data-analyst-1786003867-4dd27690b239,45.021,399.327
deep-researcher-1786003867-d056d1ea1703,45.033,193.129
wide-researcher-1786003867-e968d15814b1,45.054,421.668
reviewer-1786003867-617ece05f10d,45.066,304.094
data-analyst-1786003867-449238a5a56d,45.087,534.870
deep-researcher-1786003867-59a265ad4bbb,45.109,188.186
wide-researcher-1786003867-6cb02ae9cdf7,45.147,425.169
reviewer-1786003867-7b215248ed97,45.163,637.553
data-analyst-1786003867-efdee21480bc,45.197,652.206
deep-researcher-1786003867-376662b19738,45.209,524.171
wide-researcher-1786003867-9f5cd8315550,45.221,271.494
reviewer-1786003867-2d905ecc3b49,45.253,525.678
data-analyst-1786003849-a2ec4fd0c862,45.279,84.237
data-analyst-1786003867-5aa144c94695,45.289,527.067
data-analyst-1786003849-2e2b87ccfcc8,45.297,62.373
deep-researcher-1786003867-6ad6046d358c,45.314,194.845
wide-researcher-1786003867-05ba4f88365b,45.373,194.949
reviewer-1786003867-3fb5800e6b44,45.397,424.645
data-analyst-1786003867-10525dfc8fef,45.449,663.238
deep-researcher-1786003867-0b2013f6bf1c,45.462,242.526
wide-researcher-1786003867-83f3787c0661,45.481,439.795
reviewer-1786003867-ae1049c605af,45.540,524.663
data-analyst-1786003867-edd50914a7d6,45.591,523.023
deep-researcher-1786003867-b7f1c9f47705,45.630,420.404
wide-researcher-1786003867-f933b424af45,45.673,190.628
reviewer-1786003867-1e85fd85b7ad,45.691,421.988
data-analyst-1786003867-6352f7955163,45.731,318.351
deep-researcher-1786003867-3bc3ea121277,45.768,526.834
wide-researcher-1786003867-1144b2cccabf,45.791,460.340
reviewer-1786003867-739a5c80943d,45.801,671.744
data-analyst-1786003867-efd7e8aba4cf,45.854,465.059
deep-researcher-1786003867-a5ec94af1a17,45.873,662.311
wide-researcher-1786003867-7d5a5766e237,45.892,286.053
reviewer-1786003868-13206d7a0bf4,45.916,625.872
data-analyst-1786003868-fe06ed1c0c7b,45.953,380.358
deep-researcher-1786003868-7a024091857a,45.975,178.837
wide-researcher-1786003868-2eccd3d13f08,45.995,507.352
reviewer-1786003868-3c8d8efcfedc,46.063,640.093
data-analyst-1786003868-20a34792d9c8,46.091,433.229
deep-researcher-1786003868-12856cc4cda2,46.115,356.384
wide-researcher-1786003868-c2aa548d12d1,46.135,296.779
reviewer-1786003868-8100f5c48725,46.159,597.882
data-analyst-1786003868-713557726b5d,46.198,426.635
deep-researcher-1786003868-39215f22d12a,46.216,414.769
wide-researcher-1786003868-64bf2914d3f3,46.242,292.306
reviewer-1786003868-5139b88f1f14,46.272,524.510
data-analyst-1786003868-0d699fc25b0d,46.310,573.443
deep-researcher-1786003868-e28e1ee0d189,46.333,285.326
wide-researcher-1786003868-395860723811,46.373,284.130
reviewer-1786003868-78292630e7e8,46.403,315.482
data-analyst-1786003868-a70e2e3635b4,46.469,301.340
deep-researcher-1786003868-1317eae1c263,46.482,669.496
wide-researcher-1786003868-01602c0e1a5f,46.505,417.292
reviewer-1786003868-2e9065922e12,46.518,669.943
data-analyst-1786003868-139c21b60519,46.562,298.042
deep-researcher-1786003868-f9e6d3f9739c,46.574,135.556
wide-researcher-1786003868-4afbd3d70560,46.596,630.017
reviewer-1786003868-55438058d774,46.652,552.237
data-analyst-1786003868-a58c459ffecf,46.680,417.709
deep-researcher-1786003868-23a51f3fe429,46.703,235.570
wide-researcher-1786003868-eaf58d5d984a,46.720,186.387
reviewer-1786003868-916b379456f7,46.767,423.379
data-analyst-1786003868-12d262fe8f7c,46.831,361.186
deep-researcher-1786003868-0e3704848a0a,46.885,251.075
wide-researcher-1786003868-e7084c53dbf2,46.916,531.626
reviewer-1786003868-e81d5e39a615,46.938,350.129
data-analyst-1786003849-5d3001982527,47.046,64.944
data-analyst-1786003869-f9d0d9f385a7,47.055,414.602
data-analyst-1786003849-381e7d720bd6,47.063,62.338
deep-researcher-1786003869-f9699c509b7f,47.068,563.077
wide-researcher-1786003869-d00e48b8079e,47.099,188.481
reviewer-1786003869-11b11b59da07,47.120,676.159
data-analyst-1786003869-3c052bcee25c,47.170,399.248
deep-researcher-1786003869-245ef901a321,47.204,285.393
wide-researcher-1786003869-14faa2e27fd4,47.216,120.641
reviewer-1786003869-781678524bd2,47.246,417.443
data-analyst-1786003869-4c7b735566d4,47.277,465.630
deep-researcher-1786003869-d5ab185164ba,47.303,189.559
data-analyst-1786003848-9f98058a3daa,47.311,113.277
wide-researcher-1786003869-88416f023cba,47.316,552.602
reviewer-1786003869-a15f85ed0bfa,47.332,545.473
data-analyst-1786003848-18821f401e3f,47.336,64.061
data-analyst-1786003869-53778e7e8655,47.383,629.653
deep-researcher-1786003869-9fb6fec1195a,47.399,461.734
wide-researcher-1786003869-3f4036425b43,47.415,250.890
reviewer-1786003869-bdc95aa5e50f,47.438,425.883
data-analyst-1786003869-0be241fb836f,47.468,674.654
deep-researcher-1786003869-030d8d7ecd67,47.515,675.884
wide-researcher-1786003869-32e9a80abbe9,47.575,120.550
reviewer-1786003869-46020d270672,47.588,537.168
data-analyst-1786003869-64413653f159,47.620,453.236
deep-researcher-1786003869-ea83fffeb3e8,47.647,191.856
wide-researcher-1786003869-fc3cf6d74c26,47.670,535.881
reviewer-1786003869-9a8e6ac57cbe,47.682,216.171
data-analyst-1786003869-00c985929c7d,47.756,420.008
deep-researcher-1786003869-82fbf4ccd041,47.773,398.146
wide-researcher-1786003869-cafe01544f45,47.785,294.196
reviewer-1786003869-3f14665b40a3,47.801,653.254
data-analyst-1786003869-7661ba01dd0f,47.844,357.635
deep-researcher-1786003869-e95a30a4e912,47.870,286.572
data-analyst-1786003847-61abb3bf1f8c,47.878,62.117
wide-researcher-1786003869-ec41dc1f90c7,47.887,185.370
reviewer-1786003870-02f35870d911,47.909,399.597
data-analyst-1786003870-5a49ae8b8a79,47.971,538.590
deep-researcher-1786003870-6ea1753e774a,47.984,585.441
wide-researcher-1786003870-62171a8e2041,48.019,520.295
data-analyst-1786003850-3c2980f62abe,48.028,61.503
reviewer-1786003870-c9aec76b3465,48.033,631.277
data-analyst-1786003850-55d5036a6803,48.045,190.665
data-analyst-1786003870-4611b893e0c8,48.076,657.043
deep-researcher-1786003870-6dd04913c3c3,48.093,293.615
wide-researcher-1786003870-b147aeede2ac,48.110,185.385
reviewer-1786003870-4c1190da9d04,48.163,615.931
data-analyst-1786003870-2e311c0aee1b,48.201,403.631
deep-researcher-1786003870-24dab12035ce,48.221,584.533
wide-researcher-1786003870-daa9fbacdd7c,48.233,641.130
reviewer-1786003870-c5165b3354ab,48.260,206.875
data-analyst-1786003870-fd610326515d,48.294,319.357
deep-researcher-1786003870-c0c464886793,48.316,539.938
wide-researcher-1786003870-09fe5924414d,48.337,218.826
reviewer-1786003870-d7f889e262fc,48.349,544.924
data-analyst-1786003870-e64c9056daec,48.392,413.195
deep-researcher-1786003870-707fce2dbf21,48.426,314.155
wide-researcher-1786003870-b0c39e480965,48.447,159.434
reviewer-1786003870-49bbbca6a84d,48.460,292.700
data-analyst-1786003870-5b87b9bdb3f6,48.504,413.467
deep-researcher-1786003870-4e69005d8b44,48.566,573.548
wide-researcher-1786003870-77447a8f260e,48.600,190.769
reviewer-1786003870-c5eb63f035c9,48.612,637.926
data-analyst-1786003850-629625b1bc42,48.637,63.886
data-analyst-1786003870-707045dcefce,48.642,451.207
data-analyst-1786003850-781d686a3769,48.682,115.404
deep-researcher-1786003870-d0c8d0a17f1d,48.687,192.288
data-analyst-1786003850-d66e2241edd4,48.699,67.653
wide-researcher-1786003870-6b8612603a42,48.712,191.413
reviewer-1786003870-13f982d9a2f9,48.724,324.036
data-analyst-1786003870-b94e15251fa3,48.756,405.830
deep-researcher-1786003870-9c6e7ff797ed,48.791,290.159
data-analyst-1786003848-0dca0053eb29,48.808,86.031
wide-researcher-1786003870-173acf1b367c,48.825,412.301
reviewer-1786003870-7610159a7f0f,48.837,522.236
data-analyst-1786003870-91bc91c08905,48.892,381.178
deep-researcher-1786003870-1dd5aab2f7a5,48.918,530.525
data-analyst-1786003850-962def72a303,48.936,112.002
wide-researcher-1786003871-0030d2e536b9,48.949,131.799
reviewer-1786003871-92cc9a54c951,48.965,668.906
data-analyst-1786003871-621376e473b9,49.028,406.661
deep-researcher-1786003871-d1cc7aeb3b1c,49.072,160.425
wide-researcher-1786003871-0bba88f61405,49.090,309.899
reviewer-1786003871-323f097431d4,49.112,411.258
data-analyst-1786003871-15cca5e22082,49.142,524.359
deep-researcher-1786003871-263111d00608,49.168,235.337
wide-researcher-1786003871-4cd6fc41a4ad,49.189,150.117
reviewer-1786003871-37bbb8abe7bf,49.202,307.474
data-analyst-1786003871-8b8066412004,49.251,409.135
deep-researcher-1786003871-2ad4c07a9914,49.272,548.276
wide-researcher-1786003871-c7c9bc8ecb17,49.289,188.432
reviewer-1786003871-0451bf5562be,49.301,653.275
data-analyst-1786003871-01d68f452d03,49.327,427.556
deep-researcher-1786003871-8c31d56f43eb,49.348,225.281
wide-researcher-1786003871-d9bb45a3725e,49.374,287.890
reviewer-1786003871-b5ad0a97e013,49.387,543.402
data-analyst-1786003871-7affc021fc2b,49.421,334.825
data-analyst-1786003847-8a37756ea397,49.435,112.671
deep-researcher-1786003871-8f4225250480,49.483,128.527
wide-researcher-1786003871-91d8b5f3d148,49.500,421.158
data-analyst-1786003847-cd9f729eaaad,49.512,61.301
reviewer-1786003871-23e6ea9ebcc9,49.521,527.724
data-analyst-1786003871-ce2039892427,49.551,400.148
deep-researcher-1786003871-06b25de57005,49.563,190.121
wide-researcher-1786003871-0dc59d0b9a4a,49.580,115.981
reviewer-1786003871-34d48c262eb2,49.627,648.030
data-analyst-1786003871-3f577d108ae1,49.671,520.577
deep-researcher-1786003871-d40bc6f0fa56,49.700,192.019
wide-researcher-1786003871-85b18b42f52f,49.731,634.317
reviewer-1786003871-3cc759ffbea5,49.744,631.727
data-analyst-1786003871-a2be21d1ab0f,49.780,313.391
deep-researcher-1786003871-799f44ae8e67,49.804,191.306
wide-researcher-1786003871-25740b300bdd,49.835,428.051
reviewer-1786003871-7d27f447ceb6,49.857,495.438
data-analyst-1786003871-71bd54d114d5,49.905,555.129
deep-researcher-1786003871-1e36d99781cd,49.932,399.500
wide-researcher-1786003872-6d589d4eb57e,49.964,531.587
reviewer-1786003872-85812387118e,49.977,644.661
data-analyst-1786003872-fdd7ea5d326c,50.031,546.354
deep-researcher-1786003872-e0465170c695,50.073,212.858
wide-researcher-1786003872-c34b40402304,50.118,114.102
reviewer-1786003872-337f28ccfafc,50.130,296.652
data-analyst-1786003845-8be45db6381f,50.189,61.283
data-analyst-1786003872-55e9abdaa586,50.194,405.011
data-analyst-1786003848-41f49ea342ba,50.211,61.097
deep-researcher-1786003872-b955ef514db6,50.223,555.523
wide-researcher-1786003872-258139a1f685,50.240,291.490
reviewer-1786003872-7d446422805e,50.253,445.329
data-analyst-1786003872-6aa613ac4886,50.303,370.927
deep-researcher-1786003872-55579fe3d773,50.334,193.905
wide-researcher-1786003872-3f706afadf7b,50.348,216.111
reviewer-1786003872-9c2a21cb9f66,50.362,299.427
data-analyst-1786003872-99a1fc486dac,50.393,402.741
deep-researcher-1786003872-90479f22877a,50.426,266.766
wide-researcher-1786003872-02bc5269c359,50.457,192.565
reviewer-1786003872-e48217cb87fe,50.480,408.088
data-analyst-1786003872-c2a1355fc484,50.530,657.678
data-analyst-1786003848-346a541c51c8,50.530,60.918
data-analyst-1786003843-a3fbc10a716d,50.552,50.552
deep-researcher-1786003872-ff0a00df2795,50.588,558.621
wide-researcher-1786003872-9fcfeb689795,50.602,114.912
reviewer-1786003872-31f490ab97fc,50.620,561.534
data-analyst-1786003872-4d1a61f03f5a,50.655,521.988
deep-researcher-1786003872-f25cb4301e80,50.682,318.380
wide-researcher-1786003872-f7f6e0c98e8d,50.699,196.358
reviewer-1786003872-da4ff034cc5b,50.711,629.632
data-analyst-1786003872-d08f18cfc112,50.771,631.825
deep-researcher-1786003872-88c829902636,50.806,410.656
wide-researcher-1786003872-a238cf268e69,50.823,212.580
reviewer-1786003872-163849e22208,50.860,637.348
data-analyst-1786003872-4a4d36d8e68a,50.891,307.804
deep-researcher-1786003872-b8ab8f19866c,50.904,307.381
wide-researcher-1786003873-743f009f8695,50.926,114.482
reviewer-1786003873-92b5338ea900,50.997,406.369
data-analyst-1786003873-ba288f6a98b5,51.031,541.350
deep-researcher-1786003873-2168e8b3979a,51.048,191.501
wide-researcher-1786003873-0c39b7b598f3,51.065,222.654
reviewer-1786003873-3801bd771047,51.079,415.347
data-analyst-1786003873-918908e4ce52,51.129,398.967
deep-researcher-1786003873-80734a7d782a,51.151,289.007
wide-researcher-1786003873-7bd0a7a509d1,51.181,192.872
reviewer-1786003873-79a3d4d76d88,51.206,422.637
data-analyst-1786003873-1a14fddac515,51.240,523.420
deep-researcher-1786003873-c195ce26d0a8,51.262,131.072
wide-researcher-1786003873-e0b514b9f79e,51.288,152.998
reviewer-1786003873-772687f1d7be,51.300,525.635
data-analyst-1786003873-7845edd18b6b,51.343,522.635
deep-researcher-1786003873-71d79f24721a,51.368,189.232
wide-researcher-1786003873-68b159979e26,51.382,401.721
reviewer-1786003873-3fe45d8cfe06,51.404,644.491
data-analyst-1786003873-3e5525749e5d,51.471,666.916
deep-researcher-1786003873-422f25a7bdf4,51.483,198.600
wide-researcher-1786003873-d780ec998017,51.499,216.325
reviewer-1786003873-d2aa5017be0f,51.596,546.016
data-analyst-1786003873-e174190155ed,51.632,673.832
deep-researcher-1786003873-9215429f0c89,51.644,255.680
wide-researcher-1786003873-045b43dbeb57,51.657,666.136
reviewer-1786003873-d0449db51914,51.702,643.912
data-analyst-1786003873-3b22430c78aa,51.738,679.417
deep-researcher-1786003873-ac417b0eb169,51.751,188.874
wide-researcher-1786003873-b3ecbdacaf11,51.764,197.613
reviewer-1786003873-f9e54253510a,51.776,671.445
data-analyst-1786003851-376cc1c4b820,51.799,62.325
data-analyst-1786003873-d6a6669f4cb3,51.808,401.037
data-analyst-1786003851-a2999dd83e0b,51.816,138.754
data-analyst-1786003851-87da93c03a47,51.830,63.773
deep-researcher-1786003873-6fccebb32145,51.844,211.383
wide-researcher-1786003873-e0b6675bdaa4,51.861,285.540
reviewer-1786003873-a373053aad49,51.878,639.254
data-analyst-1786003873-28f09116c36f,51.919,522.970
deep-researcher-1786003874-326ffdda8650,51.937,416.487
wide-researcher-1786003874-fabe5cc5f982,51.964,290.475
reviewer-1786003874-d1ca2b4fbc78,51.990,641.475
data-analyst-1786003849-666f0f3ee612,52.063,60.827
data-analyst-1786003874-9ec2e3c37cea,52.091,414.836
deep-researcher-1786003874-ae65e5c393ef,52.109,286.772
wide-researcher-1786003874-cac6185ec276,52.131,286.634
reviewer-1786003874-e1c639ad9b06,52.148,293.306
data-analyst-1786003874-35700c2ca477,52.180,453.221
deep-researcher-1786003874-7ce48860bc62,52.192,284.148
wide-researcher-1786003874-f51a7979edd8,52.214,292.427
reviewer-1786003874-10da980b40fd,52.228,662.722
data-analyst-1786003874-1c27472af1a5,52.273,527.536
deep-researcher-1786003874-dac0a3bfc0fc,52.285,426.175
wide-researcher-1786003874-3975e71d1a77,52.316,182.041
reviewer-1786003874-d3498df1d922,52.333,401.502
data-analyst-1786003874-cb74a86bdf80,52.368,413.245
deep-researcher-1786003874-695590e05b5c,52.381,297.312
wide-researcher-1786003874-461e518d1065,52.409,192.259
reviewer-1786003874-95252eb5b9d0,52.441,683.203
data-analyst-1786003874-228a4a4a9eb6,52.495,401.944
data-analyst-1786003848-3083eedb227c,52.523,60.809
deep-researcher-1786003874-bb28381c0bcb,52.548,291.929
wide-researcher-1786003874-a13cc6f41d57,52.561,585.623
reviewer-1786003874-36d14fd8d99f,52.579,408.493
data-analyst-1786003874-e9b113026220,52.604,291.574
deep-researcher-1786003874-601a939af975,52.644,191.256
wide-researcher-1786003874-719f23901d22,52.662,430.565
reviewer-1786003874-d1f333645657,52.685,548.305
data-analyst-1786003874-562e45c170b7,52.721,547.763
deep-researcher-1786003874-65ad768420a8,52.734,189.311
wide-researcher-1786003874-fdf0432ed046,52.751,125.174
reviewer-1786003874-8544c6a91fd5,52.767,526.865
data-analyst-1786003874-0fc69bd03038,52.801,526.200
deep-researcher-1786003874-8a3dd5a40432,52.823,641.255
wide-researcher-1786003874-14a52fef1439,52.852,293.366
reviewer-1786003874-33209d2b48b0,52.876,686.382
data-analyst-1786003874-a16f5811374f,52.904,385.318
deep-researcher-1786003875-b60e9082e8a0,52.945,186.401
wide-researcher-1786003875-882da43b76ad,52.983,662.965
reviewer-1786003875-42b2489dbed9,52.998,423.271
data-analyst-1786003875-803f3bfacdef,53.061,346.793
deep-researcher-1786003875-cdbf05a0ece9,53.084,524.344
wide-researcher-1786003875-d28da9c60fe4,53.101,266.443
reviewer-1786003875-b4c32c27c421,53.118,659.031
data-analyst-1786003875-ab05812f2981,53.154,663.768
deep-researcher-1786003875-15fb53ff0bcf,53.199,607.332
wide-researcher-1786003875-d8f90888e923,53.224,259.307
reviewer-1786003875-8a1ccc631efb,53.245,664.046
data-analyst-1786003875-8909361f240c,53.279,399.279
deep-researcher-1786003875-8690af580020,53.293,257.743
wide-researcher-1786003875-fd3bd339c4a9,53.319,405.026
reviewer-1786003875-a14815c1e800,53.358,514.829
data-analyst-1786003875-ec6ccaa4b1fa,53.386,443.518
deep-researcher-1786003875-8b65baef3953,53.408,292.728
wide-researcher-1786003875-0387e048eec2,53.435,202.035
reviewer-1786003875-71c5c56b2a74,53.453,660.463
data-analyst-1786003875-0bb2c3947a78,53.485,524.525
deep-researcher-1786003875-0b47c4b075db,53.502,286.542
wide-researcher-1786003875-17e2a40bee7b,53.558,414.525
reviewer-1786003875-1e4d41feb431,53.603,490.493
data-analyst-1786003875-0b65ba190f78,53.637,544.339
deep-researcher-1786003875-d56dff2cfc5f,53.656,191.750
wide-researcher-1786003875-a98a2ccc7c67,53.670,401.584
reviewer-1786003875-9abd76878a75,53.693,299.696
data-analyst-1786003875-6ef0520cebe1,53.732,419.879
deep-researcher-1786003875-f4a973503fe0,53.746,685.210
wide-researcher-1786003875-4183b77286f0,53.760,193.994
reviewer-1786003875-ef77710671f7,53.783,598.208
data-analyst-1786003875-7d9646ff1c56,53.832,537.917
deep-researcher-1786003875-c9acb69a6b7c,53.849,263.695
wide-researcher-1786003875-937b510cbaf7,53.876,526.169
reviewer-1786003875-bc9f9318a5fb,53.888,413.146
data-analyst-1786003876-24807bcf215e,53.922,420.372
deep-researcher-1786003876-622d46c5bbb7,53.946,218.811
data-analyst-1786003851-b2f98196beeb,53.996,86.363
data-analyst-1786003851-e7bd34b9e929,54.012,62.946
data-analyst-1786003851-b1f3b8a73e4e,54.024,62.495
wide-researcher-1786003876-913ca61e3719,54.064,216.702
reviewer-1786003876-4b44b8180acd,54.082,609.835
data-analyst-1786003876-4b6d5ac3bd19,54.106,684.992
deep-researcher-1786003876-de579583710a,54.120,287.138
wide-researcher-1786003876-9798e2e87e62,54.150,264.187
reviewer-1786003876-e5579db3015d,54.201,532.683
data-analyst-1786003876-20db960306a7,54.231,355.703
deep-researcher-1786003876-9a1b3a838ac3,54.275,303.043
wide-researcher-1786003876-8074c9731c68,54.291,479.853
reviewer-1786003876-401e0e120cb4,54.307,417.939
data-analyst-1786003876-943c0a8964df,54.342,403.020
deep-researcher-1786003876-5647f77e95a0,54.363,216.418
wide-researcher-1786003876-afff7e5b1dd3,54.390,200.817
reviewer-1786003876-7ae754514b7b,54.402,647.722
data-analyst-1786003876-1d1a28d4ce40,54.431,525.944
deep-researcher-1786003876-576f091fdc25,54.462,194.901
wide-researcher-1786003876-4729a005a29b,54.484,285.920
reviewer-1786003876-1e0374a3c031,54.496,538.971
data-analyst-1786003876-9c1f168501ed,54.577,524.580
deep-researcher-1786003876-1d716f8e9ec9,54.603,193.472
wide-researcher-1786003876-b173922c6616,54.631,115.230
reviewer-1786003876-f4b5a9c5c538,54.660,283.592
data-analyst-1786003876-68e8541a92b4,54.717,639.689
deep-researcher-1786003876-7dceffcbdf90,54.734,570.992
wide-researcher-1786003876-9e602d5eaeac,54.752,313.180
reviewer-1786003876-1f3a2f4b14f8,54.765,675.662
data-analyst-1786003876-a1787af92e82,54.798,427.993
deep-researcher-1786003876-7353f7803efc,54.828,127.706
wide-researcher-1786003876-3a5eed105ae6,54.854,193.241
reviewer-1786003876-cb3ed81987df,54.872,528.560
data-analyst-1786003876-d3abb17230b9,54.901,355.539
deep-researcher-1786003877-4e50e100ac09,54.913,157.165
wide-researcher-1786003877-c8841a7482a4,54.926,192.705
reviewer-1786003877-9b6d2d2a67f9,54.943,402.641
data-analyst-1786003877-11a07d209a85,54.978,545.787
deep-researcher-1786003877-1c819b24fbd8,54.995,339.245
data-analyst-1786003848-9960ca496dfd,55.032,66.853
wide-researcher-1786003877-adfdb85192ce,55.048,509.051
reviewer-1786003877-57bb52e9ac70,55.102,634.660
data-analyst-1786003877-b55e358d002e,55.132,640.237
deep-researcher-1786003877-d9040047a8d8,55.155,285.726
wide-researcher-1786003877-334080442444,55.174,522.805
reviewer-1786003877-5523a7cca033,55.207,524.739
data-analyst-1786003877-1c69a9b20bcd,55.243,306.654
deep-researcher-1786003877-2ec8f87f4090,55.259,286.649
wide-researcher-1786003877-b09f3af28bdc,55.271,134.362
reviewer-1786003877-cb44f1989427,55.301,412.593
data-analyst-1786003877-2c3f894990d8,55.353,659.179
deep-researcher-1786003877-f4103565d358,55.370,290.399
wide-researcher-1786003877-2f4d51c64719,55.396,191.906
reviewer-1786003877-70cbb8666a44,55.408,648.986
data-analyst-1786003877-7e1043f78308,55.459,459.825
deep-researcher-1786003877-039ebe63f055,55.475,187.054
wide-researcher-1786003877-b6e81fe20075,55.571,608.265
reviewer-1786003877-16f196da2c78,55.597,406.915
data-analyst-1786003877-b4f7acd09d50,55.622,427.356
data-analyst-1786003851-0a9bee0b51a6,55.658,66.817
deep-researcher-1786003877-e5f4fa83f1a9,55.663,293.414
data-analyst-1786003851-9e58f1033e00,55.676,118.869
wide-researcher-1786003877-d8de356a4e66,55.680,422.330
data-analyst-1786003851-5c12b326888b,55.692,86.835
data-analyst-1786003847-659d8a3b3320,55.706,74.429
reviewer-1786003877-ca0251417e27,55.710,535.349
data-analyst-1786003847-7a11e4b956a2,55.726,64.450
data-analyst-1786003877-78dcb47f7dbb,55.743,437.264
deep-researcher-1786003877-a04c18a5b32e,55.779,407.389
wide-researcher-1786003877-0b18aea10f8d,55.829,200.884
reviewer-1786003877-23b6ccd1e909,55.846,533.482
data-analyst-1786003847-d6e5c1823fde,55.855,61.699
data-analyst-1786003877-6177be6aee8e,55.881,643.022
data-analyst-1786003847-4664e861efc4,55.889,71.463
deep-researcher-1786003877-a58d1589834d,55.898,182.195
wide-researcher-1786003878-2814d0527ac4,55.911,530.616
reviewer-1786003878-8b13f9850fcf,55.928,594.016
data-analyst-1786003878-bb749b951eaa,56.001,303.442
deep-researcher-1786003878-88ed4c141bfa,56.015,303.011
wide-researcher-1786003878-647f675f6ce9,56.059,400.036
reviewer-1786003878-4387388f29b6,56.087,410.024
data-analyst-1786003878-8d5ba1858887,56.141,666.538
data-analyst-1786003843-eb08b9d24aab,56.168,61.233
deep-researcher-1786003878-964d6eac3049,56.172,525.850
wide-researcher-1786003878-0bfdbf1f7d4c,56.184,408.868
reviewer-1786003878-f7b025ec1d66,56.216,527.765
data-analyst-1786003878-659320292645,56.249,631.883
deep-researcher-1786003878-3a5231356a90,56.267,285.238
wide-researcher-1786003878-4f9c853fdb5b,56.302,274.990
reviewer-1786003878-42838e662f13,56.315,652.942
data-analyst-1786003878-eee7fc0d1bef,56.373,639.270
deep-researcher-1786003878-ee92edd75f43,56.394,367.315
wide-researcher-1786003878-fc3d696fdceb,56.416,190.074
reviewer-1786003878-a440da759987,56.428,556.718
data-analyst-1786003878-469ee7b0ee08,56.456,399.835
deep-researcher-1786003878-5e718df88f4c,56.470,336.175
wide-researcher-1786003878-689cce428105,56.506,214.478
reviewer-1786003878-acba45a9df13,56.523,415.529
data-analyst-1786003878-a7e98480d886,56.581,645.769
deep-researcher-1786003878-19d81cb4c2be,56.612,632.533
wide-researcher-1786003878-38d5eed7b36e,56.624,187.776
reviewer-1786003878-ddf30f327b4d,56.641,459.673
data-analyst-1786003878-49f4673df8b0,56.671,549.346
deep-researcher-1786003878-513881af53f9,56.707,195.068
wide-researcher-1786003878-a79713a01856,56.726,398.488
reviewer-1786003878-ddfdd58ef9c1,56.755,533.885
data-analyst-1786003878-a7474d668414,56.779,427.167
data-analyst-1786003845-e224936e4df9,56.804,61.367
deep-researcher-1786003878-25d878453d01,56.808,307.967
wide-researcher-1786003878-fb72c6288555,56.822,266.034
reviewer-1786003878-bc6a9f542d8f,56.848,408.621
data-analyst-1786003878-b05a5cd18b66,56.882,414.622
deep-researcher-1786003878-309e49fdf82b,56.905,193.630
wide-researcher-1786003879-325d5d77ece5,56.932,285.043
reviewer-1786003879-9edc3208a425,56.975,527.604
data-analyst-1786003848-ef309070c1b0,56.976,114.559
data-analyst-1786003879-c6c34d984e2a,57.013,290.125
deep-researcher-1786003879-6526f1e97804,57.042,283.636
wide-researcher-1786003879-0a4a96579f4b,57.076,529.614
reviewer-1786003879-aa6cf329fbe2,57.089,435.276
data-analyst-1786003879-cc94875dc3ec,57.123,408.182
deep-researcher-1786003879-304e502c40a2,57.137,286.136
wide-researcher-1786003879-b96e3c7ca0c0,57.165,322.722
reviewer-1786003879-ebc325276b22,57.221,460.055
data-analyst-1786003850-4ca2efaa89aa,57.240,62.981
data-analyst-1786003879-40f19b5d15a5,57.259,523.943
deep-researcher-1786003879-cc7d589d00fb,57.293,648.476
wide-researcher-1786003879-ae981ed90daa,57.354,293.348
reviewer-1786003879-9ef72a137652,57.368,595.936
data-analyst-1786003879-a26340b8b5c3,57.396,436.347
deep-researcher-1786003879-c8030a74d056,57.418,145.854
wide-researcher-1786003879-a039e9e4d48c,57.445,185.220
reviewer-1786003879-b4a4995d6c37,57.457,552.453
data-analyst-1786003879-edec94cea38c,57.503,655.733
deep-researcher-1786003879-22ff2d6dc304,57.532,214.267
wide-researcher-1786003879-113c17997bc2,57.561,185.884
reviewer-1786003879-2d952d42dfa2,57.600,611.536
data-analyst-1786003843-8f827f23a551,57.617,61.799
data-analyst-1786003879-83b8f98af4a8,57.653,651.485
deep-researcher-1786003879-498ab2bd40b7,57.676,408.058
wide-researcher-1786003879-c943d5f60dd5,57.688,193.184
reviewer-1786003879-52f0c9d1f736,57.721,647.804
data-analyst-1786003848-3905b7190802,57.734,62.391
data-analyst-1786003879-77668335ba23,57.746,538.985
data-analyst-1786003849-ee43ce60549e,57.754,61.199
deep-researcher-1786003879-4ac4ee72ad6a,57.791,398.420
wide-researcher-1786003879-259e0e58e0a2,57.815,523.331
reviewer-1786003879-2f2966ae8d3b,57.829,535.834
data-analyst-1786003879-6a87c1769ccf,57.878,405.083
deep-researcher-1786003879-07aea4698991,57.895,657.477
wide-researcher-1786003880-ac2034185e19,57.923,282.482
reviewer-1786003880-417462f444e5,57.937,664.101
data-analyst-1786003880-5ffbb90eede1,57.967,630.707
data-analyst-1786003850-1de71403de80,57.977,61.318
deep-researcher-1786003880-a85dd2a442b8,57.987,192.003
wide-researcher-1786003880-1bb1d8920a32,58.020,234.471
reviewer-1786003880-acaa3c44bc4e,58.044,542.643
data-analyst-1786003880-8cdd074a93c1,58.094,408.103
deep-researcher-1786003880-9b192cd1a05c,58.115,678.062
wide-researcher-1786003880-75d88c9b77c8,58.133,298.839
reviewer-1786003880-47f0edaf49a1,58.183,547.945
data-analyst-1786003880-5b2bababe98f,58.234,413.296
deep-researcher-1786003880-ecede700b6af,58.259,189.785
wide-researcher-1786003880-7ff1ebc3dac7,58.273,540.712
reviewer-1786003880-4c767c44b6c4,58.288,644.710
data-analyst-1786003880-6d56fcd2b80d,58.319,535.605
deep-researcher-1786003880-22342cadaf52,58.333,296.857
wide-researcher-1786003880-2d677873e0f9,58.363,288.840
reviewer-1786003880-0eb4d7fbe9d2,58.413,415.005
data-analyst-1786003880-ed3fdc33936b,58.442,649.885
deep-researcher-1786003880-36791064f50a,58.476,293.172
wide-researcher-1786003880-b94896ef6d51,58.495,315.815
reviewer-1786003880-554f809906ef,58.529,638.562
data-analyst-1786003880-5992cbdcce94,58.602,451.575
deep-researcher-1786003880-6ad4f1b013eb,58.631,260.095
wide-researcher-1786003880-6e69b1e08fb7,58.646,418.635
reviewer-1786003880-684a107662e3,58.675,638.012
data-analyst-1786003852-5a95a361b32c,58.675,62.613
data-analyst-1786003852-057af6b21887,58.694,86.046
data-analyst-1786003852-3c1ddc652f2c,58.709,66.446
data-analyst-1786003880-af31c4e3be11,58.728,398.891
deep-researcher-1786003880-143da8ad5a90,58.742,414.880
wide-researcher-1786003880-188c11d5f6ac,58.765,534.106
reviewer-1786003880-9e3563e54f4d,58.805,537.283
data-analyst-1786003850-497a49c329da,58.845,62.278
data-analyst-1786003880-e26e925cb775,58.845,527.835
deep-researcher-1786003880-80624192ecd6,58.874,295.325
wide-researcher-1786003880-67f265ee3fbb,58.888,266.016
reviewer-1786003881-df0ac97d6a0e,58.932,659.822
data-analyst-1786003881-fa5a6b596a3f,58.962,640.628
deep-researcher-1786003881-18464b89faf0,58.982,640.144
wide-researcher-1786003881-7017f62342f5,59.009,289.209
reviewer-1786003881-af82ef2bf59f,59.044,451.645
data-analyst-1786003881-3d6dd5a75206,59.102,403.333
deep-researcher-1786003881-1b387049d362,59.157,292.932
wide-researcher-1786003881-c1f8660fe3c1,59.183,236.809
reviewer-1786003881-1ba086c3260b,59.197,537.902
data-analyst-1786003881-696e73432a82,59.228,441.098
deep-researcher-1786003881-92aa5864d635,59.251,266.974
wide-researcher-1786003881-be2063225336,59.298,526.229
reviewer-1786003881-25a51a608dc5,59.311,425.296
data-analyst-1786003845-b85f3f46e943,59.340,59.341
data-analyst-1786003881-a44e56b4949c,59.345,290.591
deep-researcher-1786003881-1af57e22c86c,59.389,630.691
wide-researcher-1786003881-a2a1fe893748,59.413,537.985
reviewer-1786003881-472f6598bcc9,59.432,673.420
data-analyst-1786003881-76bf55cce1d9,59.461,420.057
deep-researcher-1786003881-13ca1afdef60,59.481,158.302
wide-researcher-1786003881-39103a4e36f0,59.504,285.843
reviewer-1786003881-2b2e30e2a491,59.548,523.863
data-analyst-1786003881-43e75c554d69,59.601,405.846
deep-researcher-1786003881-a94ee5f9357f,59.634,299.640
data-analyst-1786003850-7ba8cb7f7e22,59.649,61.930
wide-researcher-1786003881-d22fa44da7a8,59.653,530.715
reviewer-1786003881-6bcbc0ed9525,59.690,566.007
data-analyst-1786003881-41d9bcb0dc59,59.735,299.936
data-analyst-1786003850-29824ab1dc35,59.756,61.521
deep-researcher-1786003881-267d6e419605,59.761,406.758
wide-researcher-1786003881-82d65f4875ef,59.785,531.290
reviewer-1786003881-14650f18917f,59.799,641.559
data-analyst-1786003881-e14ad53b5bd1,59.843,425.079
deep-researcher-1786003881-6750035993d7,59.865,248.115
wide-researcher-1786003881-5ae0193e3af1,59.887,526.849
reviewer-1786003881-c333b0b6eeeb,59.920,549.878
data-analyst-1786003882-bf82f1aaaffd,59.960,414.368
deep-researcher-1786003882-6eb8f41acc8b,59.978,220.144
wide-researcher-1786003882-47f7825392bc,59.996,536.640
reviewer-1786003882-d6b60bbaf382,60.029,348.700
data-analyst-1786003882-d3095b333864,60.066,404.806
deep-researcher-1786003882-0cd9643a1f2f,60.087,661.825
wide-researcher-1786003882-acfefcf723c8,60.120,534.503
data-analyst-1786003850-a7d140706c20,60.142,62.480
reviewer-1786003882-f4e9d9161961,60.147,634.925
data-analyst-1786003848-f9c9899777ab,60.163,60.164
data-analyst-1786003882-7d60c291ffbd,60.190,653.122
deep-researcher-1786003882-c8f00daaf035,60.203,205.769
wide-researcher-1786003882-1044fd3d0ecf,60.301,285.162
reviewer-1786003882-760460ce2675,60.325,560.476
data-analyst-1786003882-d05970cab052,60.360,396.541
deep-researcher-1786003882-474e8e68c054,60.389,168.204
wide-researcher-1786003882-ee8fa78140d0,60.412,668.481
reviewer-1786003882-b89fe0f9611e,60.438,543.278
data-analyst-1786003882-32a1b5ca0e6d,60.461,502.865
deep-researcher-1786003882-0ea160ae6523,60.479,249.808
wide-researcher-1786003882-da4882408f7e,60.501,286.990
reviewer-1786003882-106ad26d86a5,60.524,545.875
data-analyst-1786003848-c79431150abe,60.533,63.087
data-analyst-1786003882-dc986f4a1a0a,60.555,538.355
deep-researcher-1786003882-04ec51994628,60.568,642.153
wide-researcher-1786003882-a84413ada894,60.586,413.418
reviewer-1786003882-e15d424a0b0a,60.623,546.413
data-analyst-1786003882-b545e0450ae8,60.677,530.117
deep-researcher-1786003882-f5aa1386be43,60.700,188.948
wide-researcher-1786003882-e0bf69d6f263,60.712,240.044
reviewer-1786003882-5d6c55643f1c,60.728,651.389
data-analyst-1786003882-431259a8e4fa,60.769,430.660
deep-researcher-1786003882-ab6663701109,60.813,286.961
wide-researcher-1786003882-94421a5adec2,60.832,366.404
reviewer-1786003882-c38cc49ad8c4,60.855,665.876
data-analyst-1786003853-168e2efd12a4,60.869,114.601
data-analyst-1786003882-eeaf866c3938,60.896,535.027
deep-researcher-1786003883-4f0e27b4cc9d,60.909,663.672
wide-researcher-1786003883-8eb9deb50b16,60.927,402.895
reviewer-1786003883-4a99672f8424,60.945,548.233
data-analyst-1786003883-9ed2f2cf5cb3,61.001,408.747
deep-researcher-1786003883-0ec5d8aad79a,61.018,252.309
wide-researcher-1786003883-565f1365674d,61.041,155.188
reviewer-1786003883-02eb95abb36e,61.062,556.416
data-analyst-1786003883-aac2d6a43e3e,61.106,415.248
deep-researcher-1786003883-aef9f5edd89b,61.138,607.885
wide-researcher-1786003883-8b77d509094e,61.152,286.707
reviewer-1786003883-1e1047110e7c,61.203,639.094
data-analyst-1786003883-e785bbe72148,61.273,622.404
deep-researcher-1786003883-a435dcf025c9,61.297,283.651
wide-researcher-1786003883-1627016eddcb,61.309,186.917
reviewer-1786003883-ff5bebc86b9e,61.323,538.574
data-analyst-1786003883-10512e500cde,61.353,422.061
deep-researcher-1786003883-e9cc56fb1d1b,61.375,425.767
wide-researcher-1786003883-8e545400a6cb,61.393,443.422
reviewer-1786003883-b60f7a2853f5,61.406,411.539
data-analyst-1786003883-df6c1832da3b,61.471,327.834
deep-researcher-1786003883-8092ab1e499e,61.489,544.185
wide-researcher-1786003883-17d283dcd9c8,61.507,287.021
reviewer-1786003883-27cc1e83302e,61.541,678.046
data-analyst-1786003883-d4b0af6f2c70,61.576,292.855
deep-researcher-1786003883-0ff4b2402ce3,61.595,286.602
wide-researcher-1786003883-819a8d0b819f,61.653,293.633
reviewer-1786003883-568b1f1099d5,61.671,670.391
data-analyst-1786003883-6ac40f9a1c36,61.703,374.420
deep-researcher-1786003883-b6739dae85f4,61.716,194.103
wide-researcher-1786003883-f1ec9bd56be2,61.733,293.186
reviewer-1786003883-3e7500741968,61.803,528.575
data-analyst-1786003883-9e77b08d2003,61.838,413.131
deep-researcher-1786003883-21ec2724aa49,61.852,285.798
data-analyst-1786003853-6aaee5afccb8,61.865,113.338
wide-researcher-1786003883-637b9751f36a,61.896,421.397
reviewer-1786003884-350a6f16c619,61.938,532.657
data-analyst-1786003884-773a91b031c0,61.968,649.324
deep-researcher-1786003884-1185611bd654,61.991,185.131
wide-researcher-1786003884-534c83f9535d,62.009,285.466
reviewer-1786003884-9c179fa15b49,62.038,682.234
data-analyst-1786003884-54930a0240f5,62.068,332.967
deep-researcher-1786003884-e64bcefadeaa,62.081,403.811
wide-researcher-1786003884-3ec6b2494896,62.100,292.084
data-analyst-1786003856-4f0687a09b87,62.100,184.710
reviewer-1786003884-07c699c4accd,62.126,676.253
data-analyst-1786003884-cc5c1551b0fa,62.196,403.347
deep-researcher-1786003884-45d870bdfeaa,62.234,557.517
wide-researcher-1786003884-452c9c08b470,62.273,537.153
reviewer-1786003884-4733906f3d75,62.315,546.383
data-analyst-1786003884-d10a0dcb1f60,62.346,373.663
deep-researcher-1786003884-5d48d9fc1145,62.368,229.847
wide-researcher-1786003884-a2118ed71861,62.382,526.051
reviewer-1786003884-5f5d5cda9b45,62.409,603.860
data-analyst-1786003856-04e5389185aa,62.461,138.093
data-analyst-1786003884-8f588c361b04,62.471,427.153
deep-researcher-1786003884-52ad13895eda,62.508,284.956
wide-researcher-1786003884-6603b83e9f49,62.535,295.666
reviewer-1786003884-6e12d26bbe05,62.553,539.324
data-analyst-1786003856-2f1990d67f9d,62.596,184.980
data-analyst-1786003884-a0f7e5d5f5b8,62.605,532.261
deep-researcher-1786003884-14c7ac7ca6d8,62.643,548.104
wide-researcher-1786003884-8915d0300b82,62.657,279.231
reviewer-1786003884-cac723bb8dd3,62.687,639.033
data-analyst-1786003884-1b78e3f9dad6,62.718,302.655
deep-researcher-1786003884-bff749ac9b57,62.731,422.809
wide-researcher-1786003884-7bf8aca43ac8,62.759,264.786
reviewer-1786003884-b019badb9845,62.790,634.467
data-analyst-1786003884-79f16cf47f3d,62.825,416.308
deep-researcher-1786003884-a4242b184477,62.843,194.396
wide-researcher-1786003884-896d5529c337,62.870,287.555
reviewer-1786003884-33e12552787d,62.888,562.179
data-analyst-1786003885-dc6e0455a56c,62.921,543.921
deep-researcher-1786003885-777d4b161e01,62.938,398.353
wide-researcher-1786003885-1261749b243d,62.951,156.393
reviewer-1786003885-437df9fc2706,62.968,627.866
data-analyst-1786003885-03edff1d293c,63.047,588.048
deep-researcher-1786003885-69036b44685b,63.086,528.212
wide-researcher-1786003885-510fdd72aedb,63.110,187.147
reviewer-1786003885-232ecba9fe51,63.139,539.252
data-analyst-1786003853-711ec08b7db0,63.144,112.889
data-analyst-1786003885-fe2c2a0c6582,63.175,324.791
deep-researcher-1786003885-217ffbe6d577,63.190,301.890
wide-researcher-1786003885-83d2fb5757b3,63.219,189.214
reviewer-1786003885-bb703380fbc1,63.253,639.641
data-analyst-1786003852-dfdd939ed1dd,63.288,63.289
data-analyst-1786003885-5233da6a782e,63.308,297.752
deep-researcher-1786003885-d697a1ec06ab,63.322,165.525
wide-researcher-1786003885-ff230fd9f82f,63.352,195.023
reviewer-1786003885-656ec8a12d52,63.407,680.639
data-analyst-1786003885-d38714ec3694,63.451,525.503
deep-researcher-1786003885-a3a71b8f6d14,63.479,296.994
wide-researcher-1786003885-50aea1e9c6f6,63.492,196.034
reviewer-1786003885-aa072a7bf4c8,63.521,556.321
data-analyst-1786003885-b27f893267bb,63.556,413.516
deep-researcher-1786003885-c1642743c1f3,63.578,417.200
data-analyst-1786003852-e920d3b60078,63.587,63.587
wide-researcher-1786003885-dfb674bbc852,63.591,529.127
reviewer-1786003885-78d1831908aa,63.617,540.867
data-analyst-1786003885-45f5f4642a33,63.647,443.614
deep-researcher-1786003885-ea139b77cbd6,63.704,189.997
wide-researcher-1786003885-5ac4813ebb9b,63.740,306.090
data-analyst-1786003853-82b683e8c38a,63.745,63.745
reviewer-1786003885-291711b4593b,63.823,521.513
data-analyst-1786003885-255d6453691d,63.859,540.252
deep-researcher-1786003885-a0e8ccea4c53,63.878,635.127
wide-researcher-1786003885-fa40202881d7,63.891,122.140
reviewer-1786003886-f1138ab1e35a,63.916,649.669
data-analyst-1786003886-302c42ac054f,63.942,382.337
data-analyst-1786003859-8997e997c090,63.975,153.520
deep-researcher-1786003886-34e3a9cfeec0,63.979,285.176
wide-researcher-1786003886-3fc55aef8932,64.011,229.965
reviewer-1786003886-2ee970169614,64.048,489.693
data-analyst-1786003886-42e0ab75fd0e,64.117,401.471
deep-researcher-1786003886-1a6c5516a3a4,64.149,644.429
wide-researcher-1786003886-7efa223ce33c,64.161,194.457
reviewer-1786003886-2591b7501d70,64.178,642.671
data-analyst-1786003853-469b3773c025,64.186,64.186
data-analyst-1786003886-c9b020418a70,64.208,540.697
deep-researcher-1786003886-321e20a0ff29,64.231,289.037
wide-researcher-1786003886-5c5d86a7bab7,64.243,415.301
data-analyst-1786003852-354c2002a94e,64.252,64.253
reviewer-1786003886-1e6db5dc6928,64.266,531.303
data-analyst-1786003886-f86de01b1713,64.296,449.009
data-analyst-1786003853-111d9cac3e3c,64.297,64.301
deep-researcher-1786003886-20d215cabf76,64.335,245.346
wide-researcher-1786003886-e718126fbe76,64.360,420.742
reviewer-1786003886-7520b4f9e321,64.383,657.278
data-analyst-1786003886-66d341bce0ba,64.415,297.456
deep-researcher-1786003886-df9e352a6708,64.428,240.768
wide-researcher-1786003886-d7f09cec23c8,64.440,434.185
reviewer-1786003886-0b4950bcb98b,64.469,422.861
data-analyst-1786003886-2f9e174e5a36,64.515,542.458
deep-researcher-1786003886-93a12195ea81,64.563,299.512
wide-researcher-1786003886-3f9d9fbe684c,64.595,545.933
reviewer-1786003886-74d2f0c3918f,64.607,635.810
data-analyst-1786003886-6146265b3c38,64.660,533.274
deep-researcher-1786003886-82bade23449e,64.681,287.539
wide-researcher-1786003886-d2d7994f1278,64.699,193.878
reviewer-1786003886-b7673818266e,64.727,414.059
data-analyst-1786003855-29f3126f9aed,64.755,64.756
data-analyst-1786003886-45bcc290e01d,64.760,654.726
deep-researcher-1786003886-5e8b68556f8f,64.777,427.767
wide-researcher-1786003886-4c642f65d877,64.831,544.324
reviewer-1786003886-4fee81e20d16,64.861,405.374
data-analyst-1786003856-3250c0e95dd6,64.893,64.893
data-analyst-1786003886-ea194485f546,64.912,405.749
deep-researcher-1786003886-9064a344b107,64.930,186.898
wide-researcher-1786003887-a2f125840fb8,64.966,283.784
reviewer-1786003887-4e49af49c4b1,64.988,548.220
data-analyst-1786003887-5627150e752e,65.029,325.346
deep-researcher-1786003887-6907dbd05679,65.066,441.435
wide-researcher-1786003887-fda4b0f79dad,65.093,532.922
reviewer-1786003887-6c67f90200af,65.130,608.783
data-analyst-1786003887-d309b641da51,65.160,646.049
data-analyst-1786003861-97a8db15bfda,65.179,290.028
deep-researcher-1786003887-de9c1e83c962,65.239,630.622
data-analyst-1786003859-8f5e97929931,65.268,119.713
data-analyst-1786003858-2038a40b4eca,65.285,114.682
wide-researcher-1786003887-be7bb76c6f07,65.327,294.274
reviewer-1786003887-e73574ebfd47,65.341,251.414
data-analyst-1786003856-28fa3f626bda,65.349,65.350
data-analyst-1786003887-3b2449b569af,65.390,406.218
deep-researcher-1786003887-85303d0e4f24,65.403,301.767
wide-researcher-1786003887-2579f18062ee,65.421,423.179
reviewer-1786003887-a74434f9a330,65.434,537.959
data-analyst-1786003887-ea700eff8192,65.460,610.751
deep-researcher-1786003887-19fb8c1e04ae,65.483,663.064
wide-researcher-1786003887-6b21ade38da3,65.555,285.709
reviewer-1786003887-5c63e55cecfd,65.568,546.042
data-analyst-1786003887-23ed5619fb77,65.629,289.331
deep-researcher-1786003887-d8ba495ae23b,65.652,185.099
wide-researcher-1786003887-0eefafdbb4e8,65.669,164.318
reviewer-1786003887-108a534cca29,65.691,640.834
data-analyst-1786003857-7a7bb850f16c,65.695,65.695
data-analyst-1786003856-c9142fc68ba6,65.776,65.777
data-analyst-1786003887-d5acee84bf2d,65.781,296.397
deep-researcher-1786003887-75e96dcbfde1,65.793,401.223
data-analyst-1786003856-0e67c101a198,65.797,65.797
wide-researcher-1786003887-508b33aa81c0,65.810,289.533
reviewer-1786003887-9edda6349e58,65.847,656.113
data-analyst-1786003887-a26984b2c4d7,65.897,404.712
deep-researcher-1786003887-307508bb24c4,65.933,628.351
wide-researcher-1786003887-2f97c986219b,65.947,219.005
reviewer-1786003888-030af80f4adf,65.959,664.308
data-analyst-1786003888-026322000f0f,66.020,533.056
data-analyst-1786003852-908750661aa9,66.053,66.053
deep-researcher-1786003888-3803ec3a8e10,66.073,202.203
data-analyst-1786003856-c9d54fa77f2a,66.088,66.088
wide-researcher-1786003888-edb769d24384,66.109,407.150
data-analyst-1786003856-6f55209fcf57,66.133,66.133
reviewer-1786003888-c314cb59126f,66.162,661.136
data-analyst-1786003888-dbd38f8ae2a2,66.202,419.095
deep-researcher-1786003888-9c5107cf024f,66.239,189.249
wide-researcher-1786003888-c05446a69395,66.253,412.655
data-analyst-1786003860-db36b0479485,66.271,113.296
reviewer-1786003888-149c9bd50f81,66.276,662.358
data-analyst-1786003858-6eda5b69f051,66.294,66.294
data-analyst-1786003888-dff6eb83ba5e,66.369,423.612
deep-researcher-1786003888-838fb391c5b7,66.382,286.816
wide-researcher-1786003888-84f09639a6d1,66.426,401.289
reviewer-1786003888-f66bf50cefce,66.471,631.974
data-analyst-1786003888-fc224b471f2f,66.507,347.238
deep-researcher-1786003888-97ef6574181c,66.520,239.115
wide-researcher-1786003888-c3e9c7d16da4,66.543,300.959
reviewer-1786003888-d9235e563344,66.561,647.277
data-analyst-1786003888-4ce0fedb467e,66.587,301.028
deep-researcher-1786003888-11deac8ae92d,66.631,651.437
wide-researcher-1786003888-77336ad6ee25,66.645,302.293
data-analyst-1786003858-73a5ebb50ada,66.650,66.650
reviewer-1786003888-9fcdc53aee92,66.669,562.890
data-analyst-1786003888-08754107f5b6,66.746,521.671
deep-researcher-1786003888-803ce087e9a6,66.837,197.678
wide-researcher-1786003888-410ee2c2e10f,66.857,274.956
reviewer-1786003888-4e9b883fbcd0,66.869,644.413
data-analyst-1786003888-4aef645c300c,66.905,522.446
deep-researcher-1786003889-d55b9f83f404,66.918,248.129
wide-researcher-1786003889-be36bf327666,66.943,320.233
reviewer-1786003889-9f7bb72348d5,66.955,398.611
data-analyst-1786003889-61fdad43dd31,67.000,629.359
deep-researcher-1786003889-2772249c83a8,67.036,290.563
wide-researcher-1786003889-41bc4641c639,67.068,223.704
reviewer-1786003889-434c1860a17a,67.081,408.477
data-analyst-1786003860-48427033d038,67.094,115.200
data-analyst-1786003856-98d909d10e07,67.130,67.130
data-analyst-1786003889-6bfb9d69ec37,67.142,384.651
deep-researcher-1786003889-e2d7617f22d3,67.165,520.830
wide-researcher-1786003889-6ed1279f1082,67.183,257.911
reviewer-1786003889-f663497ba170,67.206,653.396
data-analyst-1786003889-6329785d9258,67.237,635.712
deep-researcher-1786003889-5521c9c334bf,67.250,631.006
wide-researcher-1786003889-747e8bfd73df,67.267,189.006
reviewer-1786003889-e26c88c9f8b6,67.291,546.194
data-analyst-1786003889-d7e60b982c7c,67.322,638.593
deep-researcher-1786003889-8552deff334d,67.364,193.978
wide-researcher-1786003889-05bcca198aee,67.397,299.710
data-analyst-1786003859-ee9f7fd49b7b,67.416,67.416
reviewer-1786003889-31342bc89a2e,67.433,677.288
data-analyst-1786003889-46f2394781ce,67.464,653.668
deep-researcher-1786003889-ded01cc848b1,67.477,386.857
wide-researcher-1786003889-320f1ee2af1d,67.490,191.600
data-analyst-1786003858-36681311be31,67.500,67.500
reviewer-1786003889-2f2c4b8f159e,67.529,429.807
data-analyst-1786003889-577ca8e4c9fd,67.607,579.725
deep-researcher-1786003889-16f32df5b733,67.621,290.044
wide-researcher-1786003889-8f66e970e40b,67.639,644.507
reviewer-1786003889-d7083cf18204,67.667,600.829
data-analyst-1786003858-91f66c5f5784,67.668,67.668
data-analyst-1786003889-d44032c21a7f,67.707,412.462
deep-researcher-1786003889-657c35b3fb1c,67.731,283.502
wide-researcher-1786003889-3d3b1f3dc31c,67.755,398.165
reviewer-1786003889-630dc8ab1b7f,67.781,557.529
data-analyst-1786003889-3b54634d5f38,67.806,418.852
deep-researcher-1786003889-8d873d21652e,67.874,132.511
wide-researcher-1786003889-7971d4944254,67.897,197.192
reviewer-1786003889-eab4b6b7d959,67.931,565.414
data-analyst-1786003889-2f27534d46ed,67.962,403.993
deep-researcher-1786003890-e6af93ea065c,67.986,188.991
data-analyst-1786003856-cfbeb17728b2,68.010,68.010
wide-researcher-1786003890-378c3d518417,68.014,285.058
reviewer-1786003890-e092b03ff237,68.053,310.042
data-analyst-1786003857-6c170b2707d1,68.061,68.062
data-analyst-1786003858-3d98302f5137,68.075,68.075
data-analyst-1786003890-1e0a24c1b7f1,68.119,522.066
deep-researcher-1786003890-9acce935509b,68.152,351.086
data-analyst-1786003856-860e77c5b688,68.153,68.156
wide-researcher-1786003890-1bc096580c28,68.169,547.107
reviewer-1786003890-9bd4c21e881b,68.192,514.509
data-analyst-1786003890-426a03a0e3ca,68.231,589.577
deep-researcher-1786003890-e8ae5df2fc21,68.255,186.065
wide-researcher-1786003890-4e71ec8a0b58,68.304,291.332
reviewer-1786003890-dd4f79ccd6be,68.356,533.319
data-analyst-1786003890-aedca09230ea,68.381,646.124
deep-researcher-1786003890-c13d83a29c34,68.393,194.681
data-analyst-1786003861-f91c50a46bf2,68.402,68.402
wide-researcher-1786003890-67d9728adcfc,68.420,289.707
reviewer-1786003890-f48e887021d7,68.453,533.859
data-analyst-1786003890-383decb50723,68.483,521.404
deep-researcher-1786003890-9169e424fd57,68.510,299.076
wide-researcher-1786003890-d2cdc6f80786,68.538,535.772
reviewer-1786003890-a7f32ed6c907,68.576,677.444
data-analyst-1786003890-f4ae40737d8e,68.601,297.440
deep-researcher-1786003890-96d0a6f1b27e,68.645,656.224
wide-researcher-1786003890-b80b451f4dc6,68.673,219.836
reviewer-1786003890-c59d83963570,68.695,563.168
data-analyst-1786003890-b9178394b6cd,68.725,562.699
deep-researcher-1786003890-da2159dbbd64,68.743,667.096
wide-researcher-1786003890-a3f010722a56,68.761,296.349
reviewer-1786003890-8d15d6c3d7ff,68.775,564.240
data-analyst-1786003852-6683324a6444,68.791,68.792
data-analyst-1786003890-9e12f988026c,68.804,426.347
deep-researcher-1786003890-84e20dbcebc3,68.877,189.039
wide-researcher-1786003890-24708be8e33c,68.904,283.884
reviewer-1786003890-a825293c1a3a,68.956,540.345
data-analyst-1786003890-0d9a8f615e00,68.986,646.697
deep-researcher-1786003891-9c7625f9854a,68.998,540.019
wide-researcher-1786003891-a5b3c3508f92,69.036,187.548
reviewer-1786003891-38d0f826101d,69.054,537.123
data-analyst-1786003891-8a8c86992d57,69.120,544.264
deep-researcher-1786003891-f64b09224c4b,69.133,669.051
wide-researcher-1786003891-3bc13914bcf5,69.167,453.502
reviewer-1786003891-1db04c0f0314,69.179,671.106
data-analyst-1786003891-91828f844dae,69.210,410.063
deep-researcher-1786003891-8bb3d9ca2b2e,69.264,641.293
data-analyst-1786003865-1fb8b3c0792f,69.264,115.304
wide-researcher-1786003891-e044577a1a7f,69.276,559.979
reviewer-1786003891-9a445977844e,69.293,627.928
data-analyst-1786003865-5e1887d290e7,69.306,115.121
data-analyst-1786003891-af515b27fe2d,69.382,404.935
deep-researcher-1786003891-27579a50538d,69.410,194.590
wide-researcher-1786003891-413bfc8fb47c,69.439,349.415
reviewer-1786003891-2f8bf3f32906,69.451,412.396
data-analyst-1786003891-ba2b24bb4cd6,69.492,527.377
deep-researcher-1786003891-66da17345407,69.504,289.588
wide-researcher-1786003891-528d82e0afff,69.527,188.399
reviewer-1786003891-cf411fbb0eed,69.540,525.118
data-analyst-1786003891-4d09adcfd17d,69.576,521.973
deep-researcher-1786003891-8ba88b3a7532,69.629,187.681
wide-researcher-1786003891-b7cae6cd0962,69.663,413.907
reviewer-1786003891-d3a0bf18468d,69.702,556.401
data-analyst-1786003891-d1be5d601530,69.743,342.471
data-analyst-1786003866-d324718f3ecb,69.837,185.508
deep-researcher-1786003891-87b91b5ee7b4,69.866,195.860
wide-researcher-1786003891-6086edef38fa,69.881,211.365
reviewer-1786003891-d122b0f2002b,69.895,677.802
data-analyst-1786003891-361d91f6dfd1,69.932,456.468
data-analyst-1786003859-1a18275ea560,69.956,69.956
deep-researcher-1786003892-e8669c1af5a8,69.965,346.372
data-analyst-1786003857-e981344bb135,69.974,69.974
data-analyst-1786003861-5e430db12ba7,69.989,69.989
wide-researcher-1786003892-13eca7aff4bd,70.017,542.275
reviewer-1786003892-76ef962a7a29,70.056,524.218
data-analyst-1786003856-063cbf4535d5,70.073,70.074
data-analyst-1786003892-ee8c6d9fe141,70.094,401.373
deep-researcher-1786003892-71adb2a7df9a,70.107,657.419
wide-researcher-1786003892-e2f0162d7f61,70.120,190.806
reviewer-1786003892-5e394ded55a6,70.155,540.839
data-analyst-1786003892-570c6cb125ca,70.206,611.030
deep-researcher-1786003892-a23b3b2ea57d,70.225,670.034
data-analyst-1786003852-5098bef79e1a,70.235,70.235
data-analyst-1786003852-c8f029d29918,70.251,70.251
wide-researcher-1786003892-89a3ab85041d,70.255,299.860
reviewer-1786003892-764bbeb5889a,70.284,428.776
data-analyst-1786003892-f1b5801b2374,70.316,401.614
deep-researcher-1786003892-847ba876462b,70.361,295.993
wide-researcher-1786003892-0a24bb45bf8b,70.389,529.112
reviewer-1786003892-fe15daaffc68,70.413,653.999
data-analyst-1786003892-1b1da9cc2ee7,70.449,309.219
data-analyst-1786003856-2e8e78810c04,70.458,70.458
deep-researcher-1786003892-f7a23f9afb57,70.472,244.217
wide-researcher-1786003892-1aa0218a500f,70.495,234.330
reviewer-1786003892-a1ffe4078251,70.513,565.554
data-analyst-1786003892-876858db6781,70.556,678.990
deep-researcher-1786003892-3c6a17765b5b,70.568,295.352
wide-researcher-1786003892-92130c62ca36,70.580,185.659
reviewer-1786003892-3f3d32ac242b,70.636,641.194
data-analyst-1786003892-446ed242602f,70.677,544.691
deep-researcher-1786003892-510ae2b8a815,70.698,227.401
wide-researcher-1786003892-703467822681,70.710,221.494
data-analyst-1786003861-eb0fb25ef210,70.711,70.714
reviewer-1786003892-b2fe3d771e3f,70.754,650.282
data-analyst-1786003892-3c20d23638e5,70.783,680.266
deep-researcher-1786003892-975fb501ce36,70.806,400.371
wide-researcher-1786003892-bb619a766e0f,70.818,408.585
reviewer-1786003892-961901803fc6,70.830,296.224
data-analyst-1786003892-9b405c3f3d60,70.887,443.936
deep-researcher-1786003892-b46804b01783,70.918,286.213
wide-researcher-1786003893-3ef5a97acb82,70.941,289.646
reviewer-1786003893-45956bf2c5cf,70.954,675.582
data-analyst-1786003861-757750b56278,70.955,70.958
data-analyst-1786003893-a8212fcf21a4,71.014,568.550
deep-researcher-1786003893-a66f271cb6c3,71.039,646.833
wide-researcher-1786003893-72efe825c3b0,71.052,426.650
reviewer-1786003893-b046bcf68ee4,71.065,644.381
data-analyst-1786003893-ec878b358156,71.112,294.179
data-analyst-1786003858-38e647687b9f,71.122,71.122
deep-researcher-1786003893-7a988d55536a,71.169,671.088
wide-researcher-1786003893-e87616e54eb6,71.183,210.622
reviewer-1786003893-5f514da2d2ba,71.217,399.770
data-analyst-1786003893-312e742f4a8b,71.250,664.782
data-analyst-1786003857-1b66b5483777,71.291,71.292
deep-researcher-1786003893-df97d045d43c,71.323,538.316
data-analyst-1786003865-2568ae1d90b6,71.343,113.310
wide-researcher-1786003893-a5f03675cfee,71.375,266.960
reviewer-1786003893-2f631e6b0e0a,71.404,318.001
data-analyst-1786003893-0e116bbf85e8,71.448,671.496
deep-researcher-1786003893-37c4735e665a,71.472,283.679
wide-researcher-1786003893-092f4cb16cc5,71.496,537.447
reviewer-1786003893-c5f33cd7506e,71.525,545.318
data-analyst-1786003856-b5544b417d28,71.548,71.549
data-analyst-1786003867-6f3137387e82,71.582,161.405
data-analyst-1786003893-7810150a934f,71.607,653.607
deep-researcher-1786003893-a35b84ab9683,71.631,192.620
wide-researcher-1786003893-4ac93eb68810,71.650,529.170
reviewer-1786003893-5443620d580c,71.736,414.225
data-analyst-1786003893-7f969a0d5131,71.789,520.802
data-analyst-1786003852-3b7e9a12ff83,71.799,71.799
deep-researcher-1786003893-0af3508ec225,71.803,300.701
wide-researcher-1786003893-788fe9ccae7e,71.831,194.577
data-analyst-1786003863-14051ab6336b,71.866,112.825
reviewer-1786003893-bb0de9899567,71.876,479.915
data-analyst-1786003893-290416a130aa,71.925,590.394
deep-researcher-1786003893-d6a96d360563,71.965,412.708
wide-researcher-1786003894-94c37241b3bf,71.981,122.826
reviewer-1786003894-98a5b08ce0b3,72.010,652.189
data-analyst-1786003894-767624433dec,72.036,580.848
deep-researcher-1786003894-0d7701991ebf,72.054,184.880
wide-researcher-1786003894-3ea2c1e52da8,72.066,271.971
data-analyst-1786003862-3ca396da265d,72.082,72.083
reviewer-1786003894-d9f51a53e115,72.087,605.100
data-analyst-1786003894-8841946462d6,72.143,591.319
deep-researcher-1786003894-507ff6dc97c3,72.166,190.417
data-analyst-1786003863-f62fe92c4cab,72.193,72.194
wide-researcher-1786003894-4a9bdc753b6b,72.198,289.930
reviewer-1786003894-a0fcae8cf06d,72.210,403.647
data-analyst-1786003894-db97ebabc495,72.256,627.992
data-analyst-1786003855-d0b5375ace4f,72.260,72.260
deep-researcher-1786003894-00f8dc606122,72.273,400.955
wide-researcher-1786003894-f0457bc7255d,72.285,219.174
reviewer-1786003894-50f1e1b7abe3,72.314,655.752
data-analyst-1786003894-ddc0ad15f761,72.341,543.094
deep-researcher-1786003894-df89f9458998,72.354,288.549
wide-researcher-1786003894-ed3effba60f4,72.423,406.985
reviewer-1786003894-11e6b5be4035,72.453,426.054
data-analyst-1786003894-1287981b05d5,72.519,667.853
deep-researcher-1786003894-a81085d441eb,72.542,284.620
wide-researcher-1786003894-9ee9206aa190,72.557,299.755
reviewer-1786003894-3cada2f154a6,72.576,550.914
data-analyst-1786003894-fc6bdd162232,72.623,534.703
deep-researcher-1786003894-54acdb4ac4ae,72.646,255.744
wide-researcher-1786003894-04174b843fc6,72.681,663.869
reviewer-1786003894-edc1b838bab9,72.711,550.928
data-analyst-1786003894-e02341f67716,72.743,527.274
data-analyst-1786003862-fc01428b2ff5,72.774,113.922
deep-researcher-1786003894-87053fccd22b,72.888,283.724
wide-researcher-1786003894-b2bf765cc05a,72.921,290.890
reviewer-1786003894-338eb97384ff,72.935,504.809
data-analyst-1786003894-e5cb3a921183,72.979,634.941
deep-researcher-1786003895-c73f4fceeead,73.006,284.488
wide-researcher-1786003895-e70da676a334,73.035,266.367
reviewer-1786003895-5e74643fad40,73.049,299.832
data-analyst-1786003895-fca26777a7b2,73.092,672.273
data-analyst-1786003866-8902fe478def,73.093,114.695
deep-researcher-1786003895-b43ef33a1c67,73.119,302.558
wide-researcher-1786003895-cd30ca8b775d,73.137,191.165
reviewer-1786003895-0e99876eea76,73.173,653.054
data-analyst-1786003895-2df29cd90b75,73.204,605.014
deep-researcher-1786003895-927cb47d6af9,73.227,295.010
wide-researcher-1786003895-a615c0230d3d,73.253,302.310
reviewer-1786003895-03dec4692b6a,73.296,589.047
data-analyst-1786003866-1cee041a2cb1,73.300,114.222
data-analyst-1786003863-bc7616d702b6,73.317,73.318
data-analyst-1786003857-87a4769a783e,73.330,73.331
data-analyst-1786003895-365bc086b2cf,73.339,412.820
deep-researcher-1786003895-164ba6548c79,73.382,289.897
wide-researcher-1786003895-3991c8edfed3,73.403,213.503
reviewer-1786003895-e57468507732,73.432,326.900
data-analyst-1786003895-04f584269079,73.474,533.963
data-analyst-1786003858-49ad51af85c5,73.498,73.499
deep-researcher-1786003895-ae4e676a699e,73.513,553.870
wide-researcher-1786003895-a7305635354f,73.540,553.105
reviewer-1786003895-9981c82a3f97,73.554,641.924
data-analyst-1786003895-5dd77e84f4af,73.584,523.761
deep-researcher-1786003895-4747de74be31,73.596,286.619
wide-researcher-1786003895-dc145d2297d1,73.608,437.452
reviewer-1786003895-342ab44cb416,73.647,669.732
data-analyst-1786003895-1dd738190776,73.682,645.242
deep-researcher-1786003895-b7a0f4f8fc05,73.705,211.481
wide-researcher-1786003895-84e99fcfa29d,73.722,193.503
reviewer-1786003895-8b4531f28afa,73.764,323.109
data-analyst-1786003895-c21dac7d1b14,73.835,683.532
deep-researcher-1786003895-f5bdc58bc621,73.848,401.192
wide-researcher-1786003895-ab7ddfc7f359,73.860,537.378
reviewer-1786003895-a882d6eacc53,73.898,633.482
data-analyst-1786003896-d27bbf0900b5,73.935,348.958
deep-researcher-1786003896-acad2b75349b,73.971,194.332
wide-researcher-1786003896-bdfc5f2902b2,74.033,675.059
reviewer-1786003896-eec3f0fd156a,74.066,656.783
data-analyst-1786003896-c79f459f3eb1,74.092,646.439
deep-researcher-1786003896-5aab863455de,74.130,185.176
wide-researcher-1786003896-f3bbdfa9f544,74.162,592.533
reviewer-1786003896-f4f6bafee9ae,74.189,638.577
data-analyst-1786003896-1aa2d7a12811,74.233,526.125
deep-researcher-1786003896-503dba36797d,74.254,219.191
wide-researcher-1786003896-6448969ece14,74.341,187.918
reviewer-1786003896-0e3982811cda,74.370,411.645
data-analyst-1786003896-69daf1305f53,74.409,425.327
deep-researcher-1786003896-349845155efb,74.429,536.328
wide-researcher-1786003896-7119813b12d2,74.451,306.529
reviewer-1786003896-7d1bde0e7015,74.468,554.110
data-analyst-1786003896-3039a7f49e6b,74.552,426.518
deep-researcher-1786003896-68240f77cd0a,74.607,290.549
wide-researcher-1786003896-1722549d4033,74.625,282.938
reviewer-1786003896-e07df5d70b7f,74.656,623.138
data-analyst-1786003867-b32a59d05123,74.656,113.812
data-analyst-1786003896-3b39679b53da,74.695,533.754
deep-researcher-1786003896-367277396bb1,74.722,287.718
wide-researcher-1786003896-8389150257b0,74.758,549.775
reviewer-1786003896-e5d80fe157b2,74.809,610.186
data-analyst-1786003896-f881c3ea8bc5,74.847,604.525
deep-researcher-1786003896-b9a4468e46da,74.889,650.412
data-analyst-1786003863-05849ba7fa3a,74.906,74.907
wide-researcher-1786003896-a43e807ebb4a,74.911,297.881
reviewer-1786003897-cb90115f19b1,74.939,451.332
data-analyst-1786003897-7e5a762370a3,74.980,473.668
deep-researcher-1786003897-cd22a2a3698b,75.022,541.612
wide-researcher-1786003897-3d1f3bb9bedb,75.050,286.880
reviewer-1786003897-027896b83eb8,75.062,476.694
data-analyst-1786003897-1f52b7921b7e,75.097,521.687
deep-researcher-1786003897-62ca90e66a92,75.172,258.717
wide-researcher-1786003897-d75bbcbfaff8,75.218,549.492
reviewer-1786003897-02628620970c,75.231,686.209
data-analyst-1786003897-0e84e7e2bc36,75.269,558.422
deep-researcher-1786003897-93405b569421,75.282,191.090
wide-researcher-1786003897-a8547e651488,75.294,251.905
reviewer-1786003897-1f5f5ff128bc,75.347,636.561
data-analyst-1786003897-d52e5d44fc0e,75.377,531.014
deep-researcher-1786003897-40e89f81dc67,75.416,200.192
wide-researcher-1786003897-1954afa927f0,75.441,192.061
reviewer-1786003897-e1822fbe2dd2,75.472,421.943
data-analyst-1786003897-1554de1445f8,75.530,663.753
deep-researcher-1786003897-850d3cbbdde3,75.542,405.250
wide-researcher-1786003897-67c498a375da,75.571,303.344
reviewer-1786003897-7c86b96c3114,75.592,638.546
data-analyst-1786003870-1583f1b33813,75.624,113.983
data-analyst-1786003868-997aa5b569f6,75.639,115.319
data-analyst-1786003897-8766674909ba,75.644,403.265
deep-researcher-1786003897-b94077e01626,75.675,534.122
wide-researcher-1786003897-8c313f645ca6,75.704,226.045
reviewer-1786003897-ef9e13abda53,75.752,656.015
data-analyst-1786003858-9739981ec82c,75.789,112.065
data-analyst-1786003856-0f818f66d943,75.808,75.808
data-analyst-1786003897-ee2cf2514526,75.846,490.508
deep-researcher-1786003897-785b114811a6,75.879,653.564
wide-researcher-1786003897-41e421d8ca3e,75.901,287.570
reviewer-1786003897-02558f98f78b,75.923,362.775
data-analyst-1786003898-43016ce185f2,75.954,299.197
deep-researcher-1786003898-fa4147b7285c,75.966,289.739
data-analyst-1786003855-f63b94620b8c,75.970,75.970
wide-researcher-1786003898-088b9e19a1d8,75.979,292.114
reviewer-1786003898-999a361d23db,75.992,529.455
data-analyst-1786003898-91719c890482,76.030,536.272
deep-researcher-1786003898-d5f589f25b41,76.051,649.550
wide-researcher-1786003898-7d8741889d45,76.083,468.641
reviewer-1786003898-545482e0fa91,76.108,522.684
data-analyst-1786003898-f5847fb8f271,76.170,544.616
data-analyst-1786003862-d7981497b721,76.195,76.195
deep-researcher-1786003898-cc88ab552343,76.208,620.838
wide-researcher-1786003898-d1f676a2ffbe,76.317,405.292
reviewer-1786003898-c1964c68a48e,76.339,636.716
data-analyst-1786003898-d4d4f7ace134,76.401,401.754
deep-researcher-1786003898-cd47cebec986,76.414,188.890
wide-researcher-1786003898-c157ddf120f8,76.427,295.619
reviewer-1786003898-f371eaa52096,76.457,658.420
data-analyst-1786003898-80cefa1ad482,76.494,289.981
deep-researcher-1786003898-6745939860d8,76.542,274.778
wide-researcher-1786003898-3b2f1992c03d,76.561,188.509
reviewer-1786003898-9b8eaf6a0e79,76.575,642.796
data-analyst-1786003898-7e60c7218644,76.616,467.132
data-analyst-1786003869-bc3059c22069,76.636,113.966
deep-researcher-1786003898-fca19f27f432,76.663,227.622
wide-researcher-1786003898-cd8dfcffd73a,76.677,301.516
data-analyst-1786003856-0230818f02b3,76.718,76.719
reviewer-1786003898-da05d4741482,76.723,548.955
data-analyst-1786003866-841b6d4c0e8b,76.735,76.736
data-analyst-1786003898-9645df35275f,76.748,526.620
deep-researcher-1786003898-458571e7ab07,76.782,191.959
wide-researcher-1786003898-e8f373e88c66,76.796,133.926
reviewer-1786003898-dc6449af5053,76.870,662.276
data-analyst-1786003898-214b5d8cd83b,76.926,521.704
deep-researcher-1786003898-8a7ebdedabc3,77.048,236.338
wide-researcher-1786003898-3687eee40297,77.077,278.893
reviewer-1786003899-76fb354c8090,77.089,653.071
data-analyst-1786003899-51fbef1e06ec,77.115,650.924
deep-researcher-1786003899-2142977edaa6,77.150,300.735
wide-researcher-1786003899-3e3f3ffae7b7,77.173,211.236
reviewer-1786003899-420b3f01bbf7,77.214,531.956
data-analyst-1786003899-1db1359e984f,77.267,644.906
deep-researcher-1786003899-e0594f56579d,77.280,288.499
wide-researcher-1786003899-10b2ec8eefe1,77.305,200.477
reviewer-1786003899-56f3b583ba3b,77.390,597.678
data-analyst-1786003871-2ae0dbf9dcdb,77.411,112.570
data-analyst-1786003899-66524b8e29e9,77.416,544.600
deep-researcher-1786003899-7086006b5d1f,77.441,289.052
wide-researcher-1786003899-22ccd178db20,77.464,293.233
reviewer-1786003899-b7f8e8c01db7,77.476,676.510
data-analyst-1786003899-83a6d30c34f0,77.506,462.655
deep-researcher-1786003899-35337e9e7b3e,77.544,368.853
wide-researcher-1786003899-cae9ecbb382c,77.578,250.110
reviewer-1786003899-848c2f47907c,77.598,644.344
data-analyst-1786003899-7967722ce890,77.684,373.584
deep-researcher-1786003899-8d0abb906579,77.707,550.196
wide-researcher-1786003899-f084bde253f8,77.721,218.472
reviewer-1786003899-5fad826178db,77.787,658.805
data-analyst-1786003899-4434737866dc,77.826,545.209
deep-researcher-1786003899-8fabe344d1a2,77.839,186.292
wide-researcher-1786003899-35ece7d2c6d2,77.851,289.945
reviewer-1786003899-fb94a07d43e1,77.909,422.167
data-analyst-1786003900-008fe9490f90,77.935,425.260
deep-researcher-1786003900-91ac20baadf7,77.958,341.057
wide-researcher-1786003900-4e4f0cd7e717,77.979,259.188
reviewer-1786003900-21dbaad3575e,78.006,424.926
data-analyst-1786003900-dcdee9724e00,78.042,476.200
deep-researcher-1786003900-b31c8c684d94,78.054,408.356
wide-researcher-1786003900-362a86b04014,78.072,283.850
data-analyst-1786003868-e8afc738fd73,78.081,113.763
reviewer-1786003900-43b4d635cdbe,78.093,561.165
data-analyst-1786003900-637bfde026d3,78.130,429.951
deep-researcher-1786003900-303ea3d3cb70,78.177,632.154
wide-researcher-1786003900-e7c414b9b7df,78.194,351.408
reviewer-1786003900-b7b9ae0bff05,78.213,655.978
data-analyst-1786003900-bf10da986c43,78.256,359.577
deep-researcher-1786003900-d956232bcf3b,78.285,629.947
wide-researcher-1786003900-94ecba861cf1,78.297,198.553
reviewer-1786003900-82d69813bc79,78.319,635.160
data-analyst-1786003867-54497f47f8b5,78.383,112.119
data-analyst-1786003900-ecfd0edae052,78.387,522.037
deep-researcher-1786003900-6136386c45a1,78.399,404.904
wide-researcher-1786003900-e0e2c541f269,78.430,440.981
reviewer-1786003900-3376aa4f75ed,78.496,527.943
data-analyst-1786003900-60113df02530,78.558,442.131
deep-researcher-1786003900-174aa4b75244,78.587,311.846
wide-researcher-1786003900-91fcd8e9755b,78.609,286.253
reviewer-1786003900-4d19efaf73e7,78.627,525.365
data-analyst-1786003900-f2d994a6cc7f,78.665,655.067
deep-researcher-1786003900-84e0efbd3397,78.722,301.180
data-analyst-1786003870-152cb2480671,78.723,113.611
wide-researcher-1786003900-5f90fac129cc,78.735,401.787
reviewer-1786003900-c473b035232c,78.748,531.816
data-analyst-1786003870-e2dbf89099f6,78.762,117.796
data-analyst-1786003862-25c63b8b6a0e,78.796,111.656
data-analyst-1786003900-3c459681844b,78.818,527.392
deep-researcher-1786003900-ee09710c5cdc,78.898,530.702
wide-researcher-1786003900-cfbf9e200922,78.946,186.700
reviewer-1786003900-5b99a273b27c,78.975,342.381
data-analyst-1786003901-0ff88637d9d7,79.010,424.140
deep-researcher-1786003901-e506e6451894,79.027,594.680
wide-researcher-1786003901-5c999f81edfe,79.045,290.198
reviewer-1786003901-5a92455a6024,79.088,411.048
data-analyst-1786003859-46404a2aa61c,79.101,79.101
data-analyst-1786003866-e422ff78ba0f,79.115,79.115
data-analyst-1786003901-d03728d89b6c,79.127,641.655
deep-researcher-1786003901-a81e4dc7869a,79.192,247.049
wide-researcher-1786003901-0ff673c2b562,79.221,190.044
reviewer-1786003901-a97593c13680,79.299,546.961
data-analyst-1786003901-a7badf12e757,79.345,541.681
deep-researcher-1786003901-cba84c264c8e,79.364,336.911
wide-researcher-1786003901-cc87f61496db,79.419,404.978
reviewer-1786003901-13ee91df6b91,79.432,563.692
data-analyst-1786003901-1f70a3bf8fbb,79.478,654.508
deep-researcher-1786003901-8baee3eaf457,79.490,185.818
data-analyst-1786003863-4c937d0d266b,79.511,79.512
wide-researcher-1786003901-ba4481b5586d,79.516,641.852
data-analyst-1786003866-055a47e5fd58,79.530,79.530
reviewer-1786003901-74937e34757e,79.534,654.583
data-analyst-1786003901-f6866910255e,79.565,669.589
deep-researcher-1786003901-743bcd826dbb,79.590,298.495
wide-researcher-1786003901-ad46b7f34501,79.603,287.460
data-analyst-1786003868-212ce3d0f17e,79.631,79.632
reviewer-1786003901-1a6f8a3b51f4,79.636,667.592
data-analyst-1786003901-9f6720379c38,79.691,639.607
deep-researcher-1786003901-d07cfc9f4968,79.729,283.693
wide-researcher-1786003901-47376bbfc58e,79.742,187.696
reviewer-1786003901-f5fbe1ffe992,79.769,453.425
data-analyst-1786003872-9a4c62ee191b,79.792,121.105
data-analyst-1786003901-3a2aa49e0554,79.805,402.049
deep-researcher-1786003901-e9b11e3429dd,79.818,292.624
wide-researcher-1786003901-c762766df313,79.831,271.592
reviewer-1786003901-3c8a529191ea,79.843,642.398
data-analyst-1786003901-2ee8a9561d09,79.900,422.575
deep-researcher-1786003902-c05d17762bcc,79.934,539.856
wide-researcher-1786003902-58dbe2b2f5f2,79.979,293.217
reviewer-1786003902-e09925ca06f3,80.001,536.464
data-analyst-1786003902-23263b058a22,80.062,400.616
deep-researcher-1786003902-d68ba6aa8a24,80.074,332.801
wide-researcher-1786003902-7b5b1f6a6ee7,80.097,304.078
reviewer-1786003902-164e6da314a6,80.120,536.851
data-analyst-1786003902-b275e924b894,80.169,426.238
deep-researcher-1786003902-548e16c6ca0a,80.200,286.010
wide-researcher-1786003902-191328823cad,80.238,204.223
reviewer-1786003902-f3184b5b9c80,80.252,629.749
data-analyst-1786003863-23cdebcf2494,80.274,80.275
data-analyst-1786003856-da19a8ac9d32,80.288,80.288
data-analyst-1786003902-0bcb72156e85,80.292,540.979
deep-researcher-1786003902-416283b7ea62,80.334,632.452
wide-researcher-1786003902-c9cba36e8655,80.405,292.172
reviewer-1786003902-001a787273a7,80.453,541.907
data-analyst-1786003902-0e311f214417,80.494,541.555
deep-researcher-1786003902-d82bce0178c2,80.510,406.235
wide-researcher-1786003902-5701a6e5831f,80.524,298.228
reviewer-1786003902-997ec7569764,80.536,643.154
data-analyst-1786003902-e90cd5be52ce,80.566,420.435
deep-researcher-1786003902-deb2906fa3a9,80.603,287.677
wide-researcher-1786003902-251cd3ae8626,80.630,366.784
reviewer-1786003902-3ea4f77cd827,80.671,632.063
data-analyst-1786003902-550f98ffe3b7,80.702,301.973
data-analyst-1786003866-4a64d24283c5,80.711,80.711
deep-researcher-1786003902-fdaf2270c293,80.725,301.446
wide-researcher-1786003902-e41c15bcbd81,80.776,355.456
reviewer-1786003902-64720ce9865f,80.812,660.057
data-analyst-1786003902-80f8bc976f85,80.848,631.226
data-analyst-1786003868-a6a9d0c131b8,80.909,80.909
deep-researcher-1786003902-3d64fb0052f8,80.917,210.505
data-analyst-1786003866-8ef1de7c539f,80.926,80.926
wide-researcher-1786003902-47f0bce9caa5,80.930,558.170
reviewer-1786003903-e9fc4806015f,80.942,419.238
data-analyst-1786003903-a9e33e4a9b64,80.977,643.490
deep-researcher-1786003903-cee538ab0f98,80.994,293.074
wide-researcher-1786003903-b764c5cec84a,81.022,660.479
reviewer-1786003903-83b1e6c1f790,81.039,631.640
data-analyst-1786003868-ba5402206e46,81.055,81.056
data-analyst-1786003903-933b4cb9bf52,81.077,400.017
data-analyst-1786003868-6dbb48e74fac,81.099,114.669
deep-researcher-1786003903-e263b9985cf9,81.107,402.322
wide-researcher-1786003903-0e9fd0c4372f,81.149,301.620
reviewer-1786003903-80b6e9ce1406,81.200,396.186
data-analyst-1786003903-70ee33165a97,81.243,403.195
deep-researcher-1786003903-64a661769662,81.317,248.567
wide-researcher-1786003903-36727f658bde,81.334,649.648
reviewer-1786003903-649d77cb727c,81.357,427.693
data-analyst-1786003903-4fa62a7949f6,81.405,403.883
deep-researcher-1786003903-b766f158bc3e,81.440,214.154
wide-researcher-1786003903-7c1d591ab7d0,81.484,290.716
data-analyst-1786003870-bc8522445799,81.488,81.488
data-analyst-1786003861-419bb5c33a8c,81.504,81.504
reviewer-1786003903-e9a254c2678a,81.508,687.491
data-analyst-1786003903-4b6576d0636a,81.567,416.109
deep-researcher-1786003903-ef97b41d8484,81.580,645.554
wide-researcher-1786003903-e43c6b9e17c8,81.609,194.226
reviewer-1786003903-9b1c9fe88e93,81.638,421.075
data-analyst-1786003903-a036bb59beac,81.691,407.994
deep-researcher-1786003903-a67aef280192,81.717,413.971
wide-researcher-1786003903-097bc961234b,81.742,465.044
reviewer-1786003903-092af7116d26,81.754,630.408
data-analyst-1786003903-f22597bf6e0c,81.809,557.448
deep-researcher-1786003903-0010ef0496ab,81.840,193.661
wide-researcher-1786003903-3def7a84cbe5,81.914,628.983
reviewer-1786003903-b6094df3a8ba,81.964,533.171
data-analyst-1786003903-dc0a5a4f5205,82.000,648.167
deep-researcher-1786003904-4b926832de3f,82.022,534.310
wide-researcher-1786003904-5d5e62c7932a,82.034,636.460
reviewer-1786003904-716d156a8a96,82.047,635.399
data-analyst-1786003862-d741d2acc72f,82.055,82.056
data-analyst-1786003904-edf0c546f69f,82.112,683.253
deep-researcher-1786003904-e741d10855f9,82.141,193.920
data-analyst-1786003867-bbcb9653ae50,82.178,82.178
wide-researcher-1786003904-2750421432e4,82.186,383.753
reviewer-1786003904-d2a943e202f3,82.217,632.941
data-analyst-1786003871-837d9a2da3fc,82.253,114.740
data-analyst-1786003904-61faabb6dc58,82.322,665.671
deep-researcher-1786003904-ecef80c3dcf8,82.364,202.016
wide-researcher-1786003904-78b5a4e9ec8f,82.387,210.891
reviewer-1786003904-2aaae3fd12f9,82.428,538.121
data-analyst-1786003904-a7936d87926f,82.454,544.554
deep-researcher-1786003904-60515c4a21ac,82.491,252.476
wide-researcher-1786003904-9c5eb66055be,82.507,418.495
reviewer-1786003904-70144d15fcac,82.531,422.187
data-analyst-1786003904-feb58cb48587,82.560,412.206
deep-researcher-1786003904-9cbf964a5688,82.599,300.132
wide-researcher-1786003904-061791057d2e,82.617,632.467
reviewer-1786003904-6eabdfa47bc2,82.657,550.489
data-analyst-1786003904-f36ab0ea7072,82.712,528.533
deep-researcher-1786003904-dd69135bd462,82.725,195.790
wide-researcher-1786003904-fb32dd0d58ad,82.750,430.811
reviewer-1786003904-874d35256731,82.781,633.323
data-analyst-1786003904-77fff5e86036,82.827,527.362
deep-researcher-1786003904-29c16202455d,82.854,533.126
wide-researcher-1786003904-78f1b958bf21,82.871,284.088
reviewer-1786003904-44f87437d5fc,82.884,566.515
data-analyst-1786003867-7c48ef5ea6a3,82.912,82.912
data-analyst-1786003867-2285a1929c48,82.925,82.926
data-analyst-1786003905-82a3739cc918,82.946,630.517
deep-researcher-1786003905-329a37ab5032,82.991,406.086
wide-researcher-1786003905-2f472ec9cb40,83.021,258.731
reviewer-1786003905-ab4d0eeb8a5b,83.035,537.299
data-analyst-1786003905-c604a344d2f7,83.082,534.182
deep-researcher-1786003905-22bff38eda55,83.095,194.256
data-analyst-1786003870-6f153969abdf,83.105,83.105
wide-researcher-1786003905-6fa239819ad2,83.123,378.599
reviewer-1786003905-a895bc288536,83.152,416.186
data-analyst-1786003872-b42f31780974,83.156,113.596
data-analyst-1786003905-d289fd16ac2e,83.184,536.625
deep-researcher-1786003905-ff0fe6cec957,83.223,420.567
data-analyst-1786003866-7e84cf38a241,83.261,83.261
wide-researcher-1786003905-de86eb82e8a9,83.265,406.202
reviewer-1786003905-6ca0c2388608,83.315,487.655
data-analyst-1786003905-75672102e87c,83.348,410.901
data-analyst-1786003865-28e8b38f7c0a,83.421,83.422
deep-researcher-1786003905-bd15ca1b6e9b,83.426,416.842
wide-researcher-1786003905-a9c9ab1e6833,83.461,299.540
reviewer-1786003905-c1c74845e2ad,83.508,427.512
data-analyst-1786003905-88846c0a7423,83.534,630.192
deep-researcher-1786003905-4a6762f2763e,83.556,287.830
wide-researcher-1786003905-7201a3bff3e2,83.569,546.749
data-analyst-1786003856-5691db092d53,83.589,83.589
reviewer-1786003905-63ea7d4573b8,83.589,490.319
data-analyst-1786003870-d8ae7c5b235f,83.606,83.606
data-analyst-1786003905-fcbfb73b529a,83.625,651.262
deep-researcher-1786003905-6780f5c14d7f,83.691,250.096
wide-researcher-1786003905-93235045d814,83.734,192.927
reviewer-1786003905-f120a3665be2,83.800,647.788
data-analyst-1786003905-a4aed825aa14,83.868,421.316
deep-researcher-1786003905-2b6417209e8c,83.897,212.552
data-analyst-1786003875-2acec0278c31,83.935,297.028
wide-researcher-1786003905-57c829b8e280,83.936,527.204
data-analyst-1786003875-0e0c229e95aa,83.954,114.450
reviewer-1786003905-ffb47e9c7888,83.967,420.076
data-analyst-1786003906-9cad3800ac27,83.998,484.023
data-analyst-1786003868-c9fd38f088cc,84.003,84.003
deep-researcher-1786003906-c51ed1695829,84.011,661.574
wide-researcher-1786003906-d1e8d5466639,84.024,293.061
reviewer-1786003906-1ef87deb2736,84.050,666.743
data-analyst-1786003906-f7eddb99036a,84.078,425.601
deep-researcher-1786003906-70799e6c829c,84.104,252.693
wide-researcher-1786003906-63392ae9c514,84.127,309.789
reviewer-1786003906-0ae395322865,84.140,523.976
data-analyst-1786003906-338c4f474792,84.178,543.893
data-analyst-1786003859-6ae6960e2f83,84.215,117.829
deep-researcher-1786003906-03369a254f77,84.233,671.822
wide-researcher-1786003906-0b1dcba24728,84.247,637.806
reviewer-1786003906-7cb83a20b2fa,84.298,645.403
data-analyst-1786003906-cd466889fbc0,84.342,478.899
data-analyst-1786003875-2684f004825d,84.363,112.474
deep-researcher-1786003906-e179911897d6,84.371,189.981
wide-researcher-1786003906-8d6adf07446c,84.384,308.285
reviewer-1786003906-309fd3c4407c,84.404,656.924
data-analyst-1786003906-8aaa9f57fbd3,84.462,647.688
deep-researcher-1786003906-751110822707,84.500,288.186
data-analyst-1786003870-257b1a0bae6c,84.535,84.535
wide-researcher-1786003906-9a62ddbd5a8f,84.535,538.192
reviewer-1786003906-b34ef1dea1ad,84.549,695.622
data-analyst-1786003906-7e3fcfe67818,84.587,361.157
deep-researcher-1786003906-f11d220d2031,84.600,335.222
wide-researcher-1786003906-711c18148ec6,84.629,632.315
reviewer-1786003906-ab1cc327fedb,84.660,526.445
data-analyst-1786003906-b4f6109732ef,84.702,423.797
deep-researcher-1786003906-72c641ba8d20,84.732,521.622
wide-researcher-1786003906-510cc83164cb,84.757,675.930
data-analyst-1786003863-44af335377df,84.767,113.527
reviewer-1786003906-d178428098d4,84.772,647.171
data-analyst-1786003906-68ee78337224,84.819,328.105
deep-researcher-1786003906-a3528dddc94a,84.833,421.172
wide-researcher-1786003906-e7a68fd112cc,84.858,251.061
reviewer-1786003906-f4afca234286,84.908,400.974
data-analyst-1786003864-2606d7dcaeee,84.909,84.913
data-analyst-1786003907-ea0a793e3bf2,84.975,424.124
deep-researcher-1786003907-e6b7bb78aab8,84.995,291.504
wide-researcher-1786003907-3d14a9c10001,85.020,290.605
reviewer-1786003907-afcbd380d10c,85.037,662.454
data-analyst-1786003907-abcce378b82c,85.063,542.759
data-analyst-1786003868-b3b746642e10,85.067,85.067
deep-researcher-1786003907-6a99cce7c77a,85.076,300.459
wide-researcher-1786003907-e2ab8acdb130,85.105,251.399
reviewer-1786003907-3346cf755e95,85.117,608.815
data-analyst-1786003870-968a650539d6,85.150,85.150
data-analyst-1786003907-d2d809ab959b,85.205,529.260
deep-researcher-1786003907-2ba6a3274132,85.236,662.809
wide-researcher-1786003907-7597d38db80c,85.250,205.421
data-analyst-1786003870-7f5a2fbf27c5,85.293,85.293
reviewer-1786003907-2ab8e4879e4d,85.297,549.416
data-analyst-1786003862-1586e82921e0,85.323,85.324
data-analyst-1786003907-e0cbc6f3cb9c,85.357,673.545
deep-researcher-1786003907-24666b762edd,85.377,527.305
wide-researcher-1786003907-31b0481931f8,85.390,526.359
reviewer-1786003907-7ee106f1c6aa,85.447,658.100
data-analyst-1786003907-57eb42a017ae,85.481,427.724
deep-researcher-1786003907-423f65f636a4,85.513,528.031
wide-researcher-1786003907-8d1bd9e0c559,85.530,653.196
reviewer-1786003907-460c986f1b08,85.555,430.513
data-analyst-1786003907-16cb0fb7e393,85.616,398.216
deep-researcher-1786003907-3281796ac93f,85.639,565.080
wide-researcher-1786003907-0c88aae92b7e,85.665,334.974
reviewer-1786003907-f6474812314e,85.686,633.667
data-analyst-1786003907-93657013b95c,85.758,371.423
deep-researcher-1786003907-7838168b9865,85.819,320.655
wide-researcher-1786003907-254e76cc8e00,85.845,526.096
reviewer-1786003907-54ed9bbf7ad8,85.877,404.644
data-analyst-1786003907-a7ea2cae89a6,85.910,409.733
deep-researcher-1786003908-955880dbaad2,85.929,193.380
wide-researcher-1786003908-b369614cdeab,85.968,298.481
data-analyst-1786003873-eaf4080bcfeb,86.009,111.937
reviewer-1786003908-e454a1595f7e,86.014,651.203
data-analyst-1786003908-413b32245f81,86.045,632.559
deep-researcher-1786003908-c86b33ed6fe6,86.070,531.046
wide-researcher-1786003908-a810fb2342cf,86.099,292.069
reviewer-1786003908-789e0b3ab4cd,86.112,415.786
data-analyst-1786003908-7a6d29c25eff,86.146,532.780
deep-researcher-1786003908-6224bc41bc0e,86.169,665.949
wide-researcher-1786003908-1426ad4faabc,86.214,191.940
reviewer-1786003908-ba5b660793df,86.277,661.418
data-analyst-1786003908-96dc43c3f648,86.329,649.934
deep-researcher-1786003908-34d7722b5be4,86.416,267.833
data-analyst-1786003870-1af780483247,86.425,86.425
wide-researcher-1786003908-72ee4879fd27,86.429,421.413
reviewer-1786003908-a76b4d6e4b79,86.484,547.518
data-analyst-1786003908-a5083d4c8ccb,86.544,403.313
deep-researcher-1786003908-479a0c67ee4e,86.557,342.364
wide-researcher-1786003908-d6652548072a,86.586,426.886
reviewer-1786003908-a66a486aaa5e,86.610,631.591
data-analyst-1786003908-ac670403c601,86.636,436.720
deep-researcher-1786003908-3d2d500ea8ef,86.680,660.646
data-analyst-1786003870-2cb35c772ebc,86.700,86.700
wide-researcher-1786003908-4fd47acc2776,86.726,631.691
reviewer-1786003908-f76d17dfd528,86.753,559.293
data-analyst-1786003908-49b6c05b2331,86.816,473.229
deep-researcher-1786003908-34143b5dd8bd,86.851,375.921
wide-researcher-1786003908-0f1c59769ae4,86.890,295.742
reviewer-1786003908-984b55d846ac,86.903,469.764
data-analyst-1786003909-3b20f1d5195e,86.955,410.887
data-analyst-1786003871-b6275542aae8,86.990,86.991
deep-researcher-1786003909-1472012137ce,86.999,663.720
wide-researcher-1786003909-1e5bf59da9b2,87.021,418.421
reviewer-1786003909-3b33cd250e59,87.042,379.996
data-analyst-1786003909-93873d72d60a,87.072,536.226
deep-researcher-1786003909-0562282c582d,87.084,195.038
wide-researcher-1786003909-ab9a8f7bdb23,87.125,284.685
reviewer-1786003909-0b8175f9bc5c,87.157,546.735
data-analyst-1786003909-0728fe7f48a7,87.182,542.427
deep-researcher-1786003909-1464658dfc45,87.207,194.120
wide-researcher-1786003909-c91540e8a7b2,87.219,292.012
data-analyst-1786003870-b88dfb2f3308,87.254,113.952
reviewer-1786003909-97c695de337a,87.267,550.521
data-analyst-1786003865-8364604b166d,87.291,87.291
data-analyst-1786003909-9b0270720ce8,87.329,409.852
deep-researcher-1786003909-dd5f60e2e75d,87.361,659.717
wide-researcher-1786003909-601c649fcc78,87.391,412.924
reviewer-1786003909-594707f9588b,87.412,631.673
data-analyst-1786003909-4f45528fe297,87.451,416.507
deep-researcher-1786003909-e7839e362dcc,87.476,680.789
data-analyst-1786003862-619540af9ed0,87.506,87.506
wide-researcher-1786003909-aac7123eff14,87.514,531.706
reviewer-1786003909-0a259ead7182,87.527,420.356
data-analyst-1786003909-8b7108b3841c,87.557,668.310
data-analyst-1786003863-8bfcfe3c0f29,87.598,87.598
deep-researcher-1786003909-8cbd3c55d00c,87.611,292.292
wide-researcher-1786003909-e84ddfc8dfb8,87.629,284.013
data-analyst-1786003870-0b42f68ad495,87.633,87.633
reviewer-1786003909-4b9cb1d6e162,87.658,649.819
data-analyst-1786003909-6b33234602dc,87.725,568.356
data-analyst-1786003873-ff6b5f9965c0,87.740,87.740
deep-researcher-1786003909-836500c5a3e5,87.788,649.901
wide-researcher-1786003909-1c72ba4253bb,87.807,187.448
reviewer-1786003909-c671eb278d49,87.866,534.951
data-analyst-1786003909-5dcfea40b9fb,87.936,398.875
deep-researcher-1786003909-b193f36ab3bb,87.985,425.132
wide-researcher-1786003909-f14235fe0ac0,88.009,531.901
reviewer-1786003910-991c64d93e29,88.039,423.944
data-analyst-1786003910-3b49a9c7635a,88.088,462.009
deep-researcher-1786003910-34469369fc9f,88.101,286.757
wide-researcher-1786003910-fb553652e18f,88.127,286.742
reviewer-1786003910-cb6287ae94ab,88.140,630.081
data-analyst-1786003910-9dd0b79cf45f,88.186,664.979
deep-researcher-1786003910-eb3095800bd7,88.241,671.320
data-analyst-1786003871-ba8bd821ccdc,88.250,88.250
wide-researcher-1786003910-7892cb5f1b07,88.276,301.073
reviewer-1786003910-8e2143f05528,88.323,424.243
data-analyst-1786003910-2c185bdb2850,88.364,450.225
deep-researcher-1786003910-b03d3605c7f2,88.408,295.299
wide-researcher-1786003910-9f31ebc01f5e,88.421,296.951
reviewer-1786003910-c58d8c56abc0,88.434,672.144
data-analyst-1786003910-ebf656a6f981,88.473,629.154
data-analyst-1786003870-ee2bb9e1b0ad,88.483,88.483
deep-researcher-1786003910-fd7703f72ceb,88.501,332.830
wide-researcher-1786003910-580fa3ce94f2,88.536,388.465
reviewer-1786003910-6313ed1599c2,88.549,429.176
data-analyst-1786003910-299f04e9ff56,88.593,529.936
deep-researcher-1786003910-45f8c8ceb15a,88.640,192.471
wide-researcher-1786003910-01e91bc6a478,88.666,194.039
reviewer-1786003910-35604f8375a4,88.683,525.406
data-analyst-1786003910-de76b0f4fc59,88.723,434.416
deep-researcher-1786003910-f3c8b933fc5a,88.735,296.206
wide-researcher-1786003910-136e12134b50,88.779,246.553
reviewer-1786003910-6becbb016a5d,88.792,420.881
data-analyst-1786003910-38c74695a05b,88.840,419.791
deep-researcher-1786003910-1ed946c0ab8f,88.877,648.296
wide-researcher-1786003910-37100ec326d9,88.901,426.793
reviewer-1786003910-adb05dbd4b58,88.915,548.714
data-analyst-1786003911-247d15fe3aec,88.951,325.747
data-analyst-1786003877-34c56a9b03be,88.959,114.420
deep-researcher-1786003911-b97946f99e75,88.964,406.563
data-analyst-1786003877-2dfa284706b4,88.977,114.137
wide-researcher-1786003911-5284befff31b,88.982,400.101
data-analyst-1786003877-ab1a5961c2d3,88.994,112.556
reviewer-1786003911-5ee07c13c551,88.994,571.819
data-analyst-1786003911-6085d82824cb,89.045,640.564
deep-researcher-1786003911-e9329afed38e,89.077,193.157
wide-researcher-1786003911-c877c4f303b1,89.117,287.307
reviewer-1786003911-570181382b91,89.145,648.831
data-analyst-1786003911-da1f1464e9bd,89.177,597.811
deep-researcher-1786003911-1f8311fe6285,89.204,186.539
wide-researcher-1786003911-314b987cc9bc,89.230,287.005
reviewer-1786003911-dd150ff2d1fb,89.295,399.954
data-analyst-1786003911-0b1a7814514d,89.342,660.142
deep-researcher-1786003911-78659876eb1f,89.367,185.645
wide-researcher-1786003911-decadc0900bc,89.392,451.001
data-analyst-1786003872-440f8812fc94,89.458,89.458
data-analyst-1786003863-4933470ca1d7,89.491,89.491
reviewer-1786003911-289db329430e,89.503,535.539
data-analyst-1786003911-f8d8df44c84f,89.555,400.244
deep-researcher-1786003911-db48698def43,89.599,650.125
wide-researcher-1786003911-64049cdf5a6c,89.642,535.043
reviewer-1786003911-e64d5ca421df,89.688,654.214
data-analyst-1786003911-3b0e6c2a535c,89.727,679.963
deep-researcher-1786003911-6570adb76067,89.758,297.141
wide-researcher-1786003911-a399089f27a7,89.782,416.917
data-analyst-1786003871-cbb80d6f2961,89.786,89.786
data-analyst-1786003872-cc5d0e4bd673,89.855,89.855
reviewer-1786003911-45514ed196bf,89.859,645.848
data-analyst-1786003911-86d07518460d,89.914,633.964
deep-researcher-1786003911-3ef89b716ccb,89.928,401.665
data-analyst-1786003877-e0a9e209ffe1,89.929,114.516
wide-researcher-1786003911-266b91b3a5aa,89.940,422.106
reviewer-1786003912-49dc034dfc31,89.974,665.691
data-analyst-1786003912-33b1b38ed51d,90.012,670.537
deep-researcher-1786003912-fa1afb7597df,90.045,289.852
wide-researcher-1786003912-b4b516f6e7d9,90.073,290.688
reviewer-1786003912-704814b0796c,90.099,666.302
data-analyst-1786003912-2358dd50ed5f,90.142,637.410
deep-researcher-1786003912-a3caa0c85934,90.155,351.237
wide-researcher-1786003912-876a1ca239e7,90.174,633.996
reviewer-1786003912-81c3ad8cb338,90.186,642.333
data-analyst-1786003912-1eecd5ebbd50,90.215,535.670
deep-researcher-1786003912-84ebba9e3062,90.242,288.946
wide-researcher-1786003912-defc59a65531,90.254,640.384
reviewer-1786003912-ce0c0a5dc34c,90.284,533.085
data-analyst-1786003912-35d95d55f117,90.313,630.771
deep-researcher-1786003912-432678a1d138,90.344,246.584
data-analyst-1786003873-d61c926bf065,90.368,90.368
wide-researcher-1786003912-6c577061349b,90.410,294.652
reviewer-1786003912-53961c48c01e,90.452,649.533
data-analyst-1786003912-a455a2576741,90.501,674.457
deep-researcher-1786003912-201b1d9c07a2,90.513,286.513
wide-researcher-1786003912-584e0be991e6,90.553,190.436
reviewer-1786003912-f3aae554b0a8,90.579,594.449
data-analyst-1786003872-3b8880f08c7a,90.601,90.601
data-analyst-1786003912-7b788a218ea9,90.636,391.176
deep-researcher-1786003912-7f85ba9de8f2,90.667,639.376
wide-researcher-1786003912-71e1dae7f203,90.690,191.029
reviewer-1786003912-3864270f14c4,90.718,655.445
data-analyst-1786003912-1f4b0ec4f4c6,90.798,539.237
deep-researcher-1786003912-62e732afa698,90.811,658.138
wide-researcher-1786003912-4e73385462d2,90.855,534.476
reviewer-1786003912-cc26338c4b75,90.892,565.523
data-analyst-1786003912-b47c6a68aec3,90.938,359.545
deep-researcher-1786003912-db5af691a2ed,90.991,667.732
wide-researcher-1786003913-4b3980979da6,91.054,630.315
reviewer-1786003913-4e28a0258cf9,91.120,327.045
data-analyst-1786003913-773cc2991bd4,91.153,597.662
deep-researcher-1786003913-60470792778e,91.170,414.512
wide-researcher-1786003913-1cdc89daa38d,91.197,522.560
reviewer-1786003913-ed2ee0a2c0db,91.210,555.752
data-analyst-1786003913-e774a887601b,91.260,411.822
deep-researcher-1786003913-c0da5831444f,91.292,198.458
wide-researcher-1786003913-65b99b473396,91.362,284.164
reviewer-1786003913-6f1b287244f7,91.374,649.205
data-analyst-1786003913-237292b3d6d0,91.425,585.120
deep-researcher-1786003913-ee90ec030c3e,91.443,296.506
wide-researcher-1786003913-da3288f21f1f,91.462,640.481
reviewer-1786003913-3512884cbe17,91.486,637.394
data-analyst-1786003870-602b202a3750,91.496,91.496
data-analyst-1786003913-bba1cddc5992,91.523,542.159
deep-researcher-1786003913-41758f53325f,91.558,304.379
wide-researcher-1786003913-f372f6a55bfc,91.578,192.176
reviewer-1786003913-54779f43ce01,91.591,421.682
data-analyst-1786003913-b826faec8f76,91.623,441.129
deep-researcher-1786003913-8656a1a50191,91.654,530.178
wide-researcher-1786003913-fc5b60275ae3,91.695,479.806
reviewer-1786003913-fd44664f7276,91.714,665.777
data-analyst-1786003913-a3264f6e0e40,91.762,422.841
deep-researcher-1786003913-525af1dbcba9,91.807,226.359
wide-researcher-1786003913-705ac436db56,91.821,189.471
reviewer-1786003913-f3115938d963,91.862,523.040
data-analyst-1786003913-c3b8a89cb1aa,91.902,433.284
deep-researcher-1786003913-f1afd7432a85,91.950,404.472
wide-researcher-1786003914-a88a9dd1a33e,91.973,401.142
reviewer-1786003914-c25705509319,92.000,650.324
data-analyst-1786003914-810924201b74,92.024,530.792
deep-researcher-1786003914-17e9cdb45411,92.094,286.154
wide-researcher-1786003914-d229d4a7f52c,92.144,286.946
reviewer-1786003914-041acc13ba39,92.222,540.951
data-analyst-1786003914-30c6132cdf26,92.312,522.762
deep-researcher-1786003914-3d85dfef8669,92.326,285.680
wide-researcher-1786003914-e0fc29814040,92.364,542.674
reviewer-1786003914-91ef2797bfea,92.397,465.614
data-analyst-1786003870-3da517673482,92.433,92.433
data-analyst-1786003914-3f24e4f6ebcb,92.441,673.192
deep-researcher-1786003914-b209199eec89,92.473,398.440
wide-researcher-1786003914-c285dadb7aa6,92.501,269.544
reviewer-1786003914-61e706c9c48d,92.531,655.693
data-analyst-1786003914-1b28c752495f,92.588,546.919
deep-researcher-1786003914-0ecefba5fba8,92.622,385.223
wide-researcher-1786003914-7df43e2348dd,92.640,634.894
reviewer-1786003914-f382fc3cffb3,92.665,644.760
data-analyst-1786003914-639879711caa,92.703,533.027
deep-researcher-1786003914-1552b67049af,92.754,205.916
wide-researcher-1786003914-28ae5dba5dc5,92.785,403.279
reviewer-1786003914-d033c2390b0e,92.805,572.215
data-analyst-1786003914-37ae0817fbde,92.858,651.575
data-analyst-1786003860-ea4c203a84ff,92.866,92.867
deep-researcher-1786003914-59a6e053f340,92.884,408.887
wide-researcher-1786003914-b7dd16e2a0b8,92.921,298.512
reviewer-1786003915-357fd791e220,92.935,547.148
data-analyst-1786003915-65bf508aaa74,92.968,472.348
deep-researcher-1786003915-a968db2aa091,92.982,645.537
data-analyst-1786003856-450efc691d65,92.983,92.983
wide-researcher-1786003915-96b6cdc004a1,93.011,283.800
reviewer-1786003915-1e5a6bb36e2d,93.067,648.104
data-analyst-1786003915-274b429fac5e,93.107,561.611
deep-researcher-1786003915-e66596ffad5d,93.140,295.697
data-analyst-1786003878-3d7a4960df06,93.175,144.114
wide-researcher-1786003915-f5d3d8fe0dcf,93.198,216.718
reviewer-1786003915-dae964298cdd,93.223,652.755
data-analyst-1786003915-528b86921d8f,93.274,628.825
data-analyst-1786003870-af0c0b29ccd8,93.305,93.305
deep-researcher-1786003915-f184461afcc2,93.309,630.392
wide-researcher-1786003915-69d0a0a42fee,93.337,302.249
reviewer-1786003915-ddbdd5763f58,93.365,424.598
data-analyst-1786003915-f0ea5d8ff41e,93.391,664.176
deep-researcher-1786003915-543403c1d36e,93.419,247.723
wide-researcher-1786003915-a414d8c7db05,93.518,648.769
reviewer-1786003915-ad91a12a0660,93.531,632.766
data-analyst-1786003915-5a632ca8e8da,93.592,417.858
deep-researcher-1786003915-f66d773aa53b,93.611,194.011
wide-researcher-1786003915-41ce1b9ffc3d,93.727,401.771
reviewer-1786003915-2b8289557e2e,93.741,671.221
data-analyst-1786003915-f63f039d83a0,93.830,546.181
data-analyst-1786003863-59cd7e923ce7,93.855,116.483
deep-researcher-1786003915-fac7be911dfc,93.863,650.845
wide-researcher-1786003915-3a814e5ec110,93.913,426.549
reviewer-1786003915-01d65a738e38,93.958,539.747
data-analyst-1786003916-e76b4c35c6f3,93.991,673.035
deep-researcher-1786003916-faa9de74e81e,94.057,659.593
data-analyst-1786003864-943ea58f2340,94.062,129.025
data-analyst-1786003871-6dd8d205e539,94.082,94.082
wide-researcher-1786003916-360a63a10868,94.100,204.208
reviewer-1786003916-481965f60250,94.149,421.700
data-analyst-1786003916-9534f4cb15db,94.181,402.590
deep-researcher-1786003916-00166bb45509,94.210,664.028
data-analyst-1786003869-194a7ba92585,94.214,94.214
wide-researcher-1786003916-b713b2e02851,94.226,297.073
reviewer-1786003916-c8a2a28db18b,94.266,664.900
data-analyst-1786003916-a5f73483e869,94.304,406.351
deep-researcher-1786003916-722e5ff6921f,94.364,416.081
wide-researcher-1786003916-62cb1b432757,94.385,297.674
reviewer-1786003916-97627f32e9c5,94.398,413.753
data-analyst-1786003916-5a87de355f45,94.438,639.438
data-analyst-1786003870-5446a0a979a0,94.448,94.448
deep-researcher-1786003916-8f35241537f1,94.456,560.139
wide-researcher-1786003916-97f34e1a2690,94.488,295.204
reviewer-1786003916-5253863b3e1e,94.513,652.926
data-analyst-1786003916-1402e3ad5199,94.581,662.040
deep-researcher-1786003916-cd98181efa3b,94.614,296.828
wide-researcher-1786003916-749a598b63ed,94.650,292.686
data-analyst-1786003872-7849d01fdfaa,94.678,94.678
reviewer-1786003916-0d7b4fb4c23e,94.703,539.523
data-analyst-1786003916-1cbb138fd418,94.736,597.466
deep-researcher-1786003916-763e9d6f2a23,94.750,306.103
wide-researcher-1786003916-efce5c5533ee,94.778,186.673
data-analyst-1786003877-2134f594d1e7,94.797,113.037
reviewer-1786003916-3abf431af399,94.815,638.171
data-analyst-1786003916-b7a9346eb639,94.876,401.882
deep-researcher-1786003916-a309e3a1620a,94.889,407.786
wide-researcher-1786003916-faf6cb92d13c,94.904,247.035
reviewer-1786003917-992c6887bfd2,94.933,546.443
data-analyst-1786003917-c09ff753acfe,94.976,532.698
deep-researcher-1786003917-a3b0c9aabdf2,95.018,293.159
wide-researcher-1786003917-7fc642e4df91,95.040,283.517
reviewer-1786003917-5016767c08e4,95.053,664.273
data-analyst-1786003917-d147f916afe7,95.243,428.950
deep-researcher-1786003917-e42f71a40209,95.264,659.761
wide-researcher-1786003917-471927373bc7,95.370,539.578
reviewer-1786003917-749ef10af5b2,95.383,647.238
data-analyst-1786003917-f09533c8ef36,95.428,536.257
deep-researcher-1786003917-496860e0a4af,95.461,290.519
wide-researcher-1786003917-25c3250975b0,95.474,295.556
reviewer-1786003917-3d3219b44088,95.488,655.938
data-analyst-1786003917-c30735613a05,95.543,632.893
deep-researcher-1786003917-1c7e28318e9d,95.563,198.439
wide-researcher-1786003917-ce9599aeacfb,95.726,304.611
reviewer-1786003917-8e0d95f721bb,95.774,642.585
data-analyst-1786003917-97617a70a9d9,95.813,432.381
deep-researcher-1786003917-c4fe254357d7,95.827,405.096
wide-researcher-1786003917-cb8e0f4c3b3e,95.856,398.092
reviewer-1786003917-18e5d7889422,95.895,668.794
data-analyst-1786003871-b3b4dff42c21,95.946,95.947
data-analyst-1786003918-ebb5080ea845,95.951,302.804
deep-researcher-1786003918-ea9b631d0d1f,95.971,303.145
wide-researcher-1786003918-ff724e78fdad,96.000,639.399
reviewer-1786003918-ccd3ea9418b3,96.031,662.690
data-analyst-1786003870-43e3caecd303,96.075,96.076
data-analyst-1786003918-97ea01fb447b,96.086,648.928
deep-researcher-1786003918-daec17f87771,96.122,214.516
data-analyst-1786003870-06753db1e12c,96.122,96.123
wide-researcher-1786003918-e05969a62881,96.153,416.279
reviewer-1786003918-bc50b30d1819,96.168,685.038
data-analyst-1786003918-c18d0d519bed,96.227,531.207
deep-researcher-1786003918-589a40ec866d,96.255,422.942
wide-researcher-1786003918-0a6f3f982c9d,96.269,527.408
reviewer-1786003918-cb69373b1145,96.294,527.631
data-analyst-1786003918-b8b55410a5f6,96.341,678.872
deep-researcher-1786003918-990261af90bd,96.362,226.204
wide-researcher-1786003918-c3e38cb6a1f4,96.394,288.515
reviewer-1786003918-2b7810fe140e,96.408,649.308
data-analyst-1786003918-75e159e50412,96.449,555.213
deep-researcher-1786003918-6e383a168a95,96.490,621.298
wide-researcher-1786003918-030f0cbb1fc8,96.533,665.855
data-analyst-1786003868-f16585aef47b,96.543,96.543
reviewer-1786003918-f68667f82a51,96.551,630.723
data-analyst-1786003918-e0ec3dfa1f46,96.597,693.487
deep-researcher-1786003918-ee04aa3442cd,96.617,668.642
data-analyst-1786003856-2c42d922b4d7,96.704,96.704
wide-researcher-1786003918-5d3fc061b9a2,96.705,299.949
reviewer-1786003918-724c1f2ea837,96.745,630.853
data-analyst-1786003918-bdc5e393efc0,96.780,419.743
deep-researcher-1786003918-1000c05d678f,96.841,291.630
wide-researcher-1786003918-081f01e39e06,96.881,433.591
reviewer-1786003918-e8e0fd3d898b,96.939,545.687
data-analyst-1786003918-0331f80417d3,96.978,637.788
deep-researcher-1786003919-258786f1ebd1,96.992,544.110
wide-researcher-1786003919-2359937e6248,97.005,299.892
reviewer-1786003919-8c150c1f6da5,97.066,666.396
data-analyst-1786003919-14db1cfbb376,97.212,521.751
deep-researcher-1786003919-cacb96a75185,97.243,665.548
wide-researcher-1786003919-8a8aeeb66960,97.299,661.307
reviewer-1786003919-f8003f6a6ab6,97.331,413.701
data-analyst-1786003862-8f6bec0d94a2,97.369,97.370
data-analyst-1786003919-c6f9844520a3,97.379,443.581
deep-researcher-1786003919-693c6576af6a,97.408,661.434
wide-researcher-1786003919-84fdde354c32,97.423,294.012
reviewer-1786003919-7e9ee6f33e69,97.462,650.628
data-analyst-1786003919-9a49929d4fe0,97.501,423.731
deep-researcher-1786003919-67a4f584e744,97.518,287.523
wide-researcher-1786003919-f0ddfba0fa6f,97.538,286.071
reviewer-1786003919-67a7c80c743f,97.555,544.250
data-analyst-1786003919-41b8cccb0db9,97.631,541.459
deep-researcher-1786003919-0646b7035f73,97.651,285.979
wide-researcher-1786003919-1f86eee82df2,97.674,534.393
reviewer-1786003919-c1b1333caf46,97.691,659.995
data-analyst-1786003919-249e7c9fba17,97.726,415.087
data-analyst-1786003878-d16887c516c7,97.748,111.807
data-analyst-1786003878-fd0954b9a66d,97.768,114.361
deep-researcher-1786003919-bfc53d7673c1,97.773,357.290
wide-researcher-1786003919-3646b12a857e,97.799,548.985
reviewer-1786003919-9aab4aa7c29e,97.813,532.361
data-analyst-1786003919-7157451cbd59,97.867,533.041
deep-researcher-1786003919-8786e77f0356,97.909,288.927
wide-researcher-1786003919-f4eb5d878417,97.951,192.674
reviewer-1786003920-5e7fd04185ea,97.965,632.877
data-analyst-1786003920-ca7c18d9e45c,98.008,526.772
data-analyst-1786003868-0eff15102a80,98.038,98.038
deep-researcher-1786003920-90874a04a0cd,98.042,573.169
wide-researcher-1786003920-a6129a345a91,98.055,482.980
reviewer-1786003920-6f096d7ddacc,98.074,518.918
data-analyst-1786003920-f66acdc816d0,98.107,297.718
deep-researcher-1786003920-ec26b1f73905,98.136,403.091
data-analyst-1786003877-cdc475390fe6,98.192,111.708
wide-researcher-1786003920-5a25c5b920e9,98.215,409.700
reviewer-1786003920-30e08d416eb7,98.250,540.267
data-analyst-1786003920-105430a64f68,98.277,594.375
data-analyst-1786003870-1626a2d0ce6e,98.310,98.311
deep-researcher-1786003920-49016240a6ee,98.390,286.168
wide-researcher-1786003920-e51c726d07ce,98.443,424.941
reviewer-1786003920-3c2f9db4ac78,98.462,525.132
data-analyst-1786003920-dd25f8520201,98.499,425.565
deep-researcher-1786003920-01706eebbe91,98.517,289.503
data-analyst-1786003857-f6ea82aea318,98.531,98.532
wide-researcher-1786003920-91c5dcdbef18,98.572,573.184
reviewer-1786003920-37e489feed14,98.679,629.809
data-analyst-1786003920-7be6c925c95c,98.751,635.599
data-analyst-1786003863-db37d55b1e80,98.778,98.779
deep-researcher-1786003920-74fa447e85a2,98.799,648.688
wide-researcher-1786003920-1db5dbe684d7,98.840,397.785
data-analyst-1786003868-8c0da55a6c37,98.850,98.851
reviewer-1786003920-248951b19d89,98.855,400.307
data-analyst-1786003920-b4fe723bfd4b,98.919,526.943
deep-researcher-1786003920-0942e06fccdd,98.975,554.082
wide-researcher-1786003921-69fa2bbcd1dd,98.990,660.737
reviewer-1786003921-a6130a6829bb,99.016,666.056
data-analyst-1786003921-fbcbbd92eb44,99.050,637.908
deep-researcher-1786003921-54bf85bdf9a4,99.069,637.441
wide-researcher-1786003921-43d70f9cf704,99.113,406.156
reviewer-1786003921-c7c1e873d67a,99.205,297.499
data-analyst-1786003921-20c135dc7220,99.240,688.213
deep-researcher-1786003921-83e73a5f2d3d,99.322,222.113
wide-researcher-1786003921-3d9632fe5ac1,99.336,193.411
reviewer-1786003921-eb0fda4fde63,99.356,527.039
data-analyst-1786003921-7df46c183343,99.413,682.034
deep-researcher-1786003921-57c6db8eb55f,99.467,327.422
wide-researcher-1786003921-735f67f21ec1,99.481,294.452
reviewer-1786003921-b097a4096abf,99.527,528.283
data-analyst-1786003921-8e7db770c005,99.588,428.888
deep-researcher-1786003921-27a5ce9c824a,99.624,641.576
data-analyst-1786003877-52ef0333a4c0,99.647,112.584
wide-researcher-1786003921-9559d541181c,99.733,326.885
reviewer-1786003921-accf26098547,99.759,656.431
data-analyst-1786003921-f411d77ae27e,99.800,668.031
deep-researcher-1786003921-2fc13e60c02c,99.871,303.893
wide-researcher-1786003921-120adf414ed2,99.898,411.203
reviewer-1786003921-8c7035cc318b,99.948,683.613
data-analyst-1786003921-8805a61b2e7d,99.977,541.848
deep-researcher-1786003922-5db5d386b751,100.006,416.793
wide-researcher-1786003922-28f4f053bd85,100.027,653.859
reviewer-1786003922-cb3144674898,100.081,636.377
data-analyst-1786003922-6d93c5765683,100.141,422.045
deep-researcher-1786003922-635b6a80c844,100.199,547.778
data-analyst-1786003878-3428bb6f01a9,100.245,111.672
wide-researcher-1786003922-facf20b9c1ae,100.258,401.975
data-analyst-1786003872-7519984ebed2,100.267,100.267
reviewer-1786003922-58d1419abe71,100.295,520.106
data-analyst-1786003878-25d9974a992c,100.299,113.003
data-analyst-1786003878-16d1df507f05,100.317,112.332
data-analyst-1786003922-6bc96de46cf4,100.354,541.153
deep-researcher-1786003922-902b038745d3,100.367,639.542
wide-researcher-1786003922-a6b350da4655,100.381,415.901
reviewer-1786003922-082ff82138b1,100.403,528.077
data-analyst-1786003922-5a8a898b3cff,100.483,483.777
deep-researcher-1786003922-289570aaee39,100.496,660.511
wide-researcher-1786003922-a6c611402870,100.523,296.554
reviewer-1786003922-6384722cacdc,100.559,684.507
data-analyst-1786003922-d792114bb88d,100.590,654.546
deep-researcher-1786003922-b3a7b1d0d785,100.617,241.941
wide-researcher-1786003922-413cd9fc4028,100.630,643.537
reviewer-1786003922-b9863574a3a8,100.657,537.690
data-analyst-1786003922-971334cdf5cd,100.727,675.989
deep-researcher-1786003922-7f920bcc4414,100.747,660.385
wide-researcher-1786003922-944fbc40758c,100.779,299.472
reviewer-1786003922-b6f21bee6c28,100.829,647.188
data-analyst-1786003922-52329fa9ede7,100.879,677.938
deep-researcher-1786003922-ba96dc6aa9a6,100.976,301.414
wide-researcher-1786003922-b44ee7371799,100.989,284.028
reviewer-1786003923-48a31f53426a,101.041,632.546
data-analyst-1786003923-ef2903c386c7,101.133,446.904
data-analyst-1786003865-f43700ffa5bd,101.183,101.184
deep-researcher-1786003923-02bc02d4e882,101.281,656.055
wide-researcher-1786003923-d5e654fe7ef9,101.302,547.001
data-analyst-1786003872-f716ab8eca2d,101.330,101.330
data-analyst-1786003881-180e295eef99,101.362,112.346
reviewer-1786003923-000e584c484c,101.367,545.632
data-analyst-1786003881-7293fa4999b5,101.379,112.494
data-analyst-1786003881-d6ff03931fe2,101.391,124.860
data-analyst-1786003923-81688bed6ff3,101.414,631.992
deep-researcher-1786003923-6500f10ccf1c,101.470,647.527
wide-researcher-1786003923-eea0b8cf00e0,101.483,636.855
reviewer-1786003923-6197ce376a9b,101.522,546.397
data-analyst-1786003923-304771d982fd,101.587,426.777
deep-researcher-1786003923-b38e1dacb85f,101.604,298.772
wide-researcher-1786003923-fbc7949ee1f0,101.715,280.731
reviewer-1786003923-31be0bdaadb9,101.735,539.138
data-analyst-1786003923-78a69c6b56fd,101.801,640.275
deep-researcher-1786003923-bb8ee267a54c,101.862,543.430
wide-researcher-1786003923-8dbf10938470,101.875,296.603
reviewer-1786003923-470fa1b72ac9,101.888,669.164
data-analyst-1786003923-e3eb01a05aeb,101.924,469.821
data-analyst-1786003869-107b3f75a0db,101.962,101.962
deep-researcher-1786003924-90970dc8f644,101.989,633.018
wide-researcher-1786003924-7a260cd8357f,102.007,301.955
reviewer-1786003924-920fad124a4c,102.038,680.418
data-analyst-1786003924-16fbf5b009f0,102.072,551.094
deep-researcher-1786003924-a95457d5efab,102.090,650.142
wide-researcher-1786003924-9a7a362c3f8b,102.139,266.827
reviewer-1786003924-a30acd1c6945,102.174,631.193
data-analyst-1786003924-099f30971586,102.222,434.505
deep-researcher-1786003924-b2ea2bb476c0,102.261,299.526
wide-researcher-1786003924-50d0f501bc4e,102.288,405.192
reviewer-1786003924-8bb2b719fafa,102.341,673.771
data-analyst-1786003924-052369128b76,102.387,565.266
data-analyst-1786003881-0ba23fadd4c9,102.418,112.300
data-analyst-1786003881-45a0da6cb596,102.431,114.546
deep-researcher-1786003924-6f463a2015a3,102.436,194.812
data-analyst-1786003881-417a43aed7e9,102.449,154.958
wide-researcher-1786003924-af240ee2b53a,102.490,649.059
reviewer-1786003924-316037c771a0,102.534,666.340
data-analyst-1786003924-7b4fc6845180,102.648,373.823
deep-researcher-1786003924-369b1d888496,102.775,616.890
wide-researcher-1786003924-1278a9a9d7de,102.791,502.474
reviewer-1786003924-1702a20b2ce9,102.818,588.938
data-analyst-1786003924-4dea2a0710bf,102.885,666.431
deep-researcher-1786003924-4c0ac64a2670,102.926,324.726
wide-researcher-1786003924-316bb81e7046,102.972,313.538
reviewer-1786003925-65ab2862377a,102.985,628.696
data-analyst-1786003925-cf055d82377c,103.037,670.722
deep-researcher-1786003925-82a951136fa9,103.105,656.723
wide-researcher-1786003925-9c9f1724bd96,103.161,191.287
reviewer-1786003925-7aa8dae6f46d,103.203,532.332
data-analyst-1786003877-83fdd32fb7cd,103.220,103.220
data-analyst-1786003925-5a2e27bc5f42,103.254,602.874
deep-researcher-1786003925-b80160ca4287,103.320,284.412
wide-researcher-1786003925-6a055060f436,103.371,645.619
data-analyst-1786003878-e2da278a65cb,103.375,115.056
reviewer-1786003925-21230aa67c1a,103.387,662.516
data-analyst-1786003925-cf9e7eaa58b4,103.412,404.728
deep-researcher-1786003925-7fd379780aac,103.437,191.682
wide-researcher-1786003925-e3e483af0c8f,103.497,595.688
reviewer-1786003925-0c4758c23d99,103.511,534.715
data-analyst-1786003925-2777a82649d5,103.550,679.285
deep-researcher-1786003925-6a463e47860a,103.584,190.698
wide-researcher-1786003925-68a79c74c854,103.612,293.319
reviewer-1786003925-ace943cef456,103.640,654.182
data-analyst-1786003925-e45e7dac6dd1,103.676,473.374
deep-researcher-1786003925-a0b814dcd7d7,103.697,271.383
wide-researcher-1786003925-bb4995bfba2e,103.730,239.736
reviewer-1786003925-6319bec37e06,103.769,448.177
data-analyst-1786003925-0b7e27fe1543,103.845,527.808
deep-researcher-1786003925-2e42f3aae4ab,103.858,301.576
wide-researcher-1786003925-44a4da3a6f77,103.886,301.139
reviewer-1786003925-766e7e353527,103.899,537.018
data-analyst-1786003926-fed740ce09f2,103.945,542.802
deep-researcher-1786003926-c9826f31fcb6,103.998,314.135
wide-researcher-1786003926-6a0bd92d641c,104.012,289.964
reviewer-1786003926-2d5a340af364,104.047,597.498
data-analyst-1786003862-e8bd06e5e8f4,104.083,104.084
data-analyst-1786003926-0d3f9741824c,104.088,566.305
deep-researcher-1786003926-0c3d984c9431,104.292,246.900
wide-researcher-1786003926-4c12486d828d,104.305,411.683
reviewer-1786003926-339b8b49dcd6,104.328,655.773
data-analyst-1786003926-52c050d9ca97,104.394,340.018
deep-researcher-1786003926-f90f043bec33,104.428,646.713
wide-researcher-1786003926-64b378e52036,104.479,193.948
reviewer-1786003926-978a9c7cfbb5,104.516,680.523
data-analyst-1786003926-f323859458ee,104.553,522.668
deep-researcher-1786003926-63b1efce9bfb,104.605,267.819
wide-researcher-1786003926-df512eb448a4,104.722,286.102
reviewer-1786003926-7847d522a2fb,104.763,653.503
data-analyst-1786003926-6164d2e7aca4,104.834,528.338
deep-researcher-1786003926-d694ff27c1a5,104.871,406.463
wide-researcher-1786003926-157505668c6d,104.900,298.976
reviewer-1786003926-2e04ae43ef48,104.919,542.702
data-analyst-1786003927-732d5fe1d30d,105.013,539.538
deep-researcher-1786003927-fd275a85f001,105.028,292.127
wide-researcher-1786003927-38814ce06033,105.065,485.460
reviewer-1786003927-683ef208d7ef,105.093,662.342
data-analyst-1786003927-ad5076ef192e,105.129,634.201
deep-researcher-1786003927-d7f58e89935a,105.152,299.048
wide-researcher-1786003927-0419b209b58d,105.165,530.999
reviewer-1786003927-40adddef44d7,105.187,428.080
data-analyst-1786003927-516b2ed8bb43,105.238,525.976
deep-researcher-1786003927-7f2ae52a7a59,105.280,294.073
wide-researcher-1786003927-5892ff6dafb6,105.372,610.683
reviewer-1786003927-29eb372ea571,105.411,526.418
data-analyst-1786003927-39904a514128,105.446,450.330
deep-researcher-1786003927-ef979fbc9dd5,105.502,651.840
wide-researcher-1786003927-8175e8a46d37,105.519,293.497
reviewer-1786003927-8a2576f14ed0,105.554,655.285
data-analyst-1786003927-f7f1f5565953,105.607,410.513
deep-researcher-1786003927-0db8ca75f67b,105.701,242.703
wide-researcher-1786003927-7408cecf6cfc,105.802,298.825
reviewer-1786003927-734d386549f2,105.815,407.068
data-analyst-1786003927-33700c8d1cef,105.851,665.406
deep-researcher-1786003927-844ccbcf2aa3,105.905,648.247
data-analyst-1786003852-f082d6afac99,105.913,115.153
wide-researcher-1786003927-30ab381dcf4b,105.934,322.557
reviewer-1786003928-5d35f6aefb4a,105.991,407.408
data-analyst-1786003928-9d1d77bcf243,106.027,490.214
deep-researcher-1786003928-b4219494667d,106.066,286.664
wide-researcher-1786003928-6b03058c16cb,106.231,216.406
reviewer-1786003928-d7bda54a69ca,106.279,419.670
data-analyst-1786003928-81df4187d629,106.335,422.996
deep-researcher-1786003928-52b89b5b1c03,106.348,657.693
wide-researcher-1786003928-87e746f1ecc4,106.401,301.059
reviewer-1786003928-3ac7b808c2b6,106.424,669.329
data-analyst-1786003928-2c6ea3af9636,106.515,692.725
deep-researcher-1786003928-00fbecd82046,106.542,635.942
wide-researcher-1786003928-52465d7c83ce,106.568,528.475
reviewer-1786003928-9a2c4a60f89a,106.584,661.465
data-analyst-1786003928-3bc55b07eaf1,106.661,327.558
deep-researcher-1786003928-72723e786494,106.674,538.042
wide-researcher-1786003928-2ded58d6ec6e,106.698,302.117
reviewer-1786003928-30367226d0dc,106.746,664.885
data-analyst-1786003928-f3a588e8fef7,106.787,359.590
deep-researcher-1786003928-b6bb562d3a53,106.861,199.467
wide-researcher-1786003928-f86179f8bb4e,106.891,287.694
reviewer-1786003928-74113bc52d64,106.918,560.629
data-analyst-1786003928-21d38e488a16,106.968,545.221
data-analyst-1786003864-c40943293be4,106.987,106.987
deep-researcher-1786003929-bba8fae5d7dc,107.013,418.374
wide-researcher-1786003929-2222527bd258,107.084,536.544
data-analyst-1786003877-fa867d0a1f42,107.196,111.768
data-analyst-1786003879-720466af5de5,107.214,111.987
reviewer-1786003929-e3f0d274eb42,107.238,524.678
data-analyst-1786003929-f367ef899732,107.313,635.305
deep-researcher-1786003929-cd573c5d68c4,107.327,403.448
wide-researcher-1786003929-5241097978aa,107.340,531.376
reviewer-1786003929-088dc175958c,107.362,598.518
data-analyst-1786003929-9184be32e3bc,107.439,545.095
data-analyst-1786003875-af13e79d9fb3,107.507,111.788
deep-researcher-1786003929-779c77011ff6,107.512,409.817
wide-researcher-1786003929-53036c24c099,107.537,293.380
reviewer-1786003929-a00557256a4e,107.560,526.576
data-analyst-1786003929-c6feea599518,107.738,553.937
deep-researcher-1786003929-756ec1ab840d,107.751,565.682
wide-researcher-1786003929-11034cb4815d,107.782,548.120
reviewer-1786003929-7ad4c992a1e8,107.795,629.769
data-analyst-1786003929-9fb2a340071e,107.846,456.272
data-analyst-1786003882-114faf0f820a,107.859,112.988
deep-researcher-1786003929-14c6662b5b26,107.859,547.550
data-analyst-1786003882-6762fdbdd231,107.877,186.227
data-analyst-1786003882-51f70eb15437,107.889,187.790
wide-researcher-1786003929-9bb3f2977775,107.913,246.753
reviewer-1786003929-fbec31f339bc,107.941,682.739
data-analyst-1786003930-bb3bdb28eab1,108.024,675.037
deep-researcher-1786003930-4cc222a39439,108.057,646.559
wide-researcher-1786003930-1637ba770a50,108.080,634.524
reviewer-1786003930-02526900ecfb,108.101,631.607
data-analyst-1786003930-3ec4ae2907d0,108.142,663.801
deep-researcher-1786003930-53eb1c8f39ea,108.174,271.291
wide-researcher-1786003930-118d8bfea27d,108.192,281.915
reviewer-1786003930-c8bb73601c0e,108.254,665.309
data-analyst-1786003930-6c27a05a4ff1,108.295,650.491
deep-researcher-1786003930-246a3a587055,108.308,252.339
wide-researcher-1786003930-3d6dc0be3c17,108.394,640.722
data-analyst-1786003868-a4655e2d6578,108.411,108.411
reviewer-1786003930-39d12d140181,108.431,416.361
data-analyst-1786003930-e29c8b662321,108.488,669.511
deep-researcher-1786003930-60ff498a54bf,108.511,287.106
data-analyst-1786003875-2c569303694e,108.557,111.842
wide-researcher-1786003930-48fa39f691bd,108.565,341.946
data-analyst-1786003871-f7f3f6a7c20f,108.578,111.857
reviewer-1786003930-c9c46837e95f,108.578,398.859
data-analyst-1786003930-32c4056e0f78,108.694,526.758
deep-researcher-1786003930-44607f131edb,108.749,258.132
wide-researcher-1786003930-e7fc0509ca7b,108.762,443.320
data-analyst-1786003863-144f347b35f1,108.780,108.780
data-analyst-1786003877-1801e5fca1f4,108.793,108.793
reviewer-1786003930-1ad03e39db5e,108.824,547.384
data-analyst-1786003930-94c260d61803,108.879,451.666
deep-researcher-1786003930-d8d3529352a9,108.949,662.948
wide-researcher-1786003930-8a41a07766e8,109.011,288.199
data-analyst-1786003871-8c00830ec4ab,109.041,109.041
reviewer-1786003931-896aac5442ac,109.054,643.444
data-analyst-1786003931-c59aa1cbd9e8,109.081,530.984
deep-researcher-1786003931-dfb74d806e45,109.154,292.769
wide-researcher-1786003931-98ac23919320,109.183,290.012
reviewer-1786003931-dfdc3aac89fe,109.256,641.991
data-analyst-1786003931-dcf215f00c61,109.297,538.369
deep-researcher-1786003931-d8f1156285fb,109.312,520.363
wide-researcher-1786003931-4c09bd643663,109.351,206.993
reviewer-1786003931-4d92c378074f,109.430,345.024
data-analyst-1786003931-aa840713e54b,109.534,544.851
deep-researcher-1786003931-f65123840882,109.547,631.843
wide-researcher-1786003931-8200738d3264,109.596,292.889
reviewer-1786003931-bc2278c1b065,109.619,579.993
data-analyst-1786003931-4586849e9217,109.662,681.492
deep-researcher-1786003931-fa0ade2634c3,109.683,252.400
wide-researcher-1786003931-b82ebf268b74,109.706,299.846
reviewer-1786003931-725f33486bb7,109.772,438.949
data-analyst-1786003931-78ad3562204d,109.818,528.630
data-analyst-1786003875-aa0e1e186a59,109.866,112.085
deep-researcher-1786003931-f61c54dd18bf,109.879,287.645
data-analyst-1786003878-584d6bf3868e,109.888,109.889
wide-researcher-1786003931-02f6c15442b3,109.908,545.125
reviewer-1786003931-bc725d997edf,109.934,665.387
data-analyst-1786003932-93ad551652d4,109.995,437.349
data-analyst-1786003879-bc0213bc69cc,110.012,111.903
deep-researcher-1786003932-598fb928e7f3,110.026,635.961
wide-researcher-1786003932-0853c187e02b,110.087,431.094
reviewer-1786003932-09e97f244783,110.130,532.535
data-analyst-1786003932-b61289339dea,110.184,663.413
deep-researcher-1786003932-04b6042439b5,110.268,348.433
wide-researcher-1786003932-ef094f221359,110.281,402.273
reviewer-1786003932-3d8921ab8c48,110.333,535.572
data-analyst-1786003932-fc7394c881bd,110.392,410.820
deep-researcher-1786003932-56e7e2de6d36,110.407,297.950
wide-researcher-1786003932-d5f02afeaa67,110.470,420.023
reviewer-1786003932-5538da23660e,110.522,671.237
data-analyst-1786003932-f7ae1f4686cb,110.566,428.176
data-analyst-1786003877-98c4bd3cca73,110.567,112.100
deep-researcher-1786003932-26a0550706b5,110.582,637.537
data-analyst-1786003879-67fdb0640368,110.595,112.315
wide-researcher-1786003932-7723f921351c,110.604,548.941
data-analyst-1786003877-dbab1a678f2a,110.619,186.492
reviewer-1786003932-12c4a69d9808,110.655,479.651
data-analyst-1786003932-52cfc64f15c7,110.698,413.317
deep-researcher-1786003932-ae8d19a4c388,110.759,198.376
wide-researcher-1786003932-a3d6de2a5433,110.815,413.563
reviewer-1786003932-87a67af38e5a,110.850,540.329
data-analyst-1786003932-5f18bae19385,110.944,426.435
deep-researcher-1786003932-af701257d1b2,110.963,408.984
data-analyst-1786003878-d73974fb4ca7,110.968,110.968
wide-researcher-1786003933-a3294887be26,110.983,322.826
reviewer-1786003933-d0f33517ee4a,111.030,351.290
data-analyst-1786003933-01f90fb45a59,111.056,673.456
deep-researcher-1786003933-60bcd29190fa,111.101,221.476
wide-researcher-1786003933-d50e183a6b80,111.116,194.828
reviewer-1786003933-8269e33b1387,111.140,658.216
data-analyst-1786003872-88f3916392a3,111.160,112.150
data-analyst-1786003933-337d3c17d565,111.201,405.765
deep-researcher-1786003933-e5db96c61b03,111.240,682.572
wide-researcher-1786003933-83e9bdf99a17,111.280,410.948
data-analyst-1786003882-1c9242e889c9,111.306,187.235
data-analyst-1786003882-a3ef697b3e65,111.320,114.655
reviewer-1786003933-6b455cbbb1ff,111.325,560.925
data-analyst-1786003882-47f168d5480f,111.337,113.263
data-analyst-1786003933-8fe5591ea631,111.387,423.463
deep-researcher-1786003933-f5c834c84f8d,111.415,295.481
wide-researcher-1786003933-9254e16b7003,111.445,292.158
reviewer-1786003933-94414028fa47,111.467,682.278
data-analyst-1786003933-e52f63551b29,111.510,651.713
deep-researcher-1786003933-9cf70438c132,111.539,527.053
wide-researcher-1786003933-478b687818d3,111.598,569.487
reviewer-1786003933-16e6294f2347,111.611,418.167
data-analyst-1786003933-62f7765d0ae0,111.697,420.580
deep-researcher-1786003933-16a66ebdf58f,111.777,540.196
wide-researcher-1786003933-20880ca764b5,111.792,212.843
reviewer-1786003933-dd25084f9943,111.832,532.822
data-analyst-1786003933-484df74a858a,111.907,643.260
deep-researcher-1786003933-652100e912c0,111.982,381.873
wide-researcher-1786003933-ea115de71c87,112.079,408.232
reviewer-1786003934-be18bebdeacd,112.109,663.593
data-analyst-1786003934-741f9bcb9366,112.164,659.235
deep-researcher-1786003934-3811a618f0ba,112.215,464.251
wide-researcher-1786003934-75f00ec22bc6,112.271,284.892
reviewer-1786003934-43cbf8038edb,112.324,658.563
data-analyst-1786003934-ef8e67b68dc0,112.373,405.863
deep-researcher-1786003934-db1023e4dca0,112.450,228.131
wide-researcher-1786003934-b2f774d24363,112.478,290.577
data-analyst-1786003883-cf504f6e9430,112.538,112.538
reviewer-1786003934-0764814e7147,112.547,616.105
data-analyst-1786003934-7c2481f06f62,112.609,622.908
deep-researcher-1786003934-663fd4d60196,112.633,301.165
wide-researcher-1786003934-bb3dec6f09fe,112.647,290.319
reviewer-1786003934-9080e4d516ec,112.661,547.191
data-analyst-1786003934-1d804f2e8a1a,112.710,549.316
deep-researcher-1786003934-86d634f389bf,112.750,389.242
wide-researcher-1786003934-48094b13f0f9,112.792,544.022
reviewer-1786003934-a0c344c151a5,112.811,523.879
data-analyst-1786003934-9e7041c8680d,112.849,635.577
deep-researcher-1786003934-173c60a0fc35,112.928,548.492
wide-researcher-1786003934-7e1735d81256,112.952,539.896
reviewer-1786003935-f5f22f0c6774,112.975,659.979
data-analyst-1786003935-7ab59e013c87,113.017,646.945
deep-researcher-1786003935-d28c93e698b9,113.045,292.249
data-analyst-1786003885-5aca48fa99ff,113.086,113.086
wide-researcher-1786003935-09e2e6952199,113.105,403.566
reviewer-1786003935-8aff6b058ad8,113.119,642.415
data-analyst-1786003885-67d9c5dc49a7,113.150,113.150
data-analyst-1786003935-036d870b4c64,113.160,582.883
data-analyst-1786003884-ca0d1991fad4,113.183,113.183
deep-researcher-1786003935-28095a4820a3,113.184,400.448
wide-researcher-1786003935-8d79f2fce79c,113.216,523.198
reviewer-1786003935-99026f56c20f,113.282,641.146
data-analyst-1786003885-109da3887178,113.324,113.325
data-analyst-1786003935-20ef56a3257c,113.342,654.950
data-analyst-1786003887-1d8abf617b43,113.355,113.355
deep-researcher-1786003935-b2982281eb79,113.359,408.371
wide-researcher-1786003935-317f1b51fac2,113.405,553.711
reviewer-1786003935-0c66a3b368f8,113.489,652.736
data-analyst-1786003935-a4c7e86a8d3e,113.545,542.717
deep-researcher-1786003935-4c8a7e92a5b4,113.580,283.740
wide-researcher-1786003935-0cd1874d32e7,113.616,398.405
data-analyst-1786003887-ef9c97a755c6,113.629,113.630
data-analyst-1786003887-20d9249dd2d1,113.644,113.644
reviewer-1786003935-9b3fcabb56d5,113.672,578.325
data-analyst-1786003887-58f8204919f6,113.676,113.676
data-analyst-1786003884-a39c0526ae5c,113.748,113.748
data-analyst-1786003935-56797f9a5221,113.778,564.031
data-analyst-1786003889-ec9c737e2817,113.798,113.798
deep-researcher-1786003935-1cdd0c0cd11f,113.841,689.144
data-analyst-1786003890-baafb5ec012b,113.845,113.845
wide-researcher-1786003935-6565e898384f,113.857,294.364
reviewer-1786003935-aaa4faebb0bb,113.888,536.123
data-analyst-1786003935-4e5dd9391d0f,113.979,422.249
data-analyst-1786003889-3026561862e7,113.998,113.998
data-analyst-1786003884-cbce787b19aa,114.026,114.026
deep-researcher-1786003936-e4dabf40742c,114.040,540.074
data-analyst-1786003890-6c3bbc77068c,114.073,114.074
data-analyst-1786003887-06bb48f7bcf9,114.115,114.115
wide-researcher-1786003936-de237ab4dcca,114.119,322.572
reviewer-1786003936-8b27ed4870a7,114.132,552.021
data-analyst-1786003936-faecc50d7c6b,114.159,399.871
deep-researcher-1786003936-6dd362e41368,114.177,217.269
wide-researcher-1786003936-aa0ac6e7c387,114.212,226.326
reviewer-1786003936-99dc837a0f9a,114.295,534.226
data-analyst-1786003936-920c07893d88,114.324,528.737
deep-researcher-1786003936-ef48b867a65a,114.339,318.020
data-analyst-1786003892-2caf300011bc,114.347,114.348
wide-researcher-1786003936-dfa80bf3186e,114.416,313.551
reviewer-1786003936-fff9335e4ffc,114.437,671.001
data-analyst-1786003936-2140ca0e360a,114.470,546.764
deep-researcher-1786003936-cf677023b49e,114.490,404.505
wide-researcher-1786003936-aa17fc8348b6,114.504,230.235
reviewer-1786003936-202bf0e429a1,114.529,471.009
data-analyst-1786003936-31308c74e8e5,114.614,653.544
deep-researcher-1786003936-0cae7e919988,114.628,588.124
wide-researcher-1786003936-646c6d121f29,114.645,287.626
reviewer-1786003936-4d3c7d82b16d,114.719,532.100
data-analyst-1786003889-560da8c3d2b3,114.769,114.769
data-analyst-1786003936-d63954e6ce61,114.790,645.315
data-analyst-1786003895-b09b9b2b6973,114.848,114.848
deep-researcher-1786003936-b2ca170adefa,114.852,293.872
wide-researcher-1786003936-034272baa494,114.874,294.598
reviewer-1786003936-5c79b5bf708a,114.916,646.578
data-analyst-1786003936-a534ed1bd12c,114.959,661.527
data-analyst-1786003895-452c4857430e,114.960,114.964
deep-researcher-1786003937-a3a1e09374c0,115.007,302.527
wide-researcher-1786003937-0b691386b494,115.089,649.764
reviewer-1786003937-f5f5c7472214,115.135,523.596
data-analyst-1786003897-302961f60057,115.182,115.182
data-analyst-1786003937-814e11b7727c,115.186,641.975
deep-researcher-1786003937-ba5eed6b74a3,115.352,290.957
wide-researcher-1786003937-be9124f13927,115.366,413.923
data-analyst-1786003887-b4f74783719c,115.386,115.386
reviewer-1786003937-59492f2a5f39,115.394,546.634
data-analyst-1786003937-1f1972ce8c4b,115.482,408.566
deep-researcher-1786003937-15fe86492c4c,115.500,548.552
wide-researcher-1786003937-963c9a75c9c3,115.555,226.279
data-analyst-1786003889-4d6a48ccd51e,115.556,115.559
reviewer-1786003937-038b450a5e0f,115.585,688.245
data-analyst-1786003937-4f62d8addea9,115.638,650.091
deep-researcher-1786003937-581d564042b1,115.653,302.836
wide-researcher-1786003937-62dfee808546,115.666,539.337
reviewer-1786003937-41441a8714f5,115.681,401.486
data-analyst-1786003889-ed3f9bee4570,115.691,115.691
data-analyst-1786003937-d27698d8d36a,115.724,618.365
deep-researcher-1786003937-f267b79112f1,115.739,563.904
wide-researcher-1786003937-292a56b37a09,115.768,294.102
reviewer-1786003937-6ceed0c5ea4d,115.803,679.111
data-analyst-1786003937-cb3d3cc03e2b,115.839,682.431
deep-researcher-1786003937-c9e1f89d01a4,115.854,667.298
wide-researcher-1786003937-0a61ae7fa33e,115.961,535.059
reviewer-1786003938-22afe15b06b9,115.985,631.923
data-analyst-1786003938-5c9d325f9412,116.012,559.427
deep-researcher-1786003938-7e43ccd4e521,116.041,199.290
data-analyst-1786003885-44ad8438a7e1,116.079,116.079
wide-researcher-1786003938-305b767d3985,116.122,301.649
reviewer-1786003938-f67a7829b078,116.140,666.901
data-analyst-1786003938-3bb2973bd35e,116.166,636.249
deep-researcher-1786003938-e81884ed103a,116.191,311.042
wide-researcher-1786003938-239d5a77a682,116.230,641.772
data-analyst-1786003888-e21d22d9893c,116.264,116.265
reviewer-1786003938-8010fa458cd6,116.307,685.816
data-analyst-1786003899-bae21e135432,116.325,116.325
data-analyst-1786003885-f220f0422333,116.340,116.340
data-analyst-1786003938-cdce7033513c,116.367,615.945
deep-researcher-1786003938-4b396b08b4c5,116.419,670.738
wide-researcher-1786003938-3af0183d6e2d,116.442,591.851
data-analyst-1786003900-dfdae3427550,116.457,116.457
data-analyst-1786003896-2b9335d60c27,116.470,116.470
reviewer-1786003938-de88ebcfc1cd,116.474,649.869
data-analyst-1786003899-052b659ed658,116.512,116.512
data-analyst-1786003938-6a317b98ae93,116.525,528.109
data-analyst-1786003884-db2b8552588d,116.556,116.556
deep-researcher-1786003938-d623e0c67e15,116.590,672.537
data-analyst-1786003905-0bae25af575f,116.623,189.727
wide-researcher-1786003938-7ff37737548f,116.645,330.194
data-analyst-1786003883-fdf20a2c2b40,116.685,116.685
reviewer-1786003938-af2770f9ce3e,116.697,686.122
data-analyst-1786003938-55925eda8653,116.845,602.819
deep-researcher-1786003938-47c29869c71a,116.866,297.207
wide-researcher-1786003938-8e1d788837b7,116.883,412.971
reviewer-1786003938-a52f8f0a35b1,116.913,669.271
data-analyst-1786003939-2cb99aa29a28,117.009,647.139
deep-researcher-1786003939-a93df6db9d6e,117.071,663.561
wide-researcher-1786003939-a6a3a9090604,117.099,632.638
reviewer-1786003939-739d8511a3ab,117.131,684.877
data-analyst-1786003939-e99ca139fced,117.176,525.378
deep-researcher-1786003939-c86071114bc3,117.194,659.964
wide-researcher-1786003939-827c8feb93b5,117.211,351.219
reviewer-1786003939-beecd11268dd,117.243,619.325
data-analyst-1786003939-69a543da53d7,117.285,538.544
deep-researcher-1786003939-f5fd9a236322,117.315,404.855
data-analyst-1786003901-bfa5da037432,117.329,192.909
wide-researcher-1786003939-dcc7d59dcd95,117.333,550.343
reviewer-1786003939-742e27028881,117.350,411.805
data-analyst-1786003901-e3933ac82d35,117.395,117.395
data-analyst-1786003939-14fb52429d46,117.435,677.520
deep-researcher-1786003939-e0540f7421dd,117.458,359.829
wide-researcher-1786003939-0cc612616e90,117.496,421.479
reviewer-1786003939-7ca1e873b020,117.525,635.094
data-analyst-1786003939-6bfbd17abc39,117.630,654.823
deep-researcher-1786003939-2844af79a24d,117.644,398.039
wide-researcher-1786003939-5d0d817800ce,117.661,648.607
reviewer-1786003939-3e1a9241b01d,117.685,680.044
data-analyst-1786003884-ea57ed1731ea,117.717,117.717
data-analyst-1786003901-1b2ca77d4460,117.730,117.730
data-analyst-1786003939-8b710f17493d,117.756,653.359
deep-researcher-1786003939-05fdf79b388a,117.824,298.013
wide-researcher-1786003939-df74931d678b,117.877,402.452
reviewer-1786003939-ab73a405f2ba,117.948,561.181
data-analyst-1786003939-7c86a23de4b5,117.983,532.568
deep-researcher-1786003940-f3a92db71211,118.000,289.488
data-analyst-1786003898-d0b2d74320ac,118.024,191.771
wide-researcher-1786003940-a28051073275,118.038,536.866
reviewer-1786003940-1906670d58e6,118.114,684.468
data-analyst-1786003940-9709e4d9fb84,118.211,636.010
deep-researcher-1786003940-146bd7243170,118.229,422.281
wide-researcher-1786003940-72b4e61b2547,118.312,291.823
reviewer-1786003940-6f35f4db3bce,118.378,653.837
data-analyst-1786003940-b5f4392295c5,118.418,524.286
deep-researcher-1786003940-f9b8947cce44,118.433,292.905
wide-researcher-1786003940-149c9c9fdc9a,118.515,547.400
reviewer-1786003940-9e0495ae218d,118.572,631.313
data-analyst-1786003940-3027ef9f22fd,118.608,522.911
deep-researcher-1786003940-66595d9f070c,118.676,290.444
wide-researcher-1786003940-6b5390158ab7,118.690,657.553
reviewer-1786003940-7e16fcd8c67f,118.708,688.164
data-analyst-1786003902-96d0520dc497,118.723,118.723
data-analyst-1786003940-7681b5d8420d,118.755,401.517
deep-researcher-1786003940-df3a11526f64,118.770,300.750
data-analyst-1786003899-ecc327c137c7,118.788,118.788
wide-researcher-1786003940-b5f1e50ae0e2,118.792,529.351
reviewer-1786003940-ee18b06441aa,118.821,300.717
data-analyst-1786003907-fab4bd0eb7b7,118.903,201.543
data-analyst-1786003940-87ff1dd4b2ca,118.917,422.394
deep-researcher-1786003940-843c5765e3b4,118.981,247.220
wide-researcher-1786003940-22202b4e678c,119.006,405.984
reviewer-1786003941-6325df3cff3a,119.021,533.994
data-analyst-1786003941-6a1d20308372,119.056,420.774
deep-researcher-1786003941-9f77cf7e4cd3,119.136,410.342
wide-researcher-1786003941-29f73ffb3bb5,119.158,632.733
reviewer-1786003941-97ee7e3a8afe,119.185,604.023
data-analyst-1786003941-063b075e203b,119.212,305.565
data-analyst-1786003887-43efc8d0ef07,119.223,188.812
deep-researcher-1786003941-7a98f0c03737,119.266,247.817
data-analyst-1786003890-c7b2e8b25ed1,119.338,119.338
wide-researcher-1786003941-4aa80ad3cda5,119.388,411.389
reviewer-1786003941-c28b1c462630,119.442,678.973
data-analyst-1786003941-73b76e0ec40b,119.508,563.956
deep-researcher-1786003941-098675b48ca7,119.540,661.481
data-analyst-1786003908-496cdee67d12,119.611,189.400
wide-researcher-1786003941-09e2da53e4ad,119.620,635.003
reviewer-1786003941-339736257093,119.644,654.264
data-analyst-1786003941-87cddc46a738,119.731,409.275
deep-researcher-1786003941-b51a9436585c,119.822,333.056
wide-researcher-1786003941-336b37004777,119.861,296.477
data-analyst-1786003885-554a3267facd,119.877,312.200
reviewer-1786003941-d2de548fd30c,119.931,680.386
data-analyst-1786003941-b19a3d7cfa59,120.014,630.903
deep-researcher-1786003942-9b6ba94e8e53,120.085,411.373
wide-researcher-1786003942-ac2025356520,120.103,523.958
reviewer-1786003942-d043636f1391,120.185,631.767
data-analyst-1786003942-5cb72a72bfe3,120.221,691.774
deep-researcher-1786003942-5649f68a0473,120.235,644.945
wide-researcher-1786003942-01f91c9ed184,120.268,320.553
reviewer-1786003942-630120326de8,120.283,664.651
data-analyst-1786003942-3ec961513201,120.337,403.392
deep-researcher-1786003942-ba5116deb786,120.432,309.868
wide-researcher-1786003942-bdfc8632cdd1,120.527,541.195
reviewer-1786003942-85a7d88c8961,120.555,554.036
data-analyst-1786003942-5dec3b9c64d0,120.645,479.931
deep-researcher-1786003942-540563e8cde1,120.666,337.096
wide-researcher-1786003942-1e0d2a32e127,120.690,294.996
reviewer-1786003942-34cd554b2b65,120.707,647.221
data-analyst-1786003900-1c8bdd564746,120.749,120.749
data-analyst-1786003942-62cd67e950f9,120.757,537.487
deep-researcher-1786003942-283d95fefa70,120.894,669.423
wide-researcher-1786003942-c96c78bbc5ac,120.947,283.533
reviewer-1786003942-f1d3f28add4f,120.972,634.506
data-analyst-1786003942-5fb5ee4590c6,121.008,658.355
deep-researcher-1786003943-bcb05386cab6,121.045,332.586
data-analyst-1786003899-b09385eccc47,121.120,121.121
wide-researcher-1786003943-217f281be00b,121.134,490.893
reviewer-1786003943-8edf9f9f5ffa,121.156,643.303
data-analyst-1786003943-70caa2ae594a,121.213,610.482
deep-researcher-1786003943-875bec00505a,121.235,226.265
wide-researcher-1786003943-20930327c6fe,121.253,642.317
reviewer-1786003943-5e3f917bac73,121.328,527.684
data-analyst-1786003943-9d0036a97280,121.374,410.135
data-analyst-1786003901-f1eba804c97d,121.420,121.421
deep-researcher-1786003943-e3cec2318a56,121.445,424.615
wide-researcher-1786003943-6286a9934910,121.535,203.536
data-analyst-1786003899-f0ec0fbb8917,121.568,121.568
reviewer-1786003943-ee189d4e093c,121.585,660.953
data-analyst-1786003943-12a7d5530568,121.661,672.395
deep-researcher-1786003943-e15defa42a37,121.702,663.452
wide-researcher-1786003943-c03bfdddd9aa,121.720,400.402
reviewer-1786003943-476818b72496,121.736,534.283
data-analyst-1786003943-434097d7adb7,121.774,535.787
deep-researcher-1786003943-a8e501e0d353,121.793,632.418
wide-researcher-1786003943-1bf80b13d0e8,121.807,290.059
reviewer-1786003943-5c28eb3b9f14,121.842,568.487
data-analyst-1786003902-30dce4182ed0,121.870,121.871
data-analyst-1786003943-dd4ec4462cc9,121.944,536.479
deep-researcher-1786003943-9d425130bb4f,122.004,296.874
data-analyst-1786003894-0102d556b7a1,122.023,122.024
wide-researcher-1786003943-d1101389019a,122.037,643.601
reviewer-1786003944-29731f60227c,122.070,445.664
data-analyst-1786003944-aa7454b18edf,122.136,687.204
deep-researcher-1786003944-52e3beeda756,122.159,543.194
wide-researcher-1786003944-18b78ad59f9a,122.182,251.045
reviewer-1786003944-87c8074966fe,122.205,626.002
data-analyst-1786003910-6baf0e31711d,122.214,190.014
data-analyst-1786003894-9abb9a45bba8,122.243,122.243
data-analyst-1786003904-23f2e52525bc,122.257,122.258
data-analyst-1786003944-ae0e31bb1af0,122.262,682.850
deep-researcher-1786003944-b6e25a4f1aef,122.291,408.692
data-analyst-1786003904-860d2b7d4395,122.353,122.353
wide-researcher-1786003944-4b3bafb7e1e6,122.395,218.714
reviewer-1786003944-f3a25e006c44,122.418,685.322
data-analyst-1786003944-94557cc6e9ec,122.453,531.666
deep-researcher-1786003944-164122026f69,122.468,408.306
wide-researcher-1786003944-5abe3f59c20b,122.490,412.578
reviewer-1786003944-3c74bf258294,122.528,534.933
data-analyst-1786003944-fccfad62e62a,122.642,410.046
deep-researcher-1786003944-d1f1c23638e2,122.666,298.566
wide-researcher-1786003944-5b3eabd028f2,122.685,291.764
reviewer-1786003944-12aa7ce6bbc3,122.748,592.596
data-analyst-1786003944-39b47001f87d,122.840,542.022
deep-researcher-1786003944-3a1e61969408,122.876,408.731
wide-researcher-1786003944-12325d4ed0b9,122.948,452.857
reviewer-1786003944-095e3824648a,123.027,548.447
data-analyst-1786003945-c7b75c7ee716,123.102,538.290
deep-researcher-1786003945-64d7e3bfecc2,123.117,405.930
wide-researcher-1786003945-52e65fd6777e,123.174,258.283
reviewer-1786003945-b0e321d02b07,123.210,635.777
data-analyst-1786003945-4b430341afdc,123.239,412.527
deep-researcher-1786003945-b604827fd999,123.253,678.425
wide-researcher-1786003945-1a4b334c4af2,123.294,673.492
reviewer-1786003945-b3da52d66663,123.310,532.491
data-analyst-1786003945-7f25561c7013,123.354,654.044
data-analyst-1786003900-8f1dfb6e71e4,123.355,123.358
data-analyst-1786003903-5a3aadd86266,123.412,187.465
deep-researcher-1786003945-856948d2d58f,123.446,411.987
wide-researcher-1786003945-0b28be62bf82,123.512,325.329
reviewer-1786003945-adcb1dc51ee0,123.540,594.937
data-analyst-1786003907-fb11d7e83a78,123.549,184.603
data-analyst-1786003899-1bd3a4a3fe7c,123.567,194.995
data-analyst-1786003945-85b4bd18d88b,123.589,426.706
deep-researcher-1786003945-26249c2a3a92,123.654,295.037
wide-researcher-1786003945-de80d006915e,123.701,302.868
reviewer-1786003945-0ce68a5b1419,123.725,639.827
data-analyst-1786003945-67cf78875397,123.779,592.117
deep-researcher-1786003945-db7fe02d01f3,123.812,283.710
wide-researcher-1786003945-792eedb8b88d,123.940,264.202
reviewer-1786003945-f213d2d28786,123.964,627.960
data-analyst-1786003898-39085b6d5711,123.974,289.411
data-analyst-1786003904-aba9249908bf,123.992,123.992
data-analyst-1786003945-5269276dbfaf,124.005,554.211
data-analyst-1786003898-2ba877151e0d,124.006,124.010
deep-researcher-1786003946-b592ccb38760,124.028,398.336
wide-researcher-1786003946-fe2d338bef90,124.155,549.662
reviewer-1786003946-5c6ade5d8e6f,124.179,642.301
data-analyst-1786003946-109b5a5a2c42,124.258,634.181
deep-researcher-1786003946-0da0718483d8,124.353,515.598
wide-researcher-1786003946-eabb42152d06,124.392,385.495
reviewer-1786003946-7782a1188b59,124.457,554.773
data-analyst-1786003895-ff4d6083f249,124.503,194.426
data-analyst-1786003946-78e2ed714335,124.537,539.679
deep-researcher-1786003946-019ca0ab469b,124.556,320.137
data-analyst-1786003904-0bfebddf4647,124.590,189.116
wide-researcher-1786003946-cbf399f35cf6,124.609,210.323
reviewer-1786003946-7c27071dbed6,124.623,658.493
data-analyst-1786003905-a16a26025629,124.662,124.662
data-analyst-1786003946-5aaa88fe8d82,124.692,425.010
deep-researcher-1786003946-c88dbcabf9d5,124.716,287.861
wide-researcher-1786003946-dc5260967814,124.745,353.423
data-analyst-1786003896-3db87fbb891d,124.749,124.750
reviewer-1786003946-acd8c764c710,124.761,680.001
data-analyst-1786003946-139edda2a087,124.805,523.359
deep-researcher-1786003946-009b644390a5,124.823,632.101
wide-researcher-1786003946-65924af49c7c,124.841,424.047
data-analyst-1786003904-a862ed3287c3,124.846,124.846
reviewer-1786003946-d62401ec5dc2,124.872,569.297
data-analyst-1786003887-32b4874cf03c,124.919,124.919
data-analyst-1786003946-9fe1ba3b859c,124.947,686.240
deep-researcher-1786003947-ea1edefbb5c9,125.051,366.310
wide-researcher-1786003947-f9102717e125,125.065,287.817
data-analyst-1786003901-fde5fcabd756,125.098,125.098
reviewer-1786003947-0b4c2c1d93bc,125.102,645.832
data-analyst-1786003902-c9c14de7be2e,125.115,125.115
data-analyst-1786003947-41c6c20170f9,125.161,437.246
deep-researcher-1786003947-ae4ae813d9a4,125.211,545.063
wide-researcher-1786003947-0e5a326a53d9,125.236,527.423
reviewer-1786003947-e78104429586,125.250,584.790
data-analyst-1786003903-01fbd093d3d1,125.280,199.439
data-analyst-1786003947-04eb3df42e86,125.286,424.507
deep-researcher-1786003947-511c6b127195,125.314,305.724
wide-researcher-1786003947-cff03588cc4e,125.440,405.950
reviewer-1786003947-bbd415f11200,125.490,662.896
data-analyst-1786003947-7f6ffca94f83,125.518,641.752
deep-researcher-1786003947-27ebd405fa2c,125.662,537.575
wide-researcher-1786003947-68a08f2e58ad,125.691,293.967
reviewer-1786003947-4f5511852cac,125.743,650.260
data-analyst-1786003947-11461590b2e5,125.870,637.752
deep-researcher-1786003947-c25e7f92b148,125.904,363.661
wide-researcher-1786003947-ad4c057511a5,125.935,652.401
reviewer-1786003947-1e89839b8b18,125.967,650.677
data-analyst-1786003913-437a47c0a647,125.989,282.308
data-analyst-1786003948-7409fb93483c,126.059,668.528
deep-researcher-1786003948-a900180cfd88,126.127,529.560
data-analyst-1786003911-2e3b88a5e868,126.143,224.233
wide-researcher-1786003948-3e6b1daba2d5,126.148,563.231
reviewer-1786003948-e68711be6fe9,126.191,546.618
data-analyst-1786003911-8876470fdc96,126.195,193.891
data-analyst-1786003948-7c557385b8b4,126.259,416.173
deep-researcher-1786003948-e9b8aa94a0bb,126.277,610.098
data-analyst-1786003910-9b783abf1841,126.278,192.321
wide-researcher-1786003948-e380771fc97c,126.294,417.743
reviewer-1786003948-691788952404,126.325,628.009
data-analyst-1786003948-ff9d71bdfaf5,126.353,636.778
deep-researcher-1786003948-ff846060cd5c,126.391,295.251
wide-researcher-1786003948-68b98ca26ed7,126.461,353.190
reviewer-1786003948-acc537cbbecb,126.525,629.409
data-analyst-1786003948-33cd47129cb1,126.560,684.449
deep-researcher-1786003948-2429717f3034,126.589,525.558
data-analyst-1786003884-fb13d26a2871,126.610,192.733
wide-researcher-1786003948-df02d25505c7,126.619,523.345
reviewer-1786003948-747438a47c98,126.633,525.161
data-analyst-1786003948-5f0eb0bcb7cd,126.720,667.361
data-analyst-1786003897-9b06be0c2418,126.752,126.752
deep-researcher-1786003948-172ac6653000,126.757,399.365
wide-researcher-1786003948-e789a6777221,126.771,626.600
reviewer-1786003948-704b5ded1ea6,126.808,681.508
data-analyst-1786003914-5ed5a123cc9a,126.821,290.789
data-analyst-1786003914-2acca7c9449e,126.877,193.453
data-analyst-1786003948-d37939ad3495,126.956,681.429
data-analyst-1786003887-20811bf98153,126.980,184.909
deep-researcher-1786003948-8c775631a2f4,126.985,285.760
wide-researcher-1786003948-03db512bfa8d,127.011,412.016
reviewer-1786003949-1015b0b78c0c,127.032,683.220
data-analyst-1786003949-7235d6e17056,127.076,541.180
data-analyst-1786003900-0afc90de3c90,127.077,127.080
deep-researcher-1786003949-2c98d03e6ad5,127.170,562.778
wide-researcher-1786003949-9b8b6796cdcf,127.202,402.554
reviewer-1786003949-220bda816370,127.255,637.159
data-analyst-1786003949-6af048f2d60d,127.291,411.308
deep-researcher-1786003949-0e674f9be68e,127.383,288.265
data-analyst-1786003914-a616d8a5dadb,127.405,192.034
wide-researcher-1786003949-254da19f977b,127.413,285.904
reviewer-1786003949-0e44ddfabfbf,127.440,646.218
data-analyst-1786003949-6b1cd1ade50a,127.474,671.071
deep-researcher-1786003949-aba42bfe162d,127.557,424.491
wide-researcher-1786003949-8180a84dba01,127.640,476.586
reviewer-1786003949-ac74f672efdb,127.658,560.986
data-analyst-1786003949-58e68de20714,127.693,628.159
deep-researcher-1786003949-9ab1bcd825cf,127.716,678.341
wide-researcher-1786003949-dc829c2ee3be,127.742,416.742
reviewer-1786003949-60346f524353,127.773,641.112
data-analyst-1786003949-20122e7e3369,127.803,414.242
deep-researcher-1786003949-92aa923e536b,127.843,285.887
wide-researcher-1786003949-98a7ec24f432,127.857,436.619
reviewer-1786003949-44e3e7a0da83,127.874,669.700
data-analyst-1786003904-3e3db57eb696,127.910,127.910
data-analyst-1786003949-a4775dd64a00,127.970,417.791
deep-researcher-1786003950-12aceff4b60c,128.043,662.438
wide-researcher-1786003950-f058be6e1dab,128.060,399.116
reviewer-1786003950-9d7d090c2a5b,128.081,545.563
data-analyst-1786003950-d714291bca66,128.117,564.165
deep-researcher-1786003950-c946788022c9,128.135,316.555
wide-researcher-1786003950-c9fc1115a2e0,128.156,531.089
data-analyst-1786003915-36ffec4260cb,128.246,274.237
reviewer-1786003950-f6d18831308b,128.274,658.256
data-analyst-1786003950-0183e13e8293,128.316,552.423
deep-researcher-1786003950-f13c7f1fc15d,128.332,520.875
wide-researcher-1786003950-295e99be33c5,128.455,399.919
reviewer-1786003950-be790530ca1d,128.472,670.374
data-analyst-1786003950-0d36023ac2d1,128.517,547.931
deep-researcher-1786003950-190e518b1e29,128.531,284.970
wide-researcher-1786003950-8e6df65d4e8a,128.545,293.427
data-analyst-1786003898-d6b145e2b846,128.576,190.500
reviewer-1786003950-919eb345ddb2,128.589,603.604
data-analyst-1786003911-51ae4c590a36,128.624,185.294
data-analyst-1786003950-27b6f2904430,128.674,536.577
deep-researcher-1786003950-d1d81c0670e1,128.691,632.599
wide-researcher-1786003950-d635f67e3f1d,128.712,412.319
reviewer-1786003950-075c35bc4ee6,128.751,656.635
data-analyst-1786003950-91be79d1da93,128.800,649.097
deep-researcher-1786003950-e0b3527c5e80,128.895,310.322
wide-researcher-1786003950-3ba8c673e586,128.921,400.555
reviewer-1786003950-295671fd74b2,128.952,673.565
data-analyst-1786003950-c43723b270e5,129.073,649.277
data-analyst-1786003915-d02418cf0260,129.120,193.437
data-analyst-1786003915-707391ed373d,129.134,286.785
deep-researcher-1786003951-e4bcf01b880f,129.151,425.978
wide-researcher-1786003951-3b80b8b236a8,129.166,302.490
reviewer-1786003951-cfbf05535f37,129.183,490.091
data-analyst-1786003951-e4272bdd7857,129.224,482.097
deep-researcher-1786003951-b7493ea8083c,129.281,241.311
wide-researcher-1786003951-94735562fb4a,129.313,293.484
reviewer-1786003951-3ddb8a0273b3,129.336,647.349
data-analyst-1786003951-3f269fa2e53a,129.366,677.345
deep-researcher-1786003951-353a9057b403,129.384,199.122
wide-researcher-1786003951-b468af4b6799,129.402,418.203
data-analyst-1786003915-34175ed39e50,129.531,188.593
reviewer-1786003951-ef41a89a0d24,129.550,680.948
data-analyst-1786003951-0fc2732b33fe,129.601,413.814
deep-researcher-1786003951-642b897e3d6c,129.631,658.901
wide-researcher-1786003951-a34c030c5b59,129.648,480.107
reviewer-1786003951-26c4101b4020,129.678,594.147
data-analyst-1786003951-bfa9f7eac9cb,129.763,413.260
deep-researcher-1786003951-988ddffe2ffa,129.798,629.425
wide-researcher-1786003951-f1e33030c7e2,129.832,401.630
reviewer-1786003951-5e28f0d90d18,129.866,543.798
data-analyst-1786003916-af5b00ae6944,129.896,216.392
data-analyst-1786003910-c86a70969524,129.908,185.412
data-analyst-1786003951-c06accffd823,129.961,648.908
deep-researcher-1786003951-016965084162,129.978,659.932
data-analyst-1786003916-1ec9394e915a,129.978,189.574
data-analyst-1786003916-81363f5405e2,129.994,187.494
wide-researcher-1786003952-f05a3010389b,130.020,651.278
reviewer-1786003952-173d12a1322a,130.043,549.732
data-analyst-1786003952-a3871fbebcff,130.093,641.908
deep-researcher-1786003952-643de3f12da8,130.116,218.669
wide-researcher-1786003952-15312986cc0e,130.186,526.215
reviewer-1786003952-546cd38a4ceb,130.203,552.222
data-analyst-1786003952-fba030f70f29,130.272,586.763
deep-researcher-1786003952-22d8fb297356,130.396,283.914
wide-researcher-1786003952-0575f9a7042f,130.410,296.113
reviewer-1786003952-f3792ab1d0ba,130.438,541.253
data-analyst-1786003952-149436d7a094,130.479,552.410
deep-researcher-1786003952-aed788ecb68c,130.506,525.460
data-analyst-1786003908-79bff9e17ce7,130.524,130.525
wide-researcher-1786003952-ede65199b984,130.578,462.110
reviewer-1786003952-8aeeb57cc076,130.639,667.630
data-analyst-1786003952-9eab77d4526f,130.676,556.537
deep-researcher-1786003952-1f26e42982bf,130.694,661.214
wide-researcher-1786003952-c9bcc5f9b299,130.731,544.381
reviewer-1786003952-68bc7b0e89b9,130.745,637.110
data-analyst-1786003903-85a56e8c267d,130.766,130.766
data-analyst-1786003952-249220a5bfe8,130.794,668.176
deep-researcher-1786003952-f8216711d32a,130.862,398.908
wide-researcher-1786003952-b328626f52e6,130.879,538.913
reviewer-1786003952-473f04f2a954,130.895,663.529
data-analyst-1786003952-0ef0626d0724,130.989,629.544
deep-researcher-1786003953-5e4289dec8fd,131.058,344.931
wide-researcher-1786003953-2448388e33b5,131.076,421.851
data-analyst-1786003912-96fc4ad1dca1,131.090,131.091
reviewer-1786003953-ee5c6e752be0,131.104,548.758
data-analyst-1786003953-3bce1c622217,131.153,604.510
deep-researcher-1786003953-d992f6cce051,131.183,662.096
wide-researcher-1786003953-3794c085da6d,131.201,591.499
reviewer-1786003953-ea4e37598fab,131.251,574.316
data-analyst-1786003953-2b2e8089089a,131.347,649.388
deep-researcher-1786003953-0c3dbfce6330,131.474,656.524
wide-researcher-1786003953-3c4c60144494,131.534,293.572
reviewer-1786003953-5248ac4f4799,131.557,605.114
data-analyst-1786003953-d6dec630d8af,131.619,453.408
deep-researcher-1786003953-0f0cb25d47e9,131.691,296.538
wide-researcher-1786003953-f876317167ad,131.705,298.870
reviewer-1786003953-2e14b93020b8,131.720,617.742
data-analyst-1786003953-11bd4f79b67d,131.770,524.692
deep-researcher-1786003953-89a8fcb4c573,131.825,524.893
data-analyst-1786003884-0edef95c8882,131.886,131.886
wide-researcher-1786003953-1923969df50b,131.913,400.760
reviewer-1786003953-6a18f13c05d2,131.927,642.819
data-analyst-1786003953-e3aa5e0be6b5,131.986,639.507
deep-researcher-1786003954-9d36b37b560f,132.044,300.148
wide-researcher-1786003954-c25397897191,132.082,306.448
data-analyst-1786003914-c6729553f5be,132.096,185.206
data-analyst-1786003914-f24afc0f7794,132.142,209.087
reviewer-1786003954-b456f4ec62b0,132.146,434.893
data-analyst-1786003954-90bf05766b54,132.190,616.158
deep-researcher-1786003954-1555d3d1a222,132.214,588.060
wide-researcher-1786003954-4f4c2ca0d0ad,132.252,287.491
data-analyst-1786003914-f14eddee55d7,132.266,185.399
reviewer-1786003954-e283cdb0e8d6,132.272,663.971
data-analyst-1786003954-b2d69f8822c5,132.313,546.808
deep-researcher-1786003954-da48416bbcb4,132.367,398.929
wide-researcher-1786003954-44e64d3a7304,132.384,300.669
reviewer-1786003954-8bf33e1c4270,132.402,630.161
data-analyst-1786003914-cac02669a752,132.448,186.308
data-analyst-1786003917-a475beed3ac4,132.497,285.574
data-analyst-1786003954-1649a3801de2,132.515,534.729
deep-researcher-1786003954-4dea6bc4e7e1,132.560,301.752
wide-researcher-1786003954-c27cd7cb2cde,132.578,454.006
reviewer-1786003954-60786e34ba9f,132.596,548.089
data-analyst-1786003954-466a5b1f78f9,132.651,664.391
deep-researcher-1786003954-e0883bdbe9d4,132.688,524.567
wide-researcher-1786003954-38af2f552b09,132.707,269.411
data-analyst-1786003883-0d63f7791c92,132.717,132.717
reviewer-1786003954-cfe8fdf51991,132.758,522.476
data-analyst-1786003911-8b2569f4c304,132.825,132.826
data-analyst-1786003954-787cc8c3ef6a,132.852,528.271
data-analyst-1786003896-4e22837700b8,132.940,132.940
deep-researcher-1786003954-279341795f79,132.975,284.395
wide-researcher-1786003954-d746b7b769bf,133.043,333.457
reviewer-1786003954-96b83038633e,133.067,552.775
data-analyst-1786003894-72ed1718d401,133.113,133.114
data-analyst-1786003955-b97005c834eb,133.118,684.673
data-analyst-1786003914-c7ce070d55f3,133.132,133.132
deep-researcher-1786003955-ec5a67bda58a,133.203,319.372
wide-researcher-1786003955-4bab18c6c8e3,133.232,522.205
reviewer-1786003955-3a28d8470097,133.250,646.865
data-analyst-1786003955-2984c871ed38,133.288,419.640
deep-researcher-1786003955-ca75123a884d,133.427,395.213
wide-researcher-1786003955-9c60f5a1c737,133.448,632.845
reviewer-1786003955-a626c72fcef1,133.501,523.302
data-analyst-1786003955-1fa280b12f2e,133.589,687.555
data-analyst-1786003888-1de3f0f9b8bf,133.631,191.732
deep-researcher-1786003955-330840d54973,133.710,300.523
wide-researcher-1786003955-c13fbf9e5a9b,133.751,294.347
reviewer-1786003955-4f3af3f2c462,133.768,683.333
data-analyst-1786003955-8535a40184d4,133.803,551.280
data-analyst-1786003915-b0869f87900b,133.857,185.355
deep-researcher-1786003955-5104c05961d8,133.884,669.292
wide-researcher-1786003955-ed5cfc682375,133.908,421.745
reviewer-1786003955-02c2904b14ca,134.018,528.949
data-analyst-1786003955-2a1def8df953,134.060,536.656
data-analyst-1786003905-46ee6a652341,134.089,134.089
deep-researcher-1786003956-0177bf51c352,134.101,667.936
data-analyst-1786003914-53851567d84b,134.107,134.107
wide-researcher-1786003956-45ec15e03d41,134.172,414.183
reviewer-1786003956-2c411a597a51,134.198,657.219
data-analyst-1786003956-179affbc4d8e,134.272,657.299
deep-researcher-1786003956-cc39c86f45ae,134.288,415.557
wide-researcher-1786003956-cf917874882d,134.375,658.758
reviewer-1786003956-16931eec357b,134.398,655.493
data-analyst-1786003956-e4f5ac0419ec,134.495,620.200
deep-researcher-1786003956-f45a90b1228d,134.528,640.596
wide-researcher-1786003956-9612e344ffba,134.553,288.821
reviewer-1786003956-506c0d019d57,134.571,529.696
data-analyst-1786003956-6f1c3c5da71b,134.618,683.353
deep-researcher-1786003956-fc4c7b63211d,134.641,284.522
data-analyst-1786003897-66d67951f791,134.685,134.685
wide-researcher-1786003956-8a842d0d6912,134.702,296.069
reviewer-1786003956-68502759caef,134.730,670.825
data-analyst-1786003956-d91e9ebb1021,134.767,537.658
data-analyst-1786003900-2653a0186d9e,134.796,134.796
deep-researcher-1786003956-df07bfbfb7a9,134.800,635.978
wide-researcher-1786003956-8442fc5437bd,134.817,557.573
reviewer-1786003956-8f7e79e51821,134.848,628.680
data-analyst-1786003911-4bad29fff6b7,134.861,134.861
data-analyst-1786003956-e959387ce563,134.960,668.576
deep-researcher-1786003956-a6495ec264f7,135.011,655.207
data-analyst-1786003918-70750658680a,135.153,197.988
data-analyst-1786003919-cfd52cac8513,135.166,288.857
data-analyst-1786003889-6eb64fe3a478,135.180,187.177
wide-researcher-1786003957-56d5077dd91b,135.193,524.607
reviewer-1786003957-f6b85a88144e,135.218,646.522
data-analyst-1786003957-dddd4a615814,135.280,689.085
deep-researcher-1786003957-ac2829b7c8d4,135.299,650.694
wide-researcher-1786003957-de4114f0a99b,135.317,291.560
reviewer-1786003957-4689929e2aa5,135.384,685.009
data-analyst-1786003957-7725d80e4312,135.420,669.215
deep-researcher-1786003957-1181f31b5b05,135.504,297.770
data-analyst-1786003916-1047e2842729,135.522,185.025
wide-researcher-1786003957-7ea61a18816f,135.534,338.855
reviewer-1786003957-d64d67aa710b,135.576,692.834
data-analyst-1786003957-95a42ef3b051,135.614,642.484
deep-researcher-1786003957-fb9191fd7a2a,135.633,627.306
wide-researcher-1786003957-99fe4c0a987f,135.712,398.544
reviewer-1786003957-aee79212c39d,135.727,404.614
data-analyst-1786003957-2fbf887d0e27,135.781,619.310
deep-researcher-1786003957-436ae8e2e420,135.796,294.377
wide-researcher-1786003957-eeadbfb3cb18,135.827,300.836
reviewer-1786003957-3e517708a75e,135.858,544.984
data-analyst-1786003957-f44ad4278633,135.992,651.890
deep-researcher-1786003957-9a75cfe49949,136.032,418.040
wide-researcher-1786003958-9b0171fe36e7,136.066,544.893
reviewer-1786003958-fc94c4a24bf4,136.095,678.079
data-analyst-1786003958-a3eb9e93d813,136.137,411.888
deep-researcher-1786003958-3a77c8584622,136.156,682.755
wide-researcher-1786003958-46e33402136b,136.208,529.395
reviewer-1786003958-22b19dae5002,136.238,685.467
data-analyst-1786003919-503605ba3c1f,136.275,290.335
data-analyst-1786003958-b20c83ae3562,136.275,434.736
deep-researcher-1786003958-3467f8491fd8,136.313,667.610
wide-researcher-1786003958-475be8d46ab0,136.328,309.643
reviewer-1786003958-f48bed95b027,136.355,638.137
data-analyst-1786003903-31e98c60f705,136.454,136.455
data-analyst-1786003958-6f93ea9d110a,136.468,527.219
data-analyst-1786003890-2412fc7f2649,136.472,136.473
deep-researcher-1786003958-9568148788af,136.521,543.459
wide-researcher-1786003958-f90b721bc57b,136.609,299.351
data-analyst-1786003916-de86fb3ebb60,136.673,136.674
data-analyst-1786003915-33c98436429f,136.689,136.689
reviewer-1786003958-ac251541bd79,136.702,580.729
data-analyst-1786003958-36a11ec3b592,136.750,654.445
deep-researcher-1786003958-14dcf0e6d91e,136.778,303.059
wide-researcher-1786003958-fd1845be53ab,136.812,324.508
reviewer-1786003958-a5d5b9f18600,136.831,688.814
data-analyst-1786003958-20873b6104d2,136.901,546.326
deep-researcher-1786003958-4c146a8b05ac,136.940,301.832
wide-researcher-1786003959-9827e95f9091,136.985,412.724
reviewer-1786003959-5e4ce9db03aa,137.042,652.464
data-analyst-1786003959-2598a864283a,137.087,676.757
deep-researcher-1786003959-53a417f7af6e,137.110,667.006
wide-researcher-1786003959-394d20959c8c,137.140,284.670
reviewer-1786003959-dae161c47327,137.224,658.652
data-analyst-1786003959-941248fe1759,137.290,640.200
deep-researcher-1786003959-b2c2be3ae424,137.339,405.040
wide-researcher-1786003959-3b34b296b1d9,137.425,406.066
reviewer-1786003959-b29b16852200,137.509,658.837
data-analyst-1786003959-22e34e7fdada,137.553,544.215
deep-researcher-1786003959-d0d4c01bc305,137.580,277.473
wide-researcher-1786003959-f13153d6902c,137.611,287.415
reviewer-1786003959-10782c926ab5,137.642,652.321
data-analyst-1786003911-e065a58029ff,137.643,137.648
data-analyst-1786003920-6f3a013146f9,137.683,202.429
data-analyst-1786003959-ccf24bcd16c3,137.765,649.293
deep-researcher-1786003959-af342260200d,137.788,306.307
wide-researcher-1786003959-ee8c5a0a5213,137.814,290.490
reviewer-1786003959-dd9ea50b7b89,137.839,530.746
data-analyst-1786003959-94b15a00e32f,137.877,537.250
deep-researcher-1786003959-32c10effbdeb,137.978,294.557
wide-researcher-1786003960-0cdb708699e2,138.024,373.569
reviewer-1786003960-9052af6f8cda,138.051,677.099
data-analyst-1786003960-f38ed1999528,138.121,600.966
data-analyst-1786003916-15ec9b7f4072,138.206,138.206
deep-researcher-1786003960-09f4c25c63d1,138.210,376.311
wide-researcher-1786003960-c0ee50b99dab,138.229,427.737
reviewer-1786003960-d87a3fe01173,138.253,638.120
data-analyst-1786003904-e3a13d5d3d72,138.262,138.262
data-analyst-1786003960-8adbdd9c8b41,138.290,525.392
deep-researcher-1786003960-3d5c41960f09,138.323,666.784
data-analyst-1786003918-0f98fdef4b5d,138.328,184.894
wide-researcher-1786003960-9cf2527c4b7b,138.338,653.460
reviewer-1786003960-016d2a9d1622,138.411,689.825
data-analyst-1786003960-f66b92857ea8,138.456,649.190
data-analyst-1786003916-ae91fb7b2598,138.465,138.466
deep-researcher-1786003960-538995e7151d,138.561,353.041
wide-researcher-1786003960-d6ab4ac7e213,138.591,286.025
reviewer-1786003960-ff2dd71ad9a3,138.614,634.832
data-analyst-1786003960-baa0f9f6fca2,138.648,684.004
deep-researcher-1786003960-d5384ba37cad,138.716,370.417
wide-researcher-1786003960-8cd201e1ce60,138.748,532.906
reviewer-1786003960-c98c2996f1d2,138.804,669.748
data-analyst-1786003960-10dbef94dd65,138.850,685.487
data-analyst-1786003915-8fc591b77d46,138.926,138.927
deep-researcher-1786003960-1fd6274ede91,138.931,538.027
wide-researcher-1786003960-5cc9fd21ca56,139.012,392.169
reviewer-1786003961-c78ff74cee03,139.031,656.188
data-analyst-1786003961-e8e0175bfaa5,139.069,541.668
data-analyst-1786003920-8016bb972517,139.070,190.483
data-analyst-1786003920-3433bfaa1d0d,139.087,190.996
deep-researcher-1786003961-cfe49ff06085,139.128,288.129
wide-researcher-1786003961-ee426c1aa06d,139.170,285.511
reviewer-1786003961-0d88c1f39321,139.230,534.996
data-analyst-1786003961-e20883263e24,139.276,639.922
deep-researcher-1786003961-b9ca6d822f13,139.334,656.540
wide-researcher-1786003961-808ac6416b2b,139.353,405.141
reviewer-1786003961-dee0f41a7a34,139.371,520.091
data-analyst-1786003961-c7b07019ae47,139.444,341.400
deep-researcher-1786003961-89412b63c792,139.492,291.095
wide-researcher-1786003961-06641214574f,139.560,295.051
reviewer-1786003961-b7c64553b1e9,139.622,618.431
data-analyst-1786003918-6dd7638c1c4f,139.669,190.822
data-analyst-1786003961-3d27e3b21b20,139.688,595.012
deep-researcher-1786003961-27c3380e45dd,139.715,670.496
wide-researcher-1786003961-523220a65d11,139.742,544.294
reviewer-1786003961-29e8fe7b5084,139.775,539.198
data-analyst-1786003961-ec72b3421f8e,139.829,467.715
deep-researcher-1786003961-c541a8ce5971,139.859,290.859
wide-researcher-1786003961-d149ef2e042d,139.918,285.148
reviewer-1786003961-b5b7f12abf08,139.935,603.646
data-analyst-1786003904-6e4129975fd6,139.963,139.963
data-analyst-1786003962-ad2d51e0d9ea,139.971,459.911
deep-researcher-1786003962-e6afc4c0eb89,140.000,302.542
data-analyst-1786003888-8ba5c1d22b9d,140.015,140.015
wide-researcher-1786003962-cc2ef1771915,140.032,656.463
data-analyst-1786003917-1d1ba2543126,140.061,140.061
reviewer-1786003962-c9230dfe3885,140.070,664.766
data-analyst-1786003962-1fb937d31716,140.123,433.414
deep-researcher-1786003962-dd536d68b32c,140.157,694.108
data-analyst-1786003898-137e2a1973e1,140.186,140.186
wide-researcher-1786003962-b0dcad56cd51,140.228,288.977
reviewer-1786003962-fce3ed65f210,140.251,657.585
data-analyst-1786003917-d78c93aa5b04,140.280,140.281
data-analyst-1786003962-47088f170ebb,140.309,642.840
deep-researcher-1786003962-e42871719236,140.332,370.402
wide-researcher-1786003962-ecc4c36f8cc5,140.356,398.594
reviewer-1786003962-437659916791,140.389,647.874
data-analyst-1786003962-2d703bb62737,140.440,532.966
deep-researcher-1786003962-ee1d1f7e6c1a,140.531,409.340
wide-researcher-1786003962-b5c295af7548,140.545,527.565
reviewer-1786003962-a40f2c164a1d,140.582,666.414
data-analyst-1786003962-c7c1f2b1f489,140.627,447.921
deep-researcher-1786003962-f39bcad012ed,140.661,629.047
data-analyst-1786003917-c39ecfbd1f2c,140.675,140.675
wide-researcher-1786003962-3e70bed5554b,140.687,296.712
data-analyst-1786003915-e400a312b5eb,140.691,140.691
data-analyst-1786003916-d5d04153ba81,140.720,140.720
reviewer-1786003962-2b48001d88a9,140.733,660.079
data-analyst-1786003914-3061ad668d79,140.734,140.737
data-analyst-1786003894-a4347dd3baef,140.778,140.778
data-analyst-1786003962-6e3484a92d9b,140.806,681.159
deep-researcher-1786003962-250989a47c75,140.839,298.592
wide-researcher-1786003962-54c5a12108c9,140.855,630.502
reviewer-1786003962-92f4509f3c8a,140.878,666.201
data-analyst-1786003962-02ed4bd70787,140.993,542.600
deep-researcher-1786003963-b668af9052e5,141.010,418.282
wide-researcher-1786003963-98296737691c,141.135,306.594
reviewer-1786003963-0ae639c94572,141.191,673.220
data-analyst-1786003963-0b54baa17f2a,141.227,650.951
deep-researcher-1786003963-9760652bee38,141.263,298.759
wide-researcher-1786003963-9c438bc78a62,141.298,304.626
reviewer-1786003963-bc3bca36c832,141.335,634.972
data-analyst-1786003963-321a2b1e4c9c,141.373,521.199
deep-researcher-1786003963-003e9a8aa872,141.425,529.010
wide-researcher-1786003963-43f77f22e165,141.443,407.181
reviewer-1786003963-89e4040cb91e,141.461,656.687
data-analyst-1786003963-9230d9f8c113,141.569,573.561
deep-researcher-1786003963-b90ebeaec858,141.587,679.795
data-analyst-1786003890-3f2588eda8d2,141.587,283.469
wide-researcher-1786003963-697fd93f0bc3,141.642,414.588
reviewer-1786003963-b24b3d5063c4,141.727,672.516
data-analyst-1786003963-f55bce4fcf5d,141.765,641.509
deep-researcher-1786003963-24a3a41dc072,141.780,303.391
wide-researcher-1786003963-0c3a403fc97b,141.822,481.784
reviewer-1786003963-251f82db4e53,141.838,684.142
data-analyst-1786003963-6a47dc9c3f21,141.875,597.452
deep-researcher-1786003963-abd068513c33,141.907,400.892
wide-researcher-1786003964-7ffe96ece6df,141.954,299.771
data-analyst-1786003920-4aa5372142d2,141.968,185.457
data-analyst-1786003922-212b2cc61bdf,142.005,187.345
data-analyst-1786003917-541ffcf61770,142.020,185.280
reviewer-1786003964-148a17fc816f,142.047,427.419
data-analyst-1786003964-b400f096daed,142.077,649.340
deep-researcher-1786003964-94f9bf5ee665,142.099,400.776
wide-researcher-1786003964-851e2ec09247,142.185,541.727
reviewer-1786003964-cb8e4abbf599,142.250,637.489
data-analyst-1786003964-14ef52af3ecf,142.296,673.855
deep-researcher-1786003964-63eb5abc7d09,142.346,442.165
wide-researcher-1786003964-38605ac69e12,142.365,303.026
reviewer-1786003964-cc985f3c1f8d,142.388,603.590
data-analyst-1786003917-81e126446583,142.509,189.878
data-analyst-1786003964-0ffcb724860f,142.509,677.229
deep-researcher-1786003964-3b4ced0da1ff,142.567,652.770
wide-researcher-1786003964-100f8f09cbc8,142.600,504.052
reviewer-1786003964-9831e0c476a9,142.645,683.653
data-analyst-1786003964-5cbcc7aba6ac,142.703,417.505
deep-researcher-1786003964-6949156f92e6,142.759,656.240
wide-researcher-1786003964-7900814d36af,142.794,417.118
reviewer-1786003964-d3c5e3386116,142.811,544.736
data-analyst-1786003964-f695189d2c39,142.856,544.806
deep-researcher-1786003964-c0b0ade0d748,142.881,530.050
wide-researcher-1786003964-2256bd8fcd66,142.946,646.618
reviewer-1786003965-ff2edb5ffa1d,142.965,564.338
data-analyst-1786003965-e3cd3e1cfafb,143.052,538.720
deep-researcher-1786003965-10a94d808d36,143.079,407.021
wide-researcher-1786003965-1425a2253aca,143.097,525.335
reviewer-1786003965-9aae6ae0d21b,143.140,631.370
data-analyst-1786003965-fda023ffb599,143.249,643.397
deep-researcher-1786003965-717ebb3a782f,143.280,248.068
data-analyst-1786003917-6b4ae23bbda1,143.307,143.308
wide-researcher-1786003965-a8cd92e98836,143.330,422.667
reviewer-1786003965-9d550e6ca1a3,143.344,657.709
data-analyst-1786003965-f1b27161743c,143.390,414.482
deep-researcher-1786003965-934acc5e7f03,143.413,522.339
data-analyst-1786003917-743cfce80bbe,143.427,143.427
wide-researcher-1786003965-b1801df3bf1e,143.454,299.656
reviewer-1786003965-fb4e4a4eb0b1,143.558,672.921
data-analyst-1786003965-4c320f6d24d5,143.588,425.343
deep-researcher-1786003965-9e301f32a431,143.614,412.101
wide-researcher-1786003965-338656d9386d,143.654,412.139
reviewer-1786003965-d86a81783f9c,143.689,548.160
data-analyst-1786003965-db45bb2a893b,143.779,634.740
deep-researcher-1786003965-133bc7648a64,143.859,551.240
wide-researcher-1786003965-14fb80508e35,143.877,290.075
reviewer-1786003965-e617b2566a55,143.901,540.653
data-analyst-1786003911-be990edf9314,143.964,143.964
data-analyst-1786003965-e15eb18509c2,143.972,661.103
deep-researcher-1786003966-6337efca18a1,144.031,319.267
wide-researcher-1786003966-9de9c5eb9c64,144.071,557.917
reviewer-1786003966-61ceedb1d2b8,144.141,539.634
data-analyst-1786003910-5ec8cafa8d68,144.150,144.150
data-analyst-1786003966-8065c8459f92,144.278,695.395
deep-researcher-1786003966-8347388c2daa,144.313,406.318
wide-researcher-1786003966-d508c22ea9e7,144.328,522.099
reviewer-1786003966-3342b230e3a1,144.357,676.179
data-analyst-1786003966-93477b37331b,144.403,409.119
deep-researcher-1786003966-c18c159fe130,144.457,413.888
wide-researcher-1786003966-07e7bdcc0faf,144.474,296.158
reviewer-1786003966-4179fb260ab7,144.490,667.313
data-analyst-1786003966-658f802046e2,144.530,446.743
deep-researcher-1786003966-e63a69e58ad8,144.560,303.426
data-analyst-1786003917-9b24649d58d5,144.575,185.847
wide-researcher-1786003966-855d772c545e,144.584,646.399
reviewer-1786003966-8a0d6d47ff17,144.599,672.803
data-analyst-1786003966-8ef7d435dc8c,144.646,431.404
deep-researcher-1786003966-27b6a5952f05,144.664,529.037
wide-researcher-1786003966-471c8a5a193b,144.692,341.581
reviewer-1786003966-3bc86e3065f5,144.745,677.211
data-analyst-1786003908-31b0bf0686d7,144.746,144.751
data-analyst-1786003966-c4bb3d310f56,144.790,411.941
deep-researcher-1786003966-176482e6b69c,144.805,664.963
wide-researcher-1786003966-289908ca65f9,144.840,666.501
reviewer-1786003966-794a70241dd5,144.855,664.290
data-analyst-1786003966-1bd8e9360a6f,144.906,636.171
data-analyst-1786003920-08dc67ec864b,144.933,190.752
data-analyst-1786003919-ebaadb4748ac,144.953,190.644
deep-researcher-1786003966-d9d36a8271e9,144.966,300.541
data-analyst-1786003921-48be9e89ac31,145.037,209.486
data-analyst-1786003920-67ba0d25cad8,145.054,195.084
wide-researcher-1786003967-2cc793277708,145.058,295.156
reviewer-1786003967-9eed44e5598a,145.076,593.780
data-analyst-1786003967-a2f3fb297060,145.105,535.075
deep-researcher-1786003967-92e893d41f88,145.192,300.117
wide-researcher-1786003967-12efea527759,145.210,565.966
reviewer-1786003967-e9d5b2fb0469,145.252,563.184
data-analyst-1786003919-57a33227ff92,145.286,191.529
data-analyst-1786003967-10d8f79a962c,145.317,546.128
deep-researcher-1786003967-fac9e7ff5f79,145.377,475.477
wide-researcher-1786003967-319c781bf428,145.396,413.827
reviewer-1786003967-5d6bd2349f0d,145.414,675.454
data-analyst-1786003967-753fb17d7497,145.484,399.397
data-analyst-1786003920-da306f7fff82,145.489,189.504
deep-researcher-1786003967-72d8b62ed56a,145.541,308.272
wide-researcher-1786003967-dfd0c4ffee18,145.592,302.133
reviewer-1786003967-d14dc43a1ff6,145.616,683.553
data-analyst-1786003967-52ee92bd4143,145.656,640.851
data-analyst-1786003903-19b8eb8d1542,145.725,145.725
deep-researcher-1786003967-d1dd78aa4bdc,145.821,360.325
wide-researcher-1786003967-c3ad1467e996,145.844,293.930
reviewer-1786003967-c0eef00bac10,145.868,640.976
data-analyst-1786003918-a91fcf194b6c,145.869,145.873
data-analyst-1786003967-2fb4123c858c,145.905,418.718
deep-researcher-1786003968-7b8ec6373635,145.963,571.879
wide-researcher-1786003968-ac07cbcd0028,145.979,416.727
reviewer-1786003968-c95053571291,146.003,677.194
data-analyst-1786003915-798d61f662c6,146.043,146.043
data-analyst-1786003968-1b9052ef8a43,146.078,520.847
deep-researcher-1786003968-d3e03c6454d7,146.102,402.859
wide-researcher-1786003968-6b1ea7342f85,146.183,284.603
data-analyst-1786003917-3f4c5291d730,146.227,146.228
reviewer-1786003968-7080fd73d35e,146.266,564.614
data-analyst-1786003968-79f3232db7fc,146.301,553.086
data-analyst-1786003884-6c998565d508,146.311,146.311
deep-researcher-1786003968-d061e8559782,146.353,305.887
wide-researcher-1786003968-647024516d7b,146.371,528.419
reviewer-1786003968-7649360a9c1e,146.402,660.111
data-analyst-1786003968-61d2a3f945af,146.473,523.524
deep-researcher-1786003968-1ceffd0ca205,146.559,674.042
wide-researcher-1786003968-ed00c995d085,146.578,288.244
reviewer-1786003968-56250dde7f8d,146.596,478.561
data-analyst-1786003968-e5ed7c9822f8,146.672,688.950
deep-researcher-1786003968-d116f29c0cda,146.718,297.013
wide-researcher-1786003968-79d1d4ebbf61,146.766,291.972
reviewer-1786003968-f39bd9427526,146.824,662.204
data-analyst-1786003894-2891ea38a4c8,146.837,274.676
data-analyst-1786003968-8cccf03f2eef,146.893,536.775
deep-researcher-1786003968-e83845ae176d,146.925,360.665
wide-researcher-1786003968-48c2f8ec500f,146.942,420.613
reviewer-1786003969-ff1e87647106,146.988,648.075
data-analyst-1786003969-c7cb4ae911f1,147.085,542.830
deep-researcher-1786003969-83ab5a68bfc7,147.135,362.507
wide-researcher-1786003969-43d3affb3467,147.169,641.673
data-analyst-1786003922-57cdbcbfadac,147.185,185.191
reviewer-1786003969-5d2807bab63c,147.302,639.843
data-analyst-1786003969-30f6e4ccd1ef,147.348,655.566
deep-researcher-1786003969-3bd5f4fb73b4,147.367,493.535
data-analyst-1786003922-53b4152c8dd6,147.386,188.253
wide-researcher-1786003969-31d064751210,147.390,537.589
data-analyst-1786003922-4f1ba956bba5,147.407,191.547
reviewer-1786003969-339c0fceb1aa,147.472,676.678
data-analyst-1786003969-4ce63f2c2835,147.504,642.285
deep-researcher-1786003969-34c6099ee259,147.522,399.613
wide-researcher-1786003969-5ca5601642d4,147.589,428.213
reviewer-1786003969-4e40aa77e58f,147.612,645.060
data-analyst-1786003969-5696463a7617,147.697,420.914
deep-researcher-1786003969-774c70bf4514,147.762,400.086
wide-researcher-1786003969-40bc4b99fd17,147.789,530.464
reviewer-1786003969-72ef34c4a30b,147.822,682.446
data-analyst-1786003969-6fdbd6fdc570,147.871,426.600
deep-researcher-1786003969-e3045c2de1cf,147.894,637.473
data-analyst-1786003917-0e4bbf1472e2,147.908,147.908
wide-researcher-1786003969-106d298a3179,147.928,299.090
reviewer-1786003970-986587132643,147.976,670.779
data-analyst-1786003970-57f280b7c46a,148.069,639.491
deep-researcher-1786003970-d5b4c371a4e5,148.094,400.698
wide-researcher-1786003970-2766818b0e52,148.111,571.181
reviewer-1786003970-437a8d490676,148.128,587.188
data-analyst-1786003970-4f07c01a184b,148.173,638.206
deep-researcher-1786003970-36b1f6441d08,148.216,300.315
wide-researcher-1786003970-bb0f56e5d6d6,148.272,409.868
reviewer-1786003970-4c99cb3e81c7,148.295,544.202
data-analyst-1786003970-68fe61fe6ade,148.340,687.383
deep-researcher-1786003970-65f2988eb9e5,148.393,411.574
wide-researcher-1786003970-b78c95ff9954,148.432,291.944
reviewer-1786003970-a02afb457162,148.457,680.251
data-analyst-1786003970-801226c4d1f6,148.515,543.907
data-analyst-1786003924-1fb4e1343552,148.531,224.363
deep-researcher-1786003970-eadd9b9f3e3a,148.539,412.903
wide-researcher-1786003970-5102a9bf1e25,148.603,600.439
reviewer-1786003970-29a68ad489ce,148.637,675.502
data-analyst-1786003970-f8e7e2a40257,148.674,543.123
deep-researcher-1786003970-75fa69757188,148.692,426.738
wide-researcher-1786003970-d870b9c2d0c7,148.782,318.548
reviewer-1786003970-b6bfe0187f7a,148.816,666.072
data-analyst-1786003970-c3a4862c25c3,148.855,681.600
deep-researcher-1786003970-53fc00a749eb,148.871,401.837
wide-researcher-1786003970-bb072cdcebd3,148.899,346.857
reviewer-1786003971-7cd7cb98b19f,148.999,427.930
data-analyst-1786003971-3d6c0a95d593,149.031,655.617
deep-researcher-1786003971-304edbd97861,149.090,295.527
wide-researcher-1786003971-6ee73cc513a4,149.107,566.077
reviewer-1786003971-58ef3c0f6057,149.140,504.943
data-analyst-1786003971-757e7bce8e99,149.204,482.516
data-analyst-1786003895-1a70a089de9c,149.233,221.510
data-analyst-1786003895-69d014e9636a,149.248,184.924
data-analyst-1786003895-70ea3f510b25,149.261,189.801
deep-researcher-1786003971-01e907f549a4,149.270,502.742
wide-researcher-1786003971-104c02f6c3c0,149.291,399.531
reviewer-1786003971-95f4714873e1,149.310,652.381
data-analyst-1786003920-19c229f093d1,149.346,149.346
data-analyst-1786003971-606c8dd8faeb,149.378,634.488
deep-researcher-1786003971-47f691f22793,149.408,665.059
wide-researcher-1786003971-5b6c5a259383,149.432,443.273
reviewer-1786003971-3bdb91a8a275,149.466,634.336
data-analyst-1786003971-2887870e4a0f,149.596,632.959
data-analyst-1786003922-8c5c1df79486,149.620,188.750
deep-researcher-1786003971-4438732b08e7,149.634,684.366
wide-researcher-1786003971-78f6e5a2d564,149.683,603.704
reviewer-1786003971-3a022b44c6b1,149.722,677.552
data-analyst-1786003971-e924cd70a801,149.781,590.255
deep-researcher-1786003971-bf1b85ea7990,149.805,645.981
wide-researcher-1786003971-43570b05f70d,149.848,467.779
reviewer-1786003971-01ca24199720,149.905,669.605
data-analyst-1786003971-420e0cca40a1,149.959,629.168
data-analyst-1786003925-c1ac80c10080,149.998,283.302
deep-researcher-1786003971-40b00489cf5e,150.007,509.918
data-analyst-1786003916-46233c5b1822,150.016,150.017
wide-researcher-1786003972-c0fb8c41f949,150.025,531.236
reviewer-1786003972-f30a17336aad,150.049,681.360
data-analyst-1786003920-75b64c5a9035,150.132,150.133
data-analyst-1786003972-822e610595b9,150.161,534.551
deep-researcher-1786003972-1055025192fc,150.197,525.808
wide-researcher-1786003972-ce23a0eb787d,150.292,293.525
data-analyst-1786003923-b9b9ccd989a9,150.303,189.180
reviewer-1786003972-0fa561df7032,150.316,673.687
data-analyst-1786003972-5d4d5b791c84,150.379,426.904
deep-researcher-1786003972-2aed70e64453,150.410,673.114
wide-researcher-1786003972-cf5334eb47df,150.470,296.492
reviewer-1786003972-b48bccc15d88,150.513,670.253
data-analyst-1786003972-ab386ae765df,150.541,665.110
deep-researcher-1786003972-035652e710ab,150.600,299.723
wide-researcher-1786003972-5123125d417b,150.620,647.668
reviewer-1786003972-140212f73079,150.654,676.662
data-analyst-1786003921-f4fdc6cc4d99,150.675,150.676
data-analyst-1786003972-b1f5e1079359,150.707,632.909
data-analyst-1786003917-2914b4a1fc22,150.788,150.789
deep-researcher-1786003972-5d572423461d,150.801,654.465
wide-researcher-1786003972-e33e5f24fcdd,150.825,667.516
reviewer-1786003972-a907cdc5abae,150.844,530.557
data-analyst-1786003972-540763443804,150.890,634.863
deep-researcher-1786003972-0b852aa37490,150.929,446.160
data-analyst-1786003920-2d21af9d3273,150.971,201.528
wide-researcher-1786003973-7e4efa454f48,150.981,403.779
reviewer-1786003973-799e9b89d332,151.107,656.493
data-analyst-1786003973-c479865ded4e,151.149,425.750
deep-researcher-1786003973-27035686e43f,151.199,341.762
data-analyst-1786003925-38ec3f5fedb1,151.210,186.371
data-analyst-1786003920-90438b846837,151.225,151.225
wide-researcher-1786003973-c208227a8129,151.230,656.742
reviewer-1786003973-b294f5a2a19a,151.253,617.403
data-analyst-1786003973-79b02900f66d,151.303,536.896
deep-researcher-1786003973-027d01e4d13c,151.327,655.956
wide-researcher-1786003973-860bbeb679fa,151.360,517.118
reviewer-1786003973-30f9000b3af3,151.389,628.333
data-analyst-1786003920-4304fad3ad12,151.422,151.422
data-analyst-1786003973-b3ca8af2671e,151.436,592.658
deep-researcher-1786003973-e71966b9da15,151.468,310.009
wide-researcher-1786003973-9b93a5d60f84,151.487,546.239
reviewer-1786003973-a8892c870c6c,151.534,630.486
data-analyst-1786003925-440d07812868,151.614,190.530
data-analyst-1786003925-7e1e07ec94e9,151.628,193.267
data-analyst-1786003973-0c665230339e,151.677,423.301
deep-researcher-1786003973-3479122530c3,151.711,378.479
wide-researcher-1786003973-1841a1a6eef6,151.801,529.767
reviewer-1786003973-b6341618ec53,151.825,645.443
data-analyst-1786003917-6082b107ea78,151.860,151.860
data-analyst-1786003922-9b841bb073b3,151.875,151.875
data-analyst-1786003973-3c07a241424b,151.894,648.587
deep-researcher-1786003973-992d91961d4c,151.919,642.693
wide-researcher-1786003973-345920af9fff,151.987,295.902
reviewer-1786003974-bd8d1f27eb8f,152.038,525.823
data-analyst-1786003917-d994215fb2d4,152.080,152.081
data-analyst-1786003974-423404ce7e82,152.121,528.446
deep-researcher-1786003974-7a9bc26599c8,152.137,412.511
wide-researcher-1786003974-485b39dd5570,152.166,357.469
reviewer-1786003974-dd2f401e43ac,152.311,632.701
data-analyst-1786003974-bc76af20e155,152.364,412.479
deep-researcher-1786003974-37b9b335f639,152.404,686.225
wide-researcher-1786003974-6e89d6f2eef2,152.442,428.965
reviewer-1786003974-dbb31b493813,152.500,687.149
data-analyst-1786003974-4eb86350ff2a,152.629,520.787
deep-researcher-1786003974-9bb1732f389a,152.662,414.738
wide-researcher-1786003974-ed965fe1b762,152.711,302.722
reviewer-1786003974-ab52e636259a,152.755,531.639
data-analyst-1786003974-8e272f0ce626,152.811,686.620
data-analyst-1786003884-7fbb4478c651,152.825,190.684
deep-researcher-1786003974-9278a307a445,152.874,415.719
wide-researcher-1786003974-0c480fd6bbec,152.940,664.686
reviewer-1786003974-415cfbf24a25,152.958,531.679
data-analyst-1786003974-f19558304f89,153.026,662.739
deep-researcher-1786003975-748ac2cd41e5,153.050,402.099
wide-researcher-1786003975-f33c4d991912,153.088,408.852
data-analyst-1786003926-79165bc3ae8f,153.180,189.772
data-analyst-1786003926-a9bb9107cfe8,153.195,187.882
reviewer-1786003975-1c17932cbfc9,153.217,681.713
data-analyst-1786003975-8eb0b136fce9,153.318,426.218
data-analyst-1786003916-b7c5d06e16b6,153.342,186.017
deep-researcher-1786003975-452a2167887e,153.354,295.512
data-analyst-1786003903-4ea37cf1e746,153.378,153.379
wide-researcher-1786003975-5fa6ab3f779a,153.407,295.650
reviewer-1786003975-6f28d2426014,153.487,658.388
data-analyst-1786003975-a364d4edabad,153.532,651.190
deep-researcher-1786003975-595491af332a,153.556,421.552
wide-researcher-1786003975-a7bf5827dc12,153.619,650.710
reviewer-1786003975-affa4225f2ea,153.646,661.650
data-analyst-1786003894-4328bb8b161f,153.650,153.651
data-analyst-1786003975-9ee3cb6dfc3f,153.819,523.819
deep-researcher-1786003975-cfcfdcaba4ce,153.879,288.080
wide-researcher-1786003975-e5f70db66cfd,153.906,308.259
reviewer-1786003975-7e4b2c98be94,153.924,560.111
data-analyst-1786003976-dae7896e2bef,153.975,538.605
deep-researcher-1786003976-41350a047524,154.008,298.243
data-analyst-1786003914-7f685436f0a4,154.021,188.576
wide-researcher-1786003976-53ee83f24171,154.025,333.470
data-analyst-1786003917-fc92e09964b7,154.044,207.759
data-analyst-1786003916-0fea13ed74f3,154.193,154.193
reviewer-1786003976-715cc1d05432,154.228,678.939
data-analyst-1786003921-9fdc8a9e1dcb,154.318,154.319
data-analyst-1786003976-40be980b2ce0,154.319,670.174
data-analyst-1786003904-681dc55bf66d,154.336,154.336
deep-researcher-1786003976-7128ac8957dc,154.349,292.798
wide-researcher-1786003976-012aaec7b5c3,154.381,530.896
reviewer-1786003976-2d63241979f3,154.422,662.756
data-analyst-1786003924-fa031889d207,154.449,187.521
data-analyst-1786003976-5ae4f5531208,154.481,521.107
deep-researcher-1786003976-faf70df5d48c,154.503,687.034
wide-researcher-1786003976-f9516fbf8979,154.535,289.660
reviewer-1786003976-56a3c80b731e,154.555,640.022
data-analyst-1786003976-d6720c0eb6c2,154.600,674.081
data-analyst-1786003923-5a562b8f8b3f,154.679,154.680
deep-researcher-1786003976-61d0186cac20,154.734,294.722
wide-researcher-1786003976-8abb02de61ad,154.750,629.886
reviewer-1786003976-b995c980de13,154.879,635.618
data-analyst-1786003923-23eb41768731,154.939,187.103
data-analyst-1786003892-a27f5c37519b,154.986,154.987
data-analyst-1786003976-8dc2fd7f0c7b,155.006,532.807
deep-researcher-1786003976-e11905918e0f,155.069,416.249
wide-researcher-1786003976-28195949c9ed,155.138,549.891
reviewer-1786003977-e442b75e666e,155.156,676.774
data-analyst-1786003977-529205d9a9f4,155.247,631.448
deep-researcher-1786003977-1cba1dde5432,155.296,353.645
wide-researcher-1786003977-2ca177678f31,155.337,448.140
reviewer-1786003977-3f5fd5bbc263,155.360,653.158
data-analyst-1786003977-c6fef4a6be7a,155.396,541.166
deep-researcher-1786003977-59bb5dc74e7a,155.419,295.451
wide-researcher-1786003977-784f38838c3d,155.437,461.889
reviewer-1786003977-f7f9b8dbd336,155.454,669.403
data-analyst-1786003977-fb57abbf7b9a,155.521,313.664
deep-researcher-1786003977-2307ad8acff9,155.626,286.931
wide-researcher-1786003977-ce1d1adc5fc8,155.649,662.406
reviewer-1786003977-eaffe84d3a46,155.731,532.057
data-analyst-1786003977-7e921f116a6a,155.819,653.795
deep-researcher-1786003977-14ab1ddbd912,155.839,289.882
wide-researcher-1786003977-0d3d3516a921,155.863,654.150
reviewer-1786003977-b2b318c061c7,155.931,659.535
data-analyst-1786003978-43636dcd690f,156.015,551.376
deep-researcher-1786003978-96c18260777a,156.061,554.259
wide-researcher-1786003978-d75dc99ba6e0,156.078,290.874
reviewer-1786003978-ea592fbd9123,156.238,537.643
data-analyst-1786003927-b6df99e58992,156.252,246.331
data-analyst-1786003927-ad85b8b8ba0a,156.265,228.149
data-analyst-1786003978-a857615c5573,156.270,671.960
data-analyst-1786003927-2d340246aeaa,156.331,190.305
deep-researcher-1786003978-b47aedf4b4e8,156.354,401.817
wide-researcher-1786003978-e830da0c773c,156.401,649.588
reviewer-1786003978-2df63427fe00,156.482,693.972
data-analyst-1786003978-f2430454a8d0,156.556,666.577
deep-researcher-1786003978-9c7b88c63356,156.579,416.202
wide-researcher-1786003978-77e2a74c667e,156.652,296.144
reviewer-1786003978-537bfabef49c,156.669,646.541
data-analyst-1786003978-9c70a6d88bfe,156.753,668.115
deep-researcher-1786003978-1a0928855e3b,156.810,295.338
data-analyst-1786003927-5f16f6734c38,156.841,270.998
wide-researcher-1786003978-8b1b871685fe,156.850,423.929
data-analyst-1786003927-07c4585adad1,156.858,189.934
reviewer-1786003978-798fad51453a,156.880,645.800
data-analyst-1786003927-9dd733790d79,156.907,230.026
data-analyst-1786003978-535bbe606ae4,156.916,664.995
data-analyst-1786003919-f7466ea6930c,156.920,156.924
deep-researcher-1786003978-ee20b6bf6163,156.942,294.853
wide-researcher-1786003979-04d40363dbd3,156.963,573.913
reviewer-1786003979-1217814bcb43,156.978,647.628
data-analyst-1786003979-a392aecba48d,157.029,535.286
deep-researcher-1786003979-1abb92e30086,157.044,483.716
wide-researcher-1786003979-28a43a60d1ff,157.136,339.024
reviewer-1786003979-2cfb53a1f868,157.189,669.997
data-analyst-1786003979-26a00f038e5d,157.244,688.419
deep-researcher-1786003979-aab7eacbe210,157.262,636.889
wide-researcher-1786003979-bec0985b80c6,157.327,322.526
reviewer-1786003979-0f91bc42204e,157.343,660.368
data-analyst-1786003979-33749cc77285,157.402,670.095
deep-researcher-1786003979-82350006ec3d,157.446,427.796
wide-researcher-1786003979-9d680e0aa87b,157.553,637.694
reviewer-1786003979-2e4fd6e60c0d,157.594,663.317
data-analyst-1786003912-99895b2088e4,157.731,157.731
data-analyst-1786003979-f01230e4dec1,157.735,523.992
deep-researcher-1786003979-3dff5d77d1f9,157.767,690.690
wide-researcher-1786003979-62672210e942,157.781,405.666
reviewer-1786003979-38f5bb73fbb0,157.868,628.241
data-analyst-1786003922-6a32f6e45ac3,157.907,157.908
data-analyst-1786003913-3d0029044f81,157.921,157.921
data-analyst-1786003979-9da1f11b8cc8,158.002,520.215
deep-researcher-1786003979-6be960651d41,158.033,403.690
data-analyst-1786003910-968f3a1c9c65,158.047,158.048
data-analyst-1786003900-224c37a02356,158.062,158.063
wide-researcher-1786003979-dddc6ce71e90,158.066,301.671
reviewer-1786003980-b5ac9c84ab1d,158.148,643.829
data-analyst-1786003980-420c876ac3d5,158.187,534.900
deep-researcher-1786003980-ff43a721f6dd,158.267,296.128
wide-researcher-1786003980-432d94112d79,158.317,634.240
reviewer-1786003980-0dae879ec29c,158.353,639.705
data-analyst-1786003904-33a55e24477f,158.382,158.383
data-analyst-1786003980-d5049de1f345,158.390,647.204
deep-researcher-1786003980-b87b53a1a1fb,158.470,327.716
wide-researcher-1786003980-cab7ab893a5b,158.493,404.792
reviewer-1786003980-9903a81141b4,158.535,694.087
data-analyst-1786003917-e7692eb74def,158.566,158.567
data-analyst-1786003980-d4682888198d,158.653,656.150
deep-researcher-1786003980-2fe0a5b1abbb,158.685,362.617
wide-researcher-1786003980-32ca6129f0f3,158.715,403.228
reviewer-1786003980-aa640f4c9886,158.774,635.324
data-analyst-1786003980-c59d2c4ea81d,158.841,642.468
deep-researcher-1786003980-42ae5796a0ec,158.860,410.363
wide-researcher-1786003980-7187303edbed,158.879,420.992
reviewer-1786003980-10d7f503a19e,158.912,655.270
data-analyst-1786003981-e49c626afa86,158.950,527.971
deep-researcher-1786003981-9bc84d4042fb,159.066,520.347
data-analyst-1786003928-3b1cb0c97d8b,159.078,227.098
wide-researcher-1786003981-846339aa2eea,159.096,598.376
reviewer-1786003981-877afc5e5955,159.121,551.652
data-analyst-1786003981-848136a2c3f0,159.246,532.205
deep-researcher-1786003981-6349e88bee47,159.277,541.892
wide-researcher-1786003981-bfdd2184ae93,159.295,380.028
reviewer-1786003981-47143f025eef,159.377,548.061
data-analyst-1786003981-0b84137d8f8b,159.459,668.417
deep-researcher-1786003981-115bc86dcc38,159.499,674.941
wide-researcher-1786003981-4ff3d92a8914,159.574,330.246
data-analyst-1786003928-ef3ceebf171f,159.617,188.826
data-analyst-1786003928-f9f6eef157aa,159.631,188.201
reviewer-1786003981-08560f037fc1,159.681,551.082
data-analyst-1786003981-3c5785f2dc56,159.764,424.187
data-analyst-1786003920-591a1637dc8f,159.796,159.796
deep-researcher-1786003981-7b95b8cbc55e,159.832,417.415
wide-researcher-1786003981-e0878a5f9507,159.869,309.776
reviewer-1786003981-49013dfafe0d,159.885,562.148
data-analyst-1786003981-901cf3aa9fc5,159.934,414.211
data-analyst-1786003910-c7d0de5730ce,159.954,159.955
deep-researcher-1786003982-6d63587c1058,159.969,266.886
data-analyst-1786003910-377718ce8ed2,159.973,159.974
wide-researcher-1786003982-f49653baeb54,160.007,295.949
reviewer-1786003982-2aaf82e75b9f,160.041,666.687
data-analyst-1786003982-514ee6f69afb,160.073,646.461
deep-researcher-1786003982-539975bbe5be,160.169,664.136
wide-researcher-1786003982-4018a7488ff3,160.203,528.920
reviewer-1786003982-34648f1f7e9f,160.259,657.615
data-analyst-1786003982-215c9197bcf8,160.292,522.400
deep-researcher-1786003982-c7c7377e90d7,160.383,437.216
wide-researcher-1786003982-36a336f2d49c,160.429,376.514
reviewer-1786003982-3ba716fb09ff,160.464,661.354
data-analyst-1786003982-af9adcea9796,160.581,650.159
deep-researcher-1786003982-9cc82396ccfd,160.605,353.316
wide-researcher-1786003982-e7b3dc8782ce,160.632,403.376
data-analyst-1786003920-0344360b2ca6,160.743,160.743
reviewer-1786003982-15f802add703,160.756,651.022
data-analyst-1786003982-a8b649db44a0,160.803,547.354
deep-researcher-1786003982-74f8f364b1ab,160.869,675.268
wide-researcher-1786003982-2d1ab6d705b3,160.901,647.982
reviewer-1786003982-ce848ab89c9e,160.967,477.870
data-analyst-1786003911-eae4a8d96703,160.975,160.975
data-analyst-1786003982-e1a9860c2d17,161.008,409.832
data-analyst-1786003925-9919c4d1ce48,161.076,184.861
deep-researcher-1786003983-6bed0904db5c,161.081,301.489
wide-researcher-1786003983-a2940e629753,161.116,409.005
reviewer-1786003983-4e8dc32f6160,161.163,649.372
data-analyst-1786003983-8282a6dacf28,161.199,485.243
deep-researcher-1786003983-277534de312a,161.217,612.601
wide-researcher-1786003983-2248eccf2c9f,161.279,661.291
reviewer-1786003983-0c95a91286e1,161.337,645.929
data-analyst-1786003923-c7b44eb60626,161.359,161.360
data-analyst-1786003983-3a184fd5cd0b,161.386,417.620
deep-researcher-1786003983-58bc81e9ba45,161.482,422.557
wide-researcher-1786003983-7cc3fe92c50b,161.565,291.588
reviewer-1786003983-f3bdb2e2f734,161.582,637.126
data-analyst-1786003916-3abd638f6a4d,161.725,161.725
data-analyst-1786003916-877b1a8024f0,161.739,161.739
data-analyst-1786003983-f66783b6d947,161.775,675.550
deep-researcher-1786003983-b6c592f4766d,161.792,676.551
wide-researcher-1786003983-f5531c44e27d,161.811,407.633
data-analyst-1786003907-2d3236651efd,161.834,161.835
reviewer-1786003983-bebe0776b190,161.864,664.195
data-analyst-1786003983-48c66772c9c8,161.902,532.879
data-analyst-1786003924-945c41949bc6,161.916,189.384
deep-researcher-1786003983-22d22dcb5790,161.931,354.543
data-analyst-1786003923-59bfcdfb07ab,161.967,161.967
wide-researcher-1786003983-b6af197e89e8,161.976,413.628
reviewer-1786003984-ce420ccd9c4e,161.991,584.864
data-analyst-1786003984-0d9645a03908,162.077,426.401
deep-researcher-1786003984-8aa718afcbd2,162.104,294.289
wide-researcher-1786003984-bb054486fc23,162.142,404.323
reviewer-1786003984-a6b1e0f910c2,162.159,662.390
data-analyst-1786003984-7b04d1c47032,162.280,562.480
deep-researcher-1786003984-8ba4f5563a49,162.309,399.820
wide-researcher-1786003984-79d38e2a80dc,162.492,402.912
reviewer-1786003984-d2bdea029ff7,162.528,671.253
data-analyst-1786003899-24395ac35652,162.545,207.821
data-analyst-1786003917-54146db7d5d5,162.560,162.561
data-analyst-1786003984-b9f3204c861e,162.668,417.637
deep-researcher-1786003984-ce87d136682a,162.709,641.162
wide-researcher-1786003984-48c1bed798f0,162.728,450.790
data-analyst-1786003920-31c5533dca25,162.747,162.748
data-analyst-1786003910-7d81059a179b,162.765,162.765
reviewer-1786003984-0db4b3fec744,162.807,630.299
data-analyst-1786003984-93c2e5aa392d,162.851,565.386
deep-researcher-1786003984-b4c312fa9aba,162.890,530.435
wide-researcher-1786003984-c403716d10b7,162.918,425.963
reviewer-1786003985-3ca8b8b5d3c2,162.964,641.234
data-analyst-1786003985-97fcc2e17d6b,163.026,525.838
deep-researcher-1786003985-f9f19d611046,163.058,293.648
wide-researcher-1786003985-d95a11debcc5,163.087,644.521
reviewer-1786003985-11507ef2b147,163.105,674.330
data-analyst-1786003985-d3763cf44eb6,163.143,660.127
data-analyst-1786003922-cfd672bca346,163.148,184.815
data-analyst-1786003927-1bacb754898a,163.168,184.799
deep-researcher-1786003985-9dc28630c1bd,163.199,431.183
data-analyst-1786003929-59d8c4a0bbf4,163.208,193.254
wide-researcher-1786003985-97ee6b1b04c6,163.249,402.063
data-analyst-1786003925-bca3cfbbc808,163.250,163.254
reviewer-1786003985-5c6d2f8228aa,163.280,658.319
data-analyst-1786003985-acc333ae9ebd,163.314,600.890
deep-researcher-1786003985-d4180bbbf22f,163.382,407.801
data-analyst-1786003927-0226e4b9214b,163.406,184.785
wide-researcher-1786003985-52266ab555d7,163.410,403.961
reviewer-1786003985-f3ad5622ae28,163.453,676.452
data-analyst-1786003985-accd73d1c56f,163.493,676.008
deep-researcher-1786003985-2ffc8608669b,163.508,674.265
wide-researcher-1786003985-17ea5ffcfa37,163.586,407.893
reviewer-1786003985-590d40ec9386,163.612,650.519
data-analyst-1786003985-dbb487afe2e3,163.661,666.232
deep-researcher-1786003985-5cf45b295cd2,163.679,314.081
data-analyst-1786003892-257946a38a21,163.735,185.568
wide-researcher-1786003985-a4d0384902b6,163.787,403.408
reviewer-1786003985-231608dc4b71,163.817,664.065
data-analyst-1786003985-a623ad6ddaec,163.857,678.278
deep-researcher-1786003985-cafbcc13274e,163.921,448.566
wide-researcher-1786003985-717f9be0f303,163.999,635.363
reviewer-1786003986-9e83904c1772,164.033,642.452
data-analyst-1786003924-4a7d0ea04fcb,164.038,164.038
data-analyst-1786003986-ccac90834e3b,164.111,675.138
deep-researcher-1786003986-4ae00f278c55,164.177,683.836
data-analyst-1786003929-8458457f024f,164.186,185.710
wide-researcher-1786003986-abbac433d640,164.221,497.694
reviewer-1786003986-b6917e64b5b9,164.309,684.772
data-analyst-1786003924-eeb49b9b2fe6,164.330,164.331
data-analyst-1786003904-0054f892bd12,164.346,164.346
data-analyst-1786003986-1140655957f8,164.369,691.978
deep-researcher-1786003986-0646be5f3186,164.405,414.294
wide-researcher-1786003986-9454416670a9,164.431,543.007
reviewer-1786003986-97410adfd954,164.466,667.222
data-analyst-1786003986-c16613c1b1c1,164.568,664.488
deep-researcher-1786003986-44f729dbb977,164.595,304.109
wide-researcher-1786003986-2fb8c032e4c5,164.614,630.065
data-analyst-1786003927-672036b74d50,164.640,184.770
reviewer-1786003986-b21c8f2ccb0b,164.680,595.068
data-analyst-1786003986-ed7afb8fe18c,164.733,539.647
deep-researcher-1786003986-9cf29308b16a,164.772,379.287
wide-researcher-1786003986-efea877a2f60,164.800,293.745
reviewer-1786003986-94c8018f2f04,164.890,678.632
data-analyst-1786003927-b5cca694063a,164.922,184.631
data-analyst-1786003986-6d590735db08,164.939,567.978
deep-researcher-1786003986-3ad400aa29c9,164.963,660.427
data-analyst-1786003904-d9907c8897f2,165.003,192.368
wide-researcher-1786003986-88457dfaeb39,165.012,464.268
reviewer-1786003987-c07485b8a39e,165.064,632.494
data-analyst-1786003987-87294be53deb,165.103,665.816
deep-researcher-1786003987-a4fb445c60cd,165.134,534.023
wide-researcher-1786003987-1e6b42c1dea3,165.157,521.768
reviewer-1786003987-a1bea2813c5e,165.176,633.837
data-analyst-1786003987-b95b805392db,165.295,589.760
deep-researcher-1786003987-47bf7d16c4c0,165.329,408.291
wide-researcher-1786003987-4df15d18c888,165.365,687.667
reviewer-1786003987-397639fdbf56,165.440,672.665
data-analyst-1786003987-ed466f8eeed8,165.538,547.309
deep-researcher-1786003987-b476409b4625,165.557,659.120
wide-researcher-1786003987-1534c10dab17,165.620,352.804
reviewer-1786003987-8f39de31975d,165.685,668.717
data-analyst-1786003928-d7a898da922d,165.713,186.525
data-analyst-1786003987-cad72a2eb09e,165.736,527.467
deep-researcher-1786003987-d10af05ffdd6,165.779,523.405
wide-researcher-1786003987-431f29c18a0a,165.804,339.094
reviewer-1786003987-13dea445ac89,165.823,658.789
data-analyst-1786003987-049d37bbcdd2,165.877,426.933
deep-researcher-1786003987-25fb2ac65ca2,165.920,672.831
wide-researcher-1786003987-850036d827e9,165.948,429.104
reviewer-1786003988-159c58a9902b,165.981,524.821
data-analyst-1786003988-6268c41ab57d,166.084,460.277
deep-researcher-1786003988-350138b9c88e,166.109,415.457
wide-researcher-1786003988-d905ec3c6518,166.141,300.205
reviewer-1786003988-86cc86d1643d,166.169,662.152
data-analyst-1786003988-f5e35bc9079c,166.211,410.562
deep-researcher-1786003988-3fe24d70296e,166.287,399.231
wide-researcher-1786003988-8dedbe7f77cb,166.450,417.037
reviewer-1786003988-990812f6dd15,166.484,533.408
data-analyst-1786003988-a8cfe68adff2,166.533,546.210
deep-researcher-1786003988-1ec627d8729a,166.588,550.067
wide-researcher-1786003988-01f516195e64,166.612,401.059
data-analyst-1786003930-da31b0f6ccdd,166.635,193.340
reviewer-1786003988-95d1cc1032d7,166.644,661.970
data-analyst-1786003930-53d2acb2eae9,166.652,186.659
data-analyst-1786003930-c635c125934a,166.665,191.822
data-analyst-1786003988-cbbad0ff45e5,166.705,675.158
deep-researcher-1786003988-dc7b960b2eb1,166.805,418.221
data-analyst-1786003914-d7e94f57b7d0,166.828,166.829
wide-researcher-1786003988-e9317d93af19,166.837,547.608
reviewer-1786003988-0a033a09af53,166.877,562.526
data-analyst-1786003930-66e20f70b6ad,166.927,190.594
data-analyst-1786003930-fef72bd3af46,166.941,186.079
data-analyst-1786003988-b2b82e6b7ba1,166.945,668.496
deep-researcher-1786003988-a4a0fbf99a23,166.961,554.138
wide-researcher-1786003989-319d2a6ff661,167.012,400.418
data-analyst-1786003924-6b485f19d22f,167.037,167.037
reviewer-1786003989-dce4aa76e24d,167.068,664.702
data-analyst-1786003989-2d4750c21ee4,167.199,631.901
deep-researcher-1786003989-4a18edf63f81,167.246,701.216
wide-researcher-1786003989-40d217d28244,167.292,404.489
reviewer-1786003989-81e91ab49edb,167.333,626.965
data-analyst-1786003989-29ea412243b6,167.388,642.628
deep-researcher-1786003989-cca651c145b0,167.432,520.122
wide-researcher-1786003989-4b09634df9c8,167.468,675.534
reviewer-1786003989-9a9ee526d23a,167.634,684.609
data-analyst-1786003989-157a6d1e151b,167.688,668.969
deep-researcher-1786003989-757c3c445643,167.715,294.795
data-analyst-1786003928-147cea35016f,167.715,184.724
wide-researcher-1786003989-0c6ec92312e6,167.755,626.615
reviewer-1786003989-c557081475d4,167.779,653.648
data-analyst-1786003989-c8a3e8c492c7,167.831,552.139
data-analyst-1786003925-ea0e99021b75,167.858,185.425
deep-researcher-1786003989-7a66877dbad7,167.900,671.917
data-analyst-1786003928-94cbac2e3a34,167.901,184.468
wide-researcher-1786003989-3d49a346463b,167.960,540.491
reviewer-1786003989-0e098ef6ada7,167.992,549.631
data-analyst-1786003990-96744bb4a6ca,168.043,636.028
deep-researcher-1786003990-75b69210c15b,168.095,293.247
wide-researcher-1786003990-5e6ad36e9bcb,168.131,287.937
reviewer-1786003990-384015554028,168.163,675.566
data-analyst-1786003990-a78cab60dfb1,168.212,628.857
deep-researcher-1786003990-5ddd4883d982,168.250,404.179
data-analyst-1786003920-b9da922eba54,168.277,168.277
data-analyst-1786003925-38380de516d2,168.303,168.304
wide-researcher-1786003990-970657ecc31e,168.312,520.332
reviewer-1786003990-29b0559649d9,168.358,667.973
data-analyst-1786003927-4b000fdb161a,168.397,259.395
data-analyst-1786003915-58c507916041,168.415,168.416
data-analyst-1786003990-a9cb069a73ce,168.464,431.049
deep-researcher-1786003990-873c508cc138,168.519,423.560
wide-researcher-1786003990-881ccfd1de85,168.584,306.414
reviewer-1786003990-9714e912ffae,168.707,657.663
data-analyst-1786003990-4efc0ffd7ae0,168.752,651.421
deep-researcher-1786003990-fed193a267ca,168.812,409.309
wide-researcher-1786003990-89d4368b61c5,168.839,671.407
reviewer-1786003990-7e5e3996093b,168.856,691.929
data-analyst-1786003990-96d0cbf386b8,168.892,525.092
deep-researcher-1786003991-c25ae7b5af7a,168.936,659.864
wide-researcher-1786003991-844b12d5a0e5,168.972,297.801
reviewer-1786003991-b914e06b255e,168.990,672.618
data-analyst-1786003991-ac32dbd2f953,169.105,656.477
deep-researcher-1786003991-a25f4b5c4125,169.138,552.574
wide-researcher-1786003991-a19cafeeb1f8,169.156,415.856
reviewer-1786003991-256dc64b2a68,169.205,664.011
data-analyst-1786003991-d14e32eecf60,169.259,589.548
deep-researcher-1786003991-56584251c306,169.292,685.858
data-analyst-1786003930-4a0c077cae41,169.307,192.382
wide-researcher-1786003991-0f8eab276877,169.308,634.376
data-analyst-1786003930-3b33c6626717,169.325,188.845
data-analyst-1786003930-542704d1a09e,169.338,186.245
reviewer-1786003991-ce4312bc548c,169.343,687.111
data-analyst-1786003929-6f0c5f6ea4e1,169.355,185.583
data-analyst-1786003991-adfd0db8bf60,169.400,535.012
deep-researcher-1786003991-a69454492533,169.417,300.190
wide-researcher-1786003991-2cabd4bfea9c,169.476,415.261
reviewer-1786003991-153d087423b9,169.504,652.834
data-analyst-1786003924-0439a0b349f3,169.521,169.522
data-analyst-1786003991-7aa3a8f13573,169.546,529.779
deep-researcher-1786003991-55a6f28abda2,169.600,668.869
wide-researcher-1786003991-cc86bc086f89,169.617,323.975
reviewer-1786003991-00bc141390e5,169.671,633.763
data-analyst-1786003991-502f4ca621a9,169.700,534.009
deep-researcher-1786003991-8524952fbf9d,169.726,296.379
wide-researcher-1786003991-18810a03a2e8,169.760,407.287
reviewer-1786003991-39514933fbc2,169.858,643.065
data-analyst-1786003991-afc2d4c8b158,169.913,654.230
deep-researcher-1786003991-8a54f80d4d41,169.971,427.961
wide-researcher-1786003991-76386abe3470,169.988,465.349
reviewer-1786003992-1a75fc104095,170.015,520.918
data-analyst-1786003992-8119c141f00e,170.101,677.077
data-analyst-1786003898-3130085f641d,170.128,184.994
data-analyst-1786003890-92a28379bc44,170.142,187.302
data-analyst-1786003899-361e70a65961,170.154,187.744
deep-researcher-1786003992-1160c1219d1c,170.218,406.609
wide-researcher-1786003992-7dc863d4a10c,170.235,402.508
reviewer-1786003992-a4052d9b182b,170.269,668.433
data-analyst-1786003929-b860a667d58e,170.323,184.530
data-analyst-1786003992-c10a37d7141a,170.323,629.108
deep-researcher-1786003992-824be22cce01,170.350,405.715
wide-researcher-1786003992-b66fac18a7a2,170.367,415.288
reviewer-1786003992-965e9d67c028,170.409,425.546
data-analyst-1786003992-5fd54edae63e,170.450,472.114
deep-researcher-1786003992-0d0eedad5cf3,170.481,325.145
wide-researcher-1786003992-c3fb72bc54dc,170.499,648.059
reviewer-1786003992-1a16bf3a6883,170.606,546.168
data-analyst-1786003992-3e13ad49c8ed,170.650,526.680
deep-researcher-1786003992-fcdb14e5a5a1,170.678,348.473
wide-researcher-1786003992-14e308710b99,170.705,424.663
reviewer-1786003992-ff07161f3dc2,170.725,651.503
data-analyst-1786003910-f1b50fe063a1,170.748,170.749
data-analyst-1786003992-493acfe83264,170.807,525.793
data-analyst-1786003920-58bae48e13ca,170.820,170.820
deep-researcher-1786003992-12c0e9c3b299,170.851,368.888
wide-researcher-1786003992-9867fc20982f,170.934,378.786
data-analyst-1786003912-ef384edf425f,171.002,171.002
reviewer-1786003992-f162239c70a6,171.027,657.726
data-analyst-1786003992-6fc1d927f3af,171.098,548.248
deep-researcher-1786003993-d247323d4ff6,171.114,620.853
wide-researcher-1786003993-84cc583ab81f,171.178,298.785
data-analyst-1786003929-581d5855457a,171.200,184.589
reviewer-1786003993-a777bcb57d9b,171.208,665.027
data-analyst-1786003993-6b8b35cc3ee0,171.363,523.567
deep-researcher-1786003993-4fe94d03644d,171.391,639.765
wide-researcher-1786003993-9b96d87c4d4a,171.492,371.212
reviewer-1786003993-d5a2e6237dd4,171.536,675.211
data-analyst-1786003993-dbadb4d80a5d,171.742,523.803
deep-researcher-1786003993-538b1957cfdc,171.776,297.470
wide-researcher-1786003993-d6d581e8653c,171.821,653.297
reviewer-1786003993-a68e3f81fca9,171.859,649.951
data-analyst-1786003993-cd887fd3a0da,171.890,667.750
deep-researcher-1786003993-638f80f32b08,171.915,657.202
wide-researcher-1786003994-960b6f978399,171.933,539.014
data-analyst-1786003929-bf41ed768471,171.953,184.558
reviewer-1786003994-d7f40e803638,171.991,545.947
data-analyst-1786003994-005397a87b34,172.113,544.064
deep-researcher-1786003994-43a50731ae10,172.130,313.166
wide-researcher-1786003994-03280b2a5f5f,172.170,550.434
reviewer-1786003994-cf225d9fd84c,172.188,552.702
data-analyst-1786003994-4c297797c42a,172.228,660.025
deep-researcher-1786003994-c7d90e9678e4,172.246,557.972
data-analyst-1786003927-a76185470ea0,172.267,184.441
wide-researcher-1786003994-ac97ef4f0f86,172.280,409.066
data-analyst-1786003927-4035fd23fd6f,172.284,172.284
reviewer-1786003994-4058e40c57c2,172.338,678.112
data-analyst-1786003915-4bd10405b9ea,172.347,172.347
data-analyst-1786003915-d6823a0dd067,172.443,184.410
data-analyst-1786003994-7ef3b8e9b66d,172.503,647.107
deep-researcher-1786003994-33b68f217077,172.531,349.221
wide-researcher-1786003994-b126cc596568,172.558,645.634
reviewer-1786003994-36ba3d3b3566,172.613,556.276
data-analyst-1786003931-1e0250472081,172.643,193.354
data-analyst-1786003931-ffd1934c497a,172.658,285.223
data-analyst-1786003931-71d9eeda8358,172.672,188.769
data-analyst-1786003917-4b5e3ab5380f,172.685,172.685
data-analyst-1786003994-1277a3ec8742,172.690,648.568
deep-researcher-1786003994-e71fb92c4780,172.708,304.190
wide-researcher-1786003994-037f582c3473,172.726,391.267
data-analyst-1786003911-8fc5fb0ab027,172.879,172.879
reviewer-1786003994-dc44907a76b0,172.888,655.815
data-analyst-1786003994-c448fc0d089b,172.937,679.268
data-analyst-1786003931-490a3e5db09e,172.959,192.093
deep-researcher-1786003994-57e8ae921265,172.972,493.825
data-analyst-1786003931-f0288d3802fc,172.972,185.163
data-analyst-1786003931-2c30923bf43b,172.988,188.227
wide-researcher-1786003994-5b75c1d639f0,173.069,423.498
reviewer-1786003995-b81ec8b0ab7c,173.126,649.042
data-analyst-1786003995-05c2234dee18,173.246,533.525
data-analyst-1786003929-6ad3321a52ce,173.287,186.804
deep-researcher-1786003995-488404be79b1,173.288,644.551
wide-researcher-1786003995-74af7cfbc3c8,173.350,431.451
reviewer-1786003995-acc82b119a1d,173.373,639.190
data-analyst-1786003995-8c242b5fbdc1,173.404,643.756
deep-researcher-1786003995-7e3713ea3297,173.440,421.566
wide-researcher-1786003995-986586c81531,173.504,409.986
reviewer-1786003995-020da5898770,173.616,531.875
data-analyst-1786003995-4b20b473f23e,173.677,654.744
deep-researcher-1786003995-d1cf31898f68,173.693,346.559
wide-researcher-1786003995-67cac565cec7,173.742,571.095
reviewer-1786003995-79e2cf2f6cbd,173.827,676.411
data-analyst-1786003995-44cd27a717ab,173.960,659.883
deep-researcher-1786003995-a1fec866c78c,174.012,662.641
wide-researcher-1786003995-3e2e57d6a598,174.044,525.991
reviewer-1786003996-bb05fb9b4b85,174.071,594.360
data-analyst-1786003996-564c6e374f8c,174.147,525.051
deep-researcher-1786003996-95725e071431,174.209,659.394
wide-researcher-1786003996-76e4eba7181c,174.226,646.236
reviewer-1786003996-e6604a5411b5,174.244,645.879
data-analyst-1786003996-908cfb915333,174.298,526.959
deep-researcher-1786003996-0e920c7afe16,174.399,300.055
wide-researcher-1786003996-a84201ef55b7,174.417,634.701
reviewer-1786003996-8c0dd01878f9,174.515,690.069
data-analyst-1786003932-4263c257a2b7,174.557,192.579
data-analyst-1786003932-5e5c323b906d,174.570,200.282
data-analyst-1786003996-2f61c3adc1c8,174.583,641.869
data-analyst-1786003928-3e029950c231,174.583,174.587
deep-researcher-1786003996-747a72b57dc6,174.850,648.852
wide-researcher-1786003996-0bedc97b4163,174.909,404.228
reviewer-1786003996-87955d8b8b39,174.948,527.710
data-analyst-1786003927-d60f1fa67e0a,174.988,184.427
data-analyst-1786003996-80bbac296dad,175.010,553.784
deep-researcher-1786003997-2c7a33fc5a50,175.037,401.338
data-analyst-1786003924-f043504dd7b9,175.112,175.113
wide-researcher-1786003997-5b867f7149f4,175.139,417.462
reviewer-1786003997-7c275e8ef02a,175.157,536.527
data-analyst-1786003997-f28df9ef883d,175.198,663.353
deep-researcher-1786003997-f08752b6cd90,175.216,570.033
wide-researcher-1786003997-ac3d1b866fa6,175.248,545.746
reviewer-1786003997-0155ca383a27,175.296,663.032
data-analyst-1786003920-ee4d9c9b9665,175.305,175.305
data-analyst-1786003997-6435103b6bfa,175.336,639.657
deep-researcher-1786003997-ac8dd5227482,175.363,653.087
data-analyst-1786003926-b529f38ab0f7,175.382,175.382
data-analyst-1786003928-75d9e9b61862,175.396,175.396
wide-researcher-1786003997-06fbd27d5688,175.467,592.895
data-analyst-1786003913-b45d6f5cf159,175.485,175.485
reviewer-1786003997-ee9571b0061e,175.510,691.912
data-analyst-1786003916-75f5215c8a2d,175.515,184.454
data-analyst-1786003997-d6c8ac0ed334,175.563,523.833
deep-researcher-1786003997-d6dc56387abe,175.590,422.928
wide-researcher-1786003997-8b457386f7c2,175.657,404.339
reviewer-1786003997-c669b9b7b393,175.718,677.119
data-analyst-1786003997-f79967dee63e,175.747,426.450
deep-researcher-1786003997-3173d07a8eba,175.804,521.183
wide-researcher-1786003997-f37e566ae893,175.907,681.915
reviewer-1786003997-3dbfe41b3d18,175.939,687.651
data-analyst-1786003997-b034cfe7795b,176.030,543.757
deep-researcher-1786003997-befbd9324762,176.049,597.839
wide-researcher-1786003998-a9641d0c6d63,176.084,532.113
reviewer-1786003998-84a51e6125ea,176.249,662.327
data-analyst-1786003998-e1454a2998ba,176.361,462.563
deep-researcher-1786003998-168459687aea,176.409,330.666
wide-researcher-1786003998-7c213edc0a43,176.426,662.826
reviewer-1786003998-4b8d7c9a54e9,176.470,689.555
data-analyst-1786003998-8fd57040c275,176.542,543.866
deep-researcher-1786003998-2b26a1d3f36d,176.640,403.065
wide-researcher-1786003998-8c415715deb0,176.666,549.507
reviewer-1786003998-15d8eb66c9c5,176.702,644.290
data-analyst-1786003998-81615931b7ba,176.777,698.459
deep-researcher-1786003998-2cf6bca77b7e,176.805,658.580
wide-researcher-1786003998-f462207675f1,176.822,295.068
data-analyst-1786003927-947ddd3352c0,176.948,176.949
reviewer-1786003998-cfa8c10690e6,176.976,590.994
data-analyst-1786003998-8ea0dc040262,177.017,607.749
deep-researcher-1786003998-4bd15ac99edc,177.046,319.922
wide-researcher-1786003999-1376d45caa94,177.099,663.149
reviewer-1786003999-fcdaeb026d17,177.162,687.301
data-analyst-1786003999-1bf06f9c1014,177.221,646.482
deep-researcher-1786003999-cfe568953006,177.260,685.141
wide-researcher-1786003999-6a5f75839676,177.306,407.937
reviewer-1786003999-23755344bad1,177.385,674.840
data-analyst-1786003927-08315fb3539e,177.395,177.395
data-analyst-1786003999-b7c47b600db0,177.453,415.022
deep-researcher-1786003999-bb1342a6c1fe,177.497,412.495
wide-researcher-1786003999-ea40975ed24a,177.523,692.986
reviewer-1786003999-f75fb5109af2,177.557,554.349
data-analyst-1786003999-463c1c05cf84,177.596,667.810
deep-researcher-1786003999-ed780c493b70,177.669,424.076
wide-researcher-1786003999-1e7a9ea0c63d,177.695,296.684
reviewer-1786003999-dee2c59aace0,177.768,679.527
data-analyst-1786003999-c3875cbd90b5,177.864,536.511
deep-researcher-1786003999-5e1aee4a6f7b,177.886,693.651
wide-researcher-1786003999-a605a7a55767,177.915,399.312
reviewer-1786003999-f0130966eaec,177.935,659.196
data-analyst-1786004000-617c4760b746,177.974,671.173
deep-researcher-1786004000-5b9a07820200,177.992,478.231
wide-researcher-1786004000-98c5f1c788c9,178.025,415.415
reviewer-1786004000-73415323ed62,178.054,571.944
data-analyst-1786004000-a20c365678ea,178.144,691.667
deep-researcher-1786004000-effc53998dbf,178.174,411.591
wide-researcher-1786004000-c8a9daea3524,178.193,679.434
data-analyst-1786003916-845e2128bc8c,178.208,184.496
reviewer-1786004000-b794593b27ae,178.230,659.047
data-analyst-1786004000-186eba1e5c91,178.272,630.454
deep-researcher-1786004000-75c2e9b550c1,178.317,400.877
wide-researcher-1786004000-6bdd99d944fa,178.479,423.481
reviewer-1786004000-7c78d1ff2899,178.498,686.475
data-analyst-1786004000-3f8349116da5,178.547,665.368
deep-researcher-1786004000-eb10f45c32d4,178.565,649.404
wide-researcher-1786004000-9363e2d41f52,178.685,648.549
reviewer-1786004000-49825c4ca37b,178.730,655.713
data-analyst-1786004000-0ed74643e990,178.778,691.582
deep-researcher-1786004000-c9a96a9e8cc3,178.829,315.880
wide-researcher-1786004000-5b86ffe62554,178.912,550.243
reviewer-1786004000-539e33c1f583,178.970,652.421
data-analyst-1786004000-d27c9ef211fe,179.063,647.447
data-analyst-1786003923-b62bd46a4d23,179.163,184.692
deep-researcher-1786004001-7ce00ece6c96,179.187,677.001
wide-researcher-1786004001-abadb3c29655,179.278,296.435
data-analyst-1786003932-5d843c115eba,179.315,186.128
data-analyst-1786003932-3ca093c803df,179.328,188.322
data-analyst-1786003932-03c1021a71fe,179.341,240.827
data-analyst-1786003932-7738b9c59afd,179.354,300.008
data-analyst-1786003932-fbcae343084e,179.367,185.901
reviewer-1786004001-7c9f5fc53cf7,179.371,675.697
data-analyst-1786003932-28fc8d8d4cd7,179.384,190.272
data-analyst-1786004001-400518babf83,179.427,544.280
deep-researcher-1786004001-bb3afea9b627,179.453,398.284
wide-researcher-1786004001-30f58312fbb5,179.491,398.577
data-analyst-1786003925-672d8fb2abc8,179.534,185.113
reviewer-1786004001-7548608b5060,179.543,628.314
data-analyst-1786004001-d61bd57c7eb6,179.659,639.053
deep-researcher-1786004001-8638d79ef9dc,179.677,555.767
wide-researcher-1786004001-8c6ae7b7d2df,179.704,389.255
reviewer-1786004001-c4878b7862ca,179.754,660.608
data-analyst-1786003932-005e05eaa115,179.790,186.199
data-analyst-1786003932-b9003b65134f,179.803,186.340
data-analyst-1786003932-ff5dc34e4940,179.816,185.942
data-analyst-1786004001-ccc48d153397,179.826,636.393
deep-researcher-1786004001-93f7b5e08145,179.871,429.560
data-analyst-1786003932-95f07f232b2f,179.914,189.487
data-analyst-1786003932-cb42914bc81b,179.927,193.795
data-analyst-1786003932-6235ea8be578,179.940,190.578
wide-researcher-1786004001-324bb3059b4b,179.997,353.407
reviewer-1786004001-5c348bfc8abf,180.023,684.407
data-analyst-1786004002-4588fc14455f,180.069,677.955
deep-researcher-1786004002-babcbd63c8da,180.110,526.065
wide-researcher-1786004002-9897ea9cbd91,180.206,373.977
reviewer-1786004002-fbbad2acc64d,180.240,658.741
data-analyst-1786004002-0a92d01f739f,180.297,681.238
deep-researcher-1786004002-203b32254d9e,180.324,300.022
wide-researcher-1786004002-07bc873935d2,180.341,300.328
reviewer-1786004002-f74572eb1b93,180.406,542.961
data-analyst-1786004002-f3a8624cdc89,180.466,609.850
deep-researcher-1786004002-75885dbc7b71,180.582,407.768
wide-researcher-1786004002-8f9e106393db,180.599,638.452
reviewer-1786004002-ab865b54081c,180.699,647.406
data-analyst-1786003899-047b15f4f99e,180.746,230.722
data-analyst-1786003901-dad1ba370054,180.759,285.453
data-analyst-1786004002-c46f4bec210a,180.776,611.178
deep-researcher-1786004002-499f53f8ce62,180.874,688.845
wide-researcher-1786004002-a1228f5826a8,180.944,632.978
reviewer-1786004002-e2da8621a62e,180.962,679.816
data-analyst-1786004002-2cdb00baf7c7,181.004,671.157
deep-researcher-1786004003-ca55e6da8e97,181.046,656.705
wide-researcher-1786004003-c4f54991fdcf,181.063,398.827
reviewer-1786004003-6554a8ee67d5,181.080,675.713
data-analyst-1786003933-9cbc74595fec,181.137,214.721
data-analyst-1786003933-cb827eaefeac,181.150,189.023
data-analyst-1786003933-3b8565db19e0,181.163,296.010
data-analyst-1786004003-75b0b14260f4,181.173,527.174
deep-researcher-1786004003-44d44a73bbff,181.192,629.983
wide-researcher-1786004003-afc14e8d91ae,181.243,645.022
reviewer-1786004003-59dab2fc8216,181.379,669.637
data-analyst-1786004003-606894ad5c45,181.491,632.926
deep-researcher-1786004003-eade75f24ca0,181.513,409.410
wide-researcher-1786004003-7edfa25cbb8b,181.540,532.627
reviewer-1786004003-029e4297e011,181.581,671.287
data-analyst-1786003929-95318afb9e1a,181.612,181.613
data-analyst-1786004003-ef26f7f219f9,181.621,680.619
deep-researcher-1786004003-e733de9f2509,181.657,448.350
wide-researcher-1786004003-12bff9cc9016,181.708,399.666
reviewer-1786004003-3ee773aa290c,181.841,646.993
data-analyst-1786003933-303820d570c2,181.892,189.592
data-analyst-1786003933-a138be2f0b4b,181.907,186.555
data-analyst-1786003933-db342b87fc01,181.920,193.202
data-analyst-1786004003-b684ca0a5ce2,181.938,661.228
data-analyst-1786003922-c7e215f8d1d5,181.992,184.743
data-analyst-1786003927-cc9cf6d716a5,182.009,184.756
deep-researcher-1786004003-88be12906eb6,182.095,413.046
data-analyst-1786003933-bff4090fb88a,182.128,207.392
data-analyst-1786003933-994cce374e3c,182.140,185.442
data-analyst-1786003933-435fd78f43d4,182.154,186.970
wide-researcher-1786004003-9e3026bea531,182.215,568.277
reviewer-1786004004-da54302fcc20,182.292,656.963
data-analyst-1786003927-3e223dfa66bb,182.394,182.394
data-analyst-1786004004-e4aa1622a244,182.403,547.222
deep-researcher-1786004004-d75165ac5391,182.455,418.451
wide-researcher-1786004004-c1aba711a879,182.473,401.426
reviewer-1786004004-99479e1348ed,182.513,652.095
data-analyst-1786004004-19da814899e0,182.563,633.651
data-analyst-1786003928-e453c51c9fbf,182.563,182.563
deep-researcher-1786004004-978c74b248a5,182.592,662.862
wide-researcher-1786004004-7211bd139988,182.672,408.023
reviewer-1786004004-92ecf48b96ae,182.709,647.387
data-analyst-1786004004-edb0c70fbf3f,182.783,651.145
deep-researcher-1786004004-ec3d74e6c6dc,182.825,410.787
data-analyst-1786003924-a594e4ceb5fc,182.838,182.839
wide-researcher-1786004004-98cf6334a64c,182.851,530.540
reviewer-1786004004-6a851625cd01,182.907,628.600
data-analyst-1786003930-9372e23cf4de,183.002,183.002
data-analyst-1786004004-16336a27e326,183.006,533.288
deep-researcher-1786004005-1dfddd7bc748,183.023,675.863
wide-researcher-1786004005-061e30f49415,183.039,352.102
reviewer-1786004005-8c43a60d7fc4,183.061,661.385
data-analyst-1786004005-db0f1a2a1f79,183.101,687.460
deep-researcher-1786004005-49bf4189f213,183.127,298.902
wide-researcher-1786004005-4c9d3aee7d16,183.144,301.720
reviewer-1786004005-28a2fdf8b801,183.172,690.887
data-analyst-1786004005-a7159ad2034c,183.264,549.619
deep-researcher-1786004005-c791ac38ef16,183.345,313.935
wide-researcher-1786004005-80b55b7ea171,183.362,337.081
reviewer-1786004005-c784caa75660,183.432,681.932
data-analyst-1786004005-c75b1fdd1ee8,183.605,537.818
deep-researcher-1786004005-87e16800ecce,183.625,418.330
wide-researcher-1786004005-35798198d9a4,183.685,300.040
reviewer-1786004005-d7d1288c5efa,183.717,659.913
data-analyst-1786004005-2a293845b887,183.789,543.516
data-analyst-1786003932-77910729477a,183.894,184.832
deep-researcher-1786004005-e24f8a3c8d3e,183.966,399.083
wide-researcher-1786004005-04b38e21f8fb,183.993,351.554
reviewer-1786004005-eb9173c56aca,184.016,520.487
data-analyst-1786004005-5ac7f2e125b7,184.080,529.082
data-analyst-1786003933-f8396543c3ad,184.100,188.671
deep-researcher-1786004006-b789b9dc2d3d,184.109,330.443
data-analyst-1786003933-fe906c89359f,184.118,187.819
data-analyst-1786003933-fd8fecfa5c0c,184.131,187.947
wide-researcher-1786004006-99540b20ea95,184.173,500.664
reviewer-1786004006-d37855678d3f,184.190,674.490
data-analyst-1786004006-62e1bee78dd6,184.229,640.292
deep-researcher-1786004006-5dbb4dec1bd7,184.261,677.327
data-analyst-1786003929-c2017cb5882e,184.271,184.271
wide-researcher-1786004006-f82253e5c032,184.338,422.236
reviewer-1786004006-27ea28b00229,184.363,646.032
data-analyst-1786004006-ed57e1f4d9eb,184.406,657.362
deep-researcher-1786004006-4ac0bd40a560,184.423,521.324
wide-researcher-1786004006-58e851b28fb3,184.519,338.768
reviewer-1786004006-d51a1ce02a47,184.557,478.322
data-analyst-1786004006-e3df533b1162,184.649,676.852
deep-researcher-1786004006-c24bbd85f489,184.692,425.154
wide-researcher-1786004006-f101432bc8e7,184.728,407.266
reviewer-1786004006-703d7aacecda,184.828,664.870
data-analyst-1786004006-39aab74b808e,184.865,666.870
deep-researcher-1786004006-72b50035fc1b,184.933,525.276
wide-researcher-1786004006-6750eba017a9,184.953,432.457
reviewer-1786004007-5221f6b29164,184.994,662.773
data-analyst-1786004007-3692cbe8b144,185.118,635.538
deep-researcher-1786004007-65a92c8d9653,185.140,419.434
wide-researcher-1786004007-eeae6276b50d,185.238,643.000
reviewer-1786004007-10f4bc50e67b,185.313,638.515
data-analyst-1786004007-8219f00d9a36,185.425,645.712
deep-researcher-1786004007-60c0317c59c7,185.465,407.233
wide-researcher-1786004007-c5a8db61595b,185.490,652.697
data-analyst-1786003934-dead9ae337e7,185.490,185.490
data-analyst-1786003934-cb8708b87de0,185.536,185.537
reviewer-1786004007-1214284e275b,185.545,548.834
data-analyst-1786003934-42cb6061e156,185.554,185.554
data-analyst-1786004007-c66667c33a1b,185.621,663.000
data-analyst-1786003934-e8a1c8b3110a,185.631,185.632
data-analyst-1786003934-4393827e8fc6,185.674,185.674
deep-researcher-1786004007-ae25fe68e2c1,185.680,409.652
data-analyst-1786003934-0edb5b1610d7,185.692,185.693
wide-researcher-1786004007-5e42e8966f61,185.700,657.381
reviewer-1786004007-9a3cc343e312,185.719,671.609
data-analyst-1786003934-442f23ccfeca,185.728,185.728
data-analyst-1786003934-a9ac04e3d200,185.742,185.742
data-analyst-1786004007-6b2cac37e018,185.798,539.735
data-analyst-1786003934-d4c0bb80a7c5,185.803,185.803
data-analyst-1786003935-802b2faeef8d,185.833,185.834
deep-researcher-1786004007-efa28d4c2ce3,185.851,298.989
wide-researcher-1786004007-398cca8d7366,185.879,539.992
reviewer-1786004007-e603bafe25d9,185.897,670.193
data-analyst-1786003934-4bd5dfadceb6,185.929,185.929
data-analyst-1786003933-43994573ad5c,185.975,185.975
data-analyst-1786004007-e26638b8776c,186.035,616.628
deep-researcher-1786004008-d4a6f60b6917,186.079,409.968
data-analyst-1786003934-69d26b7b4630,186.111,186.111
wide-researcher-1786004008-c7615beab437,186.124,414.434
data-analyst-1786003934-bbc270845584,186.141,186.142
reviewer-1786004008-b48e73f04f1a,186.163,667.144
data-analyst-1786003934-9c08a6ccc767,186.173,186.173
data-analyst-1786003936-17007208c690,186.186,186.186
data-analyst-1786003936-29c36f1bec2d,186.213,186.213
data-analyst-1786004008-8d40c473e878,186.241,653.934
data-analyst-1786003936-0a4db0841bbf,186.260,186.260
deep-researcher-1786004008-154caa7d29aa,186.326,413.448
wide-researcher-1786004008-1e81e7d120a4,186.344,537.317
data-analyst-1786003935-3f353ff87123,186.358,186.358
reviewer-1786004008-a9b0ae97d455,186.383,659.496
data-analyst-1786003934-f770879c1200,186.432,186.432
data-analyst-1786003937-96172de07323,186.446,186.447
data-analyst-1786003937-295280c05b7a,186.460,186.460
data-analyst-1786004008-992641dd4750,186.464,630.568
deep-researcher-1786004008-2f7673e3bfe3,186.510,330.262
data-analyst-1786003937-e849087f0c86,186.568,186.569
data-analyst-1786003936-951d0609abb2,186.582,186.582
data-analyst-1786003938-bb5c17d53ff3,186.596,186.597
wide-researcher-1786004008-1e12d4a677cb,186.629,627.480
data-analyst-1786003938-344366d2e121,186.642,186.642
reviewer-1786004008-25f6920945b2,186.646,528.722
data-analyst-1786003938-facd011997c1,186.687,186.687
data-analyst-1786004008-8c15ea66240a,186.704,655.548
data-analyst-1786003934-30ad2e181518,186.718,186.718
data-analyst-1786003936-10a910cb351a,186.731,186.732
data-analyst-1786003937-0059780f6dc3,186.745,186.745
deep-researcher-1786004008-d9bacf813987,186.749,330.510
data-analyst-1786003938-07af42ba337c,186.776,186.777
data-analyst-1786003935-ee90dbbbbaab,186.790,186.790
data-analyst-1786003934-c18e7810e7cd,186.845,186.845
data-analyst-1786003938-c6db5e5e6d9a,186.871,186.872
wide-researcher-1786004008-0c7c85355a23,186.902,641.008
data-analyst-1786003938-9d8bf77b68c2,186.931,186.931
data-analyst-1786003934-753cd316c14d,186.957,186.957
data-analyst-1786003934-8ac3c6e42263,186.996,186.997
reviewer-1786004008-764d4b17d239,187.004,659.064
data-analyst-1786003934-6ea5a691f1af,187.041,187.041
data-analyst-1786004008-08633c6330e1,187.058,649.629
data-analyst-1786003939-508c3d87d298,187.071,187.071
deep-researcher-1786004008-c0b58df11485,187.075,427.234
data-analyst-1786003940-a7e03061c84f,187.116,187.116
wide-researcher-1786004009-ba2200b251ce,187.128,525.960
reviewer-1786004009-3273bf6d927f,187.189,638.500
data-analyst-1786004009-dd19a09f1c30,187.239,655.088
deep-researcher-1786004009-80e39343f6d3,187.282,679.620
data-analyst-1786003941-f7a8e6811372,187.286,187.287
wide-researcher-1786004009-c7bab93f832a,187.309,375.782
data-analyst-1786003940-1e201c536c35,187.319,187.320
data-analyst-1786003943-c1b6d733de26,187.359,187.359
reviewer-1786004009-48b29bab8c1b,187.387,685.392
data-analyst-1786003942-62617c0d79ba,187.404,187.404
data-analyst-1786003940-9d858aa3e4e9,187.417,187.417
data-analyst-1786003938-a23d8ecd4d8a,187.479,187.480
data-analyst-1786003943-973f986a38bb,187.508,187.508
data-analyst-1786003940-938215cf77d0,187.561,187.561
data-analyst-1786004009-a3b73c50cc26,187.583,645.962
data-analyst-1786003940-7449ee04b839,187.605,187.606
data-analyst-1786003943-1e780c120bde,187.635,187.635
data-analyst-1786003943-bbb11eb49304,187.650,187.651
data-analyst-1786003934-beafe9de15d9,187.664,187.664
deep-researcher-1786004009-e65dad8c9e59,187.677,300.978
wide-researcher-1786004009-1a3be26c36ab,187.712,402.760
reviewer-1786004009-33b4decd5479,187.753,662.374
data-analyst-1786003943-fa64ffa1988a,187.762,187.762
data-analyst-1786003946-7cd4210120dd,187.833,187.833
data-analyst-1786004009-4fc4c2240775,187.845,627.775
deep-researcher-1786004009-31f2c10364e4,187.863,533.947
wide-researcher-1786004009-d20ce1a48b11,187.890,535.743
reviewer-1786004009-0e6316fc2acf,187.909,422.315
data-analyst-1786003945-c16c0accfc8e,187.933,187.933
data-analyst-1786003943-54f8cc62a315,187.961,187.961
data-analyst-1786003942-0cc77698432a,187.975,187.975
data-analyst-1786004010-98830ce36cb3,188.016,536.182
data-analyst-1786003939-65d0498aa40c,188.090,188.091
deep-researcher-1786004010-0c703a002449,188.130,658.059
data-analyst-1786003938-013557831895,188.139,188.139
data-analyst-1786003941-ef8f5ffc9260,188.152,188.153
wide-researcher-1786004010-4a2eeead1641,188.161,433.007
data-analyst-1786003938-46b5f766997a,188.240,188.241
reviewer-1786004010-5d87ff6e95fc,188.257,649.006
data-analyst-1786003947-3e83d6b5683f,188.270,188.270
data-analyst-1786003946-48bbbbe6fcc7,188.283,188.283
data-analyst-1786003947-bef2a60e3418,188.296,188.297
data-analyst-1786003933-eef6a3be4fbf,188.309,188.309
data-analyst-1786004010-e260982c87c9,188.330,544.524
data-analyst-1786003946-d6eaf4447f1d,188.339,188.340
deep-researcher-1786004010-a58eb85dd133,188.347,529.231
data-analyst-1786003941-19437dc6ceed,188.357,188.358
data-analyst-1786003938-e0fcd5aac3ea,188.371,188.371
wide-researcher-1786004010-3fc734a7b45d,188.412,671.689
reviewer-1786004010-d80ba15efecd,188.445,652.059
data-analyst-1786003935-5a970e8f7d75,188.464,188.465
data-analyst-1786003940-6aeade001dd9,188.495,188.496
data-analyst-1786004010-83af4787e69a,188.517,641.793
deep-researcher-1786004010-eb60201d3674,188.536,322.376
data-analyst-1786003934-a4c7ba991372,188.560,188.560
wide-researcher-1786004010-283c4863c4d0,188.572,415.950
reviewer-1786004010-345efc06d0e0,188.589,547.056
data-analyst-1786004010-330cfe41fef7,188.641,671.668
data-analyst-1786003942-c2db3b535684,188.655,188.656
data-analyst-1786003948-ddb4947600bb,188.685,188.685
deep-researcher-1786004010-b3fe306aeb59,188.698,401.683
data-analyst-1786003948-cef6bcd2485c,188.733,188.733
wide-researcher-1786004010-4f860e4162c3,188.746,419.894
reviewer-1786004010-21bee61c1748,188.763,524.997
data-analyst-1786004010-834a8913b554,188.830,467.997
data-analyst-1786003940-d326f2fda8cd,188.859,188.859
deep-researcher-1786004010-4f7a9c1f68f3,188.899,434.431
data-analyst-1786003936-989196c71075,188.910,188.910
wide-researcher-1786004010-108df76de4ee,188.919,655.477
reviewer-1786004010-505f0e84ffa9,188.938,695.837
data-analyst-1786003941-0a993397c42c,188.977,188.978
data-analyst-1786003940-a9e83f04238d,189.069,189.070
data-analyst-1786003948-bfd6c5d1f6fa,189.083,189.084
data-analyst-1786003948-666813ea0e83,189.097,189.097
data-analyst-1786004011-80cfefd7e03a,189.101,591.730
deep-researcher-1786004011-61ff224f10a3,189.154,663.545
wide-researcher-1786004011-41980cf04168,189.190,404.538
reviewer-1786004011-70b3d66daf36,189.262,671.052
data-analyst-1786004011-07996f5eca49,189.353,571.582
data-analyst-1786003938-d93f9725673b,189.364,189.364
deep-researcher-1786004011-8e28d3ee2acf,189.369,406.000
wide-researcher-1786004011-43ca6c26e938,189.413,655.674
data-analyst-1786003943-983140a9cf2d,189.423,189.424
data-analyst-1786003948-51a37300ba1b,189.439,189.440
data-analyst-1786003950-cfd0c564d10b,189.455,189.456
data-analyst-1786003935-da40504eb7e3,189.519,189.520
reviewer-1786004011-437754795154,189.528,680.145
data-analyst-1786003948-023cd6d43f3e,189.533,189.533
data-analyst-1786003947-bfa9e5f94df7,189.546,189.546
data-analyst-1786003948-f5e8ee261e31,189.607,189.608
data-analyst-1786003942-026c3e092d79,189.622,189.623
data-analyst-1786004011-88a0f391803b,189.634,546.154
data-analyst-1786003946-4217f3f6a7e1,189.638,189.639
data-analyst-1786003950-987245b32988,189.651,189.652
deep-researcher-1786004011-abdb6128e6c8,189.663,564.416
wide-researcher-1786004011-d5476e55ac61,189.681,534.621
data-analyst-1786003942-d363bc848495,189.682,189.686
data-analyst-1786003952-85760113ce92,189.699,189.700
data-analyst-1786003950-1fd4dda30c81,189.713,189.713
data-analyst-1786003950-1ff806ffaf6b,189.741,189.742
data-analyst-1786003952-7de86ef44e19,189.755,189.755
reviewer-1786004011-f7fa0cc8b90d,189.768,637.978
data-analyst-1786003950-d2e9be83c0a9,189.816,189.817
data-analyst-1786003934-8f9caae1689e,189.829,189.829
data-analyst-1786003953-ff527f29b597,189.842,189.842
data-analyst-1786004011-4f704a3c8143,189.842,558.126
data-analyst-1786003950-b3b5797e85fd,189.859,189.859
deep-researcher-1786004011-41000197ebb4,189.863,423.446
data-analyst-1786003952-d5dc5bd3b913,189.906,189.907
data-analyst-1786003953-2ab509d83e97,189.920,189.920
data-analyst-1786003952-9eda53952e7d,189.948,189.948
wide-researcher-1786004011-f8ff4e20bd2e,189.949,626.813
reviewer-1786004011-a0ef39e1159d,190.022,668.258
data-analyst-1786003953-e928548cb155,190.031,190.031
data-analyst-1786003953-30e5b64e35f4,190.058,190.059
data-analyst-1786004012-af9470f50e74,190.077,652.133
data-analyst-1786003953-4f669dc80017,190.091,190.091
deep-researcher-1786004012-58c1b6dc4819,190.104,417.520
wide-researcher-1786004012-8e54fa648bb2,190.120,653.773
data-analyst-1786003938-d356f1a85f13,190.140,190.141
reviewer-1786004012-4dc07101518f,190.148,677.019
data-analyst-1786003950-e3910ce14e85,190.204,190.205
data-analyst-1786004012-f7e1ae81d8c7,190.218,532.726
data-analyst-1786003954-139d7d866c3a,190.222,190.222
data-analyst-1786003953-bee09d69cc70,190.237,190.237
data-analyst-1786003935-467614324466,190.251,190.252
deep-researcher-1786004012-14d0412cd01b,190.251,425.642
wide-researcher-1786004012-287ad9e9f1c8,190.268,302.373
data-analyst-1786003947-6fd691def0a5,190.288,190.288
reviewer-1786004012-882e41aa883e,190.297,689.869
data-analyst-1786003954-6caa5e75c132,190.320,190.320
data-analyst-1786003954-e1f4b39e4411,190.334,190.334
data-analyst-1786003942-7736cee03e9d,190.349,190.350
data-analyst-1786004012-eaa0d6aca432,190.379,685.096
data-analyst-1786003955-4bf8d335ccce,190.383,190.383
data-analyst-1786003948-6d5c37044e8d,190.398,190.398
deep-researcher-1786004012-0b3254b80783,190.412,414.467
wide-researcher-1786004012-6090469e506a,190.431,523.215
reviewer-1786004012-3928328de302,190.450,654.929
data-analyst-1786003948-a1903038acaa,190.455,190.455
data-analyst-1786003950-0adaee18d797,190.468,190.468
data-analyst-1786003933-43f25628682a,190.516,190.516
data-analyst-1786004012-201da29774f3,190.561,659.270
deep-researcher-1786004012-119816103df0,190.609,431.276
wide-researcher-1786004012-ce427788588c,190.654,421.427
reviewer-1786004012-fd798b9ff4c6,190.670,632.520
data-analyst-1786004012-327b4082e33e,190.712,543.345
deep-researcher-1786004012-fc909dd85d07,190.737,534.057
wide-researcher-1786004012-f841c24534f5,190.786,412.240
data-analyst-1786003936-9cf0f3ca0fff,190.791,190.791
reviewer-1786004012-11f470f308ad,190.854,571.990
data-analyst-1786003957-954c2e142461,190.875,190.876
data-analyst-1786004012-f5595c1cf445,190.884,545.531
data-analyst-1786003956-6aac49018731,190.892,190.892
data-analyst-1786003955-127db2a46904,190.907,190.908
deep-researcher-1786004012-9e71e66b6d09,190.916,356.864
wide-researcher-1786004012-20e0b9ef15f9,190.936,679.021
data-analyst-1786003958-1262eee767c7,191.012,191.013
data-analyst-1786003933-16191193e35b,191.044,191.044
reviewer-1786004013-f02956d628f5,191.049,671.426
data-analyst-1786003955-14b969d3dbd9,191.062,191.063
data-analyst-1786003950-9937876bf81f,191.076,191.077
data-analyst-1786003941-fec4f95e50f1,191.105,191.105
data-analyst-1786003948-a49e4c3e9636,191.121,191.121
data-analyst-1786003957-202aab894ecf,191.133,191.133
data-analyst-1786003954-e05eb80d5ea8,191.146,191.147
data-analyst-1786004013-f9b606dbbfaf,191.156,502.504
deep-researcher-1786004013-a6476c182f7f,191.174,691.093
data-analyst-1786003947-1d4c2e929a2e,191.183,191.184
wide-researcher-1786004013-42a296acdde1,191.201,649.691
data-analyst-1786003955-21a5a4539eb4,191.215,191.216
data-analyst-1786003950-883f7478cfd3,191.229,191.229
data-analyst-1786003958-834a64422fee,191.242,191.242
reviewer-1786004013-a469048054e0,191.264,542.991
data-analyst-1786004013-865f149698dc,191.301,653.481
data-analyst-1786003935-9791000b42dd,191.319,191.320
data-analyst-1786003956-0afc313e6311,191.333,191.334
deep-researcher-1786004013-55bb5899c1a1,191.346,540.060
data-analyst-1786003955-bbc368a3f8e4,191.349,191.350
wide-researcher-1786004013-2fb56e7ebc1c,191.362,414.449
reviewer-1786004013-6fe7cf5c85a5,191.380,674.394
data-analyst-1786003958-128f97bb5d8e,191.398,191.398
data-analyst-1786003946-7df18029cd2a,191.426,191.427
data-analyst-1786004013-50977638382d,191.431,652.263
data-analyst-1786003942-308039bd35a9,191.444,191.445
deep-researcher-1786004013-2f900a7ee5db,191.538,315.616
wide-researcher-1786004013-09226028afa9,191.556,642.552
reviewer-1786004013-a706bde8996c,191.595,675.231
data-analyst-1786004013-806bff865090,191.629,686.525
data-analyst-1786003956-44e7b57d5ef6,191.649,191.650
data-analyst-1786003955-76b0488ccac4,191.664,191.664
deep-researcher-1786004013-aa2d351f66d9,191.673,536.373
data-analyst-1786003955-767db01d55f7,191.698,191.699
data-analyst-1786003959-48c9de236796,191.715,191.715
wide-researcher-1786004013-11d4ab8b136d,191.760,411.625
reviewer-1786004013-b4f3268b4f75,191.781,659.161
data-analyst-1786003958-0152965be4a5,191.791,191.791
data-analyst-1786003956-1590f4d718dc,191.806,191.806
data-analyst-1786004013-269cb985c1a0,191.826,690.397
data-analyst-1786003958-59ddcfd7182e,191.872,191.872
deep-researcher-1786004013-f21f1b663f68,191.886,539.507
wide-researcher-1786004013-fdfe95a8592b,191.925,666.594
reviewer-1786004013-98fee8fe07a9,191.954,627.685
data-analyst-1786003936-39cbc9ef7d29,191.973,191.974
data-analyst-1786003959-4e7ccc7c62a0,191.988,191.988
data-analyst-1786003953-ef4a16747b32,192.108,192.109
data-analyst-1786003956-9518829fec24,192.122,192.123
data-analyst-1786004014-d6dde117e571,192.127,696.482
data-analyst-1786003936-fb3130e63d8a,192.140,192.140
deep-researcher-1786004014-a95712febe67,192.165,405.510
wide-researcher-1786004014-9bdec41e49d4,192.185,386.641
data-analyst-1786003956-9118745b47a5,192.195,192.196
reviewer-1786004014-0ffe150e3d6d,192.204,667.691
data-analyst-1786003959-71f46152ad59,192.212,192.212
data-analyst-1786003961-dcda51a99e23,192.240,192.241
data-analyst-1786004014-a2f938e503bf,192.255,628.223
deep-researcher-1786004014-890a0ac6e9b5,192.302,656.802
data-analyst-1786003960-4d777dd80942,192.306,192.306
data-analyst-1786003960-13028737b841,192.336,192.337
wide-researcher-1786004014-07333f199738,192.364,601.517
data-analyst-1786003953-c2eb9f51bb8b,192.395,192.396
reviewer-1786004014-9495f7083e7a,192.400,677.568
data-analyst-1786004014-a3d6a10c4132,192.448,530.237
data-analyst-1786003957-b76c36d30e8a,192.456,192.457
data-analyst-1786003938-28d40e86c35f,192.484,192.485
data-analyst-1786003959-cd21929df57a,192.514,192.515
data-analyst-1786003958-461861b65cf4,192.529,192.530
deep-researcher-1786004014-404b75378b8a,192.534,293.998
wide-researcher-1786004014-eee5f4ad10ed,192.561,523.789
data-analyst-1786003936-c94624107bcb,192.605,192.606
data-analyst-1786003958-16caf2f691ed,192.646,192.646
reviewer-1786004014-ab21a6d32517,192.682,634.879
data-analyst-1786004014-af20209e314d,192.773,567.561
data-analyst-1786003963-d0fdac0c99bf,192.800,192.800
data-analyst-1786003963-093b22e5f942,192.817,192.817
deep-researcher-1786004014-cae98832411e,192.818,427.255
data-analyst-1786003963-58cd2b998d0d,192.854,192.854
wide-researcher-1786004014-d4a71c954caf,192.863,485.555
reviewer-1786004014-cd0a4eb81213,192.893,631.297
data-analyst-1786004014-f90835549ada,192.941,533.582
data-analyst-1786003963-14990d88e7ae,192.969,192.970
data-analyst-1786003947-c308d89ce8bb,192.998,192.999
data-analyst-1786003955-35bf18ea7e25,193.036,193.037
data-analyst-1786003964-97e3525b7cab,193.049,193.050
deep-researcher-1786004015-267dd99a702f,193.054,700.321
wide-researcher-1786004015-458d65eceded,193.095,524.233
reviewer-1786004015-46135a0a683f,193.112,684.628
data-analyst-1786003964-872b3a0713bb,193.113,193.117
data-analyst-1786003964-71d8dfd39221,193.143,193.143
data-analyst-1786004015-b0363efcfa59,193.193,555.497
data-analyst-1786003964-e8b2b955ecaa,193.227,193.228
deep-researcher-1786004015-f11655617856,193.278,343.407
data-analyst-1786003947-83410bcc1926,193.283,193.283
wide-researcher-1786004015-3eaa42582b5f,193.295,400.327
data-analyst-1786003965-f5da1c603214,193.300,193.300
data-analyst-1786003965-1327f2c678b5,193.314,193.314
reviewer-1786004015-dc6852c747e0,193.322,658.237
data-analyst-1786004015-edb2df933025,193.397,668.075
deep-researcher-1786004015-7e76c3ec5f88,193.441,417.387
wide-researcher-1786004015-10dbf37f55d7,193.458,409.717
reviewer-1786004015-3f401afb84e1,193.476,669.463
data-analyst-1786003964-6ee86ae899bd,193.488,193.489
data-analyst-1786003965-2e0f57a1e978,193.529,193.530
data-analyst-1786004015-0ce9167eb8c4,193.566,690.249
data-analyst-1786003963-4a09774b37fa,193.575,193.575
data-analyst-1786003966-cea1d5773749,193.589,193.590
data-analyst-1786003955-48f2cdc82d94,193.602,193.603
data-analyst-1786003954-86a4cd67bec9,193.616,193.616
deep-researcher-1786004015-8fec3b87f989,193.634,524.907
data-analyst-1786003954-ceac99c3863c,193.646,193.647
data-analyst-1786003967-b289b0cdf24a,193.673,193.674
data-analyst-1786003966-46b82e197610,193.687,193.688
wide-researcher-1786004015-2e17bc672265,193.695,398.473
data-analyst-1786003946-063218a1ff8a,193.706,193.706
reviewer-1786004015-dddbab1444ec,193.711,628.110
data-analyst-1786003966-c6b8d0dfbe8b,193.750,193.751
data-analyst-1786004015-d91554b3e809,193.763,661.497
data-analyst-1786003967-88064655f58b,193.767,193.767
data-analyst-1786003963-307876b8a33b,193.781,193.781
deep-researcher-1786004015-949cba027463,193.799,427.122
wide-researcher-1786004015-8c27c2ff79f5,193.817,668.736
data-analyst-1786003952-d4d5ac4d4d37,193.847,193.847
data-analyst-1786003948-42d3ac1e2644,193.861,193.862
reviewer-1786004015-e57caa442ee7,193.874,683.492
data-analyst-1786004015-42915072dde9,193.962,661.666
deep-researcher-1786004015-d9aca78fe32e,194.047,676.196
data-analyst-1786003966-7711badfa7ec,194.057,194.058
data-analyst-1786003952-f5ae607b0d3a,194.071,194.072
wide-researcher-1786004016-71b9ac0a4ea3,194.072,654.641
data-analyst-1786003948-5aaa2fcf53ca,194.088,194.089
reviewer-1786004016-42370e43c736,194.147,677.922
data-analyst-1786003956-304c46abb649,194.163,194.164
data-analyst-1786003933-80528c024bc3,194.177,194.178
data-analyst-1786003948-d47820a9b8fa,194.191,194.192
data-analyst-1786004016-bbd5a83be980,194.196,636.062
data-analyst-1786003967-d46091b4240a,194.208,194.209
deep-researcher-1786004016-de4c5522a6b0,194.213,418.981
data-analyst-1786003968-80d6ed7319c6,194.283,194.284
wide-researcher-1786004016-c91648818975,194.296,551.108
data-analyst-1786003967-903fb0719dda,194.296,194.297
data-analyst-1786003942-4969b4965e04,194.314,194.315
reviewer-1786004016-3e25cbe74823,194.322,640.928
data-analyst-1786004016-18ec54736378,194.371,679.852
deep-researcher-1786004016-0c38af6dd8cd,194.408,403.616
data-analyst-1786003950-161f875e003e,194.413,194.413
wide-researcher-1786004016-a68a866c83ac,194.453,509.573
data-analyst-1786003946-361c2b2432c2,194.484,194.484
data-analyst-1786003956-95fe9637b47a,194.498,194.498
data-analyst-1786003967-845e33913e26,194.510,194.511
data-analyst-1786003961-f032bb46c103,194.523,194.524
data-analyst-1786003965-a71599f0c409,194.536,194.537
data-analyst-1786003967-48f61869c734,194.549,194.550
data-analyst-1786003970-4cf2914edf87,194.617,194.618
reviewer-1786004016-751aa8c2a62e,194.618,653.437
data-analyst-1786003959-4cd097b47627,194.634,194.635
data-analyst-1786004016-819b2b1a89f7,194.677,537.533
data-analyst-1786003967-8ba4396b6871,194.695,194.696
data-analyst-1786003970-46508609e860,194.708,194.709
data-analyst-1786003967-43b2519e4d86,194.723,194.723
data-analyst-1786003955-4d7b6ea86243,194.737,194.737
data-analyst-1786003954-2cfcda1a86a6,194.751,194.751
data-analyst-1786003964-66a13c1b2e5a,194.764,194.765
deep-researcher-1786004016-17c3260f5662,194.787,429.368
data-analyst-1786003970-b43b381a3be2,194.795,194.796
wide-researcher-1786004016-2fa36e1a3365,194.804,541.365
reviewer-1786004016-701df6f1ac0a,194.836,635.760
data-analyst-1786003961-68b43b51e074,194.887,194.888
data-analyst-1786004016-9158bb895c42,194.905,633.563
data-analyst-1786003955-1dd347995040,194.917,194.918
data-analyst-1786003970-c3eeb3c3f9c0,194.932,194.933
deep-researcher-1786004016-f40fb08a03ac,194.941,406.547
wide-researcher-1786004016-ab026e91949b,194.962,562.715
data-analyst-1786003972-d437ccdebe87,194.966,194.966
reviewer-1786004017-9e92803e4f03,194.991,676.348
data-analyst-1786003950-ec6ad31c4c20,195.007,195.008
data-analyst-1786003955-8530faaddf25,195.117,195.118
data-analyst-1786003943-9038cfc4f020,195.132,195.133
data-analyst-1786003971-e73a4a333a95,195.160,195.161
data-analyst-1786003973-daf8601e13e3,195.174,195.175
data-analyst-1786004017-84fbea374159,195.179,637.994
deep-researcher-1786004017-0e3d8182a188,195.206,633.747
wide-researcher-1786004017-6b5c6fa3de00,195.226,405.734
reviewer-1786004017-2550d4c340a8,195.245,652.882
data-analyst-1786004017-d609e445e1fd,195.314,640.960
deep-researcher-1786004017-c2945e1a1cb1,195.391,685.897
wide-researcher-1786004017-f30b4c03ba48,195.474,541.139
data-analyst-1786003947-8dd1ccbf8aa2,195.518,285.424
reviewer-1786004017-67256bbc6e51,195.547,559.308
data-analyst-1786003947-4a54cdd244ce,195.547,285.828
data-analyst-1786003947-c8a54d92d6ce,195.564,292.039
data-analyst-1786003934-ef29fd072f3e,195.578,291.050
data-analyst-1786004017-80c502dc2b00,195.586,557.792
deep-researcher-1786004017-fcb2cd04b25c,195.667,400.227
wide-researcher-1786004017-b6a8f853f206,195.695,410.997
data-analyst-1786003968-fc4fbc1013f4,195.721,195.721
data-analyst-1786003971-13da17cc620e,195.775,195.776
reviewer-1786004017-08b5142a498b,195.794,654.988
data-analyst-1786004017-5a3fd949959f,195.845,631.262
deep-researcher-1786004017-07dd3d9b6e80,195.883,659.329
data-analyst-1786003937-20c019d8954e,195.888,195.888
wide-researcher-1786004017-066a61e012e2,196.087,628.967
reviewer-1786004017-bdaa851b8806,196.123,665.607
data-analyst-1786004018-ed477443b452,196.203,546.503
data-analyst-1786003973-2e01d65748d8,196.221,196.221
deep-researcher-1786004018-d586145650a8,196.299,670.969
wide-researcher-1786004018-9594e84fe474,196.316,430.953
reviewer-1786004018-7fb9dbd0f8e4,196.353,679.507
data-analyst-1786004018-06e5b58487f3,196.411,521.290
deep-researcher-1786004018-69667707f52d,196.456,421.771
wide-researcher-1786004018-47f8a3bc86f5,196.473,401.354
reviewer-1786004018-cb369b435058,196.501,673.792
data-analyst-1786004018-11d9aa93669e,196.728,639.172
deep-researcher-1786004018-aa9aad969622,196.749,648.968
wide-researcher-1786004018-7c08e15a2234,196.766,398.796
reviewer-1786004018-37b04c6b0d24,196.831,677.536
data-analyst-1786004018-b9d784ed6b10,196.892,685.689
data-analyst-1786003971-811f27679365,196.920,196.920
data-analyst-1786003958-f382da1b24a9,196.935,196.936
deep-researcher-1786004018-c9ede8cac2d7,196.953,298.746
data-analyst-1786003966-e08c95f03ecd,196.966,196.966
wide-researcher-1786004018-6a012780e55c,196.988,441.558
reviewer-1786004019-8cb3d310adde,197.065,651.697
data-analyst-1786003959-b2b11972af4b,197.166,197.166
data-analyst-1786004019-6a69755035d1,197.210,680.560
deep-researcher-1786004019-78a2ab17e74c,197.296,404.598
wide-researcher-1786004019-030721edda9a,197.315,303.073
data-analyst-1786003967-3cef1a06f015,197.324,197.325
reviewer-1786004019-26deeb4066fc,197.342,676.611
data-analyst-1786004019-14883bdefecb,197.385,669.716
deep-researcher-1786004019-b06164d4f6d7,197.403,401.533
data-analyst-1786003950-b7a5ad53f18a,197.404,197.408
data-analyst-1786003973-bcf206895d36,197.422,197.423
wide-researcher-1786004019-cc7113f9aab4,197.431,385.481
reviewer-1786004019-435cbe507ca5,197.474,538.874
data-analyst-1786003978-1fd061b73f59,197.492,543.727
data-analyst-1786003946-672aaa1cd143,197.578,197.578
data-analyst-1786004019-08d7fee6bf21,197.601,543.851
deep-researcher-1786004019-bdd80a06938c,197.641,412.609
wide-researcher-1786004019-b9f4966cd052,197.659,666.705
data-analyst-1786003971-fa02f11ef70c,197.751,197.751
data-analyst-1786003967-46b9dad4e1d8,197.780,197.781
reviewer-1786004019-e965a059178a,197.798,539.365
data-analyst-1786004019-bf08ad1082f1,197.829,658.966
deep-researcher-1786004019-d9f411989f62,197.857,399.416
wide-researcher-1786004019-cdf49a36c24c,197.875,572.487
reviewer-1786004019-845426446d84,197.960,547.992
data-analyst-1786004020-d16b6c656326,198.001,669.233
deep-researcher-1786004020-2895a7ccc5d7,198.020,638.752
wide-researcher-1786004020-d5a5076b8e7d,198.196,409.458
reviewer-1786004020-6770a89e1d0e,198.229,689.359
data-analyst-1786004020-53a3a43a305b,198.270,536.044
deep-researcher-1786004020-a44b06f67074,198.287,545.988
wide-researcher-1786004020-3dc851010750,198.344,295.369
reviewer-1786004020-66890a3715ad,198.363,651.681
data-analyst-1786004020-097aa7a18fcc,198.410,662.932
deep-researcher-1786004020-be7fbfe2103b,198.447,410.280
wide-researcher-1786004020-83b4082c34ce,198.491,353.296
reviewer-1786004020-0ff9d43c9a3c,198.586,659.309
data-analyst-1786004020-5cca118ba2eb,198.731,539.883
data-analyst-1786003977-4b52e9378e6c,198.810,284.367
deep-researcher-1786004020-50ea00272ea1,198.815,402.389
wide-researcher-1786004020-aa08d414ffe8,198.865,678.224
data-analyst-1786003967-80d99aa14b1f,198.895,198.895
reviewer-1786004020-1ebdb211a7ad,198.941,672.065
data-analyst-1786004020-893632257041,198.994,662.240
deep-researcher-1786004021-e90ba93cbbe7,199.136,611.103
wide-researcher-1786004021-892a9fc84ef9,199.209,408.968
reviewer-1786004021-3121865d82ee,199.273,686.193
data-analyst-1786004021-00dc7c8acfec,199.314,665.994
deep-researcher-1786004021-a1f184975765,199.344,662.531
data-analyst-1786003945-2a90b137e736,199.377,199.377
wide-researcher-1786004021-fe0abe26b45b,199.382,406.016
data-analyst-1786003965-c5bcadb95391,199.396,199.396
reviewer-1786004021-147e69d2c5b6,199.423,689.421
data-analyst-1786004021-a95a5a3a448c,199.480,622.227
deep-researcher-1786004021-b454ae808a3f,199.498,675.843
wide-researcher-1786004021-433c5022b26a,199.515,418.686
reviewer-1786004021-8381db81107d,199.536,676.741
data-analyst-1786004021-f04acaa0ee7e,199.607,660.703
deep-researcher-1786004021-3e8b9a651133,199.689,672.752
wide-researcher-1786004021-a81e9eb8788e,199.741,371.565
reviewer-1786004021-95d8e8eb3e4d,199.761,654.387
data-analyst-1786004021-0c00360b7a8d,199.790,431.262
deep-researcher-1786004021-611afda124f5,199.847,644.326
wide-researcher-1786004021-ed3d7152ef16,199.866,520.455
reviewer-1786004021-a66b1e000325,199.968,533.814
data-analyst-1786004021-9bf22680006c,200.099,655.529
deep-researcher-1786004022-74749d32729b,200.253,300.493
wide-researcher-1786004022-b5d79576bf23,200.314,535.149
reviewer-1786004022-63b4117a950a,200.336,654.661
data-analyst-1786003978-f066842ad92a,200.376,290.297
data-analyst-1786004022-c88796a5f734,200.406,636.155
deep-researcher-1786004022-c6c0950c0395,200.448,334.895
wide-researcher-1786004022-c7aa766fd5bb,200.466,301.533
reviewer-1786004022-a0b0590236e4,200.503,663.886
data-analyst-1786004022-19a9484df9f2,200.611,525.663
data-analyst-1786003953-19d2cf944d12,200.640,200.640
deep-researcher-1786004022-248321e00c41,200.654,302.279
wide-researcher-1786004022-911c4b55832c,200.684,665.965
reviewer-1786004022-ab164f100216,200.718,607.735
data-analyst-1786004022-a599b69994c7,200.776,652.596
data-analyst-1786003964-d9d417427925,200.785,200.786
deep-researcher-1786004022-1b8badb01224,200.794,659.015
wide-researcher-1786004022-8dbb6e15ec97,200.840,644.848
reviewer-1786004022-8aba88b2832a,200.857,428.021
data-analyst-1786004022-e4e823ea8a83,200.942,660.542
data-analyst-1786003980-eb75d924b5a5,200.965,301.397
data-analyst-1786003938-74a903b7135f,200.977,200.978
deep-researcher-1786004022-373e0ca21996,201.014,681.896
wide-researcher-1786004023-5028cc75fa44,201.033,693.519
reviewer-1786004023-d187913b30b7,201.052,673.011
data-analyst-1786004023-9738f2502e5d,201.112,537.673
deep-researcher-1786004023-02aca60b1f48,201.172,414.383
wide-researcher-1786004023-502543e21f11,201.260,472.041
reviewer-1786004023-ed6bf205a9f5,201.279,675.389
data-analyst-1786004023-fe7da95153f5,201.311,682.693
deep-researcher-1786004023-6c7a8e056a58,201.347,453.070
wide-researcher-1786004023-8d228939f29d,201.366,667.556
reviewer-1786004023-e19536c59898,201.383,671.552
data-analyst-1786004023-b1039c8db993,201.431,667.650
deep-researcher-1786004023-32bef92ba751,201.469,641.492
wide-researcher-1786004023-4cf840a67faa,201.486,371.229
reviewer-1786004023-c5d3f4cca1e4,201.593,663.099
data-analyst-1786003943-c84b3439fb98,201.767,201.767
data-analyst-1786003960-a2ccba1f8d38,201.782,201.782
data-analyst-1786004023-65266718c444,201.822,422.543
deep-researcher-1786004023-2257bfd80f7c,201.865,401.568
wide-researcher-1786004023-1fdee3bc341b,201.923,420.757
reviewer-1786004023-53bd4ecf2114,201.977,566.574
data-analyst-1786004024-4648c3b99682,202.016,675.351
data-analyst-1786003965-95e2bb861ff6,202.093,202.093
deep-researcher-1786004024-39cc936e4179,202.121,654.704
wide-researcher-1786004024-154cf9897ac5,202.238,470.701
data-analyst-1786003974-554a1c97e301,202.271,202.271
reviewer-1786004024-eb816c554f3e,202.306,626.443
data-analyst-1786004024-4279b103b32d,202.361,645.461
deep-researcher-1786004024-a7d437d7d447,202.379,431.248
data-analyst-1786003960-eef79cdec8da,202.411,202.412
wide-researcher-1786004024-5141a050182a,202.447,415.136
reviewer-1786004024-d2d910baa162,202.466,669.310
data-analyst-1786003947-224a50c15c16,202.480,202.480
data-analyst-1786003963-307fb62670e0,202.507,202.508
data-analyst-1786004024-a52443a482c9,202.541,615.434
deep-researcher-1786004024-9452fa329cb7,202.560,688.331
wide-researcher-1786004024-0e515d7c9f94,202.577,411.012
data-analyst-1786003970-651d2c57842c,202.599,202.599
data-analyst-1786003946-75107f771f67,202.633,202.634
data-analyst-1786003960-123f8f767036,202.663,202.663
reviewer-1786004024-81d15b7e715c,202.720,662.422
data-analyst-1786004024-4a1ad1dbb35f,202.767,671.902
deep-researcher-1786004024-815a8a5725c8,202.791,418.296
wide-researcher-1786004024-3642d478a782,202.821,541.238
reviewer-1786004024-0b4b858204d0,202.876,650.179
data-analyst-1786004024-089b21d6320e,202.974,553.855
deep-researcher-1786004024-7dde1fdbd1f9,203.001,644.035
wide-researcher-1786004025-bcf020715dc6,203.102,420.692
reviewer-1786004025-4e7bd37c00d3,203.119,672.208
data-analyst-1786003952-300c5165c99e,203.254,285.029
data-analyst-1786004025-927e9949bd5f,203.267,685.505
data-analyst-1786003958-a2bd7a512a81,203.328,203.328
deep-researcher-1786004025-d646a83c9bfa,203.350,419.026
wide-researcher-1786004025-04879d26f762,203.435,321.760
data-analyst-1786003961-5763502db321,203.436,203.439
data-analyst-1786003965-f9eedf6f76e1,203.455,203.455
reviewer-1786004025-0e52d16b9797,203.479,550.723
data-analyst-1786004025-ef9b1c0ebe05,203.531,694.190
data-analyst-1786003948-2330df92ce38,203.632,203.632
deep-researcher-1786004025-25daa51905eb,203.632,562.209
wide-researcher-1786004025-fe7c20210053,203.702,406.841
data-analyst-1786003978-58806677124d,203.748,203.748
reviewer-1786004025-8b7e3fcfe983,203.749,685.603
data-analyst-1786004025-8460b785682c,203.814,673.130
deep-researcher-1786004025-99c978fb69e2,203.833,525.260
wide-researcher-1786004025-9276198d505d,203.867,422.735
reviewer-1786004025-5d50b5a501bb,203.896,667.478
data-analyst-1786003982-cee084b8b766,203.906,283.956
data-analyst-1786003982-3e32c2f9dba0,203.919,401.701
data-analyst-1786004026-19c90060f509,203.971,521.881
deep-researcher-1786004026-08ae2cd06be1,203.991,417.954
wide-researcher-1786004026-06034fb8c95b,204.028,422.451
reviewer-1786004026-0dd8d0eda32d,204.051,680.469
data-analyst-1786004026-d6ed2daf0526,204.090,655.429
deep-researcher-1786004026-368166b69d80,204.242,539.800
wide-researcher-1786004026-f90710b0f717,204.282,299.979
reviewer-1786004026-02a76687db3a,204.308,568.051
data-analyst-1786003959-4173e763a3a4,204.359,204.359
data-analyst-1786004026-cced7922c9d7,204.378,422.765
deep-researcher-1786004026-0d5d4c6bd2f8,204.396,479.822
data-analyst-1786003947-fea8b18e0003,204.430,204.432
data-analyst-1786003973-53c4328cbc24,204.446,204.446
wide-researcher-1786004026-68a3a291bb50,204.450,651.067
reviewer-1786004026-775d2d055f39,204.501,685.259
data-analyst-1786004026-b4c5b7c9544a,204.613,526.431
deep-researcher-1786004026-f363a46514f2,204.630,524.706
data-analyst-1786003961-894ec9d69a44,204.660,204.661
wide-researcher-1786004026-6dda161d8a1f,204.786,541.486
data-analyst-1786003978-7af70e67a919,204.810,204.810
reviewer-1786004026-e3f71a613fd2,204.992,699.081
data-analyst-1786004026-c9c26292380c,205.051,478.839
data-analyst-1786003950-8dfe09fdf6c6,205.151,288.639
deep-researcher-1786004026-1bc0c2cc935d,205.163,679.382
wide-researcher-1786004026-8b3ddb290155,205.250,424.377
data-analyst-1786003978-6dfcdd234d55,205.275,205.276
reviewer-1786004027-bfdef742a260,205.309,674.210
data-analyst-1786004027-aaae2d69d1ca,205.345,545.401
data-analyst-1786003953-dc0b2dec54f0,205.355,205.356
deep-researcher-1786004027-6b0a62d90362,205.410,409.752
wide-researcher-1786004027-1b1fda41fd27,205.483,547.534
data-analyst-1786003978-3273a4b43214,205.487,205.487
data-analyst-1786003959-65835b1ef57c,205.500,205.500
reviewer-1786004027-0a202e6bbf6c,205.569,665.146
data-analyst-1786004027-418eb3cb6432,205.741,639.954
deep-researcher-1786004027-3d29e9ad9ffc,205.759,641.693
data-analyst-1786003966-fa4496487879,205.783,205.784
wide-researcher-1786004027-d79ceaa006af,205.792,355.161
reviewer-1786004027-0b31f76d62fd,205.820,666.248
data-analyst-1786003937-c24f21065b62,205.880,205.880
data-analyst-1786004027-a560b025ad9c,205.884,678.386
deep-researcher-1786004027-4fe72b469203,205.901,680.298
wide-researcher-1786004027-f5045a42125c,205.996,311.888
reviewer-1786004028-90516d0834f5,206.015,663.576
data-analyst-1786004028-e9e8a2894d75,206.137,651.132
deep-researcher-1786004028-1d0ee7aa26c5,206.154,646.182
wide-researcher-1786004028-0897dd0cd71f,206.202,686.175
data-analyst-1786003938-0c36695638d7,206.212,206.213
reviewer-1786004028-53e29d7e6cbe,206.308,661.275
data-analyst-1786004028-8edbd04ed4fc,206.450,548.034
deep-researcher-1786004028-3bee9f914e55,206.515,386.026
wide-researcher-1786004028-b64fa61daae3,206.551,415.072
data-analyst-1786003954-71e16efcd0c0,206.625,366.441
reviewer-1786004028-11941bd21ea5,206.679,545.250
data-analyst-1786004028-64cc84e6d3c6,206.734,432.345
deep-researcher-1786004028-c92bda9e1427,206.765,690.027
wide-researcher-1786004028-a572bc2090ce,206.810,425.675
reviewer-1786004028-f67d8dbfe8db,206.831,655.793
data-analyst-1786004028-7310ed81ca4b,206.865,526.375
deep-researcher-1786004028-73876bf9a5ba,206.916,643.381
wide-researcher-1786004029-8ec2c3346201,206.975,391.035
reviewer-1786004029-82048b22bd11,207.046,671.189
data-analyst-1786004029-e421f1e0e701,207.100,558.452
deep-researcher-1786004029-2a7b4cff346d,207.266,691.518
wide-researcher-1786004029-4532595c552a,207.301,544.232
reviewer-1786004029-6bcdcbb7cb87,207.347,548.379
data-analyst-1786004029-4661e9db3e0d,207.410,524.467
deep-researcher-1786004029-8b1134df57b1,207.468,415.576
wide-researcher-1786004029-b8220c2e9b93,207.519,491.439
reviewer-1786004029-0137ff3370e3,207.536,647.567
data-analyst-1786004029-7e7a6d9d3838,207.654,662.221
data-analyst-1786003939-1828d5f0417b,207.668,207.668
deep-researcher-1786004029-c61bbea739af,207.672,478.576
wide-researcher-1786004029-c035114ea4a1,207.718,652.523
data-analyst-1786003984-3a95e9a7acc2,207.790,291.140
reviewer-1786004029-cf8775499c73,207.812,693.130
data-analyst-1786003936-db8bb0a2c68a,207.834,207.835
data-analyst-1786004029-92499ac05a03,207.861,669.668
deep-researcher-1786004029-eb3e5130abba,207.918,338.401
wide-researcher-1786004029-7385b61090e5,207.956,523.912
reviewer-1786004030-6faf16766a4d,208.011,672.576
data-analyst-1786004030-6140b7bf98e3,208.060,656.356
data-analyst-1786003950-06f02a457b37,208.104,208.104
deep-researcher-1786004030-4599a040a2c4,208.204,640.770
wide-researcher-1786004030-98c473fac8d3,208.271,657.085
reviewer-1786004030-e1e830227aae,208.345,665.933
data-analyst-1786003955-e6b56ece6464,208.418,288.052
data-analyst-1786003977-f80b6694e821,208.432,208.433
data-analyst-1786004030-3126c1276dd4,208.441,538.666
deep-researcher-1786004030-3c86c3d49450,208.566,302.946
wide-researcher-1786004030-b807c9840e37,208.604,362.488
data-analyst-1786003963-d6d88948fa3f,208.729,208.730
data-analyst-1786003979-6cbe59592b6c,208.745,208.747
reviewer-1786004030-266983845970,208.755,658.120
data-analyst-1786004030-8157e61b356e,208.794,531.653
deep-researcher-1786004030-521cffbdc8d2,208.826,427.219
wide-researcher-1786004030-299b1e4c9ada,208.864,408.936
reviewer-1786004030-6bff688fd56c,208.917,548.598
data-analyst-1786003980-d696e79593c2,208.918,208.922
data-analyst-1786004030-2c11e434e412,208.993,677.835
deep-researcher-1786004031-28d5fe1cc090,209.019,312.861
wide-researcher-1786004031-2360af1dce31,209.055,431.432
reviewer-1786004031-7e12e17c1865,209.130,661.987
data-analyst-1786004031-d9f5c0b7b347,209.181,535.475
data-analyst-1786003959-8463c515cf2f,209.236,209.237
data-analyst-1786003980-039f9aefef6d,209.292,209.292
deep-researcher-1786004031-ea700eedea50,209.344,522.385
data-analyst-1786003977-d421cef6038a,209.368,209.368
wide-researcher-1786004031-ad0bc6a4eecf,209.380,649.248
reviewer-1786004031-3b9ca75d519c,209.526,682.803
data-analyst-1786004031-c2eb4616f3e7,209.572,668.609
data-analyst-1786003985-5c167be457c7,209.647,291.689
data-analyst-1786003985-5496742bfc1d,209.660,298.333
data-analyst-1786003985-b154b798d8ce,209.672,291.999
data-analyst-1786003976-9bb0f22005f9,209.697,291.248
deep-researcher-1786004031-cb04171b1731,209.718,657.536
wide-researcher-1786004031-d6f717acb938,209.782,398.385
reviewer-1786004031-890d24f4c492,209.856,677.686
data-analyst-1786004031-11ed7bf17d85,209.942,459.466
deep-researcher-1786004031-f5b1950ddb87,209.960,472.184
wide-researcher-1786004031-f682131a635f,210.071,660.041
reviewer-1786004032-122fb7a0a942,210.105,665.981
data-analyst-1786003933-52b7e84606b7,210.127,210.128
data-analyst-1786004032-3d27ff05c4e8,210.302,521.735
deep-researcher-1786004032-bd92dca26c2a,210.319,367.567
wide-researcher-1786004032-486fa040a8c5,210.348,658.546
reviewer-1786004032-e20ef012ac00,210.373,693.832
data-analyst-1786004032-8e311e172a25,210.414,667.497
deep-researcher-1786004032-e57a01f38cb3,210.440,654.198
data-analyst-1786003984-e184ab8078fd,210.472,285.811
wide-researcher-1786004032-58e7aacc3ba9,210.501,332.572
data-analyst-1786003960-6550cc672285,210.519,284.786
reviewer-1786004032-9e9c33e74950,210.549,687.523
data-analyst-1786004032-177830ad648c,210.639,660.972
data-analyst-1786003984-ad773f4dd556,210.665,290.972
deep-researcher-1786004032-a1f0abf0e47a,210.682,692.519
wide-researcher-1786004032-2aaf9b3f2c20,210.727,306.337
reviewer-1786004032-db62eea505d2,210.847,635.881
data-analyst-1786004032-dff947576fd2,210.900,533.011
data-analyst-1786003984-4dfe9eaab257,210.971,290.261
deep-researcher-1786004032-37b3a720bc77,210.976,493.870
wide-researcher-1786004032-a0ad251b5dac,211.050,673.750
reviewer-1786004033-431ed5fcd933,211.086,684.588
data-analyst-1786004033-3f1c597a8ac0,211.140,694.529
deep-researcher-1786004033-3916306bf805,211.197,320.124
wide-researcher-1786004033-40976603e53f,211.223,648.627
reviewer-1786004033-3323cd81be61,211.292,539.379
data-analyst-1786003984-261a328f93cc,211.345,286.485
data-analyst-1786004033-1a3d74f99052,211.369,637.064
deep-researcher-1786004033-9c9c70223e25,211.451,637.224
wide-researcher-1786004033-352aeed6c449,211.470,321.712
data-analyst-1786003938-a00be11d7ce7,211.567,289.773
reviewer-1786004033-8374b13c3b1d,211.629,661.030
data-analyst-1786004033-8763c481636e,211.734,674.425
deep-researcher-1786004033-795ce345fb3a,211.775,662.131
wide-researcher-1786004033-fb2538e9f044,211.812,378.501
reviewer-1786004033-b48963176a7d,211.829,683.972
data-analyst-1786004033-97df33df8cec,211.868,607.225
deep-researcher-1786004033-861c3e70f047,211.895,404.872
wide-researcher-1786004033-54cc5eb261fc,211.921,547.251
reviewer-1786004034-1477e3952b76,211.957,643.930
data-analyst-1786004034-e107632ce98f,212.042,641.040
data-analyst-1786003957-7ebcfa3e6add,212.069,288.213
deep-researcher-1786004034-827f72ff73b8,212.073,400.989
data-analyst-1786003957-21eb41d21828,212.085,287.606
wide-researcher-1786004034-4b5391d2291b,212.154,523.895
reviewer-1786004034-bb7f48ae78b7,212.184,668.325
data-analyst-1786004034-10c2b2f21f0b,212.247,682.652
data-analyst-1786003987-727e426cf950,212.296,293.554
deep-researcher-1786004034-6d9d8d7b015d,212.347,297.839
wide-researcher-1786004034-0b50027c437a,212.368,473.475
reviewer-1786004034-3e94fcbdf7e5,212.407,639.986
data-analyst-1786004034-eaaef7d147a1,212.538,657.810
deep-researcher-1786004034-140dfc19294d,212.710,382.134
wide-researcher-1786004034-cafb5e317007,212.737,644.071
reviewer-1786004034-10b8b9ec08af,212.798,671.947
data-analyst-1786003978-ab526f859ff3,212.811,291.444
data-analyst-1786004034-73ee217657e1,212.876,538.425
deep-researcher-1786004034-54d6b70d3261,212.965,302.995
wide-researcher-1786004034-ab04317273d3,212.991,301.941
reviewer-1786004035-24f4326ba194,213.038,636.329
data-analyst-1786004035-c505a89bf02c,213.123,692.177
deep-researcher-1786004035-04510e48d5a8,213.152,642.138
wide-researcher-1786004035-3a4e38b87f33,213.240,395.921
reviewer-1786004035-f07a779ca77e,213.281,553.188
data-analyst-1786004035-8839af15227e,213.337,631.344
deep-researcher-1786004035-f84e7c1bccd3,213.355,413.486
wide-researcher-1786004035-28c44d646867,213.402,311.901
reviewer-1786004035-c16f494d1c22,213.466,636.543
data-analyst-1786004035-dcfb705d9f47,213.568,673.876
data-analyst-1786003961-92229b6ef81c,213.609,286.801
data-analyst-1786003971-f98a6e9f814d,213.658,293.585
deep-researcher-1786004035-cb15b855c167,213.658,667.670
wide-researcher-1786004035-2f79ebe8f294,213.700,312.846
reviewer-1786004035-06993cbf1c21,213.745,677.667
data-analyst-1786004035-4a3590f26d90,213.858,542.975
deep-researcher-1786004035-9b7238934d80,213.876,527.671
wide-researcher-1786004035-6a57b362c282,213.907,524.792
reviewer-1786004035-4caea1360fc0,213.925,687.507
data-analyst-1786004036-bdba5a8ea240,214.050,528.519
data-analyst-1786003955-b96ec27af508,214.109,214.109
deep-researcher-1786004036-7f47534b3141,214.132,544.436
wide-researcher-1786004036-067e462933ec,214.221,409.953
data-analyst-1786003986-421f3b312876,214.282,293.334
reviewer-1786004036-9965a06e3b76,214.387,637.769
data-analyst-1786004036-ba4ddbf00c89,214.482,658.869
deep-researcher-1786004036-0af58e121e1e,214.500,522.950
data-analyst-1786003979-810fd63772b8,214.530,286.693
wide-researcher-1786004036-fae9e199f341,214.559,419.188
reviewer-1786004036-ed508a79cda4,214.601,667.191
data-analyst-1786004036-b9522ed0eeb0,214.640,691.211
deep-researcher-1786004036-ca7a573b2bed,214.672,648.872
data-analyst-1786003978-0cd3d2f8a77d,214.748,287.237
wide-researcher-1786004036-070fdddf8705,214.805,407.119
data-analyst-1786003977-5f76b2b77d32,214.815,283.388
reviewer-1786004036-6143a92f7e3e,214.832,648.263
data-analyst-1786004036-8f0f298bc640,214.913,700.181
deep-researcher-1786004036-d4ee78d0af1b,214.949,672.455
wide-researcher-1786004036-8a1f2606eb6b,214.974,407.560
reviewer-1786004037-1815356e94e0,214.991,675.470
data-analyst-1786004037-4e97c1163fdf,215.094,603.198
data-analyst-1786003987-4ba0f14f19c8,215.158,284.042
deep-researcher-1786004037-6ec2f5f7c28b,215.170,634.957
data-analyst-1786003983-500e8aa6f12f,215.196,293.839
wide-researcher-1786004037-33ca656d232e,215.205,678.755
reviewer-1786004037-b29687997767,215.260,629.866
data-analyst-1786004037-a47d21c2a0ee,215.367,691.645
deep-researcher-1786004037-a243e6020855,215.396,525.146
wide-researcher-1786004037-13e426bf3ac9,215.435,320.742
reviewer-1786004037-3982adee99e2,215.552,664.234
data-analyst-1786004037-6e2878459df8,215.738,650.965
deep-researcher-1786004037-4f26458afb74,215.823,327.699
data-analyst-1786003959-90ba1b7e8703,215.892,288.608
wide-researcher-1786004037-af52e63f8650,215.916,404.444
reviewer-1786004037-bc572091953a,215.990,565.786
data-analyst-1786004037-e3794a037d8f,216.049,559.760
deep-researcher-1786004038-ba24fcf33eac,216.067,656.403
wide-researcher-1786004038-5544d716327b,216.111,406.384
data-analyst-1786003974-3718205d8edf,216.143,216.143
reviewer-1786004038-3ebb19f94434,216.180,691.817
data-analyst-1786004038-39719ecec126,216.264,670.414
deep-researcher-1786004038-f7ab7147a00a,216.315,671.932
wide-researcher-1786004038-4d19cf2174c7,216.363,545.374
reviewer-1786004038-5ee3be0cb652,216.383,647.466
data-analyst-1786004038-fdf2ede20cbb,216.459,685.226
deep-researcher-1786004038-147c2e1475e2,216.495,524.752
data-analyst-1786003955-f1ed41f83a0c,216.499,216.500
wide-researcher-1786004038-b1b727da4553,216.512,541.804
reviewer-1786004038-2237383879a7,216.568,647.367
data-analyst-1786004038-e3c7b06bd030,216.718,666.184
data-analyst-1786003980-c5cec4fa74e5,216.737,216.737
deep-researcher-1786004038-cc1cc90c5c1b,216.780,419.220
wide-researcher-1786004038-b0719bf41c07,216.881,545.701
reviewer-1786004038-b76847b36021,216.911,683.787
data-analyst-1786003985-e9ac721cc7cd,216.999,292.579
data-analyst-1786004038-9a21d0450507,217.009,655.654
data-analyst-1786003984-6a43f3c15b7b,217.023,217.024
deep-researcher-1786004038-7611bd958629,217.068,640.802
wide-researcher-1786004039-4a4e956a000b,217.129,537.138
reviewer-1786004039-083c306cb5df,217.244,651.325
data-analyst-1786004039-85f21c880e68,217.336,476.871
deep-researcher-1786004039-12715d7f6218,217.375,682.883
wide-researcher-1786004039-7447746eb2f0,217.417,647.932
reviewer-1786004039-149081e18105,217.495,656.168
data-analyst-1786004039-a7004965016e,217.567,513.622
deep-researcher-1786004039-d33de6f19528,217.588,410.678
wide-researcher-1786004039-76beb5e397dc,217.618,420.322
data-analyst-1786003979-1d1950b67724,217.632,292.217
reviewer-1786004039-5150b679ea74,217.690,674.798
data-analyst-1786004039-902703a32e89,217.806,547.206
deep-researcher-1786004039-40f510326eab,217.874,670.766
wide-researcher-1786004039-804cac2a1bf6,217.903,408.202
reviewer-1786004039-16ea26f3958c,217.973,523.928
data-analyst-1786004039-8880ce00a56e,218.016,676.821
deep-researcher-1786004040-737e41334c59,218.036,455.039
wide-researcher-1786004040-0716a84f049d,218.075,451.630
reviewer-1786004040-1ae3c83e00d6,218.115,629.139
data-analyst-1786004040-67eb9fbedd70,218.190,596.955
deep-researcher-1786004040-3f181771171b,218.230,405.357
wide-researcher-1786004040-687d275007f1,218.275,422.685
reviewer-1786004040-a9c4f8e32b83,218.294,667.079
data-analyst-1786004040-6a0bad17dad4,218.438,679.674
deep-researcher-1786004040-2b1920d72355,218.467,675.679
wide-researcher-1786004040-1b7350d26534,218.523,531.831
reviewer-1786004040-f7000fb39d4b,218.578,673.176
data-analyst-1786004040-c515296d9eb3,218.648,634.776
deep-researcher-1786004040-ddd312ec6f68,218.748,627.790
wide-researcher-1786004040-8ccc3807a656,218.776,412.625
reviewer-1786004040-ab1ebb6ac815,218.834,547.430
data-analyst-1786003978-69ba8760c04d,218.889,288.874
data-analyst-1786004040-c2eefd9f528d,218.897,556.506
deep-researcher-1786004040-1b1a44d7d33f,218.935,665.011
wide-researcher-1786004040-74fecabbdfeb,219.010,538.059
reviewer-1786004041-3524fbdbe980,219.028,699.727
data-analyst-1786004041-981b5a06ba11,219.098,677.365
deep-researcher-1786004041-9278c9c00dd6,219.129,545.546
wide-researcher-1786004041-2db538fd1831,219.201,543.291
data-analyst-1786003990-48171eac14eb,219.230,319.639
data-analyst-1786003990-64280bd1fdfb,219.244,296.285
reviewer-1786004041-7f3072614ac3,219.391,664.947
data-analyst-1786004041-ea703eec663b,219.442,634.758
deep-researcher-1786004041-8ad69cc3ff53,219.491,675.406
wide-researcher-1786004041-f421c45f0eaa,219.537,639.939
reviewer-1786004041-6aef844a359e,219.594,693.227
data-analyst-1786003990-88dfd0249934,219.616,284.926
data-analyst-1786003990-9c9dd767a469,219.628,286.240
data-analyst-1786003980-0a2f20095f12,219.740,219.740
data-analyst-1786003946-f35bde571178,219.783,219.783
data-analyst-1786004041-256f54fe8b4e,219.787,628.874
deep-researcher-1786004041-194fc9cdba2a,219.805,495.528
wide-researcher-1786004041-9edaf5e5a71d,219.822,629.444
data-analyst-1786003987-025a869863b0,219.850,219.851
reviewer-1786004041-203cbf8713e9,219.929,664.737
data-analyst-1786003956-2f6e76d0b249,219.971,219.971
data-analyst-1786004041-b918b9c95c70,219.990,543.618
deep-researcher-1786004041-9193f2eb8d56,220.029,692.073
data-analyst-1786003990-a304a0d2a235,220.045,295.812
wide-researcher-1786004042-90c213a3653e,220.096,413.433
data-analyst-1786003983-0bcd1f8b1242,220.159,220.159
reviewer-1786004042-4865b1580518,220.257,682.370
data-analyst-1786004042-8fe935561384,220.342,667.268
data-analyst-1786003961-a062d19ab073,220.365,220.366
deep-researcher-1786004042-2962873db328,220.392,398.681
data-analyst-1786003973-5eba27473b89,220.412,220.414
wide-researcher-1786004042-ba50bf5aa357,220.448,530.450
reviewer-1786004042-d45e656eed31,220.509,561.637
data-analyst-1786004042-b403cbd42c85,220.553,524.967
deep-researcher-1786004042-2d47f6f4ccca,220.591,427.008
wide-researcher-1786004042-62022cc81ef4,220.619,630.787
reviewer-1786004042-02a2eadbd4fc,220.711,643.652
data-analyst-1786004042-3d9152555986,220.914,630.331
deep-researcher-1786004042-8cf2d8491aab,220.990,628.207
wide-researcher-1786004042-c4d8344c5e8d,221.037,411.488
reviewer-1786004042-6d9c03d7e9dd,221.093,690.818
data-analyst-1786003961-748e2a4df1f6,221.129,291.081
data-analyst-1786003961-856180447f01,221.142,293.132
data-analyst-1786004043-7c41b0a678d3,221.249,691.995
deep-researcher-1786004043-58b913ac037c,221.298,410.430
wide-researcher-1786004043-ae4915127b77,221.316,429.688
reviewer-1786004043-58be88a80768,221.334,668.357
data-analyst-1786003991-5a25f8210d31,221.362,285.015
data-analyst-1786003991-277bfe27aae3,221.375,301.503
data-analyst-1786003991-a904606f3944,221.389,288.455
data-analyst-1786004043-1aefa0cf11bc,221.447,458.434
deep-researcher-1786004043-6e710660a6ee,221.488,559.179
wide-researcher-1786004043-63c6419752dc,221.593,668.449
reviewer-1786004043-54189b45166d,221.615,681.380
data-analyst-1786004043-08c8be1f0e30,221.677,641.458
deep-researcher-1786004043-c17138d93cf4,221.732,681.616
data-analyst-1786003972-7e3b29a0e7a2,221.858,286.679
wide-researcher-1786004043-642fccd6c2c6,221.874,408.674
data-analyst-1786003957-344037be5a10,221.878,284.861
reviewer-1786004043-a0a667eb4d49,221.924,688.655
data-analyst-1786004043-3643f485f614,222.023,684.346
deep-researcher-1786004043-564656a1c996,222.061,479.260
wide-researcher-1786004044-9e087fa73e61,222.102,346.574
reviewer-1786004044-7c3d52c7cb0f,222.217,669.251
data-analyst-1786004044-4920d6c96640,222.299,531.435
deep-researcher-1786004044-cd9f8d6c6fac,222.337,522.220
data-analyst-1786003985-c1c7a1e6dc65,222.456,222.457
data-analyst-1786003991-abd01b84ff7f,222.491,289.281
data-analyst-1786003991-5092eb598359,222.504,285.618
wide-researcher-1786004044-ea179801ff3c,222.512,404.964
data-analyst-1786003991-539dae7369ee,222.521,400.118
reviewer-1786004044-da97b099c4c4,222.550,662.596
data-analyst-1786004044-69b99390e081,222.616,475.008
deep-researcher-1786004044-128c6ebc9222,222.765,405.651
wide-researcher-1786004044-db6a762aa479,222.798,628.175
data-analyst-1786003935-b75e060f945d,222.819,222.820
reviewer-1786004044-249bf8aa7a26,222.837,633.821
data-analyst-1786003987-cd708d470967,222.838,222.838
data-analyst-1786004044-b29c236b36eb,222.950,681.201
data-analyst-1786003974-bb8c34b4cb63,222.974,222.975
data-analyst-1786003978-234c254fd6e4,222.989,222.989
deep-researcher-1786004044-1d74e9c45b79,222.997,587.316
wide-researcher-1786004044-4669ffc46f19,223.052,521.783
reviewer-1786004045-ceac66113d99,223.111,669.813
data-analyst-1786004045-02806393d49d,223.187,674.861
deep-researcher-1786004045-1fecdbcd014a,223.279,523.629
wide-researcher-1786004045-41ec6542c70f,223.360,662.610
reviewer-1786004045-4febc1e52fd2,223.378,666.519
data-analyst-1786004045-f7cac8c8f043,223.428,436.574
deep-researcher-1786004045-2f94da42b3d4,223.507,403.839
wide-researcher-1786004045-d6d669ea1e40,223.535,424.724
reviewer-1786004045-33087a50c704,223.562,548.773
data-analyst-1786004045-3633c9d8f6b0,223.603,689.200
data-analyst-1786003953-7934bcc049e5,223.661,411.837
data-analyst-1786003938-669c1f370bf0,223.675,296.965
deep-researcher-1786004045-5479a22175d8,223.743,681.967
wide-researcher-1786004045-5430076201c0,223.808,499.196
reviewer-1786004045-2cb1529548df,223.848,655.397
data-analyst-1786003967-07e2f115a46e,223.853,223.854
data-analyst-1786004045-9228d546ce7c,223.971,551.565
deep-researcher-1786004045-8c6c9645e4aa,224.007,533.070
wide-researcher-1786004045-99659cbee4cd,224.057,545.237
reviewer-1786004046-1c4380b49cb9,224.114,668.094
data-analyst-1786004046-6ca2bc6d1d83,224.238,640.366
deep-researcher-1786004046-15b7cd52a7da,224.309,413.662
wide-researcher-1786004046-5fb6fd5c26a6,224.471,540.476
reviewer-1786004046-933756c09342,224.520,680.128
data-analyst-1786004046-af68dae25671,224.564,660.591
data-analyst-1786003992-9554033233a4,224.579,288.411
data-analyst-1786003992-95ab8b2086e5,224.592,284.507
data-analyst-1786003983-64a4cdd868d3,224.605,224.605
deep-researcher-1786004046-e7365f846ffb,224.618,647.755
wide-researcher-1786004046-24ec4c9c6740,224.636,676.900
reviewer-1786004046-e646b7cc6ae2,224.698,650.806
data-analyst-1786004046-a759889ad567,224.757,591.181
deep-researcher-1786004046-82190a8ee641,224.788,404.396
wide-researcher-1786004046-5654ff4b1da0,224.841,668.756
reviewer-1786004046-3c52eb8b60ec,224.871,676.026
data-analyst-1786003988-6d9bcaa1ed34,224.929,224.929
data-analyst-1786003987-08e263cfe765,224.960,224.960
data-analyst-1786004046-2088cce18f41,225.016,525.174
deep-researcher-1786004046-ecceac43bb73,225.057,451.929
wide-researcher-1786004047-495c628e72b9,225.087,639.907
reviewer-1786004047-7c63b937e9fc,225.125,682.221
data-analyst-1786003992-635dbc805636,225.229,286.976
data-analyst-1786004047-77793d4b5b1f,225.234,635.845
data-analyst-1786003992-a4d8f3d0185b,225.248,389.776
deep-researcher-1786004047-5bb228fbe43c,225.262,455.024
wide-researcher-1786004047-ec763029ed25,225.327,375.451
reviewer-1786004047-7f75c55a2e69,225.354,680.357
data-analyst-1786004047-c0c02a02ad6c,225.432,691.078
deep-researcher-1786004047-2a6c6d0052d3,225.521,597.723
wide-researcher-1786004047-36accc55d955,225.569,426.084
reviewer-1786004047-50a29e7e8543,225.587,689.047
data-analyst-1786004047-7476039f2095,225.788,487.826
data-analyst-1786003963-37a53c7cdcae,225.921,285.296
data-analyst-1786003959-889066abba52,225.950,295.237
deep-researcher-1786004047-713fc93214ce,225.986,443.856
wide-researcher-1786004047-f2b047458e9e,226.014,633.582
data-analyst-1786003988-4f0dc8106bc7,226.031,226.032
reviewer-1786004047-ccfde9a3306e,226.073,687.187
data-analyst-1786004047-1ab884c85a20,226.144,671.338
deep-researcher-1786004048-538c9d42151b,226.212,495.038
data-analyst-1786003978-2bc7fbc12357,226.223,226.223
wide-researcher-1786004048-822bed643f82,226.386,547.081
reviewer-1786004048-6680fdcedd7e,226.448,683.770
data-analyst-1786003959-548bf94153ad,226.555,283.402
data-analyst-1786004048-c50c38cdace9,226.559,436.938
deep-researcher-1786004048-1b01db4c1ef9,226.590,414.720
wide-researcher-1786004048-053bdb5d28f5,226.608,525.077
reviewer-1786004048-3539ecaf63eb,226.648,693.897
data-analyst-1786004048-2afee140df7c,226.689,689.318
deep-researcher-1786004048-9612b6f287d4,226.745,640.442
wide-researcher-1786004048-2acce095b88f,226.831,638.949
reviewer-1786004048-a362204ee765,226.869,685.429
data-analyst-1786004048-a5b93bfaf274,227.028,553.770
deep-researcher-1786004048-599689c3bf69,227.054,414.785
data-analyst-1786003988-ccd119d1b07f,227.076,298.450
wide-researcher-1786004049-7a65fece0b16,227.086,594.635
reviewer-1786004049-18897082a7ac,227.103,535.090
data-analyst-1786004049-bc267063c79e,227.143,644.630
deep-researcher-1786004049-8aac87c8c410,227.258,693.358
wide-researcher-1786004049-26c4836c8eda,227.307,632.026
reviewer-1786004049-58d363703de7,227.455,633.932
data-analyst-1786004049-955631e12ace,227.498,690.301
deep-researcher-1786004049-a2adbeeaa3bb,227.525,400.811
wide-researcher-1786004049-3c5fbe7367ce,227.588,645.570
reviewer-1786004049-fe8e77925316,227.637,677.727
data-analyst-1786004049-cb8629054272,227.899,656.555
deep-researcher-1786004049-0f42d9ae7fa8,227.961,416.898
wide-researcher-1786004049-c19b38ccbb30,227.979,495.117
data-analyst-1786003984-8edb191f02fa,228.018,228.019
data-analyst-1786003970-e1dbd5bc2854,228.033,228.034
reviewer-1786004049-8ac87b8e5669,228.037,673.624
data-analyst-1786004050-0aad7167d8d6,228.098,657.955
deep-researcher-1786004050-e5aa3f375e15,228.117,401.405
wide-researcher-1786004050-6b3857abd27d,228.144,677.248
data-analyst-1786003984-32c028bb50aa,228.163,228.164
data-analyst-1786003983-e430f365c9c9,228.177,228.177
reviewer-1786004050-bf42b63a84b3,228.202,648.362
data-analyst-1786004050-5d662c0488e9,228.259,645.040
deep-researcher-1786004050-0c6ce401368e,228.349,349.086
wide-researcher-1786004050-66caea8d3dfe,228.378,434.169
data-analyst-1786003941-d6616c9b2d0e,228.389,228.389
data-analyst-1786003993-23d18df9f9f9,228.450,293.048
data-analyst-1786003993-7c4cc7324441,228.463,284.268
reviewer-1786004050-8af5c71e9143,228.577,687.786
data-analyst-1786004050-caab2820c4bc,228.612,423.162
deep-researcher-1786004050-7f6ed260969f,228.629,526.635
wide-researcher-1786004050-1c1b0e7516b4,228.816,425.526
reviewer-1786004050-ccc316846fa0,228.870,683.899
data-analyst-1786004050-ec3e0b4273e9,228.976,690.349
deep-researcher-1786004050-888f9eb42582,229.109,656.652
wide-researcher-1786004051-be3019d1d234,229.144,666.651
data-analyst-1786003964-02bc1909e36f,229.209,295.756
data-analyst-1786003964-b021048623b0,229.223,296.637
reviewer-1786004051-a53a839a49fb,229.228,678.260
data-analyst-1786004051-a90ef7e0daf6,229.296,660.257
deep-researcher-1786004051-2ffc80869308,229.412,470.685
wide-researcher-1786004051-631734b40b98,229.469,669.480
reviewer-1786004051-f9d2718da45a,229.547,594.908
data-analyst-1786004051-54c13fe987fd,229.628,527.349
deep-researcher-1786004051-cc825eac0d12,229.719,408.217
wide-researcher-1786004051-ffaa6419d4f7,229.874,504.179
reviewer-1786004051-34826c265fb5,229.918,638.787
data-analyst-1786004051-18e04885268d,229.978,528.123
deep-researcher-1786004051-ca4eb8431be1,230.089,324.352
wide-researcher-1786004052-e1f30ecff85c,230.117,416.660
reviewer-1786004052-a78ab959e40d,230.146,590.878
data-analyst-1786004052-cc3083be2d08,230.294,642.184
deep-researcher-1786004052-cb1428e44003,230.379,478.215
wide-researcher-1786004052-763ae38ac7cd,230.480,652.636
reviewer-1786004052-845362ca9dc7,230.550,647.294
data-analyst-1786004052-d5d26a30c7be,230.630,687.414
deep-researcher-1786004052-8aaf38be7399,230.746,430.908
wide-researcher-1786004052-acc317a7d476,230.879,428.518
reviewer-1786004052-a3e63be7fd21,230.920,676.390
data-analyst-1786004052-950ab85ceddd,230.985,651.638
deep-researcher-1786004052-538ba8a4c61d,231.072,451.422
wide-researcher-1786004053-63c172f163a3,231.126,400.525
reviewer-1786004053-fd22982923c1,231.155,658.854
data-analyst-1786004053-255061f3514d,231.239,654.369
data-analyst-1786003994-892a4ad20024,231.267,292.231
deep-researcher-1786004053-64a1cfebe36f,231.279,548.074
data-analyst-1786003994-1b25d5dcf291,231.305,300.613
data-analyst-1786003994-502cee4867cd,231.343,294.585
wide-researcher-1786004053-f567aa0c1015,231.368,514.633
data-analyst-1786003952-610ed52da6fb,231.397,284.834
reviewer-1786004053-e72fbe2a6327,231.436,685.447
data-analyst-1786004053-6ea2fc80557f,231.488,663.988
deep-researcher-1786004053-d3737b4167a0,231.607,420.710
wide-researcher-1786004053-573c2679d669,231.648,405.797
reviewer-1786004053-3a8902317f5a,231.689,681.879
data-analyst-1786003967-18e81c4c7ff7,231.745,283.352
data-analyst-1786004053-078c92a2f0cf,231.790,672.193
deep-researcher-1786004053-7e38e0d77b8e,231.891,498.414
wide-researcher-1786004053-2de46f9a4a5a,232.003,523.480
reviewer-1786004053-ef3e4111a0c9,232.070,671.589
data-analyst-1786004054-578b17195ed7,232.187,692.905
deep-researcher-1786004054-7027e596124c,232.254,665.628
wide-researcher-1786004054-b2095bfad1f9,232.431,546.284
data-analyst-1786003977-e8c4fe7c4a58,232.472,232.473
reviewer-1786004054-6e21e5589d40,232.486,684.107
data-analyst-1786004054-395152aee57a,232.569,551.994
deep-researcher-1786004054-7da52dcea108,232.598,423.100
wide-researcher-1786004054-ed4919173f18,232.639,427.183
reviewer-1786004054-7a1e9f0b6d6a,232.682,674.281
data-analyst-1786004054-bda2ef11bbd7,232.750,604.721
deep-researcher-1786004054-9b08b81deebb,232.808,638.030
wide-researcher-1786004054-a7e97cc49c62,232.968,520.618
reviewer-1786004054-eba4f7a1f200,233.008,683.144
data-analyst-1786004054-84973cfedd60,233.117,532.865
deep-researcher-1786004055-4e10566904df,233.172,529.246
wide-researcher-1786004055-4e20f217589f,233.205,509.035
data-analyst-1786003992-ee4ef474eb10,233.280,285.741
reviewer-1786004055-5fa90a7e842d,233.412,655.239
data-analyst-1786004055-b0245ca88ccd,233.495,603.632
data-analyst-1786003994-05c9625e6275,233.495,304.542
data-analyst-1786003992-c05cb63f7295,233.559,303.192
deep-researcher-1786004055-09b01176a241,233.578,425.462
wide-researcher-1786004055-6abfb28a8621,233.687,402.242
reviewer-1786004055-28a34699032c,233.780,686.350
data-analyst-1786003992-4de79e815baa,233.848,292.827
data-analyst-1786004055-1a59ee42ad1a,233.927,671.973
data-analyst-1786003987-baa09c300648,233.936,233.936
deep-researcher-1786004055-340296ae116f,234.012,413.080
wide-researcher-1786004055-53bb99b9d205,234.096,403.899
reviewer-1786004055-f79cb5228781,234.176,674.524
data-analyst-1786004056-b62a2f8853bd,234.248,453.441
deep-researcher-1786004056-2a17132b3e46,234.321,536.013
wide-researcher-1786004056-3c052736b7f0,234.443,416.870
data-analyst-1786003992-9d11ee6b08df,234.513,292.564
reviewer-1786004056-0c658a207653,234.551,646.785
data-analyst-1786003990-684189d891e0,234.620,234.621
data-analyst-1786004056-e2d272f88fb0,234.661,644.230
deep-researcher-1786004056-53f838289171,234.704,674.346
wide-researcher-1786004056-07064dfc36da,234.868,502.726
reviewer-1786004056-8c85eca56836,234.914,643.702
data-analyst-1786004056-fc8f47d63ae4,235.012,657.340
deep-researcher-1786004056-60ca68a00f5a,235.077,526.036
wide-researcher-1786004057-31730051c286,235.156,584.908
reviewer-1786004057-b1ec228baa7e,235.220,661.839
data-analyst-1786004057-645a22832fd7,235.286,687.354
deep-researcher-1786004057-cbcac37db344,235.325,669.848
wide-researcher-1786004057-503b4e82afe5,235.413,633.126
reviewer-1786004057-c26fdf216182,235.532,635.344
data-analyst-1786004057-855c779570a2,235.610,689.379
deep-researcher-1786004057-4f274347420d,235.636,416.215
wide-researcher-1786004057-6ebc633aecd3,235.673,400.796
data-analyst-1786003955-7fe6b9174fa2,235.687,235.690
reviewer-1786004057-1770f06bbcea,235.701,670.274
data-analyst-1786004057-55c2ef93f9d8,235.813,644.249
deep-researcher-1786004057-920120cc3e10,235.838,520.644
wide-researcher-1786004057-7d9744a8b456,235.953,402.195
reviewer-1786004057-280ebc0cf970,235.978,693.535
data-analyst-1786004058-be0aa8d1308e,236.041,671.838
deep-researcher-1786004058-c653a1cc18cc,236.081,404.040
wide-researcher-1786004058-175c631612b0,236.145,645.160
reviewer-1786004058-26c32e0e408c,236.185,668.342
data-analyst-1786004058-e23a5a8a6c62,236.351,692.112
deep-researcher-1786004058-20f065b676c2,236.379,423.286
wide-researcher-1786004058-745cc115822f,236.434,408.043
reviewer-1786004058-2a723f486039,236.536,676.081
data-analyst-1786004058-9da00e704b05,236.676,681.397
deep-researcher-1786004058-854078551e30,236.744,403.297
wide-researcher-1786004058-6fee2f3f67dc,236.823,420.227
reviewer-1786004058-8e734e72c0eb,237.022,678.095
data-analyst-1786004058-4b6be3217e6a,237.116,523.106
deep-researcher-1786004058-0019c6148dfe,237.157,406.805
wide-researcher-1786004059-c0f1b2fd8a77,237.228,628.258
reviewer-1786004059-ec70e01b2c9d,237.279,678.145
data-analyst-1786004059-8abe8a2d1237,237.332,523.260
deep-researcher-1786004059-c42317182ef9,237.464,682.173
wide-researcher-1786004059-996ad6a11b18,237.491,533.538
reviewer-1786004059-2358441274c8,237.559,674.923
data-analyst-1786004059-32aefa8df0b9,237.684,661.450
deep-researcher-1786004059-2a8bf2245996,237.712,403.764
wide-researcher-1786004059-c0ff6614b7ea,237.873,419.040
reviewer-1786004059-3a07acddec77,237.954,669.348
data-analyst-1786004059-d7a52556629a,238.052,633.853
deep-researcher-1786004059-6facd2de3e27,238.070,693.600
wide-researcher-1786004060-861972aef632,238.099,654.864
reviewer-1786004060-50980e0d50bc,238.188,666.484
data-analyst-1786004060-78f824079845,238.262,659.289
data-analyst-1786003965-cbc07c7b4439,238.280,287.506
data-analyst-1786003965-11f65df1c36a,238.293,287.205
data-analyst-1786003982-e3a1777f5f9a,238.306,238.307
deep-researcher-1786004060-593d1a79bdd8,238.336,673.667
data-analyst-1786003993-e5640f2e95c9,238.479,289.617
wide-researcher-1786004060-1227bbb48118,238.521,427.435
data-analyst-1786003993-c9070c39df16,238.530,290.658
reviewer-1786004060-5a231e3d1624,238.548,657.458
data-analyst-1786004060-e87db07f6ab1,238.615,696.294
deep-researcher-1786004060-420907d30335,238.653,403.724
wide-researcher-1786004060-68ad9588d976,238.678,526.271
data-analyst-1786003993-ff2b15b53193,238.689,293.444
reviewer-1786004060-6497140b45bd,238.736,645.002
data-analyst-1786004060-9bab3b275150,238.790,479.230
deep-researcher-1786004060-e7e954c6ab8b,238.820,413.986
wide-researcher-1786004060-924999336615,238.856,489.272
reviewer-1786004060-450531e8b389,238.941,664.931
data-analyst-1786004060-f7ea5b5fdb97,239.015,654.487
deep-researcher-1786004061-51a199274248,239.032,413.580
wide-researcher-1786004061-5a7887f8247e,239.060,526.081
reviewer-1786004061-03bb6ad4bf63,239.078,700.038
data-analyst-1786003984-0f03a496b091,239.128,239.128
data-analyst-1786004061-5ce140926d5d,239.169,693.633
deep-researcher-1786004061-19074e9a6818,239.199,671.272
wide-researcher-1786004061-223bab8b0410,239.215,402.656
reviewer-1786004061-5710ceb17b62,239.233,659.555
data-analyst-1786004061-c63c84ae82f8,239.387,545.359
deep-researcher-1786004061-2cdebb249aaf,239.407,408.458
wide-researcher-1786004061-f3211ee90875,239.434,419.925
reviewer-1786004061-db588103eeee,239.474,675.803
data-analyst-1786004061-11ba4e41a1e3,239.561,642.568
deep-researcher-1786004061-43582faa0c52,239.577,686.834
wide-researcher-1786004061-60d6cd4bf439,239.669,467.339
reviewer-1786004061-1da28832919f,239.699,668.156
data-analyst-1786004061-68eea96e9044,239.852,650.886
deep-researcher-1786004061-8ab6a68280d4,239.956,522.715
wide-researcher-1786004061-e57d4028cf84,239.983,651.961
data-analyst-1786003995-5145d83e33d9,239.984,298.405
reviewer-1786004061-3a606f98b048,240.040,683.412
data-analyst-1786003986-fafd7b26b4eb,240.056,287.291
data-analyst-1786004062-bd664e829b11,240.151,680.164
deep-researcher-1786004062-c4e30c211bac,240.181,657.757
wide-researcher-1786004062-3066fcc60564,240.199,681.950
reviewer-1786004062-7e16d8e9882f,240.237,660.331
data-analyst-1786004062-2d72cdee8f20,240.285,613.177
deep-researcher-1786004062-3ecb8eef7863,240.317,425.849
wide-researcher-1786004062-ba8b4f8cef69,240.334,497.818
reviewer-1786004062-5c88062df47c,240.379,684.489
data-analyst-1786004062-fc4251f5a6d0,240.457,533.334
deep-researcher-1786004062-7ad87860ac0f,240.492,649.157
wide-researcher-1786004062-cd5f2a12736b,240.535,536.560
reviewer-1786004062-a2dc1c9958b1,240.594,688.126
data-analyst-1786004062-2403ce00ea51,240.694,677.402
data-analyst-1786003936-aa817087fd8c,240.723,398.646
deep-researcher-1786004062-b247a299f6c3,240.732,402.034
wide-researcher-1786004062-d0c1ad35de61,240.749,529.836
reviewer-1786004062-6cd547a2a141,240.898,668.927
data-analyst-1786004062-7111979bd465,240.930,529.682
deep-researcher-1786004062-fa2acbd6cccf,240.997,348.763
wide-researcher-1786004062-6faf8136664e,241.063,534.377
reviewer-1786004063-38588c727e77,241.086,670.905
data-analyst-1786004063-e77d6511892a,241.185,643.773
deep-researcher-1786004063-f76a306ecf70,241.214,526.286
wide-researcher-1786004063-d84ed753f2de,241.290,411.957
reviewer-1786004063-0ee0b8f4b465,241.329,631.788
data-analyst-1786004063-79d7cc39711e,241.471,680.063
data-analyst-1786003983-2d3d01c2166f,241.475,241.475
deep-researcher-1786004063-5cdd9497cc8b,241.545,479.276
wide-researcher-1786004063-47c338dbaf4f,241.562,386.426
reviewer-1786004063-2dcd86830253,241.637,661.634
data-analyst-1786003996-bce698efdeb2,241.645,286.400
data-analyst-1786004063-a2be404d0263,241.688,640.058
deep-researcher-1786004063-c01d861270ba,241.707,426.100
wide-researcher-1786004063-ec07c6d9b081,241.758,522.325
reviewer-1786004063-31f505160027,241.813,652.656
data-analyst-1786004063-0133bc2b2412,241.892,629.306
data-analyst-1786003993-a53c7fefd4f4,241.892,283.563
data-analyst-1786003985-ac00bfa8b914,241.953,241.953
deep-researcher-1786004063-680aff279639,241.965,556.960
wide-researcher-1786004063-8362e91a8173,242.002,597.739
data-analyst-1786003971-ae40a2980814,242.016,242.016
reviewer-1786004064-65e1d99540bf,242.028,665.289
data-analyst-1786004064-40ec0567d4c7,242.103,663.373
deep-researcher-1786004064-be7cb17d7f23,242.121,678.464
data-analyst-1786003985-434e06594b31,242.171,242.171
data-analyst-1786003984-c13d12d5b714,242.184,242.184
wide-researcher-1786004064-d5081c6e1618,242.188,426.039
reviewer-1786004064-ea83f41f538a,242.226,689.947
data-analyst-1786003996-30e1787d1725,242.306,289.165
data-analyst-1786003996-ad8f8e3cc508,242.318,288.424
data-analyst-1786003995-ed89a82840d9,242.331,291.458
data-analyst-1786003994-decf3a17a43d,242.348,288.716
data-analyst-1786004064-82de2124b170,242.390,681.217
deep-researcher-1786004064-7370a9c681a3,242.424,420.302
wide-researcher-1786004064-4f2ec8f66484,242.441,647.738
reviewer-1786004064-c7be28e9a1bc,242.513,683.373
data-analyst-1786004064-deddb7a1fb7b,242.566,527.008
deep-researcher-1786004064-e89d863c66e2,242.595,426.757
wide-researcher-1786004064-2d8861122cd4,242.613,415.056
reviewer-1786004064-a7ba38ea2cb5,242.695,683.004
data-analyst-1786004064-24aca6f229cf,242.838,588.995
deep-researcher-1786004064-fac43caaaf8f,242.854,424.554
data-analyst-1786003995-8bbf4657cf8a,242.948,288.279
wide-researcher-1786004064-87572ce10241,242.991,406.107
reviewer-1786004064-219a0cd952fa,243.046,651.357
data-analyst-1786004065-e4829ff6a357,243.079,532.951
deep-researcher-1786004065-1db5294971c3,243.160,532.837
wide-researcher-1786004065-8c3a869cb18a,243.191,528.777
reviewer-1786004065-e00ba33f1399,243.210,654.316
data-analyst-1786004065-bcba60895027,243.253,643.334
deep-researcher-1786004065-16afa42758b3,243.284,417.344
wide-researcher-1786004065-098cca57eec2,243.314,540.726
reviewer-1786004065-ea6426432bba,243.353,661.682
data-analyst-1786004065-4c81a5cfc5bb,243.469,660.526
deep-researcher-1786004065-263281365904,243.487,417.146
wide-researcher-1786004065-737cce234ee8,243.545,652.802
reviewer-1786004065-db77c88556d2,243.625,659.454
data-analyst-1786004065-50ffa1f83ed4,243.702,592.409
deep-researcher-1786004065-dfda7175aa15,243.720,415.121
wide-researcher-1786004065-8629498a6474,243.747,636.618
reviewer-1786004065-0c1a74cba161,243.775,692.331
data-analyst-1786003967-ea151ea8bbdb,243.823,292.055
data-analyst-1786004065-4f2d23569df0,243.915,604.593
deep-researcher-1786004065-03b36bcf7913,243.944,420.594
data-analyst-1786003997-8afc894663e3,244.021,289.691
wide-researcher-1786004065-bcc149c72391,244.030,389.269
data-analyst-1786003997-f23ede5e2907,244.038,309.673
data-analyst-1786003997-260f69ac21a0,244.052,294.528
data-analyst-1786003997-e4a68f0bcc06,244.066,398.750
reviewer-1786004065-d52ae8b6d3e0,244.079,693.583
data-analyst-1786003997-d3ec20626513,244.128,321.873
data-analyst-1786003997-e9b682c162ec,244.141,288.469
data-analyst-1786004066-de4e7bb3459f,244.207,542.317
data-analyst-1786003994-687c79c18ebc,244.301,414.124
deep-researcher-1786004066-5e35f9711c3e,244.310,459.423
data-analyst-1786003993-c4e99a3ebb15,244.323,283.456
wide-researcher-1786004066-0edb0c3ea6d0,244.360,491.794
reviewer-1786004066-785a032de0d1,244.497,690.198
data-analyst-1786004066-b6efd7dfa798,244.573,555.374
deep-researcher-1786004066-051411134404,244.591,414.323
wide-researcher-1786004066-568e63690046,244.656,529.500
reviewer-1786004066-452eb09fbd9d,244.674,664.549
data-analyst-1786004066-a4760329faef,244.730,673.098
data-analyst-1786003953-c54ff912aafd,244.758,288.341
deep-researcher-1786004066-c4993242e499,244.770,422.497
wide-researcher-1786004066-22c8f88ff78d,244.789,687.974
reviewer-1786004066-20668d74ae9a,244.983,672.257
data-analyst-1786003995-4137ee19d921,245.024,284.102
data-analyst-1786003978-25ed044cb082,245.044,245.045
data-analyst-1786004066-29fcb4b5ed49,245.054,552.310
deep-researcher-1786004066-4e9b47100833,245.123,532.029
wide-researcher-1786004066-57c9d09e1f21,245.153,672.019
reviewer-1786004067-cf2077fb3f3b,245.208,693.423
data-analyst-1786003997-a62cc2a840e8,245.254,286.368
data-analyst-1786004067-e0042dccaa6c,245.258,542.773
data-analyst-1786003997-a69c70711f2c,245.272,298.209
deep-researcher-1786004067-bdb76e3ddc4b,245.277,682.017
data-analyst-1786003971-26d82df434ca,245.289,245.289
wide-researcher-1786004067-d3aede4dedb8,245.406,653.213
reviewer-1786004067-ec6bfea81b03,245.435,648.215
data-analyst-1786004067-f7a376f25a1b,245.511,672.306
deep-researcher-1786004067-c2f536b8dd1c,245.542,658.999
wide-researcher-1786004067-b5bf2c11b1c4,245.595,540.211
reviewer-1786004067-f38dc434c27b,245.612,545.607
data-analyst-1786004067-c794056ecb52,245.760,686.318
deep-researcher-1786004067-c655b910517b,245.868,634.300
wide-researcher-1786004067-8706b602fd1c,245.904,413.162
reviewer-1786004067-deb6b108bdfd,246.006,636.636
data-analyst-1786004067-5db5dde4e110,246.089,646.597
deep-researcher-1786004068-fb5e283dc19e,246.172,400.210
wide-researcher-1786004068-5d996f997308,246.191,430.710
reviewer-1786004068-11cc13f2ece3,246.226,672.177
data-analyst-1786004068-2f2c45660622,246.275,540.101
deep-researcher-1786004068-1b404b3b9f80,246.292,491.425
data-analyst-1786003935-cb0a25d1ada8,246.318,313.565
wide-researcher-1786004068-ac847b4d8dfb,246.369,677.173
reviewer-1786004068-5c3a829ef8b3,246.424,682.667
data-analyst-1786004068-1153441b528f,246.497,689.338
deep-researcher-1786004068-5161d13782d5,246.565,533.770
wide-researcher-1786004068-ccffb6e79b54,246.639,545.906
reviewer-1786004068-c09b6ae4d335,246.656,632.335
data-analyst-1786003998-e29169c09466,246.692,284.725
data-analyst-1786003998-f9a385cf1e15,246.705,286.039
data-analyst-1786004068-35c1530aad08,246.718,666.557
deep-researcher-1786004068-95d826e957ff,246.740,558.780
wide-researcher-1786004068-917b7320cb2d,246.768,478.868
reviewer-1786004068-20c161d936a8,246.803,657.996
data-analyst-1786004068-58d6962fb34a,246.947,590.226
deep-researcher-1786004068-7cefd83f97b6,247.031,520.378
wide-researcher-1786004068-0a947d87ef88,247.058,520.591
reviewer-1786004069-08b736b32d8a,247.119,658.371
data-analyst-1786003998-4e469ba126eb,247.177,287.049
data-analyst-1786003998-d1fdcaf1bbbe,247.191,289.247
data-analyst-1786003998-d2a2399c07f1,247.206,294.911
data-analyst-1786004069-5693c5c38a27,247.232,667.345
deep-researcher-1786004069-705dcd3a5f25,247.306,643.111
wide-researcher-1786004069-fda424a76d5e,247.371,536.925
reviewer-1786004069-3b3add659212,247.389,661.402
data-analyst-1786003995-2ffef1a4cb9f,247.401,283.371
data-analyst-1786003985-724b226ea9bd,247.420,247.421
data-analyst-1786003994-ab2cf6c35524,247.578,247.578
data-analyst-1786004069-512f94071f85,247.591,536.728
deep-researcher-1786004069-221345d3ca44,247.674,423.627
wide-researcher-1786004069-79475aef6aea,247.691,425.507
reviewer-1786004069-3b2ec8bceb8f,247.728,672.990
data-analyst-1786004069-f6dfd2561db7,247.783,688.878
deep-researcher-1786004069-6a8e545dc2f9,247.803,529.470
wide-researcher-1786004069-eb9d6e7ca227,247.821,548.192
reviewer-1786004069-a6361fe43a35,247.853,648.890
data-analyst-1786004069-c0224b896b20,247.939,555.482
deep-researcher-1786004069-310bd146dd62,248.007,544.586
wide-researcher-1786004070-cfdac389b8ad,248.054,410.770
reviewer-1786004070-15c1b6bd7c60,248.082,646.801
data-analyst-1786004070-03446fce8905,248.153,643.460
deep-researcher-1786004070-2156cda1834b,248.170,675.766
wide-researcher-1786004070-a37c027807f9,248.241,524.202
reviewer-1786004070-3f546a85db33,248.292,664.813
data-analyst-1786003998-0cea6b72f52a,248.320,287.363
data-analyst-1786004070-021f401c106e,248.325,647.647
data-analyst-1786003998-6a5c2e1aceb1,248.338,284.313
deep-researcher-1786004070-486fa15bd936,248.466,700.517
wide-researcher-1786004070-ebd55023aab9,248.484,648.667
reviewer-1786004070-199b3d0c6408,248.530,685.836
data-analyst-1786004070-019d97effc3a,248.571,630.130
deep-researcher-1786004070-0262cf112506,248.637,402.706
wide-researcher-1786004070-8b348480dc06,248.730,540.566
reviewer-1786004070-87d4545f1999,248.747,640.126
data-analyst-1786004070-7ec13c748e2e,248.815,673.356
deep-researcher-1786004070-bb7e415a7a1c,248.880,663.259
wide-researcher-1786004070-469a6ba53d69,248.908,677.155
reviewer-1786004070-eda634866718,249.110,688.277
data-analyst-1786004071-b92bd8997af8,249.203,642.931
deep-researcher-1786004071-ad60e58e6706,249.221,402.149
wide-researcher-1786004071-55a1b6faf3d8,249.249,612.875
reviewer-1786004071-8ba74b51ca6c,249.295,683.237
data-analyst-1786004071-015c8da43efa,249.329,681.123
deep-researcher-1786004071-367dacdfb1bb,249.368,628.419
wide-researcher-1786004071-fcd422290888,249.445,451.350
reviewer-1786004071-2d56c7f1dbee,249.514,689.979
data-analyst-1786004071-a7a2cc7edc58,249.567,652.576
deep-researcher-1786004071-f5cc82d29482,249.597,411.405
wide-researcher-1786004071-b5aa2c129330,249.645,679.451
data-analyst-1786003967-6819d4a259b5,249.673,355.496
reviewer-1786004071-7468bce66481,249.678,688.490
data-analyst-1786004071-6e6b2ed8c8c0,249.730,525.708
deep-researcher-1786004071-af431785d2ff,249.759,566.378
wide-researcher-1786004071-cc3dd97be17b,249.798,665.588
reviewer-1786004071-c24dfbfdebcd,249.827,649.025
data-analyst-1786004071-710cf16affaf,249.935,686.056
deep-researcher-1786004071-d1e6b5e0d69b,249.973,701.968
wide-researcher-1786004071-8b08309353ce,249.991,544.706
reviewer-1786004072-c174854eacfa,250.038,682.191
data-analyst-1786004072-abf890f2d341,250.157,681.632
deep-researcher-1786004072-f8a171a1ff0b,250.266,643.739
wide-researcher-1786004072-f4cc4f2c25f4,250.323,532.613
data-analyst-1786003999-61d6d2fcf41c,250.346,285.779
data-analyst-1786003999-28866fb72719,250.361,301.547
data-analyst-1786003999-bd48b76cc732,250.375,297.703
reviewer-1786004072-56baa621343b,250.388,528.764
data-analyst-1786004072-11965ecf8ed7,250.418,537.803
data-analyst-1786003996-05d0e7409b35,250.486,288.036
deep-researcher-1786004072-5670106abc7f,250.537,685.967
data-analyst-1786003993-d8e19c861b81,250.601,250.601
data-analyst-1786003987-313a478892ed,250.615,250.615
wide-researcher-1786004072-888b5bc9e07e,250.633,540.784
reviewer-1786004072-fd3b20505ac9,250.661,681.298
data-analyst-1786004072-40743785e5df,250.725,530.494
deep-researcher-1786004072-a08a03204e97,250.804,509.018
wide-researcher-1786004072-38649ca782c3,250.825,649.261
reviewer-1786004072-6678dee2333e,250.845,548.893
data-analyst-1786004072-6cea70819406,250.885,534.797
deep-researcher-1786004072-10a7357f35cd,250.962,493.697
wide-researcher-1786004073-a904ab399235,251.028,542.173
reviewer-1786004073-302a9edbf620,251.045,678.588
data-analyst-1786004073-a2cd885e07d1,251.160,662.293
deep-researcher-1786004073-cb1497f13e61,251.189,680.967
wide-researcher-1786004073-2007decb3582,251.274,407.427
reviewer-1786004073-d4ad28aaccd9,251.307,699.273
data-analyst-1786004073-cb2dcbc0cebc,251.349,604.355
deep-researcher-1786004073-31866317c262,251.447,411.661
wide-researcher-1786004073-707ef50642cf,251.474,529.214
reviewer-1786004073-c884da98214c,251.506,640.040
data-analyst-1786004073-14e0ac97c786,251.565,693.687
deep-researcher-1786004073-b8fc792a44cb,251.658,416.981
wide-researcher-1786004073-a8ba5b24bb5b,251.674,660.843
reviewer-1786004073-bf907b5c683a,251.743,693.706
data-analyst-1786003948-718b88f34667,251.806,251.806
data-analyst-1786004073-994dc5a1042c,251.904,636.046
deep-researcher-1786004073-7749a8bff9d5,251.932,540.596
data-analyst-1786003997-a9b5b5709082,251.983,287.476
data-analyst-1786003986-07e78c4df1e5,252.001,252.002
wide-researcher-1786004073-56c0df24fa01,252.051,406.122
data-analyst-1786003994-4b9552fafb73,252.059,252.060
data-analyst-1786003987-8fa08d86e079,252.073,252.074
reviewer-1786004073-218f5a45d8c5,252.142,677.600
data-analyst-1786004074-eeeb7e50eb49,252.182,544.791
deep-researcher-1786004074-a3d76e7dfd49,252.210,528.504
wide-researcher-1786004074-36ae41ea63c0,252.267,523.182
reviewer-1786004074-ef1bc43cb381,252.313,691.125
data-analyst-1786004074-e48f205e7d28,252.358,550.859
deep-researcher-1786004074-e5175be8617c,252.463,655.919
wide-researcher-1786004074-1ae797e7826c,252.570,421.802
reviewer-1786004074-612a3c5e85fd,252.617,657.647
data-analyst-1786004074-2d5e575b035b,252.698,688.798
deep-researcher-1786004074-8007b843bc11,252.763,412.258
wide-researcher-1786004074-165d3f545310,252.822,426.282
reviewer-1786004074-eb657d5d7fc2,252.860,640.328
data-analyst-1786004074-cbe6543544f9,252.962,605.543
deep-researcher-1786004074-fefb35d2c535,253.003,700.609
wide-researcher-1786004075-4f17180ab6d2,253.034,639.205
reviewer-1786004075-de3ee70f3cee,253.082,635.381
data-analyst-1786004075-36c0fa0f5ff2,253.168,642.606
deep-researcher-1786004075-922e165851eb,253.184,542.114
wide-researcher-1786004075-b3942e32e5d8,253.268,669.181
reviewer-1786004075-0e3cca4f8734,253.335,657.065
data-analyst-1786004075-9f3ac831b786,253.409,579.137
deep-researcher-1786004075-7fd3c57cbafb,253.449,540.925
wide-researcher-1786004075-1e5bccac3cf4,253.570,538.410
reviewer-1786004075-76cb4f974f27,253.636,689.885
data-analyst-1786003940-da9c655f42ca,253.669,298.962
data-analyst-1786004075-4eed838170dc,253.721,644.536
deep-researcher-1786004075-bf779edabd33,253.776,682.356
wide-researcher-1786004075-5ff6f0fb999d,253.846,643.618
reviewer-1786004075-115384b7a98a,253.863,641.377
data-analyst-1786004075-193d7514902f,253.912,688.913
deep-researcher-1786004075-2e6ca37760ab,253.973,528.708
wide-researcher-1786004076-3cc24823eab3,253.991,478.771
reviewer-1786004076-c281737366c3,254.047,680.745
data-analyst-1786004076-56eddad8e48e,254.088,646.913
deep-researcher-1786004076-66bee432883b,254.125,418.057
wide-researcher-1786004076-dd4df3f29a08,254.143,665.796
reviewer-1786004076-4ec2e7975260,254.180,635.696
data-analyst-1786004076-9acbdcb315f2,254.257,645.095
deep-researcher-1786004076-b6b8da2ae193,254.282,385.208
wide-researcher-1786004076-5610f7bd6d3e,254.326,498.527
reviewer-1786004076-8ad9ea5943fd,254.358,678.713
data-analyst-1786004076-b8ade8f3afa5,254.472,651.106
deep-researcher-1786004076-f20bc668e97e,254.544,402.687
wide-researcher-1786004076-8f55a70cc2f1,254.574,475.394
reviewer-1786004076-466e02961900,254.600,661.200
data-analyst-1786004076-986334edbf63,254.674,644.195
deep-researcher-1786004076-c32f006e9aae,254.693,520.817
wide-researcher-1786004076-0bb3badaae7b,254.762,683.044
reviewer-1786004076-6143788b36fe,254.850,684.158
data-analyst-1786004076-5b13c85ce132,254.935,690.755
deep-researcher-1786004076-668531e897d7,255.063,681.584
wide-researcher-1786004076-8ac41a1608fc,255.207,428.113
reviewer-1786004077-bac23ea44d8d,255.351,688.595
data-analyst-1786004077-86b1343bbda1,255.386,537.764
deep-researcher-1786004077-8fc2b1e5235a,255.414,672.775
wide-researcher-1786004077-e1945b3e7b93,255.486,656.880
reviewer-1786004077-70014ea7f27b,255.566,684.958
data-analyst-1786004077-f9bd264598d0,255.639,552.370
deep-researcher-1786004077-fdfa7d54d2ec,255.705,417.550
data-analyst-1786003995-86396ddefec2,255.783,255.783
wide-researcher-1786004077-e196faa01d43,255.801,548.176
reviewer-1786004077-b884fa4f651a,255.839,634.032
data-analyst-1786004077-c5452efa1753,255.882,586.661
deep-researcher-1786004077-86c65cafb971,255.903,417.875
data-analyst-1786003995-062ecc084a75,255.955,255.955
wide-researcher-1786004077-56ec627daecc,256.020,531.845
reviewer-1786004078-d2c7bb98df87,256.058,687.703
data-analyst-1786003995-c59a954c02d9,256.117,256.118
data-analyst-1786004078-e61c4127f7f7,256.122,686.255
deep-researcher-1786004078-a554dcb6302e,256.215,526.665
wide-researcher-1786004078-f7d526a79358,256.424,415.660
reviewer-1786004078-514144b721ca,256.442,682.636
data-analyst-1786004078-e1596b4df82a,256.589,662.470
deep-researcher-1786004078-06c64aac17f7,256.726,409.473
wide-researcher-1786004078-cd463050fb07,256.796,672.128
reviewer-1786004078-5294c03ed41a,256.860,644.364
data-analyst-1786004078-542d0f8471e2,256.905,651.175
deep-researcher-1786004078-565b3858a48e,256.965,416.452
wide-researcher-1786004078-f2587c8b9ecb,257.007,415.102
data-analyst-1786003971-ff5be3be1597,257.066,288.891
reviewer-1786004079-242be68bc288,257.075,701.603
data-analyst-1786004079-7316b0fa5e75,257.149,675.969
deep-researcher-1786004079-bcc9ae6db6f3,257.197,693.243
data-analyst-1786003994-410e852bfb03,257.198,291.265
data-analyst-1786003984-8679dc25232c,257.219,257.220
wide-researcher-1786004079-e9824a273568,257.281,446.484
reviewer-1786004079-2a3f495ff579,257.308,651.558
data-analyst-1786004079-ea3661d543e2,257.363,679.740
deep-researcher-1786004079-a50946646a05,257.389,591.291
wide-researcher-1786004079-81ac41f19350,257.425,574.539
reviewer-1786004079-d0af5bb34565,257.491,635.439
data-analyst-1786004079-81ac4d42ed84,257.536,648.532
data-analyst-1786003994-675b02b888c6,257.550,257.550
deep-researcher-1786004079-d60a7fee2d8b,257.563,416.812
wide-researcher-1786004079-b37c1758d209,257.620,524.128
reviewer-1786004079-5985a39aa640,257.730,699.471
data-analyst-1786003987-172a0b5a28a8,257.756,257.757
data-analyst-1786003995-7c66985a6bf0,257.772,257.773
data-analyst-1786004079-21f7e5a3a571,257.798,692.365
deep-researcher-1786004079-aa8a0b17e375,257.855,524.482
wide-researcher-1786004079-7ab49458791d,257.882,433.562
reviewer-1786004079-9a37cb46d8cf,257.946,689.916
data-analyst-1786004079-8d42c539d8af,258.092,658.278
data-analyst-1786003971-d010bd078545,258.177,296.055
data-analyst-1786003994-e5fe8199c17a,258.195,258.196
deep-researcher-1786004080-a28a78a9d3a4,258.245,411.905
wide-researcher-1786004080-6eff1b3ebb91,258.306,523.705
reviewer-1786004080-909087f6419c,258.370,642.536
data-analyst-1786004080-62959d4164f0,258.401,694.130
deep-researcher-1786004080-1ac6c4fa8f93,258.422,399.067
wide-researcher-1786004080-8abdc79e514c,258.477,497.536
reviewer-1786004080-03846b86878d,258.514,645.127
data-analyst-1786004080-4d1e3f3df928,258.576,542.287
deep-researcher-1786004080-98a46c099907,258.612,407.752
data-analyst-1786004001-9c7828d18c8d,258.620,284.381
data-analyst-1786004001-b079bb621e74,258.633,284.232
wide-researcher-1786004080-ef2838ce52a5,258.673,511.369
data-analyst-1786003990-ffbeb7da440f,258.743,286.589
reviewer-1786004080-a56b095fd3d2,258.791,651.231
data-analyst-1786004080-f493b1ed2dd7,258.832,692.012
deep-researcher-1786004080-c4bda1b2e5ab,258.909,533.690
wide-researcher-1786004080-20e2a4ca361f,258.930,635.198
reviewer-1786004080-ee5f91b3b50b,258.983,663.736
data-analyst-1786004081-f795743fb79f,259.136,545.153
deep-researcher-1786004081-77f30a4e7f27,259.209,412.836
wide-researcher-1786004081-105c00852630,259.250,665.468
data-analyst-1786003984-dfd4caf62b24,259.278,259.279
data-analyst-1786003968-da1f6a1a2d9b,259.489,259.490
reviewer-1786004081-20aac492765d,259.554,657.123
data-analyst-1786004081-8907562eb406,259.596,537.705
deep-researcher-1786004081-a978218acd5a,259.682,656.289
data-analyst-1786003993-62a450cf4946,259.701,283.338
wide-researcher-1786004081-4ac95d9790f4,259.752,427.453
reviewer-1786004081-a2a941240fab,259.791,634.105
data-analyst-1786003952-262922acc43c,259.826,259.826
data-analyst-1786004081-a19667cc214c,259.878,648.345
deep-researcher-1786004081-aa5a8d3b09b1,259.901,520.394
wide-researcher-1786004081-97b7fbfa4091,259.932,439.902
reviewer-1786004081-b5dce4492ba4,259.990,652.244
data-analyst-1786004082-41abb0b94de0,260.039,629.460
deep-researcher-1786004082-e53b9a57d99f,260.076,537.212
wide-researcher-1786004082-d9ee89ebbc1a,260.187,535.133
data-analyst-1786003992-e3918dbc53f2,260.210,260.211
reviewer-1786004082-ca79afb5d21e,260.219,692.938
data-analyst-1786004082-1453257f3982,260.288,676.646
deep-researcher-1786004082-25183b85b26d,260.316,547.652
wide-researcher-1786004082-b8e88688070f,260.347,422.699
reviewer-1786004082-56453f00fda9,260.393,649.220
data-analyst-1786004082-7cd8e725d6f8,260.433,686.893
deep-researcher-1786004082-d86041f0e7f5,260.511,561.680
wide-researcher-1786004082-58ee451a5c1f,260.647,417.312
reviewer-1786004082-6baed960e7da,260.722,660.311
data-analyst-1786004082-7445ea485ec3,260.763,532.273
deep-researcher-1786004082-1637aeb580ff,260.886,639.971
wide-researcher-1786004082-22670e50f9b3,260.970,646.732
reviewer-1786004082-97cd7c093c91,261.064,633.342
data-analyst-1786004082-7927362a0e8b,261.106,530.064
deep-researcher-1786004083-192c874220b1,261.188,658.339
wide-researcher-1786004083-61bade2587c3,261.253,638.806
reviewer-1786004083-29b41108bf23,261.301,659.843
data-analyst-1786004083-2b7f9cc43b34,261.392,696.277
deep-researcher-1786004083-eaa1d31c7d82,261.412,681.648
wide-researcher-1786004083-1bb58460eb63,261.436,425.244
reviewer-1786004083-bd963a2c9c15,261.456,688.261
data-analyst-1786004083-f2ea16e631b3,261.499,679.982
data-analyst-1786003938-78d128ac5121,261.547,286.354
deep-researcher-1786004083-88116c0ce08e,261.560,443.454
wide-researcher-1786004083-befbfd0a0885,261.617,638.189
reviewer-1786004083-be4dbc7f121d,261.679,674.474
data-analyst-1786004083-36e1b0bd2f4b,261.802,687.937
deep-researcher-1786004083-dd79fdde23de,261.830,636.201
wide-researcher-1786004083-5d8dfb513650,261.863,634.847
reviewer-1786004083-3bb55f965afe,261.910,665.897
data-analyst-1786004083-a49fdf186b1f,261.963,666.040
deep-researcher-1786004084-1950df8149c1,262.019,673.307
wide-researcher-1786004084-0867f256e1dd,262.062,411.790
data-analyst-1786003996-a2ca22a65b17,262.091,283.416
reviewer-1786004084-a2c9139d0e40,262.127,641.393
data-analyst-1786004084-76fd3dea953a,262.168,655.380
data-analyst-1786003983-7ccd0a006cf0,262.185,296.097
deep-researcher-1786004084-550174f1351f,262.233,693.050
wide-researcher-1786004084-dd59746efe40,262.251,420.449
reviewer-1786004084-b43a38ab1abe,262.328,660.771
data-analyst-1786004084-223f39ca6bf1,262.389,637.426
data-analyst-1786004002-baa0f6083f19,262.389,290.823
data-analyst-1786004002-c7802af94fcd,262.407,284.772
data-analyst-1786004002-a2c5b6dcd0c5,262.420,293.794
data-analyst-1786003995-f979c33c5f4e,262.434,262.435
deep-researcher-1786004084-3abcfc3da03e,262.577,632.082
data-analyst-1786003994-547a831798e4,262.590,262.590
wide-researcher-1786004084-e0707f5a378c,262.765,491.221
data-analyst-1786003997-2c44ac325ed4,262.776,289.912
reviewer-1786004084-1c43d2dd224a,262.830,682.588
data-analyst-1786003995-466466e6a8c0,262.843,262.844
data-analyst-1786004084-8262a23b8f18,262.922,502.757
deep-researcher-1786004084-5010899a7b4b,262.940,443.708
wide-researcher-1786004084-14a38f5bd56e,262.959,418.268
reviewer-1786004085-3e37254761ed,262.987,692.535
data-analyst-1786003997-9b903d3bb906,263.004,283.942
data-analyst-1786004085-f8df68a4a489,263.072,672.641
deep-researcher-1786004085-33d700992dfd,263.200,414.002
wide-researcher-1786004085-4321de5b0832,263.317,406.697
reviewer-1786004085-ecb8a94c398c,263.378,676.491
data-analyst-1786004085-0b4213dfc9ae,263.420,691.540
deep-researcher-1786004085-b195c592ac8f,263.438,424.771
wide-researcher-1786004085-14e63da4f7ec,263.464,531.693
reviewer-1786004085-5f92a7cc6814,263.532,669.653
data-analyst-1786004002-0e2884798ae6,263.583,295.798
data-analyst-1786004002-d68b8f386017,263.598,289.394
data-analyst-1786004002-84900ad7ff81,263.613,291.364
data-analyst-1786003995-45968ea1124a,263.626,283.578
data-analyst-1786004085-27853a9b848c,263.644,639.322
deep-researcher-1786004085-e3f67ad8f38b,263.746,535.911
wide-researcher-1786004085-66f78d1eca2f,263.792,419.625
reviewer-1786004085-4012d157c8f2,263.856,589.247
data-analyst-1786004085-7ab29fcb35f5,263.903,650.039
data-analyst-1786003995-99864fd75e67,263.918,263.918
data-analyst-1786003998-9e7b076c3e6d,263.964,327.303
data-analyst-1786003998-a8c3077d221a,263.985,311.860
deep-researcher-1786004085-bfc7406a8b23,263.994,570.977
data-analyst-1786003995-69bcfa090e90,264.008,295.125
wide-researcher-1786004085-23a9d49ad8f7,264.087,524.075
reviewer-1786004086-804cc04a706f,264.169,690.165
data-analyst-1786004086-13f2dec46cde,264.290,679.172
deep-researcher-1786004086-c35641dc7eaf,264.318,651.874
wide-researcher-1786004086-229b112c03f1,264.348,485.570
reviewer-1786004086-402c18f221c9,264.449,690.649
data-analyst-1786004086-e4170d0d39e7,264.494,637.095
deep-researcher-1786004086-8a0fdd339c42,264.511,629.672
wide-researcher-1786004086-620df0911366,264.581,523.848
data-analyst-1786004002-16444f15f914,264.604,284.634
reviewer-1786004086-7d159fb3739b,264.608,674.999
data-analyst-1786004002-9b1ae3e4187c,264.620,295.916
data-analyst-1786004086-877468751d90,264.715,655.364
deep-researcher-1786004086-074c37ea77da,264.823,688.314
wide-researcher-1786004086-c540e04aa153,264.852,456.704
data-analyst-1786003997-ba8619e37371,264.883,302.212
reviewer-1786004086-7d052f3e0df0,264.892,682.525
data-analyst-1786004086-81b8124abe3f,264.932,695.948
deep-researcher-1786004087-2646537bb808,264.978,689.808
wide-researcher-1786004087-c048c2628545,265.017,662.005
reviewer-1786004087-82935d8a850d,265.046,669.131
data-analyst-1786004087-ac0ad9dff4f2,265.147,691.561
deep-researcher-1786004087-e1290e427327,265.301,634.620
wide-researcher-1786004087-71c118d3b158,265.360,407.699
reviewer-1786004087-9560313bcd4d,265.381,656.903
data-analyst-1786004087-bbb0632ac1bb,265.564,674.410
deep-researcher-1786004087-b74219f94ed2,265.605,681.845
wide-researcher-1786004087-04309aaca720,265.643,676.694
reviewer-1786004087-0bea1982cb18,265.683,688.471
data-analyst-1786004087-eeef88acf8f3,265.722,666.104
deep-researcher-1786004087-5c87a312fab7,265.835,525.231
wide-researcher-1786004087-6add296769ee,265.854,534.967
data-analyst-1786003971-3e2b1a0dedbe,265.881,284.331
reviewer-1786004087-3a81eb10fd81,265.959,680.202
data-analyst-1786004087-93c48029477f,266.003,528.392
deep-researcher-1786004088-b03550099e63,266.021,437.613
data-analyst-1786003934-48ff4a7dd670,266.046,266.047
wide-researcher-1786004088-0051d4029bb2,266.078,415.799
reviewer-1786004088-9b7349c6089b,266.096,627.459
data-analyst-1786004088-fe570e5d1dab,266.139,659.371
data-analyst-1786003946-4655acbe37e4,266.143,266.143
deep-researcher-1786004088-c2160f710ca5,266.222,653.629
wide-researcher-1786004088-ad1599263af6,266.261,560.655
reviewer-1786004088-830474dc3a0a,266.336,684.175
data-analyst-1786004088-4e04a3936bbe,266.392,647.090
deep-researcher-1786004088-061d16e91b13,266.447,671.870
wide-researcher-1786004088-9be372ee875d,266.483,639.152
reviewer-1786004088-e8d68321deea,266.529,663.048
data-analyst-1786004088-f5c64fe876c8,266.570,680.370
deep-researcher-1786004088-0f4010fccacb,266.808,687.991
wide-researcher-1786004088-4593a28d5644,266.871,658.081
reviewer-1786004088-eeaf0deb95a2,266.890,678.192
data-analyst-1786004088-66c4f38bf85e,267.082,691.834
deep-researcher-1786004088-28b4d26adc3a,267.189,424.170
wide-researcher-1786004089-b99fb56273ad,267.237,517.560
reviewer-1786004089-6d5490fe6d54,267.304,628.728
data-analyst-1786004089-711a5f937671,267.345,674.882
deep-researcher-1786004089-426dcea22ac0,267.368,534.649
wide-researcher-1786004089-15a0a7ec6aef,267.478,423.147
reviewer-1786004089-8946f4f15e91,267.498,678.568
data-analyst-1786004001-c8fba6fc03e7,267.521,283.442
data-analyst-1786004089-31e6332cc561,267.538,701.745
deep-researcher-1786004089-c9efa4568235,267.596,524.049
wide-researcher-1786004089-a06c9ae7ff9c,267.613,444.094
reviewer-1786004089-9ca794d791bd,267.648,667.426
data-analyst-1786004089-c7ecfd23c233,267.724,640.345
deep-researcher-1786004089-f5ee4470c52a,267.774,653.006
wide-researcher-1786004089-dd8e93f546f4,267.859,482.899
data-analyst-1786004003-2f8083877d7e,267.863,405.324
data-analyst-1786004003-2fc3449105f8,267.879,295.312
data-analyst-1786004003-c271a3bb2d8d,267.891,290.774
reviewer-1786004089-ee8d7b673a03,267.912,677.968
data-analyst-1786004089-3eea211211e9,267.960,628.664
data-analyst-1786004003-9320f221c974,268.007,303.286
data-analyst-1786004003-a945e9ffd213,268.020,287.350
data-analyst-1786004003-0b90363e2b84,268.033,287.154
deep-researcher-1786004089-c7d140bd66bf,268.050,435.208
wide-researcher-1786004090-3c5be7f1c01b,268.091,638.882
data-analyst-1786004003-a2b8113b0f4e,268.126,291.160
data-analyst-1786004003-63401eba5231,268.140,292.841
data-analyst-1786004003-27884e43f714,268.153,289.266
reviewer-1786004090-3053148fd8e3,268.207,666.266
data-analyst-1786004003-024eda17ed50,268.268,301.797
data-analyst-1786004090-968cf2de0197,268.276,555.072
data-analyst-1786004003-6526abcf7762,268.285,285.493
data-analyst-1786004003-89d407de4bce,268.299,284.282
deep-researcher-1786004090-433f50288c39,268.320,405.459
wide-researcher-1786004090-122e91099ac2,268.368,522.507
reviewer-1786004090-0e5e22d045de,268.398,648.151
data-analyst-1786004090-bb22ded795e7,268.480,523.691
deep-researcher-1786004090-2e9e305c7cf6,268.526,692.954
wide-researcher-1786004090-a563c713d2f9,268.586,415.040
reviewer-1786004090-52c6f53104cb,268.604,664.589
data-analyst-1786004090-a8eaac533000,268.644,638.222
deep-researcher-1786004090-d15b3218691a,268.750,521.038
wide-researcher-1786004090-6b2531dc223d,268.807,540.389
reviewer-1786004090-5baa59da2df8,268.856,678.734
data-analyst-1786004004-e6603a160d71,268.959,286.266
data-analyst-1786004004-f8e6b145367b,268.972,296.463
data-analyst-1786004004-0c20e0f5a8f8,268.985,301.089
data-analyst-1786004090-f15c0d873083,268.989,548.134
data-analyst-1786004004-96af8effd1df,269.001,284.656
deep-researcher-1786004090-65dac78960c3,269.009,417.359
data-analyst-1786004004-afbb4d586c59,269.017,284.848
wide-researcher-1786004090-6a07392b8150,269.026,655.046
reviewer-1786004091-edeaab7b33be,269.052,668.512
data-analyst-1786004091-5d0f9ca6e504,269.108,532.583
deep-researcher-1786004091-12200b7ea607,269.129,456.215
wide-researcher-1786004091-65cf189b1d1a,269.159,482.666
reviewer-1786004091-0e8a85b0c2fa,269.241,690.796
data-analyst-1786004091-e17f2865c36f,269.354,647.949
deep-researcher-1786004091-6f665433964f,269.384,529.601
wide-researcher-1786004091-bf8dcb88c47c,269.429,657.924
data-analyst-1786004004-8219f061b1bb,269.448,320.380
data-analyst-1786004004-4ccb2b0a8d31,269.461,295.438
reviewer-1786004091-1057feabfe30,269.470,682.093
data-analyst-1786004091-458229654e2d,269.552,651.373
deep-researcher-1786004091-2cd591bc52eb,269.570,615.397
wide-researcher-1786004091-faa1e1c05c84,269.599,540.170
reviewer-1786004091-5f8bbb200f6b,269.677,671.123
data-analyst-1786004091-254821c4b5a4,269.830,696.351
deep-researcher-1786004091-0f9c3933a0ce,269.879,485.167
wide-researcher-1786004091-acb35fdd6443,269.897,531.799
reviewer-1786004091-259e7255f1db,269.919,676.836
data-analyst-1786004092-69d9e9bf56a0,269.993,682.493
deep-researcher-1786004092-d30fc2f149d9,270.031,661.338
wide-researcher-1786004092-fc82b9838bb0,270.111,419.909
reviewer-1786004092-38d3cef84846,270.239,670.475
data-analyst-1786004092-c1cee0705486,270.365,675.290
deep-researcher-1786004092-bd81bc2d0e80,270.383,702.093
data-analyst-1786004004-5dd61de6a6fe,270.392,294.825
data-analyst-1786004004-0aaed53206d8,270.406,289.757
data-analyst-1786004004-92a85c5b84a7,270.420,287.190
wide-researcher-1786004092-c411d6eda84f,270.493,642.879
reviewer-1786004092-9be50d4f14d7,270.511,701.581
data-analyst-1786004092-e34689e5b639,270.541,690.418
deep-researcher-1786004092-2e3721a35c57,270.571,684.327
wide-researcher-1786004092-cac7659e90a4,270.618,530.405
reviewer-1786004092-8a071098522f,270.635,667.535
data-analyst-1786004092-271372dfdd73,270.749,669.765
deep-researcher-1786004092-916a91df8779,270.771,542.303
data-analyst-1786004004-ceb57ef23151,270.804,284.295
wide-researcher-1786004092-0f84b0577c07,270.921,429.222
reviewer-1786004092-56fc509d8d4a,270.940,653.982
data-analyst-1786003990-af3de660f8f2,270.976,290.729
data-analyst-1786004092-44bf8def5060,270.985,657.632
data-analyst-1786003977-dd51b6e7cf9f,271.012,271.012
deep-researcher-1786004092-05bcbfd1504d,271.021,503.816
data-analyst-1786003985-0fe29d12cb61,271.026,271.026
wide-researcher-1786004093-d3e800de742d,271.059,682.770
reviewer-1786004093-d19aed7a3d23,271.076,660.494
data-analyst-1786004093-853e8e9ebec8,271.183,619.959
deep-researcher-1786004093-657180f7be83,271.214,413.767
wide-researcher-1786004093-5b9d88e891f2,271.295,689.760
reviewer-1786004093-bd408c32c680,271.351,695.236
data-analyst-1786004093-93bf242fcb9e,271.415,666.152
deep-researcher-1786004093-334a21a3c016,271.432,445.437
wide-researcher-1786004093-0631c6c9c5f8,271.450,523.775
reviewer-1786004093-c39a5c43db2d,271.609,678.610
data-analyst-1786004093-ea28df24ce79,271.701,526.912
deep-researcher-1786004093-5e36990e4656,271.753,701.072
wide-researcher-1786004093-6d94bb8c9c86,271.828,547.977
reviewer-1786004093-632935cdbd66,271.865,674.378
data-analyst-1786004093-0ce4c2313f02,271.895,680.453
data-analyst-1786003994-25384b7a0392,271.908,271.909
deep-researcher-1786004093-da60c4313496,271.933,525.881
data-analyst-1786003980-3ec264ddfa87,271.987,271.988
wide-researcher-1786004094-c1b00cea266f,272.030,525.778
reviewer-1786004094-855b2f6bf60c,272.052,685.066
data-analyst-1786004094-99cfdb162682,272.095,639.734
deep-researcher-1786004094-520afbc08620,272.121,644.887
wide-researcher-1786004094-a775d54f2201,272.138,688.766
reviewer-1786004094-76ea93c0a613,272.156,679.600
data-analyst-1786004094-dc11961a7d1f,272.274,673.604
data-analyst-1786003997-88df2d70b80b,272.301,272.302
deep-researcher-1786004094-311e76ec84f8,272.408,560.749
wide-researcher-1786004094-eeea91790aad,272.442,540.282
reviewer-1786004094-9b33207c2685,272.460,674.148
data-analyst-1786003994-4b072f7eef46,272.472,283.429
data-analyst-1786004002-63438c5ea12b,272.490,299.320
data-analyst-1786004094-c030a18a977a,272.499,688.348
data-analyst-1786003995-f868fadc4a99,272.511,272.512
deep-researcher-1786004094-3dccb11d545b,272.533,465.508
wide-researcher-1786004094-5af8e6620d58,272.603,436.953
data-analyst-1786003994-058c5f08fa84,272.658,272.659
reviewer-1786004094-eb4da10a17f4,272.685,679.068
data-analyst-1786004094-02d037d446bf,272.724,607.420
deep-researcher-1786004094-6f401ce2eb92,272.805,417.563
data-analyst-1786004002-dab0d83a4803,272.854,293.457
wide-researcher-1786004094-043df5f29d1b,272.863,569.131
data-analyst-1786003971-9ff81c7cd362,272.915,272.916
reviewer-1786004094-a74432c267bd,272.938,652.974
data-analyst-1786004094-896a92b40d4e,273.052,677.305
deep-researcher-1786004094-55f421a6f531,273.117,538.998
wide-researcher-1786004095-49f41e339393,273.221,554.185
reviewer-1786004095-90380c607d7c,273.270,682.834
data-analyst-1786004095-fd3622ddca28,273.342,689.742
deep-researcher-1786004095-9c8c2cb2cdf3,273.380,634.797
wide-researcher-1786004095-cb1259ed3379,273.411,669.527
reviewer-1786004095-aa667c659429,273.518,688.990
data-analyst-1786004095-b3e56452bdc3,273.577,525.693
deep-researcher-1786004095-6f865b2fda24,273.605,415.155
wide-researcher-1786004095-ef1d4c6db4e9,273.634,690.232
reviewer-1786004095-4bb3c4687062,273.664,572.004
data-analyst-1786004095-8579cf9e7ce9,273.731,529.366
deep-researcher-1786004095-172ec3467303,273.774,481.815
wide-researcher-1786004095-cd4575fa0b20,273.791,424.865
data-analyst-1786003945-c9b6f638b0e5,273.914,289.838
data-analyst-1786003972-64de31c0d160,273.927,290.504
reviewer-1786004095-aeefb52aabc1,273.964,672.474
data-analyst-1786004095-0ab6e3e99d91,274.015,656.619
deep-researcher-1786004095-f8e8604bbcbe,274.045,430.630
wide-researcher-1786004095-5d3a9931caf8,274.081,653.816
reviewer-1786004096-a7e92b7775ac,274.120,612.511
data-analyst-1786004096-983a339c858b,274.202,669.886
data-analyst-1786003996-46ebd433defc,274.207,274.207
deep-researcher-1786004096-a182cf3ee5df,274.245,676.368
wide-researcher-1786004096-516e0da22ec0,274.315,426.383
reviewer-1786004096-ff127c0d9397,274.367,677.268
data-analyst-1786004096-1e35dc7331f9,274.448,547.160
deep-researcher-1786004096-06c7b4318af6,274.623,698.866
wide-researcher-1786004096-d76bb24d27fc,274.720,562.636
reviewer-1786004096-7826afa32558,274.782,685.338
data-analyst-1786004005-3316b1d4d146,274.812,284.472
data-analyst-1786004005-ff7c48e00350,274.825,291.676
data-analyst-1786004005-120fe8a581b2,274.838,305.624
data-analyst-1786004096-3307b3d69787,274.922,558.201
deep-researcher-1786004096-ab5432948832,274.979,686.813
wide-researcher-1786004096-e13abe234822,275.015,424.308
reviewer-1786004096-09896ba3a12b,275.048,661.259
data-analyst-1786004097-25f5e59dc5a1,275.148,615.248
deep-researcher-1786004097-2344516e0e86,275.166,502.800
wide-researcher-1786004097-def156e9a8c1,275.278,469.596
reviewer-1786004097-fcd59edb8630,275.305,654.620
data-analyst-1786004097-7ea6342586f3,275.428,690.979
deep-researcher-1786004097-189797520cfa,275.467,532.000
wide-researcher-1786004097-401e3660752e,275.500,426.024
data-analyst-1786004005-88c771a66c4d,275.525,300.286
reviewer-1786004097-be883821bf46,275.530,546.140
data-analyst-1786004005-103e4d5d8559,275.543,321.891
data-analyst-1786004005-1602b85e4ddf,275.557,292.026
data-analyst-1786004097-c8bdb911f733,275.582,664.798
deep-researcher-1786004097-7ce023cd0da2,275.602,685.667
wide-researcher-1786004097-94483d3e3f88,275.632,670.657
reviewer-1786004097-3b3528f4b52c,275.741,693.503
data-analyst-1786004097-d573b5a14ec6,275.892,691.298
deep-researcher-1786004097-20ae6c1c4632,275.962,423.746
wide-researcher-1786004097-32285ba5b07c,276.078,468.658
reviewer-1786004097-819b8847f8f1,276.271,679.547
data-analyst-1786004098-424475d25b38,276.417,547.324
deep-researcher-1786004098-966a5897eb65,276.436,530.731
wide-researcher-1786004098-633b89a65832,276.465,523.466
data-analyst-1786004002-707d94d3b65d,276.508,299.153
reviewer-1786004098-619fa55538fa,276.543,652.818
data-analyst-1786004098-76b90a87cbb5,276.597,676.710
deep-researcher-1786004098-c55a2f820a62,276.652,406.447
wide-researcher-1786004098-997954420b74,276.675,661.244
reviewer-1786004098-fb4d4709bdac,276.754,651.925
data-analyst-1786004098-47f6821429d6,276.822,686.673
deep-researcher-1786004098-eac30175cb76,276.917,524.834
wide-researcher-1786004098-ad3b0be56994,276.966,530.911
reviewer-1786004098-331fdd68f47b,277.020,686.104
data-analyst-1786004099-71be9f31c241,277.064,680.987
deep-researcher-1786004099-52695f52950c,277.103,474.935
wide-researcher-1786004099-978c021d6d19,277.142,547.808
reviewer-1786004099-4a608c219ed3,277.159,664.254
data-analyst-1786004099-be613f064a25,277.211,681.556
deep-researcher-1786004099-907fe70a28a3,277.273,677.385
wide-researcher-1786004099-446e179c5bc5,277.313,655.161
reviewer-1786004099-b3c877f74d75,277.346,675.249
data-analyst-1786004002-9c1d8b9d8e82,277.393,298.072
data-analyst-1786004099-906d0ed96651,277.401,674.576
deep-researcher-1786004099-7d706c01dd16,277.748,648.514
wide-researcher-1786004099-961d367407cb,277.785,641.312
reviewer-1786004099-16a719ed724c,277.931,660.807
data-analyst-1786003997-840d57d0c848,277.935,283.986
data-analyst-1786004099-111339b95e0f,278.005,633.731
deep-researcher-1786004099-b4547b32d05b,278.042,438.563
wide-researcher-1786004099-b7f5f859a84c,278.112,668.811
reviewer-1786004100-facd0b5c85d8,278.162,675.177
data-analyst-1786004100-2f3eb679f8b7,278.198,663.016
deep-researcher-1786004100-31b2a93e8967,278.260,686.949
wide-researcher-1786004100-52456ee00087,278.277,670.889
reviewer-1786004100-9d89c2ac2812,278.315,678.364
data-analyst-1786004100-bc7004dc3ecf,278.484,672.415
deep-researcher-1786004100-40bb29ab128a,278.525,661.714
wide-researcher-1786004100-afbd72c5d936,278.551,528.546
reviewer-1786004100-48859b69fe8a,278.578,688.365
data-analyst-1786004004-898cdf4a2226,278.610,284.000
data-analyst-1786004100-0cb3016381b1,278.663,689.484
deep-researcher-1786004100-b83b83dad003,278.684,690.492
wide-researcher-1786004100-f0fbd6b5e208,278.736,425.430
reviewer-1786004100-d769aaadd718,278.775,694.068
data-analyst-1786004100-a113592e81c8,278.878,673.273
deep-researcher-1786004100-c3370069e742,279.092,420.484
wide-researcher-1786004100-b2a3c9b4ad6c,279.256,649.985
reviewer-1786004100-3f036aa1b8a6,279.292,668.697
data-analyst-1786004004-0dfc6f9b931d,279.392,283.665
data-analyst-1786003997-46e8ef7ccdc9,279.409,283.929
data-analyst-1786004101-a5b3d5581134,279.441,634.141
deep-researcher-1786004101-a304cb859a49,279.491,536.108
wide-researcher-1786004101-f1cc217e44dc,279.518,445.813
reviewer-1786004101-dc2a8519dfb2,279.548,665.093
data-analyst-1786004101-aa5c356f18be,279.693,528.646
deep-researcher-1786004101-71d9a4a0461c,279.715,540.225
wide-researcher-1786004101-9f2da7d419d6,279.777,547.014
reviewer-1786004101-e90c18b0baf1,279.839,567.872
data-analyst-1786004101-2340ad4d75fd,280.033,639.131
deep-researcher-1786004101-689c94de1e2d,280.055,679.349
wide-researcher-1786004101-a7a14308c9b3,280.162,411.079
reviewer-1786004102-8f7c86f1a841,280.195,669.148
data-analyst-1786004102-85d911de1681,280.237,653.732
deep-researcher-1786004102-cc60f0a6d55d,280.254,459.308
wide-researcher-1786004102-10533ebb9bde,280.282,634.414
data-analyst-1786003976-68dd9e8f4478,280.371,288.765
data-analyst-1786003976-25658aac1275,280.384,286.340
data-analyst-1786003946-40fde0cabb15,280.398,300.900
data-analyst-1786003973-29b555a83548,280.412,287.078
data-analyst-1786003942-17e85da125a9,280.425,287.222
reviewer-1786004102-e69e02bccb90,280.472,679.204
data-analyst-1786004102-2ec50c0894b3,280.537,651.744
deep-researcher-1786004102-bda1e280ef9e,280.602,437.751
data-analyst-1786004004-05faf98e3ce2,280.748,283.869
wide-researcher-1786004102-2e69e00e2951,280.765,521.152
reviewer-1786004102-ee90d62bc02f,280.807,690.268
data-analyst-1786004102-4520f77888be,280.869,683.164
deep-researcher-1786004102-4f278870c77d,280.956,524.922
wide-researcher-1786004102-ac21bd809502,280.993,676.630
reviewer-1786004103-03ed3b81d458,281.034,645.143
data-analyst-1786004103-febea7788b99,281.076,685.623
deep-researcher-1786004103-15a6edeb7a14,281.128,689.258
wide-researcher-1786004103-65c20b99e72e,281.207,534.212
reviewer-1786004103-7ca712cfca1d,281.225,685.878
data-analyst-1786004103-87a2087cac8b,281.295,653.338
deep-researcher-1786004103-0dc737237dbe,281.346,653.586
wide-researcher-1786004103-de687e1dcaf6,281.364,661.920
reviewer-1786004103-e0bb8986d249,281.515,685.126
data-analyst-1786004103-3aca91139bdd,281.559,678.014
deep-researcher-1786004103-b5639dbcb383,281.580,421.300
wide-researcher-1786004103-63f63f5d201b,281.609,650.504
reviewer-1786004103-6d74787e7c3e,281.673,691.873
data-analyst-1786004103-9d03c55f56e9,281.704,639.718
deep-researcher-1786004103-b301641bce05,281.751,532.983
wide-researcher-1786004103-0448db77934d,281.769,530.209
data-analyst-1786004006-3fdf007767f3,281.796,284.458
data-analyst-1786004006-818bc12f049b,281.809,286.861
data-analyst-1786004006-94adc148e54d,281.822,423.070
reviewer-1786004103-be353fe1f1af,282.082,691.498
data-analyst-1786003971-f761afcb17ec,282.156,283.970
data-analyst-1786004103-f6014a4116a2,282.184,635.144
deep-researcher-1786004103-1e8530114ada,282.276,676.948
wide-researcher-1786004103-6840a46653ba,282.316,676.431
reviewer-1786004104-cc68bfc9b763,282.338,667.444
data-analyst-1786004104-d23a0174c32f,282.383,677.137
deep-researcher-1786004104-fcb42e58bf65,282.474,670.075
wide-researcher-1786004104-45b563e64d18,282.517,429.936
reviewer-1786004104-c4a8cf677ea3,282.544,668.625
data-analyst-1786004104-ada82b1c8834,282.617,673.207
deep-researcher-1786004104-e719c91c7c57,282.664,535.896
wide-researcher-1786004104-772dae185ddc,282.694,633.394
reviewer-1786004104-211b100b41fd,282.715,679.141
data-analyst-1786004104-c71949ca426e,282.745,676.139
deep-researcher-1786004104-ebd04393a47d,282.805,677.908
wide-researcher-1786004104-691a1eab7707,282.844,661.856
reviewer-1786004104-5e9b7e28fff9,282.874,670.153
data-analyst-1786003990-885c27bb5472,282.958,282.959
data-analyst-1786004104-1774809a1116,283.017,685.051
deep-researcher-1786004104-57971f2d1985,283.035,560.097
wide-researcher-1786004105-0434fd0f90b8,283.062,522.931
reviewer-1786004105-01ee3ae9600d,283.080,661.558
data-analyst-1786004105-0b4521267001,283.123,668.949
deep-researcher-1786004105-720fc32a0e02,283.180,680.401
wide-researcher-1786004105-5e3560b988c4,283.211,530.588
reviewer-1786004105-4c716c1106fa,283.266,662.500
data-analyst-1786004004-8bc67d3ec89e,283.284,296.932
data-analyst-1786004105-6164a1fc4e92,283.356,686.655
deep-researcher-1786004105-a97563dc71a2,283.384,523.152
wide-researcher-1786004105-cb9564ed6e57,283.498,671.035
reviewer-1786004105-d4d8d08605d8,283.693,685.306
data-analyst-1786004105-91e113be4254,283.838,692.348
deep-researcher-1786004105-9280d0ac232b,283.859,460.292
wide-researcher-1786004105-84d8f4438bd4,283.982,652.866
reviewer-1786004105-abad7d6e22cf,284.064,695.538
data-analyst-1786004106-1d66a0627cce,284.134,645.585
deep-researcher-1786004106-9a6ff4d58afd,284.222,639.749
wide-researcher-1786004106-6cf944a9d104,284.241,547.029
reviewer-1786004106-7b0f35a704d2,284.259,695.435
data-analyst-1786004106-3070931e2f3f,284.299,674.980
deep-researcher-1786004106-661034fd47c0,284.317,437.784
wide-researcher-1786004106-d7420e7883a9,284.355,526.501
reviewer-1786004106-72715c1dad44,284.399,685.110
data-analyst-1786004106-bfc6e6bb0a58,284.497,684.548
deep-researcher-1786004106-dfc386cdd097,284.526,482.711
wide-researcher-1786004106-1727853515c7,284.543,630.267
reviewer-1786004106-5fe61506c171,284.576,673.585
data-analyst-1786004106-87ab68463bf9,284.644,662.564
deep-researcher-1786004106-b7c895a04d1f,284.694,426.964
data-analyst-1786004007-2290354c12dc,284.705,284.706
wide-researcher-1786004106-e97e87807af2,284.714,686.024
reviewer-1786004106-b98e96eac575,284.733,689.792
data-analyst-1786004106-89252083a52b,284.790,640.309
deep-researcher-1786004106-7e2be896de99,284.865,632.119
data-analyst-1786004007-ad73dfbac78b,284.878,284.878
wide-researcher-1786004106-a8b5b8b115fe,284.892,682.680
data-analyst-1786004008-d0f1c1fbd43f,284.910,284.910
data-analyst-1786004007-d04be204596d,285.104,285.104
data-analyst-1786004008-f925568fe89b,285.133,285.134
reviewer-1786004106-1ba6ba3d7d10,285.211,639.812
data-analyst-1786004106-6ea3c23b564d,285.330,638.686
deep-researcher-1786004107-137ca5370f44,285.348,535.506
wide-researcher-1786004107-e60a8bc25425,285.365,639.072
reviewer-1786004107-79c8aa67fdaf,285.401,672.049
data-analyst-1786004007-0a3fe201ff00,285.411,285.411
data-analyst-1786004008-79610c2beee6,285.479,285.480
data-analyst-1786004107-c314a414afcc,285.497,686.335
deep-researcher-1786004107-655077debb0d,285.564,522.158
data-analyst-1786004007-d970a462c281,285.588,285.588
data-analyst-1786004008-e2edd5062585,285.604,285.605
wide-researcher-1786004107-00f63fcc6752,285.641,669.797
reviewer-1786004107-6556b98cbdfa,285.717,656.839
data-analyst-1786004107-cb18bfb74822,285.749,656.859
deep-researcher-1786004107-35f1de8417e9,285.768,683.819
wide-researcher-1786004107-4cb2d9ad1201,285.787,446.363
reviewer-1786004107-24054c81426d,285.856,678.775
data-analyst-1786004107-dda410d37d9a,285.916,554.198
data-analyst-1786004006-b3d881aeffde,285.995,285.995
deep-researcher-1786004107-c48e09504aee,286.066,421.130
wide-researcher-1786004107-2cad9bfcb621,286.106,451.100
reviewer-1786004108-cc1f9ede18c8,286.145,681.781
data-analyst-1786004108-cb029e86826b,286.199,685.926
data-analyst-1786004011-abf1546ba2bf,286.227,286.227
data-analyst-1786004009-ae57b44c2b00,286.281,286.282
deep-researcher-1786004108-01889f55b261,286.290,689.162
data-analyst-1786004007-af3a908772c8,286.298,286.299
data-analyst-1786004011-92ed5e933640,286.312,286.313
wide-researcher-1786004108-a2ee67217c22,286.380,544.937
reviewer-1786004108-b1247d445621,286.409,682.386
data-analyst-1786004009-1391611da905,286.417,286.418
data-analyst-1786004007-1b6472f060cb,286.444,286.445
data-analyst-1786004108-4f08222d299f,286.576,531.859
deep-researcher-1786004108-5d4a9cb19d10,286.615,546.087
wide-researcher-1786004108-29422ccd86b1,286.707,671.533
reviewer-1786004108-12707949e3d4,286.729,534.074
data-analyst-1786004108-aa78af3626e4,286.829,647.966
data-analyst-1786004009-9b7ad6b902dd,286.830,286.833
data-analyst-1786004010-96100f113703,286.846,286.847
deep-researcher-1786004108-f945710edc8c,286.869,632.272
wide-researcher-1786004108-79e0961f74fb,286.889,683.693
reviewer-1786004108-80f56539c729,286.918,655.106
data-analyst-1786004012-ab81b568775e,287.035,287.035
data-analyst-1786004109-0e2a27787965,287.158,524.373
deep-researcher-1786004109-67d74f89c351,287.241,426.489
wide-researcher-1786004109-744174410ef8,287.270,533.100
data-analyst-1786004014-3daf9838fc28,287.275,287.275
reviewer-1786004109-bb059d6ef46d,287.303,666.024
data-analyst-1786004006-163c15a0595f,287.336,287.337
data-analyst-1786004109-2283fb96431f,287.373,645.519
data-analyst-1786004006-c2da4374e8bc,287.446,287.446
deep-researcher-1786004109-5372f3d0b4bb,287.580,412.987
data-analyst-1786004014-22ef9bbd353b,287.591,287.592
wide-researcher-1786004109-96183a39dc87,287.610,427.782
reviewer-1786004109-c5209ae9e168,287.630,700.444
data-analyst-1786004109-163a7daa0b2d,287.707,643.349
data-analyst-1786004015-b91db678b5e4,287.733,287.733
deep-researcher-1786004109-412ba3c8e5eb,287.738,653.378
wide-researcher-1786004109-b3b490795df3,287.766,662.879
reviewer-1786004109-a611a794724b,287.795,694.919
data-analyst-1786004109-469a2de6bd49,287.894,661.936
data-analyst-1786004009-f0adc0c20da0,288.008,288.009
deep-researcher-1786004109-84dc0ca8f0c9,288.084,527.792
wide-researcher-1786004109-4df764149709,288.125,521.259
reviewer-1786004109-164f58269e27,288.217,678.030
data-analyst-1786004110-be8648d6b620,288.253,672.434
data-analyst-1786004014-c86903e19608,288.309,288.310
deep-researcher-1786004110-218285e15867,288.314,666.088
data-analyst-1786004012-6184be7d52e2,288.381,288.381
wide-researcher-1786004110-ea664051ff1e,288.402,412.381
reviewer-1786004110-c5632b48b217,288.432,663.656
data-analyst-1786004014-d83312798c1a,288.484,288.485
data-analyst-1786004010-79d760b9923c,288.531,288.532
data-analyst-1786004018-863ecfdd32b3,288.579,288.579
data-analyst-1786004015-ab6482a7dec2,288.654,288.654
data-analyst-1786004013-1ba9b61604db,288.668,288.668
data-analyst-1786004110-a668ad043a02,288.676,687.805
data-analyst-1786004020-87435a9c1fac,288.749,288.749
deep-researcher-1786004110-e22897ada051,288.785,426.723
data-analyst-1786004013-8377b61488b8,288.800,288.800
wide-researcher-1786004110-bf5bf98daa8b,288.815,529.531
reviewer-1786004110-0e8fc4e5e0e7,288.835,667.283
data-analyst-1786004110-be72b81f4279,288.900,534.688
data-analyst-1786004019-9624fba171b2,288.911,288.912
deep-researcher-1786004110-1aabe8f889fd,288.931,592.879
data-analyst-1786004015-5d0f3b5d7723,289.067,289.067
data-analyst-1786004019-6dad4f3b15f3,289.081,289.081
data-analyst-1786004010-ff6ac6878741,289.095,289.095
wide-researcher-1786004111-264add15984b,289.121,545.489
data-analyst-1786004021-7c9cb52e274d,289.145,289.146
reviewer-1786004111-007cc847baef,289.155,672.943
data-analyst-1786004021-d934f7ef16ee,289.180,289.181
data-analyst-1786004111-ff8805be4852,289.219,684.073
data-analyst-1786004011-00688065a6e0,289.231,289.232
deep-researcher-1786004111-7f28c841204f,289.251,421.109
data-analyst-1786004012-17a792a02a84,289.312,289.312
wide-researcher-1786004111-e6976972bec1,289.316,522.020
data-analyst-1786004012-9e13b373b03d,289.348,289.350
data-analyst-1786004010-f484509faf81,289.364,289.364
data-analyst-1786004015-c5b25d098508,289.379,289.379
data-analyst-1786004022-f27ff8b52fa3,289.426,289.427
data-analyst-1786004008-fed61514fe2a,289.519,289.519
data-analyst-1786004021-597d27160332,289.575,289.575
data-analyst-1786004020-1c58bc026074,289.632,289.632
reviewer-1786004111-d3bd2b42fd3e,289.641,692.756
data-analyst-1786004111-b4116a56ac51,289.725,648.135
deep-researcher-1786004111-e54531d834e3,289.753,534.241
wide-researcher-1786004111-8a77dd01fcb3,289.827,460.697
reviewer-1786004111-3a00c872a838,289.916,669.198
data-analyst-1786004111-ceb0a8c890ba,289.959,666.217
data-analyst-1786004020-d2b05514bb63,289.996,289.996
data-analyst-1786004015-72400f7daf22,290.090,290.091
deep-researcher-1786004111-c19080e2edea,290.110,669.083
wide-researcher-1786004112-8afc90197fe6,290.168,545.306
data-analyst-1786004014-afd96d785721,290.179,290.180
reviewer-1786004112-f9010469b284,290.188,693.916
data-analyst-1786004112-4da58134ace9,290.276,673.372
deep-researcher-1786004112-08e367ec353c,290.307,537.931
wide-researcher-1786004112-0eb77426b35e,290.339,422.750
data-analyst-1786004014-9fd287bd349a,290.354,290.354
reviewer-1786004112-5ea0367fc5c3,290.359,684.231
data-analyst-1786004025-1897fb262a68,290.370,290.370
data-analyst-1786004021-14353a643c52,290.384,290.385
data-analyst-1786004024-742077e5c887,290.460,290.461
data-analyst-1786004015-bd5c5135479e,290.620,290.620
data-analyst-1786004112-c62a622197a2,290.629,654.683
data-analyst-1786004022-49227f3fcf26,290.639,290.640
deep-researcher-1786004112-3ca4f425beea,290.648,539.694
wide-researcher-1786004112-7af2e070a06d,290.670,523.166
reviewer-1786004112-4059b176fafc,290.742,685.733
data-analyst-1786004013-f7751f8799bd,290.804,290.805
data-analyst-1786004112-10251a9a4822,290.813,641.094
deep-researcher-1786004112-fa72052b954e,290.833,421.190
wide-researcher-1786004112-d833c045cd48,290.946,684.269
data-analyst-1786004019-88ec261756d0,291.033,291.033
reviewer-1786004112-f02f7abc44a6,291.041,684.916
data-analyst-1786004025-44aa08f7cf9f,291.111,291.112
data-analyst-1786004021-2dff54086434,291.126,291.126
data-analyst-1786004113-097fcd75bf5e,291.149,695.982
data-analyst-1786004027-607f90e73322,291.174,291.175
deep-researcher-1786004113-91a60e05f3c5,291.261,682.400
data-analyst-1786004008-f1ec0d356560,291.291,291.292
data-analyst-1786004010-9d2d3d8deb0b,291.318,291.318
wide-researcher-1786004113-888a4ec6dad3,291.340,528.406
data-analyst-1786004019-5d5913cad883,291.349,291.350
reviewer-1786004113-ebb3f383913f,291.386,650.746
data-analyst-1786004020-9fe283eb2247,291.395,291.395
data-analyst-1786004027-55dad1db078f,291.409,291.410
data-analyst-1786004113-064240fd99fb,291.433,657.881
data-analyst-1786004021-c59bd00ab8af,291.473,291.473
deep-researcher-1786004113-951a6a9a55ba,291.473,527.452
data-analyst-1786004013-ca6a577ec0d9,291.518,291.518
data-analyst-1786004024-9c76263f5535,291.644,291.645
wide-researcher-1786004113-4c2356471824,291.653,530.134
reviewer-1786004113-b3bf28367122,291.697,693.327
data-analyst-1786004022-4af8cc5ff1ad,291.705,291.706
data-analyst-1786004027-64c27cad8136,291.719,291.720
data-analyst-1786004020-ee96a0610e8e,291.747,291.748
data-analyst-1786004113-e459257d9581,291.760,691.398
data-analyst-1786004021-808bb6336e7d,291.777,291.777
deep-researcher-1786004113-5122154139cf,291.790,669.019
data-analyst-1786004014-63877f072d4e,291.794,291.794
data-analyst-1786004024-47f7b292fc8a,291.807,291.807
wide-researcher-1786004113-6bddb5cefc67,291.819,683.987
reviewer-1786004113-93bd27b440bf,291.849,685.373
data-analyst-1786004113-094f60a0a75c,291.879,660.351
data-analyst-1786004019-cb698fc9f73f,291.914,291.915
data-analyst-1786004022-6c780c6b279b,291.958,291.959
data-analyst-1786004014-062fbc25151e,291.985,291.985
deep-researcher-1786004113-9a7342343e8f,292.051,610.249
data-analyst-1786004024-8b6c0eb48626,292.098,292.098
wide-researcher-1786004114-03593d2e0ced,292.110,646.897
data-analyst-1786004030-c51dd50c4010,292.140,292.140
reviewer-1786004114-6eddaf1c2520,292.145,671.570
data-analyst-1786004028-42793d864f34,292.186,292.187
data-analyst-1786004114-c7ec857d9896,292.195,678.298
deep-researcher-1786004114-35b31971a55f,292.235,688.402
wide-researcher-1786004114-7a56216f4fee,292.262,537.790
data-analyst-1786004007-aad8a60452f2,292.266,292.266
data-analyst-1786004013-0976f5c1a028,292.321,292.321
reviewer-1786004114-c4337a4aac6c,292.330,689.726
data-analyst-1786004007-feae20ac155d,292.338,292.339
data-analyst-1786004010-c34e79318cc9,292.353,292.353
data-analyst-1786004019-c4532531d3f1,292.366,292.366
data-analyst-1786004009-19a5d8f9eae7,292.379,292.380
data-analyst-1786004024-58d6d5255ac9,292.394,292.394
data-analyst-1786004114-079b2c4cd55d,292.417,651.037
deep-researcher-1786004114-284e08574ac2,292.446,417.533
wide-researcher-1786004114-3e9d3840cd47,292.467,429.787
data-analyst-1786004028-4f39a01767a2,292.491,292.492
reviewer-1786004114-6f59b3bbd10a,292.525,672.113
data-analyst-1786004019-e3393e6bbea9,292.537,292.538
data-analyst-1786004011-8ee65e3447bc,292.607,292.608
data-analyst-1786004014-bc145ebc105b,292.639,292.639
data-analyst-1786004114-9052ac89c350,292.667,687.263
data-analyst-1786004010-b2e1a6224f6d,292.671,292.671
data-analyst-1786004019-92023c67c53e,292.714,292.715
data-analyst-1786004018-ec7b8182940a,292.741,292.742
data-analyst-1786004023-5ee60abc3293,292.784,292.784
deep-researcher-1786004114-4d2f4cae61b3,292.859,410.191
wide-researcher-1786004114-a8c8ee4377e7,292.901,690.864
data-analyst-1786004020-72ad133c5c91,292.918,292.919
reviewer-1786004114-fdc667812422,292.940,685.986
data-analyst-1786004015-044af1157a06,292.962,292.963
data-analyst-1786004114-cfd456a00fd2,292.981,657.164
data-analyst-1786004028-d17d05f42699,292.995,292.995
data-analyst-1786004033-e3e1d7f14dbd,293.021,293.022
data-analyst-1786004010-cd5a8275bb3a,293.087,293.087
data-analyst-1786004015-83b664782147,293.100,293.101
data-analyst-1786004010-c86e404a015e,293.114,293.115
deep-researcher-1786004115-56755df98e9c,293.123,555.017
data-analyst-1786004032-b16ef00f4eca,293.146,293.146
wide-researcher-1786004115-897094dac361,293.190,445.650
data-analyst-1786004022-2917069375b8,293.262,293.262
reviewer-1786004115-a472a9dfc63f,293.266,662.627
data-analyst-1786004013-9aec1059aa1f,293.279,293.279
data-analyst-1786004024-c1170c0d7bfb,293.292,293.292
data-analyst-1786004115-c330257cd210,293.356,690.285
deep-researcher-1786004115-916c2b0b0a2c,293.384,542.472
wide-researcher-1786004115-4bc231deddae,293.401,524.806
reviewer-1786004115-4542e83f1fe4,293.431,627.730
data-analyst-1786004115-3e31febdce1c,293.559,670.674
deep-researcher-1786004115-ed3a4fd2d704,293.619,700.465
data-analyst-1786004037-150f6ec93b39,293.664,293.664
wide-researcher-1786004115-311dc1c7420d,293.672,546.000
reviewer-1786004115-55ff0b7ab115,293.695,687.619
data-analyst-1786004115-d2c231d22185,293.770,651.294
data-analyst-1786004011-e6235d709236,293.780,293.780
data-analyst-1786004040-bdfd16dded9b,293.808,293.809
data-analyst-1786004038-0c5a3163516e,293.824,293.825
data-analyst-1786004033-760287966ae7,293.854,293.855
deep-researcher-1786004115-ccc46299c501,293.854,645.225
data-analyst-1786004010-1e77a7b25013,293.887,293.887
data-analyst-1786004029-cf64d3e9fc22,293.902,293.903
data-analyst-1786004013-def044959560,293.916,293.917
wide-researcher-1786004115-f999320fc564,293.930,646.817
reviewer-1786004115-74f693ca28fe,293.962,671.462
data-analyst-1786004028-9fe27a3ce718,294.045,294.045
data-analyst-1786004040-f6e5dc2829f2,294.059,294.059
data-analyst-1786004038-0b4eb5b36e62,294.133,294.133
data-analyst-1786004115-ef474e6b84c3,294.169,605.157
data-analyst-1786004040-a70e939bb883,294.255,294.255
deep-researcher-1786004116-720f39108958,294.264,537.182
data-analyst-1786004024-94e0c1c7b711,294.303,294.304
data-analyst-1786004037-dbd6474842b7,294.317,294.317
wide-researcher-1786004116-6b9b86d777b6,294.321,420.810
data-analyst-1786004013-4a5c33f55092,294.333,294.334
reviewer-1786004116-200ac43da61a,294.351,653.320
data-analyst-1786004038-e413c6117e0d,294.392,294.392
data-analyst-1786004116-994b22b4ad49,294.414,567.248
data-analyst-1786004020-1147c03f8cbd,294.424,294.425
deep-researcher-1786004116-6de330bcca35,294.462,421.258
wide-researcher-1786004116-b326c20e30f1,294.491,437.649
data-analyst-1786004036-75aa04f431af,294.514,294.515
data-analyst-1786004027-ac03b91caff9,294.571,294.572
data-analyst-1786004030-4c72c71b9125,294.612,294.612
data-analyst-1786004041-4bccc3588a10,294.625,294.626
data-analyst-1786004015-9ed7bbd56338,294.639,294.639
data-analyst-1786004038-9a84fee8af3f,294.664,294.665
data-analyst-1786004040-f436d8e21b43,294.679,294.679
data-analyst-1786004042-0470a0105e89,294.692,294.692
data-analyst-1786004014-29cd784fd27f,294.705,294.705
reviewer-1786004116-f5403b1f724c,294.713,670.132
data-analyst-1786004037-0dfd32b36225,294.736,294.736
data-analyst-1786004018-68e083d7f605,294.749,294.750
data-analyst-1786004028-b2ddb94832fd,294.764,294.765
data-analyst-1786004024-84804781ed81,294.777,294.778
data-analyst-1786004116-77b53ef607ed,294.782,689.963
deep-researcher-1786004116-224d5c922d33,294.799,520.861
data-analyst-1786004042-9fe027f4ab80,294.812,294.812
data-analyst-1786004025-419a3dea2138,294.838,294.838
wide-researcher-1786004116-ab820776e6dc,294.865,651.159
data-analyst-1786004042-73615d7a335e,294.869,294.869
data-analyst-1786004029-bc199a1673cd,294.881,294.882
reviewer-1786004116-e0d43bf1c943,294.894,630.252
data-analyst-1786004040-5081387e5d6c,294.895,294.898
data-analyst-1786004036-257944aae02a,294.926,294.926
data-analyst-1786004038-0db137387712,294.939,294.939
data-analyst-1786004116-4880490cca61,294.943,642.733
data-analyst-1786004030-290e0ca180aa,294.955,294.956
data-analyst-1786004025-a9ed5b93bd13,294.968,294.969
data-analyst-1786004038-cf6e2ce609fb,294.982,294.982
deep-researcher-1786004116-b460b29e8477,295.064,424.755
data-analyst-1786004036-31f6c09d242f,295.083,295.083
data-analyst-1786004009-bea9cfa56fe5,295.097,295.097
data-analyst-1786004015-d2a3cd562ea7,295.111,295.111
wide-researcher-1786004117-ce6ed1a5ccb8,295.133,528.877
data-analyst-1786004040-c81b5ad5b606,295.141,295.141
reviewer-1786004117-794bcdf5ac4c,295.180,680.724
data-analyst-1786004014-f6d864577897,295.188,295.189
data-analyst-1786004117-629d9f02ce87,295.213,539.029
data-analyst-1786004028-e345983f6f77,295.223,295.223
deep-researcher-1786004117-e2c5ae76140d,295.263,701.952
wide-researcher-1786004117-297239841f9d,295.289,646.419
reviewer-1786004117-db390ea265e6,295.356,664.670
data-analyst-1786004014-7c1c0376bddf,295.422,295.422
data-analyst-1786004117-f016356855ae,295.434,639.781
deep-researcher-1786004117-43df77a52380,295.451,654.565
wide-researcher-1786004117-f5cb98c545dc,295.494,639.473
reviewer-1786004117-b401245a07b8,295.560,680.182
data-analyst-1786004117-6d6540821ab2,295.692,530.955
data-analyst-1786004012-44435b999808,295.728,295.728
data-analyst-1786004007-a2c495859821,295.769,295.769
deep-researcher-1786004117-2db65421871f,295.781,679.758
data-analyst-1786004033-1c35540e3214,295.785,295.785
wide-researcher-1786004117-3a04467f56ed,295.834,530.336
data-analyst-1786004012-57e0d43fe308,295.843,295.843
data-analyst-1786004007-3d490ae42698,295.857,295.857
reviewer-1786004117-474af6eb37d6,295.865,674.716
data-analyst-1786004040-730a86304cea,295.873,295.874
data-analyst-1786004117-c64b8bb7da48,295.920,567.161
data-analyst-1786004038-ba484e01b447,295.934,295.934
data-analyst-1786004022-74aab49c1441,295.962,295.963
deep-researcher-1786004117-45226060f7c6,296.006,531.547
data-analyst-1786004041-19efd75138c9,296.025,296.026
data-analyst-1786004019-18eb972581c7,296.039,296.040
wide-researcher-1786004118-e30cbe6dc4cd,296.180,478.914
data-analyst-1786004010-263008ed4bf1,296.191,296.192
reviewer-1786004118-41a543337c90,296.210,691.047
data-analyst-1786004019-36eb16e6e489,296.238,296.238
data-analyst-1786004047-def39beb4805,296.253,296.254
data-analyst-1786004020-20aea8c111a8,296.268,296.268
data-analyst-1786004118-b43bfd5842e6,296.308,658.822
deep-researcher-1786004118-8786f8913d2e,296.387,543.150
wide-researcher-1786004118-4215ed782980,296.407,522.190
data-analyst-1786004040-24640b003fe0,296.417,296.418
reviewer-1786004118-f92cedeefb01,296.426,675.950
data-analyst-1786004118-4419e33b261a,296.573,671.628
deep-researcher-1786004118-7304054c23d4,296.612,520.278
wide-researcher-1786004118-150535dc8b9e,296.679,424.460
data-analyst-1786004049-8f3df7312c9e,296.698,296.699
reviewer-1786004118-ed8e61b195db,296.720,688.733
data-analyst-1786004047-9c3e069b1ba5,296.730,296.730
data-analyst-1786004118-fcaa2045a119,296.765,683.025
deep-researcher-1786004118-76425a025d35,296.792,491.808
wide-researcher-1786004118-5c74a2f3b829,296.809,538.264
data-analyst-1786004036-747a7367a928,296.813,296.813
reviewer-1786004118-d9b261cfe612,296.870,687.880
data-analyst-1786004049-5b3bf0ab092f,296.918,296.919
data-analyst-1786004118-2dbb087db9e6,296.941,667.873
data-analyst-1786004047-97bbb887598f,296.978,296.978
deep-researcher-1786004118-e67355503504,297.003,522.523
data-analyst-1786004045-e40eed7f46a8,297.042,297.042
data-analyst-1786004049-c45bdeda15aa,297.056,297.056
wide-researcher-1786004118-8c22ab62b37c,297.060,673.239
data-analyst-1786004040-d468078027cc,297.101,297.101
data-analyst-1786004050-b79859baf68a,297.114,297.114
data-analyst-1786004019-8141bb9eea09,297.127,297.127
data-analyst-1786004016-d005b0341438,297.155,297.155
data-analyst-1786004021-a7011fdd4e3c,297.168,297.168
data-analyst-1786004029-2f964cceb0e1,297.181,297.181
reviewer-1786004119-d7c63a732117,297.215,687.684
data-analyst-1786004033-79aa627bce8f,297.240,297.241
data-analyst-1786004009-edaced49533d,297.255,297.255
data-analyst-1786004023-8b8ec8373385,297.270,297.271
data-analyst-1786004040-2774379f67f5,297.284,297.284
data-analyst-1786004050-e5d982c464fe,297.297,297.297
data-analyst-1786004033-598e9fb6dec7,297.327,297.328
data-analyst-1786004038-0578c40fe6a6,297.342,297.342
data-analyst-1786004119-6b74ad8872c8,297.350,644.677
data-analyst-1786004044-598739b7e658,297.375,297.375
data-analyst-1786004033-5d65455ddb73,297.390,297.391
data-analyst-1786004037-efaa59c17566,297.405,297.405
deep-researcher-1786004119-d4f094ee3b4e,297.428,636.313
data-analyst-1786004047-195a3fbd3599,297.527,297.528
data-analyst-1786004043-b70c9f7bbf05,297.541,297.541
data-analyst-1786004024-ce16b72f70ba,297.612,297.613
wide-researcher-1786004119-e5ff7349d8a7,297.644,533.155
reviewer-1786004119-68c68b3057b9,297.727,640.076
data-analyst-1786004026-640fb0b01424,297.786,297.786
data-analyst-1786004119-2e1709d5c7b2,297.805,679.333
deep-researcher-1786004119-5b9efcd2733e,297.824,531.914
data-analyst-1786004049-fb71db848fc8,297.854,297.855
data-analyst-1786004047-ba93432a0881,297.868,297.868
wide-researcher-1786004119-f2e83e32d23d,297.885,504.037
data-analyst-1786004030-58c0fd3b8f03,297.899,297.899
reviewer-1786004119-10038c49b9b1,297.904,663.688
data-analyst-1786004119-fc6c2a06572c,297.939,668.218
data-analyst-1786004019-39fbf858517d,297.965,297.966
deep-researcher-1786004120-be15a15d2834,297.979,635.214
data-analyst-1786004025-a00f3cfd5ab8,297.983,297.983
data-analyst-1786004025-34e6c639ba28,297.998,297.999
data-analyst-1786004050-191c020fd6d7,298.027,298.028
data-analyst-1786004049-544bbc23c4d2,298.056,298.056
wide-researcher-1786004120-d818721f6696,298.094,412.287
data-analyst-1786004051-284170413d8a,298.104,298.105
data-analyst-1786004038-6d573af370bc,298.118,298.118
reviewer-1786004120-51b25ef39da7,298.127,630.803
data-analyst-1786004054-f94a8a2eb075,298.150,298.150
data-analyst-1786004120-da9208247f7c,298.217,596.092
deep-researcher-1786004120-953c0033c10f,298.247,691.601
data-analyst-1786004044-4ba0a577edc8,298.289,298.289
data-analyst-1786004051-a118f62ede5d,298.302,298.302
wide-researcher-1786004120-d53752e792bf,298.310,636.110
data-analyst-1786004036-b1b0b5fc3f18,298.319,298.320
data-analyst-1786004050-56db834f6a31,298.346,298.347
reviewer-1786004120-a5f366c3869b,298.374,673.999
data-analyst-1786004024-67e74f66ae93,298.390,298.391
data-analyst-1786004053-f414bfc0437a,298.421,298.422
data-analyst-1786004051-d218bc1da74c,298.436,298.436
data-analyst-1786004120-3484533d0e37,298.463,689.182
deep-researcher-1786004120-c83977e9b515,298.505,693.113
data-analyst-1786004050-9388a2eaa76a,298.579,298.579
data-analyst-1786004044-6adc86b6f90d,298.607,298.607
data-analyst-1786004055-428a2f4a5395,298.620,298.620
data-analyst-1786004050-fda31e4bc117,298.632,298.633
data-analyst-1786004051-f987619cc6e1,298.646,298.646
data-analyst-1786004053-5510cc096577,298.664,298.665
data-analyst-1786004050-de2c078575d4,298.678,298.679
data-analyst-1786004042-26f411296b5c,298.719,298.719
data-analyst-1786004050-8a57f9d9facd,298.799,298.799
data-analyst-1786004047-c87d71e6d53e,298.812,298.812
data-analyst-1786004049-ab9c39c7b706,298.852,298.852
wide-researcher-1786004120-d554c394a083,298.857,525.291
reviewer-1786004120-c76b589406af,298.893,691.478
data-analyst-1786004027-0a25e93b284b,298.916,298.917
data-analyst-1786004052-2e9fcc115ea5,298.930,298.930
data-analyst-1786004120-393d4b06cb0c,298.938,630.534
data-analyst-1786004036-8ce0157e8295,298.948,298.949
data-analyst-1786004052-d91c9c697045,299.015,299.016
deep-researcher-1786004120-ac2cc08165c2,299.020,423.530
wide-researcher-1786004121-4628256440bb,299.095,528.184
reviewer-1786004121-d31e3dc47bbe,299.157,665.267
data-analyst-1786004049-dc239a09b29e,299.170,299.170
data-analyst-1786004010-37fefc4708a2,299.183,299.183
data-analyst-1786004121-18b329241cde,299.211,691.892
data-analyst-1786004050-6d1ca7c0569a,299.230,299.231
data-analyst-1786004042-a810cc7d8752,299.288,299.288
data-analyst-1786004020-b10a40f29a68,299.301,299.301
deep-researcher-1786004121-ca6e75a11f64,299.328,495.054
data-analyst-1786004055-08227a184f4b,299.338,299.338
wide-researcher-1786004121-5f7f9cf12814,299.416,686.771
reviewer-1786004121-d773f342eff5,299.435,670.455
data-analyst-1786004051-53bd73227f5f,299.485,299.485
data-analyst-1786004020-866efbd8d775,299.498,299.498
data-analyst-1786004057-17ee4bbc4cd0,299.554,299.555
data-analyst-1786004029-e320a4338b28,299.568,299.568
data-analyst-1786004121-5b19082d7e31,299.593,690.041
data-analyst-1786004038-1156f1496a6f,299.609,299.610
deep-researcher-1786004121-018843b5f806,299.610,683.573
wide-researcher-1786004121-3fee868802af,299.652,441.259
reviewer-1786004121-56df760f9cd6,299.727,658.475
data-analyst-1786004121-dcb1e554033b,299.790,696.261
data-analyst-1786004038-a0158baa4b46,299.804,299.804
deep-researcher-1786004121-cb0114e5f2c6,299.882,649.837
wide-researcher-1786004121-62c85889f720,299.901,526.560
data-analyst-1786004012-afe3e1c74b5b,299.908,299.908
data-analyst-1786004057-ea650a9e6312,299.922,299.922
data-analyst-1786004056-12f8037b8685,299.962,299.962
reviewer-1786004121-bd4e1e6a627e,299.962,636.905
data-analyst-1786004121-f72e441a1c17,300.026,670.707
data-analyst-1786004043-0a7fcbd3f9ff,300.162,300.162
data-analyst-1786004039-5eea0926aaa0,300.175,300.175
data-analyst-1786004054-889f6c3afd7a,300.219,300.219
data-analyst-1786004058-2abd819c9417,300.232,300.232
data-analyst-1786004009-e14f5de40652,300.245,300.246
data-analyst-1786004057-801a6c42ba08,300.273,300.273
deep-researcher-1786004122-9f98c9744153,300.311,679.083
data-analyst-1786004008-2d22e77453b9,300.342,300.342
data-analyst-1786004050-b75d72304539,300.356,300.356
data-analyst-1786004061-531e7d37df98,300.370,300.370
wide-researcher-1786004122-492f58d49d70,300.378,675.823
data-analyst-1786004061-e4f2e782768d,300.388,300.389
data-analyst-1786004051-c24f12ff5f8e,300.402,300.402
reviewer-1786004122-418617f068af,300.406,690.551
data-analyst-1786004053-da38ea80ff20,300.418,300.419
data-analyst-1786004059-375d29c01be0,300.432,300.432
data-analyst-1786004122-e22994c809cd,300.463,629.341
data-analyst-1786004023-dbe70aaf89b3,300.477,300.477
deep-researcher-1786004122-13a2ff074242,300.536,634.067
data-analyst-1786004042-c6dcdd69590f,300.557,300.558
data-analyst-1786004050-4e57e4624bf1,300.571,300.572
data-analyst-1786004061-14e04b3e283a,300.586,300.586
data-analyst-1786004059-3ceabc9798ca,300.626,300.627
wide-researcher-1786004122-285bba6cefa4,300.669,676.120
reviewer-1786004122-4bd4b8d98d55,300.725,683.101
data-analyst-1786004033-39d619eb2d2f,300.780,300.780
data-analyst-1786004061-408edf19c997,300.793,300.793
data-analyst-1786004054-20792b598f31,300.807,300.807
data-analyst-1786004122-b76f5817625f,300.840,675.194
data-analyst-1786004056-6e7f4e6814a5,300.855,300.855
data-analyst-1786004045-93b6512ea03d,300.870,300.871
data-analyst-1786004061-26f048b6c7f5,300.885,300.885
deep-researcher-1786004122-62ed9deff9da,300.909,669.621
data-analyst-1786004030-55bd59d74240,300.921,300.922
wide-researcher-1786004122-b41ecd951758,300.931,545.183
reviewer-1786004122-e4dc5cb9e86e,300.968,665.226
data-analyst-1786004123-851fdf05b313,301.106,674.362
deep-researcher-1786004123-35f915cbd5de,301.125,682.000
data-analyst-1786004038-192c517a7d4d,301.152,301.152
wide-researcher-1786004123-0b5219919d13,301.221,448.238
data-analyst-1786004016-c48012885350,301.297,301.297
reviewer-1786004123-b5850af383b3,301.297,699.290
data-analyst-1786004061-a04795bc0eff,301.313,301.314
data-analyst-1786004049-f20291bc05d8,301.327,301.327
data-analyst-1786004049-bf5d24f5ccba,301.384,301.384
data-analyst-1786004123-e09a2feeac30,301.401,681.665
deep-researcher-1786004123-002f8831f04e,301.419,684.289
data-analyst-1786004062-e49945fd86c4,301.459,301.459
wide-researcher-1786004123-4def0786e23e,301.471,644.981
reviewer-1786004123-ddcb82989b12,301.520,676.530
data-analyst-1786004058-4898c1cf3725,301.634,301.634
data-analyst-1786004123-2449b34583dd,301.659,584.428
deep-researcher-1786004123-79512befd4e9,301.699,543.067
data-analyst-1786004021-ee1729a39c34,301.734,301.734
wide-researcher-1786004123-88dc08167518,301.739,422.378
reviewer-1786004123-a33596dcfc6d,301.822,643.246
data-analyst-1786004064-dfbdddca77c9,301.846,301.847
data-analyst-1786004036-e121bf4dbc73,301.861,301.861
data-analyst-1786004123-d610b9988b94,301.894,665.916
data-analyst-1786004057-2494efadb8cb,301.990,301.991
data-analyst-1786004007-2657c4b89f71,302.020,302.021
deep-researcher-1786004123-93f488e7cb07,302.039,682.708
data-analyst-1786004066-eae0bd4945ee,302.054,302.055
data-analyst-1786004066-0fd3d573124c,302.071,302.071
data-analyst-1786004052-0a63124d47ef,302.149,302.150
wide-researcher-1786004123-e74d72ede1e2,302.163,532.753
data-analyst-1786004062-6a5c692f6c3a,302.168,302.168
data-analyst-1786004061-ef3a40f8d384,302.185,302.186
reviewer-1786004124-249ac56928d7,302.194,700.563
data-analyst-1786004037-d81b5e1861a3,302.199,302.199
data-analyst-1786004124-66adc29d1695,302.237,679.236
data-analyst-1786004040-944017ca1e60,302.264,302.264
deep-researcher-1786004124-e38feed9d323,302.340,527.550
data-analyst-1786004011-ead05887b270,302.340,302.344
data-analyst-1786004049-71a62d3c2043,302.358,302.359
data-analyst-1786004059-cf2c0bf58dd7,302.405,302.405
data-analyst-1786004067-9bccfb52a219,302.420,302.420
data-analyst-1786004066-a4f0b388cb91,302.436,302.437
wide-researcher-1786004124-f7776bc83bd7,302.445,649.469
data-analyst-1786004021-698376724937,302.455,302.456
reviewer-1786004124-0b2f64870161,302.464,690.510
data-analyst-1786004124-385df07f64f1,302.499,665.128
data-analyst-1786004036-7079567f35ec,302.510,302.511
data-analyst-1786004058-e79b0074f6f4,302.607,302.607
deep-researcher-1786004124-75b3614b573e,302.611,544.495
data-analyst-1786004067-4bf27b8fbbba,302.625,302.625
wide-researcher-1786004124-cb076f791288,302.669,543.543
data-analyst-1786004065-02963fd20992,302.674,302.675
data-analyst-1786004039-6925e0ad71c4,302.690,302.691
reviewer-1786004124-6e5ce70c21de,302.717,677.059
data-analyst-1786004056-ef69c1710b41,302.736,302.736
data-analyst-1786004067-3402d8b31d0d,302.751,302.752
data-analyst-1786004124-345de181bb4e,302.760,680.847
deep-researcher-1786004124-05d2a7a6135c,302.778,650.548
data-analyst-1786004069-e43765c7e6dc,302.788,302.789
wide-researcher-1786004124-ad85e7e0d5ed,302.813,521.121
reviewer-1786004124-9a2f9683a314,302.851,670.114
data-analyst-1786004016-ac207e9d0ff6,302.882,302.882
data-analyst-1786004008-cddea9f1b123,302.897,302.898
data-analyst-1786004124-1078aa18bffb,302.920,689.401
data-analyst-1786004055-3ed791377636,302.931,302.932
deep-researcher-1786004124-eaec4582cddd,302.991,642.121
wide-researcher-1786004125-a48c644e854a,303.038,528.821
data-analyst-1786004069-7d9aa4110235,303.087,303.087
data-analyst-1786004029-2ebb22511eb5,303.131,303.131
data-analyst-1786004071-ba082f20c1fc,303.160,303.160
reviewer-1786004125-0af7f8e250cb,303.168,667.574
data-analyst-1786004064-ddda0e001c7a,303.223,303.223
data-analyst-1786004069-a2ea8abff0e7,303.239,303.240
data-analyst-1786004045-0120d830213c,303.269,303.270
data-analyst-1786004063-67691c037fce,303.361,303.362
data-analyst-1786004125-f6aabe49e0af,303.405,542.401
data-analyst-1786004066-ffc71169b0a9,303.406,303.410
deep-researcher-1786004125-9429249372af,303.461,637.303
data-analyst-1786004067-dfa72c5cebfd,303.476,303.476
data-analyst-1786004056-716d37df4502,303.491,303.491
wide-researcher-1786004125-5cbf4ed1b3d8,303.552,564.493
reviewer-1786004125-8dd6e653ce31,303.621,672.034
data-analyst-1786004125-2e8ccb8bd4ed,303.685,689.238
deep-researcher-1786004125-76286488c6d7,303.713,510.426
wide-researcher-1786004125-b460410c9a97,303.760,521.559
reviewer-1786004125-2ccda9580c50,303.859,687.635
data-analyst-1786004040-218080f30c12,303.907,303.907
data-analyst-1786004125-3576466ca4d8,303.930,673.437
deep-researcher-1786004125-c0a994caeaa9,303.968,692.861
wide-researcher-1786004125-f272ae546330,303.985,664.610
reviewer-1786004126-9685b4f452e0,304.002,651.540
data-analyst-1786004126-791300b5beb0,304.114,618.832
deep-researcher-1786004126-c72c7e3e6386,304.138,565.401
wide-researcher-1786004126-e28ce28307b0,304.228,535.301
reviewer-1786004126-ac64e6780c9b,304.269,661.603
data-analyst-1786004066-a34b96156d19,304.316,304.316
data-analyst-1786004126-dbfb597883cf,304.320,686.458
deep-researcher-1786004126-c7ddc1dbb634,304.366,678.317
data-analyst-1786004069-f11ad8c4f73f,304.393,304.396
data-analyst-1786004058-376c512ec20b,304.424,304.424
wide-researcher-1786004126-72d144f2752d,304.424,527.778
reviewer-1786004126-5de1938b41a1,304.445,672.004
data-analyst-1786004067-c9c6970f2411,304.475,304.476
data-analyst-1786004020-ab05d2c438ab,304.489,304.490
data-analyst-1786004126-61d2e1f21864,304.554,668.544
data-analyst-1786004067-04fe3a7099aa,304.558,304.558
data-analyst-1786004069-b62daf916e68,304.640,304.640
deep-researcher-1786004126-cd873c0294f3,304.674,646.087
wide-researcher-1786004126-e5e908217e4c,304.693,665.167
reviewer-1786004126-5c5b60d1f6ce,304.721,670.578
data-analyst-1786004067-44894b40ce8a,304.738,304.738
data-analyst-1786004069-76d799acd469,304.751,304.752
data-analyst-1786004021-0b8046e1963a,304.849,304.850
data-analyst-1786004126-4c5bc6661390,304.850,691.336
data-analyst-1786004067-42b50434e732,304.910,304.911
deep-researcher-1786004126-2b58a35317c6,304.970,654.406
wide-researcher-1786004126-ccc03a04db4c,305.051,661.588
reviewer-1786004126-3827f505b9df,305.068,655.348
data-analyst-1786004127-d91f6c6f7b6a,305.130,695.016
deep-researcher-1786004127-bebdf366e805,305.151,472.198
wide-researcher-1786004127-0a9986d86475,305.191,571.638
data-analyst-1786004041-fabfaddb8ad3,305.254,418.149
data-analyst-1786004062-a0f39bf338b4,305.267,305.268
reviewer-1786004127-94dc1189a1c5,305.267,634.815
data-analyst-1786004127-d62d18d71396,305.368,650.302
data-analyst-1786004077-9685cab7ad3f,305.391,419.560
data-analyst-1786004077-fa43c9775006,305.403,408.764
deep-researcher-1786004127-1ff7a0567c55,305.447,685.775
data-analyst-1786004069-1ee4f3435033,305.473,305.473
wide-researcher-1786004127-7dc3e9154dd3,305.485,538.088
reviewer-1786004127-7395ce31910c,305.501,681.025
data-analyst-1786004077-e27e37a04ded,305.510,404.888
data-analyst-1786004077-3e107b7566d0,305.598,401.173
data-analyst-1786004077-cf3d99938dae,305.612,408.637
data-analyst-1786004127-212f6601aaab,305.628,597.280
deep-researcher-1786004127-5340fb841d98,305.654,532.246
data-analyst-1786004077-e61cf9d230c6,305.662,403.868
data-analyst-1786004057-b2355d79acb2,305.675,403.946
wide-researcher-1786004127-739d3c78fcde,305.685,590.295
data-analyst-1786004066-6f8fe7778b49,305.698,305.698
data-analyst-1786004053-f28ef55a1ef7,305.737,305.737
reviewer-1786004127-0d0048ef6a77,305.754,694.290
data-analyst-1786004127-770d575048a2,305.839,654.885
data-analyst-1786004077-254e8390ed88,305.839,426.993
data-analyst-1786004077-20d385a8b231,305.856,410.726
deep-researcher-1786004127-fd6cb5e22b77,305.874,520.726
wide-researcher-1786004127-33d861f32837,305.923,675.747
reviewer-1786004127-226884c6e84c,305.947,682.984
data-analyst-1786004128-d87117cd78f6,306.020,668.238
deep-researcher-1786004128-bf4ccdc709b4,306.057,424.538
data-analyst-1786004066-12bb53d94862,306.160,306.160
data-analyst-1786004067-07d28c423932,306.204,306.204
wide-researcher-1786004128-ce25e61a4c2c,306.208,548.660
reviewer-1786004128-44261405a964,306.364,645.422
data-analyst-1786004077-603ecc5fc67b,306.373,420.643
data-analyst-1786004077-23912800d9cd,306.387,406.482
data-analyst-1786004128-e3e6598e5b10,306.427,567.690
deep-researcher-1786004128-2dc1135503ea,306.485,533.185
data-analyst-1786004077-571939ee66ff,306.562,412.334
wide-researcher-1786004128-f7c482a42929,306.571,566.265
reviewer-1786004128-8651d765cbae,306.649,643.553
data-analyst-1786004068-54bdfa05817f,306.695,306.695
data-analyst-1786004128-ef91f2686ebb,306.703,536.670
deep-researcher-1786004128-2a3d25866470,306.778,569.933
wide-researcher-1786004128-c802926d1aca,306.797,607.486
reviewer-1786004128-fa510021b5a7,306.874,671.017
data-analyst-1786004128-e93e2b0b5360,306.947,531.773
deep-researcher-1786004128-2a8ca467eb3e,306.964,432.551
wide-researcher-1786004128-c139d1fd57d5,306.993,539.662
reviewer-1786004129-5070d60d70d9,307.021,692.645
data-analyst-1786004129-48ca6ce0243f,307.128,635.862
deep-researcher-1786004129-cc3965208126,307.172,692.501
data-analyst-1786004030-1a1ff60ea8cb,307.194,404.146
wide-researcher-1786004129-8d9804f33f43,307.203,560.616
data-analyst-1786004014-3a070e244974,307.208,400.357
data-analyst-1786004027-f4c6260f82ef,307.222,410.379
reviewer-1786004129-ebe8691a346d,307.254,699.667
data-analyst-1786004129-89095020b96c,307.305,699.766
deep-researcher-1786004129-e9f9d94c153d,307.342,690.474
wide-researcher-1786004129-7039527d0e64,307.389,542.100
reviewer-1786004129-e7a2d7331586,307.436,686.158
data-analyst-1786004129-b45d38cc6e1a,307.470,552.851
deep-researcher-1786004129-67f265839b68,307.509,529.792
data-analyst-1786004069-2a653bef4a16,307.522,424.584
wide-researcher-1786004129-88ae833691bd,307.539,423.961
reviewer-1786004129-63474b5fb5d1,307.696,684.020
data-analyst-1786004078-6e5a2f0cba8e,307.718,409.800
data-analyst-1786004078-012b192de6ab,307.731,409.785
data-analyst-1786004129-34133eef348a,307.745,692.128
data-analyst-1786004050-d7a56e18ae33,307.831,416.645
deep-researcher-1786004129-9dd4dcdb174e,307.888,424.569
wide-researcher-1786004129-a2ff290597ba,307.935,529.275
reviewer-1786004129-1fee1c767ef0,307.994,685.947
data-analyst-1786004056-7f53dc3c8d5e,308.039,406.872
data-analyst-1786004129-6bd2d4b934ca,308.074,676.101
deep-researcher-1786004130-57b5a27f371b,308.105,529.200
data-analyst-1786004058-a8fc5178cb18,308.118,568.221
data-analyst-1786004047-167076aa5fa2,308.137,308.137
wide-researcher-1786004130-b77c6e8b22f9,308.167,683.884
reviewer-1786004130-4d59edf80d60,308.214,685.178
data-analyst-1786004071-be35a6492242,308.240,404.685
data-analyst-1786004078-4c52d7c0c8b9,308.317,414.652
data-analyst-1786004078-2f074ce4741f,308.331,410.873
data-analyst-1786004067-8150d7d2b60d,308.362,308.362
data-analyst-1786004130-18f02c5b7bb6,308.397,682.325
data-analyst-1786004036-deb261c1aa71,308.422,308.422
deep-researcher-1786004130-5ca59e3b1412,308.468,692.773
wide-researcher-1786004130-28fd775b5b8c,308.486,530.824
reviewer-1786004130-4b349e5153ca,308.525,687.902
data-analyst-1786004130-ffbb9df0c89c,308.650,684.037
deep-researcher-1786004130-908f78064c40,308.689,680.235
wide-researcher-1786004130-4f78de3c82b4,308.757,636.476
reviewer-1786004130-740c33a4a828,308.787,681.983
data-analyst-1786004130-82f3675c9da5,308.855,689.668
deep-researcher-1786004130-0b18318a69e0,308.892,554.066
wide-researcher-1786004130-944f095d7a6e,308.950,649.420
reviewer-1786004130-a1c1fc5f44c1,308.967,680.106
data-analyst-1786004131-c6765d5f6572,309.023,524.186
deep-researcher-1786004131-aff81a0579cd,309.053,543.528
data-analyst-1786004019-9ffc9bc3620b,309.062,520.246
data-analyst-1786004049-27e584ebe752,309.075,412.350
data-analyst-1786004019-5a9369b0e768,309.089,409.082
data-analyst-1786004070-af0b1b9b4e55,309.103,309.105
data-analyst-1786004067-21b78fee9bee,309.118,309.118
wide-researcher-1786004131-ae58fd7420df,309.210,644.445
reviewer-1786004131-531e36a00fa5,309.259,637.378
data-analyst-1786004131-ed098f048b2c,309.390,645.784
deep-researcher-1786004131-e8ab0856a89c,309.456,695.457
data-analyst-1786004061-3526298d393b,309.456,309.456
wide-researcher-1786004131-dfafc56eb662,309.502,539.491
reviewer-1786004131-d667b11e0f29,309.575,627.820
data-analyst-1786004058-b7a828d6bf4e,309.625,309.625
data-analyst-1786004131-3f381f650c47,309.629,683.593
deep-researcher-1786004131-f4b28e90a2a8,309.681,686.929
wide-researcher-1786004131-1dd1a317fd11,309.802,688.530
reviewer-1786004131-8ed123f1bfa5,309.886,699.352
data-analyst-1786004066-0c432ec29011,309.913,309.913
data-analyst-1786004131-dccb821dbe9a,309.966,650.364
deep-researcher-1786004131-da9f07d8ae3b,309.995,559.666
wide-researcher-1786004131-38c126bd6892,310.032,540.911
reviewer-1786004132-303d4902faba,310.051,684.936
data-analyst-1786004070-c8ea6c3baef1,310.059,310.060
data-analyst-1786004072-f4e841b3e6e3,310.135,310.136
data-analyst-1786004072-55e8512dc5a3,310.150,310.150
data-analyst-1786004132-b7271eee860c,310.158,688.181
deep-researcher-1786004132-f6b53c7c8d95,310.201,531.121
data-analyst-1786004066-1e30e11cffa5,310.215,310.215
wide-researcher-1786004132-9eca83c32218,310.273,545.579
reviewer-1786004132-ef735a0b2be2,310.305,688.454
data-analyst-1786004132-43370bc2af3d,310.366,680.810
deep-researcher-1786004132-923e458a72f3,310.405,563.007
wide-researcher-1786004132-ef3d42cce997,310.451,647.608
reviewer-1786004132-488e9f5d6f1b,310.473,660.275
data-analyst-1786004132-464dbf4aaf81,310.560,689.591
deep-researcher-1786004132-f23228a6a0e2,310.734,655.254
wide-researcher-1786004132-d332897ff115,310.772,688.718
data-analyst-1786004018-c29cce3c90e5,310.824,407.510
data-analyst-1786004029-8e870b521a92,310.838,407.166
data-analyst-1786004067-6f07ea94c009,310.881,310.881
reviewer-1786004132-1e62505e8836,310.912,675.097
data-analyst-1786004132-ea43b7fa8949,310.952,680.867
deep-researcher-1786004132-c4d74f3ebdf7,311.088,640.944
wide-researcher-1786004132-d6713e7efc07,311.130,418.027
reviewer-1786004133-0774db1dae30,311.150,688.436
data-analyst-1786004062-b21d3f958ccc,311.173,311.174
data-analyst-1786004133-6e5cb9783425,311.191,655.996
deep-researcher-1786004133-1c566085deb9,311.230,692.483
data-analyst-1786004080-9876d88769e9,311.258,403.792
data-analyst-1786004080-7f395b046658,311.271,402.289
wide-researcher-1786004133-6db6c449b9e6,311.316,689.218
data-analyst-1786004063-db0149094995,311.371,401.090
data-analyst-1786004063-e6c7be415df7,311.389,311.390
reviewer-1786004133-b00e29cbb147,311.402,686.874
data-analyst-1786004133-5f0ba4597546,311.487,657.004
deep-researcher-1786004133-14ebfe94be2e,311.515,636.816
wide-researcher-1786004133-56b4704e3783,311.544,498.427
reviewer-1786004133-04561b4e345e,311.562,680.434
data-analyst-1786004133-e9e3c9494b5f,311.711,673.058
deep-researcher-1786004133-3f8988e73cfc,311.740,693.439
wide-researcher-1786004133-38cbc45a7337,311.777,523.452
data-analyst-1786004066-d6155cb6cafe,311.800,311.801
reviewer-1786004133-95a6906868a7,311.833,694.153
data-analyst-1786004133-10e5705577fc,311.971,650.979
deep-researcher-1786004133-b82307fce339,311.988,529.994
data-analyst-1786004077-4570418dc81c,312.116,409.905
data-analyst-1786004044-df81b50f65cd,312.133,312.133
data-analyst-1786004072-f70917b1481c,312.147,312.147
data-analyst-1786004057-b121319678f0,312.187,312.187
data-analyst-1786004038-9d172a7a767f,312.212,312.213
wide-researcher-1786004133-dfbe91fb5ba6,312.234,648.420
data-analyst-1786004057-3f09f395867c,312.274,400.743
data-analyst-1786004041-9d0ab6677d03,312.308,312.308
data-analyst-1786004070-0eafaef14267,312.322,312.323
reviewer-1786004134-ece93fd0a132,312.404,683.513
data-analyst-1786004134-6a9d5521bb6d,312.439,636.078
deep-researcher-1786004134-165cacab2119,312.469,688.749
wide-researcher-1786004134-97eb34e5e75b,312.595,663.130
reviewer-1786004134-93a6ae514939,312.640,643.586
data-analyst-1786004134-77b5a8e2b3d4,312.682,649.568
deep-researcher-1786004134-2b53db47fadb,312.745,429.090
data-analyst-1786004021-452248824ed4,312.768,529.516
data-analyst-1786004012-1789a2c4b70a,312.787,404.699
data-analyst-1786004030-eba9ce0e0d18,312.806,401.305
wide-researcher-1786004134-7e3f257f1a5d,312.834,660.683
reviewer-1786004134-12129f28b4f0,312.921,664.827
data-analyst-1786004134-34932426746e,312.978,651.792
deep-researcher-1786004134-686c0f861cfb,313.015,538.455
data-analyst-1786004076-a34dc0183614,313.031,313.031
data-analyst-1786004052-b91d68be1041,313.048,313.049
wide-researcher-1786004135-7686effd9595,313.066,692.414
reviewer-1786004135-27c6641b24ae,313.084,693.311
data-analyst-1786004069-71daf688be37,313.140,313.140
data-analyst-1786004064-dd97d536334d,313.194,313.194
data-analyst-1786004135-ba21a88c0056,313.227,691.317
deep-researcher-1786004135-eaed82d2b003,313.256,630.937
wide-researcher-1786004135-2d7a13042d99,313.286,567.705
data-analyst-1786004040-3a406ee7f496,313.297,313.298
data-analyst-1786004066-2896063fe307,313.312,313.314
reviewer-1786004135-b212840b9e0d,313.337,692.789
data-analyst-1786004081-81cf8a01e159,313.350,415.230
data-analyst-1786004081-d0daec97833c,313.364,413.531
data-analyst-1786004058-7dd38eeeb075,313.418,313.419
data-analyst-1786004135-a0b76c798826,313.427,688.563
deep-researcher-1786004135-974e1032a6cb,313.488,676.063
wide-researcher-1786004135-ad3c2876ca34,313.510,469.971
reviewer-1786004135-a15823f79951,313.574,687.318
data-analyst-1786004047-c205254cba89,313.642,399.755
data-analyst-1786004052-5b5a841bc20c,313.679,313.680
data-analyst-1786004039-60e7b9e5f903,313.712,313.712
data-analyst-1786004135-be6a0c0eddcb,313.749,525.898
data-analyst-1786004067-a58ea3ac4af3,313.857,313.857
data-analyst-1786004077-8988f354de9d,313.872,313.873
deep-researcher-1786004135-52dfd8cbbd04,313.917,694.010
data-analyst-1786004069-8726ce4aa756,313.949,313.950
wide-researcher-1786004135-b3b1dedabbdc,313.954,425.375
data-analyst-1786004051-9eb648211c38,313.969,313.969
reviewer-1786004135-44e2a115ba97,313.982,679.301
data-analyst-1786004077-3ce5a29d3ed3,314.014,398.560
data-analyst-1786004135-57ac5f592e48,314.100,668.294
deep-researcher-1786004136-13011693ea78,314.139,693.260
wide-researcher-1786004136-60df4d2f32f7,314.164,535.523
reviewer-1786004136-a1a56080fb99,314.192,689.931
data-analyst-1786004136-5dc22761a4eb,314.255,660.917
data-analyst-1786004063-4b211aca70fc,314.316,314.316
deep-researcher-1786004136-1775db7d3317,314.339,655.880
data-analyst-1786004032-31f9e54e3fa8,314.406,314.407
wide-researcher-1786004136-7757dd62d4cd,314.415,640.256
reviewer-1786004136-949dcb318f16,314.433,691.690
data-analyst-1786004067-2d524a40d7b7,314.476,314.477
data-analyst-1786004136-7e0ba3318b55,314.561,691.141
deep-researcher-1786004136-e8327e6a0a56,314.591,521.167
data-analyst-1786004058-98e8da830ab6,314.605,401.107
wide-researcher-1786004136-e1a5f8ba8ea7,314.609,522.892
data-analyst-1786004081-09a6469f6e7b,314.687,414.915
data-analyst-1786004081-41fa3340fa16,314.700,417.823
reviewer-1786004136-a2b1cd82e6c7,314.713,688.107
data-analyst-1786004081-1dcadbdcea68,314.713,402.954
data-analyst-1786004136-1276321cdd9c,314.766,615.786
deep-researcher-1786004136-ae5dd7f06a00,314.799,690.996
wide-researcher-1786004136-9e65ba881764,314.838,685.796
reviewer-1786004136-0cf069bef1df,314.858,650.728
data-analyst-1786004136-647d18649cf6,314.901,650.865
deep-researcher-1786004136-5306485119d5,314.992,531.720
wide-researcher-1786004137-6f66d22e41e5,315.026,675.614
reviewer-1786004137-4509e6925d8c,315.056,670.952
data-analyst-1786004137-c464032177a6,315.178,664.119
deep-researcher-1786004137-224c40cfd617,315.265,524.404
wide-researcher-1786004137-9acfab979272,315.305,522.987
reviewer-1786004137-162122a3ffdf,315.433,645.193
data-analyst-1786004137-b28e23ef1161,315.467,543.574
deep-researcher-1786004137-14a5ed858e8a,315.508,529.877
wide-researcher-1786004137-08872e28e623,315.655,643.273
reviewer-1786004137-f8ffc177e766,315.676,664.751
data-analyst-1786004082-687c033ad11c,315.710,406.729
data-analyst-1786004137-c7aff63f0c9a,315.719,686.040
data-analyst-1786004082-870f6a0ab952,315.728,429.337
data-analyst-1786004082-e8ee1f8fee44,315.763,421.059
deep-researcher-1786004137-3af0e51bf36e,315.768,539.406
wide-researcher-1786004137-190d0b5a0442,315.928,591.121
reviewer-1786004137-bde1694e11b2,315.945,679.098
data-analyst-1786004137-303396a78cb2,315.998,687.745
deep-researcher-1786004137-4afa084b1fff,316.056,524.329
wide-researcher-1786004138-693c626c0367,316.087,538.149
reviewer-1786004138-9b3ae51eb82d,316.120,566.290
data-analyst-1786004138-513dcef29800,316.221,660.174
deep-researcher-1786004138-bb21f1621143,316.285,533.348
wide-researcher-1786004138-9b41355486b4,316.352,558.437
reviewer-1786004138-382e17310884,316.371,674.248
data-analyst-1786004138-8e9192628332,316.415,675.598
deep-researcher-1786004138-a1a45a37e7a8,316.445,638.382
wide-researcher-1786004138-308b660e5e32,316.530,679.487
reviewer-1786004138-bea42b527983,316.574,694.250
data-analyst-1786004138-b523aa3969a2,316.615,682.114
deep-researcher-1786004138-61537124a506,316.720,690.333
wide-researcher-1786004138-39289d4f3dac,316.807,639.339
reviewer-1786004138-e77f60bdb206,316.904,690.735
data-analyst-1786004138-97580b86bfb9,316.948,696.627
deep-researcher-1786004138-0d99879efd14,316.967,686.714
data-analyst-1786004053-8f4dd8a63f61,317.002,414.930
wide-researcher-1786004138-1f5f45adaa4d,317.025,526.141
data-analyst-1786004049-cfbc3d6331b4,317.035,402.820
data-analyst-1786004051-afc99ca9f712,317.049,399.582
reviewer-1786004139-27fd410a5821,317.144,696.124
data-analyst-1786004139-9247ae5c5e1a,317.187,684.751
deep-researcher-1786004139-a347cbbb7f6f,317.230,422.344
wide-researcher-1786004139-6fdc2878cb09,317.266,665.448
reviewer-1786004139-9a8d287b5f09,317.353,699.616
data-analyst-1786004069-80e31a77859e,317.358,403.434
data-analyst-1786004013-6347c86f7ce1,317.409,317.409
data-analyst-1786004139-09dbc8e6bc9e,317.444,673.509
deep-researcher-1786004139-dc0e4dca5207,317.463,542.053
data-analyst-1786004076-3500f069d6d3,317.524,317.524
wide-researcher-1786004139-0e07025b50ad,317.573,631.400
reviewer-1786004139-70eede58dad5,317.602,671.204
data-analyst-1786004139-4280e9426bcc,317.634,638.257
deep-researcher-1786004139-6d81cc7714cb,317.779,538.012
wide-researcher-1786004139-a2499bce2bb3,317.866,656.945
reviewer-1786004139-c1c848de60d9,317.885,666.952
data-analyst-1786004139-de147636b3b9,317.959,669.684
deep-researcher-1786004139-c7ca7379f39a,318.005,673.979
wide-researcher-1786004140-d0a683ff7425,318.094,594.542
reviewer-1786004140-9e6c836ca524,318.125,674.776
data-analyst-1786004140-a72e38467b39,318.317,634.680
deep-researcher-1786004140-4601a188ad03,318.431,529.587
wide-researcher-1786004140-0dcb2f275768,318.463,549.647
reviewer-1786004140-fb723e67b499,318.524,653.233
data-analyst-1786004140-35afa6af6f58,318.580,681.180
data-analyst-1786004056-c5e033e70848,318.609,418.510
deep-researcher-1786004140-b0425fd32ce0,318.666,526.258
wide-researcher-1786004140-c48299a96b4d,318.695,688.011
reviewer-1786004140-7fd2ad31a1f8,318.712,666.764
data-analyst-1786004140-8383792fdc39,318.776,681.829
deep-researcher-1786004140-f7090e5a6111,318.863,526.330
wide-researcher-1786004140-db0a5cd0ca40,318.936,595.147
reviewer-1786004140-02c63dd189ce,319.014,694.589
data-analyst-1786004054-5484b7de1f17,319.059,409.636
data-analyst-1786004024-7c3e88a02f55,319.072,445.781
data-analyst-1786004018-b1f40cafac7c,319.086,416.581
data-analyst-1786004052-67561651afc1,319.098,409.098
data-analyst-1786004014-c8405a66c745,319.111,545.673
data-analyst-1786004140-3fd1bae04199,319.116,632.212
data-analyst-1786004015-a53577627d3c,319.128,399.048
deep-researcher-1786004141-973815d2db3a,319.146,539.295
wide-researcher-1786004141-eb7f6411ef51,319.280,689.610
data-analyst-1786004027-1894337e2d1f,319.327,319.328
reviewer-1786004141-e54336b22177,319.376,669.865
data-analyst-1786004141-9dc8ad585ba4,319.406,668.776
deep-researcher-1786004141-abcfb3e483e8,319.434,700.999
wide-researcher-1786004141-6a765f35d08d,319.549,539.280
data-analyst-1786004040-f085af488645,319.579,319.579
reviewer-1786004141-e4dd472cd081,319.601,660.207
data-analyst-1786004141-eaaf8dc88394,319.643,658.687
data-analyst-1786004076-dee1e6e6b070,319.860,411.357
data-analyst-1786004067-3d5f9b5df069,319.878,319.878
deep-researcher-1786004141-a215c3c3164d,319.948,680.888
wide-researcher-1786004141-51e4f4bb82d8,319.976,530.223
data-analyst-1786004084-4f9f52e76bdf,319.991,480.234
reviewer-1786004141-4b96ab81ee87,320.028,650.645
data-analyst-1786004141-7d77984cdf45,320.211,685.543
deep-researcher-1786004142-9a4e89c08601,320.243,458.948
wide-researcher-1786004142-69651fb414ff,320.365,656.571
reviewer-1786004142-1a2ebf6387be,320.480,684.386
data-analyst-1786004142-1b1657562737,320.523,679.037
deep-researcher-1786004142-0258cf09278c,320.572,684.651
wide-researcher-1786004142-7ba90ccf0290,320.601,557.603
data-analyst-1786004058-508c6862eb60,320.756,320.756
reviewer-1786004142-221cf644696a,320.788,671.479
data-analyst-1786004142-f26c0f954d73,320.868,655.600
deep-researcher-1786004142-cf534de32afc,320.886,545.042
wide-researcher-1786004142-604b5f6fa815,320.908,547.592
reviewer-1786004142-464614a61219,321.053,684.855
data-analyst-1786004143-84d825efb5f5,321.103,659.434
deep-researcher-1786004143-09181db52e9d,321.121,640.517
wide-researcher-1786004143-1f4cc570c239,321.329,670.793
reviewer-1786004143-03c2b2e05b40,321.394,638.863
data-analyst-1786004143-1b3d5ef7d402,321.508,674.229
data-analyst-1786004066-62acc57f6e31,321.529,411.871
deep-researcher-1786004143-33c5f5e85dae,321.541,700.059
data-analyst-1786004024-17c8d2886b9f,321.550,321.551
wide-researcher-1786004143-9b285baa4b98,321.595,498.582
data-analyst-1786004064-c2da95aa1bf2,321.622,321.622
reviewer-1786004143-373c405d3c9f,321.670,684.213
data-analyst-1786004143-b812786bc1ab,321.716,681.540
deep-researcher-1786004143-e00401f3d2f1,321.734,421.536
wide-researcher-1786004143-47e5d3542abb,321.768,599.180
reviewer-1786004143-66af19d3bcef,321.797,682.931
data-analyst-1786004075-e2cc2f851fa6,321.839,405.125
data-analyst-1786004063-6f6a65bee81b,321.859,321.860
data-analyst-1786004143-c421a192dd95,321.877,686.445
deep-researcher-1786004143-4345021ad554,321.956,635.637
wide-researcher-1786004143-25a8d21c6122,322.047,592.476
reviewer-1786004143-9eec9b5cadc6,322.083,694.048
data-analyst-1786004085-f7ebaaa09855,322.128,416.628
data-analyst-1786004085-39024f0ce3e6,322.141,417.326
data-analyst-1786004144-dc2d7ff4a412,322.145,630.033
data-analyst-1786004085-f5bb6683a462,322.157,406.138
deep-researcher-1786004144-c303c90f4ac8,322.175,579.924
data-analyst-1786004069-787d8cad77d2,322.202,322.202
data-analyst-1786004081-9c80a8f2bb30,322.259,414.156
data-analyst-1786004036-eea94fb8bba9,322.277,322.277
data-analyst-1786004059-0ed63f58ee4b,322.290,322.291
wide-researcher-1786004144-567fad657ef6,322.308,633.163
reviewer-1786004144-86353f30ea1d,322.393,683.311
data-analyst-1786004144-9b28e7481757,322.424,689.776
data-analyst-1786004062-1067c1552d5f,322.513,322.513
deep-researcher-1786004144-184c771003c7,322.581,523.121
wide-researcher-1786004144-05d9be9767a8,322.731,671.514
reviewer-1786004144-49cca7f09f61,322.840,666.631
data-analyst-1786004144-fb3186dffdd0,322.900,690.182
deep-researcher-1786004144-68fc312fa480,322.953,489.748
wide-researcher-1786004144-d2b416f51d20,322.992,548.290
reviewer-1786004145-437e59257e0f,323.020,660.898
data-analyst-1786004067-76ac42055e4c,323.033,323.033
data-analyst-1786004145-28c72e31a40c,323.065,687.920
deep-researcher-1786004145-9e375d956ff3,323.141,670.435
wide-researcher-1786004145-30439f6b3568,323.187,628.616
reviewer-1786004145-6d3e1483905f,323.242,695.117
data-analyst-1786004145-16a952213b54,323.275,661.698
deep-researcher-1786004145-bdbe98c24422,323.319,643.319
wide-researcher-1786004145-3b3f591501cf,323.390,672.965
reviewer-1786004145-3d94f18fdb95,323.500,561.737
data-analyst-1786004145-1029010e6554,323.547,670.873
deep-researcher-1786004145-aa0382329668,323.608,658.018
wide-researcher-1786004145-0e040ddc5d0b,323.648,525.516
data-analyst-1786004056-cbead3840ecc,323.712,423.682
data-analyst-1786004056-75a1c911c9b5,323.726,427.057
reviewer-1786004145-40be93b49d65,323.810,669.573
data-analyst-1786004066-0b6142cbd347,323.879,323.879
data-analyst-1786004145-0688135f0d4c,323.892,678.920
data-analyst-1786004058-5456e0d6fefa,323.893,323.897
deep-researcher-1786004145-b729e3fd09c4,323.910,541.819
data-analyst-1786004061-a509cf19440b,324.052,324.053
wide-researcher-1786004145-bca4721255f1,324.081,536.713
reviewer-1786004146-0b53c77f4647,324.098,679.723
data-analyst-1786004041-f1440b1dd435,324.133,324.133
data-analyst-1786004146-c593b7f4450b,324.167,608.461
data-analyst-1786004081-5242ff354899,324.214,399.741
data-analyst-1786004063-733ea2889cc7,324.234,324.234
data-analyst-1786004059-cad5e9d22320,324.247,324.248
data-analyst-1786004070-d5a65a079db9,324.368,324.368
deep-researcher-1786004146-d6c2a0c54a9a,324.372,642.202
data-analyst-1786004057-91a7592825c3,324.386,324.387
data-analyst-1786004066-ca276cb7a7bf,324.464,324.464
data-analyst-1786004067-72b1e9380520,324.479,324.479
wide-researcher-1786004146-e57fd9626cc9,324.537,641.212
reviewer-1786004146-ac533d7b7484,324.584,701.454
data-analyst-1786004029-3ee146a5246b,324.618,324.618
data-analyst-1786004146-1dc4d7aefd71,324.696,633.947
deep-researcher-1786004146-807131bca882,324.734,696.049
wide-researcher-1786004146-2328e23e1dc5,324.772,559.890
reviewer-1786004146-8fb9d79b54b2,324.809,699.708
data-analyst-1786004146-23d8316aeaf1,324.903,680.342
deep-researcher-1786004146-7c6aeb103b46,324.978,528.063
wide-researcher-1786004146-f7d657e11212,325.026,543.487
reviewer-1786004147-f75f2753aafe,325.055,674.633
data-analyst-1786004147-4b6dd93d70f5,325.163,656.323
data-analyst-1786004086-2e5938ddcaf4,325.182,405.111
deep-researcher-1786004147-79489b8f5654,325.194,551.550
data-analyst-1786004086-a767f68c6b57,325.248,404.993
data-analyst-1786004086-7c866ade83b5,325.261,422.359
wide-researcher-1786004147-c13ec30c30b0,325.287,526.819
reviewer-1786004147-341f33a958a1,325.319,666.933
data-analyst-1786004147-075871e57421,325.408,633.635
deep-researcher-1786004147-d99d8c11eec0,325.439,631.559
wide-researcher-1786004147-05a8dbac0075,325.582,676.983
reviewer-1786004147-0c056ef0dbbd,325.600,671.371
data-analyst-1786004147-7e000d656b6f,325.751,677.501
data-analyst-1786004084-ef05ecfc23f5,325.822,455.388
deep-researcher-1786004147-66739395ba45,325.866,648.014
wide-researcher-1786004147-2c7412abd03d,325.955,538.484
reviewer-1786004147-1455aa7d4751,326.007,694.169
data-analyst-1786004147-04f047679bf2,326.052,680.578
deep-researcher-1786004148-3902fe2b0c3a,326.085,537.332
wide-researcher-1786004148-5286327a2256,326.107,674.188
reviewer-1786004148-d1227480470c,326.171,692.268
data-analyst-1786004148-9b1acfeb32cc,326.252,633.055
deep-researcher-1786004148-4aa6d946d412,326.282,701.936
wide-researcher-1786004148-00d6b40751c2,326.322,453.130
reviewer-1786004148-216534342a4e,326.403,672.597
data-analyst-1786004148-e97bd507620e,326.498,663.921
data-analyst-1786004057-d9691191b40b,326.539,413.332
data-analyst-1786004057-caf852e1fb1a,326.554,407.087
data-analyst-1786004057-ad24e61bce8d,326.567,398.811
deep-researcher-1786004148-a75ee04ec1c0,326.572,531.028
wide-researcher-1786004148-de163b197c05,326.594,423.118
reviewer-1786004148-5d1b855abdb0,326.644,662.079
data-analyst-1786004148-ec8be48f8c7e,326.809,681.569
deep-researcher-1786004148-3434126609e3,326.838,528.170
data-analyst-1786004053-718163dbfa6e,326.870,326.871
wide-researcher-1786004148-f8fe82963d6c,326.928,641.886
reviewer-1786004148-1a15bc88363a,326.998,662.706
data-analyst-1786004148-d8646f94237c,327.049,679.188
deep-researcher-1786004149-3ffa76f7c8ec,327.097,672.081
wide-researcher-1786004149-a4dbaeea57a8,327.126,634.049
data-analyst-1786004087-83f85a6acf2e,327.135,531.406
reviewer-1786004149-4fda44a5d1c8,327.190,699.979
data-analyst-1786004087-de5c22435a20,327.220,457.074
data-analyst-1786004087-b2a3d2154d10,327.235,415.967
data-analyst-1786004149-b8647d92212e,327.263,689.708
deep-researcher-1786004149-2e581360d068,327.359,679.908
wide-researcher-1786004149-54b36619dc5f,327.380,597.404
data-analyst-1786004066-8d06303985d4,327.390,327.391
reviewer-1786004149-b1c1bd3fd791,327.431,667.042
data-analyst-1786004149-cb5f249acf08,327.497,643.207
deep-researcher-1786004149-766085f1cc23,327.539,687.053
wide-researcher-1786004149-b9257f87cf3e,327.693,631.527
reviewer-1786004149-500565fae6fe,327.751,694.827
data-analyst-1786004149-bfbb731aa086,327.823,663.394
deep-researcher-1786004149-ff824ff7de98,327.847,528.365
wide-researcher-1786004149-291d10b477a3,327.916,539.267
reviewer-1786004149-9e6eebad2202,328.026,689.572
data-analyst-1786004059-34ec151ffe7a,328.071,328.072
data-analyst-1786004150-943fa8936d93,328.080,667.159
deep-researcher-1786004150-7fb3beeccdd1,328.134,542.007
wide-researcher-1786004150-c3bd99fbf6e7,328.163,427.570
reviewer-1786004150-fa7cb91d5da8,328.318,675.422
data-analyst-1786004150-f4534dbcafe0,328.362,668.561
data-analyst-1786004057-901460bf1263,328.371,328.372
data-analyst-1786004082-b4491ecf4dcd,328.386,328.386
data-analyst-1786004060-58fb6b72608a,328.399,404.579
data-analyst-1786004077-96bd58c0f404,328.416,328.416
deep-researcher-1786004150-0a232cb23c5d,328.433,461.868
wide-researcher-1786004150-58f307bd1c01,328.471,676.725
reviewer-1786004150-59e3c8990ce0,328.509,699.397
data-analyst-1786004150-49c1937ea229,328.611,686.139
deep-researcher-1786004150-d312d43ac7e3,328.634,684.833
data-analyst-1786004075-d6984a3825f2,328.649,416.024
wide-researcher-1786004150-92a1f6f1edb2,328.709,536.358
reviewer-1786004150-46c0181617a5,328.766,665.568
data-analyst-1786004087-5c25f6fa8d92,328.807,405.526
data-analyst-1786004087-756a2e2440a6,328.820,421.817
data-analyst-1786004150-0bd4631852a5,328.866,678.693
data-analyst-1786004082-33e6b6cd19da,328.888,328.888
deep-researcher-1786004150-229d1ff5ad6f,328.944,629.476
wide-researcher-1786004150-bd17de4bdde1,329.007,666.008
reviewer-1786004150-2df44f0911cf,329.038,682.207
data-analyst-1786004151-56481801f406,329.109,644.178
deep-researcher-1786004151-acede4f55975,329.161,583.641
wide-researcher-1786004151-fc1b217a8a74,329.192,665.076
reviewer-1786004151-30c0ec358812,329.282,676.291
data-analyst-1786004151-a2a09fb7be10,329.335,691.264
deep-researcher-1786004151-e268d964aa1a,329.354,536.061
data-analyst-1786004058-d3cfe99db71e,329.482,407.617
data-analyst-1786004058-ed78f3cf0eac,329.496,411.109
wide-researcher-1786004151-0907f38b18c3,329.505,535.818
data-analyst-1786004058-372376ee4e55,329.514,427.275
reviewer-1786004151-561801a63766,329.543,681.460
data-analyst-1786004151-1680a3bddcb8,329.678,682.619
deep-researcher-1786004151-a8ed0fa5b045,329.726,520.685
data-analyst-1786004082-f77c919f2815,329.750,329.751
wide-researcher-1786004151-5ef537709a20,329.816,656.388
reviewer-1786004151-217513066205,329.838,674.541
data-analyst-1786004151-8c6a36c321ae,329.946,689.686
deep-researcher-1786004151-d15c86e48c70,329.977,636.873
wide-researcher-1786004152-1cf750d578dc,330.028,645.666
reviewer-1786004152-1d3dd954ed10,330.135,674.021
data-analyst-1786004152-f47024827ab5,330.208,675.485
deep-researcher-1786004152-cf37bf9bcfc9,330.298,700.343
wide-researcher-1786004152-7a9cb77650e7,330.378,679.366
reviewer-1786004152-79f587832541,330.407,686.582
data-analyst-1786004152-797b7d5d483a,330.458,683.632
deep-researcher-1786004152-91d5b372259b,330.514,658.159
wide-researcher-1786004152-6c15dde6cfa0,330.552,693.066
data-analyst-1786004077-6c8ce543b5e8,330.605,330.605
reviewer-1786004152-cdf5e0da1ee7,330.711,672.358
data-analyst-1786004152-b009038bb306,330.763,667.253
deep-researcher-1786004152-30e181177ca5,330.790,643.413
wide-researcher-1786004152-4fab7866d067,330.851,529.545
reviewer-1786004152-bfb421b4bf17,330.870,693.669
data-analyst-1786004152-42721e7ded96,330.913,670.233
data-analyst-1786004057-483762713a42,331.002,407.374
data-analyst-1786004057-360218738845,331.022,331.022
deep-researcher-1786004152-87e70a168e1d,331.045,627.745
wide-researcher-1786004153-494978f9dc3d,331.149,679.125
deep-researcher-1786004153-64f3b9dd9b15,331.166,689.840
wide-researcher-1786004153-b5fda5e62682,331.194,645.682
deep-researcher-1786004153-3357d01be847,331.317,538.774
wide-researcher-1786004153-a993117f742a,331.367,560.812
deep-researcher-1786004153-9129db2e4441,331.442,521.307
wide-researcher-1786004153-91f46411e77c,331.491,660.788
deep-researcher-1786004153-3f5b74d9c2e3,331.533,612.265
wide-researcher-1786004153-3b0d80842371,331.581,688.197
deep-researcher-1786004153-f4fe7f617dc5,331.638,693.551
wide-researcher-1786004153-c65ec0e70232,331.660,449.024
deep-researcher-1786004153-d09370a3125a,331.722,522.622
wide-researcher-1786004153-bb2eba826106,331.759,533.379
data-analyst-1786004029-95f44f0ff9d4,331.779,403.362
deep-researcher-1786004153-6a7628871b6c,331.788,547.339
data-analyst-1786004059-477c8a6a3acd,331.796,547.683
data-analyst-1786004059-464f1944dfa7,331.808,424.396
wide-researcher-1786004153-712a44bddc76,331.813,671.791
data-analyst-1786004059-748758da8657,331.825,522.173
data-analyst-1786004059-d843b5ec1927,331.838,415.773
data-analyst-1786004059-d238effb4875,331.852,417.219
data-analyst-1786004059-0bfc23465d93,331.865,408.389
data-analyst-1786004059-8f880031eeb8,331.879,402.020
deep-researcher-1786004153-0fe1cfbc6873,331.887,439.289
data-analyst-1786004050-6e2d25c9da85,331.896,400.833
data-analyst-1786004055-1e4a1e5fbdce,331.910,399.216
wide-researcher-1786004154-913775dc8974,331.928,527.916
deep-researcher-1786004154-d6d81a919e78,331.975,629.093
wide-researcher-1786004154-4bf25c46cd3c,332.020,651.908
deep-researcher-1786004154-2e989bc5195a,332.062,535.927
wide-researcher-1786004154-0bc892068e39,332.128,473.404
data-analyst-1786004089-873981b7aff9,332.182,408.263
deep-researcher-1786004154-d4476daa6087,332.217,693.746
wide-researcher-1786004154-2f306c21342c,332.237,637.890
deep-researcher-1786004154-766e799ac6cb,332.353,539.154
wide-researcher-1786004154-d5806fbbd695,332.371,527.751
deep-researcher-1786004154-02a56b121ad2,332.403,533.928
wide-researcher-1786004154-4ae9249f27c7,332.635,547.622
deep-researcher-1786004154-87d20075c246,332.663,657.104
wide-researcher-1786004154-ceea3c9c9c24,332.682,687.587
deep-researcher-1786004154-8739728ea2be,332.843,650.534
wide-researcher-1786004154-add31ad249f2,332.872,635.659
data-analyst-1786004070-8861a15fc1d9,332.895,332.895
data-analyst-1786004027-ec1580c9f6d8,332.953,332.953
deep-researcher-1786004155-18fca7567d12,332.981,610.600
wide-researcher-1786004155-b0afd02ae7bc,333.045,651.080
data-analyst-1786004084-95a1778008c7,333.127,522.575
deep-researcher-1786004155-8e8cdf30ffa1,333.143,689.538
data-analyst-1786004084-cb256dcdf6c4,333.147,412.084
wide-researcher-1786004155-289138d7bc48,333.160,529.906
deep-researcher-1786004155-790d55499eda,333.179,688.295
wide-researcher-1786004155-d5b38d0592b8,333.295,638.909
deep-researcher-1786004155-a9cb1790eba0,333.313,651.808
data-analyst-1786004084-d41bcd646cef,333.365,400.260
data-analyst-1786004075-a5a3f7e24c3d,333.411,333.411
wide-researcher-1786004155-40f399f5126f,333.447,541.772
deep-researcher-1786004155-c1159c97b37c,333.475,642.358
data-analyst-1786004075-5b6fa21154a2,333.489,333.490
wide-researcher-1786004155-7f7039bd66f5,333.575,554.274
deep-researcher-1786004155-7998f886cd94,333.741,627.669
wide-researcher-1786004155-813bb703bd99,333.811,536.592
deep-researcher-1786004155-57dac738e12d,333.880,520.502
wide-researcher-1786004156-8ef40e7ab777,333.911,545.620
deep-researcher-1786004156-39c294d3e77e,333.941,686.302
wide-researcher-1786004156-49fe01baac59,334.073,637.676
deep-researcher-1786004156-05ccbb705107,334.148,572.047
wide-researcher-1786004156-0ece047b2ed7,334.181,548.615
deep-researcher-1786004156-a9360f954756,334.220,662.656
wide-researcher-1786004156-d95192d5b3cd,334.340,663.298
deep-researcher-1786004156-3e3f1d513cde,334.391,535.803
wide-researcher-1786004156-86224a9c6893,334.501,532.599
deep-researcher-1786004156-b75bfd60a3ed,334.543,633.447
wide-researcher-1786004156-48419bdc3899,334.635,681.086
data-analyst-1786004030-81426638931c,334.635,417.249
data-analyst-1786004060-a5ec869940d1,334.653,405.338
deep-researcher-1786004156-b2736ec9427c,334.662,677.998
data-analyst-1786004060-09487457f3d5,334.671,423.576
data-analyst-1786004027-4ffcbab3f13d,334.684,402.114
wide-researcher-1786004156-99646fb89a83,334.693,664.370
data-analyst-1786004056-9e992710cb80,334.702,399.263
deep-researcher-1786004156-cca34b02e0c5,334.748,542.128
data-analyst-1786004090-8d00aac52590,334.795,421.522
wide-researcher-1786004156-e971b616ad3c,334.808,468.221
deep-researcher-1786004156-189c2efa660f,334.928,534.566
wide-researcher-1786004156-5f73aafe2f6a,334.969,529.850
deep-researcher-1786004157-afe4b85120fe,335.047,667.896
wide-researcher-1786004157-8661fc259d99,335.089,523.660
deep-researcher-1786004157-d76d24ef511b,335.161,693.146
data-analyst-1786004090-ad64112a2d09,335.169,409.200
data-analyst-1786004090-dfa25c87d22e,335.183,400.072
wide-researcher-1786004157-b9d342de9f55,335.235,676.591
deep-researcher-1786004157-0578dd34faa3,335.252,644.614
data-analyst-1786004090-ad92a76ae290,335.275,424.155
data-analyst-1786004090-97c2b09d8e26,335.289,412.559
wide-researcher-1786004157-7af5bf7d887a,335.301,537.720
deep-researcher-1786004157-f66553f996b9,335.329,693.211
data-analyst-1786004043-850f05a9d586,335.382,398.195
data-analyst-1786004085-a99dc24fddaa,335.399,335.399
wide-researcher-1786004157-9f2a32a6c4f8,335.431,666.844
deep-researcher-1786004157-88e3c4acc287,335.463,482.681
data-analyst-1786004072-555c6a93709d,335.552,399.651
data-analyst-1786004084-5529f65d964c,335.572,335.572
wide-researcher-1786004157-b58907cb7799,335.580,654.166
data-analyst-1786004080-0ab1a047bc42,335.590,335.590
deep-researcher-1786004157-b30785357901,335.686,568.080
wide-researcher-1786004157-098525c94d31,335.705,692.467
deep-researcher-1786004157-ec0946072391,335.732,674.736
wide-researcher-1786004157-d5a9a583503f,335.845,572.287
deep-researcher-1786004157-e2724c8d7e48,335.866,533.244
wide-researcher-1786004158-b8a92670e183,335.893,687.863
deep-researcher-1786004158-20923ccd9ad8,335.981,611.977
data-analyst-1786004090-431b1fec9942,336.008,410.713
data-analyst-1786004090-58453d6fd805,336.022,409.170
data-analyst-1786004056-bba14229cbc4,336.035,336.036
wide-researcher-1786004158-ed8f2229bdeb,336.053,460.683
deep-researcher-1786004158-789be2ed7720,336.143,589.621
wide-researcher-1786004158-9386af856ccc,336.171,534.170
deep-researcher-1786004158-69eb548e9f19,336.188,686.005
data-analyst-1786004076-76488d2691a2,336.207,336.207
data-analyst-1786004062-71a629119db9,336.222,336.223
wide-researcher-1786004158-50ec2b182d79,336.261,540.130
deep-researcher-1786004158-230446cc806e,336.289,534.757
wide-researcher-1786004158-4fb78c2d0cb6,336.319,640.401
deep-researcher-1786004158-f2822f0e8b83,336.339,424.846
wide-researcher-1786004158-7956ec9309f3,336.442,531.262
data-analyst-1786004066-1c702188b4fb,336.475,336.475
deep-researcher-1786004158-1dbfacceee35,336.484,532.233
data-analyst-1786004012-faea95d5c933,336.495,336.496
wide-researcher-1786004158-6e235f106dfa,336.513,665.651
deep-researcher-1786004158-a6b12153fa78,336.586,558.606
wide-researcher-1786004158-759cedbc327b,336.607,529.306
data-analyst-1786004059-aa1c6ee9938d,336.634,336.634
deep-researcher-1786004158-838e6c9c25a0,336.676,642.105
data-analyst-1786004066-ccfe41e35e73,336.727,336.728
wide-researcher-1786004158-d8950fc29e14,336.759,547.503
deep-researcher-1786004158-f578af496bf0,336.807,701.840
data-analyst-1786004050-c43d19e41ea8,336.880,336.880
wide-researcher-1786004158-a63aa9ce3302,336.897,546.029
deep-researcher-1786004158-8fb7de3856af,336.935,629.270
wide-researcher-1786004159-6bf17c8771ac,336.974,567.337
deep-researcher-1786004159-0b9999d7723d,337.049,526.404
data-analyst-1786004059-da49caccbd50,337.111,337.111
data-analyst-1786004030-8f18fb620047,337.125,337.125
wide-researcher-1786004159-c91f56e0e00d,337.198,630.988
deep-researcher-1786004159-8079ab30fa65,337.219,676.045
data-analyst-1786004084-fb97c551d140,337.289,337.290
data-analyst-1786004038-8d2bddb4d1c8,337.304,337.304
wide-researcher-1786004159-d418e30e4bbb,337.366,682.416
deep-researcher-1786004159-d4dcb60ce286,337.404,530.839
wide-researcher-1786004159-7680bf5b4cb5,337.441,668.679
deep-researcher-1786004159-911ad2cd1023,337.496,699.152
wide-researcher-1786004159-8b676346cce9,337.575,666.971
deep-researcher-1786004159-8682d40a538b,337.661,527.848
wide-researcher-1786004159-bd05eddb448f,337.689,676.868
deep-researcher-1786004159-66b9a6ff6db0,337.726,601.843
wide-researcher-1786004159-ba501bc0ee6b,337.775,532.405
deep-researcher-1786004159-9999d3222e96,337.806,691.729
wide-researcher-1786004159-d5b7d6d09212,337.850,532.157
deep-researcher-1786004159-60b59441c1b5,337.955,688.610
wide-researcher-1786004160-cb29bfce9bdd,337.988,607.065
deep-researcher-1786004160-506716b169c7,338.028,525.246
data-analyst-1786004061-68ba53a19624,338.044,424.342
wide-researcher-1786004160-b164fdd10a8f,338.098,529.922
deep-researcher-1786004160-b09d52b635d6,338.122,539.760
wide-researcher-1786004160-c96f1009a788,338.181,542.346
deep-researcher-1786004160-527461e7b7fd,338.390,537.106
wide-researcher-1786004160-bb331ce10def,338.419,547.793
data-analyst-1786004081-fe1d35f41497,338.433,338.433
deep-researcher-1786004160-ce13a86d4b0c,338.447,549.449
wide-researcher-1786004160-aee0b4498060,338.496,526.344
data-analyst-1786004082-f614501f58d7,338.581,338.581
data-analyst-1786004050-1b7a892d5da9,338.638,338.639
deep-researcher-1786004160-4bca6ce60f14,338.721,699.439
wide-researcher-1786004160-4a8e2c81cc4e,338.740,674.676
data-analyst-1786004077-19f3670692a6,338.782,408.950
data-analyst-1786004015-b67f1c497f50,338.799,338.800
data-analyst-1786004008-325443aa9c7a,338.868,338.869
deep-researcher-1786004160-ecff6e8de1a9,338.881,540.623
data-analyst-1786004026-62106a417805,338.885,338.886
wide-researcher-1786004160-8520f4e7e0a2,338.919,691.623
deep-researcher-1786004161-bb6664588b5e,339.046,692.804
data-analyst-1786004064-1f9aa9a31db8,339.057,408.814
wide-researcher-1786004161-6c1c5004e012,339.074,658.669
deep-researcher-1786004161-a81ac3307dc9,339.168,691.281
data-analyst-1786004054-53340a46cc0f,339.178,339.178
wide-researcher-1786004161-696378752b78,339.200,534.323
deep-researcher-1786004161-f29228980a0b,339.222,537.503
wide-researcher-1786004161-a58a012515ef,339.240,427.975
deep-researcher-1786004161-632cda1bb027,339.320,520.439
wide-researcher-1786004161-68aae0013a58,339.363,678.956
deep-researcher-1786004161-eb0b568953d4,339.477,683.394
data-analyst-1786004084-1a8c31a38aaf,339.549,339.549
wide-researcher-1786004161-0654061a2bb1,339.612,659.573
deep-researcher-1786004161-4d664f0c23ff,339.631,662.258
wide-researcher-1786004161-eb4dfa1a620d,339.692,542.486
deep-researcher-1786004161-6332215056d5,339.722,689.464
wide-researcher-1786004161-cae1b74d81e6,339.766,467.445
deep-researcher-1786004161-5a911f3b3e3f,339.796,686.491
wide-researcher-1786004161-dd871533ff18,339.861,527.590
deep-researcher-1786004161-2e700882c2bb,339.935,542.874
wide-researcher-1786004162-1484b5a9e862,339.963,541.875
deep-researcher-1786004162-4172ce74e5ef,340.003,510.808
wide-researcher-1786004162-90c2fbe948a8,340.196,438.599
deep-researcher-1786004162-f155e3110683,340.225,679.317
wide-researcher-1786004162-ebc5dd4acb66,340.259,535.411
deep-researcher-1786004162-b83f7d8b09ab,340.437,630.657
wide-researcher-1786004162-ca4eba8600cd,340.464,529.724
deep-researcher-1786004162-d2b52841282d,340.511,689.008
wide-researcher-1786004162-821b6fcfa492,340.553,561.054
deep-researcher-1786004162-33808c4a2455,340.676,694.731
wide-researcher-1786004162-c4fc3457dfe1,340.719,548.333
deep-researcher-1786004162-a796fdd6aac4,340.741,632.191
wide-researcher-1786004162-becfc0e6749d,340.779,546.647
deep-researcher-1786004162-a384e9d53092,340.829,654.013
data-analyst-1786004062-ca9652e35a16,340.849,403.932
wide-researcher-1786004162-f3b29e1ee4b1,340.857,667.377
data-analyst-1786004059-d79e98f57942,340.866,427.483
deep-researcher-1786004163-6172bc3ccce8,340.878,541.713
data-analyst-1786004058-0b4f471d27f9,340.879,409.034
wide-researcher-1786004163-6ad5aa3e6bfd,340.976,672.730
data-analyst-1786004021-5f82175f54c3,341.041,341.042
deep-researcher-1786004163-88623603d600,341.119,519.465
wide-researcher-1786004163-1f868133baab,341.205,656.763
deep-researcher-1786004163-aca16b45c2cf,341.245,635.231
wide-researcher-1786004163-466cf431e0bc,341.303,547.042
data-analyst-1786004054-7eda994e1a58,341.342,341.342
deep-researcher-1786004163-e2ecaa7c48ef,341.404,691.246
data-analyst-1786004075-60ba88e1c221,341.419,341.419
wide-researcher-1786004163-4bb3d068c256,341.516,637.587
data-analyst-1786004056-f6b32263e1a9,341.531,341.531
data-analyst-1786004085-05baccaaa10a,341.644,341.644
deep-researcher-1786004163-ebb6e45e219a,341.669,523.072
wide-researcher-1786004163-47862bbb89b4,341.700,644.211
deep-researcher-1786004163-a7a69f99308b,341.745,632.612
data-analyst-1786004092-0659299ec11e,341.797,410.625
data-analyst-1786004092-6e9fa9627fbd,341.812,415.331
data-analyst-1786004092-0b36055d24e7,341.826,418.390
data-analyst-1786004060-348808809c7b,341.841,341.841
wide-researcher-1786004163-ef72db2d8ea5,342.192,677.584
deep-researcher-1786004163-7963e5966387,342.222,540.994
wide-researcher-1786004164-cb95fa491e7e,342.256,555.781
data-analyst-1786004059-80aae8cc1bac,342.293,342.294
deep-researcher-1786004164-5b7fa57cf341,342.336,529.950
data-analyst-1786004087-2bb5bbca8642,342.347,342.348
wide-researcher-1786004164-147c90bc3ffb,342.391,541.744
deep-researcher-1786004164-893e1bacc352,342.449,540.183
wide-researcher-1786004164-82c8a8e70e67,342.498,656.587
data-analyst-1786004084-787b742d1cb7,342.540,420.929
data-analyst-1786004021-32c33d2e2feb,342.560,342.561
deep-researcher-1786004164-0c28fd9f5261,342.572,463.142
wide-researcher-1786004164-61bec60df534,342.630,683.290
deep-researcher-1786004164-d890f8629b06,342.659,531.420
wide-researcher-1786004164-ff4d0dc432bc,342.753,592.836
data-analyst-1786004092-4ec7be02398f,342.763,417.667
deep-researcher-1786004164-f49d3a386ba0,342.784,680.326
data-analyst-1786004092-a935192c2f37,342.784,404.192
wide-researcher-1786004164-c4f09dadfe22,342.817,678.443
data-analyst-1786004089-25167745c511,342.858,342.859
deep-researcher-1786004164-c310d5551f5c,342.880,545.646
wide-researcher-1786004165-ca0e092e86db,342.918,530.421
data-analyst-1786004068-3dc494a1d650,342.953,342.953
data-analyst-1786004061-a4a1ae99e723,342.974,342.974
deep-researcher-1786004165-d97ffbecebfd,342.979,689.298
wide-researcher-1786004165-9f2e694b6bd5,343.033,592.103
data-analyst-1786004059-d34bfe89f8d1,343.178,343.178
deep-researcher-1786004165-ec80b9639422,343.186,540.047
wide-researcher-1786004165-59c262b83940,343.256,682.294
deep-researcher-1786004165-1af3598d2afe,343.274,548.407
wide-researcher-1786004165-fa2d8c94b187,343.320,533.829
data-analyst-1786004058-646ed6ab0aed,343.389,343.390
deep-researcher-1786004165-b4c01d33c4c9,343.398,694.478
data-analyst-1786004029-adc2ec12e6b9,343.423,399.635
wide-researcher-1786004165-28e5f0785ee2,343.460,693.277
deep-researcher-1786004165-30a82efed847,343.487,535.685
wide-researcher-1786004165-48c4bce1e526,343.535,694.880
deep-researcher-1786004165-e7c4e8d7786a,343.574,649.452
wide-researcher-1786004165-db4e67b2d102,343.700,670.598
deep-researcher-1786004165-850e67e49f3f,343.745,524.036
wide-researcher-1786004165-9a0cd8741c9c,343.778,651.405
deep-researcher-1786004165-728df4f35e16,343.812,540.447
wide-researcher-1786004165-f1f795c02c30,343.847,524.982
deep-researcher-1786004166-c2b35e887731,343.898,565.667
wide-researcher-1786004166-fb8bdd56e8a5,343.958,531.318
deep-researcher-1786004166-4917f3388193,343.994,665.755
wide-researcher-1786004166-62998a9b6250,344.079,647.042
deep-researcher-1786004166-4d0dac2a6c6a,344.138,636.526
wide-researcher-1786004166-1965a832a14f,344.157,667.790
deep-researcher-1786004166-001d23363ccc,344.175,634.602
wide-researcher-1786004166-1a0217b37a04,344.228,528.792
deep-researcher-1786004166-294ec44b9e1f,344.259,533.551
wide-researcher-1786004166-3383e92f5cc3,344.305,592.518
deep-researcher-1786004166-5f6b791e13c7,344.461,700.834
wide-researcher-1786004166-2c8e07084f0c,344.541,524.848
data-analyst-1786004033-921acd847c8a,344.590,425.585
data-analyst-1786004033-d97c42257249,344.603,416.122
data-analyst-1786004063-d244f2c37fbf,344.615,410.095
data-analyst-1786004063-c2445dfd242e,344.629,402.374
data-analyst-1786004063-6d606641be77,344.642,410.982
data-analyst-1786004063-e88bcdbc4daa,344.656,458.706
data-analyst-1786004063-d7676d98e93b,344.671,410.741
data-analyst-1786004063-86bdee15c374,344.685,400.057
data-analyst-1786004059-ca6aa2e38238,344.699,406.773
deep-researcher-1786004166-79bf843fb24b,344.703,561.420
data-analyst-1786004057-9cf893f0a76f,344.716,413.096
data-analyst-1786004061-3f8834f09104,344.730,527.233
data-analyst-1786004060-8da71faf67f8,344.743,405.070
wide-researcher-1786004166-ce2c3bcc5c68,344.752,545.458
deep-researcher-1786004166-b6a482116768,344.790,528.433
wide-researcher-1786004166-4fe05b6cc220,344.843,534.884
deep-researcher-1786004166-fdd19cc700ff,344.962,643.791
data-analyst-1786004091-3187dedf24c1,345.052,398.180
wide-researcher-1786004167-862ac6d42071,345.119,682.557
data-analyst-1786004082-2aadb384643c,345.134,345.134
data-analyst-1786004062-02916b6042cf,345.148,345.149
deep-researcher-1786004167-bc2adf67d279,345.208,511.483
wide-researcher-1786004167-748b834dbf2f,345.255,541.446
deep-researcher-1786004167-bf089788592a,345.272,694.393
wide-researcher-1786004167-c3b539b6221f,345.289,537.548
deep-researcher-1786004167-8805b31a2f79,345.316,527.290
wide-researcher-1786004167-8505f90b2f63,345.371,635.677
deep-researcher-1786004167-94aba533eaed,345.405,526.607
data-analyst-1786004091-100fc1f56cd1,345.430,400.714
wide-researcher-1786004167-1cb447aa0a70,345.497,472.056
deep-researcher-1786004167-884a1ada3e75,345.601,654.426
wide-researcher-1786004167-d7777290101e,345.640,676.965
deep-researcher-1786004167-0913e29255df,345.670,630.604
wide-researcher-1786004167-203aea46ab72,345.688,676.571
deep-researcher-1786004167-5da1f7107247,345.745,547.293
data-analyst-1786004091-e8d75cc866e7,345.797,408.514
data-analyst-1786004084-9d71bd3db02e,345.814,408.167
wide-researcher-1786004167-1c817a5e4160,346.008,523.288
deep-researcher-1786004167-03a8312b7ea7,346.039,684.732
wide-researcher-1786004168-a2fcc1b9bb3f,346.057,690.713
data-analyst-1786004063-e606449154cc,346.086,346.086
data-analyst-1786004059-9294ed4d43d4,346.099,346.100
deep-researcher-1786004168-38a80da298b1,346.221,585.203
wide-researcher-1786004168-908b940173b9,346.297,627.881
deep-researcher-1786004168-a46dbefdf838,346.334,546.056
wide-researcher-1786004168-dc2eb3a7525a,346.353,542.233
data-analyst-1786004072-8497194f344f,346.386,399.000
data-analyst-1786004077-fdb3034ea12b,346.405,404.825
deep-researcher-1786004168-fe3eb0ba30f9,346.410,693.002
data-analyst-1786004055-06287997e195,346.424,410.299
data-analyst-1786004063-3d402aa96160,346.441,346.441
wide-researcher-1786004168-6ef7d83804c4,346.466,646.679
deep-researcher-1786004168-bd8e7c0b59ae,346.513,686.855
data-analyst-1786004066-ac55e3f023bb,346.589,346.590
wide-researcher-1786004168-f934b9b0a0b4,346.598,672.377
data-analyst-1786004063-c9ff420f9572,346.699,400.571
deep-researcher-1786004168-98a5646b217d,346.784,692.610
wide-researcher-1786004168-7558149aa12e,346.803,678.129
deep-researcher-1786004168-6cf7c9daef51,346.838,701.327
wide-researcher-1786004168-07d8fda8bd67,346.879,646.638
deep-researcher-1786004169-5e864550e76a,346.919,638.530
wide-researcher-1786004169-23e5741e0f89,346.980,676.789
deep-researcher-1786004169-2913b0cf77c9,347.008,534.535
wide-researcher-1786004169-8d5c8b1f9933,347.085,637.207
deep-researcher-1786004169-da9c7d56f1d5,347.112,563.311
data-analyst-1786004090-da07b5829dc7,347.167,407.597
wide-researcher-1786004169-a166d369561b,347.176,693.809
deep-researcher-1786004169-03f468825bc2,347.205,674.595
data-analyst-1786004051-b624ee58db39,347.222,347.222
wide-researcher-1786004169-db7e1ffb09c5,347.260,536.495
deep-researcher-1786004169-daed2e223d51,347.319,589.439
wide-researcher-1786004169-c103517967d9,347.388,527.821
deep-researcher-1786004169-f0e386a1c9f3,347.420,670.335
wide-researcher-1786004169-cbe49932317e,347.448,502.517
deep-researcher-1786004169-4e3e869fd0d1,347.498,545.858
wide-researcher-1786004169-833a3495908f,347.529,661.778
data-analyst-1786004059-94c81be1847e,347.540,402.084
deep-researcher-1786004169-6962e93236fa,347.572,675.784
wide-researcher-1786004169-66b355244d9c,347.718,544.538
deep-researcher-1786004169-cbb3426b39cd,347.787,640.003
wide-researcher-1786004169-e827fe0c59d9,347.817,526.006
deep-researcher-1786004169-234417732d17,347.851,523.390
wide-researcher-1786004170-933d46a1c346,348.025,545.772
deep-researcher-1786004170-faec0a1c4b39,348.141,635.794
wide-researcher-1786004170-f4bc328480c1,348.230,630.177
deep-researcher-1786004170-662cc98e863b,348.297,661.369
wide-researcher-1786004170-b318be2c0d08,348.315,529.890
data-analyst-1786004064-ad47a9de3ac8,348.329,405.621
data-analyst-1786004061-1cf4391ecf19,348.342,400.863
deep-researcher-1786004170-11e4d4b738d9,348.377,531.276
wide-researcher-1786004170-fc3bb8a7d331,348.428,547.878
deep-researcher-1786004170-f052f43aa513,348.528,699.321
wide-researcher-1786004170-0c2e411ad59d,348.627,546.072
deep-researcher-1786004170-d1e16882957f,348.686,702.376
wide-researcher-1786004170-295b01804878,348.715,686.072
deep-researcher-1786004170-3d46b8d19099,348.777,573.271
wide-researcher-1786004170-bffd77ae11e5,348.907,635.033
deep-researcher-1786004170-189cbef4d67f,349.074,687.539
wide-researcher-1786004171-20b7d704dadd,349.229,674.102
deep-researcher-1786004171-941bb0d142a0,349.289,628.486
data-analyst-1786004094-9edfcd0e70a7,349.306,403.709
wide-researcher-1786004171-145af8159275,349.307,652.009
data-analyst-1786004094-ca6c741e0b50,349.324,402.341
deep-researcher-1786004171-f5d640c8a76b,349.374,684.429
wide-researcher-1786004171-06af6d77d987,349.531,632.045
data-analyst-1786004067-7454cf6d9e58,349.541,349.542
data-analyst-1786004082-24a956c8bc82,349.555,349.555
deep-researcher-1786004171-81c465f6c505,349.616,533.721
data-analyst-1786004024-555b38246c06,349.661,349.662
wide-researcher-1786004171-39ac0ceb9bee,349.751,686.600
data-analyst-1786004059-d4ba88265057,349.788,406.251
deep-researcher-1786004171-e18752dee1db,349.802,553.049
wide-researcher-1786004171-7601be23fe4d,349.822,504.160
deep-researcher-1786004171-1122dcfb5a9b,349.861,561.565
wide-researcher-1786004172-958f48df6a79,349.890,644.645
deep-researcher-1786004172-527fdbbd8ff1,349.936,692.398
wide-researcher-1786004172-1bc7046f6e3d,350.005,674.695
deep-researcher-1786004172-b1012b87f3e2,350.036,660.158
wide-researcher-1786004172-45237988bd87,350.137,629.123
deep-researcher-1786004172-e2cfe48bdad1,350.201,540.640
wide-researcher-1786004172-9b34d9e0d61e,350.265,647.123
deep-researcher-1786004172-9c6401236879,350.335,692.145
wide-researcher-1786004172-831f5e8cd1c4,350.413,528.092
deep-researcher-1786004172-a1f841bebe87,350.474,548.362
wide-researcher-1786004172-e1800f8b33e6,350.529,553.139
deep-researcher-1786004172-bbab47a0ac7b,350.747,525.531
wide-researcher-1786004172-bce078d23a80,350.811,679.252
deep-researcher-1786004172-682c683dba83,350.881,547.698
wide-researcher-1786004172-ead8b9a275de,350.993,535.380
data-analyst-1786004095-aebfd04dad97,351.121,400.497
deep-researcher-1786004173-cd72b8da513d,351.125,552.732
data-analyst-1786004095-4d429278f673,351.138,416.995
data-analyst-1786004095-9fe39bd908ea,351.153,410.496
wide-researcher-1786004173-369736b7237a,351.178,540.238
deep-researcher-1786004173-69592df9da7e,351.220,538.105
wide-researcher-1786004173-ae6a03467958,351.263,558.408
deep-researcher-1786004173-fb6e192f9b78,351.304,540.359
wide-researcher-1786004173-05f0a2aeeb51,351.338,546.487
deep-researcher-1786004173-4eb0dab0ed30,351.368,695.661
wide-researcher-1786004173-14904495ab20,351.403,607.136
deep-researcher-1786004173-7108b65e9890,351.446,654.844
wide-researcher-1786004173-8be85ad1ecd4,351.516,536.432
data-analyst-1786004084-3679bd5b29b0,351.596,351.597
deep-researcher-1786004173-6498b5cd192d,351.609,541.861
wide-researcher-1786004173-80a59b9183ba,351.637,621.980
data-analyst-1786004095-3ec3fbddc64f,351.680,408.535
data-analyst-1786004095-13014c6a6cec,351.693,427.305
deep-researcher-1786004173-7455b34f1439,351.705,667.024
data-analyst-1786004095-b4155f5a907f,351.706,402.779
data-analyst-1786004067-96d766e60862,351.723,411.421
wide-researcher-1786004173-dfb7f3a08dbe,351.741,530.480
deep-researcher-1786004173-09d29407d8d9,351.790,543.180
wide-researcher-1786004173-2996e933f9df,351.849,654.764
deep-researcher-1786004173-a88711ad64be,351.920,510.440
wide-researcher-1786004174-b9b365937caf,351.989,630.740
deep-researcher-1786004174-13f98bb03ecb,352.019,701.196
wide-researcher-1786004174-28f124733952,352.264,543.051
data-analyst-1786004095-adb9a41ec5db,352.288,525.575
deep-researcher-1786004174-7997671f065f,352.296,694.231
data-analyst-1786004095-c40b3c4786dd,352.305,413.065
wide-researcher-1786004174-49c1c01dd3af,352.317,547.747
data-analyst-1786004095-c1eef75f68cd,352.317,423.412
data-analyst-1786004095-8e3579b40000,352.399,414.974
data-analyst-1786004095-dd0f8ac2e551,352.413,407.835
deep-researcher-1786004174-c128f0fa844e,352.511,540.536
wide-researcher-1786004174-526029597294,352.564,658.600
deep-researcher-1786004174-8c3dbcfa1287,352.671,661.512
data-analyst-1786004095-0e9219afc4c9,352.760,427.631
wide-researcher-1786004174-930705bb5f04,352.830,683.272
deep-researcher-1786004174-e02889655891,352.851,629.014
wide-researcher-1786004175-3c188fa73ae8,352.911,531.348
deep-researcher-1786004175-d53769d2d1ed,352.935,528.996
data-analyst-1786004061-d64e5ca2487e,352.996,352.996
wide-researcher-1786004175-b2212d8d3d93,353.031,687.073
data-analyst-1786004063-7feb9cb26af1,353.055,353.055
deep-researcher-1786004175-b70b935ee3d8,353.059,528.154
data-analyst-1786004065-6c9283407d9b,353.086,353.087
data-analyst-1786004075-f16a509ba20f,353.100,353.100
wide-researcher-1786004175-18864af54ff5,353.158,630.470
deep-researcher-1786004175-2bda02584395,353.220,520.631
wide-researcher-1786004175-262b21cc43c5,353.259,656.273
deep-researcher-1786004175-fc645ce1faff,353.301,521.542
wide-researcher-1786004175-95f467cb5cd0,353.432,644.268
deep-researcher-1786004175-b5f3c88f79ef,353.565,645.079
data-analyst-1786004020-8488df33e08a,353.569,353.570
data-analyst-1786004049-c039eef8b187,353.691,353.692
wide-researcher-1786004175-45924684ae15,353.754,692.382
deep-researcher-1786004175-717d2dc94b92,353.810,525.592
wide-researcher-1786004175-a3081c01c9df,353.829,673.290
deep-researcher-1786004175-a73c7204ea9a,354.062,526.545
wide-researcher-1786004176-d61c7d7feccf,354.148,675.646
deep-researcher-1786004176-16f8d2f10388,354.201,598.127
wide-researcher-1786004176-320da629157a,354.248,655.332
deep-researcher-1786004176-5e5a4b2b2001,354.278,620.275
wide-researcher-1786004176-15202ba3193a,354.317,526.897
deep-researcher-1786004176-7c4907eec863,354.360,671.304
wide-researcher-1786004176-2101939a2de3,354.399,537.267
deep-researcher-1786004176-d6a7ef113007,354.440,544.035
wide-researcher-1786004176-87a599fe7bc9,354.548,673.942
deep-researcher-1786004176-96675bbaca8e,354.577,548.046
wide-researcher-1786004176-0821076d7154,354.644,540.938
deep-researcher-1786004176-1d6776b741bd,354.674,533.597
wide-researcher-1786004176-09a0e586ab7b,354.733,685.711
deep-researcher-1786004176-a932e607d9be,354.772,532.507
wide-researcher-1786004176-e5dd34d9102a,354.802,528.489
data-analyst-1786004066-cd3908cd7593,354.820,408.798
data-analyst-1786004066-80ff87de7f52,354.834,515.086
data-analyst-1786004066-b32317efef6e,354.849,455.309
deep-researcher-1786004176-d6d21829acf3,354.857,635.479
data-analyst-1786004066-ae0142edb643,354.881,404.160
data-analyst-1786004066-de1576c1eb55,354.895,415.676
data-analyst-1786004066-a8482368c0c4,354.908,399.704
data-analyst-1786004019-4b675039441d,354.921,401.258
wide-researcher-1786004176-a3d9ae3a9724,354.932,669.099
data-analyst-1786004058-bbb2748009ec,354.941,401.456
deep-researcher-1786004177-d53a0200b236,355.013,641.835
wide-researcher-1786004177-b95fe856e554,355.076,683.453
deep-researcher-1786004177-12b657cd0172,355.274,545.079
wide-researcher-1786004177-c9785b11a814,355.321,540.312
deep-researcher-1786004177-a658dd86d9b3,355.354,680.768
data-analyst-1786004096-e272d86e34fa,355.389,410.931
data-analyst-1786004096-03caa0cacb40,355.402,421.207
data-analyst-1786004072-767f9497b02e,355.416,355.417
data-analyst-1786004076-f264f91c5eba,355.429,355.429
wide-researcher-1786004177-c83253937c50,355.570,674.758
deep-researcher-1786004177-138a4f43fdc9,355.597,631.042
wide-researcher-1786004177-878799b06a23,355.694,684.976
deep-researcher-1786004177-78dbd0175f59,355.716,572.444
data-analyst-1786004057-170376e9e531,355.716,355.721
wide-researcher-1786004177-5eb430021778,355.793,540.297
data-analyst-1786004061-1e11cdce2084,355.808,355.808
deep-researcher-1786004177-b3af492c1090,355.842,688.639
wide-researcher-1786004177-ed78031160ce,355.916,631.432
deep-researcher-1786004178-b55632723dc5,355.948,677.632
data-analyst-1786004073-6a97ec811506,356.059,356.060
wide-researcher-1786004178-6edcaffb3cf6,356.091,603.437
data-analyst-1786004096-d61ecee643df,356.125,411.455
data-analyst-1786004096-85ee242b7459,356.140,416.038
deep-researcher-1786004178-71582136f6b3,356.154,671.143
wide-researcher-1786004178-7a70f9e8908a,356.184,652.042
data-analyst-1786004049-b8b853dc0332,356.263,456.529
deep-researcher-1786004178-abb1352af9ef,356.282,627.653
data-analyst-1786004094-7131705cd0b0,356.287,422.300
wide-researcher-1786004178-7b0c85495d65,356.311,630.640
data-analyst-1786004075-645550d3cd69,356.325,356.325
data-analyst-1786004060-00e6d5cd94ec,356.446,356.447
deep-researcher-1786004178-025482e07a80,356.512,522.250
wide-researcher-1786004178-145b13b7b827,356.531,679.925
deep-researcher-1786004178-d950294ea7fd,356.594,546.544
wide-researcher-1786004178-74c103a89191,356.790,657.520
deep-researcher-1786004178-276fce5d2c70,356.831,699.997
wide-researcher-1786004178-1249f3b4e3ab,356.852,691.173
data-analyst-1786004089-ea760072449f,356.878,407.908
deep-researcher-1786004179-baf18488f668,356.910,592.181
wide-researcher-1786004179-df92c63d93e1,357.092,700.873
deep-researcher-1786004179-a1a4de122c2e,357.209,558.244
wide-researcher-1786004179-9dbd665334f7,357.278,632.010
deep-researcher-1786004179-ad0fd2eab29b,357.310,659.801
data-analyst-1786004087-c50977a17bf0,357.342,404.566
wide-researcher-1786004179-cae0a2ebf436,357.362,683.733
deep-researcher-1786004179-dbf238071ebf,357.428,603.560
wide-researcher-1786004179-9e7b7e433ce5,357.459,629.790
data-analyst-1786004096-0e962f5a21ca,357.504,541.209
data-analyst-1786004009-02d7ce30eca4,357.532,357.533
deep-researcher-1786004179-769977d616f3,357.564,651.824
wide-researcher-1786004179-27caffef4aeb,357.604,674.614
deep-researcher-1786004179-4bfeb9a5d0f7,357.676,544.836
wide-researcher-1786004179-81e49b922936,357.759,543.964
deep-researcher-1786004179-a5a198b634b0,357.796,562.383
wide-researcher-1786004179-2df293d764f8,357.824,690.149
data-analyst-1786004096-31b72f435304,357.866,399.101
deep-researcher-1786004179-3a256729522d,357.943,558.055
data-analyst-1786004087-bbd559b72b02,357.990,357.991
wide-researcher-1786004180-fe4aa082a287,358.036,542.332
data-analyst-1786004084-b5287051f270,358.101,358.102
deep-researcher-1786004180-0f026d14ee44,358.288,538.498
wide-researcher-1786004180-5fc36cbaf6bc,358.376,686.413
deep-researcher-1786004180-4e01958777d0,358.545,699.186
wide-researcher-1786004180-806289a882b1,358.602,679.657
deep-researcher-1786004180-d481ae06f744,358.678,545.503
wide-researcher-1786004180-ceb839b27988,358.717,683.674
deep-researcher-1786004180-6fc680684c76,358.747,562.794
wide-researcher-1786004180-9d6166562397,358.774,584.097
deep-researcher-1786004180-ce5e81d4fffe,358.792,679.400
wide-researcher-1786004180-cdf06c0cd97c,358.864,546.778
deep-researcher-1786004180-7de51f9127b1,358.882,530.265
wide-researcher-1786004181-17fe7d6bdc7c,358.969,543.164
deep-researcher-1786004181-5190f3ec1c21,359.079,687.011
wide-researcher-1786004181-487ceebd6656,359.119,664.350
data-analyst-1786004063-85a8c308240f,359.144,401.645
data-analyst-1786004057-9a989d900e2b,359.157,399.016
deep-researcher-1786004181-9814ff893599,359.162,682.052
data-analyst-1786004057-dcfe31484f69,359.174,411.291
data-analyst-1786004049-ce3a7a4a69ea,359.188,427.753
wide-researcher-1786004181-ebf1aaf78013,359.192,544.124
deep-researcher-1786004181-8f5c323d92fa,359.295,644.794
wide-researcher-1786004181-bbe9c16ac700,359.335,529.753
data-analyst-1786004097-59a3a8cb9b4f,359.434,402.621
data-analyst-1786004097-406158089ae3,359.447,422.513
deep-researcher-1786004181-9e541eda7ea5,359.451,551.433
data-analyst-1786004082-bc520c4d9392,359.465,359.465
wide-researcher-1786004181-afaeefb2db10,359.801,689.854
deep-researcher-1786004181-e42e453e5c33,359.872,693.294
wide-researcher-1786004181-0bc49ecae44a,359.890,673.811
deep-researcher-1786004182-bb84ed7b5312,359.941,699.520
wide-researcher-1786004182-4236b91af892,359.980,534.450
deep-researcher-1786004182-7269275e4bdf,360.056,682.340
data-analyst-1786004092-e6360786fbef,360.075,425.659
wide-researcher-1786004182-746bc60b5af5,360.146,670.691
deep-researcher-1786004182-f3d66932e2be,360.195,639.626
wide-researcher-1786004182-00cec13baa03,360.304,641.442
deep-researcher-1786004182-f55ab6891156,360.332,548.645
wide-researcher-1786004182-cbdc2bf3db4f,360.367,621.645
deep-researcher-1786004182-863320688a6e,360.386,643.868
wide-researcher-1786004182-76a73c34e5d7,360.453,682.477
data-analyst-1786004097-e3194d959e0a,360.476,407.461
data-analyst-1786004097-555a6220d0b7,360.488,417.055
deep-researcher-1786004182-c050ca6e20c9,360.574,693.391
wide-researcher-1786004182-5e05c5d7fac8,360.592,529.979
data-analyst-1786004097-3129d49a2b13,360.593,400.907
deep-researcher-1786004182-d186220886dd,360.619,544.420
wide-researcher-1786004182-aab3e7d8f3b6,360.637,701.347
deep-researcher-1786004182-fb55da381593,360.674,533.302
wide-researcher-1786004182-5a559cdee949,360.706,680.542
deep-researcher-1786004182-be34f0939a64,360.790,630.208
data-analyst-1786004059-06663220f76d,360.839,360.840
wide-researcher-1786004182-e0c3c60854e6,360.974,545.920
data-analyst-1786004095-0afb892cfa5c,360.984,400.540
data-analyst-1786004075-6d34aeb6bf12,361.001,361.002
deep-researcher-1786004182-55108d684b10,361.049,527.114
wide-researcher-1786004183-c2a8be653a2b,361.067,538.638
deep-researcher-1786004183-40c55a72d7de,361.121,544.570
wide-researcher-1786004183-32b5b9f2ad17,361.382,538.746
deep-researcher-1786004183-aeea245e4ab6,361.405,641.637
wide-researcher-1786004183-771ffaca4eb1,361.453,543.136
deep-researcher-1786004183-abf6c2efc684,361.573,638.992
wide-researcher-1786004183-581f577e9281,361.625,682.509
deep-researcher-1786004183-462d73207203,361.665,648.091
wide-researcher-1786004183-8a593e99fd73,361.694,642.953
deep-researcher-1786004183-f17f1c1bfa88,361.847,571.835
wide-researcher-1786004183-fe7c2ba0ffe2,361.888,545.975
deep-researcher-1786004184-3c16a1c674a8,361.960,680.084
wide-researcher-1786004184-eb0c14ce6c76,362.002,690.215
deep-researcher-1786004184-65b076ac9f7d,362.089,555.724
wide-researcher-1786004184-ee33f7590705,362.107,605.128
deep-researcher-1786004184-fd1e921af6cb,362.139,532.376
data-analyst-1786004038-63cdd82cfba6,362.160,401.990
data-analyst-1786004066-b6f184e27663,362.174,406.820
wide-researcher-1786004184-3b54a0cf6c36,362.292,544.094
deep-researcher-1786004184-878ad7f19214,362.313,534.676
data-analyst-1786004098-33988f889315,362.375,420.124
data-analyst-1786004098-511f66f30bdc,362.388,402.437
data-analyst-1786004098-858504805964,362.402,400.163
data-analyst-1786004085-fe2e70153263,362.427,362.428
wide-researcher-1786004184-da84c1671bed,362.475,637.733
deep-researcher-1786004184-153060a0ee16,362.493,540.520
wide-researcher-1786004184-14d3a8e0bae2,362.560,681.524
data-analyst-1786004098-12c70e54fbcb,362.604,411.140
deep-researcher-1786004184-f04c0a740b87,362.629,637.142
wide-researcher-1786004184-cecde86b3c94,362.687,646.502
deep-researcher-1786004184-fe9d1fa6f898,362.724,535.866
data-analyst-1786004066-4cdde8533e3d,362.790,402.490
wide-researcher-1786004184-9fec1334bc17,362.865,692.710
deep-researcher-1786004184-64cde7875a94,362.906,548.803
wide-researcher-1786004185-0fd7e3cf6c07,362.942,638.294
data-analyst-1786004084-29cbf78b692d,362.955,362.955
deep-researcher-1786004185-be20a1baabb8,362.998,544.078
wide-researcher-1786004185-e6794078cd23,363.079,658.933
deep-researcher-1786004185-3842b1a9e73c,363.122,679.469
data-analyst-1786004098-f3f4079bd9de,363.157,426.841
data-analyst-1786004098-fdb499cf3b22,363.172,404.059
wide-researcher-1786004185-d815f6e37911,363.182,548.421
data-analyst-1786004098-6169d185e80a,363.186,423.994
data-analyst-1786004087-1daa60f799e8,363.202,398.060
deep-researcher-1786004185-066ca01fa7af,363.239,542.586
data-analyst-1786004098-3f706aee20e3,363.285,423.349
wide-researcher-1786004185-3310ea53be1e,363.324,678.208
deep-researcher-1786004185-fe939849f78c,363.399,558.880
wide-researcher-1786004185-5c5137655eb3,363.465,525.203
deep-researcher-1786004185-2ff447fbfb99,363.505,672.496
wide-researcher-1786004185-7a9bed8442a0,363.600,640.992
deep-researcher-1786004185-f3ce72973ae2,363.621,645.333
wide-researcher-1786004185-2a0d18137071,363.685,679.583
data-analyst-1786004098-fdb5f19fdf72,363.729,427.468
deep-researcher-1786004185-db7c9c5388b7,363.733,524.452
data-analyst-1786004098-b40cea1720b4,363.747,404.840
data-analyst-1786004072-9233b35388d1,363.804,363.804
wide-researcher-1786004185-a2d7502e3e18,363.808,680.659
data-analyst-1786004091-b4776454ec14,363.927,401.321
deep-researcher-1786004185-3f6adf94fe26,363.980,641.941
wide-researcher-1786004185-a402f3a12829,364.004,699.552
data-analyst-1786004078-74cbba7afb99,364.114,409.395
deep-researcher-1786004186-911f0aebf85f,364.416,563.121
wide-researcher-1786004186-8f51ffc4b409,364.505,546.517
data-analyst-1786004086-8b858665d37d,364.545,424.206
data-analyst-1786004062-b4b2db857abc,364.565,364.566
deep-researcher-1786004186-2bcc8322c3a8,364.602,681.046
wide-researcher-1786004186-c9f61454fe40,364.682,667.127
deep-researcher-1786004186-6bc10310479c,364.704,667.175
data-analyst-1786004098-6962fe53c2fc,364.737,416.542
wide-researcher-1786004186-c652b8077f01,364.868,652.223
deep-researcher-1786004186-4254ccd53da4,364.905,700.817
wide-researcher-1786004187-7084afee432c,364.980,548.319
deep-researcher-1786004187-9399de214706,365.021,653.713
wide-researcher-1786004187-020435a7fded,365.103,531.390
deep-researcher-1786004187-61895ab45c73,365.163,637.604
wide-researcher-1786004187-3cb3d9cbb167,365.244,553.067
deep-researcher-1786004187-909aa2ee1e33,365.323,690.841
wide-researcher-1786004187-ca0f7660b8cf,365.342,701.872
deep-researcher-1786004187-a992e3fabe9c,365.494,564.353
wide-researcher-1786004187-adc7c57d0e6e,365.604,689.104
deep-researcher-1786004187-6dc698cbd8b4,365.650,632.781
wide-researcher-1786004187-d6dce6e24a3e,365.710,670.841
deep-researcher-1786004187-7f39af1debe1,365.846,533.784
data-analyst-1786004069-b8b0132306d2,365.847,418.904
data-analyst-1786004069-44040b3e742e,365.865,406.336
data-analyst-1786004069-56d832b43e03,365.878,401.241
data-analyst-1786004069-092c98c3df43,365.891,414.538
data-analyst-1786004066-88d2f18dc3a0,365.904,401.004
data-analyst-1786004066-7ce33104d6ed,365.917,399.935
data-analyst-1786004066-8fd4d2b161cf,365.930,427.901
wide-researcher-1786004187-6b3e7edf0440,365.930,687.166
deep-researcher-1786004188-54c6a6baff98,366.019,688.970
wide-researcher-1786004188-c8bf85fa41c2,366.107,539.951
deep-researcher-1786004188-0a6ec4471f3e,366.143,630.361
wide-researcher-1786004188-c1cb781db66e,366.191,678.831
deep-researcher-1786004188-af614c4a2f83,366.208,598.066
wide-researcher-1786004188-8e6288097f5f,366.344,646.977
deep-researcher-1786004188-ce26734440e6,366.413,683.867
data-analyst-1786004044-0d35231fb696,366.424,413.500
data-analyst-1786004075-b418c4221452,366.454,366.455
wide-researcher-1786004188-24680603c77f,366.476,646.105
deep-researcher-1786004188-d0a698bdf6bb,366.495,555.029
wide-researcher-1786004188-04405a5cd0d5,366.611,667.329
deep-researcher-1786004188-86e7932e75d4,366.644,660.190
data-analyst-1786004096-7d7b20b704c8,366.655,402.998
wide-researcher-1786004188-4d6e41690a7d,366.751,663.473
deep-researcher-1786004188-b2fe4108e8d5,366.825,595.026
wide-researcher-1786004188-3e220ed9b275,366.856,604.973
data-analyst-1786004095-c8e9156c9589,366.956,399.567
data-analyst-1786004089-2af949ba9beb,366.974,419.708
deep-researcher-1786004189-f852a9d60c6f,367.003,683.184
wide-researcher-1786004189-7a28ad0de804,367.096,627.851
deep-researcher-1786004189-5cb74520780e,367.129,644.053
data-analyst-1786004099-b0da0de20cea,367.143,400.511
data-analyst-1786004099-84d2a0d7b295,367.156,422.653
wide-researcher-1786004189-0786dc685be9,367.160,555.200
data-analyst-1786004099-b76e389a6453,367.173,399.167
deep-researcher-1786004189-0ee7699c2800,367.219,557.630
data-analyst-1786004099-067fd71c5e85,367.366,412.447
data-analyst-1786004099-4d6c713b56e7,367.379,419.110
data-analyst-1786004099-d780853d494e,367.392,405.914
data-analyst-1786004024-469de193a70a,367.405,367.405
wide-researcher-1786004189-8aa66fffe8d1,367.529,527.159
deep-researcher-1786004189-7c0e46abae80,367.616,535.638
data-analyst-1786004072-d4054aa33382,367.626,367.626
wide-researcher-1786004189-73173577e9a5,367.635,678.160
deep-researcher-1786004189-1d101e69b2f2,367.664,676.883
wide-researcher-1786004189-fb80c489e920,367.706,668.661
data-analyst-1786004097-f54dfe727aa9,367.719,415.812
deep-researcher-1786004189-7f45a8951587,367.864,524.088
data-analyst-1786004090-bccd943ad784,367.979,367.979
wide-researcher-1786004189-e1de3e16e3ca,367.998,630.920
deep-researcher-1786004190-bf653ab2a6eb,368.016,548.818
wide-researcher-1786004190-e03b2c82d73f,368.129,669.066
deep-researcher-1786004190-f503b58b4a90,368.157,568.066
data-analyst-1786004014-c9b3c99940e9,368.172,368.172
wide-researcher-1786004190-bddb75a22100,368.186,686.970
deep-researcher-1786004190-455a6278554e,368.254,655.176
wide-researcher-1786004190-f50beabdafa1,368.273,654.299
deep-researcher-1786004190-82d66ec58cf1,368.360,693.375
wide-researcher-1786004190-aa175411c5ca,368.505,612.182
deep-researcher-1786004190-ab977c2e94d3,368.588,533.259
wide-researcher-1786004190-c09abb88143a,368.671,542.218
deep-researcher-1786004190-79b3506e6963,368.722,680.504
wide-researcher-1786004190-c1bf0eb37e92,368.861,688.510
deep-researcher-1786004190-558fd7c8096f,369.025,679.639
wide-researcher-1786004191-44c1f2a28453,369.126,671.355
deep-researcher-1786004191-006ecf66bd82,369.144,528.198
wide-researcher-1786004191-c005f4264952,369.172,538.073
deep-researcher-1786004191-58dae404034e,369.212,535.237
wide-researcher-1786004191-480558b93059,369.235,688.031
deep-researcher-1786004191-187868ebcb53,369.368,700.426
wide-researcher-1786004191-b593bd52c77c,369.386,578.828
deep-researcher-1786004191-fd5107c894aa,369.508,700.625
wide-researcher-1786004191-158f905a5327,369.531,609.925
deep-researcher-1786004191-7a7a5581b2fe,369.626,650.994
wide-researcher-1786004191-8b1f71c1c3bb,369.649,659.738
deep-researcher-1786004191-efe732808bc3,369.678,641.426
wide-researcher-1786004191-a5616d669511,369.784,548.864
deep-researcher-1786004191-9f5f9ada8b39,369.865,686.563
data-analyst-1786004070-354c7e2b6be1,369.879,405.221
data-analyst-1786004059-f25b43b12a00,369.894,403.105
data-analyst-1786004067-4e97a5b0f7b9,369.908,398.733
wide-researcher-1786004191-e9b3a9981dad,370.013,683.432
data-analyst-1786004096-2d33d5ec87a6,370.024,402.258
data-analyst-1786004073-cebbd549dfac,370.098,370.099
data-analyst-1786004077-b7cee9b42fe3,370.115,370.116
deep-researcher-1786004192-3c07938152d7,370.130,537.603
wide-researcher-1786004192-dbf19143f9ac,370.232,536.448
deep-researcher-1786004192-e606c6645b79,370.277,633.979
wide-researcher-1786004192-b22e12c7887d,370.376,686.732
deep-researcher-1786004192-fa8f2ee7997e,370.463,681.681
data-analyst-1786004055-eb35f6187fc3,370.510,370.511
wide-researcher-1786004192-5ffae1d1df29,370.584,668.465
deep-researcher-1786004192-9dff0b1f194e,370.636,631.495
data-analyst-1786004100-d014a75153bc,370.637,419.826
wide-researcher-1786004192-3f91b617bb53,370.660,632.798
data-analyst-1786004098-985b46b24fd7,370.674,417.759
deep-researcher-1786004192-8c4092feaa02,370.731,612.931
wide-researcher-1786004192-0cfb1ad16142,370.750,688.670
deep-researcher-1786004192-a6c0a266fe85,370.877,545.415
wide-researcher-1786004192-d080249e3ac8,370.898,547.713
data-analyst-1786004096-19870015b36b,370.943,398.718
deep-researcher-1786004193-f59e25b9c353,370.948,633.699
data-analyst-1786004018-4a7bc7325634,370.979,398.697
wide-researcher-1786004193-54d5ee2a6c80,371.014,628.468
deep-researcher-1786004193-d4cc7dd9f18b,371.052,695.931
wide-researcher-1786004193-8063007324f7,371.130,671.775
deep-researcher-1786004193-765553973ab1,371.162,535.699
data-analyst-1786004057-1fc91786dd58,371.172,491.236
wide-researcher-1786004193-444a7d430043,371.191,535.555
data-analyst-1786004100-d55c3a4f4864,371.265,407.576
deep-researcher-1786004193-ea93a81cd18c,371.280,699.600
data-analyst-1786004100-4d1959d17850,371.280,403.737
wide-researcher-1786004193-18a9f0cf0f80,371.298,651.216
deep-researcher-1786004193-2fbc2d1753ae,371.363,551.067
wide-researcher-1786004193-bbc6c7d84423,371.534,577.219
deep-researcher-1786004193-958a527b749f,371.609,537.736
wide-researcher-1786004193-02da49c2da9a,371.640,692.661
deep-researcher-1786004193-437258915bef,371.729,641.597
data-analyst-1786004058-20e636408c5e,371.760,399.901
wide-researcher-1786004193-134023b0d5aa,372.011,656.208
deep-researcher-1786004193-729b0d6d5cdd,372.096,688.051
wide-researcher-1786004194-2b8554b86a35,372.177,534.365
deep-researcher-1786004194-99d085a8b873,372.237,543.236
wide-researcher-1786004194-efa619421d16,372.255,608.056
deep-researcher-1786004194-cdb534df0548,372.390,534.812
wide-researcher-1786004194-95f522262cfe,372.464,560.970
deep-researcher-1786004194-b642723d22d9,372.534,610.467
wide-researcher-1786004194-c187b947ba6c,372.554,656.819
deep-researcher-1786004194-124493dedfa0,372.657,532.129
wide-researcher-1786004194-5958ee020e9f,372.710,586.616
deep-researcher-1786004194-a0d7048315f7,372.791,699.922
wide-researcher-1786004194-33190b2492b2,372.814,571.289
deep-researcher-1786004194-9c18136cecc0,372.865,572.543
wide-researcher-1786004195-6c4e4631d010,372.884,657.600
deep-researcher-1786004195-72745832ff49,373.077,702.354
wide-researcher-1786004195-7a19ea09f2f0,373.127,679.943
deep-researcher-1786004195-a239817209f7,373.158,542.630
wide-researcher-1786004195-a2b296d3e05c,373.196,656.096
deep-researcher-1786004195-5091ac802d22,373.295,671.760
data-analyst-1786004041-4f7a3e5d94cf,373.450,446.409
wide-researcher-1786004195-b5f38344be95,373.563,638.154
deep-researcher-1786004195-37d59ba67035,373.596,646.336
wide-researcher-1786004195-29970502ed37,373.614,642.773
deep-researcher-1786004195-e66c8cd2794a,373.680,696.104
wide-researcher-1786004195-b128880718c9,373.699,647.772
data-analyst-1786004101-fd80c832cd9c,373.700,406.400
data-analyst-1786004101-5bdb843f0022,373.716,425.994
data-analyst-1786004101-d9da20156ffa,373.729,428.007
deep-researcher-1786004195-39614d0ec64c,373.761,691.109
wide-researcher-1786004195-8524eef457f2,373.874,674.128
data-analyst-1786004072-ce9ac5469d74,373.884,373.885
data-analyst-1786004076-36ef36dcbae1,373.912,373.912
deep-researcher-1786004195-c6e1028f209c,373.917,543.587
wide-researcher-1786004196-fc2baf24bb0a,373.959,555.158
deep-researcher-1786004196-1d2593abb911,374.011,695.805
data-analyst-1786004086-374e3fd3f085,374.053,374.054
wide-researcher-1786004196-1a12e9b9503f,374.054,678.243
deep-researcher-1786004196-63e668213ac4,374.079,568.607
wide-researcher-1786004196-5f5975518660,374.175,538.941
deep-researcher-1786004196-526c3f1f9bef,374.214,687.242
wide-researcher-1786004196-04038d35fdfd,374.253,538.530
deep-researcher-1786004196-beab25f5388c,374.299,671.649
wide-researcher-1786004196-8b3869f3a50d,374.320,662.792
deep-researcher-1786004196-dce4b47bad2d,374.406,660.879
data-analyst-1786004101-f83e47eaaffe,374.476,409.568
data-analyst-1786004101-380660132efe,374.490,417.969
data-analyst-1786004101-6514d1fc26e5,374.505,404.024
data-analyst-1786004101-9c41836c8835,374.519,410.328
data-analyst-1786004101-4944fb9e551c,374.532,408.248
wide-researcher-1786004196-8cf26c5a8ebb,374.539,663.335
data-analyst-1786004101-44cfd7509355,374.548,450.125
deep-researcher-1786004196-2d5ae0b81211,374.588,543.020
data-analyst-1786004101-0d12bffb327f,374.615,422.467
wide-researcher-1786004196-44ecb3e92a69,374.619,679.869
data-analyst-1786004101-c0781c80be8d,374.632,414.944
data-analyst-1786004101-48962ec9798f,374.645,403.915
deep-researcher-1786004196-09551edb586b,374.649,701.697
wide-researcher-1786004196-db9ac57af207,374.707,683.711
deep-researcher-1786004196-40a03c8ac594,374.751,681.697
wide-researcher-1786004196-06812e4b3b62,374.813,694.353
data-analyst-1786004101-d76cbee894b4,374.948,399.970
data-analyst-1786004101-a64cad5700fb,374.964,418.996
data-analyst-1786004101-1137619e0804,374.979,426.189
deep-researcher-1786004196-86000c36b22e,375.117,675.729
wide-researcher-1786004197-6c600282fc28,375.195,564.225
deep-researcher-1786004197-51c007cc86c0,375.279,645.754
wide-researcher-1786004197-c7ff45a3fd38,375.410,678.852
deep-researcher-1786004197-4dd5997e77a0,375.475,642.860
wide-researcher-1786004197-db5fe172371c,375.531,556.748
deep-researcher-1786004197-1f45e6e30f1b,375.592,684.897
wide-researcher-1786004197-e5f9d0115f2c,375.721,635.248
deep-researcher-1786004197-a82801396d67,375.777,542.086
data-analyst-1786004089-5ee51f2a6857,375.794,375.795
wide-researcher-1786004197-c425c5c57236,375.806,683.472
data-analyst-1786004091-5a247b1c7648,375.807,375.811
data-analyst-1786004086-60baad910bd0,375.823,375.823
deep-researcher-1786004197-8f277769a20e,375.827,693.033
wide-researcher-1786004197-73790aeccc7b,375.925,688.384
deep-researcher-1786004198-32950f71a13b,376.100,548.538
wide-researcher-1786004198-d3960d4819e3,376.164,637.943
deep-researcher-1786004198-d89e6919e04d,376.224,687.282
wide-researcher-1786004198-4f52c631f438,376.261,666.375
deep-researcher-1786004198-fe099d1cac2a,376.413,535.427
wide-researcher-1786004198-e001f3bf58bd,376.473,699.100
deep-researcher-1786004198-4a356d5c0979,376.532,547.473
data-analyst-1786004089-903c08156a92,376.559,414.137
data-analyst-1786004067-35fbbe3e19df,376.576,376.576
wide-researcher-1786004198-722bb772efa3,376.580,693.455
deep-researcher-1786004198-cff9e3eb553c,376.619,548.848
wide-researcher-1786004198-fd2b0d75f82f,376.640,543.742
deep-researcher-1786004198-6df4ee01e6b2,376.708,629.376
data-analyst-1786004096-f2da520186eb,376.786,398.766
wide-researcher-1786004198-5c79c4c95524,376.794,683.752
deep-researcher-1786004198-5735eb5ea7d7,376.895,548.461
wide-researcher-1786004198-cb9134ad9ec3,376.926,677.866
deep-researcher-1786004199-ba558791740f,376.994,664.469
wide-researcher-1786004199-91837a669b6b,377.034,559.252
deep-researcher-1786004199-c4675f57085b,377.092,547.069
wide-researcher-1786004199-a0f57e6972cd,377.110,686.991
deep-researcher-1786004199-716617e98a25,377.180,681.797
wide-researcher-1786004199-c9e5d1ac228e,377.203,645.500
deep-researcher-1786004199-c45f92e1a29c,377.231,636.797
wide-researcher-1786004199-69f2d7e2800e,377.302,531.971
deep-researcher-1786004199-c70156438c94,377.333,693.195
wide-researcher-1786004199-1145fc235c8f,377.438,526.788
deep-researcher-1786004199-45497761019b,377.561,545.592
wide-researcher-1786004199-f84f3ed726e8,377.608,541.787
deep-researcher-1786004199-4076f22cef71,377.648,699.748
wide-researcher-1786004199-dba37ca11c03,377.678,636.580
deep-researcher-1786004199-49431b6f018a,377.738,687.130
wide-researcher-1786004199-ff7fa41ecc4a,377.925,631.708
deep-researcher-1786004199-e3d904bb3ead,378.044,701.761
data-analyst-1786004040-b30654e19b5a,378.130,405.699
wide-researcher-1786004200-79e3ae03f61b,378.135,544.171
data-analyst-1786004024-17a32d56f097,378.147,407.446
data-analyst-1786004057-c47ce69933ad,378.160,400.848
deep-researcher-1786004200-85fa3ea7f8e0,378.225,642.234
wide-researcher-1786004200-97653532d367,378.299,681.813
deep-researcher-1786004200-e198fb88293e,378.392,682.136
wide-researcher-1786004200-da2b911f282d,378.438,634.160
deep-researcher-1786004200-7c1605c93282,378.488,686.693
data-analyst-1786004095-bf7a8a4837ee,378.516,412.740
wide-researcher-1786004200-8ff6fa704ee7,378.521,652.850
data-analyst-1786004077-564867cae70f,378.538,400.728
deep-researcher-1786004200-7db71b9a9e3e,378.624,684.194
data-analyst-1786004097-b073e1e7099e,378.682,378.683
wide-researcher-1786004200-322145233458,378.692,695.915
deep-researcher-1786004200-6ddbd392f146,378.712,543.209
wide-researcher-1786004200-7f3c01142ecc,378.742,640.548
deep-researcher-1786004200-437310fc1074,378.791,567.674
wide-researcher-1786004200-18af613df248,378.810,556.641
data-analyst-1786004102-e05c309114b6,378.829,403.421
deep-researcher-1786004200-eeb2cd77f967,378.839,629.612
data-analyst-1786004102-b50e6b7a43d4,378.847,416.067
wide-researcher-1786004200-7c873f6de5e7,378.905,677.893
deep-researcher-1786004201-af051bf1cef5,378.942,677.746
wide-researcher-1786004201-0b432b67f130,379.071,673.474
data-analyst-1786004102-e9a89b688fa6,379.128,404.920
deep-researcher-1786004201-3ff651fa953b,379.129,680.313
data-analyst-1786004102-2acdf780f873,379.146,399.200
wide-researcher-1786004201-4581eae52b2a,379.160,682.724
data-analyst-1786004102-7441be25d3aa,379.160,404.210
deep-researcher-1786004201-d6d98ff96f26,379.187,588.108
data-analyst-1786004102-5fea62801de7,379.203,401.207
data-analyst-1786004102-5f97269a854e,379.218,544.777
data-analyst-1786004102-56f776407285,379.233,402.421
wide-researcher-1786004201-f4f80dabab10,379.245,663.279
deep-researcher-1786004201-880cc8b225c9,379.275,668.850
data-analyst-1786004102-21b62d48f94a,379.356,400.132
data-analyst-1786004102-b00f3f55caa0,379.371,420.839
data-analyst-1786004102-1e056e397e39,379.385,462.578
data-analyst-1786004102-9d765f036d4a,379.399,399.433
data-analyst-1786004102-de4be1dfa4ee,379.414,414.279
data-analyst-1786004097-a470cde901c2,379.429,379.429
wide-researcher-1786004201-eb33f3fa3bc7,379.438,659.349
deep-researcher-1786004201-2d424b0276a0,379.484,664.428
wide-researcher-1786004201-249d99f872dc,379.554,535.943
deep-researcher-1786004201-210527c7fc8e,379.595,543.645
data-analyst-1786004087-65777d94b911,379.625,379.625
wide-researcher-1786004201-a832778f8739,379.652,650.460
data-analyst-1786004074-b8ae0ccde8b2,379.719,399.449
deep-researcher-1786004201-9fa9d8f1142d,379.724,684.693
wide-researcher-1786004201-4d5e8eeb6b60,379.749,587.807
deep-researcher-1786004201-f27888cdacb6,379.823,617.979
data-analyst-1786004102-fc96d09ec7e6,379.893,419.606
data-analyst-1786004102-617076370bfb,379.907,405.573
wide-researcher-1786004201-90b5b346ce29,380.000,644.693
deep-researcher-1786004202-4d5aebe152bf,380.033,633.108
wide-researcher-1786004202-c41dc288b825,380.105,638.825
data-analyst-1786004102-0482e4fa766e,380.114,400.483
data-analyst-1786004102-b46edd982edd,380.128,405.557
deep-researcher-1786004202-0b869a5e279e,380.136,547.577
data-analyst-1786004098-a5b2858eb402,380.159,380.159
data-analyst-1786004071-e1b7a74c7144,380.173,380.174
wide-researcher-1786004202-c760db863aa4,380.224,675.438
deep-researcher-1786004202-dafdf5ab8ea0,380.254,644.925
data-analyst-1786004077-9cb46da82ec8,380.303,398.112
wide-researcher-1786004202-eeedd70378b1,380.308,530.603
deep-researcher-1786004202-c0f6e301da7f,380.328,643.504
wide-researcher-1786004202-02dd8f794189,380.362,633.219
data-analyst-1786004057-fcf827dac7fa,380.404,398.320
deep-researcher-1786004202-67072e759d03,380.422,541.950
wide-researcher-1786004202-93cb2ccd5356,380.464,632.829
deep-researcher-1786004202-04e56e16d5e0,380.584,541.097
wide-researcher-1786004202-bf35c1e2cab4,380.642,539.566
data-analyst-1786004090-83f706af8530,380.665,380.666
deep-researcher-1786004202-2c63db704a4f,380.703,540.798
wide-researcher-1786004202-e57313a4ac6c,380.803,672.160
deep-researcher-1786004202-638b180450e4,380.960,548.581
wide-researcher-1786004202-7d9a138ec9ac,381.007,634.543
deep-researcher-1786004203-e141d373a4e4,381.062,545.814
data-analyst-1786004096-10a4bd957fd6,381.110,403.209
wide-researcher-1786004203-863bfb04adb8,381.163,667.770
deep-researcher-1786004203-cfa12563d038,381.240,693.407
wide-researcher-1786004203-a10ae4769f13,381.264,667.237
deep-researcher-1786004203-7e70796b82bb,381.430,638.102
data-analyst-1786004087-0317cdeacd99,381.510,404.671
wide-researcher-1786004203-9c1c135d7b03,381.514,664.719
data-analyst-1786004077-be6c65af2900,381.534,406.744
deep-researcher-1786004203-0ca64998c902,381.542,695.578
wide-researcher-1786004203-d7e26f6f4739,381.571,636.837
deep-researcher-1786004203-aea8ef011120,381.624,547.414
wide-researcher-1786004203-cd419110ba61,381.763,538.706
data-analyst-1786004077-bdf1502bd0c1,381.768,381.768
deep-researcher-1786004203-fbd1ad2945ed,381.804,702.472
wide-researcher-1786004203-0d321411e641,381.823,648.119
deep-researcher-1786004203-d3a99cc2ba22,381.842,636.217
wide-researcher-1786004204-acb3710451b7,381.941,634.564
deep-researcher-1786004204-96ffeb5c47b3,381.983,688.896
wide-researcher-1786004204-4fe58169cdc3,382.092,672.852
deep-researcher-1786004204-a43faaf7f42b,382.147,700.912
data-analyst-1786004099-6830517d08b6,382.166,402.133
wide-researcher-1786004204-f234a7296f2b,382.167,562.304
deep-researcher-1786004204-39e9f9fcfd50,382.301,545.892
wide-researcher-1786004204-abbb0d593269,382.508,643.721
deep-researcher-1786004204-7150e415805e,382.526,545.518
wide-researcher-1786004204-93d14bdae80f,382.629,559.681
deep-researcher-1786004204-bd65e2182c34,382.678,683.802
wide-researcher-1786004204-b68f8c65206a,382.748,670.638
deep-researcher-1786004204-001cea13530c,382.836,603.575
wide-researcher-1786004204-49f2b4408b54,382.940,526.389
deep-researcher-1786004205-558c125b9104,382.973,636.140
wide-researcher-1786004205-653382980f4e,383.010,534.915
deep-researcher-1786004205-a16d14737ae2,383.032,702.318
wide-researcher-1786004205-d24c63b4c094,383.061,656.256
deep-researcher-1786004205-489521de9d72,383.090,643.686
wide-researcher-1786004205-9c0aa754f920,383.150,678.176
deep-researcher-1786004205-4bae0f850305,383.214,654.909
wide-researcher-1786004205-a40a52c9567b,383.247,688.782
deep-researcher-1786004205-b458818a0d6a,383.281,554.943
wide-researcher-1786004205-be73d08b065b,383.315,559.194
deep-researcher-1786004205-a77166e73d74,383.339,656.373
wide-researcher-1786004205-a1ef7440bbce,383.388,658.983
deep-researcher-1786004205-d1618cae2971,383.418,654.601
wide-researcher-1786004205-9e6abc18af05,383.460,662.114
data-analyst-1786004073-ef111881ddb5,383.460,417.653
data-analyst-1786004069-bb96398f9fee,383.479,399.152
deep-researcher-1786004205-526646c2f165,383.642,700.801
wide-researcher-1786004205-9e6354a231cc,383.674,658.723
deep-researcher-1786004205-13d6be0de2d6,383.809,556.292
wide-researcher-1786004205-e612fea9e6e9,384.016,670.809
deep-researcher-1786004205-c7b50cb4167c,384.037,702.221
wide-researcher-1786004206-5c8d772c9b58,384.078,560.733
deep-researcher-1786004206-6580ddacb010,384.133,651.623
wide-researcher-1786004206-237112e2c355,384.170,644.868
deep-researcher-1786004206-5d5b04513056,384.264,649.709
wide-researcher-1786004206-dc205c8342fd,384.286,667.831
deep-researcher-1786004206-b46209b60d9d,384.338,628.503
wide-researcher-1786004206-413fa57bbc2a,384.459,667.112
deep-researcher-1786004206-c794580262c0,384.487,538.208
wide-researcher-1786004206-33e0d538857a,384.523,567.830
deep-researcher-1786004206-d7596cda13c9,384.600,646.881
wide-researcher-1786004206-875ec8bdd7bf,384.639,564.525
deep-researcher-1786004206-b86b9b0a9cf2,384.761,651.309
wide-researcher-1786004206-531d2ba87a5a,384.805,661.066
deep-researcher-1786004206-bc254fdc019a,384.837,644.144
data-analyst-1786004087-bdd23d31d6b6,384.866,384.867
wide-researcher-1786004206-01572301bbac,384.958,650.784
deep-researcher-1786004207-418ff7c72485,385.003,675.371
wide-researcher-1786004207-1fb1a866f808,385.103,658.773
deep-researcher-1786004207-baf5783f0f21,385.145,540.005
wide-researcher-1786004207-bd7aa6b5200b,385.163,643.475
deep-researcher-1786004207-5304b4fdc098,385.187,699.633
wide-researcher-1786004207-31494dff4777,385.228,688.702
data-analyst-1786004084-323b70090722,385.274,385.275
deep-researcher-1786004207-0a087dc9e5fe,385.323,547.121
wide-researcher-1786004207-7fceb369eb8b,385.465,654.122
data-analyst-1786004096-5754678f8fc3,385.509,407.922
deep-researcher-1786004207-b18de7368e31,385.527,629.846
data-analyst-1786004090-74e161314457,385.531,385.531
wide-researcher-1786004207-6b812a31f2c9,385.554,646.849
deep-researcher-1786004207-3e9c28a536f6,385.636,563.941
data-analyst-1786004098-75636cebe0b3,385.655,398.524
wide-researcher-1786004207-e5c5d6f1f867,385.686,535.443
deep-researcher-1786004207-138de5be96c2,385.770,546.225
wide-researcher-1786004207-65f727d39088,385.805,670.314
deep-researcher-1786004207-ec9fbd24ff50,385.839,699.236
wide-researcher-1786004207-d82b6dd73bc2,385.868,652.151
deep-researcher-1786004208-181320e430fd,385.967,690.085
wide-researcher-1786004208-b747d47b71ac,386.031,568.621
data-analyst-1786004100-e37c9b5d8c5d,386.046,421.347
deep-researcher-1786004208-2ab1385ad1de,386.082,635.728
wide-researcher-1786004208-9ddb9ffd662b,386.110,681.861
deep-researcher-1786004208-327d1e684044,386.154,695.037
data-analyst-1786004021-53750e61eac1,386.180,386.181
wide-researcher-1786004208-72e35bb140ec,386.202,690.610
deep-researcher-1786004208-c5ec675ef09c,386.269,692.875
wide-researcher-1786004208-4228cea50f1f,386.305,632.572
deep-researcher-1786004208-12ab7932cbde,386.347,571.109
wide-researcher-1786004208-1ee030af4a90,386.416,544.452
deep-researcher-1786004208-c5330ce0d736,386.465,660.223
data-analyst-1786004098-e50ca7a6fdf2,386.476,412.640
wide-researcher-1786004208-38f3d4b8ecde,386.484,653.104
deep-researcher-1786004208-52a6244da134,386.515,628.585
wide-researcher-1786004208-39bd558c7798,386.615,627.097
deep-researcher-1786004208-12ed3ad86181,386.662,628.056
wide-researcher-1786004208-c10210c16109,386.681,646.753
deep-researcher-1786004208-2c98ca534b31,386.698,548.347
wide-researcher-1786004208-ad9360470eca,386.717,682.947
data-analyst-1786004099-6dda373b9a7c,386.769,406.579
data-analyst-1786004096-00b7422e84d8,386.787,411.718
deep-researcher-1786004208-4f731a9276a7,386.830,590.308
data-analyst-1786004096-39d1ed82a18f,386.946,407.303
wide-researcher-1786004208-3c01ac8458d4,386.981,533.567
deep-researcher-1786004209-d75bd6a5ffaf,387.041,549.433
wide-researcher-1786004209-041c484ef1ed,387.094,694.211
deep-researcher-1786004209-01e5c247cfbb,387.150,682.964
wide-researcher-1786004209-a3aa3929fc61,387.199,693.789
deep-researcher-1786004209-fa55898e0141,387.287,632.172
wide-researcher-1786004209-6e1662001a67,387.307,649.517
deep-researcher-1786004209-2c7ff6c4f59d,387.345,548.392
wide-researcher-1786004209-3fce22fa96d3,387.387,543.687
deep-researcher-1786004209-0b154b82be37,387.468,693.471
wide-researcher-1786004209-00737c7d38b3,387.487,700.952
deep-researcher-1786004209-e91abf58b62e,387.517,593.686
wide-researcher-1786004209-401c17ffec83,387.550,662.845
deep-researcher-1786004209-3f9f60b1348f,387.632,656.416
wide-researcher-1786004209-f7ff2d6fe6a0,387.660,638.275
deep-researcher-1786004209-c4dc1d1b1d1b,387.753,541.338
wide-researcher-1786004209-0511e265b657,387.856,670.215
deep-researcher-1786004209-de221b86b28a,387.894,553.586
wide-researcher-1786004210-e31c4491c872,387.930,682.899
deep-researcher-1786004210-79a836e1eb7c,388.030,599.554
wide-researcher-1786004210-9cd4e0e253fe,388.060,640.675
data-analyst-1786004104-b6dbf2e62bde,388.100,422.005
data-analyst-1786004104-55e2a5aa8a69,388.115,408.073
deep-researcher-1786004210-62c21078647f,388.123,545.717
data-analyst-1786004104-9c8f86e802e9,388.132,406.303
data-analyst-1786004074-56ce2cde73a8,388.146,409.492
data-analyst-1786004044-7454a78786b0,388.159,403.512
data-analyst-1786004069-85cd8b4c6f61,388.172,399.886
data-analyst-1786004096-37b65e054d89,388.316,426.811
data-analyst-1786004100-654f84d3c695,388.334,398.249
wide-researcher-1786004210-560cde07584a,388.352,526.881
data-analyst-1786004037-906a18090f1d,388.479,388.480
data-analyst-1786004082-e164993e46e1,388.493,388.494
deep-researcher-1786004210-cd02c249391a,388.498,589.425
wide-researcher-1786004210-658ea51e4333,388.551,544.676
deep-researcher-1786004210-57b109a6e056,388.613,631.463
data-analyst-1786004096-039a80182873,388.678,388.679
wide-researcher-1786004210-f45f287a2876,388.781,629.965
deep-researcher-1786004210-7c94a0c08f6d,388.813,653.038
wide-researcher-1786004210-68de8eb998cc,388.831,541.759
deep-researcher-1786004211-3d00d34946b1,388.860,631.079
wide-researcher-1786004211-f75bccb6fd81,389.132,686.366
data-analyst-1786004056-e0e98994eb37,389.163,389.163
deep-researcher-1786004211-b2f12d77ee87,389.171,536.608
wide-researcher-1786004211-033ea68b238c,389.370,556.579
data-analyst-1786004104-549079eb95db,389.401,414.687
deep-researcher-1786004211-94c7e93a772f,389.409,655.511
data-analyst-1786004104-37cef21b92ac,389.418,410.756
data-analyst-1786004104-6ae6bf97a713,389.432,422.590
data-analyst-1786004102-96ae08c22a08,389.445,400.942
wide-researcher-1786004211-947be9cc399f,389.449,688.229
deep-researcher-1786004211-103370024646,389.486,547.823
wide-researcher-1786004211-ed3367b194b3,389.508,683.928
deep-researcher-1786004211-de4153501517,389.538,689.279
data-analyst-1786004099-76731880b3cb,389.606,399.551
wide-researcher-1786004211-22a299f3b196,389.635,612.526
deep-researcher-1786004211-deb37407b791,389.736,656.670
data-analyst-1786004102-c4c8203c885c,389.756,398.132
wide-researcher-1786004211-844c8694cef0,389.866,649.917
deep-researcher-1786004211-bf1bdf12796e,390.010,691.419
wide-researcher-1786004212-93c44c4f6f57,390.054,563.708
data-analyst-1786004102-0b5d6707c399,390.084,398.369
data-analyst-1786004096-98c1ff546057,390.103,390.104
deep-researcher-1786004212-f250462d4b7a,390.121,701.236
wide-researcher-1786004212-ddf53b9fcf02,390.159,560.084
data-analyst-1786004066-782fdc123795,390.246,390.247
data-analyst-1786004081-661bf84be5e9,390.260,390.261
deep-researcher-1786004212-b160c59c6e17,390.287,550.708
wide-researcher-1786004212-3b5b243644ab,390.327,686.088
deep-researcher-1786004212-38ac04197d1f,390.371,651.776
data-analyst-1786004074-ba1be0868045,390.431,401.868
wide-researcher-1786004212-f603b3bf0849,390.475,687.844
data-analyst-1786004066-6d0a4be7fce9,390.524,416.407
data-analyst-1786004078-5ca41b91d62a,390.541,399.484
deep-researcher-1786004212-9fed3febe06f,390.546,644.725
data-analyst-1786004032-b7f1424de15e,390.562,390.562
wide-researcher-1786004212-eed086fbcf69,390.616,603.008
deep-researcher-1786004212-3bdfe68f6199,390.644,546.852
wide-researcher-1786004212-09982e4a629e,390.680,684.250
deep-researcher-1786004212-3ee2dce60812,390.737,528.352
wide-researcher-1786004212-38f6aac35e5e,390.787,545.110
deep-researcher-1786004212-7449080beb34,390.878,544.867
wide-researcher-1786004212-9ba623d0cdb2,390.908,587.690
data-analyst-1786004098-9aea2ab2564f,390.938,390.939
deep-researcher-1786004213-113308648dc2,390.949,700.892
data-analyst-1786004100-c45b8c3c57e7,390.959,390.960
data-analyst-1786004082-a7ccf9f03b55,390.973,390.974
wide-researcher-1786004213-0bd8c82acebf,391.015,650.596
deep-researcher-1786004213-e3e03db6a525,391.084,603.761
wide-researcher-1786004213-3b521abca813,391.143,654.970
deep-researcher-1786004213-0d2d9f1a7e24,391.216,693.018
data-analyst-1786004077-2e22c9152ffb,391.281,391.282
data-analyst-1786004097-c50b4a7b5c84,391.309,482.724
wide-researcher-1786004213-4ea22615e817,391.364,543.265
data-analyst-1786004026-830a3dfb763e,391.468,391.469
deep-researcher-1786004213-3affb6e193ec,391.502,650.564
wide-researcher-1786004213-3a4f99cd1213,391.529,690.133
deep-researcher-1786004213-ca3abc1ff69c,391.570,633.618
wide-researcher-1786004213-433d287e5fc8,391.666,638.929
deep-researcher-1786004213-561a733d0935,391.722,682.154
wide-researcher-1786004213-dff13d63ed37,391.800,663.115
deep-researcher-1786004213-ee43d5aadd8f,391.845,690.101
data-analyst-1786004102-c18a5882f268,391.899,399.033
wide-researcher-1786004213-95af3f404a3a,391.918,674.961
data-analyst-1786004047-4600837cf88d,391.922,399.789
deep-researcher-1786004214-38763177d34a,391.978,681.141
wide-researcher-1786004214-ea6e9dbe6301,391.997,601.107
deep-researcher-1786004214-77d06f8612e8,392.064,689.067
wide-researcher-1786004214-d1c9511a65f6,392.127,647.259
deep-researcher-1786004214-aae9761bc229,392.158,700.934
data-analyst-1786004098-8ee9ff676f97,392.182,401.121
wide-researcher-1786004214-cfdf7afb3dac,392.196,635.927
deep-researcher-1786004214-0f9bad7f8850,392.236,690.629
wide-researcher-1786004214-71916a384ba4,392.300,669.908
deep-researcher-1786004214-b8e37a6142f9,392.348,667.955
wide-researcher-1786004214-dc89c575b608,392.392,565.299
deep-researcher-1786004214-20e2d7b9453c,392.427,690.054
wide-researcher-1786004214-8e85ac7c5374,392.458,636.233
deep-researcher-1786004214-5e84a733c403,392.475,648.749
wide-researcher-1786004214-5e0dd6fc1d07,392.520,600.243
deep-researcher-1786004214-2728c7ef2bd2,392.545,701.035
data-analyst-1786004036-a5e64388b87d,392.576,392.577
wide-researcher-1786004214-a09a490027be,392.596,532.712
deep-researcher-1786004214-8546d1005a48,392.655,540.882
data-analyst-1786004084-4f82aff8595d,392.694,399.136
wide-researcher-1786004214-f2875539bcd1,392.762,548.910
deep-researcher-1786004214-3052f008c597,392.875,615.022
wide-researcher-1786004214-f83f67afd5ee,393.012,541.525
deep-researcher-1786004215-c6b370896d63,393.030,693.935
wide-researcher-1786004215-7af820fd994f,393.082,639.673
data-analyst-1786004096-58ce59961133,393.155,393.155
deep-researcher-1786004215-871378a07e4b,393.183,701.560
wide-researcher-1786004215-9bd4432b5bb8,393.230,699.535
data-analyst-1786004058-1e19bbf2f097,393.274,393.275
deep-researcher-1786004215-fa540c3d4214,393.314,687.429
wide-researcher-1786004215-6f183a4df096,393.342,558.578
deep-researcher-1786004215-feee9165bba3,393.359,686.270
wide-researcher-1786004215-157b6ba26d48,393.492,556.915
deep-researcher-1786004215-5bd2f3228ac9,393.509,633.715
wide-researcher-1786004215-ce8689ddf91e,393.567,595.998
deep-researcher-1786004215-cbec5d645c6e,393.590,543.081
data-analyst-1786004036-67df88eaedd5,393.646,393.647
wide-researcher-1786004215-f89cb5309a6c,393.673,647.822
deep-researcher-1786004215-5046d5982f87,393.703,643.520
wide-researcher-1786004215-3f2547f22ed9,393.755,565.711
deep-researcher-1786004215-f1c155a68cf3,393.814,701.888
wide-researcher-1786004215-6455038371ef,393.902,551.201
deep-researcher-1786004216-01c55531aacc,393.966,672.708
wide-researcher-1786004216-d2ae35aaf509,393.990,628.142
deep-researcher-1786004216-ad5215160be2,394.020,702.037
wide-researcher-1786004216-b6a13d0f0123,394.043,666.612
deep-researcher-1786004216-89e026e36a20,394.107,700.364
wide-researcher-1786004216-3b243a18f788,394.165,692.678
deep-researcher-1786004216-b4e69f094e87,394.233,699.487
wide-researcher-1786004216-7b73d5e69e23,394.381,628.761
deep-researcher-1786004216-329972bc01ec,394.531,547.488
wide-researcher-1786004216-df051a06689c,394.581,550.956
deep-researcher-1786004216-de55e45fec59,394.699,632.385
wide-researcher-1786004216-e83bfe6c3b5d,394.735,560.600
deep-researcher-1786004216-1cdbc5f7b73b,394.816,696.033
wide-researcher-1786004216-335e8cec27a7,394.838,677.785
deep-researcher-1786004217-38241f53897c,394.865,645.209
wide-researcher-1786004217-6a912039766d,394.905,590.075
deep-researcher-1786004217-6a5b6df1c105,394.949,637.858
wide-researcher-1786004217-8ae43ab4ca66,394.999,536.941
deep-researcher-1786004217-40566a6eb0b0,395.020,690.946
wide-researcher-1786004217-8b696f4d59d2,395.093,673.897
deep-researcher-1786004217-1d5a21297ef0,395.144,699.117
wide-researcher-1786004217-29f8a6cc4ef3,395.193,546.836
deep-researcher-1786004217-0c595b6cddd9,395.267,546.945
wide-researcher-1786004217-c1d33b56ca5d,395.310,677.880
data-analyst-1786004075-dba93cf016eb,395.347,402.843
data-analyst-1786004075-3fc08b013044,395.362,426.856
data-analyst-1786004075-fe831e79fe1a,395.375,418.075
data-analyst-1786004068-a25c69625ee6,395.405,412.068
deep-researcher-1786004217-175452aa6abc,395.420,677.766
wide-researcher-1786004217-ab3d4494df6e,395.481,701.389
deep-researcher-1786004217-9a53787a0f09,395.536,533.365
wide-researcher-1786004217-775d704c0706,395.570,525.865
deep-researcher-1786004217-173f73169d99,395.610,652.025
wide-researcher-1786004217-c3131e6ed978,395.778,682.263
deep-researcher-1786004217-3b72c7f3d0e5,395.941,559.543
wide-researcher-1786004217-565f7bdeecc5,396.037,557.943
data-analyst-1786004098-a062678facda,396.092,400.682
deep-researcher-1786004218-08eeb025e39a,396.101,688.861
data-analyst-1786004065-1370064c66ff,396.113,396.113
wide-researcher-1786004218-e26a450f8dea,396.243,671.727
deep-researcher-1786004218-ffbec729690f,396.342,700.405
wide-researcher-1786004218-c7eafad8ade7,396.381,691.709
deep-researcher-1786004218-78258b023766,396.417,693.617
wide-researcher-1786004218-03aa3c91c743,396.450,640.580
deep-researcher-1786004218-b96633a508e0,396.531,591.079
data-analyst-1786004066-412402b9189d,396.556,407.651
wide-researcher-1786004218-b9d28507bfb6,396.587,628.906
deep-researcher-1786004218-64632c7fa11f,396.605,545.276
wide-researcher-1786004218-b13e1349a8c7,396.654,641.075
deep-researcher-1786004218-b21da952c6a0,396.684,537.062
wide-researcher-1786004218-bbf77354e288,396.765,659.217
deep-researcher-1786004218-85acf29bd254,396.820,698.587
wide-researcher-1786004218-198b350239e4,396.925,699.650
deep-researcher-1786004219-1fdbd34cdcb4,396.964,659.781
wide-researcher-1786004219-53bbafc6dbbd,396.993,538.622
deep-researcher-1786004219-5243fd0ba4c9,397.013,691.945
data-analyst-1786004105-cd449e275ae8,397.023,415.647
data-analyst-1786004105-e98d74bf2d45,397.037,543.713
data-analyst-1786004105-2222c0b8663c,397.051,409.361
wide-researcher-1786004219-cf8002376e18,397.071,694.028
deep-researcher-1786004219-82f0b960ccaf,397.118,617.601
data-analyst-1786004063-d7a7e06ea5e5,397.138,402.977
data-analyst-1786004091-1acb0fdeee65,397.158,400.386
wide-researcher-1786004219-41e1f2ba82d0,397.187,685.275
data-analyst-1786004066-d5920799bdde,397.290,397.290
data-analyst-1786004090-2a576e0a25a0,397.306,397.306
deep-researcher-1786004219-caa7e8d0ab31,397.341,549.819
wide-researcher-1786004219-bc310135245a,397.412,681.066
deep-researcher-1786004219-41880bf06342,397.453,683.851
wide-researcher-1786004219-e662b1f0b5bf,397.549,684.125
deep-researcher-1786004219-7a638a2c4b1c,397.601,574.784
wide-researcher-1786004219-7a1efcf622f7,397.805,670.619
data-analyst-1786004105-8a32b1d2a344,397.825,408.278
data-analyst-1786004105-214afd9c6310,397.841,399.343
deep-researcher-1786004219-fc08f719658b,397.846,561.327
data-analyst-1786004105-283eb498dedf,397.859,403.854
wide-researcher-1786004219-c8bf96573d3f,397.864,628.793
deep-researcher-1786004220-b6910c948234,397.902,690.435
wide-researcher-1786004220-626bef8dcb4a,397.933,541.981
deep-researcher-1786004220-528c4116366d,397.966,680.928
wide-researcher-1786004220-c161a17fd7f6,398.016,677.462
deep-researcher-1786004220-c4acd905f501,398.049,559.861
wide-researcher-1786004220-fc0dd518ae1e,398.101,658.300
deep-researcher-1786004220-3048eaf970f0,398.121,531.061
wide-researcher-1786004220-da77fc3da823,398.160,546.311
deep-researcher-1786004220-d0eb651aa198,398.204,602.806
wide-researcher-1786004220-72e9f8c897d5,398.264,630.145
deep-researcher-1786004220-0e153a128783,398.289,546.675
wide-researcher-1786004220-6d6ba4f693d8,398.394,557.560
deep-researcher-1786004220-1802a16e989a,398.425,632.997
wide-researcher-1786004220-3c745ff18dee,398.509,542.687
deep-researcher-1786004220-b95ac4d96a2a,398.529,689.649
wide-researcher-1786004220-ee98786d1d5d,398.631,640.180
deep-researcher-1786004220-06ae4e036d77,398.706,547.237
wide-researcher-1786004220-3bfd8cf7270c,398.917,552.945
deep-researcher-1786004220-52dc60b0489a,398.955,626.427
wide-researcher-1786004221-53fd20b42ed0,399.052,675.078
deep-researcher-1786004221-4f0086ecf0a9,399.122,690.454
wide-researcher-1786004221-865128273453,399.353,636.961
deep-researcher-1786004221-2bbf82474ca7,399.411,701.681
wide-researcher-1786004221-b56f3c9b178f,399.453,540.609
deep-researcher-1786004221-85d4aa20c3e1,399.541,567.176
wide-researcher-1786004221-c99ecd17592d,399.623,687.823
deep-researcher-1786004221-9a363e56b938,399.665,637.571
wide-researcher-1786004221-c8f1a3738d72,399.684,601.532
deep-researcher-1786004221-ab3da4ce2887,399.714,586.713
wide-researcher-1786004221-18958dd10070,399.784,679.888
deep-researcher-1786004221-e860f4f6c0a0,399.844,639.859
wide-researcher-1786004221-3e5139e08892,399.905,679.690
deep-researcher-1786004222-bcb89415aa35,399.939,666.467
data-analyst-1786004105-91bd61f22dc2,399.985,399.986
wide-researcher-1786004222-4109505b502a,400.021,695.500
deep-researcher-1786004222-94cc96106bb8,400.041,550.535
wide-researcher-1786004222-663a09dce04e,400.210,684.791
deep-researcher-1786004222-8c4b206abe89,400.312,639.013
wide-researcher-1786004222-f2406e18dffd,400.473,640.754
deep-researcher-1786004222-dbb7abd1946a,400.636,548.687
wide-researcher-1786004222-1e35be522be6,400.781,631.023
deep-researcher-1786004222-25e1ddb4d52e,400.916,640.897
wide-researcher-1786004222-26c1506b98c0,400.969,641.542
deep-researcher-1786004223-f38d7bf192b0,401.047,702.130
data-analyst-1786004110-b58d4b7da66a,401.074,401.074
wide-researcher-1786004223-66a8430f6b26,401.131,655.300
deep-researcher-1786004223-94f31e639cab,401.181,619.974
wide-researcher-1786004223-ce1581ec2dfd,401.236,666.886
deep-researcher-1786004223-a616bda0fc71,401.358,696.067
wide-researcher-1786004223-96c30c43065c,401.415,547.176
deep-researcher-1786004223-693357753f72,401.533,541.323
wide-researcher-1786004223-ce78a6bd223c,401.649,636.345
deep-researcher-1786004223-16e4c9377819,401.710,677.819
wide-researcher-1786004223-2cc4c7d4037a,401.822,599.840
data-analyst-1786004110-e39f12a5eb96,401.853,401.854
data-analyst-1786004110-666a11b0e38c,401.930,401.931
data-analyst-1786004105-8ee045c925a3,402.005,402.005
deep-researcher-1786004223-1e25f79df2f5,402.073,649.118
wide-researcher-1786004224-7c6af2b3e95e,402.123,570.285
deep-researcher-1786004224-bd1d2e3a6c83,402.336,637.255
data-analyst-1786004110-9c1a1033d6fe,402.358,402.359
data-analyst-1786004110-8bd48e6e908d,402.468,402.469
wide-researcher-1786004224-e2b7337eb1d3,402.478,685.564
data-analyst-1786004113-e5c8d1898705,402.540,402.540
deep-researcher-1786004224-106786959ce0,402.568,546.531
wide-researcher-1786004224-3df4f6264b2a,402.636,688.579
deep-researcher-1786004224-6004eb8bf55d,402.692,633.270
wide-researcher-1786004224-f81f88b06c52,402.711,678.407
deep-researcher-1786004224-4baff2d5bc15,402.745,629.561
data-analyst-1786004110-a0949c29065b,402.800,402.800
wide-researcher-1786004224-a61d77b43012,402.826,535.194
deep-researcher-1786004224-85569896de62,402.864,551.834
wide-researcher-1786004225-85590623fc07,402.924,652.077
deep-researcher-1786004225-e565f5688889,402.964,555.738
wide-researcher-1786004225-1b9353322827,403.017,631.940
deep-researcher-1786004225-0d113bbcade4,403.054,650.056
wide-researcher-1786004225-8d12b4727f11,403.077,647.546
data-analyst-1786004110-3b9a43a68f29,403.120,403.120
data-analyst-1786004114-aeaf6d08cf7d,403.133,403.133
data-analyst-1786004114-9fe5464bd0ab,403.147,403.147
deep-researcher-1786004225-6a80b15898d3,403.156,692.030
data-analyst-1786004114-a7663ec5d6e7,403.164,403.164
wide-researcher-1786004225-16ea2dccf7de,403.218,566.561
deep-researcher-1786004225-5a904abf2b3c,403.236,541.309
wide-researcher-1786004225-b469e3645543,403.292,631.384
deep-researcher-1786004225-94c8daeeafa5,403.322,627.976
wide-researcher-1786004225-323efd7f398b,403.452,674.298
data-analyst-1786004111-4f99960610e9,403.481,403.481
data-analyst-1786004114-e479bd0bc646,403.495,403.495
deep-researcher-1786004225-18d3617381f6,403.504,692.740
data-analyst-1786004114-9c1426256025,403.525,403.526
wide-researcher-1786004225-caf385744606,403.576,654.804
deep-researcher-1786004225-573fafc7a5de,403.698,701.111
data-analyst-1786004115-b07e6eb1f28a,403.751,403.751
wide-researcher-1786004225-9f02ac01f561,403.801,694.715
data-analyst-1786004107-4e2df77eb0c5,403.825,403.825
deep-researcher-1786004225-e7f7307f3885,403.974,643.948
wide-researcher-1786004225-fb8ce3c14ee2,403.997,654.281
deep-researcher-1786004226-12bd5f31f91b,404.044,634.260
wide-researcher-1786004226-74b1eb699dde,404.077,687.090
deep-researcher-1786004226-d14130a938ac,404.169,544.406
wide-researcher-1786004226-ad78aebfcf53,404.201,565.374
deep-researcher-1786004226-4044eb758dcf,404.219,682.604
wide-researcher-1786004226-6134af79103d,404.253,554.124
data-analyst-1786004117-3aac3694ed25,404.353,404.353
deep-researcher-1786004226-370782899ba4,404.387,664.528
wide-researcher-1786004226-5f88ee8523cf,404.425,686.508
deep-researcher-1786004226-66b068df4a24,404.485,660.558
wide-researcher-1786004226-475cdbc6e9b1,404.523,645.895
data-analyst-1786004113-e939c1445b0a,404.552,404.553
deep-researcher-1786004226-01e98a1668bd,404.584,633.869
data-analyst-1786004109-fba0aa43dbb2,404.657,404.658
wide-researcher-1786004226-9be5b9d51642,404.746,539.606
deep-researcher-1786004226-e40ff9c4f717,404.811,682.818
wide-researcher-1786004226-f64117005847,404.998,668.402
deep-researcher-1786004226-9321ba27c4d0,405.165,542.573
data-analyst-1786004109-91eec0ea4a82,405.207,405.208
data-analyst-1786004111-1ffbbe8ecafd,405.265,405.265
wide-researcher-1786004227-3f845430543b,405.310,696.086
deep-researcher-1786004227-219285c70cd2,405.342,672.225
wide-researcher-1786004227-b1800ac7ba58,405.393,655.192
deep-researcher-1786004227-9b588cf23aad,405.445,652.716
data-analyst-1786004112-f2d73fc5206b,405.489,405.490
wide-researcher-1786004227-9a7d152adfe7,405.495,699.803
data-analyst-1786004107-92b0a5122522,405.541,405.542
data-analyst-1786004113-bec6f2b7b257,405.587,405.588
deep-researcher-1786004227-521c1d14bf0a,405.596,628.024
data-analyst-1786004115-c2190bf6bcea,405.606,405.607
data-analyst-1786004118-67f685f563c0,405.635,405.636
wide-researcher-1786004227-35f12d4fa039,405.670,699.503
deep-researcher-1786004227-41504b4f987b,405.719,700.200
data-analyst-1786004107-95f8ca9a8bb7,405.894,405.894
wide-researcher-1786004227-76affe4b88ab,405.899,644.089
deep-researcher-1786004227-847cf002b674,405.938,637.874
data-analyst-1786004115-eb074d801b53,406.031,406.031
wide-researcher-1786004228-0af2b98346fd,406.036,661.152
data-analyst-1786004113-6c48ab20b4ca,406.050,406.050
deep-researcher-1786004228-986116bec0f6,406.075,631.746
wide-researcher-1786004228-e5ffe6f3517e,406.096,640.691
data-analyst-1786004117-fa66915c3fb0,406.170,406.171
data-analyst-1786004107-79aed408f2d5,406.184,406.184
deep-researcher-1786004228-44d52ea1d047,406.189,546.369
wide-researcher-1786004228-2df0d0f30190,406.257,546.931
data-analyst-1786004115-e65393fcba98,406.287,406.288
deep-researcher-1786004228-57eb63d242c5,406.322,552.560
wide-researcher-1786004228-febb3309911e,406.351,545.759
deep-researcher-1786004228-49b85840b066,406.468,649.235
data-analyst-1786004113-fb60be67c235,406.497,406.498
data-analyst-1786004123-9b79531a0a68,406.512,406.512
wide-researcher-1786004228-cb7a7d17e102,406.517,651.977
deep-researcher-1786004228-09823e782db6,406.614,548.263
data-analyst-1786004108-f3fcc47ec9d8,406.629,406.629
wide-researcher-1786004228-f863dbc4240a,406.676,650.444
data-analyst-1786004115-24334322d2d8,406.789,406.789
deep-researcher-1786004228-0037e7736dbf,406.830,644.811
data-analyst-1786004122-325781fefc7e,406.888,406.888
data-analyst-1786004110-0264ee94cb31,406.901,406.902
data-analyst-1786004114-38a1f5235ce1,406.949,406.950
wide-researcher-1786004228-77d0d50c1a26,406.960,661.618
data-analyst-1786004117-45774d35fde5,406.970,406.971
deep-researcher-1786004229-bc57387cacb2,406.999,639.797
wide-researcher-1786004229-bd47e6198e1e,407.072,665.427
deep-researcher-1786004229-525e93f51e06,407.101,546.426
wide-researcher-1786004229-bc725a6cf703,407.206,645.368
data-analyst-1786004113-d825d3e82705,407.248,407.249
deep-researcher-1786004229-54aba780a54e,407.275,560.269
data-analyst-1786004118-c7234a877e8d,407.319,407.319
wide-researcher-1786004229-132ce15834c0,407.324,685.243
deep-researcher-1786004229-346834ac3f48,407.362,536.389
wide-researcher-1786004229-187d53196390,407.393,630.346
deep-researcher-1786004229-4efc685f2546,407.412,655.898
wide-researcher-1786004229-cf2833091e3d,407.441,535.180
data-analyst-1786004109-fd93ec6f8b32,407.476,407.478
deep-researcher-1786004229-7ed8c585ac4c,407.499,691.854
data-analyst-1786004108-0e8ae233a789,407.526,407.527
wide-researcher-1786004229-b3eb6404c73e,407.539,546.822
deep-researcher-1786004229-4fd4218d5c24,407.586,661.762
wide-researcher-1786004229-9ec47714e8e1,407.607,585.329
deep-researcher-1786004229-ec1d493d26a0,407.646,648.183
data-analyst-1786004111-6796c25ab6cb,407.666,407.666
wide-researcher-1786004229-4dc32d49b9be,407.685,669.115
deep-researcher-1786004229-e38c8393bb7a,407.703,637.842
data-analyst-1786004108-4128358daa5b,407.731,407.732
wide-researcher-1786004229-6117b84b808b,407.737,562.859
deep-researcher-1786004229-0b0775006c61,407.781,642.218
wide-researcher-1786004229-a4d2673494a1,407.811,565.314
data-analyst-1786004114-ac46bab482fd,407.821,407.822
data-analyst-1786004128-dcd1a6dfb5ec,407.848,407.849
deep-researcher-1786004229-b299fa1635a6,407.862,701.920
data-analyst-1786004110-6fd6118d449f,407.867,407.867
data-analyst-1786004108-90e81d61efdc,407.880,407.880
data-analyst-1786004113-921f43c170cf,407.966,407.967
wide-researcher-1786004229-270a870fa422,408.032,557.589
deep-researcher-1786004230-15942d2d1efb,408.112,693.179
data-analyst-1786004114-84549d9b3fa1,408.136,408.137
wide-researcher-1786004230-417262532caf,408.191,670.516
deep-researcher-1786004230-164be988a69c,408.341,594.133
wide-researcher-1786004230-7c2a5709148d,408.371,693.163
data-analyst-1786004118-deb9acc8e926,408.405,408.405
data-analyst-1786004123-96d50f0aa171,408.419,408.419
data-analyst-1786004128-7b3f9f6711fe,408.431,408.432
data-analyst-1786004115-67a3422d9031,408.445,408.445
deep-researcher-1786004230-ae8a335e1d68,408.472,539.184
wide-researcher-1786004230-bbabcb172142,408.503,676.215
deep-researcher-1786004230-973a38c5908a,408.524,603.467
data-analyst-1786004128-8a68624a30ae,408.550,408.550
wide-researcher-1786004230-7d6ab667ddd7,408.574,660.663
deep-researcher-1786004230-896ff6884a2c,408.616,639.115
wide-researcher-1786004230-3355ecfb0d6f,408.647,634.720
deep-researcher-1786004230-21d53c97afd5,408.678,632.435
wide-researcher-1786004230-00e808d08960,408.706,628.936
deep-researcher-1786004230-5dad29f0a428,408.726,647.058
wide-researcher-1786004230-9d9942a66cc2,408.783,546.589
deep-researcher-1786004230-49b97a0f6e77,408.841,637.080
wide-researcher-1786004230-0fb1463fddba,408.872,673.730
deep-researcher-1786004231-eaaee81a5fa8,408.901,700.245
data-analyst-1786004128-06317eacab16,408.922,408.922
wide-researcher-1786004231-5f95148fb158,408.954,683.061
deep-researcher-1786004231-1b3ec5610bac,408.994,635.420
data-analyst-1786004126-04a01870874c,409.019,409.019
wide-researcher-1786004231-ddb3a889e4ee,409.048,700.720
deep-researcher-1786004231-7918a9f74333,409.108,634.123
data-analyst-1786004111-3c876ede1b94,409.151,409.152
wide-researcher-1786004231-6ce2a550a7e1,409.165,674.819
data-analyst-1786004130-1c045f50a5b2,409.185,409.186
deep-researcher-1786004231-616c74ae7581,409.209,545.443
data-analyst-1786004115-15db27f40586,409.220,409.220
data-analyst-1786004133-1a16413b9137,409.233,409.234
data-analyst-1786004132-92bee5f6dca2,409.248,409.248
data-analyst-1786004132-36cecb6af6b7,409.261,409.262
wide-researcher-1786004231-1aa67c948e6c,409.279,694.412
deep-researcher-1786004231-2b86857254cd,409.350,644.125
wide-researcher-1786004231-ce526c37fa66,409.500,666.321
deep-researcher-1786004231-e608c42c02fa,409.533,541.126
wide-researcher-1786004231-f835f85d9bf2,409.553,692.921
deep-researcher-1786004231-3d2427944300,409.622,667.410
wide-researcher-1786004231-30edcb433fa9,409.737,628.125
deep-researcher-1786004231-c8ace9bf71ef,409.847,700.223
data-analyst-1786004109-ba5e16b2dd19,409.884,409.884
wide-researcher-1786004231-47df693cf555,409.884,551.334
data-analyst-1786004114-c8f9356fe8b0,410.002,410.003
deep-researcher-1786004232-2b85b47b8890,410.013,645.946
wide-researcher-1786004232-4796f7f837de,410.034,674.507
data-analyst-1786004123-ec90c005fc41,410.079,410.079
deep-researcher-1786004232-8666a0227ec1,410.099,543.630
data-analyst-1786004107-3a0f089e3ce8,410.114,410.114
wide-researcher-1786004232-ffdffabbee0d,410.130,691.750
deep-researcher-1786004232-7d9abd53f4e1,410.161,586.505
wide-researcher-1786004232-12ace21ddb17,410.191,670.985
deep-researcher-1786004232-625a9c28a404,410.225,667.713
wide-researcher-1786004232-2d031b2e22ed,410.244,687.370
data-analyst-1786004130-1578da0a437f,410.249,410.249
deep-researcher-1786004232-d7982aba3510,410.284,700.595
data-analyst-1786004110-fd04d62f827f,410.314,410.315
wide-researcher-1786004232-723577623d43,410.352,680.907
deep-researcher-1786004232-5af54b584f0c,410.384,556.655
data-analyst-1786004123-5a5a68ba584a,410.398,410.398
wide-researcher-1786004232-6a7bc2bcfeb1,410.412,636.509
data-analyst-1786004123-fd5ced22f4e9,410.416,410.416
deep-researcher-1786004232-4c8517dc2de8,410.430,548.701
wide-researcher-1786004232-c37a8ba64432,410.462,587.900
data-analyst-1786004114-eef859997a05,410.467,410.467
data-analyst-1786004127-c9fdb5536564,410.483,410.483
deep-researcher-1786004232-7b12f2ff3cfb,410.500,687.337
data-analyst-1786004128-75281ead56f0,410.545,410.546
wide-researcher-1786004232-0f5510aa0ea6,410.566,571.598
data-analyst-1786004108-e118657491de,410.581,410.581
data-analyst-1786004126-45d9f5c299ba,410.597,410.598
deep-researcher-1786004232-aa6ccb258322,410.606,551.293
data-analyst-1786004127-223b26ec0e18,410.611,410.612
wide-researcher-1786004232-58e5d0ca8005,410.666,648.811
deep-researcher-1786004232-e0b73b22ed0b,410.705,544.763
wide-researcher-1786004232-5b490b2b88b6,410.799,700.687
deep-researcher-1786004232-cb655fbea035,410.861,637.457
data-analyst-1786004128-d8f85eb6f8a0,410.916,410.917
data-analyst-1786004134-04ae0e31bed8,410.965,410.966
wide-researcher-1786004232-46639b154cd3,411.043,633.600
data-analyst-1786004131-099246cd5885,411.063,411.064
data-analyst-1786004128-b3d35cd809c4,411.095,411.095
data-analyst-1786004119-f666e015d657,411.187,411.187
deep-researcher-1786004233-117d2bb107b7,411.208,667.994
data-analyst-1786004128-b19ab31df1d7,411.222,411.223
data-analyst-1786004126-ef8163727d66,411.238,411.239
wide-researcher-1786004233-0cb5aad44642,411.248,650.346
deep-researcher-1786004233-d608c5640f5b,411.437,659.083
data-analyst-1786004126-cd039c891b16,411.471,411.471
data-analyst-1786004107-f3c0a4e80338,411.518,411.519
wide-researcher-1786004233-bddd7a2ad61c,411.518,671.806
deep-researcher-1786004233-e1b05fee43d3,411.548,633.465
data-analyst-1786004108-47575b0db5a4,411.559,411.560
wide-researcher-1786004233-0413d0275741,411.607,649.174
deep-researcher-1786004233-fa06a210555b,411.640,634.432
wide-researcher-1786004233-88001c4947ae,411.671,540.824
deep-researcher-1786004233-ec23df22296c,411.703,685.583
wide-researcher-1786004233-4706819475fa,411.733,645.650
data-analyst-1786004126-bd55044d7bb9,411.771,411.771
data-analyst-1786004139-e7e063bb94a1,411.852,411.853
deep-researcher-1786004233-f92d382aa52f,411.926,651.522
data-analyst-1786004130-2c552fff3dc5,411.972,411.973
wide-researcher-1786004233-af0a3b8c3dbe,411.982,666.284
data-analyst-1786004128-b8619ac820a3,412.002,412.003
deep-researcher-1786004234-d98590af1a5d,412.025,681.745
wide-researcher-1786004234-02f0c0397eab,412.111,649.501
data-analyst-1786004139-57923b6cab70,412.154,412.154
deep-researcher-1786004234-2a38f4545e9f,412.175,559.209
data-analyst-1786004113-1e6163b001f1,412.189,412.190
wide-researcher-1786004234-b0f1f59242de,412.215,687.571
data-analyst-1786004130-1d555f322a1a,412.224,412.224
data-analyst-1786004138-0b8b52006e1c,412.272,412.272
deep-researcher-1786004234-d6e11624e37d,412.305,634.086
data-analyst-1786004115-b7d3da4ea7bb,412.367,412.368
wide-researcher-1786004234-184a48b4d858,412.400,630.098
data-analyst-1786004113-a1117eee0bba,412.415,412.415
data-analyst-1786004128-c8e25db52dff,412.430,412.431
data-analyst-1786004139-5307fd196c12,412.543,412.543
deep-researcher-1786004234-42154da84328,412.573,663.183
data-analyst-1786004123-4869bc034d06,412.671,412.672
wide-researcher-1786004234-e66f53401d95,412.703,692.090
deep-researcher-1786004234-caccc1ab3383,412.759,632.813
data-analyst-1786004136-58f693b46bcf,412.773,412.773
wide-researcher-1786004234-279452c62377,412.867,656.130
deep-researcher-1786004234-948d8b8953c7,412.904,632.251
wide-researcher-1786004235-0c6cb8e3b245,412.938,628.890
data-analyst-1786004141-f33602a5b3d1,412.943,412.943
data-analyst-1786004110-355f809265a8,412.957,412.958
data-analyst-1786004137-05168e87416f,413.001,413.001
deep-researcher-1786004235-234ca49c429d,413.060,651.341
wide-researcher-1786004235-aa67cc862452,413.100,701.539
data-analyst-1786004143-38f661f42c9a,413.114,413.115
data-analyst-1786004141-550cbbaeba08,413.178,413.178
deep-researcher-1786004235-f4c0aa55345a,413.215,628.040
wide-researcher-1786004235-7ae9b2d747ac,413.265,545.291
deep-researcher-1786004235-bcde6de79fca,413.306,678.651
data-analyst-1786004142-099334871016,413.346,413.347
data-analyst-1786004143-bba1c1aea469,413.362,413.362
wide-researcher-1786004235-75f83c3d57b9,413.374,692.591
data-analyst-1786004136-213d1608cf75,413.378,413.378
deep-researcher-1786004235-b32b4c000167,413.452,700.640
wide-researcher-1786004235-580c9532557d,413.481,646.256
deep-researcher-1786004235-e175218a6043,413.590,601.374
data-analyst-1786004133-5150e7a0b548,413.600,413.601
data-analyst-1786004113-d78877320554,413.614,413.615
wide-researcher-1786004235-355d20d6659d,413.632,639.585
data-analyst-1786004130-c6d26e612dc3,413.646,413.647
deep-researcher-1786004235-4a5dcd0b9e18,413.689,662.916
data-analyst-1786004138-471f6d29f0d9,413.734,413.734
wide-researcher-1786004235-86d473bf8582,413.739,576.825
deep-researcher-1786004235-aa8f5bd56a19,413.767,543.319
data-analyst-1786004139-17334ab2a05c,413.800,413.800
wide-researcher-1786004235-bd433982215b,413.809,657.844
data-analyst-1786004139-338ee31ec47f,413.841,413.841
deep-researcher-1786004235-9899109310d8,413.850,656.985
data-analyst-1786004110-4dbc83df67cd,413.860,413.860
wide-researcher-1786004235-3a415efea3ef,413.888,631.511
data-analyst-1786004126-eb27f12e10f6,414.017,414.018
data-analyst-1786004143-7c44e462f016,414.045,414.045
deep-researcher-1786004236-426a1b9b88cb,414.063,547.667
data-analyst-1786004122-f025065043e2,414.076,414.077
wide-researcher-1786004236-f11a8744ee13,414.095,647.704
deep-researcher-1786004236-05a1b493a51e,414.146,685.410
data-analyst-1786004139-94f19bae903f,414.197,414.197
wide-researcher-1786004236-0e3de52804de,414.238,681.279
deep-researcher-1786004236-c3a097a7ceae,414.268,700.736
wide-researcher-1786004236-4d8c7d9a1eaf,414.387,640.419
data-analyst-1786004143-d3a894a6da5d,414.415,414.416
deep-researcher-1786004236-3b357790dd6e,414.416,700.019
wide-researcher-1786004236-64760cc215f8,414.453,658.457
data-analyst-1786004143-ec5163da346d,414.498,414.498
data-analyst-1786004131-ee8fac421b79,414.551,414.552
deep-researcher-1786004236-70802db4de7a,414.557,676.916
wide-researcher-1786004236-ef8db82ce337,414.578,680.703
deep-researcher-1786004236-35432ee19f25,414.606,634.583
wide-researcher-1786004236-470156d1c46e,414.657,657.974
deep-researcher-1786004236-27d397140edf,414.695,542.932
data-analyst-1786004114-9ae84536ce55,414.706,414.706
wide-researcher-1786004236-8253106434fa,414.724,560.827
deep-researcher-1786004236-906251c387a2,414.752,569.430
wide-researcher-1786004236-2434d6d0e4b4,414.825,642.976
data-analyst-1786004141-932a40cc758e,414.866,414.866
deep-researcher-1786004236-09dae54f062b,414.889,695.899
wide-researcher-1786004237-bdfe1c666c8d,414.944,693.097
data-analyst-1786004145-0115313ff917,414.960,414.961
data-analyst-1786004139-09d25719cba7,414.986,414.987
deep-researcher-1786004237-c87033f26801,414.991,644.397
wide-researcher-1786004237-f03ee24b90b6,415.031,649.608
deep-researcher-1786004237-16c2ad06957f,415.101,686.429
wide-researcher-1786004237-5cf47dbc99e2,415.150,663.817
data-analyst-1786004128-dafdad514994,415.215,415.216
deep-researcher-1786004237-75877eb33c16,415.243,636.361
data-analyst-1786004128-33b1f40cbfdb,415.274,415.275
wide-researcher-1786004237-b00acbd0bade,415.313,606.837
data-analyst-1786004137-2f5442672c96,415.317,415.317
deep-researcher-1786004237-793e8d87e535,415.339,677.707
wide-researcher-1786004237-906d76b5820d,415.388,693.954
data-analyst-1786004108-1254335b8d8d,415.429,415.430
data-analyst-1786004137-cdfb41c95e14,415.443,415.444
data-analyst-1786004110-17c1da608f70,415.472,415.473
data-analyst-1786004119-7d1d11bbf5ae,415.487,415.487
data-analyst-1786004114-2820a4e1c4f2,415.515,415.516
deep-researcher-1786004237-205b487c4f15,415.566,692.192
data-analyst-1786004113-a7d2079455bc,415.592,415.592
data-analyst-1786004147-db92e8e631a2,415.605,415.606
data-analyst-1786004141-b6f5d282b7d2,415.620,415.621
data-analyst-1786004148-2cb2b4f1a041,415.633,415.634
data-analyst-1786004127-b8b464d63a2c,415.691,415.691
data-analyst-1786004150-04b562361efe,415.704,415.705
data-analyst-1786004145-ff1288e7bf94,415.746,415.747
wide-researcher-1786004237-4d91fcf6b42f,415.755,633.184
data-analyst-1786004145-328810213f37,415.759,415.760
deep-researcher-1786004237-a7759b62d4e6,415.816,696.607
data-analyst-1786004150-4c478841f8e2,415.829,415.830
data-analyst-1786004137-1974a42c48a2,415.843,415.843
data-analyst-1786004133-2466366d8a07,415.916,415.916
wide-researcher-1786004237-08999c60a939,415.935,664.569
data-analyst-1786004133-b851664df46a,415.982,415.982
data-analyst-1786004125-97c203356812,416.009,416.010
data-analyst-1786004126-b22134e2ed09,416.050,416.051
deep-researcher-1786004238-6db1243da928,416.059,647.891
data-analyst-1786004128-28bf902a9cb6,416.095,416.095
wide-researcher-1786004238-f39bb95aaa94,416.131,672.323
data-analyst-1786004142-39246737bcc1,416.156,416.156
deep-researcher-1786004238-774e4adfe92f,416.169,548.878
wide-researcher-1786004238-077e9a5aef79,416.198,567.720
deep-researcher-1786004238-ad86b485bef5,416.238,650.825
wide-researcher-1786004238-2699fae9bfff,416.326,645.110
deep-researcher-1786004238-38f7a52b9100,416.346,638.768
data-analyst-1786004128-7ee34174aea2,416.377,416.377
data-analyst-1786004138-36ace39ef7e2,416.391,416.391
wide-researcher-1786004238-7e769b4ee554,416.461,628.092
data-analyst-1786004131-50d649574d1b,416.472,416.473
deep-researcher-1786004238-fc4aa5c8a1d3,416.502,558.309
data-analyst-1786004136-4452431981c5,416.524,416.524
wide-researcher-1786004238-ef75c96d0227,416.552,545.387
data-analyst-1786004146-60b9990a9763,416.596,416.596
deep-researcher-1786004238-f5a9e5c2d9f5,416.641,669.830
wide-researcher-1786004238-568a03624ddd,416.664,655.858
deep-researcher-1786004238-7b4421e37c68,416.746,648.328
data-analyst-1786004126-46af7e63f708,416.760,416.761
wide-researcher-1786004238-1640adf339c5,416.769,664.155
data-analyst-1786004137-79fc0cb26ec7,416.779,416.780
deep-researcher-1786004238-44f468eb18b9,416.802,545.332
data-analyst-1786004136-92d26432200e,416.828,416.828
data-analyst-1786004123-f22e751f0397,416.856,416.856
data-analyst-1786004152-57848e332f96,416.884,416.885
wide-researcher-1786004238-3ef1cd0671d3,416.912,643.811
data-analyst-1786004114-45a2caed05c9,416.965,416.966
data-analyst-1786004135-c95de436f20f,417.023,417.024
deep-researcher-1786004238-af6bd2103b19,417.041,662.983
data-analyst-1786004113-f287baf3726f,417.070,417.071
data-analyst-1786004114-d2ee56a056d8,417.085,417.086
wide-researcher-1786004239-0d9f78cf3d61,417.090,656.340
data-analyst-1786004119-0705c4bc6356,417.102,417.103
data-analyst-1786004143-f633120a2a19,417.132,417.133
data-analyst-1786004115-0a8e54e2296d,417.159,417.159
data-analyst-1786004138-10f761d5c710,417.173,417.173
deep-researcher-1786004239-0c81d19340cb,417.209,701.808
data-analyst-1786004113-a3487b27077c,417.233,417.233
data-analyst-1786004142-9d87fc288e3a,417.263,417.264
wide-researcher-1786004239-bcecf13a1e6f,417.300,560.488
deep-researcher-1786004239-b1d83dc8b624,417.330,700.967
data-analyst-1786004137-819862e87dbb,417.373,417.374
data-analyst-1786004123-8c1be635294c,417.400,417.401
data-analyst-1786004105-d9286926c4e0,417.428,417.429
wide-researcher-1786004239-5d27e76530a0,417.457,683.123
data-analyst-1786004126-f700fa05d5d6,417.478,417.478
deep-researcher-1786004239-456fe4b0eb10,417.533,691.192
data-analyst-1786004108-cc9b6cf554bd,417.575,417.576
wide-researcher-1786004239-733d6c62615f,417.581,691.458
data-analyst-1786004141-070b740f4d5d,417.593,417.594
data-analyst-1786004134-8e83e9317a50,417.607,417.607
deep-researcher-1786004239-23b4bc7b2c84,417.633,660.239
data-analyst-1786004123-265e96eff56b,417.680,417.681
data-analyst-1786004125-c2be221067a6,417.695,417.695
wide-researcher-1786004239-10a265721b3b,417.713,539.979
data-analyst-1786004119-a88164270a1d,417.728,417.728
deep-researcher-1786004239-485284fddd18,417.827,699.063
data-analyst-1786004146-e9f102dee729,417.924,417.925
data-analyst-1786004157-75189191d57c,417.998,417.999
data-analyst-1786004122-c1123cba63c6,418.013,418.013
wide-researcher-1786004239-6dc36f7c6b62,418.053,692.449
deep-researcher-1786004240-b5acf4d030dd,418.070,635.063
data-analyst-1786004114-694c1067831e,418.089,418.089
wide-researcher-1786004240-3344e921699f,418.098,672.241
data-analyst-1786004156-df77ea46deec,418.106,418.107
deep-researcher-1786004240-06b5667386a3,418.158,598.081
wide-researcher-1786004240-789ccf02049d,418.177,694.374
deep-researcher-1786004240-2cb13b8efa2f,418.207,657.318
data-analyst-1786004157-729c66af3b08,418.235,418.235
data-analyst-1786004131-9e9268472a91,418.250,418.250
wide-researcher-1786004240-0a166e792cdc,418.255,663.704
data-analyst-1786004148-e0a162a84997,418.311,418.311
deep-researcher-1786004240-4c2d497dbfd4,418.320,641.361
wide-researcher-1786004240-6b5fb37175b1,418.416,657.900
data-analyst-1786004139-88004f8b533c,418.466,418.467
data-analyst-1786004157-7bae270dcf0b,418.481,418.481
deep-researcher-1786004240-f5839914e3d3,418.515,678.548
data-analyst-1786004154-30ebe629a7e6,418.544,418.544
data-analyst-1786004111-b5c03009fe95,418.557,418.558
data-analyst-1786004130-ed01651af82c,418.571,418.572
data-analyst-1786004111-a781de166513,418.587,418.587
wide-researcher-1786004240-5f196ec0b29d,418.596,668.276
data-analyst-1786004156-beef0fcf8187,418.607,418.607
data-analyst-1786004152-4f059da654c2,418.621,418.621
deep-researcher-1786004240-cf1af9ffd5cc,418.662,660.826
data-analyst-1786004127-6b4014dde80b,418.671,418.672
data-analyst-1786004157-ef8e41c30430,418.701,418.703
wide-researcher-1786004240-217b8a2b5117,418.722,668.133
data-analyst-1786004141-ef6309f5b9da,418.754,418.755
deep-researcher-1786004240-35a19346e1ec,418.763,644.742
data-analyst-1786004143-9706d37d84de,418.790,418.791
data-analyst-1786004156-b18e506e45a0,418.804,418.804
wide-researcher-1786004240-9f14f4950154,418.813,628.952
data-analyst-1786004156-647dbf4532e6,418.822,418.823
data-analyst-1786004160-53ce00a4fb48,418.837,418.838
data-analyst-1786004150-d434076466bd,418.919,418.919
data-analyst-1786004158-e6fff71e79fa,418.933,418.933
data-analyst-1786004161-ba7201967dd0,418.947,418.948
data-analyst-1786004156-11b9e4bfb596,418.961,418.962
deep-researcher-1786004240-6e1acc35d233,418.970,629.911
data-analyst-1786004130-43f2687ef532,419.012,419.012
wide-researcher-1786004241-4d2b055a8c35,419.050,603.035
data-analyst-1786004157-22607653d2bf,419.078,419.078
data-analyst-1786004139-eaa9b317395c,419.125,419.125
data-analyst-1786004134-dd7e0458eb18,419.140,419.141
deep-researcher-1786004241-aa7637ff67ea,419.149,695.702
data-analyst-1786004146-bd3891f8680e,419.158,419.159
data-analyst-1786004161-ad99eb22516b,419.172,419.173
data-analyst-1786004158-e43ecd0894df,419.204,419.205
wide-researcher-1786004241-e1edf2c63ac8,419.224,663.954
deep-researcher-1786004241-0b28f92ee19e,419.263,657.791
data-analyst-1786004150-2e348cf9905f,419.274,419.275
data-analyst-1786004161-095bf4c73aed,419.289,419.289
data-analyst-1786004135-7fbb147c7458,419.302,419.303
data-analyst-1786004161-eb7706b7dc57,419.315,419.316
wide-researcher-1786004241-3d88ff90116c,419.344,692.572
data-analyst-1786004162-1c8b333c04d7,419.349,419.350
deep-researcher-1786004241-5cd06c8559c9,419.375,700.672
data-analyst-1786004160-0a5de49f8f02,419.402,419.403
data-analyst-1786004112-228163738be9,419.450,419.450
data-analyst-1786004161-8e6d5cb3fe9a,419.480,419.480
wide-researcher-1786004241-c81987f254cc,419.489,538.559
data-analyst-1786004156-904e35e569fe,419.499,419.499
deep-researcher-1786004241-fcf834c65005,419.526,644.107
data-analyst-1786004147-4987689b14b3,419.527,419.531
data-analyst-1786004161-cf03bd6fc0e1,419.546,419.547
data-analyst-1786004133-18a8b576551d,419.574,419.574
wide-researcher-1786004241-18496156f8ec,419.579,684.055
deep-researcher-1786004241-a23c0ef1bd93,419.605,702.279
wide-researcher-1786004241-9566eb451931,419.674,699.254
deep-researcher-1786004241-d26966f06198,419.693,642.024
wide-researcher-1786004241-2b9c54ec9124,419.722,650.002
deep-researcher-1786004241-15faf308768a,419.806,645.997
data-analyst-1786004156-a472b8cf6c65,419.811,419.811
wide-researcher-1786004241-6c59b3b1b3de,419.839,606.796
data-analyst-1786004161-a799cb63ba7e,419.844,419.844
data-analyst-1786004145-119c501830fc,419.860,419.861
deep-researcher-1786004241-9252c9780547,419.869,665.206
wide-researcher-1786004242-f7b76ad6139c,419.929,681.413
data-analyst-1786004162-e3a10f9c2678,419.992,419.994
deep-researcher-1786004242-428f2b4de192,420.033,674.441
data-analyst-1786004137-dd0fd7327626,420.043,420.044
wide-researcher-1786004242-58d55af40272,420.061,683.913
data-analyst-1786004146-3bec11f6b356,420.092,420.093
data-analyst-1786004137-515d6fe391ae,420.109,420.110
data-analyst-1786004130-c1ef7583b516,420.153,420.153
data-analyst-1786004163-39ad643ef5c5,420.166,420.167
deep-researcher-1786004242-ec61632eb85d,420.246,583.888
data-analyst-1786004107-f7f3ede0c9b4,420.261,420.261
data-analyst-1786004138-62b20d8adbb4,420.275,420.275
data-analyst-1786004139-4b7196d77626,420.288,420.289
wide-researcher-1786004242-5ec0ecc57543,420.311,666.670
data-analyst-1786004157-657cc2eab479,420.338,420.338
deep-researcher-1786004242-a66fc46f04b1,420.351,629.728
data-analyst-1786004157-efcb777333bf,420.419,420.419
wide-researcher-1786004242-5dd9c4e836dc,420.454,649.727
data-analyst-1786004162-b541fd950524,420.500,420.500
data-analyst-1786004161-0a410196c4fc,420.513,420.513
data-analyst-1786004133-4f9db97edb48,420.526,420.526
data-analyst-1786004153-11916e338e5a,420.553,420.553
deep-researcher-1786004242-698555fe53a8,420.598,660.754
data-analyst-1786004164-c41a46c5046f,420.628,420.628
wide-researcher-1786004242-32974d8ab4ff,420.643,687.399
data-analyst-1786004156-6932e8ca7367,420.676,420.676
deep-researcher-1786004242-1084ffa3a45d,420.705,658.176
wide-researcher-1786004242-0fa4af1f272e,420.783,675.911
data-analyst-1786004147-e82401cb4d19,420.858,420.858
deep-researcher-1786004242-53af288c8075,420.865,637.239
data-analyst-1786004160-5ca78ca63fe6,420.974,420.975
wide-researcher-1786004242-928a24d69d47,420.988,651.119
data-analyst-1786004112-ccc0380bb0a0,421.008,421.008
deep-researcher-1786004243-18cf9eb3105f,421.026,659.654
wide-researcher-1786004243-46e246f8416c,421.045,690.928
deep-researcher-1786004243-c5d7bb003a06,421.079,693.725
wide-researcher-1786004243-356dcaf54bc5,421.118,659.632
deep-researcher-1786004243-8b294c084225,421.185,676.309
wide-researcher-1786004243-d9c16930a441,421.203,652.990
deep-researcher-1786004243-8558b05b9c94,421.232,557.643
data-analyst-1786004156-9eb4429ffbfa,421.272,421.272
data-analyst-1786004156-7b5ede200525,421.285,421.286
wide-researcher-1786004243-2c14c921f97f,421.290,636.281
deep-researcher-1786004243-febb433257d3,421.329,702.259
data-analyst-1786004128-c1e06dcc2e79,421.330,421.334
wide-researcher-1786004243-95aa69e7d2a4,421.347,690.907
deep-researcher-1786004243-cd68cd3e8ee1,421.382,673.162
wide-researcher-1786004243-a87158a0353e,421.431,665.487
deep-researcher-1786004243-0e35db165613,421.449,654.092
data-analyst-1786004109-c8724c7873b9,421.464,421.465
data-analyst-1786004109-a90604997c3e,421.580,421.581
data-analyst-1786004164-1a4c7bdd8fd1,421.623,421.624
data-analyst-1786004113-c20ef1829797,421.636,421.637
wide-researcher-1786004243-431351b3ef26,421.682,623.495
deep-researcher-1786004243-ef5a4c9d2613,421.759,673.404
data-analyst-1786004126-9972a09cbf54,421.788,421.789
wide-researcher-1786004243-3cc0933371d5,421.825,660.575
data-analyst-1786004158-65c6cbf9ee72,421.837,421.837
deep-researcher-1786004243-c46d32ad1fa4,421.865,692.051
data-analyst-1786004166-c8a07ed07298,421.870,421.870
data-analyst-1786004119-be4a0274ae0b,421.883,421.884
data-analyst-1786004164-802cfe8aeb9c,421.898,421.899
wide-researcher-1786004244-04cec58068e1,421.932,679.053
data-analyst-1786004168-da438b63c581,421.972,421.973
data-analyst-1786004138-968dd9757004,422.018,422.018
data-analyst-1786004169-c8cb001b6249,422.031,422.031
deep-researcher-1786004244-5efa509e6f37,422.065,655.025
data-analyst-1786004148-c0bfe1e4e0d5,422.080,422.080
data-analyst-1786004141-b15987d54476,422.092,422.093
wide-researcher-1786004244-dabb4ba4b434,422.114,683.958
data-analyst-1786004146-37ba1b22395d,422.124,422.125
data-analyst-1786004157-974c70d36f22,422.139,422.140
data-analyst-1786004155-3648f1e83bf2,422.153,422.153
deep-researcher-1786004244-fdbe1ba98864,422.171,673.077
data-analyst-1786004161-9676c7bb979e,422.203,422.204
wide-researcher-1786004244-f5abbaf8fb5c,422.212,667.206
data-analyst-1786004115-ecec5d6e4c29,422.222,422.223
deep-researcher-1786004244-d191fc091be4,422.249,589.826
wide-researcher-1786004244-cd7ed641af8f,422.285,695.414
deep-researcher-1786004244-9700563d4488,422.363,690.317
data-analyst-1786004113-2fac462714a7,422.423,422.423
data-analyst-1786004168-22861aacbedc,422.437,422.438
data-analyst-1786004152-c785af64e9d3,422.482,422.482
wide-researcher-1786004244-1a5cc5f4fc41,422.509,692.316
data-analyst-1786004170-f2c226f6558a,422.528,422.530
deep-researcher-1786004244-99c3725fe91d,422.561,643.175
wide-researcher-1786004244-db12fedab2c6,422.590,699.367
data-analyst-1786004128-851f3000bb26,422.607,422.608
data-analyst-1786004141-159d8d9d8122,422.623,422.623
deep-researcher-1786004244-5c5fa7fe0f84,422.681,692.161
wide-researcher-1786004244-fc18dc2f325b,422.699,567.205
data-analyst-1786004156-3692787a5536,422.717,422.717
deep-researcher-1786004244-d93b907680fa,422.721,587.528
data-analyst-1786004139-f13512fd2498,422.795,422.796
wide-researcher-1786004244-f84bb3d9914e,422.824,635.912
deep-researcher-1786004244-0150a51a31c7,422.850,700.141
wide-researcher-1786004245-6f614c244636,422.893,675.310
data-analyst-1786004161-fc5e8be054b1,422.911,422.911
deep-researcher-1786004245-b019f057cfe2,422.946,682.915
data-analyst-1786004171-5cbd9a9d1b9a,423.026,423.026
data-analyst-1786004166-8be4a44a3e26,423.041,423.041
data-analyst-1786004138-543ed698b414,423.055,423.055
wide-researcher-1786004245-cf9f23a45e12,423.113,628.648
data-analyst-1786004142-c2ef39779ec7,423.194,423.194
deep-researcher-1786004245-061cf42b5c2e,423.199,627.944
data-analyst-1786004132-b9e9ef073a1e,423.213,423.213
data-analyst-1786004156-a6ffdcaf2c83,423.226,423.226
data-analyst-1786004141-ab54e6550281,423.240,423.240
data-analyst-1786004171-becf30931383,423.255,423.256
data-analyst-1786004131-cf0638b6ee64,423.318,423.318
data-analyst-1786004113-6a2a18d5cd03,423.332,423.332
wide-researcher-1786004245-77ccf36cbe94,423.345,647.588
data-analyst-1786004170-dcca2674eb3c,423.365,423.366
deep-researcher-1786004245-e71692050189,423.383,693.567
data-analyst-1786004139-8fae87675523,423.397,423.398
data-analyst-1786004157-ce9f75eb2a9b,423.427,423.428
wide-researcher-1786004245-3ba0570a9518,423.436,665.712
deep-researcher-1786004245-9a72892771d8,423.586,679.566
wide-researcher-1786004245-51e5e07a2ccc,423.632,693.854
data-analyst-1786004166-232dfdce5440,423.647,423.647
data-analyst-1786004174-67932f610050,423.661,423.662
deep-researcher-1786004245-a4523acdd719,423.671,700.384
wide-researcher-1786004245-8e672c8f7fcd,423.691,583.930
data-analyst-1786004142-37cac8794927,423.702,423.702
data-analyst-1786004152-70f85769781f,423.717,423.717
deep-researcher-1786004245-8034f73d50f8,423.761,699.411
data-analyst-1786004168-7e7496b18473,423.766,423.766
data-analyst-1786004155-a0ddcc5bdc78,423.781,423.781
data-analyst-1786004171-af2232afdaf2,423.813,423.814
data-analyst-1786004138-df188e0a63d5,423.830,423.830
data-analyst-1786004161-4230155ad839,423.844,423.844
data-analyst-1786004164-2550b40349d6,423.860,423.860
wide-researcher-1786004245-2e37255bb29f,423.868,688.624
deep-researcher-1786004245-f50e6ea04065,423.891,582.928
data-analyst-1786004166-2b56e1f6ba87,423.913,423.914
data-analyst-1786004118-a08f57ffd83e,423.978,423.979
wide-researcher-1786004246-b17944be3591,423.998,675.518
data-analyst-1786004161-b5c7fc7207cf,424.013,424.013
data-analyst-1786004126-a2716939dfe2,424.031,424.031
data-analyst-1786004154-d147bbe320cf,424.062,424.062
deep-researcher-1786004246-e99a0b89ec11,424.071,636.738
data-analyst-1786004166-b14698b80846,424.091,424.092
wide-researcher-1786004246-624c9df137bc,424.110,690.670
deep-researcher-1786004246-57c6400fd6db,424.196,629.527
wide-researcher-1786004246-4e6fc39c9ee1,424.216,665.043
data-analyst-1786004164-d0a055e7cbea,424.226,424.226
deep-researcher-1786004246-9b9914dad51d,424.239,695.335
data-analyst-1786004138-930f7e9ed5e8,424.259,424.259
data-analyst-1786004136-23e037f07a19,424.288,424.289
wide-researcher-1786004246-76dd3f5c1b89,424.294,665.526
deep-researcher-1786004246-cc6fe5ab49be,424.322,699.943
data-analyst-1786004133-89b18aae9c88,424.323,424.327
wide-researcher-1786004246-72d4898dfa8f,424.362,644.476
deep-researcher-1786004246-9d79ede911ba,424.381,540.965
data-analyst-1786004115-936bce60e709,424.412,424.412
data-analyst-1786004115-11a51051ef7e,424.427,424.427
data-analyst-1786004155-75ac1d87364d,424.440,424.441
wide-researcher-1786004246-c2b8ce51af83,424.449,673.961
data-analyst-1786004139-0908098e3646,424.477,424.478
data-analyst-1786004150-b248fac756d5,424.522,424.523
data-analyst-1786004122-fd11ded13621,424.630,424.630
data-analyst-1786004174-98b1531cd58a,424.692,424.692
deep-researcher-1786004246-c4294d53ef7b,424.705,693.768
data-analyst-1786004133-65f9db3e9c64,424.706,424.710
data-analyst-1786004165-d7284104c093,424.740,424.740
wide-researcher-1786004246-5e57e485c539,424.780,687.223
data-analyst-1786004176-542444777ef0,424.790,424.791
data-analyst-1786004130-dcd9a58bb861,424.806,424.807
data-analyst-1786004165-24be7b937034,424.819,424.820
data-analyst-1786004143-8e309744385e,424.833,424.833
deep-researcher-1786004246-78719d0343c6,424.860,700.533
data-analyst-1786004138-98499fe71bcb,424.880,424.880
wide-researcher-1786004246-f3328c1103a5,424.890,562.731
data-analyst-1786004161-4e4d6157b2a4,424.911,424.911
deep-researcher-1786004247-c61eb5e9aae3,424.961,642.009
data-analyst-1786004172-4bd24e0aa6e3,424.976,424.976
data-analyst-1786004109-f83ce1c4a969,425.025,425.025
data-analyst-1786004118-bdbadf4d9cc7,425.041,425.046
data-analyst-1786004138-f0f67644512e,425.062,425.062
data-analyst-1786004176-c37fbeb6e25a,425.094,425.094
wide-researcher-1786004247-57eefcf59640,425.104,642.040
deep-researcher-1786004247-10f5f64192c6,425.137,662.186
wide-researcher-1786004247-88263bfac517,425.179,670.920
data-analyst-1786004177-6b0b9b8ffc5c,425.205,425.206
deep-researcher-1786004247-2bb468a2a2de,425.233,695.852
wide-researcher-1786004247-794011e73634,425.275,651.665
data-analyst-1786004128-a0bf33fae28a,425.312,425.313
deep-researcher-1786004247-27412fff7b3a,425.380,690.572
wide-researcher-1786004247-4c3c030aa9af,425.399,633.777
data-analyst-1786004171-0ab56b7bf9c2,425.414,425.415
data-analyst-1786004128-32f9731ced1b,425.446,425.446
data-analyst-1786004178-2beefe6491fa,425.478,425.478
data-analyst-1786004171-8aa8ee025d05,425.493,425.493
deep-researcher-1786004247-f4243baf4f31,425.511,630.424
wide-researcher-1786004247-fd2a81ca00df,425.531,648.199
deep-researcher-1786004247-8ce76ba411a0,425.560,694.545
wide-researcher-1786004247-abb7b81d751c,425.580,695.600
deep-researcher-1786004247-ab96299e71e5,425.611,699.383
wide-researcher-1786004247-b2991dbbd835,425.637,692.221
data-analyst-1786004142-c1fc65fc1b7f,425.691,425.691
deep-researcher-1786004247-c0357319eccc,425.706,671.389
data-analyst-1786004136-5801fd2b5f3c,425.711,425.711
wide-researcher-1786004247-0bb8fc679ff2,425.726,642.251
deep-researcher-1786004247-8cd97df8c86d,425.745,632.862
data-analyst-1786004136-c9ad5664032d,425.783,425.783
data-analyst-1786004166-e2bc47ea6c5d,425.800,425.800
wide-researcher-1786004247-1c5aaee51fc7,425.810,631.656
data-analyst-1786004139-6f3ced294598,425.820,425.821
data-analyst-1786004167-b872bde1f04f,425.835,425.835
data-analyst-1786004166-2ccb3072c7ff,425.864,425.864
deep-researcher-1786004247-a5b915d6c487,425.878,699.687
wide-researcher-1786004247-853ca5015a0c,425.896,638.328
data-analyst-1786004175-830b634a77ca,425.949,425.949
data-analyst-1786004168-9ab16009c7ef,426.010,426.010
data-analyst-1786004109-9aed03277549,426.070,426.070
data-analyst-1786004176-8d499d492b51,426.130,426.130
data-analyst-1786004127-756b4019d3b9,426.146,426.146
data-analyst-1786004160-a30a479a73fd,426.203,426.203
deep-researcher-1786004248-96a5a91ddfc8,426.223,607.051
data-analyst-1786004145-8d3fa46468ab,426.269,426.269
wide-researcher-1786004248-3267432d81dd,426.286,638.400
data-analyst-1786004173-1f1135e09d20,426.316,426.316
data-analyst-1786004181-5811090755a2,426.332,426.333
deep-researcher-1786004248-2dd9037f4ce7,426.372,567.011
data-analyst-1786004156-886e709ed08b,426.417,426.418
data-analyst-1786004137-b5b41518bff2,426.467,426.467
wide-researcher-1786004248-7905f4a7dd9d,426.477,658.511
data-analyst-1786004180-007826a8281b,426.534,426.535
data-analyst-1786004166-625001ddea78,426.580,426.580
deep-researcher-1786004248-8c30e289390a,426.590,700.264
wide-researcher-1786004248-a2e9845284f3,426.614,658.951
deep-researcher-1786004248-ba623241c96a,426.659,640.532
wide-researcher-1786004248-8c9e63bced98,426.691,670.014
deep-researcher-1786004248-daffda4174ff,426.742,644.017
wide-researcher-1786004248-158b02e0408f,426.772,647.011
deep-researcher-1786004248-391d49486a1c,426.793,702.202
data-analyst-1786004172-cd96e0b6f05c,426.827,426.827
data-analyst-1786004149-bc2a67345b90,426.872,426.872
wide-researcher-1786004248-34169bd2810d,426.899,668.888
data-analyst-1786004128-abb73198d7fd,426.919,426.919
data-analyst-1786004136-b5f14d8ea579,426.979,426.979
data-analyst-1786004169-1814b7d5ad61,427.023,427.023
deep-researcher-1786004248-6c02421c2182,427.028,640.612
data-analyst-1786004118-ebaf5bf0d21b,427.072,427.072
wide-researcher-1786004249-981acc711994,427.082,637.271
deep-researcher-1786004249-6b17d0dbd79d,427.101,700.098
wide-researcher-1786004249-d3f601331779,427.132,681.259
data-analyst-1786004126-91282fe139ad,427.139,427.140
deep-researcher-1786004249-354108419c18,427.214,652.339
wide-researcher-1786004249-18e644861cda,427.244,673.339
deep-researcher-1786004249-ffd1811ce5a2,427.264,700.704
data-analyst-1786004113-c25b0a9f0b8d,427.290,427.290
wide-researcher-1786004249-8911b63c14d2,427.314,632.352
data-analyst-1786004108-b798504f337d,427.340,427.341
deep-researcher-1786004249-558e47445d0d,427.370,655.582
data-analyst-1786004142-9eddb5f485ce,427.374,427.374
data-analyst-1786004157-4c998d36475e,427.388,427.388
data-analyst-1786004145-fbe632bb1418,427.401,427.401
wide-researcher-1786004249-fc8b84bd4f80,427.405,637.012
data-analyst-1786004177-7b053f29fb2a,427.497,427.497
data-analyst-1786004178-b12c0d8fbbe4,427.526,427.527
data-analyst-1786004176-1ebf41308391,427.584,427.584
data-analyst-1786004180-bc3bc5a22ba1,427.598,427.598
deep-researcher-1786004249-d8b68f127cab,427.602,700.162
data-analyst-1786004174-63e71493ccd2,427.662,427.662
data-analyst-1786004180-ee74aad2136a,427.708,427.708
wide-researcher-1786004249-7a9af48acdcf,427.800,702.299
data-analyst-1786004146-d6c91330563e,427.815,427.815
data-analyst-1786004169-1a92648827e5,427.842,427.843
data-analyst-1786004186-1608af160e13,427.857,427.857
data-analyst-1786004135-8734071bdbfc,427.873,427.874
data-analyst-1786004177-9f412fd8adc8,427.887,427.887
data-analyst-1786004171-3eb802bc24f1,427.916,427.916
deep-researcher-1786004249-2f404d725dd8,427.975,631.209
data-analyst-1786004113-04d795a10ee8,428.037,428.037
wide-researcher-1786004249-178dd20815f8,428.100,663.640
deep-researcher-1786004250-7b8367eb5090,428.122,681.339
data-analyst-1786004163-f6d573673b17,428.133,428.133
data-analyst-1786004156-252e6a78bfdd,428.147,428.147
wide-researcher-1786004250-519ddebbbb19,428.159,676.234
data-analyst-1786004177-770d15c341ee,428.163,428.163
deep-researcher-1786004250-832c241e0fc2,428.176,687.445
data-analyst-1786004166-2373d92c29e6,428.194,428.195
wide-researcher-1786004250-faca59b38bda,428.208,580.967
data-analyst-1786004176-97b7bc23e8a6,428.228,428.228
deep-researcher-1786004250-7a9ca0feded6,428.255,675.017
wide-researcher-1786004250-c7868def536a,428.296,568.263
deep-researcher-1786004250-28b0f6c106aa,428.315,568.674
wide-researcher-1786004250-27602eb3ec14,428.402,685.354
deep-researcher-1786004250-9150914a97ef,428.544,699.134
data-analyst-1786004161-2e9c59ef9e12,428.595,523.246
wide-researcher-1786004250-f39677d179cf,428.600,688.830
deep-researcher-1786004250-dd53d6acb370,428.618,660.293
wide-researcher-1786004250-d8022ea5025b,428.661,635.994
data-analyst-1786004157-10a907bb3299,428.728,428.728
deep-researcher-1786004250-c22681f33047,428.765,651.246
wide-researcher-1786004250-05cbc2d932d6,428.785,558.276
deep-researcher-1786004250-f20f437a1902,428.824,702.076
wide-researcher-1786004250-3849e3fa82b3,428.853,657.774
deep-researcher-1786004251-8c109acda71b,428.896,700.579
wide-researcher-1786004251-5930bf551f5b,428.989,663.784
deep-researcher-1786004251-8c64dd42ac95,429.036,637.318
wide-researcher-1786004251-b666e601fe6a,429.113,543.251
data-analyst-1786004185-c2d05d581e92,429.136,429.136
deep-researcher-1786004251-6cbc319e4d68,429.240,661.953
data-analyst-1786004186-088a3250b8cf,429.289,429.290
wide-researcher-1786004251-5bf566b3cf3d,429.323,681.104
data-analyst-1786004187-d6287de0d333,429.382,521.023
data-analyst-1786004169-30b43fe716ec,429.401,429.402
deep-researcher-1786004251-e337e09aa38f,429.483,640.219
wide-researcher-1786004251-e7aba7a871c4,429.503,646.069
deep-researcher-1786004251-7b52e5ecd999,429.636,702.111
data-analyst-1786004182-852ec8738222,429.661,429.661
wide-researcher-1786004251-ef1c84e3c165,429.670,638.241
deep-researcher-1786004251-c105cb94427d,429.687,701.054
data-analyst-1786004155-ecfe97170dc8,429.706,429.707
wide-researcher-1786004251-714da53f062c,429.716,610.450
deep-researcher-1786004251-678c53d4c53d,429.753,648.381
wide-researcher-1786004251-b4ec4ea53769,429.796,682.072
deep-researcher-1786004251-13bfd8deb4e1,429.829,702.453
wide-researcher-1786004251-aa627bfa8f28,429.910,665.247
data-analyst-1786004157-1c6b3b83eb18,429.966,429.967
deep-researcher-1786004252-a425e6776608,430.042,650.428
wide-researcher-1786004252-18a2e3677948,430.059,657.862
deep-researcher-1786004252-0a865a840df3,430.086,652.786
wide-researcher-1786004252-2ab8892b3be6,430.104,687.724
deep-researcher-1786004252-c68692bd72d9,430.156,669.443
wide-researcher-1786004252-b4560ab09245,430.245,695.683
deep-researcher-1786004252-fd782c5c67bd,430.274,702.057
data-analyst-1786004139-307e8ceca18e,430.274,532.552
wide-researcher-1786004252-c569f159dd2f,430.292,662.484
deep-researcher-1786004252-ba7e1b41c6b0,430.342,701.904
wide-researcher-1786004252-379abe64a67c,430.398,690.776
deep-researcher-1786004252-e0fb0346a21e,430.501,649.852
wide-researcher-1786004252-ab103842c38e,430.539,700.752
data-analyst-1786004118-bc1e19e43a0b,430.550,430.551
deep-researcher-1786004252-a2418a94a35e,430.625,692.236
wide-researcher-1786004252-859916aae451,430.754,607.273
deep-researcher-1786004252-a6c7a414d45c,430.821,652.615
data-analyst-1786004138-6ab92c0bf8b0,430.832,430.832
wide-researcher-1786004252-65932c8df55d,430.841,664.841
data-analyst-1786004177-e8eea368c597,430.850,430.851
deep-researcher-1786004253-df8a30aeb0f1,430.988,680.022
wide-researcher-1786004253-3cce9c9c23fb,431.021,641.712
deep-researcher-1786004253-35b89de53e1b,431.103,701.664
wide-researcher-1786004253-15eaffd08467,431.135,669.035
deep-researcher-1786004253-0306295c811e,431.154,631.808
data-analyst-1786004130-88d0ac153439,431.197,431.197
wide-researcher-1786004253-5666489a3fbd,431.202,683.082
deep-researcher-1786004253-c4b149549ecc,431.228,680.599
wide-researcher-1786004253-a16a8c95f496,431.275,668.012
deep-researcher-1786004253-44674002dda7,431.304,660.936
wide-researcher-1786004253-761f7aad3625,431.324,631.543
deep-researcher-1786004253-a1a313f7a0aa,431.436,691.014
wide-researcher-1786004253-6054d7b7e6b0,431.549,637.826
deep-researcher-1786004253-4d0b7497f10b,431.566,692.283
data-analyst-1786004189-1b0004f543d7,431.611,527.334
wide-researcher-1786004253-6800a4e5574a,431.616,650.396
data-analyst-1786004189-8d794f64e2a1,431.632,531.152
deep-researcher-1786004253-ea5ad20acfb8,431.637,683.944
data-analyst-1786004190-909d67e4f0be,431.654,529.053
wide-researcher-1786004253-fdabb44a907a,431.666,632.717
deep-researcher-1786004253-aced44636642,431.684,694.995
wide-researcher-1786004253-f88e00fc70d3,431.738,642.074
deep-researcher-1786004253-2dbe1553e366,431.807,647.026
wide-researcher-1786004253-d7959a9f4540,431.845,681.729
deep-researcher-1786004253-b33c4d783b8c,431.921,700.784
wide-researcher-1786004254-676e3230924e,431.939,695.719
deep-researcher-1786004254-c97b772dd1e5,432.015,644.161
wide-researcher-1786004254-3da2ba55b674,432.112,686.396
deep-researcher-1786004254-85bee0912b93,432.138,642.169
data-analyst-1786004163-a0681a73b1a9,432.165,542.788
data-analyst-1786004163-9b1507b59188,432.180,599.703
data-analyst-1786004163-ef4bfb64a7da,432.193,538.381
data-analyst-1786004160-c63dd76d28f1,432.208,530.165
data-analyst-1786004161-e6f93cecd84c,432.221,521.228
wide-researcher-1786004254-ff0d458e802a,432.259,681.317
deep-researcher-1786004254-f86c897676f1,432.349,637.363
data-analyst-1786004135-15025c391b4e,432.415,432.416
wide-researcher-1786004254-c32ab20bf210,432.508,685.195
deep-researcher-1786004254-a76ede511c5f,432.528,664.628
wide-researcher-1786004254-eee1c1b744b1,432.646,669.558
deep-researcher-1786004254-54afed49f00d,432.674,629.594
wide-researcher-1786004254-487a0377825f,432.704,690.381
deep-researcher-1786004254-4bfcd256a847,432.784,639.357
wide-researcher-1786004254-981a6834d800,432.825,556.085
deep-researcher-1786004254-e976017d6598,432.847,663.834
wide-researcher-1786004255-18b8646c5fcc,432.945,656.508
data-analyst-1786004123-41bddb9de288,433.023,433.024
data-analyst-1786004164-cbd72f7d7077,433.042,433.042
deep-researcher-1786004255-068188dee304,433.061,637.521
wide-researcher-1786004255-f2b30ad78578,433.085,689.995
data-analyst-1786004180-0cf7b76b1bcb,433.109,433.109
deep-researcher-1786004255-ba8e619d42cd,433.131,692.208
wide-researcher-1786004255-941a5c7930d9,433.182,681.007
deep-researcher-1786004255-a3628de373ee,433.200,692.552
data-analyst-1786004189-23dbdde19c6e,433.298,433.298
wide-researcher-1786004255-db9d6a5eed8c,433.323,692.627
data-analyst-1786004193-a08d4824dea7,433.331,533.200
deep-researcher-1786004255-380b1ed37f4b,433.450,653.879
wide-researcher-1786004255-f2e64c9706eb,433.529,632.231
data-analyst-1786004191-c811f763749d,433.606,521.436
deep-researcher-1786004255-362030427843,433.628,644.963
wide-researcher-1786004255-391c36d11908,433.655,561.505
deep-researcher-1786004255-da5f2b193b13,433.772,626.898
wide-researcher-1786004255-9f73db7dc1a3,433.846,658.194
deep-researcher-1786004255-a71010d1c498,433.865,639.525
wide-researcher-1786004256-2c7e9c0c4fde,433.997,615.365
deep-researcher-1786004256-5cb4d55e081c,434.015,699.568
data-analyst-1786004161-0ad10058a61e,434.028,531.463
wide-researcher-1786004256-c20362edca1f,434.046,647.311
deep-researcher-1786004256-51fdf666cfa8,434.154,636.655
wide-researcher-1786004256-bfe7ff8c783b,434.194,658.528
deep-researcher-1786004256-410d963a05d1,434.248,670.294
wide-researcher-1786004256-a464c82a8480,434.279,629.492
deep-researcher-1786004256-1c1ccff81335,434.296,607.720
wide-researcher-1786004256-7bf590c27eaf,434.326,660.992
data-analyst-1786004163-ae8449fc5996,434.337,434.337
deep-researcher-1786004256-005305e5231e,434.359,607.938
wide-researcher-1786004256-96d9051912b0,434.445,633.359
deep-researcher-1786004256-635677663b63,434.560,643.288
wide-researcher-1786004256-e36cb342bd65,434.592,605.529
deep-researcher-1786004256-2385d5e37e72,434.631,668.387
wide-researcher-1786004256-8bb83222be35,434.663,673.709
deep-researcher-1786004256-24106f9bdf3c,434.707,631.099
wide-researcher-1786004256-39c2ac99fca9,434.868,653.524
data-analyst-1786004189-3dbddf982c7d,434.908,528.752
data-analyst-1786004152-68c04626d0c7,434.927,434.927
deep-researcher-1786004256-b9426430d7c9,435.012,701.518
wide-researcher-1786004257-d8d9cd7e1810,435.042,629.288
data-analyst-1786004174-b7f2c4ccb172,435.055,435.056
deep-researcher-1786004257-ec344a6ae00e,435.080,692.889
wide-researcher-1786004257-fc0df3448af9,435.130,692.819
deep-researcher-1786004257-eaf30d7b994d,435.169,675.118
wide-researcher-1786004257-4368df2d7fe0,435.247,688.686
deep-researcher-1786004257-115981911837,435.285,634.988
wide-researcher-1786004257-918b8bec75a7,435.362,642.435
deep-researcher-1786004257-7562edcef166,435.380,652.898
wide-researcher-1786004257-c8971546ff07,435.523,653.950
deep-researcher-1786004257-0abe4fef8f0e,435.543,701.791
wide-researcher-1786004257-a5837bf52715,435.699,631.863
deep-researcher-1786004257-76318b625f1e,435.765,601.431
wide-researcher-1786004257-2e4d01f62df3,435.797,689.629
data-analyst-1786004135-ebf13dcf61fd,435.823,529.807
deep-researcher-1786004257-d98f575213db,435.837,589.733
data-analyst-1786004165-54bf7319f1fe,435.854,530.091
data-analyst-1786004165-27b7b4aa15d1,435.868,524.062
wide-researcher-1786004257-4a175a875ce2,435.869,668.197
deep-researcher-1786004258-b0f8e1aecc39,435.951,637.192
wide-researcher-1786004258-ce008bac303a,436.072,648.231
deep-researcher-1786004258-ee3beca87f44,436.102,554.758
wide-researcher-1786004258-0c1815329032,436.121,695.097
deep-researcher-1786004258-73f515fc976f,436.150,574.800
wide-researcher-1786004258-2697ed3ef8d4,436.171,680.486
deep-researcher-1786004258-d65dc57ab6cd,436.200,642.905
wide-researcher-1786004258-e039582ff789,436.224,547.838
deep-researcher-1786004258-9aa1396fedfb,436.283,663.433
wide-researcher-1786004258-22ea8cbf6e8d,436.332,690.530
deep-researcher-1786004258-ac6b85d48c8b,436.377,692.848
data-analyst-1786004195-cd4ce5a95cf0,436.415,530.378
wide-researcher-1786004258-629fb4b07524,436.451,657.438
deep-researcher-1786004258-299116e56129,436.514,620.869
wide-researcher-1786004258-86a647b3e462,436.554,635.287
deep-researcher-1786004258-9f63da1ec461,436.583,701.180
wide-researcher-1786004258-984ce42c4082,436.677,667.461
data-analyst-1786004160-828ce64b8167,436.778,436.779
deep-researcher-1786004258-ccbc9a910a29,436.796,655.316
wide-researcher-1786004258-95b9879d999c,436.864,672.289
deep-researcher-1786004258-39044b259b14,436.886,691.797
data-analyst-1786004165-2ce0ed702f3d,436.968,541.698
wide-researcher-1786004259-5da9d6abec03,437.014,636.978
deep-researcher-1786004259-ac9d3890df71,437.055,651.856
data-analyst-1786004110-39452bae5605,437.090,437.091
data-analyst-1786004188-340997840d81,437.182,437.182
wide-researcher-1786004259-03687837edc1,437.211,600.453
data-analyst-1786004171-930304a5361e,437.231,437.232
deep-researcher-1786004259-b2bd5a22bdc7,437.250,648.730
wide-researcher-1786004259-6e2831ea50d4,437.278,682.248
deep-researcher-1786004259-e801a8070407,437.308,702.239
wide-researcher-1786004259-78b072975e6e,437.358,641.525
deep-researcher-1786004259-ff6b55e57314,437.378,631.329
wide-researcher-1786004259-05ecb2c49d13,437.471,599.495
data-analyst-1786004195-e50a04f7491d,437.511,536.211
deep-researcher-1786004259-7769f695fdb9,437.511,654.060
data-analyst-1786004195-d09145e3353b,437.530,534.423
data-analyst-1786004195-ace292e14bc2,437.544,527.437
wide-researcher-1786004259-b23218b74e92,437.575,690.963
deep-researcher-1786004259-cfb71293c7d4,437.598,699.337
data-analyst-1786004189-80014c47dca7,437.628,437.629
wide-researcher-1786004259-3cd06ac89294,437.628,642.090
data-analyst-1786004179-b8c40936eeb5,437.664,437.664
deep-researcher-1786004259-e9adb8cb35b4,437.668,624.205
wide-researcher-1786004259-6ba9addb41b2,437.713,642.502
deep-researcher-1786004259-e2238fa450d9,437.793,692.433
wide-researcher-1786004259-9f35ed006fb6,437.823,646.163
deep-researcher-1786004259-2c98b4c5002c,437.853,611.814
wide-researcher-1786004260-cede1ede1337,437.889,685.290
deep-researcher-1786004260-e1c7290b619d,437.978,702.336
wide-researcher-1786004260-419cbbd50f62,438.025,677.040
deep-researcher-1786004260-27f5a39a9ebe,438.159,685.644
wide-researcher-1786004260-b4b9516c7457,438.265,634.395
data-analyst-1786004162-9708009cb99e,438.310,520.963
data-analyst-1786004164-c8265a271c07,438.324,527.143
data-analyst-1786004130-5345ecf7755c,438.338,520.772
deep-researcher-1786004260-16df973fbd16,438.388,701.985
data-analyst-1786004189-f180dd639919,438.467,438.468
data-analyst-1786004188-e1f88e5fab20,438.483,438.484
wide-researcher-1786004260-870a0c6ccd8e,438.532,663.493
deep-researcher-1786004260-1c7cd6c0c840,438.572,693.081
wide-researcher-1786004260-70229d74396f,438.652,632.586
data-analyst-1786004196-0bd9a3f7e0f3,438.682,534.090
deep-researcher-1786004260-4f80e8635ba0,438.687,645.740
wide-researcher-1786004260-1ca948153e72,438.726,657.742
deep-researcher-1786004260-b199fee92090,438.764,632.749
wide-researcher-1786004260-7e214ab56db7,438.795,665.348
deep-researcher-1786004260-0ce3fff72e5d,438.824,671.988
wide-researcher-1786004260-fbbe426901ea,438.861,681.476
deep-researcher-1786004261-95cc54a184a0,438.895,695.791
wide-researcher-1786004261-b2fb9bb64f56,438.992,593.987
deep-researcher-1786004261-817238807b3b,439.027,695.998
wide-researcher-1786004261-ef224c1f2107,439.095,546.989
deep-researcher-1786004261-66a4163be6f2,439.139,655.006
data-analyst-1786004191-0932cf975249,439.160,521.914
wide-researcher-1786004261-23612dcff856,439.180,551.320
deep-researcher-1786004261-f26fae69acf7,439.200,696.219
wide-researcher-1786004261-f6522d294e71,439.231,684.812
deep-researcher-1786004261-64e37668e981,439.314,640.644
wide-researcher-1786004261-53c569f86b9a,439.377,680.220
data-analyst-1786004188-076f13972b7f,439.396,521.928
deep-researcher-1786004261-c2693a2fa7a6,439.480,659.675
wide-researcher-1786004261-1a0eb1c16503,439.540,633.429
data-analyst-1786004169-f08b916b55bf,439.555,524.937
deep-researcher-1786004261-f9c8e8395c94,439.581,563.857
data-analyst-1786004196-70ad65117260,439.633,526.488
data-analyst-1786004196-2836b93e9d62,439.648,528.257
wide-researcher-1786004261-51ddf8bf23e3,439.660,681.444
deep-researcher-1786004261-e2ef9cabec1a,439.678,699.219
data-analyst-1786004145-00134397ee4e,439.683,527.128
wide-researcher-1786004261-b42b579da58f,439.711,651.651
deep-researcher-1786004261-2faff298266a,439.811,630.836
wide-researcher-1786004261-3db6057a6ea3,439.853,616.841
deep-researcher-1786004261-b079ef283e19,439.883,699.783
wide-researcher-1786004262-065360a5c0cb,440.038,684.568
deep-researcher-1786004262-3940837b81cd,440.077,700.656
wide-researcher-1786004262-32b68e64a663,440.163,689.124
deep-researcher-1786004262-57d4fd29dc25,440.203,643.965
wide-researcher-1786004262-4666b203be23,440.277,643.365
deep-researcher-1786004262-77a7475bcd57,440.335,701.411
wide-researcher-1786004262-59fd3f87b1f4,440.364,628.776
deep-researcher-1786004262-aa265d50a2fa,440.404,701.145
data-analyst-1786004197-61bf6678b2f4,440.450,557.003
data-analyst-1786004167-a4bf252fef53,440.464,536.093
wide-researcher-1786004262-631c3a14bf1a,440.509,633.916
deep-researcher-1786004262-fcc94645373a,440.540,648.790
wide-researcher-1786004262-badd0a21f6b6,440.597,650.938
deep-researcher-1786004262-314361730abf,440.661,691.229
data-analyst-1786004168-f39d428f4bb3,440.672,440.673
wide-researcher-1786004262-bc87af50a637,440.692,684.089
data-analyst-1786004125-8fe53cd45cd8,440.721,440.721
deep-researcher-1786004262-7303241f7661,440.746,642.059
data-analyst-1786004191-ad6380f4614e,440.805,440.805
data-analyst-1786004153-b26611b10543,440.820,440.820
wide-researcher-1786004262-230945fde28a,440.829,662.547
data-analyst-1786004186-6c886228a797,440.837,528.849
deep-researcher-1786004262-30495697877e,440.891,650.220
wide-researcher-1786004263-6fc277a91158,440.985,660.406
data-analyst-1786004197-789d94443c56,441.020,525.419
deep-researcher-1786004263-84e3dac1e66e,441.053,699.424
data-analyst-1786004107-50b6c25a26ef,441.068,441.068
wide-researcher-1786004263-096b13e22949,441.093,636.675
deep-researcher-1786004263-71ffa17a1a42,441.173,640.786
wide-researcher-1786004263-ed849e5f636c,441.192,647.839
deep-researcher-1786004263-04f3ab79e6bf,441.356,685.523
data-analyst-1786004180-2c691534c396,441.451,441.452
data-analyst-1786004187-0e50b0ec4449,441.466,441.466
wide-researcher-1786004263-a48381d07024,441.536,635.018
deep-researcher-1786004263-88fc70c01af1,441.554,696.240
wide-researcher-1786004263-712bbc592708,441.678,655.461
data-analyst-1786004185-ea859eaae164,441.688,441.689
deep-researcher-1786004263-ed35b2d49b4d,441.738,653.179
data-analyst-1786004166-b2f0b1d5604c,441.794,441.795
wide-researcher-1786004263-b7c26e173d37,441.799,668.830
data-analyst-1786004185-4a4dbe6ac495,441.828,441.828
data-analyst-1786004197-62328485c825,441.861,533.658
deep-researcher-1786004263-10502b0e79b9,441.883,690.117
wide-researcher-1786004263-60f9d449273f,441.914,673.645
data-analyst-1786004186-6981f0a10ce0,441.914,441.918
data-analyst-1786004123-0191adbb934f,441.982,441.983
deep-researcher-1786004264-a147e15775e2,442.015,552.793
wide-researcher-1786004264-025b93bf5cae,442.053,589.331
data-analyst-1786004197-09600198c3fe,442.072,538.277
data-analyst-1786004197-9da74906dea9,442.086,537.392
data-analyst-1786004184-5623d987124c,442.098,442.099
deep-researcher-1786004264-e441a3293de6,442.107,643.983
wide-researcher-1786004264-f7cfcba33bdc,442.144,660.095
deep-researcher-1786004264-f8727c773bf6,442.174,666.449
wide-researcher-1786004264-4acec956f61c,442.204,663.082
data-analyst-1786004197-51c790983951,442.204,540.115
data-analyst-1786004189-044658fcc01e,442.220,523.056
deep-researcher-1786004264-dffa4e7d4333,442.233,701.856
data-analyst-1786004188-8c1fd8af7756,442.242,442.243
wide-researcher-1786004264-9f9c4328fbe6,442.313,641.409
deep-researcher-1786004264-60e4a33c9818,442.342,633.901
wide-researcher-1786004264-a2f91168ef06,442.398,666.169
deep-researcher-1786004264-34982b0737a0,442.505,547.851
wide-researcher-1786004264-3360a5d4c55d,442.544,690.011
deep-researcher-1786004264-b83bad05c8fd,442.573,692.969
wide-researcher-1786004264-14c95de77cf4,442.610,591.628
data-analyst-1786004168-db9a8fd18575,442.654,538.802
data-analyst-1786004168-094e6369a922,442.667,531.928
deep-researcher-1786004264-3ccf85adbb81,442.681,634.221
data-analyst-1786004168-99cef2ff6f36,442.681,537.407
wide-researcher-1786004264-248f459b652c,442.711,636.442
deep-researcher-1786004264-27dd0b63324f,442.831,628.436
data-analyst-1786004198-89d391f997da,442.840,544.648
wide-researcher-1786004264-1ea60758f24d,442.900,669.960
data-analyst-1786004188-0c080728ecf2,442.963,442.964
data-analyst-1786004148-30c30dbb1e41,443.037,543.371
data-analyst-1786004189-1d9d14eb5372,443.056,443.056
deep-researcher-1786004265-e0ce9c2298d5,443.060,700.768
data-analyst-1786004155-379de2685b54,443.086,443.087
wide-researcher-1786004265-1fd6a5c5f257,443.099,643.429
deep-researcher-1786004265-031e028538f6,443.181,650.764
wide-researcher-1786004265-700abcf7f76a,443.221,682.540
deep-researcher-1786004265-528f10dc64b3,443.254,673.922
data-analyst-1786004198-e9f2529516fb,443.254,538.859
data-analyst-1786004145-6c7bef7f1cf2,443.286,443.287
wide-researcher-1786004265-913ed68647c4,443.291,633.144
deep-researcher-1786004265-0c53e14c5fc7,443.357,658.634
wide-researcher-1786004265-0ed296bea157,443.385,702.413
deep-researcher-1786004265-c6c60a9e26ab,443.407,665.186
data-analyst-1786004198-97907d843480,443.504,525.320
wide-researcher-1786004265-54e731938bc9,443.536,638.654
deep-researcher-1786004265-5b8f401f0525,443.618,702.183
wide-researcher-1786004265-81e0061e13ab,443.656,629.826
deep-researcher-1786004265-4e82f8533e83,443.698,548.148
data-analyst-1786004163-c59d4cdeddf9,443.722,526.515
data-analyst-1786004169-ca54b27e791f,443.741,443.741
wide-researcher-1786004265-0811137c7b2b,443.745,620.564
deep-researcher-1786004265-a3f39b1fe853,443.772,636.186
wide-researcher-1786004265-1cbc6e76a029,443.851,661.185
deep-researcher-1786004265-1bbb773a8bc6,443.908,641.058
data-analyst-1786004135-a608f59ab5e7,443.965,443.965
wide-researcher-1786004266-f41763bd46bb,444.002,647.998
deep-researcher-1786004266-96494c0b9d59,444.020,600.212
wide-researcher-1786004266-884168f1c17e,444.059,677.851
deep-researcher-1786004266-56f15f48d280,444.089,659.101
wide-researcher-1786004266-6ba4ce3c7e08,444.124,620.954
deep-researcher-1786004266-eebc7d8b4bd3,444.207,673.387
wide-researcher-1786004266-71d7b08d4eba,444.227,679.776
deep-researcher-1786004266-e9a4c4395e8d,444.343,637.176
wide-researcher-1786004266-c55ecd7928c0,444.374,642.650
deep-researcher-1786004266-cc8d931f5164,444.419,592.022
wide-researcher-1786004266-64c3a5367f03,444.572,645.863
deep-researcher-1786004266-f24eee1e373e,444.602,661.011
wide-researcher-1786004266-8fa86692b679,444.690,687.475
deep-researcher-1786004266-dd6a1105154c,444.797,670.857
wide-researcher-1786004266-59f79ca494e6,444.864,639.304
deep-researcher-1786004266-48d77f32ccff,444.916,647.428
data-analyst-1786004169-0b9b1707e005,445.011,525.724
data-analyst-1786004169-9ac1a735f0cb,445.024,523.317
wide-researcher-1786004267-6f5e3ffe2fed,445.029,692.300
data-analyst-1786004139-22d359f34f46,445.041,532.421
deep-researcher-1786004267-77be5e88721c,445.049,699.584
data-analyst-1786004139-75006f14b52e,445.057,530.633
data-analyst-1786004169-c110373bed87,445.070,536.076
wide-researcher-1786004267-ce234dfa4798,445.133,672.685
deep-researcher-1786004267-ee40b4e1a312,445.176,652.505
wide-researcher-1786004267-bc0be40aaba5,445.204,654.076
deep-researcher-1786004267-d3b1d20e3c45,445.242,679.006
wide-researcher-1786004267-b26e09573949,445.279,654.527
data-analyst-1786004179-9be4707b2992,445.280,445.283
deep-researcher-1786004267-427f15cea8b5,445.333,699.170
wide-researcher-1786004267-4a98137dd9ce,445.511,685.082
data-analyst-1786004155-cba2797885e3,445.516,445.516
deep-researcher-1786004267-be9a3b7a2650,445.565,684.310
data-analyst-1786004164-65a81dbea3c6,445.596,445.596
wide-researcher-1786004267-57404bd567e5,445.600,670.355
deep-researcher-1786004267-931d705f7189,445.638,685.023
data-analyst-1786004188-2593f233722c,445.678,526.927
wide-researcher-1786004267-c8c023b25a0b,445.699,644.567
deep-researcher-1786004267-b8f76dffef95,445.745,689.520
wide-researcher-1786004267-8f1f72b347f4,445.853,655.145
deep-researcher-1786004267-ebd155f594a8,446.078,651.591
wide-researcher-1786004268-b5e522d9a97e,446.117,694.269
deep-researcher-1786004268-a0b2c8196015,446.208,655.125
wide-researcher-1786004268-50803d5f1e6f,446.247,644.000
data-analyst-1786004176-53e90be77228,446.291,446.291
deep-researcher-1786004268-0fcf2af43d42,446.305,700.501
wide-researcher-1786004268-9a7680b8730c,446.337,649.078
deep-researcher-1786004268-4e10377ea862,446.376,635.828
data-analyst-1786004119-d090726a30bf,446.380,446.380
data-analyst-1786004164-387dbea277d9,446.394,446.395
wide-researcher-1786004268-14c5fb1d8af9,446.418,661.872
deep-researcher-1786004268-e9b18a8931d2,446.542,701.646
wide-researcher-1786004268-2bbb01c870d9,446.589,658.618
data-analyst-1786004199-c997a05a62ce,446.648,543.784
deep-researcher-1786004268-5e07d77816fd,446.653,700.852
data-analyst-1786004199-1b9edd75e48f,446.666,526.591
data-analyst-1786004199-252b77f15739,446.679,544.880
wide-researcher-1786004268-fe400b5aa4fc,446.747,699.305
deep-researcher-1786004268-aa4369002765,446.797,663.624
data-analyst-1786004169-79e429c370da,446.798,446.802
wide-researcher-1786004268-8a9843112d83,446.838,649.800
deep-researcher-1786004268-4a2a915301a2,446.882,699.880
data-analyst-1786004187-8ea3d6ed2bc7,446.952,522.294
data-analyst-1786004186-09728d82f0bc,446.972,446.972
data-analyst-1786004177-165c206c7cff,447.001,447.001
wide-researcher-1786004269-e8b6a3e16570,447.030,672.894
deep-researcher-1786004269-44c3389e2a18,447.048,699.202
wide-researcher-1786004269-20117cdd8415,447.074,647.155
deep-researcher-1786004269-f47f85df4220,447.117,635.498
wide-researcher-1786004269-86efe77830d4,447.216,672.341
deep-researcher-1786004269-563545c96505,447.254,701.476
wide-researcher-1786004269-e36bb27d6be5,447.369,687.766
deep-researcher-1786004269-bd98134ad0cb,447.401,646.201
wide-researcher-1786004269-d88cbaed7ee9,447.439,647.330
deep-researcher-1786004269-77a6ea041d26,447.554,643.635
wide-researcher-1786004269-51c75a802583,447.586,628.538
deep-researcher-1786004269-9bfb046de123,447.627,650.380
data-analyst-1786004170-9c862e114d82,447.636,528.905
data-analyst-1786004165-4fdf20228e76,447.649,526.459
data-analyst-1786004166-dd4fbb7e8d20,447.662,526.711
wide-researcher-1786004269-181b2a787975,447.763,642.753
deep-researcher-1786004269-8f309ec949c2,447.818,700.282
wide-researcher-1786004269-a529bdf768a2,447.935,661.730
deep-researcher-1786004270-21150cecc847,448.013,670.558
wide-researcher-1786004270-14305105dab6,448.104,686.911
deep-researcher-1786004270-91d83267484f,448.140,674.167
wide-researcher-1786004270-9a878a9d6071,448.162,657.143
data-analyst-1786004177-8a3476fe8515,448.193,448.193
deep-researcher-1786004270-d5a6b3e6adb6,448.266,687.955
wide-researcher-1786004270-9d49950ec8b3,448.307,700.983
data-analyst-1786004157-ea84854241cc,448.408,448.408
deep-researcher-1786004270-d17e7718fa8c,448.432,682.866
wide-researcher-1786004270-65ec534dce40,448.502,660.628
deep-researcher-1786004270-5e6387a8cf51,448.531,564.061
wide-researcher-1786004270-5072c925d7e9,448.548,687.603
deep-researcher-1786004270-8664698f4940,448.570,701.432
wide-researcher-1786004270-b5ad5b16c57c,448.599,578.416
data-analyst-1786004200-4591620e702f,448.608,530.021
deep-researcher-1786004270-f2e614164366,448.653,672.871
data-analyst-1786004193-3e16b5c0c431,448.670,448.670
data-analyst-1786004193-8146c5987d4d,448.698,527.577
wide-researcher-1786004270-a5266b4aed76,448.712,646.359
deep-researcher-1786004270-430f7e2637bc,448.732,659.947
wide-researcher-1786004270-c04ab2c6c5df,448.759,601.623
data-analyst-1786004200-cfd6c23a6aee,448.829,522.732
data-analyst-1786004200-e8ced0dfaf20,448.843,525.306
data-analyst-1786004200-3c28225bc878,448.856,521.483
deep-researcher-1786004270-b90f2d4c641e,448.856,641.178
data-analyst-1786004156-40283d4bee5d,449.039,449.040
wide-researcher-1786004270-c357672adb41,449.111,675.332
deep-researcher-1786004271-297b1327ccc3,449.262,669.978
wide-researcher-1786004271-21d9a78a8f75,449.280,657.569
deep-researcher-1786004271-516b5c337a3d,449.335,702.019
wide-researcher-1786004271-474bff9722b3,449.364,657.497
deep-researcher-1786004271-f481b2b5c0e4,449.392,636.410
wide-researcher-1786004271-414e4cc623a2,449.438,648.709
deep-researcher-1786004271-fad27e3ea16f,449.456,630.283
wide-researcher-1786004271-a8fe0b05f82d,449.565,679.157
deep-researcher-1786004271-150a910687ee,449.602,662.579
wide-researcher-1786004271-a52d1ca4f10e,449.650,646.015
deep-researcher-1786004271-176135c0ff16,449.669,686.637
wide-researcher-1786004271-a0518a1e7971,449.708,678.673
deep-researcher-1786004271-da935a35a69d,449.766,692.694
data-analyst-1786004171-053fa68919a6,449.806,536.685
data-analyst-1786004171-d24b0a802063,449.820,532.937
wide-researcher-1786004271-943b6b0f45a6,449.825,682.461
data-analyst-1786004171-5d775dedd19f,449.837,526.726
data-analyst-1786004171-e14d98aba7ff,449.850,530.647
deep-researcher-1786004271-c7e0c46d9ef9,449.876,589.522
wide-researcher-1786004272-ad1486477cc4,449.905,627.700
deep-researcher-1786004272-9598a5c0d614,449.960,688.146
data-analyst-1786004187-3efd0ab67154,450.011,450.011
wide-researcher-1786004272-4bc5fc401957,450.019,686.286
deep-researcher-1786004272-c98bcf232267,450.058,678.813
wide-researcher-1786004272-43d556d0d09f,450.076,674.558
deep-researcher-1786004272-7cc422e9919d,450.111,638.702
wide-researcher-1786004272-1c3a6c53d764,450.139,645.816
deep-researcher-1786004272-fc99ef8d58ea,450.168,663.166
data-analyst-1786004185-ff9f125d12c8,450.240,450.240
data-analyst-1786004180-1ca75f9483f3,450.254,450.254
wide-researcher-1786004272-dc36065de397,450.280,650.199
deep-researcher-1786004272-16999e9eebf8,450.620,617.140
wide-researcher-1786004272-2d2907651ace,450.649,631.416
deep-researcher-1786004272-06dd1f93a190,450.708,651.944
data-analyst-1786004161-9ff308d96e48,450.735,450.735
wide-researcher-1786004272-46e4c67daa20,450.740,672.557
deep-researcher-1786004272-cef87989664f,450.779,657.257
data-analyst-1786004187-c556e420491c,450.804,450.804
wide-researcher-1786004272-5e38bae2738c,450.854,652.302
data-analyst-1786004164-10de2f7788aa,450.902,450.902
deep-researcher-1786004272-3bc816ce79b7,450.902,653.416
wide-researcher-1786004273-3c0966cabf3a,450.955,638.066
data-analyst-1786004170-77b364804209,451.033,451.033
deep-researcher-1786004273-74548f62047b,451.077,674.061
data-analyst-1786004189-62a00ac36298,451.114,451.114
wide-researcher-1786004273-14ab0f4b54cd,451.114,655.413
deep-researcher-1786004273-95b28b120742,451.162,546.573
wide-researcher-1786004273-5effcbd7e5fe,451.192,589.482
deep-researcher-1786004273-f93d255640a1,451.279,676.328
wide-researcher-1786004273-13fc40f3780b,451.327,628.841
deep-researcher-1786004273-74d2c55661d8,451.369,700.120
wide-researcher-1786004273-ee1eca458322,451.479,670.056
deep-researcher-1786004273-0189134e84dc,451.563,633.235
wide-researcher-1786004273-c51a8ec7b7a3,451.585,670.751
deep-researcher-1786004273-6d9698927ba5,451.660,679.706
wide-researcher-1786004273-74c562d981e4,451.730,650.074
deep-researcher-1786004273-09b8d2413102,451.785,644.460
data-analyst-1786004196-c23dcfb85aff,451.811,451.811
data-analyst-1786004197-68aa3c7fe075,451.944,451.944
wide-researcher-1786004273-cb7d00efb879,452.022,695.641
deep-researcher-1786004273-7798af73073a,452.088,654.136
wide-researcher-1786004274-755e0bc614c6,452.117,680.680
deep-researcher-1786004274-0c8ee84ce8b2,452.134,630.674
wide-researcher-1786004274-436f870988b6,452.161,644.583
deep-researcher-1786004274-6f28850c6d6a,452.230,678.530
wide-researcher-1786004274-68db5f8f7770,452.258,602.793
deep-researcher-1786004274-11083e510af0,452.288,666.120
wide-researcher-1786004274-4231e231fd00,452.365,651.008
deep-researcher-1786004274-e057642ff6f2,452.449,694.332
wide-researcher-1786004274-363dc62c04f0,452.467,688.070
deep-researcher-1786004274-a2e996fb9513,452.545,663.937
wide-researcher-1786004274-f8d4704f799d,452.584,651.470
deep-researcher-1786004274-8bd1cd3a88a3,452.672,640.161
data-analyst-1786004139-3c113d41ea24,452.698,520.604
wide-researcher-1786004274-c86ac13768a4,452.703,676.932
deep-researcher-1786004274-a87a325d4ebd,452.780,638.484
wide-researcher-1786004274-9072a52279a3,452.800,640.706
deep-researcher-1786004274-33badb928e5b,452.842,689.442
wide-researcher-1786004274-0822d8c9478b,452.884,678.487
deep-researcher-1786004275-644d4073722d,452.929,633.790
wide-researcher-1786004275-ecd7c43eae57,452.958,701.270
deep-researcher-1786004275-90ce4579a8c6,452.989,571.348
wide-researcher-1786004275-7da2971e8cab,453.037,673.147
deep-researcher-1786004275-a38fdaac0303,453.079,691.378
wide-researcher-1786004275-211e493bfa15,453.100,701.094
deep-researcher-1786004275-dc87f4ae8cc6,453.139,701.713
wide-researcher-1786004275-087961f9e8a9,453.182,647.857
deep-researcher-1786004275-da41c75843fa,453.241,699.900
wide-researcher-1786004275-7ee1de2c32aa,453.271,663.200
deep-researcher-1786004275-ae2bd031c890,453.302,699.862
data-analyst-1786004181-dae1fd2f01f4,453.312,528.138
data-analyst-1786004118-825208d8ccce,453.333,453.333
wide-researcher-1786004275-121e43069782,453.536,699.456
data-analyst-1786004202-0aea0884bc5d,453.536,527.099
data-analyst-1786004197-37be1005ed7b,453.555,453.556
deep-researcher-1786004275-e4846a85b857,453.656,649.436
wide-researcher-1786004275-796ba75f18e9,453.772,629.577
deep-researcher-1786004275-ccd2f23a22e0,453.801,684.529
data-analyst-1786004197-e94da9b1bae0,453.837,453.837
wide-researcher-1786004275-0bce6c70f602,453.880,600.411
deep-researcher-1786004275-5878efad5cbb,453.930,659.516
wide-researcher-1786004276-1fa5307e513c,453.977,658.917
deep-researcher-1786004276-56996f0efb7b,454.097,665.734
wide-researcher-1786004276-57462f9e53d2,454.130,621.997
deep-researcher-1786004276-d3aa44c4af58,454.182,633.252
wide-researcher-1786004276-e94d5450403f,454.213,673.324
deep-researcher-1786004276-72fcce43ea57,454.245,699.842
wide-researcher-1786004276-1d1bfff27d58,454.291,635.744
deep-researcher-1786004276-2e198fe2875f,454.314,632.507
wide-researcher-1786004276-e8d036398fd0,454.355,622.562
deep-researcher-1786004276-cb1a4fe5c08c,454.406,651.992
wide-researcher-1786004276-da69ef729ed1,454.437,701.253
data-analyst-1786004166-b537534d2dde,454.442,454.443
deep-researcher-1786004276-990428fef197,454.550,664.409
wide-researcher-1786004276-25ce8ad546e7,454.578,633.683
deep-researcher-1786004276-a9e4f3ed02c4,454.601,669.543
wide-researcher-1786004276-a48b7cafe898,454.619,689.901
deep-researcher-1786004276-be821ea796cd,454.678,636.994
wide-researcher-1786004276-b9d78984d303,454.736,615.601
deep-researcher-1786004276-d00adadb65cd,454.769,700.303
wide-researcher-1786004276-01652d8c566a,454.819,563.873
deep-researcher-1786004276-a8115caf66ca,454.898,671.886
wide-researcher-1786004277-4a3c05043df8,455.054,700.078
deep-researcher-1786004277-0878b979d408,455.106,661.323
data-analyst-1786004143-6e87c5be9b64,455.137,632.368
data-analyst-1786004107-6fce3ac8857f,455.165,528.378
wide-researcher-1786004277-23c10996b1d0,455.174,673.526
data-analyst-1786004138-bf456acaf328,455.184,522.858
data-analyst-1786004138-4689ee8ffdea,455.199,528.046
deep-researcher-1786004277-0ea412ccfe1e,455.289,694.311
wide-researcher-1786004277-4c37c9f4ef2f,455.322,633.090
deep-researcher-1786004277-3ebcd2072f5a,455.374,629.691
wide-researcher-1786004277-e2dbb7981738,455.393,561.724
data-analyst-1786004174-0455c116817a,455.407,455.408
deep-researcher-1786004277-0f67020d0559,455.426,632.480
wide-researcher-1786004277-56280296d4f1,455.444,645.481
deep-researcher-1786004277-a66685050578,455.474,634.449
data-analyst-1786004203-97b9982acd68,455.496,529.067
data-analyst-1786004203-0989407a4c4a,455.509,530.078
data-analyst-1786004131-eb62ae41e517,455.538,455.538
wide-researcher-1786004277-0d5e49b4125e,455.547,645.297
data-analyst-1786004174-0831df3b9aeb,455.557,455.557
deep-researcher-1786004277-c1afa75c136b,455.600,663.219
wide-researcher-1786004277-f800f99cd2fe,455.644,677.616
data-analyst-1786004166-e61e77ff83ac,455.712,455.713
deep-researcher-1786004277-9dcc4def6e8f,455.730,690.365
wide-researcher-1786004277-1fa3f6be00ba,455.757,629.250
data-analyst-1786004195-b3e12851a29d,455.791,539.788
deep-researcher-1786004277-f2942e5c0ca4,455.813,647.507
wide-researcher-1786004277-9efa71e79ab0,455.834,658.706
deep-researcher-1786004278-e13fa3d67c27,455.865,652.360
wide-researcher-1786004278-c075df7e8ef7,455.902,700.483
deep-researcher-1786004278-04a33992c1f5,455.922,659.611
wide-researcher-1786004278-1b09638f8b5d,455.954,688.546
deep-researcher-1786004278-ae0892cc4581,455.983,646.318
data-analyst-1786004150-cce00ebd8d50,456.023,456.023
wide-researcher-1786004278-7b13b9b126d4,456.049,672.097
deep-researcher-1786004278-410f4db3b775,456.115,701.163
wide-researcher-1786004278-cd3b58eb4811,456.132,660.010
deep-researcher-1786004278-8cf01e1da1bf,456.189,701.776
data-analyst-1786004119-684ce2647a71,456.259,456.259
wide-researcher-1786004278-2d7ab9c0ed79,456.276,551.254
deep-researcher-1786004278-153f95a459aa,456.335,686.790
data-analyst-1786004193-a944c738ad4e,456.409,456.409
data-analyst-1786004197-3e38ade26a02,456.436,456.436
wide-researcher-1786004278-3e1b8aa7dfae,456.511,682.787
data-analyst-1786004192-6b54f0b8be7e,456.543,456.543
deep-researcher-1786004278-d6db9bb22164,456.565,643.569
data-analyst-1786004197-6509fbc4eb9e,456.588,456.589
data-analyst-1786004197-0bd9153fde38,456.642,456.642
wide-researcher-1786004278-6d1d7bec3a51,456.651,651.759
deep-researcher-1786004278-e1294546da2a,456.691,701.823
data-analyst-1786004190-93a6274e8817,456.718,456.718
wide-researcher-1786004278-f705ce9ce204,456.749,674.314
deep-researcher-1786004278-ab2ea5af5901,456.830,627.716
data-analyst-1786004166-2c2fbf8dbfdc,456.843,456.843
data-analyst-1786004188-f9a299a6abc6,456.856,456.857
data-analyst-1786004192-0fe985280805,456.885,456.886
wide-researcher-1786004278-2e029ed6264d,456.905,656.603
deep-researcher-1786004279-9c68b5800c0b,456.947,631.062
data-analyst-1786004142-95139c71886f,456.998,456.998
wide-researcher-1786004279-f3366fd74dca,457.053,629.325
data-analyst-1786004189-db5303f95b4f,457.088,457.088
deep-researcher-1786004279-39af1bd89375,457.206,651.607
data-analyst-1786004189-359910850971,457.233,457.234
wide-researcher-1786004279-d7dc9e20746b,457.242,661.904
deep-researcher-1786004279-6d058918c198,457.270,654.029
wide-researcher-1786004279-de8c705268db,457.325,596.926
deep-researcher-1786004279-f543b6c9298d,457.342,627.836
wide-researcher-1786004279-5290694c06bc,457.369,615.917
deep-researcher-1786004279-6fc58915f6f9,457.411,643.043
wide-researcher-1786004279-a278da4909de,457.490,638.670
deep-researcher-1786004279-163d431d86db,457.557,701.368
wide-researcher-1786004279-23498a7c59c3,457.604,691.438
deep-researcher-1786004279-3b71ad8f2816,457.639,702.394
wide-researcher-1786004279-0898986285e3,457.708,688.089
deep-researcher-1786004279-af820f9dbb5e,457.754,636.297
wide-researcher-1786004279-7fe060a91f49,457.785,695.478
deep-researcher-1786004279-2a68d80cf244,457.839,560.781
wide-researcher-1786004279-a3ff5c3cc26d,457.894,652.171
deep-researcher-1786004280-8aed8638e2df,458.081,658.886
wide-researcher-1786004280-7d53eca5edd7,458.137,627.913
deep-researcher-1786004280-f3f74370d41c,458.189,669.780
data-analyst-1786004174-8a0606985b01,458.246,530.149
wide-researcher-1786004280-ab1a56f958b0,458.251,649.782
deep-researcher-1786004280-1de9f755a242,458.350,646.298
wide-researcher-1786004280-e4ac3edccc54,458.408,645.176
deep-researcher-1786004280-9eb6d25ddaaf,458.447,663.851
wide-researcher-1786004280-82a64b3c1010,458.466,701.016
deep-researcher-1786004280-3efd8ffa25b3,458.494,700.548
wide-researcher-1786004280-24c1ed2635b0,458.621,622.546
deep-researcher-1786004280-65c24dd595d0,458.659,702.001
wide-researcher-1786004280-c8d350e64837,458.710,638.719
data-analyst-1786004185-dd6a9c92121c,458.725,458.725
deep-researcher-1786004280-1e01a3dadeab,458.747,698.198
wide-researcher-1786004280-2f687c94e699,458.783,701.728
deep-researcher-1786004280-84c9960fa3bf,458.849,633.072
data-analyst-1786004174-add0dfeae97d,458.899,539.708
wide-researcher-1786004280-a992abc60259,458.960,702.165
deep-researcher-1786004281-88fe64e32f76,459.013,667.061
wide-researcher-1786004281-c19ea790707c,459.069,631.956
deep-researcher-1786004281-4fa2ac6b2904,459.108,680.282
wide-researcher-1786004281-7e3d432ed64f,459.141,661.168
deep-researcher-1786004281-3ab72a0fee69,459.159,689.025
wide-researcher-1786004281-59e2e3ada1f2,459.207,682.310
deep-researcher-1786004281-8335e57408c0,459.259,701.129
data-analyst-1786004161-08508616446e,459.274,459.274
wide-researcher-1786004281-e2537acdfaa4,459.298,642.268
deep-researcher-1786004281-2a7b743ef876,459.326,632.402
wide-researcher-1786004281-3f1ce31c9e9f,459.354,662.022
deep-researcher-1786004281-1f20e6200833,459.400,699.961
data-analyst-1786004176-5d2dd49c8234,459.480,520.533
data-analyst-1786004204-a304addc1a73,459.516,524.102
data-analyst-1786004204-6093623fb6ca,459.530,530.351
wide-researcher-1786004281-7b27e2d93943,459.538,638.971
deep-researcher-1786004281-481a30488b33,459.565,636.426
wide-researcher-1786004281-0e921619981f,459.598,685.162
data-analyst-1786004204-7e392384e8ae,459.599,541.008
data-analyst-1786004197-40b6d2f7b43c,459.616,459.617
data-analyst-1786004198-d75238c9076a,459.629,459.630
deep-researcher-1786004281-7f047804f4ab,459.761,701.306
data-analyst-1786004176-a3d3f482e515,459.781,459.782
wide-researcher-1786004281-e48311c0af0e,459.829,641.617
deep-researcher-1786004281-853d5c4e5a96,459.857,701.625
data-analyst-1786004180-f6138e197dcb,459.925,459.926
wide-researcher-1786004282-442efcef7d12,459.973,693.875
deep-researcher-1786004282-d6914775e9ff,460.013,702.434
wide-researcher-1786004282-85fe4efd022d,460.074,664.330
data-analyst-1786004165-bca406bae274,460.121,460.121
deep-researcher-1786004282-e7e055961ac3,460.134,636.265
wide-researcher-1786004282-2fc4cd54bd59,460.172,628.368
deep-researcher-1786004282-779c8907c664,460.264,652.676
wide-researcher-1786004282-c576f9b0ee7c,460.292,693.343
deep-researcher-1786004282-23003c5d9264,460.354,699.823
wide-researcher-1786004282-4e34a2ed5608,460.372,649.485
data-analyst-1786004197-dca61d0754f2,460.390,520.933
deep-researcher-1786004282-5a301f2eaf2f,460.459,679.835
wide-researcher-1786004282-4be5f59ae98a,460.515,686.751
deep-researcher-1786004282-751609b15f78,460.636,663.903
wide-researcher-1786004282-ee1d382f8be0,460.655,637.960
deep-researcher-1786004282-33d6adb60a44,460.673,653.022
wide-researcher-1786004282-a471871111b4,460.701,691.357
deep-researcher-1786004282-c30203692e49,460.783,645.912
wide-researcher-1786004282-8950f1526164,460.863,692.252
deep-researcher-1786004282-0b3dc4003ba8,460.920,655.635
wide-researcher-1786004283-40167d7200c3,461.114,630.821
deep-researcher-1786004283-ee2b764648f7,461.270,648.946
wide-researcher-1786004283-ce5652a515f2,461.342,658.038
data-analyst-1786004145-7b72ed03ad26,461.360,546.703
data-analyst-1786004113-562f7656f118,461.374,531.760
deep-researcher-1786004283-4122b3f7f794,461.379,638.364
wide-researcher-1786004283-9cf1f1a33ca4,461.425,689.502
deep-researcher-1786004283-f4ebbd3c54e0,461.474,695.751
wide-researcher-1786004283-50789b1f2e9c,461.515,565.345
deep-researcher-1786004283-b20d7e89f3b3,461.646,637.657
wide-researcher-1786004283-25c916b215ca,461.683,632.293
data-analyst-1786004200-4a5b82981870,461.748,521.498
deep-researcher-1786004283-38463dc978f3,461.763,599.510
wide-researcher-1786004283-0679df3f484f,461.784,664.448
deep-researcher-1786004283-f29995fefdfb,461.813,666.824
wide-researcher-1786004283-c0265b3a9f30,461.874,635.517
deep-researcher-1786004284-b70665a12759,461.915,701.497
wide-researcher-1786004284-22a83227b0b6,461.944,631.575
deep-researcher-1786004284-108397337aaa,461.975,677.984
wide-researcher-1786004284-01ccc883ca56,462.018,638.468
deep-researcher-1786004284-d51f9401629b,462.082,671.709
data-analyst-1786004195-f88fba3f77ff,462.124,462.125
wide-researcher-1786004284-b9ddc0a1ec95,462.133,638.085
deep-researcher-1786004284-e6a58985065e,462.154,701.287
wide-researcher-1786004284-bb05bdd9d8a6,462.173,653.139
data-analyst-1786004198-c0795f988ca4,462.174,462.177
data-analyst-1786004166-e64b0b556069,462.191,462.191
deep-researcher-1786004284-1196e5878654,462.241,648.647
wide-researcher-1786004284-3ad1ef0a4742,462.277,693.992
deep-researcher-1786004284-4d11bb112d61,462.317,702.148
data-analyst-1786004179-31e086c458f1,462.345,462.345
data-analyst-1786004188-8765a9746c6c,462.358,462.358
wide-researcher-1786004284-28fbba41ecc1,462.376,661.084
data-analyst-1786004197-81088e677cf1,462.417,462.418
data-analyst-1786004179-9df3181db1c2,462.775,462.776
data-analyst-1786004177-5235fce12173,462.833,462.833
data-analyst-1786004181-c511f5857bb3,462.912,535.715
data-analyst-1786004174-09733db42f88,463.016,463.017
data-analyst-1786004128-9ce2995d3b69,463.128,463.129
data-analyst-1786004174-49d6deb5e651,463.173,463.173
data-analyst-1786004174-20e5c9b35ceb,463.826,525.011
data-analyst-1786004182-15944d0c53db,464.488,464.488
data-analyst-1786004197-8aeac224fc70,464.622,521.388
data-analyst-1786004173-38d9fcb8ae75,464.640,464.640
data-analyst-1786004167-0eedeaa1a22e,464.683,464.683
data-analyst-1786004190-25078691a940,464.697,464.697
data-analyst-1786004185-e48d11987db6,464.711,464.711
data-analyst-1786004197-d7e5cc7fad7f,464.725,464.726
data-analyst-1786004197-f4811bba5ed3,464.740,522.461
data-analyst-1786004204-8cb7bb12924e,464.757,528.018
data-analyst-1786004197-ccccb438c94e,465.380,541.113
data-analyst-1786004206-85d9ce56ecf6,465.452,559.934
data-analyst-1786004206-913d45c1be5b,465.465,521.452
data-analyst-1786004206-288571b1d52e,465.479,522.493
data-analyst-1786004201-388bba544d7b,465.586,465.586
data-analyst-1786004165-dc705111205e,465.678,465.678
data-analyst-1786004169-69de5ff6917e,466.448,542.859
data-analyst-1786004207-b5518c0ae7e9,466.991,527.496
data-analyst-1786004207-9bc4b3dce1b1,467.004,533.512
data-analyst-1786004207-9760bd5373e1,467.389,542.903
data-analyst-1786004207-9edc2b3aad54,467.402,569.817
data-analyst-1786004187-d2f2d2f654f2,467.416,467.417
data-analyst-1786004181-f7da30071608,467.810,467.810
data-analyst-1786004189-eec35ed219a9,468.120,468.120
data-analyst-1786004207-e38f6d95979c,468.613,528.617
data-analyst-1786004118-cfa7c8c85e7d,469.377,633.305
data-analyst-1786004178-fa7cf63409d4,469.390,530.927
data-analyst-1786004160-4fd33920668f,469.403,525.218
data-analyst-1786004149-ab84ae6e86fb,469.416,529.710
data-analyst-1786004195-9bcd30c1f4a5,469.428,469.429
data-analyst-1786004128-773d14a4fd63,469.612,469.612
data-analyst-1786004152-14b79c069825,469.626,469.626
data-analyst-1786004198-3c9c2243b1d5,470.070,470.070
data-analyst-1786004122-309c33778ead,470.717,470.718
data-analyst-1786004190-cc80cc4ac05e,470.731,470.731
data-analyst-1786004176-2ff48c737bff,470.906,470.907
data-analyst-1786004156-e512df9cbca8,471.219,471.219
data-analyst-1786004135-335e84a579e5,471.779,535.270
data-analyst-1786004197-27d3d7f3df32,472.070,529.740
data-analyst-1786004204-71c1f5059b16,472.407,524.953
data-analyst-1786004190-a331483e27a1,472.480,472.480
data-analyst-1786004195-f5955501934a,472.649,527.024
data-analyst-1786004197-719307efb4c3,472.668,523.436
data-analyst-1786004162-e615c2ca7f08,472.684,472.685
data-analyst-1786004163-f7f354041efc,472.781,472.781
data-analyst-1786004174-ae36c3086cf6,472.890,472.890
data-analyst-1786004170-7a9580149224,472.904,472.905
data-analyst-1786004166-3d142c4b217b,473.189,473.189
data-analyst-1786004189-15dd87bbeab2,473.202,473.202
data-analyst-1786004149-c20f7c65812a,473.271,473.271
data-analyst-1786004204-916be32cc3b5,473.762,473.762
data-analyst-1786004180-ea800ba9de3b,474.405,636.125
data-analyst-1786004180-2db1a8797c20,474.418,534.981
data-analyst-1786004180-783f689f324f,474.431,648.456
data-analyst-1786004180-02e5c3f8dc1d,474.446,537.875
data-analyst-1786004133-754ee1dd0b03,474.458,528.807
data-analyst-1786004141-c389070e186c,474.485,525.350
data-analyst-1786004135-d297bb4f0fcf,474.498,525.038
data-analyst-1786004164-6a137f046529,474.891,474.891
data-analyst-1786004188-bc247ede0f3f,475.113,475.113
data-analyst-1786004141-6d41186cffab,475.127,475.128
data-analyst-1786004193-eb330b681c6e,475.328,525.064
data-analyst-1786004196-42ed6b6ef20e,475.346,524.436
data-analyst-1786004197-f9816256f619,475.507,475.507
data-analyst-1786004207-b1a26f4135e9,475.786,520.199
data-analyst-1786004198-ba38ce757db4,475.944,475.944
data-analyst-1786004210-57dfbd005b9c,476.378,639.419
data-analyst-1786004210-c4001bcd7f00,476.391,522.309
data-analyst-1786004201-49a6a0383385,476.459,525.488
data-analyst-1786004141-13f86d160e5a,476.707,476.707
data-analyst-1786004181-eeee685c058a,477.550,547.890
data-analyst-1786004181-58d5bbd7b184,477.563,540.852
data-analyst-1786004181-d82fba111f98,477.575,627.805
data-analyst-1786004181-a7f1a2fefed5,477.588,536.972
data-analyst-1786004187-c2ed378d563a,477.801,537.225
data-analyst-1786004182-8941856ea9dd,477.851,530.510
data-analyst-1786004198-70fc6e3b497b,477.883,477.884
data-analyst-1786004168-f31b2d9ec942,478.366,478.366
data-analyst-1786004164-b264d2dfbe03,478.651,528.892
data-analyst-1786004173-1162bdd81f85,479.477,527.481
data-analyst-1786004188-1e3a65f8e2bd,479.665,479.665
data-analyst-1786004211-ae3bd136d1fb,480.145,548.744
data-analyst-1786004211-37a501db748b,480.160,548.631
data-analyst-1786004211-ed082738a371,480.175,541.405
data-analyst-1786004211-0c49c2bed47c,480.967,546.794
data-analyst-1786004211-2bb3a74d2989,480.980,534.297
data-analyst-1786004212-3ae925314a64,480.995,526.742
data-analyst-1786004122-2feacd5768c4,481.008,525.606
data-analyst-1786004177-1be592ef6e2e,481.023,622.956
data-analyst-1786004171-0378f2acdf0f,481.146,481.147
data-analyst-1786004207-4434611318c5,481.207,481.207
data-analyst-1786004197-7d3bee459752,481.301,481.302
data-analyst-1786004212-a43cd493377d,481.490,537.237
data-analyst-1786004212-395355a40370,481.504,529.425
data-analyst-1786004189-26f720909db7,481.830,481.830
data-analyst-1786004212-90e3d50ac4dd,481.922,525.105
data-analyst-1786004212-06c19e947bf3,481.936,531.491
data-analyst-1786004166-8ac5c4e3e523,481.948,481.949
data-analyst-1786004210-062d7f25b63c,482.335,521.943
data-analyst-1786004182-e5bb848af72e,482.403,482.403
data-analyst-1786004119-aa6a1aae27a7,482.546,482.546
data-analyst-1786004197-c0e8c557aa6f,483.131,483.131
data-analyst-1786004203-d35af3366eca,483.313,542.386
data-analyst-1786004136-574a2693ab51,483.562,483.562
data-analyst-1786004212-409fa05af92f,483.911,528.982
data-analyst-1786004212-94364d501399,483.924,552.657
data-analyst-1786004199-983968f05c14,483.965,483.965
data-analyst-1786004126-c8b2412f8558,484.888,521.653
data-analyst-1786004123-2f41336f7dc4,484.901,529.485
data-analyst-1786004156-d5514bf53671,485.075,521.080
data-analyst-1786004196-f872b01f33b2,485.095,485.095
data-analyst-1786004198-5759da3a78c5,485.287,485.287
data-analyst-1786004182-4f674d26f34f,485.649,485.649
data-analyst-1786004119-250ea0fc0846,485.885,485.885
data-analyst-1786004169-ca42f8531a00,486.287,486.288
data-analyst-1786004198-046b98c9f008,486.415,527.987
data-analyst-1786004189-508ae3be9f2f,486.432,486.432
data-analyst-1786004202-c9e43ea1f2bb,486.589,486.590
data-analyst-1786004187-887cb03d42e9,486.808,486.808
data-analyst-1786004198-56907726405d,486.852,520.888
data-analyst-1786004198-0d6c1bd2d65b,486.869,486.869
data-analyst-1786004156-afb632ca594a,486.942,486.942
data-analyst-1786004198-65adc30283ca,487.052,487.053
data-analyst-1786004184-8f31a4216ebc,488.945,533.468
data-analyst-1786004184-4878be7b6aac,488.958,530.676
data-analyst-1786004184-2a09c915c3d1,488.972,521.275
data-analyst-1786004166-68a9187eb0f3,488.985,533.140
data-analyst-1786004174-ca41de5e61bd,488.998,521.606
data-analyst-1786004192-26ed80a3fd00,489.287,489.287
data-analyst-1786004174-6859ed4bcfd5,489.606,489.606
data-analyst-1786004174-0019009caed0,489.726,525.432
data-analyst-1786004214-c8cfc24aee17,489.805,521.093
data-analyst-1786004214-348718f9f5b1,489.818,529.822
data-analyst-1786004214-112c072b9d94,489.833,544.632
data-analyst-1786004214-8b47cfff17fc,489.911,641.957
data-analyst-1786004214-490ff7339f7a,489.925,633.805
data-analyst-1786004201-f02e4e1e6ed8,490.908,490.908
data-analyst-1786004186-6a3e723734fc,490.922,490.922
data-analyst-1786004202-c1d8e909ff3e,491.075,520.167
data-analyst-1786004196-2ec8c0974466,491.094,521.214
data-analyst-1786004174-c2fb0b56ed6c,491.112,523.554
data-analyst-1786004197-cd976ecbec24,491.129,491.130
data-analyst-1786004199-6c32535d9e3f,491.454,491.454
data-analyst-1786004109-aff97efb9656,491.485,491.486
data-analyst-1786004187-e1c98925dbb9,491.693,491.693
data-analyst-1786004198-9d4261f89efb,491.822,491.822
data-analyst-1786004200-513352b2af8c,491.892,526.111
data-analyst-1786004195-10d4601310c3,491.909,491.909
data-analyst-1786004185-a8c03eb00704,492.676,529.410
data-analyst-1786004185-b99d741494d5,492.690,629.393
data-analyst-1786004181-c8b087dbe00d,492.705,521.008
data-analyst-1786004165-cd3241710863,492.718,542.260
data-analyst-1786004189-9fde502fde5e,493.380,520.672
data-analyst-1786004215-39735576691c,493.598,540.753
data-analyst-1786004215-5a160fbb3176,493.612,538.251
data-analyst-1786004215-87e5ce7d13c9,493.626,520.993
data-analyst-1786004197-73141b85cf7b,494.211,494.212
data-analyst-1786004215-37cc10cfb646,494.312,527.248
data-analyst-1786004215-08df7b274270,494.327,534.661
data-analyst-1786004215-7d829cb50301,494.341,524.636
data-analyst-1786004215-0afa0bf932f9,494.435,522.279
data-analyst-1786004215-6b65414530eb,494.449,521.066
data-analyst-1786004215-c4afc3d977eb,494.463,541.833
data-analyst-1786004188-dae4ec059c36,495.132,495.133
data-analyst-1786004142-ba6b4bc70b7f,495.454,495.454
data-analyst-1786004126-6408f73ad581,496.867,538.843
data-analyst-1786004186-41daa6394b20,496.880,521.576
data-analyst-1786004156-d78460264f42,496.893,528.003
data-analyst-1786004186-044993779d2e,496.906,551.594
data-analyst-1786004186-b00a397114dd,496.918,522.265
data-analyst-1786004156-c81ea850156c,496.932,527.523
data-analyst-1786004126-090b51b139cc,496.947,539.392
data-analyst-1786004186-89d358e3fa3e,496.959,536.196
data-analyst-1786004110-e59fe1cf7df0,497.376,497.376
data-analyst-1786004172-aa00ed45c647,497.390,497.391
data-analyst-1786004175-7cb99b052190,498.008,498.008
data-analyst-1786004196-28df01b6b3bd,498.206,543.699
data-analyst-1786004182-bd745761ac09,498.440,520.902
data-analyst-1786004179-4ef22e90d54d,498.458,498.458
data-analyst-1786004198-65498f02c074,498.541,498.541
data-analyst-1786004216-0f84521eb9c9,499.231,527.902
data-analyst-1786004216-34fecda425cc,499.246,539.842
data-analyst-1786004216-292ad2b68e08,499.261,525.024
data-analyst-1786004193-3746626a2cb9,499.631,499.631
data-analyst-1786004156-e9854dcd27d6,500.678,500.678
data-analyst-1786004187-dff1be5947ac,502.042,543.673
data-analyst-1786004187-503c7601d9ff,502.056,521.898
data-analyst-1786004163-11257bcc29d5,502.069,525.914
data-analyst-1786004170-6e5fe2ea07d3,502.383,535.365
data-analyst-1786004187-5afdfd74cace,502.816,525.749
data-analyst-1786004154-4a397c694a48,502.835,502.835
data-analyst-1786004199-c1c9f1e0178c,502.849,502.849
data-analyst-1786004185-665e104a8eb0,503.271,521.849
data-analyst-1786004180-4d649b3be1ab,503.972,523.374
data-analyst-1786004153-460d870adef5,504.193,520.152
data-analyst-1786004217-f1a7bfde87fd,504.496,522.875
data-analyst-1786004217-81a2d1dbb2bc,504.510,524.649
data-analyst-1786004217-ade4d053868b,504.522,534.770
data-analyst-1786004186-632603f0eb02,504.536,504.537
data-analyst-1786004212-abed19b647c6,504.635,521.865
data-analyst-1786004186-f75edcf288da,504.652,504.652
data-analyst-1786004162-1d1244c4ec11,505.048,521.527
data-analyst-1786004130-922a062253c8,505.141,543.771
data-analyst-1786004190-d180a85d546d,505.279,530.104
data-analyst-1786004148-524f24b0b147,505.296,526.155
data-analyst-1786004113-2aaa82574276,505.441,505.441
data-analyst-1786004188-eff1053f0708,506.865,534.040
data-analyst-1786004188-7f53f1af3816,506.878,526.184
data-analyst-1786004188-5d4ef63dc435,506.891,537.033
data-analyst-1786004188-9b502d7ca2f8,506.904,541.966
data-analyst-1786004188-0060bb79458c,506.918,529.186
data-analyst-1786004188-741c6c7be1ff,506.931,545.001
data-analyst-1786004148-2f7399c8416f,506.957,523.581
data-analyst-1786004218-f1c46194ace6,507.169,532.348
data-analyst-1786004218-ffa40d63050e,507.182,643.224
data-analyst-1786004218-f2f1805d2dae,507.197,524.314
data-analyst-1786004175-6a698775f66c,507.491,507.492
data-analyst-1786004127-c6e5cec23157,508.248,548.788
data-analyst-1786004160-c375d4bdad3b,508.398,508.398
data-analyst-1786004212-3f6b2b16629a,509.066,530.007
data-analyst-1786004212-4ddd795b1590,509.216,520.712
data-analyst-1786004179-51eaeb8000a7,509.279,522.590
data-analyst-1786004182-749ad3b40483,509.685,509.685
data-analyst-1786004214-2e7e1d4fe1b9,509.797,520.183
data-analyst-1786004207-0301784250c3,509.818,509.818
data-analyst-1786004138-1f9028afae20,510.580,510.580
data-analyst-1786004207-1ce0b7396d9f,511.079,532.522
data-analyst-1786004196-2dcc96d1744c,511.096,520.312
data-analyst-1786004214-851ad64ad1b0,511.142,520.231
data-analyst-1786004189-d0f301ec2a39,512.545,527.319
data-analyst-1786004189-b96fd3d09edb,512.558,556.974
data-analyst-1786004171-9a99625d4be8,512.571,520.471
data-analyst-1786004184-2b0f53232537,512.583,534.407
data-analyst-1786004184-2ec365eb0a61,513.416,520.698
data-analyst-1786004214-63b3fe848cd4,513.436,533.872
data-analyst-1786004197-7ee30c8cb833,513.805,513.805
data-analyst-1786004182-738ed709bb01,513.819,513.819
data-analyst-1786004182-5a751bf8c7d5,514.536,514.536
data-analyst-1786004188-82936971edf4,514.550,514.551
data-analyst-1786004174-e164c480a4fb,514.845,527.887
data-analyst-1786004171-21f869302c43,515.099,515.099
data-analyst-1786004171-591ce720df1e,515.613,540.156
data-analyst-1786004219-b7bb9386189c,516.160,534.437
data-analyst-1786004219-90bd961c9bd7,516.174,541.378
data-analyst-1786004219-7bc3a4a1c904,516.187,526.316
data-analyst-1786004113-6e3d7af58052,517.344,520.947
data-analyst-1786004135-0ece6a066206,517.802,517.802
data-analyst-1786004160-5eb21f07ab9f,519.057,536.819
data-analyst-1786004157-7dc9f30b3936,519.071,521.136
data-analyst-1786004157-df729f1c8f6a,519.088,535.117
data-analyst-1786004174-d8c8168e6e28,519.101,529.023
data-analyst-1786004214-d44d8b4b6d1f,519.570,539.552
data-analyst-1786004221-8dd87c0c1750,523.510,523.510
data-analyst-1786004227-65ebe7e51474,524.260,524.260
data-analyst-1786004225-40a02b92eb3c,525.736,525.736
data-analyst-1786004227-6d0171dcbcd5,526.300,526.301
data-analyst-1786004228-25f94088175c,527.083,527.085
data-analyst-1786004231-cb2f703cfd98,527.190,527.190
data-analyst-1786004233-b4bd19e00bc3,527.657,527.658
data-analyst-1786004228-64dbe63d5eeb,527.861,527.861
data-analyst-1786004220-4ede36b3fdeb,527.874,527.874
data-analyst-1786004222-f6378a208cea,528.241,528.241
data-analyst-1786004237-d21bced28029,528.298,528.298
data-analyst-1786004229-f08b2be772fe,528.312,528.312
data-analyst-1786004237-e318c705fa0e,528.325,528.325
data-analyst-1786004221-4b2b71935327,528.590,528.590
data-analyst-1786004239-2cfd22e1886f,528.604,528.604
data-analyst-1786004226-f245ec36ee47,528.862,528.862
data-analyst-1786004241-2327958cd796,528.934,528.935
data-analyst-1786004225-235e612d717d,528.964,528.965
data-analyst-1786004222-9289133634ca,529.141,529.141
data-analyst-1786004237-d3d409dbcb8e,529.154,529.155
data-analyst-1786004230-a4934de7a319,529.290,529.290
data-analyst-1786004229-77b99d1dfb0c,529.573,529.573
data-analyst-1786004233-37042419369f,529.627,529.628
data-analyst-1786004222-18e720dc0e9c,529.654,529.654
data-analyst-1786004232-e02b78c5771d,529.668,529.668
data-analyst-1786004222-10e212be1f2a,530.251,530.252
data-analyst-1786004242-be6aa99adaf0,530.279,530.279
data-analyst-1786004241-fc9bfb0960ed,530.292,530.293
data-analyst-1786004247-a0cc51dbb8f8,530.364,530.365
data-analyst-1786004229-c896cd5d4eef,530.689,530.689
data-analyst-1786004221-4361a7741ad0,530.853,530.854
data-analyst-1786004224-9a91ddbdacb1,530.868,530.868
data-analyst-1786004231-3724246cd9a8,530.881,530.882
data-analyst-1786004243-9042c8a64753,530.970,530.970
data-analyst-1786004247-fbc8635e3ecc,531.075,531.075
data-analyst-1786004239-094db2232b2b,531.137,531.138
data-analyst-1786004225-3148d7e645ac,531.165,531.165
data-analyst-1786004247-229dc5b4847f,531.193,531.194
data-analyst-1786004239-5b7fb31fec59,531.249,531.249
data-analyst-1786004242-6e23a598e5e4,531.331,531.332
data-analyst-1786004246-15884bafab1c,531.362,531.362
data-analyst-1786004222-b5926737db87,531.477,531.478
data-analyst-1786004243-0640be688fce,531.505,531.505
data-analyst-1786004242-dbc7bb597300,531.518,531.518
data-analyst-1786004220-799f47034594,531.560,531.560
data-analyst-1786004242-22c67bf7b03d,531.573,531.573
data-analyst-1786004246-bf9dd940e2d3,531.599,531.599
data-analyst-1786004229-9ff652b42987,531.786,531.786
data-analyst-1786004224-f6385ebb737f,531.887,531.887
data-analyst-1786004246-fde71c577016,532.044,532.044
data-analyst-1786004245-ead45b0c90ab,532.070,532.070
data-analyst-1786004229-c0543fa08028,532.144,532.145
data-analyst-1786004222-a18968284616,532.190,532.191
data-analyst-1786004244-5ca50533fa99,532.218,532.218
data-analyst-1786004226-4cd220a97e48,532.288,532.289
data-analyst-1786004244-d9e745f67dae,532.316,532.317
data-analyst-1786004242-4be0bf811920,532.390,532.390
data-analyst-1786004228-5f695aeef94a,532.435,532.436
data-analyst-1786004229-53f86019b804,532.464,532.464
data-analyst-1786004221-09b20edf4b73,532.478,532.478
data-analyst-1786004226-c01ace86189f,532.643,532.643
data-analyst-1786004247-ef74bfc795e0,532.670,532.670
data-analyst-1786004244-e0fd4e49cd49,532.851,532.851
data-analyst-1786004227-816e03e4170c,532.893,532.894
data-analyst-1786004252-e4d7c6d31c08,533.113,533.113
data-analyst-1786004247-502367a83892,533.229,533.229
data-analyst-1786004241-0ae51bb44dd0,533.424,533.424
data-analyst-1786004233-1b08d6e58886,533.438,533.438
data-analyst-1786004241-ff07178ebee0,533.495,533.496
data-analyst-1786004237-fcfa731e5db6,533.625,533.625
data-analyst-1786004232-6a6b25595c0e,533.845,533.845
data-analyst-1786004222-969f75c454fe,534.142,534.142
data-analyst-1786004260-c35d52b510c9,534.156,534.156
data-analyst-1786004245-c3564fc290d3,534.337,534.338
data-analyst-1786004253-ed6a4cc0f7e5,534.351,534.352
data-analyst-1786004230-d3e8ee0696ee,534.463,534.463
data-analyst-1786004247-9024e71e1664,534.581,534.582
data-analyst-1786004239-10f2dc37c64a,534.595,534.595
data-analyst-1786004253-da597bf678e2,534.608,534.608
data-analyst-1786004246-e4c811bfb75e,534.634,534.635
data-analyst-1786004243-39d617e4d119,534.742,534.743
data-analyst-1786004241-93c8c2fd4e94,534.784,534.784
data-analyst-1786004221-8d8ea7010944,534.826,534.826
data-analyst-1786004247-9728198c27e8,534.841,534.841
data-analyst-1786004221-8e2f1c8e8233,535.104,535.105
data-analyst-1786004225-b59fe720cf7f,535.164,535.164
data-analyst-1786004251-30f79a8cab5b,535.208,535.208
data-analyst-1786004240-6f93d816c035,535.316,535.317
data-analyst-1786004225-dfa1819a6247,535.589,535.589
data-analyst-1786004247-f6f23173113b,535.622,535.623
data-analyst-1786004253-dfef19afe780,535.729,535.729
data-analyst-1786004247-d7cb8905ddf9,535.758,535.759
data-analyst-1786004262-ca1a27ba2d1e,535.849,535.850
data-analyst-1786004247-43312f8dbe4a,535.958,535.959
data-analyst-1786004240-4ba12e0dfd51,535.971,535.971
data-analyst-1786004230-a8049342e15f,536.167,536.167
data-analyst-1786004224-008fa4d75b0d,536.241,536.242
data-analyst-1786004247-f7605197b934,536.286,536.287
data-analyst-1786004232-7decd7766a9f,536.344,536.344
data-analyst-1786004231-450eb956b872,536.404,536.404
data-analyst-1786004265-4b75806cc5fc,536.417,536.418
data-analyst-1786004240-01f411d5fedb,536.699,536.699
data-analyst-1786004257-adfe25fe7260,536.758,536.759
data-analyst-1786004259-5c6e80ddb99c,536.790,536.791
data-analyst-1786004247-47ef07ce72d6,536.804,536.805
data-analyst-1786004234-f8f16071f464,536.987,536.987
data-analyst-1786004241-1b3871e27e65,537.002,537.003
data-analyst-1786004241-9a0166e4e890,537.048,537.048
data-analyst-1786004262-815d98665cd4,537.078,537.079
data-analyst-1786004270-10f8addf08cc,537.346,537.347
data-analyst-1786004267-08af537e48eb,537.364,537.364
data-analyst-1786004222-7512b8514282,537.419,537.420
data-analyst-1786004266-5ac16fd0fef8,537.433,537.434
data-analyst-1786004263-ac9abd3b1576,537.461,537.461
data-analyst-1786004242-d6f2f965a704,537.474,537.475
data-analyst-1786004267-2cb1795ceb4e,537.519,537.519
data-analyst-1786004267-c17d6834eb1a,537.561,537.562
data-analyst-1786004251-f5af2ab158b8,537.749,537.749
data-analyst-1786004263-55b0b2502219,537.777,537.778
data-analyst-1786004247-167cabc5e896,537.832,537.832
data-analyst-1786004260-8ca3d9c42931,537.845,537.846
data-analyst-1786004269-a7d2caf50e57,537.861,537.862
data-analyst-1786004271-a6efdf151a3e,537.944,537.945
data-analyst-1786004237-dad248aef895,537.971,537.972
data-analyst-1786004266-d85cd443babb,537.997,537.998
data-analyst-1786004252-5b33213f239b,538.134,538.135
data-analyst-1786004262-1777e1c179f9,538.224,538.224
data-analyst-1786004262-7eca3f081c1a,538.239,538.239
data-analyst-1786004265-95e1690341e4,538.329,538.329
data-analyst-1786004253-b2e64564f212,538.342,538.343
data-analyst-1786004258-dd997d52190d,538.441,538.442
data-analyst-1786004221-2047187e4d47,538.652,538.652
data-analyst-1786004247-e856d7a4de01,538.680,538.680
data-analyst-1786004260-34c861f511b5,538.693,538.693
data-analyst-1786004226-aa94dd098fb4,538.733,538.733
data-analyst-1786004266-a35759035d7e,538.759,538.759
data-analyst-1786004271-fa4d02a5513d,538.788,538.789
data-analyst-1786004226-6afc373054e4,538.815,538.816
data-analyst-1786004262-b8e4b44feb42,538.887,538.887
data-analyst-1786004221-4317d3f9cdfe,538.900,538.900
data-analyst-1786004276-e8bbc1aae482,538.926,538.926
data-analyst-1786004234-130dd2b49940,539.044,539.044
data-analyst-1786004259-80a7f5fa640a,539.057,539.058
data-analyst-1786004277-41e154e30435,539.084,539.085
data-analyst-1786004253-9f4b79155a26,539.097,539.097
data-analyst-1786004276-5bc6194618ae,539.125,539.125
data-analyst-1786004228-154219bececd,539.168,539.169
data-analyst-1786004268-3094b3f38b84,539.210,539.210
data-analyst-1786004277-2a5ef458e505,539.224,539.224
data-analyst-1786004266-82c69d0738e7,539.351,539.352
data-analyst-1786004239-4ec8b94723bf,539.420,539.420
data-analyst-1786004262-51319e03c3b5,539.433,539.433
data-analyst-1786004271-12a115c7e3bc,539.446,539.446
data-analyst-1786004276-b29f1b7a32dc,539.460,539.461
data-analyst-1786004271-cb0ce1617178,539.721,539.721
data-analyst-1786004277-766cf3a8dcb3,539.773,539.773
data-analyst-1786004248-ce9546070cbb,539.815,539.816
data-analyst-1786004277-40dd12282a68,539.830,539.830
data-analyst-1786004243-340bcd86023a,539.870,539.870
data-analyst-1786004241-a7794219d835,539.910,539.911
data-analyst-1786004268-275daeab9b2c,539.965,539.965
data-analyst-1786004277-440ab57d2c6e,540.033,540.033
data-analyst-1786004263-29cf7a32544e,540.374,540.375
data-analyst-1786004241-46f571c1c63b,540.405,540.405
data-analyst-1786004266-5af708c17e9e,540.419,540.420
data-analyst-1786004279-890343d06e5b,540.433,540.433
data-analyst-1786004230-60269424e889,540.505,540.506
data-analyst-1786004260-24efa94965c2,540.682,540.683
data-analyst-1786004255-8691b0465d81,540.811,540.811
data-analyst-1786004248-91383a93d0c5,541.023,541.024
data-analyst-1786004274-533f18682d9e,541.054,541.054
data-analyst-1786004237-1d27e9da7fe2,541.083,541.084
data-analyst-1786004278-587a43324e15,541.268,541.268
data-analyst-1786004278-2e2fc9678e60,541.281,541.281
data-analyst-1786004246-f8d0039b47bb,541.295,541.295
data-analyst-1786004234-883608cd0835,541.392,541.392
data-analyst-1786004245-5f0bbdaaa66f,541.419,541.419
data-analyst-1786004237-4658d90176e3,541.432,541.433
data-analyst-1786004267-7848f990419b,541.472,541.472
data-analyst-1786004247-dce1a202e4e1,541.499,541.499
data-analyst-1786004275-ab71a4ab93c3,541.540,541.541
data-analyst-1786004249-57d568e4824f,541.570,541.570
data-analyst-1786004242-f21a348f7306,541.584,541.585
data-analyst-1786004280-4bb83391566e,541.598,541.598
data-analyst-1786004278-e36a00d780b7,541.626,541.626
data-analyst-1786004245-f01528dc2219,541.640,541.640
data-analyst-1786004269-ca1ff5a4b544,541.654,541.654
data-analyst-1786004248-7076aec61054,541.994,541.995
data-analyst-1786004269-b8c0c7d5131d,542.204,542.204
data-analyst-1786004241-c2a6107bccc1,542.246,542.247
data-analyst-1786004279-a15f352fc380,542.360,542.361
data-analyst-1786004245-114ebfed57bd,542.413,542.413
data-analyst-1786004280-bab23523c2f9,542.501,542.502
data-analyst-1786004255-1707129a9234,542.515,542.515
data-analyst-1786004278-1c55242fbf47,542.530,542.531
data-analyst-1786004246-ddf554341388,542.543,542.543
data-analyst-1786004221-c2a65d82be1d,542.614,542.614
data-analyst-1786004253-4c9dce2cd6bb,542.730,542.731
data-analyst-1786004228-f2f0eba74438,542.917,542.917
data-analyst-1786004258-12f872ae0c0c,542.946,542.946
data-analyst-1786004273-a7ccea2d0cbf,543.108,543.109
data-analyst-1786004222-3ec09bb8d098,543.305,543.306
data-analyst-1786004250-690283d28749,543.331,543.332
data-analyst-1786004277-bff7c0119871,543.358,543.358
data-analyst-1786004226-6e3d30bb736a,543.385,543.385
data-analyst-1786004260-8be899f9a242,543.472,543.473
data-analyst-1786004249-2b20b1701eba,543.501,543.501
data-analyst-1786004264-391986d0157a,543.559,543.559
data-analyst-1786004278-de0d2dbec3f0,543.602,543.603
data-analyst-1786004271-b2fd14dc1823,543.660,543.660
data-analyst-1786004287-90c7762d88cc,543.811,543.811
data-analyst-1786004247-2ecd3ea8dd5b,543.837,543.838
data-analyst-1786004276-d2c6d08d165a,543.936,543.936
data-analyst-1786004268-f87fd31b9256,543.950,543.951
data-analyst-1786004241-2b0241d41b21,543.979,543.980
data-analyst-1786004245-ef55231294c9,543.993,543.994
data-analyst-1786004257-a5ec6ce9665f,544.050,544.051
data-analyst-1786004261-dfef599613e8,544.139,544.140
data-analyst-1786004257-c6c35fd55cdf,544.366,544.367
data-analyst-1786004279-bef8e01f3b72,544.480,544.480
data-analyst-1786004276-d663fbea685b,544.511,544.511
data-analyst-1786004265-d7654d732fd2,544.662,544.662
data-analyst-1786004269-16ec63d08f12,544.749,544.750
data-analyst-1786004286-eb64edf24a9c,544.969,544.969
data-analyst-1786004261-4277da8ba519,545.016,545.016
data-analyst-1786004280-d7d83d8e0f47,545.029,545.030
data-analyst-1786004241-ab5727fa0c49,545.195,545.196
data-analyst-1786004251-a2208866be97,545.262,545.263
data-analyst-1786004286-9b7323cc791d,545.659,545.660
data-analyst-1786004269-703e7e5b3973,545.801,545.802
data-analyst-1786004263-6da4377df5b0,545.961,545.961
data-analyst-1786004277-1c0b242c3e49,546.100,546.101
data-analyst-1786004226-cc2c1d6dd151,546.114,546.115
data-analyst-1786004252-9280bc0aa3c8,546.254,546.254
data-analyst-1786004263-94a454804650,546.268,546.269
data-analyst-1786004270-ce87fa576275,546.660,546.661
data-analyst-1786004243-7e3f47203e47,546.688,546.689
data-analyst-1786004234-ee6a851a7028,546.719,546.719
data-analyst-1786004246-8d2b9f0f7ee2,546.866,546.867
data-analyst-1786004245-02e862af7914,546.879,546.880
data-analyst-1786004241-a8976e180c9f,546.892,546.893
data-analyst-1786004278-8c79189aa0ba,546.905,546.906
data-analyst-1786004247-318d7291cb3e,547.094,547.095
data-analyst-1786004247-b6503758b850,547.134,547.135
data-analyst-1786004243-22b619337e65,547.266,547.266
data-analyst-1786004252-05fc97caaeed,547.279,547.280
data-analyst-1786004275-309a3a30e891,547.369,547.370
data-analyst-1786004271-085641495808,547.446,547.446
data-analyst-1786004265-d44a6e8533aa,547.460,547.460
data-analyst-1786004230-de1641272469,547.562,547.563
data-analyst-1786004247-44120b986de0,547.637,547.637
data-analyst-1786004252-e9c46da002a8,547.864,547.865
data-analyst-1786004271-709a4b7844b3,547.903,547.904
data-analyst-1786004278-798d5b410a28,547.961,547.962
data-analyst-1786004244-026a81cc6f18,548.020,548.020
data-analyst-1786004264-596a23e79dac,548.206,548.207
data-analyst-1786004273-0187415b7659,548.434,548.435
data-analyst-1786004261-164e7a999710,548.522,548.522
data-analyst-1786004291-b045524ecd3c,548.673,548.674
data-analyst-1786004245-e2c2df0c3451,548.730,548.731
data-analyst-1786004278-a2445bfebe1d,548.926,548.927
data-analyst-1786004277-b1e6b71c74b3,548.971,548.971
data-analyst-1786004234-9001508555bb,549.244,549.244
data-analyst-1786004312-320becf4da2b,550.274,636.759
data-analyst-1786004249-21d3f7e49070,550.474,550.474
data-analyst-1786004313-1c0b820fab8b,550.753,633.376
data-analyst-1786004228-9d1e08a50f14,550.845,550.845
data-analyst-1786004295-c2e1a206d914,551.010,629.930
data-analyst-1786004250-2d2c47cc7d66,551.028,551.029
data-analyst-1786004262-168d42f52832,551.214,551.214
data-analyst-1786004258-a6cb03446120,551.228,551.228
data-analyst-1786004266-a3df26e28532,551.578,551.578
data-analyst-1786004247-aa6cdb288dea,552.323,552.323
data-analyst-1786004315-393aa0dcfbdd,552.689,630.586
data-analyst-1786004286-1f9d82f485f8,553.362,632.668
data-analyst-1786004286-509014390b5e,553.375,637.714
data-analyst-1786004226-8bedc81954d2,553.388,628.569
data-analyst-1786004278-04a5609252cb,553.489,553.489
data-analyst-1786004244-42a237534b73,553.813,553.814
data-analyst-1786004298-28179800f9b4,554.302,631.174
data-analyst-1786004259-d114b8240886,554.534,554.534
data-analyst-1786004234-3368b3e21b71,554.819,648.311
data-analyst-1786004252-f10a295192af,555.185,555.186
data-analyst-1786004306-ef78f9284a9e,555.809,555.810
data-analyst-1786004280-3dc1fe6f97a0,556.337,629.062
data-analyst-1786004291-c9c063774198,556.369,628.452
data-analyst-1786004312-7ffa7d117a36,557.835,638.735
data-analyst-1786004252-438e4e7b06a5,557.855,640.818
data-analyst-1786004252-9e3fb2365956,558.185,558.186
data-analyst-1786004241-c74f81754cc3,558.835,558.836
data-analyst-1786004260-2a5d2b0fe4ab,559.136,631.623
data-analyst-1786004267-b80a864e9dae,559.556,637.047
data-analyst-1786004313-2bd4e3ac5a55,559.635,629.077
data-analyst-1786004278-d87b58e3d5ea,559.790,628.998
data-analyst-1786004226-dfab53348e84,559.904,559.905
data-analyst-1786004305-3e873612fdea,560.007,639.221
data-analyst-1786004271-741c8c5762ce,561.404,561.405
data-analyst-1786004297-9b43c8294e55,561.547,628.519
data-analyst-1786004245-57d6c18900e0,562.072,562.072
data-analyst-1786004286-b3c613017dc9,562.133,562.133
data-analyst-1786004315-acb2a5c46f6a,562.195,562.195
data-analyst-1786004270-4d0c805e9aac,562.558,562.559
data-analyst-1786004228-70db6136c69a,562.574,562.574
data-analyst-1786004280-11e2d9a26314,562.589,562.589
data-analyst-1786004263-0a8da16529ce,563.660,647.487
data-analyst-1786004250-feb4891c9826,563.815,563.815
data-analyst-1786004297-49ee4837a675,563.920,632.653
data-analyst-1786004286-a0c658fc8729,564.369,564.370
data-analyst-1786004295-670b3eb922d0,564.748,564.748
data-analyst-1786004264-a6165244aa29,565.143,639.875
data-analyst-1786004262-53b76111b012,565.168,638.050
data-analyst-1786004313-631e68595b2e,565.237,565.238
data-analyst-1786004247-7da806c95cdf,565.329,628.295
data-analyst-1786004312-c87448017639,565.463,630.222
data-analyst-1786004265-31769f20adb7,565.924,565.925
data-analyst-1786004266-5bd5c7a00098,566.528,566.528
data-analyst-1786004318-42902fd67801,567.450,628.074
data-analyst-1786004244-444eb9e25421,567.545,567.546
data-analyst-1786004228-231321cfc639,567.576,630.114
data-analyst-1786004280-ea50d71b8409,567.935,567.935
data-analyst-1786004273-3ed0e04d316e,568.289,568.289
data-analyst-1786004313-455a97a3e554,568.414,568.414
data-analyst-1786004297-42c8c37bbe26,568.440,568.440
data-analyst-1786004252-b8ea69247960,569.075,637.030
data-analyst-1786004246-128b7929bc0f,569.088,638.311
data-analyst-1786004305-71dbced97115,569.593,569.594
data-analyst-1786004301-e160ec370bb9,570.138,570.139
data-analyst-1786004297-607936976539,572.317,638.419
data-analyst-1786004286-714c17f03df6,573.051,638.625
data-analyst-1786004328-ee7d0c824937,573.625,635.110
data-analyst-1786004318-d887b15e3c07,573.956,633.288
data-analyst-1786004266-730273beed3d,575.964,633.522
data-analyst-1786004328-a97d97351210,584.391,632.138
data-analyst-1786004313-61437ded7a46,584.647,584.648
data-analyst-1786004228-4202062f7fb9,585.003,585.004
data-analyst-1786004239-1f43b8392655,585.302,585.302
data-analyst-1786004241-a2814df1bf1c,585.415,585.416
data-analyst-1786004301-0b376e186162,586.124,633.544
data-analyst-1786004266-6e2e2a113398,587.201,587.201
data-analyst-1786004246-63e58f576162,587.302,587.302
data-analyst-1786004269-168d40b25888,587.913,587.913
data-analyst-1786004301-4722d7ddb60c,588.075,630.049
data-analyst-1786004237-c0ed3004cb5a,588.136,588.137
data-analyst-1786004265-1c59ff6a7231,588.732,645.261
data-analyst-1786004274-a038dadf48d6,588.744,637.287
data-analyst-1786004298-8c93f9df3603,589.494,589.495
data-analyst-1786004274-3d8d0f44f9a7,590.791,645.385
data-analyst-1786004306-b2fcd7436ba4,591.093,591.093
data-analyst-1786004297-f6a3b6c61c61,591.163,637.505
data-analyst-1786004287-3b8d455b8129,593.418,636.941
data-analyst-1786004286-9e4447cd7f26,596.013,596.014
data-analyst-1786004305-c05fd79593f0,596.689,628.744
data-analyst-1786004267-d9e2e22bce0b,597.753,597.754
data-analyst-1786004277-249f71a12efd,598.491,598.492
data-analyst-1786004306-a88527ae0650,599.257,632.684
data-analyst-1786004298-cf63763a9df9,599.271,631.116
data-analyst-1786004313-071227803dee,599.854,599.854
data-analyst-1786004313-adc41cd7fb5a,600.024,600.024
data-analyst-1786004286-c5d0c28d347b,604.037,604.037
data-analyst-1786004230-3b056a93dbe0,604.110,604.110
data-analyst-1786004312-f4bff40ebd00,605.231,605.231
data-analyst-1786004271-fd81ba63a340,605.764,605.764
data-analyst-1786004242-5247723878b9,606.521,640.912
data-analyst-1786004276-7f498e394abd,607.363,607.363
data-analyst-1786004237-d4802f284283,607.377,607.377
data-analyst-1786004328-3741ceeb6fc0,607.901,636.094
data-analyst-1786004318-b4c69d871892,608.477,608.478
data-analyst-1786004310-f730450f1b99,608.653,629.233
data-analyst-1786004275-cdb9741a025a,609.624,644.599
data-analyst-1786004310-967215be3404,609.896,609.896
data-analyst-1786004255-8b44b33f36a7,609.941,609.941
data-analyst-1786004313-7f09b46cc1c8,610.648,646.379
data-analyst-1786004312-5398550b714c,610.698,630.886
data-analyst-1786004262-27dc75266b2f,611.440,611.440
data-analyst-1786004286-9ee4064941e1,612.305,612.305
data-analyst-1786004220-7af1f7d462da,614.382,628.632
data-analyst-1786004310-4f371fc8a1bb,614.397,628.712
data-analyst-1786004291-6d523a8ae7fb,614.414,638.436
data-analyst-1786004278-cdcf527911f1,614.427,633.885
data-analyst-1786004297-ee555d3dd842,616.122,635.176
data-analyst-1786004318-9194948695d9,616.360,616.361
data-analyst-1786004314-4c30fd00a7fb,618.217,618.217
data-analyst-1786004315-746c6039484c,618.643,618.644
data-analyst-1786004242-168f366df806,620.048,633.201
data-analyst-1786004318-47699b8f0306,620.884,635.557
data-analyst-1786004278-0233fdbb9222,622.811,622.812
data-analyst-1786004312-4b8baf5dbabf,625.316,631.479
data-analyst-1786004225-84fa9155d7bd,626.334,626.335
data-analyst-1786004318-12ae6caa836b,627.114,629.201
data-analyst-1786004295-11b284232a4c,627.136,630.439
data-analyst-1786004364-1a1c6b874d55,640.883,640.884
data-analyst-1786004364-66142ec8012e,642.519,642.520
data-analyst-1786004364-a556c1deeb7f,643.088,643.088
data-analyst-1786004368-a1eb011fa545,643.132,643.133
data-analyst-1786004368-7b643988e021,645.279,645.280
data-analyst-1786004371-3f2d9baf7037,647.073,647.074
data-analyst-1786004371-3145990c02ca,648.279,648.280
data-analyst-1786004368-8a2491861c86,648.437,648.438
data-analyst-1786004371-ce63e3be6701,648.494,648.494
data-analyst-1786004379-86666d85bbd8,649.744,649.745
data-analyst-1786004380-4ac3a59e9e5b,651.728,651.728
data-analyst-1786004380-b0526310d0a8,652.539,652.540
data-analyst-1786004379-1a097f609acd,652.557,652.558
data-analyst-1786004379-8a413f620ac0,653.906,653.916
data-analyst-1786004380-f1f9fb997d9c,655.223,655.223
data-analyst-1786004391-654ccaf89e6c,657.827,657.828
data-analyst-1786004391-ae63c54ee05f,661.794,661.795
data-analyst-1786004391-9f47157203ba,661.810,661.811
data-analyst-1786004404-5d6e986159e3,666.723,666.724
data-analyst-1786004404-3f716403017b,667.393,667.393
data-analyst-1786004404-6fb7be425fb9,667.916,667.917
data-analyst-1786004416-ed10a4111de1,675.629,675.630
data-analyst-1786004416-823bf69c4ca6,676.805,676.805
data-analyst-1786004416-5112ea7929ac,677.649,677.650
data-analyst-1786004437-9b7268fb67a2,691.032,691.032
data-analyst-1786004437-adc60600c6e3,691.062,691.063
data-analyst-1786004437-7c24ea4841ec,691.157,691.157
