run_id,start_seconds,end_seconds
wide-researcher-1786004664-4df1ddbb87fa,1.840,208.130
reviewer-1786004664-264f603ef992,1.849,250.009
deep-researcher-1786004664-7f397cf65d7e,1.928,53.836
data-analyst-1786004664-84894a4bc7ad,1.942,345.943
wide-researcher-1786004664-2b9e9500d9cb,1.956,30.798
reviewer-1786004665-e69a94610825,1.967,479.683
deep-researcher-1786004665-8e44bc619d91,2.000,56.192
data-analyst-1786004665-eab61e25a1f0,2.010,170.449
wide-researcher-1786004665-35341120b09e,2.020,49.267
reviewer-1786004665-989a4182fc84,2.030,309.464
deep-researcher-1786004665-a7b849c64187,2.058,32.151
data-analyst-1786004665-5ff69d3e4366,2.069,305.130
wide-researcher-1786004665-3f0550a6e074,2.080,193.172
reviewer-1786004665-60c5870cbed0,2.096,362.502
deep-researcher-1786004665-133fe5860313,2.120,261.659
data-analyst-1786004665-3f0264f05548,2.130,167.385
wide-researcher-1786004665-3e7ed9ab3438,2.141,86.118
reviewer-1786004665-0174a6ce8352,2.152,368.743
deep-researcher-1786004665-da0d5fe9822b,2.180,490.707
data-analyst-1786004665-251609310e9c,2.190,104.104
wide-researcher-1786004665-3f60a7fea160,2.201,88.378
reviewer-1786004665-825fb49ad5aa,2.212,283.317
deep-researcher-1786004665-976b5a11a711,2.235,34.009
data-analyst-1786004665-d15233cebbbf,2.245,163.978
wide-researcher-1786004665-64f96ade0ec7,2.255,34.055
reviewer-1786004665-84e32e525252,2.266,283.359
deep-researcher-1786004665-7a487a8ff7bf,2.290,33.115
data-analyst-1786004665-c9456ea9a44f,2.300,376.895
wide-researcher-1786004665-ec59bde0aa5f,2.311,255.164
reviewer-1786004665-aaee663ede3b,2.324,349.520
deep-researcher-1786004665-cc35ce235839,2.357,374.049
data-analyst-1786004665-4dcaa6e8c01a,2.367,262.725
wide-researcher-1786004665-89bb44500900,2.380,53.036
reviewer-1786004665-a3b8e76696ba,2.390,262.445
deep-researcher-1786004665-cbe38e46109a,2.421,366.657
data-analyst-1786004665-5e0998fdea6a,2.433,105.273
wide-researcher-1786004665-3d11a7a57d11,2.449,251.099
reviewer-1786004665-f918440c6ef8,2.460,162.424
deep-researcher-1786004665-8672693a5cf5,2.485,587.870
data-analyst-1786004665-dbe3fc267de8,2.499,164.291
wide-researcher-1786004665-e77c2c8d6eef,2.510,55.157
reviewer-1786004665-884192fb4e7b,2.521,192.147
deep-researcher-1786004665-31ea77040128,2.552,52.397
data-analyst-1786004665-851cdf4027de,2.563,362.976
wide-researcher-1786004665-896915e57975,2.574,31.175
reviewer-1786004665-a5f30b4255a9,2.586,267.065
deep-researcher-1786004665-6b2eedd8fd08,2.614,44.687
data-analyst-1786004665-5d42d173443b,2.627,162.134
wide-researcher-1786004665-0e6bcd843ef1,2.641,253.801
reviewer-1786004665-839ba4bf6fb1,2.652,247.919
deep-researcher-1786004665-d7569ceeb772,2.681,98.473
data-analyst-1786004665-c5fad61331c4,2.691,364.640
wide-researcher-1786004665-5a5d0d4c44f7,2.702,54.281
reviewer-1786004665-58e16a2cb95e,2.714,233.056
deep-researcher-1786004665-622431e04d96,2.742,53.519
data-analyst-1786004665-0625d043b443,2.755,253.307
wide-researcher-1786004665-343d8cff5294,2.770,44.959
reviewer-1786004665-3c6068537233,2.781,132.613
deep-researcher-1786004665-3734dae791cd,2.809,597.651
data-analyst-1786004665-45874a177894,2.821,284.343
wide-researcher-1786004665-2cd2cc1a117e,2.834,161.648
reviewer-1786004665-d86eb0daacbe,2.845,359.917
deep-researcher-1786004665-c36824dfa089,2.872,508.638
data-analyst-1786004665-a13862c9dbf5,2.884,253.227
wide-researcher-1786004665-915a2b2fa1a7,2.896,52.236
reviewer-1786004666-94ce03ac99a0,2.907,463.804
deep-researcher-1786004666-2db4b107fa2c,2.931,52.341
data-analyst-1786004666-6e57d78e8d12,2.942,331.971
wide-researcher-1786004666-e92d87a3513b,2.956,48.459
reviewer-1786004666-c22df2bb4cce,2.966,305.909
deep-researcher-1786004666-d2773974d513,2.991,34.442
data-analyst-1786004666-c88fd3d4b0dc,3.001,486.438
wide-researcher-1786004666-1fbe96b933be,3.012,32.271
reviewer-1786004666-7abb538156e1,3.021,261.365
deep-researcher-1786004666-9209d019794b,3.042,372.652
data-analyst-1786004666-85823810f2d9,3.051,164.733
wide-researcher-1786004666-9a6eb3361a72,3.061,369.605
reviewer-1786004666-b76a756fa316,3.072,252.470
deep-researcher-1786004666-aa2d0899096a,3.102,34.971
data-analyst-1786004666-b88469be6077,3.114,106.477
wide-researcher-1786004666-261bb919f3e6,3.127,252.877
reviewer-1786004666-07e47a2ee3ec,3.141,500.763
deep-researcher-1786004666-9e69f5004616,3.162,32.190
data-analyst-1786004666-36d4550f4ba0,3.173,588.102
wide-researcher-1786004666-f3c50fafa43a,3.191,53.201
reviewer-1786004666-ce10046b639f,3.202,167.449
deep-researcher-1786004666-3c73293e7d87,3.225,53.391
data-analyst-1786004666-0b0e5d576070,3.241,96.704
wide-researcher-1786004666-a2bf13e86141,3.249,165.067
reviewer-1786004666-678df7242bd7,3.265,365.764
deep-researcher-1786004666-858735792450,3.290,34.180
data-analyst-1786004666-77e11f3c4c68,3.301,155.801
wide-researcher-1786004666-e1e3c8a48607,3.312,373.503
reviewer-1786004666-6a367c45c42b,3.324,249.696
deep-researcher-1786004666-c4b91f7ba9f8,3.352,98.525
data-analyst-1786004666-9b96c691a396,3.362,610.382
wide-researcher-1786004666-524aa8c07753,3.374,33.262
reviewer-1786004666-557d888b7a3e,3.386,480.229
deep-researcher-1786004666-bd0e12e27cd1,3.413,35.359
data-analyst-1786004666-f01701a68038,3.423,181.928
wide-researcher-1786004666-41f0a1c22085,3.436,37.802
reviewer-1786004666-b5bcda9f40df,3.448,260.285
deep-researcher-1786004666-aac6735b09cc,3.472,501.906
data-analyst-1786004666-089de0319979,3.485,607.867
wide-researcher-1786004666-213293b829cf,3.498,163.425
reviewer-1786004666-437418ce384c,3.513,175.829
deep-researcher-1786004666-9f11bde0d665,3.546,97.915
data-analyst-1786004666-1dfeb643636b,3.556,162.164
wide-researcher-1786004666-8960d8e9cc97,3.567,28.293
reviewer-1786004666-5b122bc0cdff,3.581,257.168
deep-researcher-1786004666-1eb7d9c1c5fa,3.607,37.259
data-analyst-1786004666-d4e633a63bc7,3.618,161.076
wide-researcher-1786004666-4543052e7948,3.635,251.810
reviewer-1786004666-bfea422350ea,3.646,165.344
deep-researcher-1786004666-681e5c6457c6,3.673,97.899
data-analyst-1786004666-099b8ced4cad,3.685,367.052
wide-researcher-1786004666-664ff5dd9461,3.696,152.158
reviewer-1786004666-8bceedfa9fa7,3.707,485.199
deep-researcher-1786004666-4c768bf7316c,3.735,28.051
data-analyst-1786004666-b9a4b8defac9,3.745,249.640
wide-researcher-1786004666-f13040692ce0,3.756,30.594
reviewer-1786004666-420f1a21974b,3.767,367.707
deep-researcher-1786004666-0501da95b02f,3.791,71.112
data-analyst-1786004666-6be50d3e17ba,3.805,307.374
wide-researcher-1786004666-78c373bddccd,3.812,32.999
reviewer-1786004666-ce9584cb96d5,3.828,361.216
deep-researcher-1786004666-e89ebee5781e,3.856,30.290
data-analyst-1786004666-1c774f76de59,3.866,504.115
wide-researcher-1786004666-d93609f9f30f,3.879,31.131
reviewer-1786004666-f8688481a81c,3.889,314.476
deep-researcher-1786004666-66e129f3ded8,3.915,30.108
data-analyst-1786004667-a57cf2452000,3.925,254.195
wide-researcher-1786004667-24407c6993eb,3.935,54.122
reviewer-1786004667-7da44da8c1c6,3.946,257.581
deep-researcher-1786004667-7f8e8751330c,3.973,48.892
data-analyst-1786004667-e7ee0d8a27df,3.982,372.928
wide-researcher-1786004667-44639377f88a,3.997,55.704
reviewer-1786004667-a24dba7b56ca,4.005,103.535
deep-researcher-1786004667-10c865881f5b,4.036,30.020
data-analyst-1786004667-021bd8ba7b90,4.043,260.144
wide-researcher-1786004667-be94b19fd3a4,4.059,101.086
reviewer-1786004667-9ebfb860aca6,4.070,473.427
deep-researcher-1786004667-09a2a86a9255,4.097,476.224
data-analyst-1786004667-f426fff64da1,4.108,372.849
wide-researcher-1786004667-8492ff7cfef1,4.119,166.301
reviewer-1786004667-817c229a3841,4.131,259.964
deep-researcher-1786004667-f37479523004,4.156,462.339
data-analyst-1786004667-48f421483f2d,4.172,166.895
wide-researcher-1786004667-64a0a932984a,4.185,67.975
reviewer-1786004667-5359fce4ed58,4.200,166.959
deep-researcher-1786004667-9ea95a3f7f06,4.220,52.167
data-analyst-1786004667-12785d9804b2,4.230,125.825
wide-researcher-1786004667-2fbd368b6de0,4.239,30.357
reviewer-1786004667-0d7d9ddca07e,4.249,250.156
deep-researcher-1786004667-ca7beb978030,4.272,88.155
data-analyst-1786004667-b7755f4fe886,4.286,481.334
wide-researcher-1786004667-4081ebde140d,4.296,261.261
reviewer-1786004667-2c3c51b86224,4.307,248.878
deep-researcher-1786004667-fdb552ff7ba4,4.336,195.473
data-analyst-1786004667-9e97a5a78412,4.346,477.720
wide-researcher-1786004667-22c046cf08fa,4.357,57.861
reviewer-1786004667-204592034603,4.373,493.090
deep-researcher-1786004667-6a82b24e79d2,4.402,351.817
data-analyst-1786004667-48464ac17351,4.418,360.854
wide-researcher-1786004667-f4d979a3c263,4.431,347.458
reviewer-1786004667-4d9de3ed0064,4.441,361.405
deep-researcher-1786004667-cade13a9f321,4.469,30.127
data-analyst-1786004667-f3ed7ca9eee5,4.481,362.284
wide-researcher-1786004667-1cb420375e8f,4.497,52.442
reviewer-1786004667-77d19a6baeb5,4.508,98.807
deep-researcher-1786004667-05ff2f9bcfcc,4.540,363.288
data-analyst-1786004667-0c10820863ad,4.552,167.943
wide-researcher-1786004667-2f52ba705757,4.567,31.112
reviewer-1786004667-e35a9e08cd5a,4.580,331.717
deep-researcher-1786004667-22dbd7b1eacd,4.605,52.462
data-analyst-1786004667-3278cf5a372d,4.615,248.999
wide-researcher-1786004667-f6e11b8351e0,4.628,100.335
reviewer-1786004667-2e299e6f2129,4.639,166.924
deep-researcher-1786004667-ca13ce428b23,4.663,176.921
data-analyst-1786004667-446989aa03ac,4.680,163.873
wide-researcher-1786004667-fa2791265084,4.691,264.272
reviewer-1786004667-ab08fb51e871,4.702,104.606
deep-researcher-1786004667-ff75334a2ef9,4.726,495.523
data-analyst-1786004667-19f0226a022f,4.741,247.493
wide-researcher-1786004667-0bf424a026d9,4.753,30.372
reviewer-1786004667-74841218a5bc,4.764,314.620
deep-researcher-1786004667-537aa0c27949,4.792,30.579
data-analyst-1786004667-80dde6611f45,4.803,261.351
wide-researcher-1786004667-2f83c1158f0d,4.814,179.653
reviewer-1786004667-82e938ab9c64,4.825,221.882
deep-researcher-1786004667-0bff19cefd02,4.849,35.104
data-analyst-1786004667-6153e20e8741,4.864,249.480
wide-researcher-1786004667-57fe0fdc5bcc,4.875,396.119
reviewer-1786004667-b974eb1c2c1c,4.887,360.261
deep-researcher-1786004667-1057caeb950f,4.914,364.303
data-analyst-1786004668-79f90bdfbb29,4.924,250.313
wide-researcher-1786004668-83be7df3b116,4.935,53.374
reviewer-1786004668-45a278947799,4.945,337.487
deep-researcher-1786004668-124a4f9e343d,4.974,396.074
data-analyst-1786004668-e10adb0ab430,4.986,368.338
wide-researcher-1786004668-5675546fae08,4.998,476.121
reviewer-1786004668-938522e53687,5.014,260.993
deep-researcher-1786004668-b7e207ce8aec,5.041,32.055
data-analyst-1786004668-7ee3c2cc05d4,5.051,165.219
wide-researcher-1786004668-1c2700241246,5.063,190.417
reviewer-1786004668-9e66f5825d80,5.074,165.655
deep-researcher-1786004668-0b33ce037abc,5.101,34.199
data-analyst-1786004668-824415596538,5.111,367.211
wide-researcher-1786004668-a8dabbc7dc76,5.122,32.898
reviewer-1786004668-b0c30637ecb8,5.135,249.959
deep-researcher-1786004668-de891e15b9e1,5.160,32.836
data-analyst-1786004668-47bc9399f257,5.170,198.077
wide-researcher-1786004668-df4ff781b046,5.181,368.652
reviewer-1786004668-e051ff9ac609,5.191,251.139
deep-researcher-1786004668-c43f6c9d27ee,5.219,32.879
data-analyst-1786004668-7655e8f39b74,5.230,357.768
wide-researcher-1786004668-a98236824d49,5.240,33.018
reviewer-1786004668-981b7a005fb1,5.250,185.451
deep-researcher-1786004668-4615fad34a62,5.271,40.661
data-analyst-1786004668-a1ee09e2f04a,5.280,262.537
wide-researcher-1786004668-08c6f829de3e,5.294,32.943
reviewer-1786004668-4e21c6eb40f3,5.305,136.372
deep-researcher-1786004668-5cadddb2554b,5.329,79.982
data-analyst-1786004668-cbf6e0dec6a6,5.339,173.542
wide-researcher-1786004668-fec2dda88796,5.348,378.622
reviewer-1786004668-84477d0a2d83,5.359,275.927
deep-researcher-1786004668-adcf0b368eba,5.386,69.851
data-analyst-1786004668-5e60fed7251f,5.396,247.271
wide-researcher-1786004668-fb0c605d341a,5.407,113.425
reviewer-1786004668-82e9157ef8e6,5.418,473.443
deep-researcher-1786004668-73f9eb75ffae,5.443,53.569
data-analyst-1786004668-411f1fe4e2a1,5.458,283.094
wide-researcher-1786004668-126356273afc,5.469,32.962
reviewer-1786004668-55dd7b0be6d8,5.480,371.524
deep-researcher-1786004668-ada227f51e6d,5.506,194.405
data-analyst-1786004668-8e3e874f5b06,5.516,162.149
wide-researcher-1786004668-2bc7d6827b4a,5.530,255.547
reviewer-1786004668-331d72cecb12,5.542,186.918
deep-researcher-1786004668-abcc2232ddb9,5.564,96.086
data-analyst-1786004668-7897a654546e,5.574,169.866
wide-researcher-1786004668-a1ab55ceb6a4,5.586,155.468
reviewer-1786004668-ff3de6fadcec,5.597,127.986
deep-researcher-1786004668-55b71ec1a94e,5.625,362.634
data-analyst-1786004668-136412d76f3c,5.635,395.081
wide-researcher-1786004668-4f18ba253506,5.646,119.252
reviewer-1786004668-03a4053e27ae,5.657,370.244
deep-researcher-1786004668-76f3ab988c43,5.685,162.994
data-analyst-1786004668-bf08174329c3,5.697,174.290
wide-researcher-1786004668-9ad2dc18a813,5.712,100.848
reviewer-1786004668-a753b5b943ae,5.723,520.523
deep-researcher-1786004668-1be69a8525bf,5.752,64.223
data-analyst-1786004668-02948bd0375b,5.763,129.745
wide-researcher-1786004668-7ab7f4d3e040,5.774,53.698
reviewer-1786004668-4ad2d00a095a,5.785,315.852
deep-researcher-1786004668-797b06a18178,5.810,33.544
data-analyst-1786004668-46e930756b7f,5.820,262.262
wide-researcher-1786004668-0d5c843beb68,5.830,252.715
reviewer-1786004668-61930af4cab3,5.841,250.057
deep-researcher-1786004668-f0752b22fdca,5.867,310.263
data-analyst-1786004668-08a996c2d317,5.879,259.435
wide-researcher-1786004668-16acc39eb3a9,5.890,472.947
reviewer-1786004668-0c64073072ba,5.901,168.813
deep-researcher-1786004669-6531c2d7b5bd,5.930,60.579
data-analyst-1786004669-2d784ac01cdf,5.940,97.428
wide-researcher-1786004669-d1f60bb0aada,5.950,197.466
reviewer-1786004669-f339fdbf96e7,5.957,162.757
deep-researcher-1786004669-c81d84738285,5.986,413.099
data-analyst-1786004669-02b9df21e5b1,5.997,261.624
wide-researcher-1786004669-6ad1aaf928e6,6.008,35.646
reviewer-1786004669-4929a94db592,6.019,469.511
deep-researcher-1786004669-2b9423786989,6.047,310.534
data-analyst-1786004669-dd24a3af45b4,6.057,375.833
wide-researcher-1786004669-59acb92835f7,6.068,265.129
reviewer-1786004669-dfbfdf7ddf91,6.080,291.063
deep-researcher-1786004669-488edeb411fc,6.106,74.910
data-analyst-1786004669-b0ac38e41550,6.116,334.966
wide-researcher-1786004669-7dc2a6793c26,6.126,193.473
reviewer-1786004669-c35e0b5063c8,6.137,258.558
deep-researcher-1786004669-bf768222f1e7,6.159,34.025
data-analyst-1786004669-790b6e67b452,6.169,162.197
wide-researcher-1786004669-938a89562efb,6.180,113.118
reviewer-1786004669-8f2d438c54fa,6.191,259.586
deep-researcher-1786004669-2dbf4d7642c4,6.218,57.453
data-analyst-1786004669-45e92a3cf1b1,6.230,142.323
wide-researcher-1786004669-2cb01a997c91,6.241,37.586
reviewer-1786004669-4fc636a4be8d,6.251,219.199
deep-researcher-1786004669-95605c555e11,6.280,52.181
data-analyst-1786004669-36d0113a27d5,6.290,485.349
wide-researcher-1786004669-cffe85c6206a,6.299,39.581
reviewer-1786004669-10ae99e8e7d8,6.308,385.802
deep-researcher-1786004669-a23f53f06135,6.329,99.507
data-analyst-1786004669-81e66f3cc11a,6.338,259.420
wide-researcher-1786004669-55d3ee68a50f,6.348,258.504
reviewer-1786004669-ffeea40f7cb5,6.358,356.580
deep-researcher-1786004669-c780f99ca71d,6.385,359.654
data-analyst-1786004669-ab618e96f154,6.395,369.289
wide-researcher-1786004669-50470fd6d9fb,6.404,162.490
reviewer-1786004669-813b2af1afc9,6.414,310.473
deep-researcher-1786004669-83aefaa4272e,6.440,261.126
data-analyst-1786004669-312b9fb42e75,6.450,252.084
wide-researcher-1786004669-6db380d99e0f,6.461,98.423
reviewer-1786004669-7fd81e089af1,6.472,261.463
deep-researcher-1786004669-b543277a512d,6.500,88.080
data-analyst-1786004669-f96f65d7c218,6.510,356.312
wide-researcher-1786004669-73d7287b4813,6.520,55.192
reviewer-1786004669-7c6cc233f031,6.530,404.564
deep-researcher-1786004669-60840e56ad01,6.556,169.525
data-analyst-1786004669-1c8036e44763,6.566,369.699
wide-researcher-1786004669-bbe1f5e320fa,6.576,469.383
reviewer-1786004669-8c2e816905b1,6.591,357.804
deep-researcher-1786004669-3f07c22e7f2e,6.618,368.421
data-analyst-1786004669-9d8ae36b4946,6.630,261.322
wide-researcher-1786004669-f11f1a22ed17,6.641,96.554
reviewer-1786004669-c1b8594a0c66,6.652,601.870
deep-researcher-1786004669-601059ef7cf6,6.680,45.451
data-analyst-1786004669-315cf6f2d5f7,6.690,163.389
wide-researcher-1786004669-12c24ddc2713,6.702,269.345
reviewer-1786004669-dc5b0735cab3,6.713,381.481
deep-researcher-1786004669-d6e1ddccf4b7,6.741,487.980
data-analyst-1786004669-5df1e9820a6e,6.751,500.282
wide-researcher-1786004669-eb339cc3152a,6.761,360.277
reviewer-1786004669-8621f7209eb6,6.772,164.895
deep-researcher-1786004669-fc529a95bb6e,6.801,552.940
data-analyst-1786004669-716e4312b972,6.810,163.440
wide-researcher-1786004669-f815b59c89be,6.821,284.225
reviewer-1786004669-b5586bd8dcac,6.831,369.640
deep-researcher-1786004669-4bdb8d0cc51f,6.856,161.275
data-analyst-1786004669-28249c07a283,6.865,389.219
wide-researcher-1786004669-3b9573e0dc68,6.875,96.690
reviewer-1786004669-759124a7951f,6.885,169.949
deep-researcher-1786004669-bbe44a32d032,6.909,54.136
data-analyst-1786004670-91630b9b0163,6.923,499.662
wide-researcher-1786004670-832756d3f5ca,6.935,260.944
reviewer-1786004670-34e91f4b3bc9,6.946,363.195
deep-researcher-1786004670-cd185c0832dc,6.973,483.230
data-analyst-1786004670-038c88d253ee,6.990,407.220
wide-researcher-1786004670-3373d4d6a3d3,7.001,167.402
reviewer-1786004670-7ba8533bc573,7.012,378.915
deep-researcher-1786004670-df4a883c284b,7.039,130.165
data-analyst-1786004670-3a971deace85,7.050,169.456
wide-researcher-1786004670-1c06fc8d5fe6,7.061,363.561
reviewer-1786004670-e01c865dd23a,7.072,262.082
deep-researcher-1786004670-4421655e9c3d,7.102,120.643
data-analyst-1786004670-db93a8db6f6e,7.112,207.148
wide-researcher-1786004670-065431df0c0b,7.123,56.656
reviewer-1786004670-aa7857300d6f,7.135,254.561
deep-researcher-1786004670-26ae4e33b626,7.165,81.719
data-analyst-1786004670-6cc1dcedb92d,7.178,163.687
wide-researcher-1786004670-2b035eab6bcf,7.189,253.603
reviewer-1786004670-973a46758413,7.200,246.918
deep-researcher-1786004670-30391dbadf0d,7.230,138.401
data-analyst-1786004670-3f635ea3fca0,7.239,258.283
wide-researcher-1786004670-f7e5a75aeace,7.248,358.397
reviewer-1786004670-5896fec955db,7.258,349.102
deep-researcher-1786004670-e10d629bbf9f,7.280,386.342
data-analyst-1786004670-6b2fbd529f43,7.290,163.933
wide-researcher-1786004670-4c8318603105,7.299,482.270
reviewer-1786004670-40e7e34e5d0c,7.309,495.507
deep-researcher-1786004670-0605c1a1c908,7.331,99.055
data-analyst-1786004670-993d1edf2785,7.344,259.373
wide-researcher-1786004670-c7e1c9f438ed,7.354,163.031
reviewer-1786004670-469b8ecde1e3,7.364,252.270
deep-researcher-1786004670-badfdfe8fcff,7.386,480.338
data-analyst-1786004670-29a005edac8b,7.401,263.091
wide-researcher-1786004670-235f1e2a492f,7.411,370.769
reviewer-1786004670-0b781488ab6c,7.421,249.384
deep-researcher-1786004670-b8dfc8d3adeb,7.444,402.002
data-analyst-1786004670-439d2736b53c,7.454,357.752
wide-researcher-1786004670-543918b72fc4,7.464,52.361
reviewer-1786004670-076b562aff02,7.474,502.155
deep-researcher-1786004670-c171d7d77589,7.502,447.335
data-analyst-1786004670-a8e28da4e883,7.512,378.671
wide-researcher-1786004670-9e20a6c758dc,7.523,130.796
reviewer-1786004670-3d44f51d802b,7.535,487.058
deep-researcher-1786004670-232e6c02b6cb,7.562,375.260
data-analyst-1786004670-e8f232dc9b68,7.572,182.724
wide-researcher-1786004670-81d94a8b1f25,7.583,486.241
reviewer-1786004670-bf124388acfb,7.593,367.463
deep-researcher-1786004670-463de6abe24b,7.619,476.364
data-analyst-1786004670-d3751e961287,7.630,356.278
wide-researcher-1786004670-1a4e1fd75761,7.641,165.640
reviewer-1786004670-692e3437fa33,7.651,501.742
deep-researcher-1786004670-eeeec5c33e12,7.675,52.223
data-analyst-1786004670-3f97213e72a2,7.690,319.736
wide-researcher-1786004670-d7bdf0e8db84,7.706,97.619
reviewer-1786004670-78b0d8a74229,7.717,254.546
deep-researcher-1786004670-a11ade667fa4,7.742,370.953
data-analyst-1786004670-6d7c70d0043d,7.752,368.538
wide-researcher-1786004670-377046e6073d,7.763,46.921
reviewer-1786004670-338fdf6ecae1,7.773,377.825
deep-researcher-1786004670-7523342e7537,7.807,116.683
data-analyst-1786004670-1d909e390ea9,7.817,472.493
wide-researcher-1786004670-f8e169400467,7.825,358.108
reviewer-1786004670-f32bbd21fdbc,7.841,259.552
deep-researcher-1786004670-fdeca3498dfb,7.867,484.958
data-analyst-1786004670-2405e075e516,7.880,499.442
wide-researcher-1786004670-d0eb5571eab7,7.891,356.295
reviewer-1786004670-8b61271b33b1,7.901,253.060
deep-researcher-1786004671-c9a8575165cb,7.926,53.017
data-analyst-1786004671-1ecbf3bbc1c0,7.936,256.494
wide-researcher-1786004671-52d503989c98,7.946,96.928
reviewer-1786004671-ef398d6f236c,7.956,375.410
deep-researcher-1786004671-b869da88a50d,7.979,370.037
data-analyst-1786004671-957234b41f05,7.990,362.766
wide-researcher-1786004671-6e83d7d953f3,8.005,119.579
reviewer-1786004671-ecced1a52027,8.015,171.822
deep-researcher-1786004671-a9ce6442d5a6,8.041,64.541
data-analyst-1786004671-9fa11e7be277,8.051,315.865
wide-researcher-1786004671-69bfa05c708b,8.061,56.552
reviewer-1786004671-47179059aa8f,8.071,388.256
deep-researcher-1786004671-5a6fb38b8516,8.097,54.523
data-analyst-1786004671-516f0a7f317e,8.107,251.699
wide-researcher-1786004671-c596f2dca945,8.117,59.563
reviewer-1786004671-95ff3490bfb3,8.130,477.274
deep-researcher-1786004671-05b15f1a3d8d,8.157,54.365
data-analyst-1786004671-a81836088386,8.167,365.004
wide-researcher-1786004671-9839175168e8,8.180,54.831
reviewer-1786004671-c9f3e9fc7558,8.190,259.827
deep-researcher-1786004671-586c267f6011,8.216,47.497
data-analyst-1786004671-a4d5d2ee36c6,8.226,363.304
wide-researcher-1786004671-b5499b96aff6,8.236,83.623
reviewer-1786004671-341878e6f407,8.245,208.627
deep-researcher-1786004671-0ab6a01df33b,8.270,211.223
data-analyst-1786004671-b09a202c8e49,8.281,274.129
wide-researcher-1786004671-f82ad7a2285e,8.291,361.349
reviewer-1786004671-4c131a4016dc,8.302,397.886
deep-researcher-1786004671-357464f6129e,8.330,67.864
data-analyst-1786004671-4cad3792b12d,8.340,395.216
wide-researcher-1786004671-135855947373,8.352,53.649
reviewer-1786004671-a2f5cb7d8d56,8.363,497.112
deep-researcher-1786004671-9e712e168604,8.385,106.432
data-analyst-1786004671-679b3e685b95,8.398,412.541
wide-researcher-1786004671-9595ae512f9c,8.407,100.213
reviewer-1786004671-3a60cc9108fd,8.416,251.682
deep-researcher-1786004671-47bed46b8908,8.438,626.104
data-analyst-1786004671-ed57c1d7d2dc,8.447,378.774
wide-researcher-1786004671-1e6bfe0da139,8.456,166.630
reviewer-1786004671-db04c83deb3f,8.466,261.874
deep-researcher-1786004671-e49191a4a784,8.489,164.931
data-analyst-1786004671-def4d8059801,8.499,332.161
wide-researcher-1786004671-fd5bf49d2b49,8.509,53.533
reviewer-1786004671-b06e6f7d1f1e,8.519,360.294
deep-researcher-1786004671-4e20fecaca05,8.542,476.487
data-analyst-1786004671-3885f362621b,8.551,392.998
wide-researcher-1786004671-7754a845b908,8.563,73.890
reviewer-1786004671-286512d813bb,8.574,163.013
deep-researcher-1786004671-97b3870332da,8.602,53.318
data-analyst-1786004671-eb87119b62df,8.614,261.808
wide-researcher-1786004671-7736cb813e15,8.625,260.433
reviewer-1786004671-2cf5954164c9,8.632,166.072
deep-researcher-1786004671-4fc4450d2865,8.665,479.307
data-analyst-1786004671-5fa65eb488ba,8.678,188.687
wide-researcher-1786004671-b6c7b995a50c,8.690,249.048
reviewer-1786004671-9500f4d06d48,8.700,361.075
deep-researcher-1786004671-4dfb67b6c75e,8.724,130.099
data-analyst-1786004671-aed12574a98a,8.741,165.572
wide-researcher-1786004671-4a5f83ddbc27,8.752,98.438
reviewer-1786004671-973992fb74cf,8.763,255.440
deep-researcher-1786004671-d20a876dfadf,8.787,368.911
data-analyst-1786004671-143436ae9fd0,8.797,126.294
wide-researcher-1786004671-839ee6c8e419,8.808,164.861
reviewer-1786004671-db4ecd7be0d9,8.819,359.096
deep-researcher-1786004671-fe1368ba6438,8.847,131.694
data-analyst-1786004671-d5c2c553e2b9,8.857,357.267
wide-researcher-1786004671-d18bc760b78d,8.867,98.892
reviewer-1786004671-d3d391fc5eb5,8.879,369.620
deep-researcher-1786004671-4f2efd7c78bd,8.906,167.601
data-analyst-1786004671-f075b1be4f27,8.915,257.931
wide-researcher-1786004672-92ce17772937,8.926,461.469
reviewer-1786004672-5a8e9caf8d49,8.936,182.124
deep-researcher-1786004672-41a07bfc234b,8.962,59.977
data-analyst-1786004672-8199bb559cd6,8.972,167.783
wide-researcher-1786004672-7f76ae1ec2e7,8.987,415.488
reviewer-1786004672-a8e3c4837fef,8.997,364.347
deep-researcher-1786004672-700b7f0b1a05,9.024,411.211
data-analyst-1786004672-801b94b386cd,9.036,261.764
wide-researcher-1786004672-5b95cc44ef6c,9.051,253.153
reviewer-1786004672-19c1d5171ff8,9.061,256.564
deep-researcher-1786004672-d06548b83a9a,9.085,96.572
data-analyst-1786004672-54a54d8989e9,9.099,374.586
wide-researcher-1786004672-dda1d73e22a6,9.109,97.322
reviewer-1786004672-035edc43fb96,9.120,351.382
deep-researcher-1786004672-bce13197d8f2,9.144,97.089
data-analyst-1786004672-a3f61ce98bcd,9.157,120.919
wide-researcher-1786004672-8058bae78bb1,9.167,165.411
reviewer-1786004672-c56aa3ed5710,9.180,480.891
deep-researcher-1786004672-b472f1e4cf04,9.208,66.881
data-analyst-1786004672-a9bef038e514,9.222,370.635
wide-researcher-1786004672-02fa334b482a,9.234,485.966
reviewer-1786004672-ee1d214b1ee6,9.248,253.973
deep-researcher-1786004672-7eb5e2c416fb,9.272,160.253
data-analyst-1786004672-76c8d77a6870,9.283,371.473
wide-researcher-1786004672-bee0c46c40fa,9.293,68.446
reviewer-1786004672-a0d36bba8c98,9.302,317.827
deep-researcher-1786004672-7d44d4e384b5,9.330,119.563
data-analyst-1786004672-cf1b1954859b,9.344,314.332
wide-researcher-1786004672-e7de47112eeb,9.353,161.572
reviewer-1786004672-d70c5a1c2cfe,9.362,262.568
deep-researcher-1786004672-d5ab3cd16b4a,9.386,485.612
data-analyst-1786004672-66a87fdc606d,9.395,487.708
wide-researcher-1786004672-64ec6cf03791,9.405,375.996
reviewer-1786004672-bca97da422bd,9.414,493.769
deep-researcher-1786004672-6d09f0d7d9e3,9.435,487.852
data-analyst-1786004672-d15f33856181,9.444,253.289
wide-researcher-1786004672-ede5c8847142,9.453,53.943
reviewer-1786004672-e8338b5a1f63,9.461,376.470
deep-researcher-1786004672-b320c2b91606,9.485,54.599
data-analyst-1786004672-cd87584e5693,9.496,393.620
wide-researcher-1786004672-523beeaa1214,9.506,103.916
reviewer-1786004672-753286326268,9.516,247.538
deep-researcher-1786004672-eb6e7358e31d,9.537,102.944
data-analyst-1786004672-862a9fce8fd0,9.550,361.922
wide-researcher-1786004672-a02f1bd55276,9.560,355.898
reviewer-1786004672-f64a6a9117d5,9.570,475.287
deep-researcher-1786004672-23060b6aeed5,9.591,98.257
data-analyst-1786004672-81120342181e,9.601,260.522
wide-researcher-1786004672-ec54c349c8cc,9.611,68.312
reviewer-1786004672-807e90c6119c,9.622,363.116
deep-researcher-1786004672-1394c99da075,9.651,480.602
data-analyst-1786004672-4218ab2d79a4,9.662,427.312
wide-researcher-1786004672-cc5db19cf6f0,9.673,190.688
reviewer-1786004672-0243d37c7eea,9.685,249.832
deep-researcher-1786004672-ad4bfb2cc82c,9.711,233.372
data-analyst-1786004672-c22f059f0699,9.720,410.453
wide-researcher-1786004672-53b391ee660f,9.730,96.471
reviewer-1786004672-c2b9f0a74469,9.740,251.770
deep-researcher-1786004672-e986f28837a8,9.766,161.846
data-analyst-1786004672-9089a98c26ae,9.776,357.200
wide-researcher-1786004672-d9ab4ba2b671,9.787,474.466
reviewer-1786004672-a0ffc230e5a5,9.796,136.275
deep-researcher-1786004672-ee4c0a7ecaca,9.822,593.429
data-analyst-1786004672-c86ef8301c22,9.834,161.682
wide-researcher-1786004672-85c2dc848a85,9.845,165.555
reviewer-1786004672-b4c7395ab482,9.856,356.013
deep-researcher-1786004672-9ce8605b1b4b,9.880,54.300
data-analyst-1786004672-f969b3b770b7,9.890,176.303
wide-researcher-1786004672-c018328b2630,9.900,105.629
reviewer-1786004673-70d0ca80e6f9,9.911,358.909
deep-researcher-1786004673-9d9af1d9c21b,9.935,609.016
data-analyst-1786004673-a2a7ebb9b9fd,9.944,596.540
wide-researcher-1786004673-c70452476236,9.954,77.158
reviewer-1786004673-0f65c140bfa4,9.964,247.808
deep-researcher-1786004673-99f7c811da2d,9.991,591.278
data-analyst-1786004673-a2f09b022788,10.005,251.177
wide-researcher-1786004673-2ef2326eabe2,10.015,58.347
reviewer-1786004673-31f65400ceb9,10.026,308.760
deep-researcher-1786004673-fa8d12ec0c96,10.054,163.810
data-analyst-1786004673-7fead7c7babb,10.064,381.533
wide-researcher-1786004673-4d94d8c9d370,10.082,498.293
reviewer-1786004673-c63de7477e2e,10.092,322.248
deep-researcher-1786004673-9ea879cf0207,10.118,54.155
data-analyst-1786004673-c6444fe54c55,10.131,254.210
wide-researcher-1786004673-e4f0a5f1d88a,10.141,76.170
reviewer-1786004673-1aca76f069c0,10.151,253.709
deep-researcher-1786004673-76f7669a065e,10.181,302.165
data-analyst-1786004673-ee9dc5716796,10.191,404.370
wide-researcher-1786004673-a7156284a908,10.202,166.514
reviewer-1786004673-4186036350be,10.212,259.934
deep-researcher-1786004673-399eccb8bc71,10.236,586.593
data-analyst-1786004673-c80b3ffa7991,10.250,600.882
wide-researcher-1786004673-4b4c2b8fa840,10.260,254.493
reviewer-1786004673-8eeb1c73760a,10.274,366.083
deep-researcher-1786004673-d75d913cd9c9,10.299,82.927
data-analyst-1786004673-bd77e074cc0c,10.308,603.009
wide-researcher-1786004673-a720e2d352da,10.319,68.428
reviewer-1786004673-3dfe69a9794d,10.330,367.364
deep-researcher-1786004673-80255e44df37,10.356,420.863
data-analyst-1786004673-ddb7473c497a,10.366,371.131
wide-researcher-1786004673-0d9ec16f216b,10.384,102.122
reviewer-1786004673-070f72f97605,10.395,380.633
deep-researcher-1786004673-c02bbff8f393,10.423,66.968
data-analyst-1786004673-c81c80d099c0,10.435,607.382
wide-researcher-1786004673-5a4f281a5c3e,10.445,76.393
reviewer-1786004673-f5f021873384,10.455,173.865
deep-researcher-1786004673-77085be72383,10.480,255.456
data-analyst-1786004673-7dc03a53221a,10.493,359.685
wide-researcher-1786004673-833293d163ac,10.502,97.731
reviewer-1786004673-74512ee4c9d3,10.512,404.729
deep-researcher-1786004673-284e06c23f26,10.536,161.137
data-analyst-1786004673-a93c335262f9,10.546,362.913
wide-researcher-1786004673-54c766dec1ae,10.562,244.596
reviewer-1786004673-fc4debacf4b8,10.572,362.219
deep-researcher-1786004673-4f0719c9eead,10.596,130.690
data-analyst-1786004673-b7a84f24cf95,10.606,264.199
wide-researcher-1786004673-d4fee4b9c92c,10.617,81.957
reviewer-1786004673-f8879dd7af84,10.630,593.659
deep-researcher-1786004673-7e52cef9afac,10.654,485.245
data-analyst-1786004673-e8efaaedc0ff,10.664,365.683
wide-researcher-1786004673-c86ee29d541f,10.673,98.188
reviewer-1786004673-8e6a4878f0df,10.687,174.345
deep-researcher-1786004673-465c53e3a290,10.709,247.877
data-analyst-1786004673-d995bb952833,10.719,377.379
wide-researcher-1786004673-5bd812a79d38,10.732,82.454
reviewer-1786004673-3569e23ee077,10.742,372.314
deep-researcher-1786004673-e17f974ef481,10.769,97.824
data-analyst-1786004673-8f13a6aa6361,10.781,259.635
wide-researcher-1786004673-1f3ea5d3400b,10.792,268.542
reviewer-1786004673-a12a1a2a1b90,10.802,258.223
deep-researcher-1786004673-d0929cbf1021,10.830,55.381
data-analyst-1786004673-a988e0664c3b,10.846,371.266
wide-researcher-1786004673-c38dabdfd2cf,10.859,96.070
reviewer-1786004673-60bb2845459f,10.874,311.532
deep-researcher-1786004673-b655faeceac5,10.901,311.830
data-analyst-1786004673-95a29658796f,10.910,255.867
wide-researcher-1786004674-8c8610130835,10.920,90.359
reviewer-1786004674-e91f6399176b,10.930,477.843
deep-researcher-1786004674-026eae4f75c5,10.957,81.566
data-analyst-1786004674-223e18ff41c2,10.967,284.487
wide-researcher-1786004674-a8cbca203ec0,10.979,260.537
reviewer-1786004674-e2992188684a,10.990,257.249
deep-researcher-1786004674-07fad5280893,11.016,251.162
data-analyst-1786004674-e208b823e8ba,11.025,589.416
wide-researcher-1786004674-e77eef71ae3c,11.035,53.667
reviewer-1786004674-b8a7b199c805,11.046,249.107
deep-researcher-1786004674-6bdc8e2e3e65,11.073,170.030
data-analyst-1786004674-77a4f10dc14f,11.085,470.335
wide-researcher-1786004674-37f664828811,11.096,261.230
reviewer-1786004674-6c9e2d5b4fee,11.107,380.539
deep-researcher-1786004674-bc406c2be980,11.131,493.930
data-analyst-1786004674-2bb5e9776834,11.145,493.048
wide-researcher-1786004674-885ef37720fd,11.156,232.218
reviewer-1786004674-a505a657be00,11.167,185.232
deep-researcher-1786004674-a3b02d15e8c3,11.195,54.193
data-analyst-1786004674-53a0829d3380,11.205,374.840
wide-researcher-1786004674-3ff566cd4802,11.216,247.421
reviewer-1786004674-94aa836e0b94,11.230,448.967
deep-researcher-1786004674-5f258a52981f,11.255,405.666
data-analyst-1786004674-a5e659706fb2,11.265,258.946
wide-researcher-1786004674-728b707fb382,11.274,476.393
reviewer-1786004674-cdc340a47665,11.285,250.999
deep-researcher-1786004674-7f8331bb3857,11.310,595.121
data-analyst-1786004674-6690d0d455c5,11.319,444.425
wide-researcher-1786004674-1d17d9d014bf,11.330,368.324
reviewer-1786004674-c030106d4e11,11.339,473.319
deep-researcher-1786004674-f2dbba235f57,11.362,98.203
data-analyst-1786004674-3a827faa1bbd,11.374,364.201
wide-researcher-1786004674-47615042f5d1,11.385,96.300
reviewer-1786004674-6ff4359b8782,11.396,261.560
deep-researcher-1786004674-a0dad0ad5c41,11.418,61.455
data-analyst-1786004674-61eb0362f82b,11.434,388.323
wide-researcher-1786004674-612345596642,11.445,400.252
reviewer-1786004674-ee0bca7dee8f,11.469,361.278
deep-researcher-1786004674-ee18360981cc,11.492,497.062
data-analyst-1786004674-14e8d948d6f9,11.501,250.466
wide-researcher-1786004674-b1e9fc602400,11.510,485.126
reviewer-1786004674-ba3eef8d5072,11.520,254.628
deep-researcher-1786004674-69f670b2333e,11.546,280.379
data-analyst-1786004674-4a70caba42d9,11.556,373.753
wide-researcher-1786004674-47226c019054,11.568,88.065
reviewer-1786004674-15b9c45f5e7e,11.584,355.879
deep-researcher-1786004674-76fdd9c1b741,11.609,76.757
data-analyst-1786004674-2f59be198613,11.619,256.640
wide-researcher-1786004674-5f2cc9795172,11.630,378.576
reviewer-1786004674-e68678f79bf9,11.639,263.176
deep-researcher-1786004674-e6d9da17363a,11.664,212.058
data-analyst-1786004674-777573338872,11.675,371.842
wide-researcher-1786004674-382118b586f8,11.685,357.913
reviewer-1786004674-e9a43e9ee806,11.696,372.520
deep-researcher-1786004674-9c553c196cef,11.721,165.116
data-analyst-1786004674-4001815a6af8,11.730,380.099
wide-researcher-1786004674-bef31a6f4dd4,11.739,98.239
reviewer-1786004674-d3044187d396,11.748,367.772
deep-researcher-1786004674-fb524f2af4d3,11.774,374.716
data-analyst-1786004674-04a8591e1407,11.792,294.329
wide-researcher-1786004674-2e6b1f6fa517,11.808,337.468
reviewer-1786004674-143e3fda56dc,11.818,250.406
deep-researcher-1786004674-3320f03722fa,11.843,95.886
data-analyst-1786004674-86334ee8f0ef,11.853,363.627
wide-researcher-1786004674-507ed0f7d2ab,11.863,259.046
reviewer-1786004674-7dacbe24f3b9,11.873,483.649
deep-researcher-1786004674-e5ec1356c159,11.904,494.238
data-analyst-1786004674-af26e0df4321,11.914,474.682
wide-researcher-1786004675-9310922eb53a,11.923,98.877
reviewer-1786004675-b5297d72acf6,11.937,222.838
deep-researcher-1786004675-065f880c5586,11.961,605.173
data-analyst-1786004675-75fbb4fc47f7,11.974,362.516
wide-researcher-1786004675-68a4877fbaaf,11.991,167.630
reviewer-1786004675-258b12e5c399,12.001,262.692
deep-researcher-1786004675-e23a8119c6b3,12.030,601.711
data-analyst-1786004675-e2c9d03fdacc,12.039,377.392
wide-researcher-1786004675-a080e2832a77,12.049,96.102
reviewer-1786004675-a51183f4bb59,12.061,367.727
deep-researcher-1786004675-86a70be9dec1,12.085,71.149
data-analyst-1786004675-f5dc3ac265d3,12.094,248.795
wide-researcher-1786004675-34d6ed4f132d,12.103,143.683
reviewer-1786004675-5eb93a811122,12.117,199.544
deep-researcher-1786004675-5bcb4673b072,12.139,208.612
data-analyst-1786004675-fc7f39adf4aa,12.153,364.491
wide-researcher-1786004675-fac046d1aae6,12.165,364.360
reviewer-1786004675-724c9b4ca422,12.176,262.709
deep-researcher-1786004675-605b00284435,12.207,488.652
data-analyst-1786004675-6578082ca984,12.217,519.437
wide-researcher-1786004675-07f07c69f0e1,12.230,101.100
reviewer-1786004675-1d857c4773a9,12.240,237.479
deep-researcher-1786004675-fd0ee6cd9a26,12.266,385.939
data-analyst-1786004675-76a1318b099e,12.275,593.321
wide-researcher-1786004675-6dcc08b2b5b7,12.286,133.408
reviewer-1786004675-0f005497d67e,12.296,371.441
deep-researcher-1786004675-37941171d08a,12.323,86.491
data-analyst-1786004675-a22ac19463e3,12.335,261.014
wide-researcher-1786004675-d3764c2b4e96,12.346,359.968
reviewer-1786004675-597e9eda523a,12.356,591.843
deep-researcher-1786004675-ea3bded4d27c,12.380,296.775
data-analyst-1786004675-446808b40811,12.391,363.719
wide-researcher-1786004675-5a719c185a47,12.403,72.281
reviewer-1786004675-c8b97b7160bc,12.418,366.608
deep-researcher-1786004675-f23548967410,12.443,102.831
data-analyst-1786004675-1575b6726782,12.456,357.623
wide-researcher-1786004675-0a524fd2b5a5,12.465,165.028
reviewer-1786004675-dabefc44dd00,12.480,475.381
deep-researcher-1786004675-fcdf0b9d20c6,12.505,160.961
data-analyst-1786004675-fee30f142d1a,12.515,317.481
wide-researcher-1786004675-e8c8abb00995,12.526,54.169
reviewer-1786004675-61750a74bbd2,12.538,359.952
deep-researcher-1786004675-0525d2bff022,12.565,96.359
data-analyst-1786004675-f6e21c46181c,12.575,458.078
wide-researcher-1786004675-f2ea87cf9f1f,12.585,155.628
reviewer-1786004675-d605adf23f29,12.595,475.535
deep-researcher-1786004675-579620f63519,12.619,252.019
data-analyst-1786004675-6b12ce388049,12.630,227.713
wide-researcher-1786004675-ebb148ffd2fe,12.640,325.400
reviewer-1786004675-c319acf29325,12.653,247.737
deep-researcher-1786004675-f83e109b6776,12.673,552.317
data-analyst-1786004675-cb915f691abc,12.685,247.448
wide-researcher-1786004675-7173891c87b2,12.694,59.006
reviewer-1786004675-79b6cc7ff85c,12.704,301.978
deep-researcher-1786004675-2010ffb5e1be,12.727,97.671
data-analyst-1786004675-42f2fa88f474,12.740,307.418
wide-researcher-1786004675-f82eb5eb3b3a,12.750,61.351
reviewer-1786004675-7cc1f2606914,12.759,453.848
deep-researcher-1786004675-9b3826809231,12.785,161.360
data-analyst-1786004675-d78fb62695ec,12.795,306.094
wide-researcher-1786004675-111a4af718b6,12.805,68.617
reviewer-1786004675-7468e7b9f150,12.815,590.273
deep-researcher-1786004675-485d4f7a11e5,12.836,488.299
data-analyst-1786004675-f4e70db7ab8d,12.846,261.940
wide-researcher-1786004675-27aa65d0a1bf,12.855,171.432
reviewer-1786004675-f09071d0cc39,12.864,260.867
deep-researcher-1786004675-6d1f63db2ec8,12.885,165.981
data-analyst-1786004675-522f477553b8,12.895,473.336
wide-researcher-1786004675-c5ec5e019fa6,12.905,60.513
reviewer-1786004676-0292fc796471,12.916,165.863
deep-researcher-1786004676-31253ab05c84,12.942,163.065
data-analyst-1786004676-5315b7237a04,12.958,245.310
wide-researcher-1786004676-22f908052e11,12.973,485.570
reviewer-1786004676-d09c81d30a85,12.986,248.708
deep-researcher-1786004676-7d40527cdbc1,13.017,113.368
data-analyst-1786004676-e3671b257495,13.029,189.536
wide-researcher-1786004676-9260704687dc,13.039,100.916
reviewer-1786004676-378d1a847041,13.049,405.440
deep-researcher-1786004676-33ae4e5e7892,13.073,370.849
data-analyst-1786004676-161e14c7062b,13.084,247.764
wide-researcher-1786004676-f1b9d9228f8c,13.093,97.683
reviewer-1786004676-cca1503bceed,13.103,397.254
deep-researcher-1786004676-3a03fbc3be51,13.130,596.413
data-analyst-1786004676-69e09719814d,13.146,389.447
wide-researcher-1786004676-fdbde9df4ee7,13.155,98.093
reviewer-1786004676-c9c131bcb9d1,13.166,371.004
deep-researcher-1786004676-89dab44352df,13.193,53.712
data-analyst-1786004676-a06a3fd8b7c8,13.208,482.060
wide-researcher-1786004676-3f6d6f27e1a6,13.218,373.402
reviewer-1786004676-ade9fd3ea648,13.229,360.064
deep-researcher-1786004676-6fc761d32a30,13.250,97.025
data-analyst-1786004676-759e48220aad,13.259,255.315
wide-researcher-1786004676-e817039652ca,13.271,97.136
reviewer-1786004676-005350b4e918,13.281,356.640
deep-researcher-1786004676-eeb18ede687f,13.308,546.517
data-analyst-1786004676-f543a8db30c1,13.318,248.120
wide-researcher-1786004676-cc625eb89f49,13.329,120.467
reviewer-1786004676-4ab3180f4d73,13.337,357.168
deep-researcher-1786004676-14841994efc5,13.355,497.195
data-analyst-1786004676-e505636900a3,13.365,502.504
wide-researcher-1786004676-524810078fd1,13.375,96.857
reviewer-1786004676-91eff6dabf43,13.390,590.102
deep-researcher-1786004676-a0f206b85bf7,13.417,96.521
data-analyst-1786004676-7a5724b9b4ac,13.428,259.730
wide-researcher-1786004676-c43a6e19f978,13.439,126.226
reviewer-1786004676-501339b6fdc3,13.450,502.924
deep-researcher-1786004676-e6b07984fa36,13.480,250.359
data-analyst-1786004676-4193da9419ed,13.489,248.939
wide-researcher-1786004676-3a375a9c6793,13.504,173.456
reviewer-1786004676-cfe394ef323f,13.518,410.433
deep-researcher-1786004676-1383669118de,13.541,162.648
data-analyst-1786004676-afec02ed3bf1,13.557,381.661
wide-researcher-1786004676-8b0e2cf339e5,13.573,99.137
reviewer-1786004676-6673128a2cf2,13.590,480.197
deep-researcher-1786004676-f299325916f0,13.615,155.249
data-analyst-1786004676-ec9cc2d72a2f,13.630,261.791
wide-researcher-1786004676-31ba33d243a0,13.641,159.283
reviewer-1786004676-4c5da0578de1,13.653,254.754
deep-researcher-1786004676-641ffd5fa660,13.680,381.801
data-analyst-1786004676-9fd0c5e9c232,13.691,207.288
wide-researcher-1786004676-b5778fe272c5,13.702,71.505
reviewer-1786004676-794a34e2cf5d,13.712,258.847
deep-researcher-1786004676-80f56de7dfce,13.741,166.599
data-analyst-1786004676-dcf67ae423ea,13.751,357.570
wide-researcher-1786004676-c1eafdedac43,13.761,373.304
reviewer-1786004676-7cf1b14b5e97,13.772,592.104
deep-researcher-1786004676-53027034a334,13.799,607.571
data-analyst-1786004676-9ddff057e4db,13.809,272.111
wide-researcher-1786004676-1f4b70e9af6c,13.818,64.962
reviewer-1786004676-ef561b19657a,13.830,254.659
deep-researcher-1786004676-947307e9a45c,13.856,53.616
data-analyst-1786004676-3773d7ec6b30,13.867,279.184
wide-researcher-1786004676-ded677fb260f,13.880,256.953
reviewer-1786004676-fd3161c047b7,13.892,304.701
deep-researcher-1786004676-7a5d86fd0d65,13.923,173.617
data-analyst-1786004677-d4120ec93169,13.935,498.888
wide-researcher-1786004677-cc7bd88a6be6,13.946,83.572
reviewer-1786004677-e64bb37ba1f1,13.960,556.992
deep-researcher-1786004677-eb0cc5a40555,13.994,132.506
data-analyst-1786004677-23f96b8ae955,14.004,361.634
wide-researcher-1786004677-6f5dc81318fb,14.015,128.281
reviewer-1786004677-e932c78d2a94,14.031,363.516
deep-researcher-1786004677-eb9df916752d,14.057,109.490
data-analyst-1786004677-eabd0f55997a,14.080,168.674
wide-researcher-1786004677-2745821d5936,14.090,59.113
reviewer-1786004677-ff61b45034fa,14.101,213.787
deep-researcher-1786004677-586e5418555b,14.131,96.674
data-analyst-1786004677-4355115ec95e,14.146,260.758
wide-researcher-1786004677-01da76b5c707,14.162,65.816
reviewer-1786004677-b181dfd224f9,14.172,365.399
deep-researcher-1786004677-6c1a3b0e3038,14.201,97.236
data-analyst-1786004677-971866c4092f,14.211,361.126
wide-researcher-1786004677-059995f431ea,14.225,76.154
reviewer-1786004677-858fd24ee4b5,14.240,330.758
deep-researcher-1786004677-13b2a5dd113b,14.267,167.535
data-analyst-1786004677-ea3f909cc65e,14.280,488.395
wide-researcher-1786004677-ea0fc4a1db80,14.295,96.486
reviewer-1786004677-f91f99c89c47,14.306,248.184
deep-researcher-1786004677-20a455ea6c19,14.334,491.803
data-analyst-1786004677-4228927ae16c,14.345,251.919
wide-researcher-1786004677-81d3532e544b,14.360,97.266
reviewer-1786004677-72cc2ecd37b6,14.371,358.794
deep-researcher-1786004677-f8664b4255f2,14.402,128.583
data-analyst-1786004677-4ee5ba416115,14.417,247.257
wide-researcher-1786004677-cab1768ad9c4,14.426,257.478
reviewer-1786004677-26c635f9df9a,14.442,251.296
deep-researcher-1786004677-cda5f633748e,14.464,55.034
data-analyst-1786004677-ca2d5c5a1657,14.481,261.707
wide-researcher-1786004677-eba4d9d1be7b,14.495,248.057
reviewer-1786004677-be13759a3eb8,14.504,219.770
deep-researcher-1786004677-959b7d56a6c6,14.530,165.947
data-analyst-1786004677-90ad30cc291c,14.545,377.688
wide-researcher-1786004677-e68ef90d4382,14.555,144.086
reviewer-1786004677-416658392bfe,14.570,416.741
deep-researcher-1786004677-63230f1d2d18,14.600,61.399
data-analyst-1786004677-d0b275607a0b,14.613,163.492
wide-researcher-1786004677-5c7842c39222,14.621,378.236
reviewer-1786004677-d948ed16f1d3,14.630,478.270
deep-researcher-1786004677-b59bbc94ab8e,14.656,391.167
data-analyst-1786004677-172cc8a3e732,14.666,481.451
wide-researcher-1786004677-aeb6cb70f921,14.680,110.638
reviewer-1786004677-1025abd4168b,14.689,584.012
deep-researcher-1786004677-bd70c8a1b8c7,14.718,494.006
data-analyst-1786004677-920ffc3d3b87,14.730,212.667
wide-researcher-1786004677-e092fdd82893,14.739,480.698
reviewer-1786004677-b5b26fd37ace,14.748,360.363
deep-researcher-1786004677-d96a0e74c322,14.772,366.934
data-analyst-1786004677-f133abcde7a3,14.785,490.133
wide-researcher-1786004677-6c855196702e,14.798,147.310
reviewer-1786004677-1e7891132220,14.813,503.647
deep-researcher-1786004677-cf3437c48fd0,14.841,161.392
data-analyst-1786004677-b28f72d335f0,14.857,255.128
wide-researcher-1786004677-d17cb49957b5,14.871,97.337
reviewer-1786004677-b4c589cc5a4f,14.886,370.988
deep-researcher-1786004677-f162467742b5,14.911,487.354
data-analyst-1786004678-06fc1f49e495,14.926,253.814
wide-researcher-1786004678-da3873e8c4aa,14.935,481.590
reviewer-1786004678-61a0840a6ee8,14.945,365.086
deep-researcher-1786004678-ca5792f4e78b,14.973,85.604
data-analyst-1786004678-470b21a6fbdb,14.990,607.556
wide-researcher-1786004678-7f5c9b4f423f,15.005,205.359
reviewer-1786004678-a0ce52e5176d,15.020,501.771
deep-researcher-1786004678-1dad12e71a47,15.046,56.926
data-analyst-1786004678-db782897e6e9,15.067,269.798
wide-researcher-1786004678-88edcf971088,15.080,164.417
reviewer-1786004678-ec10fa7ce76b,15.089,491.466
deep-researcher-1786004678-d1cf8960afff,15.114,100.834
data-analyst-1786004678-733e72d8eb92,15.125,165.203
wide-researcher-1786004678-3a8edeaa2470,15.140,211.426
reviewer-1786004678-6d0cf6185d85,15.150,612.093
deep-researcher-1786004678-e8706eaeb3fb,15.175,508.392
data-analyst-1786004678-1fe8d6346fc3,15.190,262.292
wide-researcher-1786004678-017a27d6965f,15.205,595.346
reviewer-1786004678-39b4e9f3d7ba,15.215,375.653
deep-researcher-1786004678-7e550d24e39b,15.241,181.818
data-analyst-1786004678-4369c09babcf,15.257,624.523
wide-researcher-1786004678-450062770075,15.271,104.165
reviewer-1786004678-931590ef4eeb,15.286,183.865
deep-researcher-1786004678-3ee5d7081605,15.312,378.273
data-analyst-1786004678-5f4204dd8d49,15.322,372.957
wide-researcher-1786004678-be17d146eb42,15.344,134.239
reviewer-1786004678-ff99912b256e,15.354,248.487
deep-researcher-1786004678-6d7039d97021,15.380,556.008
data-analyst-1786004678-27fac025007a,15.390,227.696
wide-researcher-1786004678-36c2fb58b620,15.405,374.634
reviewer-1786004678-da30777396bd,15.415,262.775
deep-researcher-1786004678-1565117b9110,15.440,257.050
data-analyst-1786004678-11bfb5d55a83,15.455,476.983
wide-researcher-1786004678-10b93988f784,15.469,97.202
reviewer-1786004678-88f0644a6678,15.480,274.059
deep-researcher-1786004678-56a3ab712a3f,15.503,98.756
data-analyst-1786004678-cb3272abde2e,15.512,327.536
wide-researcher-1786004678-644d4d8b8ef7,15.521,482.413
reviewer-1786004678-a6075ecf197f,15.535,269.314
deep-researcher-1786004678-1b79b443c162,15.560,236.022
data-analyst-1786004678-c6769dadfdac,15.574,357.284
wide-researcher-1786004678-33bcd3575ca2,15.592,496.550
reviewer-1786004678-100149929d33,15.606,361.833
deep-researcher-1786004678-8a12c3df54d2,15.625,97.055
data-analyst-1786004678-c1119ff447ce,15.646,453.408
wide-researcher-1786004678-e3c8ab26f672,15.665,110.035
reviewer-1786004678-5931561c4d51,15.675,498.903
deep-researcher-1786004678-b4828e059677,15.714,164.214
data-analyst-1786004678-aef4514180ca,15.725,376.927
wide-researcher-1786004678-590513ec74d9,15.745,109.282
reviewer-1786004678-67fda5219cac,15.759,377.584
deep-researcher-1786004678-bd2665a6363e,15.786,96.183
data-analyst-1786004678-320c14178334,15.796,226.063
wide-researcher-1786004678-b96319752671,15.814,257.343
reviewer-1786004678-9e9bf69eee4f,15.823,357.642
deep-researcher-1786004678-25e63040bbe3,15.856,368.896
data-analyst-1786004678-2e082118caa8,15.870,436.544
wide-researcher-1786004678-fa303ad5c6ab,15.883,371.551
reviewer-1786004678-3adbdcd04307,15.896,361.719
deep-researcher-1786004678-53f7805792e8,15.920,483.293
data-analyst-1786004679-367cda0d77a8,15.931,358.011
wide-researcher-1786004679-5429089e2d3c,15.941,500.052
reviewer-1786004679-f95a91e1baf0,15.955,374.916
deep-researcher-1786004679-e2d6f8e5a5c4,15.986,162.962
data-analyst-1786004679-186e096d851f,15.995,255.970
wide-researcher-1786004679-28462d78fded,16.005,249.582
reviewer-1786004679-a002a81e981a,16.017,376.972
deep-researcher-1786004679-d60e7c598bf8,16.040,356.562
data-analyst-1786004679-df653599013d,16.050,253.588
wide-researcher-1786004679-14c4d064ee00,16.069,112.072
reviewer-1786004679-9c3d49da32aa,16.080,178.520
deep-researcher-1786004679-ffb618f87044,16.105,595.751
data-analyst-1786004679-9ee5670fa27a,16.115,499.343
wide-researcher-1786004679-2c879046363e,16.130,96.419
reviewer-1786004679-847bb61d4f9a,16.144,252.221
deep-researcher-1786004679-6fe37c1b0f0c,16.169,61.413
data-analyst-1786004679-d212f3d20f22,16.185,393.485
wide-researcher-1786004679-a926a3806efb,16.200,366.746
reviewer-1786004679-339a39bb57d0,16.210,266.856
deep-researcher-1786004679-82cb1a950300,16.234,103.065
data-analyst-1786004679-12d418531edc,16.248,481.913
wide-researcher-1786004679-508485039148,16.263,250.923
reviewer-1786004679-c17202a99e96,16.282,502.737
deep-researcher-1786004679-851dbcdfcf6c,16.310,271.712
data-analyst-1786004679-28c6ac6d4b2a,16.326,165.931
wide-researcher-1786004679-9cee07c458a5,16.354,54.883
reviewer-1786004679-6b750b42bed2,16.365,489.140
deep-researcher-1786004679-fa71cf7c1372,16.398,57.780
data-analyst-1786004679-935982f10ed6,16.413,500.224
wide-researcher-1786004679-3099d0652ca4,16.431,363.689
reviewer-1786004679-7dbdc718c419,16.444,385.686
deep-researcher-1786004679-3c620967fe09,16.465,473.648
data-analyst-1786004679-56a514f330a5,16.480,262.233
wide-researcher-1786004679-c41b78cec9ac,16.495,261.840
reviewer-1786004679-e94f4641df5b,16.505,368.496
deep-researcher-1786004679-c0cfc01cdbc8,16.530,109.864
data-analyst-1786004679-3640a643278e,16.540,366.279
wide-researcher-1786004679-a3dd223327e8,16.550,162.933
reviewer-1786004679-fbb287ffb7d0,16.566,374.731
deep-researcher-1786004679-6805cfb15830,16.592,107.732
data-analyst-1786004679-d81bd2462a95,16.607,262.461
wide-researcher-1786004679-949cbff8da16,16.622,168.255
reviewer-1786004679-9829fad811f7,16.639,358.508
deep-researcher-1786004679-4dfffc694ffb,16.664,172.086
data-analyst-1786004679-64e9f3300eae,16.680,273.788
wide-researcher-1786004679-8f138de4e123,16.691,256.292
reviewer-1786004679-ea5af871d3ae,16.706,362.067
deep-researcher-1786004679-9a25d2dc5a13,16.730,479.925
data-analyst-1786004679-32930be73dba,16.748,193.805
wide-researcher-1786004679-fe858f298f2c,16.766,226.273
reviewer-1786004679-c1bf74acaca2,16.780,381.323
deep-researcher-1786004679-241e772c4548,16.803,250.482
data-analyst-1786004679-a811815248e0,16.812,627.965
wide-researcher-1786004679-d147028913a3,16.822,367.691
reviewer-1786004679-c39726bad29f,16.838,331.455
deep-researcher-1786004679-c4f00666eff0,16.861,494.771
data-analyst-1786004679-6850aab905d0,16.871,239.058
wide-researcher-1786004679-a0432d88d321,16.885,166.865
reviewer-1786004679-40065e923ff7,16.895,366.625
deep-researcher-1786004680-6f193c273d46,16.920,167.091
data-analyst-1786004680-5bf066df333b,16.937,276.757
wide-researcher-1786004680-f5908d7af297,16.952,175.533
reviewer-1786004680-a40bbf95b9c7,16.969,305.582
deep-researcher-1786004680-8329699aed56,16.992,98.539
data-analyst-1786004680-f0c95c6d4d53,17.006,599.804
wide-researcher-1786004680-34f2079c2f9d,17.020,261.292
reviewer-1786004680-55a17e469b91,17.034,262.849
deep-researcher-1786004680-3a8b0316d204,17.070,414.621
data-analyst-1786004680-5689808979dd,17.086,371.790
wide-researcher-1786004680-3100cc770a1d,17.106,495.344
reviewer-1786004680-5dbe74d28915,17.119,246.933
deep-researcher-1786004680-7ecd4463249e,17.140,394.384
data-analyst-1786004680-8e4a5ae0e28b,17.158,376.118
wide-researcher-1786004680-873232ba876b,17.169,356.835
reviewer-1786004680-1a4cea7855af,17.189,163.904
deep-researcher-1786004680-96bca419514c,17.215,190.702
data-analyst-1786004680-ad24ac6663b2,17.224,163.667
wide-researcher-1786004680-51d9379d4670,17.245,164.463
reviewer-1786004680-7f928aea4cdb,17.256,260.369
deep-researcher-1786004680-b01ed2f41251,17.286,680.002
data-analyst-1786004680-2ab6fe10e361,17.306,369.787
wide-researcher-1786004680-92e912eac9d8,17.316,96.048
reviewer-1786004680-2764414e3539,17.331,258.828
deep-researcher-1786004680-258073cfe410,17.351,253.192
data-analyst-1786004680-14177cee5ad2,17.364,261.721
wide-researcher-1786004680-a8ddc02effde,17.380,96.118
reviewer-1786004680-c4201cc18f2d,17.394,475.209
deep-researcher-1786004680-b1450f4a0834,17.419,87.312
data-analyst-1786004680-c625bf62e2b2,17.435,483.137
wide-researcher-1786004680-3750b080b052,17.450,248.043
reviewer-1786004680-90c1fe235d43,17.464,503.054
deep-researcher-1786004680-ada8fc5bf43e,17.496,173.165
data-analyst-1786004680-06778522a98e,17.509,560.613
wide-researcher-1786004680-bacf13e06e77,17.519,370.429
reviewer-1786004680-81ceba5a3294,17.530,480.107
deep-researcher-1786004680-c322ad047fd7,17.553,99.868
data-analyst-1786004680-6b23afcb55a0,17.563,277.095
wide-researcher-1786004680-0cf5d06d18f7,17.580,97.853
reviewer-1786004680-ec4770d054ee,17.594,176.379
deep-researcher-1786004680-e462131de8e6,17.617,487.912
data-analyst-1786004680-c803b840f0cd,17.629,366.312
wide-researcher-1786004680-9dcb223f7990,17.639,118.973
reviewer-1786004680-ee3063382daa,17.653,414.733
deep-researcher-1786004680-4025015a6981,17.693,590.711
data-analyst-1786004680-be1f5cbd5ba7,17.708,372.113
wide-researcher-1786004680-4a8a13bd2188,17.718,70.935
reviewer-1786004680-a4e1a364e9fd,17.729,586.549
deep-researcher-1786004680-28b896d8256e,17.751,97.463
data-analyst-1786004680-b81f067826dd,17.765,452.220
wide-researcher-1786004680-5bbb07f8d4c2,17.785,347.682
reviewer-1786004680-abe589c684d7,17.795,263.050
deep-researcher-1786004680-957f1c7883a5,17.830,142.889
data-analyst-1786004680-c261bf0daff1,17.845,355.981
wide-researcher-1786004680-0c38be2d5088,17.855,59.789
reviewer-1786004680-a9be8887380f,17.868,602.687
deep-researcher-1786004680-ce9873c24a74,17.895,473.710
data-analyst-1786004680-ca69795f7764,17.910,260.355
wide-researcher-1786004680-34d11be61b52,17.933,486.271
reviewer-1786004681-48eeae4baa2c,17.942,587.782
deep-researcher-1786004681-b8603bb21307,17.969,586.508
data-analyst-1786004681-86056b514c7c,17.999,356.721
wide-researcher-1786004681-0ac2ce518c87,18.009,489.936
reviewer-1786004681-478ca9b57db7,18.025,376.655
deep-researcher-1786004681-24d7f975f7aa,18.052,254.433
data-analyst-1786004681-ae5dca34763b,18.062,361.161
wide-researcher-1786004681-c08e95a4f8e0,18.075,105.060
reviewer-1786004681-c1441560aace,18.096,248.689
deep-researcher-1786004681-f83b406f8296,18.121,378.981
data-analyst-1786004681-cf30d2f62e8c,18.136,477.860
wide-researcher-1786004681-97bb509113f7,18.151,596.241
reviewer-1786004681-f185a4a366fe,18.173,291.340
deep-researcher-1786004681-704b92db3d02,18.204,500.863
data-analyst-1786004681-20925d11f900,18.220,377.365
wide-researcher-1786004681-457209225e70,18.236,375.563
reviewer-1786004681-93fae55a93c5,18.261,360.381
deep-researcher-1786004681-bd0fed8a5746,18.285,77.661
data-analyst-1786004681-96c12d135855,18.295,279.889
wide-researcher-1786004681-535ae3e2ad60,18.305,189.344
reviewer-1786004681-3d54e6b7eb2c,18.321,318.565
deep-researcher-1786004681-a1d4d800a337,18.353,599.050
data-analyst-1786004681-043d38f1840a,18.366,360.563
wide-researcher-1786004681-68b2e28bc884,18.382,365.468
reviewer-1786004681-2c26b3eeb9fa,18.397,360.467
deep-researcher-1786004681-f74170028d60,18.422,131.167
data-analyst-1786004681-29e90928af75,18.439,482.219
wide-researcher-1786004681-bca07d7c5956,18.461,233.718
reviewer-1786004681-850e24818f0d,18.476,363.739
deep-researcher-1786004681-f3c6ebeeefe7,18.507,590.538
data-analyst-1786004681-bd83fc02e2c5,18.521,279.252
wide-researcher-1786004681-69389ce15166,18.535,96.876
reviewer-1786004681-98a4ee528f50,18.545,257.710
deep-researcher-1786004681-bae105e6f1a7,18.580,373.274
data-analyst-1786004681-797a90873179,18.593,480.666
wide-researcher-1786004681-0690c6701158,18.609,86.555
reviewer-1786004681-ada39844bb82,18.623,591.117
deep-researcher-1786004681-0f1d8e9ce9e4,18.649,99.737
data-analyst-1786004681-eb8e74d666cc,18.663,287.829
wide-researcher-1786004681-15ffa1fd1d85,18.680,507.047
reviewer-1786004681-3f996c061d9b,18.695,356.548
deep-researcher-1786004681-6a29b25b911e,18.730,158.318
data-analyst-1786004681-ef2ae2badcb2,18.748,371.321
wide-researcher-1786004681-145a7c0c873a,18.756,84.630
reviewer-1786004681-eea39641d127,18.769,376.104
deep-researcher-1786004681-48c52574ae4e,18.790,264.896
data-analyst-1786004681-2533949f6264,18.812,253.339
wide-researcher-1786004681-25b886aa534e,18.825,161.926
reviewer-1786004681-a48c298a5532,18.836,258.929
deep-researcher-1786004681-e71ebd8d261f,18.865,97.987
data-analyst-1786004681-35a0c9de7f05,18.880,259.016
wide-researcher-1786004681-b1fe5891dfee,18.893,159.137
reviewer-1786004681-618a3fc178a1,18.907,374.882
deep-researcher-1786004682-3f52221e9843,18.933,594.634
data-analyst-1786004682-9918c3c7a1a4,18.944,251.327
wide-researcher-1786004682-8d318e54b613,18.958,356.767
reviewer-1786004682-8e5b79e72d72,18.973,370.590
deep-researcher-1786004682-2200b7d8376a,19.005,125.887
data-analyst-1786004682-9fff55c8740a,19.018,357.997
wide-researcher-1786004682-58d3511ebd0f,19.035,163.080
reviewer-1786004682-0b3a2ca2bf2d,19.045,357.784
deep-researcher-1786004682-0062a3abbea9,19.071,98.218
data-analyst-1786004682-1870558a12a8,19.090,485.829
wide-researcher-1786004682-b9e372ff8a89,19.104,125.656
reviewer-1786004682-25f5565e8315,19.119,481.192
deep-researcher-1786004682-0b9dbf9242e5,19.141,629.682
data-analyst-1786004682-efc05c9ca1de,19.155,386.871
wide-researcher-1786004682-936afc8db9a1,19.170,311.733
reviewer-1786004682-6b0dd25a485b,19.253,276.254
deep-researcher-1786004682-cb98d7616737,19.313,161.697
data-analyst-1786004682-e8e14f68d2ba,19.331,482.959
wide-researcher-1786004682-cbe74a51dd61,19.345,370.227
reviewer-1786004682-44b0caf34268,19.362,525.330
deep-researcher-1786004682-80fa8726d6d7,19.396,205.027
data-analyst-1786004682-e6219d0b68db,19.412,370.016
wide-researcher-1786004682-f87aeedb20aa,19.437,98.570
reviewer-1786004682-fecdb1994f05,19.451,362.708
deep-researcher-1786004682-f3498345902d,19.477,106.157
data-analyst-1786004682-d3c3f5e182fc,19.494,326.059
wide-researcher-1786004682-e7cd4b116c64,19.508,166.266
reviewer-1786004682-2a381f6d9879,19.517,207.458
deep-researcher-1786004682-af6be8c72f6e,19.545,356.213
data-analyst-1786004682-cda8d4999c38,19.559,589.443
wide-researcher-1786004682-41c98112ea76,19.568,126.279
reviewer-1786004682-088b97bd8b45,19.582,279.709
deep-researcher-1786004682-ff1322eb7888,19.605,143.867
data-analyst-1786004682-0c7e9051286d,19.614,417.087
wide-researcher-1786004682-ed46f5127e4c,19.634,362.297
reviewer-1786004682-75459a2e2f6d,19.650,553.274
deep-researcher-1786004682-9c038d4814f9,19.681,253.695
data-analyst-1786004682-aa725667d7bc,19.690,422.228
wide-researcher-1786004682-0649fb2c45f3,19.700,591.147
reviewer-1786004682-b3f5761804e6,19.719,262.956
deep-researcher-1786004682-7d7f6edc6115,19.747,97.604
data-analyst-1786004682-c1f099ffd77e,19.764,415.287
wide-researcher-1786004682-66d65f577aec,19.775,247.692
reviewer-1786004682-fb54c0640b19,19.787,355.962
deep-researcher-1786004682-31e53efa1de2,19.811,617.713
data-analyst-1786004682-8494b62ae4da,19.825,594.845
wide-researcher-1786004682-8872ea4ca298,19.834,322.011
reviewer-1786004682-a640de2bd4a8,19.842,408.190
deep-researcher-1786004682-dc6e52745757,19.867,384.245
data-analyst-1786004682-4925b2366e4f,19.878,359.224
wide-researcher-1786004682-a0773228e2db,19.892,127.969
reviewer-1786004682-67725987d103,19.906,379.917
deep-researcher-1786004683-fc5c8de85a8a,19.933,96.286
data-analyst-1786004683-f1e204607cbe,19.953,361.691
wide-researcher-1786004683-bc619a24ca25,19.972,97.809
reviewer-1786004683-de72412e234f,19.981,486.769
deep-researcher-1786004683-6b1ef93dcc3e,20.004,249.093
data-analyst-1786004683-d8929c275d88,20.019,359.043
wide-researcher-1786004683-08a079735181,20.030,96.587
reviewer-1786004683-aa32e461464d,20.052,612.310
deep-researcher-1786004683-257928f679c8,20.077,484.521
data-analyst-1786004683-6535a85b7ba2,20.092,181.067
wide-researcher-1786004683-35dc3e41cf32,20.109,103.550
reviewer-1786004683-c8162b5b2f35,20.123,490.221
deep-researcher-1786004683-e2f82e6465df,20.147,186.791
data-analyst-1786004683-fd4dcdc2f377,20.162,261.750
wide-researcher-1786004683-200a855523e2,20.182,111.005
reviewer-1786004683-447ddadfbadf,20.200,195.061
deep-researcher-1786004683-f81795f10884,20.225,177.240
data-analyst-1786004683-35f0bb94e75c,20.252,316.298
wide-researcher-1786004683-de2789d0e3e3,20.262,165.310
reviewer-1786004683-722651d2aae4,20.283,376.181
deep-researcher-1786004683-9003373a3614,20.306,98.055
data-analyst-1786004683-2d906f525f2c,20.319,362.779
wide-researcher-1786004683-3c443c73dbbe,20.350,116.149
reviewer-1786004683-5158ddc7a6b7,20.358,251.340
deep-researcher-1786004683-c7c8740f8a24,20.383,97.868
data-analyst-1786004683-3639b154bcd3,20.401,268.124
wide-researcher-1786004683-88e5b32bbe68,20.409,121.855
reviewer-1786004683-5f5a14e6681c,20.422,481.066
deep-researcher-1786004683-d611cd5b2fd1,20.446,78.044
data-analyst-1786004683-07994b713927,20.468,261.510
wide-researcher-1786004683-a487647dbea4,20.487,488.908
reviewer-1786004683-3235524046db,20.499,481.560
deep-researcher-1786004683-226431e28fc2,20.522,174.927
data-analyst-1786004683-8bf1bf32fc6f,20.550,289.798
wide-researcher-1786004683-511ac12d962a,20.565,367.447
reviewer-1786004683-3635b63c7a6c,20.589,486.128
deep-researcher-1786004683-96f5f4628d71,20.617,98.907
data-analyst-1786004683-14b02b9dc290,20.630,360.177
wide-researcher-1786004683-13456852179d,20.641,97.839
reviewer-1786004683-16917d7359ea,20.658,259.765
deep-researcher-1786004683-ffc1d8ea2c5f,20.684,96.169
data-analyst-1786004683-4f3c4a84e55b,20.693,586.339
wide-researcher-1786004683-2d7b787b3d85,20.707,86.540
reviewer-1786004683-0854e12d1f1a,20.717,300.117
deep-researcher-1786004683-461dab388e63,20.739,258.177
data-analyst-1786004683-903cc53a9d77,20.748,319.460
wide-researcher-1786004683-9a6e6cc2f0e3,20.757,355.022
reviewer-1786004683-eea86a1447c0,20.766,367.226
deep-researcher-1786004683-dfac582c5da9,20.787,498.857
data-analyst-1786004683-999674d6a0da,20.796,271.728
wide-researcher-1786004683-dd6e5ce443a4,20.804,131.379
reviewer-1786004683-d11a0018fddc,20.813,372.128
deep-researcher-1786004683-812e5141a9a6,20.840,109.220
data-analyst-1786004683-05cc1cde7bec,20.853,554.766
wide-researcher-1786004683-5f358072b3d6,20.862,122.561
reviewer-1786004683-35f6e7b3efb8,20.875,421.369
deep-researcher-1786004683-15d04b32554d,20.902,165.187
data-analyst-1786004683-234fa86494c9,20.912,356.326
wide-researcher-1786004684-c50c4666a707,20.954,476.017
reviewer-1786004684-ce4ea0f0fe8d,20.966,401.901
deep-researcher-1786004684-606a7889675f,20.993,98.020
data-analyst-1786004684-318f5c01ec6d,21.006,380.490
wide-researcher-1786004684-66666202ad7a,21.018,85.310
reviewer-1786004684-f00727030e83,21.035,360.612
deep-researcher-1786004684-341ea84a58e9,21.067,101.309
data-analyst-1786004684-e3dd11186007,21.082,544.525
wide-researcher-1786004684-c1033e7522a9,21.098,480.538
reviewer-1786004684-a9cf730ef20d,21.121,486.628
deep-researcher-1786004684-df56853be83b,21.143,611.440
data-analyst-1786004684-28d3f81f8598,21.161,482.156
wide-researcher-1786004684-dbb4ae7861a8,21.170,481.423
reviewer-1786004684-7e9406265b83,21.179,473.028
deep-researcher-1786004684-0c67f6c033a3,21.202,97.360
data-analyst-1786004684-8697b50af591,21.216,319.094
wide-researcher-1786004684-c483561fb2ee,21.231,430.669
reviewer-1786004684-c2cb60e4da46,21.243,475.488
deep-researcher-1786004684-112a7054925e,21.288,591.952
data-analyst-1786004684-dbbb2804a4ef,21.301,267.031
wide-researcher-1786004684-93511a44cd7c,21.310,473.367
reviewer-1786004684-aa75192c6621,21.328,633.607
deep-researcher-1786004684-4084ea26dea4,21.357,96.506
data-analyst-1786004684-bc962a6dfd5e,21.370,369.921
wide-researcher-1786004684-8d8c9e44c040,21.384,248.201
reviewer-1786004684-568fd73f39d4,21.397,458.109
deep-researcher-1786004684-9ac006825141,21.424,260.791
data-analyst-1786004684-7f085b9f5d07,21.434,630.901
wide-researcher-1786004684-a16be46adb67,21.447,247.794
reviewer-1786004684-30a999a0d855,21.460,357.445
deep-researcher-1786004684-a613b129d92c,21.488,67.786
data-analyst-1786004684-710282de9352,21.502,404.488
wide-researcher-1786004684-a16cb9420c70,21.516,310.457
reviewer-1786004684-24b0867ba149,21.536,365.022
deep-researcher-1786004684-386f7ac839bc,21.563,162.601
data-analyst-1786004684-75dd31b4f2dc,21.575,378.461
wide-researcher-1786004684-4b17946f2f17,21.583,166.788
reviewer-1786004684-d362ad33e1a8,21.596,359.734
deep-researcher-1786004684-3e606f65640e,21.623,141.960
data-analyst-1786004684-ae1b8a36f5c4,21.637,168.994
wide-researcher-1786004684-bf92a7a457e6,21.650,484.874
reviewer-1786004684-e53ce7bd95ad,21.664,378.497
deep-researcher-1786004684-a31475e9100b,21.697,164.687
data-analyst-1786004684-ee894e7815d6,21.715,258.520
wide-researcher-1786004684-55f09e8549d5,21.728,255.671
reviewer-1786004684-383976787f81,21.765,589.138
deep-researcher-1786004684-fba830fe04e7,21.797,365.730
data-analyst-1786004684-ded13a57aae9,21.811,378.188
wide-researcher-1786004684-945c6a5eb683,21.820,61.951
reviewer-1786004684-7ff0487399a9,21.833,249.742
deep-researcher-1786004684-8d946ddf6785,21.865,146.887
data-analyst-1786004684-0b5a3d6ffd93,21.874,261.910
wide-researcher-1786004684-1bac5eba8b97,21.882,81.327
reviewer-1786004684-24ec139a538c,21.896,222.824
deep-researcher-1786004685-46024321a1a6,21.919,101.164
data-analyst-1786004685-d576a149e5c5,21.935,360.886
wide-researcher-1786004685-32b859784bcd,21.953,368.075
reviewer-1786004685-135ffe8842cd,21.972,484.803
deep-researcher-1786004685-aa16c8ef8fa3,22.000,492.150
data-analyst-1786004685-4240b369ac3c,22.014,251.417
wide-researcher-1786004685-bfebdd159d30,22.022,489.153
reviewer-1786004685-86c4eb689d5e,22.036,305.854
deep-researcher-1786004685-62ad1d355ee1,22.061,96.437
data-analyst-1786004685-a719c36af2c9,22.075,352.047
wide-researcher-1786004685-3c52a84bbbf8,22.098,501.829
reviewer-1786004685-35d5db33d510,22.107,472.174
deep-researcher-1786004685-af04f7f24a01,22.145,262.344
data-analyst-1786004685-3eef7f977acb,22.168,361.767
wide-researcher-1786004685-042e631c3304,22.177,473.791
reviewer-1786004685-0888c1369e3a,22.200,374.246
deep-researcher-1786004685-f22ba0e083c4,22.224,523.085
data-analyst-1786004685-c573d6f9ed86,22.233,466.598
wide-researcher-1786004685-eb002fd6913e,22.252,478.106
reviewer-1786004685-607bafb055c1,22.262,364.006
deep-researcher-1786004685-543d1d5ab22f,22.289,260.190
data-analyst-1786004685-ffda88333e44,22.298,494.295
wide-researcher-1786004685-730d55a55d8a,22.307,106.791
reviewer-1786004685-036c0cdb422a,22.316,485.184
deep-researcher-1786004685-f5b9fab5db00,22.343,160.996
data-analyst-1786004685-06b719c874b7,22.358,286.073
wide-researcher-1786004685-cbb0af1bb428,22.377,184.569
reviewer-1786004685-e9a978d0b3f5,22.390,477.908
deep-researcher-1786004685-961453c8213d,22.415,625.052
data-analyst-1786004685-2877ca64521c,22.432,357.840
wide-researcher-1786004685-2d46b4bc6582,22.450,589.096
reviewer-1786004685-fac0feea2866,22.464,496.721
deep-researcher-1786004685-782441cabc91,22.487,179.015
data-analyst-1786004685-18a8ac9b8ec0,22.500,247.479
wide-researcher-1786004685-d4e412daad67,22.515,135.435
reviewer-1786004685-fc960074a7b3,22.529,544.165
deep-researcher-1786004685-b2d28aff9ef1,22.549,587.651
data-analyst-1786004685-ba77278bb198,22.558,364.460
wide-researcher-1786004685-3c15dbd876ef,22.571,485.334
reviewer-1786004685-604155c5a23d,22.579,373.459
deep-researcher-1786004685-4c74c066a423,22.605,161.558
data-analyst-1786004685-4e426804f32e,22.619,599.519
wide-researcher-1786004685-7e0660388311,22.637,192.236
reviewer-1786004685-2b52b4c36591,22.646,266.589
deep-researcher-1786004685-6262c6d22a3a,22.669,164.950
data-analyst-1786004685-a9661f82c2d3,22.682,374.869
wide-researcher-1786004685-328d538266e5,22.696,130.663
reviewer-1786004685-d26345e6007b,22.711,484.253
deep-researcher-1786004685-16b1da6b9e03,22.740,529.639
data-analyst-1786004685-688658a866ac,22.760,255.179
wide-researcher-1786004685-b03c90d8c448,22.775,175.581
reviewer-1786004685-237518c92d99,22.789,358.153
deep-researcher-1786004685-945db003e9d1,22.813,485.458
data-analyst-1786004685-e03f13c4c6ab,22.830,188.827
wide-researcher-1786004685-83708e8b667f,22.849,164.351
reviewer-1786004685-c06d06150e09,22.873,493.685
deep-researcher-1786004685-3c079dc95bf1,22.904,97.934
data-analyst-1786004685-7fae20703c97,22.914,371.035
wide-researcher-1786004685-eb809f0a20bc,22.931,101.791
reviewer-1786004686-ded76606826e,22.946,251.309
deep-researcher-1786004686-8179db69bc25,22.974,368.005
data-analyst-1786004686-0b2f450b3132,22.988,474.814
wide-researcher-1786004686-9dbca5fc29d3,23.007,168.918
reviewer-1786004686-60b9f97378ec,23.022,502.201
deep-researcher-1786004686-8f70258d6b81,23.052,131.246
data-analyst-1786004686-d9470d8e12d7,23.061,487.494
wide-researcher-1786004686-48e5cee9f9c2,23.075,251.464
reviewer-1786004686-0f150c2f8c1b,23.089,366.996
deep-researcher-1786004686-569b44166c14,23.112,71.660
data-analyst-1786004686-a257b2c31304,23.137,485.655
wide-researcher-1786004686-3251ea4e3d32,23.150,162.521
reviewer-1786004686-a165f6e72afa,23.164,357.072
deep-researcher-1786004686-b6ddcce3801e,23.193,96.137
data-analyst-1786004686-f0e655954f9f,23.208,314.767
wide-researcher-1786004686-82b95080ece2,23.273,394.398
reviewer-1786004686-96a56b5a4d7d,23.292,472.637
deep-researcher-1786004686-906ce4eda899,23.317,163.964
data-analyst-1786004686-9b469159a08e,23.327,482.139
wide-researcher-1786004686-efb36e9e7dd6,23.341,311.136
reviewer-1786004686-3098b4533828,23.352,489.795
deep-researcher-1786004686-4f5bd2d5ffde,23.375,623.807
data-analyst-1786004686-cf53c0286747,23.384,256.537
wide-researcher-1786004686-85329ebf3eac,23.407,124.839
reviewer-1786004686-9b3a2597bcde,23.425,481.880
deep-researcher-1786004686-e382fd301976,23.453,646.624
data-analyst-1786004686-9a90df03522b,23.466,375.521
wide-researcher-1786004686-b3f7caa536f7,23.481,120.811
reviewer-1786004686-f3a0e441a03d,23.508,500.910
deep-researcher-1786004686-5ab5ceeef7ca,23.531,491.970
data-analyst-1786004686-977d25d03b7e,23.546,500.297
wide-researcher-1786004686-8348e92e35d5,23.556,163.173
reviewer-1786004686-a6f19f28c8e3,23.572,481.000
deep-researcher-1786004686-fa3736b7f22f,23.605,246.889
data-analyst-1786004686-9d3e0a56aade,23.619,490.692
wide-researcher-1786004686-e772996f56c7,23.650,249.537
reviewer-1786004686-8c9cbb852f1f,23.659,488.802
deep-researcher-1786004686-87c06526ad6e,23.683,248.612
data-analyst-1786004686-9cc6c75cad81,23.692,381.972
wide-researcher-1786004686-f9e010be847b,23.709,492.073
reviewer-1786004686-d3b13d8e8de3,23.723,583.253
deep-researcher-1786004686-d1fc2c15deac,23.749,169.042
data-analyst-1786004686-4071827a4102,23.763,477.625
wide-researcher-1786004686-d784194cbb3b,23.771,373.640
reviewer-1786004686-73e9e8f3472e,23.779,372.535
deep-researcher-1786004686-6b7d1186944b,23.801,161.632
data-analyst-1786004686-83276272b49f,23.810,379.935
wide-researcher-1786004686-3c2383929f1c,23.819,258.377
reviewer-1786004686-7c0834caefb5,23.828,378.884
deep-researcher-1786004686-5e84706d2d89,23.869,479.743
data-analyst-1786004686-9bd8ea594e82,23.890,367.591
wide-researcher-1786004686-13155e10d329,23.906,165.800
reviewer-1786004686-2af10d1d7e51,23.923,476.302
deep-researcher-1786004687-e4ba40ca17e8,23.952,103.113
data-analyst-1786004687-82379afad41c,23.972,368.944
wide-researcher-1786004687-33e96293f4ad,23.995,118.384
reviewer-1786004687-b85a13e4c6d1,24.012,359.936
deep-researcher-1786004687-efee3dd9180f,24.043,123.845
data-analyst-1786004687-8a0a31e05e46,24.052,538.308
wide-researcher-1786004687-88ec35e829a5,24.060,135.543
reviewer-1786004687-779ccb4d4571,24.079,477.352
deep-researcher-1786004687-34339757dc13,24.101,484.076
data-analyst-1786004687-1ef34fd3422d,24.115,319.474
wide-researcher-1786004687-d043837b3cd6,24.131,109.802
reviewer-1786004687-b5b025f5ee0c,24.153,679.177
deep-researcher-1786004687-1fd16f759712,24.193,102.789
data-analyst-1786004687-da24de73a40a,24.223,273.145
wide-researcher-1786004687-47ee30e234ae,24.231,108.748
reviewer-1786004687-1376113f5545,24.249,238.490
deep-researcher-1786004687-dab6724107b2,24.280,114.179
data-analyst-1786004687-532a6270d9b4,24.292,494.411
wide-researcher-1786004687-60ae03abd08c,24.318,260.083
reviewer-1786004687-b3b4e5b8fbec,24.330,475.719
deep-researcher-1786004687-c82f419b4450,24.359,474.436
data-analyst-1786004687-72c460f92743,24.377,372.897
wide-researcher-1786004687-daa03c9fded5,24.392,256.597
reviewer-1786004687-b6d253382ace,24.400,497.897
deep-researcher-1786004687-c7b90a514499,24.426,167.956
data-analyst-1786004687-9db9ee0626c6,24.434,366.146
wide-researcher-1786004687-0fd1a4854176,24.459,96.969
reviewer-1786004687-09f3b6d63f90,24.472,370.105
deep-researcher-1786004687-6585bdb8d0db,24.499,167.912
data-analyst-1786004687-48592da59905,24.512,193.602
wide-researcher-1786004687-5f07a7647780,24.536,163.355
reviewer-1786004687-3b86f959513f,24.555,594.060
deep-researcher-1786004687-871aca0765d7,24.589,253.859
data-analyst-1786004687-8908ac67ad41,24.602,363.703
wide-researcher-1786004687-4178be7778f0,24.621,106.079
reviewer-1786004687-70c63d10ae69,24.649,168.772
deep-researcher-1786004687-ee258e30c2dd,24.672,99.439
data-analyst-1786004687-a202197ccdc2,24.681,358.280
wide-researcher-1786004687-cf6c63f2401d,24.703,485.758
reviewer-1786004687-aaa49287a1db,24.723,380.474
deep-researcher-1786004687-a5140d398640,24.747,379.868
data-analyst-1786004687-9f4f4d3b34ad,24.765,464.191
wide-researcher-1786004687-79c331da9852,24.792,377.147
reviewer-1786004687-d82f6d84de92,24.810,604.873
deep-researcher-1786004687-3ae7364e9647,24.833,592.289
data-analyst-1786004687-8eb2bb892040,24.857,378.529
wide-researcher-1786004687-43acba11f91b,24.865,112.202
reviewer-1786004687-2b9327aaaa69,24.875,380.587
deep-researcher-1786004687-b17aad6f0335,24.901,145.329
data-analyst-1786004687-7d666f69d8fa,24.918,490.665
wide-researcher-1786004688-7b6893767f5b,24.933,253.044
reviewer-1786004688-b7691360e351,24.947,371.167
deep-researcher-1786004688-f52d563445da,24.981,96.375
data-analyst-1786004688-2ab2ddabc870,25.000,594.107
wide-researcher-1786004688-ba798a347d28,25.019,249.215
reviewer-1786004688-e63c21f9c56b,25.029,375.307
deep-researcher-1786004688-5f318345a8cb,25.058,177.356
data-analyst-1786004688-0dda886c9a9e,25.068,605.874
wide-researcher-1786004688-f0274832f60f,25.085,476.612
reviewer-1786004688-5caf8f002a05,25.097,486.256
deep-researcher-1786004688-69a2be57a9a8,25.127,601.525
data-analyst-1786004688-69d46e20c2cf,25.155,589.196
wide-researcher-1786004688-4992e8b96f87,25.169,484.757
reviewer-1786004688-72052e5f00a4,25.184,497.630
deep-researcher-1786004688-75a0ad0f1574,25.209,97.168
data-analyst-1786004688-7ef8e1764d6d,25.226,414.783
wide-researcher-1786004688-59ca74b6c931,25.241,172.458
reviewer-1786004688-c507562ca88b,25.261,487.308
deep-researcher-1786004688-78d626429765,25.291,170.548
data-analyst-1786004688-dfd387eec631,25.302,258.912
wide-researcher-1786004688-3182dcf28931,25.313,132.678
reviewer-1786004688-6a8e64192357,25.329,512.226
deep-researcher-1786004688-5dba526324b6,25.354,145.184
data-analyst-1786004688-83b66468137a,25.380,379.884
wide-researcher-1786004688-4652647216bd,25.391,363.149
reviewer-1786004688-b01a5937b0f8,25.423,357.349
deep-researcher-1786004688-3d12f0138f6c,25.447,485.052
data-analyst-1786004688-5b89266f4924,25.461,302.993
wide-researcher-1786004688-c8052ac84a52,25.476,85.585
reviewer-1786004688-e0bf55d30765,25.507,418.210
deep-researcher-1786004688-6268bf9f2e4e,25.550,102.036
data-analyst-1786004688-4ca81e818694,25.560,256.715
wide-researcher-1786004688-931cbdbade7b,25.578,167.989
reviewer-1786004688-ad566cb0d512,25.596,358.608
deep-researcher-1786004688-db9bb652f105,25.630,165.470
data-analyst-1786004688-c7f8fbd4d075,25.659,472.859
wide-researcher-1786004688-a2aee5815449,25.668,356.851
reviewer-1786004688-8c4bddad71c2,25.678,268.011
deep-researcher-1786004688-fbc94eba3960,25.706,163.474
data-analyst-1786004688-cea6041f1a5c,25.735,593.039
wide-researcher-1786004688-2aaecd2a946c,25.750,166.015
reviewer-1786004688-08fe33d4673c,25.764,366.363
deep-researcher-1786004688-46bfad246f04,25.793,379.647
data-analyst-1786004688-54fc5f111d7a,25.808,490.086
wide-researcher-1786004688-e28ac9159444,25.827,173.630
reviewer-1786004688-06bc77e4268b,25.843,185.915
deep-researcher-1786004688-bbb4d244dc99,25.871,616.574
data-analyst-1786004688-1777412596a6,25.890,354.043
wide-researcher-1786004688-953fa999a5b6,25.905,271.188
reviewer-1786004688-272db16c0b7d,25.915,480.812
deep-researcher-1786004689-d8dcf6dfb46e,25.944,163.772
data-analyst-1786004689-213b4a1ef4ef,25.972,520.916
wide-researcher-1786004689-14b2f8c4dfa0,25.986,122.113
reviewer-1786004689-021bc65900f7,26.005,188.947
deep-researcher-1786004689-bd8d1c812f90,26.029,473.979
data-analyst-1786004689-5f81486388da,26.048,510.647
wide-researcher-1786004689-919959f378b8,26.066,363.103
reviewer-1786004689-a155266e66cf,26.078,369.768
deep-researcher-1786004689-26012ac5437c,26.107,106.945
data-analyst-1786004689-6640c9f90bb4,26.117,499.845
wide-researcher-1786004689-e3a5453d0eb1,26.135,390.910
reviewer-1786004689-6015902497e5,26.163,480.619
deep-researcher-1786004689-2591b90fb7da,26.192,488.877
data-analyst-1786004689-84bbb2109000,26.221,478.443
wide-researcher-1786004689-fa2a5a4634d5,26.235,161.153
reviewer-1786004689-4e6b330f46a3,26.245,382.313
deep-researcher-1786004689-2686476e43c9,26.281,164.573
data-analyst-1786004689-46683826a56e,26.312,360.869
wide-researcher-1786004689-f27eeb563d36,26.322,458.375
reviewer-1786004689-e2ba40ac9d9a,26.334,391.610
deep-researcher-1786004689-b2bbba8974ef,26.395,381.767
data-analyst-1786004689-dc1f967cb4d5,26.422,273.869
wide-researcher-1786004689-f9237ba678df,26.436,410.474
reviewer-1786004689-ffa5cd7d28cf,26.450,374.087
deep-researcher-1786004689-85481f641b1b,26.488,119.632
data-analyst-1786004689-71828cab2c5f,26.498,498.203
wide-researcher-1786004689-acc43cb466b2,26.515,187.291
reviewer-1786004689-a421816bf399,26.534,373.318
deep-researcher-1786004689-771057532ce4,26.558,501.626
data-analyst-1786004689-a47cfb5e4ffc,26.577,356.230
wide-researcher-1786004689-671da4c45bc4,26.597,164.336
reviewer-1786004689-0917879de8b5,26.607,485.996
deep-researcher-1786004689-0f601fe31e1b,26.638,485.214
data-analyst-1786004689-ab0f88be0e76,26.647,424.535
wide-researcher-1786004689-620cae8b0b7a,26.665,592.135
reviewer-1786004689-d4fef807157b,26.680,367.344
deep-researcher-1786004689-8ba2ab9e45ad,26.708,430.619
data-analyst-1786004689-774c8a842047,26.743,293.782
wide-researcher-1786004689-a431a3b60341,26.753,247.822
reviewer-1786004689-505667dcd8ed,26.775,368.681
deep-researcher-1786004689-eedc0b972e31,26.802,88.048
data-analyst-1786004689-8062cc7a0e9d,26.817,260.961
wide-researcher-1786004689-cd6395108b12,26.827,211.442
reviewer-1786004689-3df445ba1232,26.840,379.726
deep-researcher-1786004689-0cbd2d8b0622,26.867,377.781
data-analyst-1786004689-4b9a9a50af86,26.891,366.918
wide-researcher-1786004689-ec97c01cc97e,26.901,149.593
reviewer-1786004689-775bf482dbc1,26.929,360.225
deep-researcher-1786004690-d545e1592e94,26.953,257.087
data-analyst-1786004690-13a87fe660dc,26.973,372.146
wide-researcher-1786004690-f00779d41e34,26.987,144.059
reviewer-1786004690-08b51f2cc564,27.011,262.013
deep-researcher-1786004690-79db12c0e660,27.037,362.840
data-analyst-1786004690-5ac3ff364353,27.054,496.111
wide-researcher-1786004690-dec69ffb157b,27.068,147.296
reviewer-1786004690-bc58110b317e,27.078,369.105
deep-researcher-1786004690-2201c80477da,27.106,160.946
data-analyst-1786004690-c75a3aeba424,27.115,477.014
wide-researcher-1786004690-87747f6a51ab,27.124,496.689
reviewer-1786004690-ff4c7bfa07a3,27.146,494.952
deep-researcher-1786004690-4625303f9444,27.171,163.633
data-analyst-1786004690-dc54a8be5d07,27.183,356.131
wide-researcher-1786004690-d4d9e2135852,27.192,363.163
reviewer-1786004690-515b3a4242e9,27.211,477.228
deep-researcher-1786004690-dd2039f59e47,27.252,179.046
data-analyst-1786004690-9d7335b2b7d8,27.275,277.367
wide-researcher-1786004690-15eb57a868f2,27.295,363.642
reviewer-1786004690-eba2a6ccc375,27.308,427.736
deep-researcher-1786004690-594c9fa3a993,27.340,206.552
data-analyst-1786004690-439afd13f9cf,27.354,256.765
wide-researcher-1786004690-dd56daca60d8,27.369,163.110
reviewer-1786004690-c6f6182acfe6,27.423,328.027
deep-researcher-1786004690-e3bd6157d3d6,27.451,132.972
data-analyst-1786004690-24de8f72ea20,27.467,253.388
wide-researcher-1786004690-c1783b5950dd,27.490,155.613
reviewer-1786004690-e13d580ad677,27.503,356.356
deep-researcher-1786004690-225a1448f3b0,27.531,591.582
data-analyst-1786004690-dbb844f4bf6f,27.557,421.830
wide-researcher-1786004690-85d1dc629e7e,27.574,123.974
reviewer-1786004690-56915369ca55,27.584,475.687
deep-researcher-1786004690-6cbfd9496e57,27.616,474.966
data-analyst-1786004690-e21704667d54,27.629,377.241
wide-researcher-1786004690-e2bcd2bf1e87,27.648,97.443
reviewer-1786004690-b3767d76ee5a,27.672,356.806
deep-researcher-1786004690-148a835987b9,27.700,587.943
data-analyst-1786004690-8e3bf91f777b,27.730,378.290
wide-researcher-1786004690-a54db358cb62,27.748,98.722
reviewer-1786004690-74c636c720de,27.757,246.857
deep-researcher-1786004690-35e5c752e7d0,27.786,201.979
data-analyst-1786004690-edd3c5bd5096,27.795,420.544
wide-researcher-1786004690-03ff2abfb051,27.819,407.189
reviewer-1786004690-bedd04c42006,27.829,483.741
deep-researcher-1786004690-bcdfdc065eb3,27.853,366.791
data-analyst-1786004690-a6a930d0efca,27.904,499.787
wide-researcher-1786004690-9c4aae63b00e,27.932,185.341
reviewer-1786004690-155d2867c03d,27.951,491.953
deep-researcher-1786004690-c5ca74c27d3a,27.994,564.952
data-analyst-1786004691-912348bf07fc,28.007,600.791
wide-researcher-1786004691-b1d07df4b595,28.016,164.782
reviewer-1786004691-bf5e885d9dce,28.042,493.507
deep-researcher-1786004691-37993ba6257a,28.072,103.502
data-analyst-1786004691-85d46161c1a5,28.093,260.741
wide-researcher-1786004691-19faa0abd70e,28.118,361.144
reviewer-1786004691-23273035fced,28.152,365.533
deep-researcher-1786004691-3b512e22932f,28.193,488.893
data-analyst-1786004691-5dd202dee312,28.212,588.343
wide-researcher-1786004691-3f8fb260c14a,28.242,213.772
reviewer-1786004691-eb446e3a06e3,28.271,603.427
deep-researcher-1786004691-07824d0ae51e,28.312,247.463
data-analyst-1786004691-863a5d79818d,28.332,254.289
wide-researcher-1786004691-d5491011d5d0,28.352,369.244
reviewer-1786004691-4e95d57c5eb8,28.382,490.916
deep-researcher-1786004691-36a1848ee91b,28.422,123.864
data-analyst-1786004691-612dbed456bd,28.442,280.316
wide-researcher-1786004691-fabfad9f420d,28.462,166.316
reviewer-1786004691-79ee01daba7d,28.502,262.879
deep-researcher-1786004691-e1bb87bd5c18,28.533,104.652
data-analyst-1786004691-1cdfeb7268c7,28.566,263.421
wide-researcher-1786004691-8b828e05a307,28.586,501.581
reviewer-1786004691-81a3ce6a5da8,28.616,598.173
deep-researcher-1786004691-d9ea98f015cc,28.656,101.288
data-analyst-1786004691-26b2a41e93ea,28.690,617.916
wide-researcher-1786004691-b0aab156e588,28.721,163.756
reviewer-1786004691-0ea05a10fce6,28.740,258.300
deep-researcher-1786004691-a74c96a5b8d6,28.804,82.769
data-analyst-1786004691-1b91a0f4bb51,28.824,443.931
wide-researcher-1786004691-f548cfce5422,28.860,168.503
reviewer-1786004691-5bc3fdd57dd8,28.920,478.060
deep-researcher-1786004691-6054683ac4a9,28.952,164.718
data-analyst-1786004691-b7ce366d98d2,28.987,356.594
wide-researcher-1786004692-a7fcdeedf9fe,29.020,500.879
reviewer-1786004692-591003734f6c,29.048,316.208
deep-researcher-1786004692-99ee32ca2b16,29.088,637.322
data-analyst-1786004692-76d3cfdcc0ff,29.108,260.929
wide-researcher-1786004692-ff2430e24cd7,29.138,109.295
reviewer-1786004692-fb99e435c974,29.181,424.096
deep-researcher-1786004692-24e10e861659,29.242,105.960
data-analyst-1786004692-6fd58a489e8c,29.262,514.272
wide-researcher-1786004692-565eedd28ee3,29.282,137.464
reviewer-1786004692-7d1dd2a68ad4,29.312,370.667
deep-researcher-1786004692-f16661edf3c5,29.352,365.839
data-analyst-1786004692-15a9c2a17800,29.374,478.894
wide-researcher-1786004692-c2870f99f8a9,29.412,377.999
reviewer-1786004692-27f694bcdd42,29.442,482.044
deep-researcher-1786004692-f23f87870f2c,29.472,671.356
data-analyst-1786004692-83f1d1593baa,29.502,362.990
data-analyst-1786004681-8e736d790755,29.502,70.441
wide-researcher-1786004692-0fce1a76e5c4,29.522,98.686
data-analyst-1786004681-7cd2110553c5,29.542,162.773
reviewer-1786004692-f7d21f42d811,29.552,483.278
deep-researcher-1786004692-3df5702b96dc,29.591,262.041
data-analyst-1786004692-531a57c34c74,29.612,273.276
wide-researcher-1786004692-ab8618342688,29.633,161.995
reviewer-1786004692-aadc583eed50,29.653,266.571
deep-researcher-1786004692-bad7d83fa4bd,29.712,624.024
data-analyst-1786004692-725615e8fcb2,29.742,602.016
wide-researcher-1786004692-37d34e9fca3c,29.763,161.665
reviewer-1786004692-6841599610bc,29.791,485.019
deep-researcher-1786004692-81f6546d54af,29.836,162.871
data-analyst-1786004692-678a63714a6d,29.860,558.437
wide-researcher-1786004692-d045cfabeb3d,29.885,364.654
reviewer-1786004692-49e87d5999ce,29.898,360.839
deep-researcher-1786004692-4cc349e7f04b,29.929,163.218
data-analyst-1786004693-b4d886147250,29.949,470.994
wide-researcher-1786004693-33b82933304c,29.962,384.852
reviewer-1786004693-f319bef59a71,29.972,165.882
deep-researcher-1786004693-0161bd13c62b,30.001,112.676
data-analyst-1786004693-07acc547c352,30.015,500.589
wide-researcher-1786004693-09e6f20fb037,30.025,255.756
reviewer-1786004693-43c4fc3873bb,30.042,502.853
deep-researcher-1786004693-df9329a0e6a1,30.081,169.011
data-analyst-1786004693-d829f3c16cc0,30.103,415.666
wide-researcher-1786004693-6697141206e2,30.117,143.507
reviewer-1786004693-264d5524f4a5,30.136,609.970
deep-researcher-1786004693-082ab78c6ca8,30.161,115.032
data-analyst-1786004693-c5f3d2ff5076,30.180,264.457
wide-researcher-1786004693-4cc95df43df4,30.194,147.717
reviewer-1786004693-d2e1e4a702dd,30.204,257.202
deep-researcher-1786004693-cd3e13af80df,30.234,162.440
data-analyst-1786004693-45252e94b5d6,30.244,428.080
wide-researcher-1786004693-d21f27af06c4,30.265,633.142
reviewer-1786004693-74a85f100145,30.294,373.189
deep-researcher-1786004693-6ddf8cea5af6,30.336,513.238
data-analyst-1786004693-520fbabdeed2,30.381,363.179
wide-researcher-1786004693-7583bfc259ad,30.409,164.092
reviewer-1786004693-ed35e5a5e8c2,30.422,479.075
deep-researcher-1786004693-9bf17c2c60ff,30.451,378.807
data-analyst-1786004693-c267e611aa5a,30.471,610.014
wide-researcher-1786004693-bc2346b2cb29,30.491,206.100
reviewer-1786004693-753ee73a9d70,30.501,265.195
deep-researcher-1786004693-e24aebba2ab6,30.529,161.374
data-analyst-1786004693-a9ed3d483df5,30.559,261.308
wide-researcher-1786004693-8b8418758d42,30.573,110.283
reviewer-1786004693-42b1bda3ee75,30.598,487.510
deep-researcher-1786004693-a015886b5002,30.628,211.662
data-analyst-1786004693-2a16fc800d53,30.657,257.695
wide-researcher-1786004693-c3ab34e864a4,30.681,269.710
reviewer-1786004693-9c331a0ce7fb,30.691,371.935
deep-researcher-1786004693-b92b7616035f,30.715,164.592
data-analyst-1786004693-023ef25643ad,30.729,484.714
wide-researcher-1786004693-d993407d64b8,30.753,377.259
reviewer-1786004693-8cba86221891,30.777,469.528
deep-researcher-1786004693-aa9d37650996,30.802,492.812
data-analyst-1786004693-ab44408e5bd5,30.823,478.806
wide-researcher-1786004693-fccf92e8e549,30.842,160.899
reviewer-1786004693-822409ed734d,30.856,377.841
deep-researcher-1786004693-6986b987b9b0,30.890,134.258
data-analyst-1786004693-038f9e687faf,30.921,488.341
wide-researcher-1786004693-5cee9607374b,30.941,379.584
reviewer-1786004694-e9799688fa90,30.960,363.820
deep-researcher-1786004694-92fcf3158f6e,31.013,499.105
data-analyst-1786004694-362c36eff396,31.048,474.251
wide-researcher-1786004694-7ab43ed02a5e,31.077,254.036
reviewer-1786004694-9266290c4cf4,31.092,384.836
deep-researcher-1786004694-626815e88615,31.126,165.484
data-analyst-1786004694-07722b766194,31.146,507.827
wide-researcher-1786004694-ee4e3308ff23,31.156,380.206
reviewer-1786004694-7afe036aabbb,31.169,605.958
deep-researcher-1786004694-a9fadd0a9a5d,31.193,96.949
data-analyst-1786004694-690ce55816c1,31.212,364.120
wide-researcher-1786004694-8e69539fb22b,31.257,86.152
reviewer-1786004694-cf1dee9086c5,31.302,252.777
deep-researcher-1786004694-5e76dadc0693,31.339,134.972
data-analyst-1786004694-8a80f3d54669,31.349,375.940
wide-researcher-1786004694-3bda18cf86ee,31.362,380.083
reviewer-1786004694-91f76c401b0c,31.394,417.197
deep-researcher-1786004694-cb7cd2a85b74,31.417,161.057
data-analyst-1786004694-d1e6c34f9d86,31.430,290.074
wide-researcher-1786004694-d0e4704f94b6,31.455,120.843
reviewer-1786004694-c8f7d9b3541a,31.473,476.790
deep-researcher-1786004694-4554029b837b,31.495,167.420
data-analyst-1786004694-55fccd6b9172,31.515,261.142
wide-researcher-1786004694-cb8cd6783499,31.528,108.216
reviewer-1786004694-f6f27a00a136,31.542,597.849
deep-researcher-1786004694-8a4a93e023a8,31.566,250.190
data-analyst-1786004694-201f7b3c853e,31.594,265.302
wide-researcher-1786004694-cd75c6b03bb9,31.616,386.362
reviewer-1786004694-90e2bdfde8ed,31.645,382.134
deep-researcher-1786004694-d7b0f539630c,31.675,161.328
data-analyst-1786004694-eed388c4e166,31.689,362.395
data-analyst-1786004683-619d19726778,31.699,56.308
wide-researcher-1786004694-409ec5e34288,31.707,113.188
data-analyst-1786004683-83c28c998c34,31.715,54.485
reviewer-1786004694-527733c467a6,31.720,554.264
data-analyst-1786004683-7ac197d6320e,31.732,59.133
deep-researcher-1786004694-96db7b7dee88,31.747,249.138
data-analyst-1786004694-c34bd0babc36,31.760,481.831
wide-researcher-1786004694-a002ac3edea4,31.779,332.345
reviewer-1786004694-647947bbafff,31.794,375.728
data-analyst-1786004683-3b260775b0ce,31.808,52.752
data-analyst-1786004683-ad41bdb5ebb7,31.822,53.768
deep-researcher-1786004694-9620a926f01f,31.826,364.765
data-analyst-1786004683-8b8839a3e712,31.840,74.929
data-analyst-1786004694-01cb86333c0d,31.869,364.670
wide-researcher-1786004694-e7e8c9f6ad43,31.908,97.967
reviewer-1786004694-dccb3cc69a7a,31.937,482.508
deep-researcher-1786004694-92364545d7c6,31.967,253.846
data-analyst-1786004695-d3894cf946f5,31.983,404.250
wide-researcher-1786004695-7e4bc704b50a,32.008,127.463
reviewer-1786004695-62f6a0d1f144,32.023,494.870
deep-researcher-1786004695-7b91602fc8ef,32.074,503.943
data-analyst-1786004695-1dc21b585af4,32.089,366.377
wide-researcher-1786004695-ece805556174,32.107,166.804
reviewer-1786004695-669d4578dc77,32.121,372.740
deep-researcher-1786004695-79c3bb16b3be,32.155,168.347
data-analyst-1786004695-4410d0b7adf5,32.170,618.241
wide-researcher-1786004695-8a7b893a29a4,32.194,266.704
reviewer-1786004695-f7e203541276,32.216,474.545
deep-researcher-1786004695-e98c1f97ba85,32.245,260.014
data-analyst-1786004695-8de537133586,32.265,422.192
wide-researcher-1786004695-c426ed95ac3f,32.285,184.967
reviewer-1786004695-cb9578b137b5,32.295,472.758
deep-researcher-1786004695-d0a22e333cb3,32.330,97.555
data-analyst-1786004695-523039acbc03,32.345,498.963
wide-researcher-1786004695-efd2d8ebbc6a,32.369,164.186
reviewer-1786004695-8db242b6f272,32.400,512.326
deep-researcher-1786004695-c722ec138567,32.430,168.758
data-analyst-1786004695-a51efd45392e,32.451,367.606
wide-researcher-1786004695-4036112b58f6,32.467,258.081
reviewer-1786004695-3de0388f0e8a,32.477,591.983
deep-researcher-1786004695-0ac6d61b18be,32.559,490.577
data-analyst-1786004695-74211f7f5f82,32.582,476.504
wide-researcher-1786004695-5c569b461090,32.602,165.329
reviewer-1786004695-3f7a2167de44,32.612,362.946
deep-researcher-1786004695-550869f3de76,32.643,365.617
data-analyst-1786004695-6f75d033f350,32.662,286.598
wide-researcher-1786004695-cf8e15a8092f,32.673,496.188
reviewer-1786004695-85b35286608d,32.696,261.925
data-analyst-1786004683-149d45cb323a,32.711,101.614
deep-researcher-1786004695-a2cb6bcd7410,32.725,164.748
data-analyst-1786004683-b276450c73b0,32.726,54.732
data-analyst-1786004683-75247dbc4338,32.744,54.421
data-analyst-1786004695-ad509b191397,32.753,363.417
wide-researcher-1786004695-6b6d740f0fe2,32.776,165.279
reviewer-1786004695-eb681417c70c,32.811,672.526
deep-researcher-1786004695-3c958ad23fcf,32.841,469.980
data-analyst-1786004695-08aa73491153,32.855,358.027
wide-researcher-1786004695-d7d12aa2315c,32.868,165.430
reviewer-1786004695-4a30d417eea3,32.883,488.742
deep-researcher-1786004695-31fa3f33a177,32.908,483.009
data-analyst-1786004681-1d6ff0d7c14d,32.917,52.776
data-analyst-1786004695-5ac91b202ad2,32.921,249.123
wide-researcher-1786004696-ae5444d043ed,32.933,165.260
reviewer-1786004696-717b61c7b7c7,32.957,596.428
deep-researcher-1786004696-a5e2c99aab68,32.987,168.589
data-analyst-1786004696-1490ce0e635b,33.003,580.931
wide-researcher-1786004696-16d012aaa2e5,33.027,160.914
reviewer-1786004696-541aee4f46e5,33.037,375.672
data-analyst-1786004681-48c5158df0cf,33.056,52.255
deep-researcher-1786004696-d05c702796ed,33.061,621.139
data-analyst-1786004696-673092a4caee,33.094,605.763
wide-researcher-1786004696-e308d5c48678,33.124,397.629
reviewer-1786004696-650e9dbc8c49,33.150,258.333
deep-researcher-1786004696-f13fc523a4d8,33.189,316.072
data-analyst-1786004696-98dff778206d,33.218,373.718
wide-researcher-1786004696-3bb76a469dd7,33.229,428.799
reviewer-1786004696-63b097c89e59,33.253,399.955
deep-researcher-1786004696-162e4187d8df,33.282,220.015
data-analyst-1786004696-157f461778f7,33.297,601.123
wide-researcher-1786004696-e6caf7eb083f,33.320,368.927
reviewer-1786004696-ed96da2c000f,33.334,366.190
deep-researcher-1786004696-576f1f2ecbf4,33.371,162.388
data-analyst-1786004696-2aefa5986286,33.404,604.480
wide-researcher-1786004696-cf79ac897bd5,33.419,128.000
reviewer-1786004696-6dc7b70b69d4,33.449,377.116
deep-researcher-1786004696-6a667c2e5685,33.494,121.958
data-analyst-1786004696-2c5c18e9151e,33.509,616.679
wide-researcher-1786004696-b0668827e1b4,33.529,375.124
reviewer-1786004696-8253ed984fe0,33.553,356.881
deep-researcher-1786004696-00091b441384,33.584,500.182
data-analyst-1786004696-b74f1d4a1613,33.598,365.920
wide-researcher-1786004696-be74786b88f8,33.617,377.038
reviewer-1786004696-b020e9eaab5b,33.632,461.718
deep-researcher-1786004696-edbb7a1b8377,33.666,167.466
data-analyst-1786004696-edfa61c06681,33.676,478.610
wide-researcher-1786004696-37770e60f914,33.686,374.103
reviewer-1786004696-a2778b744a62,33.705,614.880
deep-researcher-1786004696-0a89d6626c82,33.733,520.817
data-analyst-1786004696-890dfe69a08d,33.747,597.181
wide-researcher-1786004696-726931a13e8b,33.761,483.920
reviewer-1786004696-6e54463c467e,33.785,357.104
deep-researcher-1786004696-5bc38f7ee017,33.815,198.274
data-analyst-1786004696-bceecb95ff35,33.843,199.608
wide-researcher-1786004696-cc63c635710d,33.853,167.139
data-analyst-1786004684-8756311d17de,33.854,96.405
data-analyst-1786004684-792f2c61ffdc,33.872,59.290
reviewer-1786004696-dbef67b359eb,33.876,458.905
deep-researcher-1786004696-d0346d39b20a,33.905,121.274
data-analyst-1786004696-081a0f9227fb,33.923,501.146
wide-researcher-1786004696-eb2359321270,33.962,143.767
reviewer-1786004697-d22912b03ee5,33.980,365.265
deep-researcher-1786004697-536d9ef2976f,34.083,163.234
data-analyst-1786004697-e86c847701e8,34.097,373.359
wide-researcher-1786004697-3cb9fdebb4d2,34.120,354.013
reviewer-1786004697-72d6aa608306,34.130,360.775
deep-researcher-1786004697-8c7e89244950,34.166,249.061
data-analyst-1786004697-d7b0fa1826e8,34.184,499.428
wide-researcher-1786004697-e49fc14e6cd9,34.203,363.606
reviewer-1786004697-32251a4e0373,34.218,364.171
data-analyst-1786004684-1c92e037e56c,34.261,57.437
deep-researcher-1786004697-98d09ff8ecf9,34.270,592.012
data-analyst-1786004684-66cccea60639,34.280,64.781
data-analyst-1786004697-cbc627d9d457,34.289,479.245
wide-researcher-1786004697-c3f504ed9d7b,34.304,113.081
reviewer-1786004697-7f4444aa31fc,34.323,495.599
deep-researcher-1786004697-d673c950f79f,34.356,126.667
data-analyst-1786004697-46eb4528a256,34.370,514.864
wide-researcher-1786004697-e7521b05ead2,34.383,360.160
reviewer-1786004697-b9e6cf0e3639,34.397,373.927
deep-researcher-1786004697-845afc102746,34.426,109.734
data-analyst-1786004697-cf077c09645c,34.471,261.999
wide-researcher-1786004697-198e8607d838,34.482,159.153
reviewer-1786004697-651c0480c645,34.500,501.612
deep-researcher-1786004697-8ed2235e9be8,34.523,128.756
data-analyst-1786004697-e3657fdb40ac,34.537,493.132
wide-researcher-1786004697-8c7a381b1b85,34.551,373.580
reviewer-1786004697-508459da5dd2,34.565,281.800
deep-researcher-1786004697-864b58220245,34.629,542.385
data-analyst-1786004697-664d4fa622c1,34.656,365.037
wide-researcher-1786004697-1d4ec3d40dc7,34.669,168.020
reviewer-1786004697-00a13c0c96b3,34.697,355.730
deep-researcher-1786004697-928b8731b775,34.726,98.825
data-analyst-1786004697-7c53d7516e49,34.740,362.380
wide-researcher-1786004697-6a6e67444653,34.760,359.075
reviewer-1786004697-9367e520a5b7,34.774,368.108
deep-researcher-1786004697-6d8e3cf7759a,34.812,427.931
data-analyst-1786004697-db9bf6ff3ef1,34.831,656.400
wide-researcher-1786004697-159b657ee6c2,34.848,165.294
reviewer-1786004697-fedd48cd9953,34.862,596.091
deep-researcher-1786004697-234b7159ad14,34.911,102.313
data-analyst-1786004697-2b8587b72458,34.946,285.358
wide-researcher-1786004697-bd7bab391fc2,34.961,375.548
reviewer-1786004698-cfc7d852d90b,34.980,253.926
deep-researcher-1786004698-a19a8414aff2,35.024,166.036
data-analyst-1786004698-5ddb9b048208,35.044,361.108
wide-researcher-1786004698-ce9ee4f4b9fe,35.059,97.716
reviewer-1786004698-39293f7cbfd2,35.083,258.128
deep-researcher-1786004698-16f4ca842754,35.109,249.276
data-analyst-1786004698-cfecd02690d8,35.134,284.147
wide-researcher-1786004698-cbc7dcd804da,35.147,165.784
reviewer-1786004698-d3691fc16218,35.170,601.369
deep-researcher-1786004698-0002bc4060f0,35.200,500.341
data-analyst-1786004698-4ad1130f93a9,35.219,379.570
wide-researcher-1786004698-16b3c79d400e,35.233,472.566
reviewer-1786004698-d58958569232,35.251,387.945
deep-researcher-1786004698-40cb59c05159,35.305,444.625
data-analyst-1786004698-9145bb6015e7,35.319,259.519
wide-researcher-1786004698-58cd44329664,35.350,268.210
reviewer-1786004698-1938d60ff190,35.388,449.356
deep-researcher-1786004698-8bd9239f63a8,35.420,599.064
data-analyst-1786004698-f7754f18f7c8,35.434,368.482
wide-researcher-1786004698-e4253e857f5b,35.448,476.347
reviewer-1786004698-9acfbef40586,35.471,361.649
deep-researcher-1786004698-b0fdaf7614ba,35.500,98.378
data-analyst-1786004698-d9d24ac9423d,35.546,472.507
wide-researcher-1786004698-03ec1c58e54e,35.589,166.663
reviewer-1786004698-ff225cfc3e77,35.603,501.133
deep-researcher-1786004698-2ebbb66caf41,35.636,143.556
data-analyst-1786004698-e10b14e990ab,35.650,482.428
wide-researcher-1786004698-ccb35d3762ef,35.684,391.708
reviewer-1786004698-4ae37450f9e8,35.703,632.917
deep-researcher-1786004698-e17d6517c72a,35.735,135.414
data-analyst-1786004698-48b839701c1b,35.749,477.138
wide-researcher-1786004698-8ac3c79e84ea,35.778,98.841
reviewer-1786004698-0529aeaf0b6a,35.792,517.722
deep-researcher-1786004698-5f8064c6a05f,35.823,161.827
data-analyst-1786004698-1a52b621fe3a,35.843,477.997
data-analyst-1786004681-a0d2da9f80e4,35.858,61.821
wide-researcher-1786004698-97e0f6e8f55a,35.867,178.404
reviewer-1786004698-09a972472441,35.879,478.865
deep-researcher-1786004698-b9a6d00f6c1b,35.908,173.264
data-analyst-1786004698-bff12c1da645,35.921,368.636
data-analyst-1786004683-9e2063589672,35.934,96.219
wide-researcher-1786004699-daa76f1252c8,35.934,629.084
reviewer-1786004699-545e25bad3fc,35.950,370.620
deep-researcher-1786004699-ce42be0f958b,35.982,104.302
data-analyst-1786004699-090e23587cda,35.995,267.302
wide-researcher-1786004699-6fd7079bfca9,36.014,107.121
reviewer-1786004699-0f974587c55f,36.026,373.007
deep-researcher-1786004699-63a18ea4b38e,36.054,161.616
data-analyst-1786004699-3f5d4babe822,36.067,361.090
wide-researcher-1786004699-390a7cbb95ee,36.081,208.145
reviewer-1786004699-7c7d47055c80,36.103,488.039
deep-researcher-1786004699-9ff5ff1a66f2,36.151,161.090
data-analyst-1786004699-9a238cd05e30,36.171,289.913
wide-researcher-1786004699-e1ce3d6e6cd1,36.190,477.122
reviewer-1786004699-50f38a5ea1d5,36.204,486.684
deep-researcher-1786004699-cc5b75d259e0,36.237,355.914
data-analyst-1786004699-103d9360f981,36.251,375.494
wide-researcher-1786004699-b7c0975b1668,36.269,179.889
reviewer-1786004699-858d394f3927,36.287,498.521
deep-researcher-1786004699-dcd1bca2848f,36.316,521.859
data-analyst-1786004699-057a48521d0b,36.342,477.950
wide-researcher-1786004699-fb8b6bf214e7,36.366,377.870
reviewer-1786004699-935bfc22e620,36.383,362.724
deep-researcher-1786004699-032704e28450,36.423,585.996
data-analyst-1786004699-fd06ce3964a0,36.462,422.208
wide-researcher-1786004699-0390f8375d3c,36.481,593.179
reviewer-1786004699-09e5f103503f,36.512,380.193
deep-researcher-1786004699-c1458ae0dd48,36.559,164.029
data-analyst-1786004699-20e71609844c,36.581,551.316
wide-researcher-1786004699-74d5e4304f79,36.601,163.095
reviewer-1786004699-464f05e6086c,36.625,472.832
deep-researcher-1786004699-2af15d9b3f48,36.680,499.179
data-analyst-1786004699-9696b8785612,36.694,412.265
wide-researcher-1786004699-4d2a8ae93e45,36.708,434.774
reviewer-1786004699-e719a221bf85,36.730,600.990
deep-researcher-1786004699-b3a927e3d48e,36.751,248.233
data-analyst-1786004699-8b75c1cbfd39,36.765,474.036
wide-researcher-1786004699-eaeae217640f,36.777,258.866
reviewer-1786004699-39f27ca200a9,36.799,323.059
deep-researcher-1786004699-9079b5b38f0d,36.827,602.642
data-analyst-1786004699-bf82043d3c5c,36.860,273.820
wide-researcher-1786004699-ac47858104c9,36.894,534.907
reviewer-1786004699-f0b1e87d2ad6,36.913,366.392
deep-researcher-1786004699-6d8b8b291ff4,36.941,163.580
data-analyst-1786004700-305f55967a10,36.979,264.216
wide-researcher-1786004700-501fd42bae3e,36.993,339.212
reviewer-1786004700-f6912fd2db25,37.062,356.451
deep-researcher-1786004700-c5376d0f1d79,37.103,672.930
data-analyst-1786004700-0f086507fdfd,37.117,261.398
wide-researcher-1786004700-82215d859cff,37.143,136.750
reviewer-1786004700-697d3cd078f8,37.157,478.850
deep-researcher-1786004700-5a42e1fc1d9d,37.189,190.824
data-analyst-1786004700-ff1cdde47e22,37.212,358.298
wide-researcher-1786004700-bcc60998f2ab,37.226,278.074
reviewer-1786004700-344f857b1d72,37.241,368.788
deep-researcher-1786004700-7a3e7537a2a6,37.268,205.212
data-analyst-1786004700-b78c9a2489ed,37.292,600.898
wide-researcher-1786004700-42a0db70b82f,37.303,362.052
reviewer-1786004700-220523d18e87,37.320,373.766
deep-researcher-1786004700-00f9eb2ca6c2,37.377,164.200
data-analyst-1786004700-9f74a5ec87c1,37.423,500.687
wide-researcher-1786004700-1f6da9b2dcee,37.449,362.318
reviewer-1786004700-ef3b6ab1f10c,37.466,360.447
deep-researcher-1786004700-84a17dd091c8,37.497,634.300
data-analyst-1786004700-1570d0949d3e,37.513,573.089
wide-researcher-1786004700-4247dc5cfa6f,37.529,356.182
reviewer-1786004700-1a4567246f6c,37.547,474.529
deep-researcher-1786004700-e47b432f3213,37.590,488.609
data-analyst-1786004700-8c2ad1d30a1d,37.604,495.762
wide-researcher-1786004700-1897941a7b80,37.622,585.952
reviewer-1786004700-edc44edd9e80,37.650,490.073
deep-researcher-1786004700-2fd99ef4d8a0,37.683,218.485
data-analyst-1786004700-fab852b94b38,37.721,376.531
data-analyst-1786004683-13a98d5760b9,37.722,97.375
wide-researcher-1786004700-71c5a6c926a7,37.749,377.057
reviewer-1786004700-562f1253f31f,37.762,497.096
deep-researcher-1786004700-80f8fcdb1e3a,37.792,226.792
data-analyst-1786004700-9f38a352980b,37.816,392.884
wide-researcher-1786004700-abac27779590,37.851,133.656
reviewer-1786004700-3b869b78b4a6,37.870,478.044
deep-researcher-1786004700-11a82d375976,37.900,119.464
data-analyst-1786004700-40cc73761b3a,37.922,371.151
wide-researcher-1786004700-2c1c8efc543a,37.934,373.517
reviewer-1786004701-e28153d9f3a8,37.953,366.049
deep-researcher-1786004701-274a3d4e8289,37.993,97.698
data-analyst-1786004701-aecf2408f6d9,38.023,681.625
wide-researcher-1786004701-faa77d0407dd,38.037,618.069
reviewer-1786004701-137171429633,38.068,486.527
data-analyst-1786004683-ab5679e77db5,38.069,75.092
deep-researcher-1786004701-1eddc7de2086,38.097,256.938
data-analyst-1786004701-8004e27bef40,38.111,365.985
wide-researcher-1786004701-4067906651df,38.129,106.322
reviewer-1786004701-acccf1bf3aa2,38.141,499.196
deep-researcher-1786004701-92aa887f1690,38.199,498.369
data-analyst-1786004701-877e34283b69,38.224,357.554
wide-researcher-1786004701-eaa46f304936,38.238,387.893
reviewer-1786004701-bc8b0bd0ff0f,38.255,308.074
deep-researcher-1786004701-8f6cec496952,38.282,222.851
data-analyst-1786004701-84ffc976684f,38.310,359.780
wide-researcher-1786004701-8c3856dbb6ca,38.325,359.559
reviewer-1786004701-12b844aa9cc7,38.368,601.797
deep-researcher-1786004701-0f33ebf4aefc,38.400,482.011
data-analyst-1786004701-3f018903f1d5,38.411,366.979
wide-researcher-1786004701-84fe8f1a6920,38.429,357.460
reviewer-1786004701-e787ea9cd834,38.457,336.087
deep-researcher-1786004701-c7e680e56820,38.487,168.453
data-analyst-1786004701-5a8f24cc753e,38.510,480.122
wide-researcher-1786004701-1cb58ca4b723,38.531,166.055
reviewer-1786004701-1f836a1726ec,38.557,369.260
deep-researcher-1786004701-2d8c88b3a5c1,38.586,586.055
data-analyst-1786004701-e028e64f7c77,38.611,676.065
wide-researcher-1786004701-bbee8f1fb84f,38.630,273.158
reviewer-1786004701-5f94e110e90f,38.653,325.385
deep-researcher-1786004701-5874b87bf74d,38.696,500.531
data-analyst-1786004701-0c63d67f7542,38.729,372.083
wide-researcher-1786004701-77286e87c8cd,38.748,378.222
reviewer-1786004701-8b1ce11027b1,38.763,371.683
deep-researcher-1786004701-e334770fec40,38.800,118.254
data-analyst-1786004701-2f2be9801c89,38.815,395.441
wide-researcher-1786004701-1c2d57f4b29b,38.829,332.189
reviewer-1786004701-efb46c960451,38.930,371.729
deep-researcher-1786004701-b04c2485cd92,38.963,250.391
data-analyst-1786004701-547b8a471ba4,38.976,405.272
wide-researcher-1786004701-d3623a88434c,38.990,496.068
reviewer-1786004702-17131ef9e0c7,39.004,474.513
deep-researcher-1786004702-37f57a166171,39.029,605.052
data-analyst-1786004702-b3c05b542fca,39.053,502.309
wide-researcher-1786004702-8f4235eead28,39.067,168.647
reviewer-1786004702-e2ce9dbf9e51,39.080,372.571
deep-researcher-1786004702-45667338bbe4,39.116,617.006
data-analyst-1786004702-9f494e5322e8,39.131,370.884
wide-researcher-1786004702-a90402c76fac,39.164,187.904
reviewer-1786004702-2d69817b7d0e,39.192,360.329
deep-researcher-1786004702-9869ac7b914a,39.233,195.332
data-analyst-1786004702-c793545a8380,39.260,262.614
wide-researcher-1786004702-3c9374bd4283,39.272,261.859
reviewer-1786004702-8b628b54b6f0,39.286,360.079
deep-researcher-1786004702-0e1ade80dc3c,39.329,357.365
data-analyst-1786004702-3ff1155c3463,39.358,393.086
wide-researcher-1786004702-0880d90401a4,39.384,286.371
reviewer-1786004702-b35442c80681,39.421,496.407
deep-researcher-1786004702-e3022ef1a21e,39.450,165.609
data-analyst-1786004702-742ca3246109,39.470,501.418
wide-researcher-1786004702-a24a05c1eef2,39.483,499.120
reviewer-1786004702-6c51babb021e,39.501,259.182
deep-researcher-1786004702-15bd7d122a0c,39.533,405.618
data-analyst-1786004702-070a00ab1bb8,39.556,351.158
wide-researcher-1786004702-84c23d90fe4c,39.571,599.200
reviewer-1786004702-8bc8f615e8b2,39.657,609.842
deep-researcher-1786004702-2ed8833fe6ab,39.704,166.120
data-analyst-1786004702-698d988b7b57,39.723,375.279
wide-researcher-1786004702-22ab8881d014,39.742,361.621
reviewer-1786004702-259268e3d8b4,39.762,487.868
deep-researcher-1786004702-2d8bde33d487,39.796,357.237
data-analyst-1786004702-0006df3f6ef5,39.820,592.697
wide-researcher-1786004702-eec296475307,39.834,498.841
reviewer-1786004702-068c5ead0f1b,39.858,493.062
data-analyst-1786004684-eb5bee1ffe14,39.859,52.289
deep-researcher-1786004702-585fe12f562d,39.885,131.397
data-analyst-1786004702-e42a194e249b,39.910,365.569
wide-researcher-1786004702-ec5b8184af7b,39.924,163.741
reviewer-1786004703-5b5056f1aeaa,39.946,415.149
deep-researcher-1786004703-f23f300af482,39.975,378.590
data-analyst-1786004703-b80d1b6cfc94,39.995,598.533
wide-researcher-1786004703-3d3438f3828b,40.008,115.778
reviewer-1786004703-d41ea5ebba25,40.024,359.764
deep-researcher-1786004703-0c4c81d75037,40.068,586.801
data-analyst-1786004703-5419db3785a7,40.171,590.826
wide-researcher-1786004703-8810979d7895,40.209,259.620
reviewer-1786004703-1942089ccd57,40.238,364.968
deep-researcher-1786004703-d52271516bf1,40.278,380.555
data-analyst-1786004703-17920e565409,40.296,373.472
wide-researcher-1786004703-628c09de9dba,40.315,136.674
reviewer-1786004703-42e567c9915a,40.330,494.324
deep-researcher-1786004703-14c9246019d8,40.394,487.202
data-analyst-1786004703-a460fb551155,40.438,530.716
wide-researcher-1786004703-b7eb5242b8ff,40.453,375.478
reviewer-1786004703-6c649a0fa0fa,40.475,372.988
deep-researcher-1786004703-638bc13b6a13,40.504,190.490
data-analyst-1786004703-a695d09cf99b,40.523,613.476
wide-researcher-1786004703-81e2ad349ded,40.537,462.467
reviewer-1786004703-efd07b218d13,40.568,520.942
deep-researcher-1786004703-c1dd5bb02d00,40.592,213.758
data-analyst-1786004703-6cd6a19adfce,40.606,500.356
wide-researcher-1786004703-58e6c4efdc77,40.626,167.010
reviewer-1786004703-b88bad7d2d23,40.651,262.279
data-analyst-1786004683-3b406074adf9,40.676,52.594
deep-researcher-1786004703-6f940f1c0934,40.700,259.031
data-analyst-1786004703-1fc94dc8090e,40.714,603.511
wide-researcher-1786004703-550078906063,40.744,288.024
reviewer-1786004703-921e61e77ade,40.767,496.532
data-analyst-1786004684-05de4f8b7524,40.786,52.948
deep-researcher-1786004703-fd891c9bc6a1,40.795,610.422
data-analyst-1786004703-dd3fe7b3f701,40.810,255.040
wide-researcher-1786004703-95b10a91671e,40.824,123.915
reviewer-1786004703-5f4eab7704b0,40.862,633.590
deep-researcher-1786004703-dd285a3a7f54,40.899,672.296
data-analyst-1786004703-3ae9f4dc225b,40.931,431.841
wide-researcher-1786004703-a9eff3d2bbba,40.944,168.408
reviewer-1786004704-d4bf40da8aa9,40.978,367.622
deep-researcher-1786004704-3b582054cc9c,41.003,161.961
data-analyst-1786004704-0b91db1ccbd6,41.042,623.093
data-analyst-1786004683-360d3aadfdb6,41.063,52.963
wide-researcher-1786004704-a88c67e41209,41.185,167.677
reviewer-1786004704-7134fc24eb7f,41.205,591.536
deep-researcher-1786004704-7c2705615a6e,41.236,109.689
data-analyst-1786004704-eadcbb1f61b4,41.251,480.938
wide-researcher-1786004704-8514421bf903,41.280,248.924
reviewer-1786004704-bbf06dd6539f,41.294,375.712
deep-researcher-1786004704-3c8bd38e27d8,41.331,132.380
data-analyst-1786004704-63dc507d692a,41.376,478.242
wide-researcher-1786004704-5970dcc47ca3,41.404,166.754
reviewer-1786004704-11298aefe6d3,41.423,605.792
deep-researcher-1786004704-ace08acb608d,41.459,259.700
data-analyst-1786004704-a7288569c79f,41.522,364.401
wide-researcher-1786004704-147b2fbccf94,41.542,168.164
reviewer-1786004704-85a587d37c02,41.577,490.364
deep-researcher-1786004704-50c19636405f,41.632,168.980
data-analyst-1786004704-40313e82861f,41.670,366.874
wide-researcher-1786004704-1ca76dc8ef9e,41.697,405.110
reviewer-1786004704-7aa530e0dcbc,41.721,487.663
deep-researcher-1786004704-91e228f19c71,41.758,164.966
data-analyst-1786004704-bffea0b9e5f9,41.771,374.898
wide-researcher-1786004704-eb8302ac9f25,41.786,98.652
reviewer-1786004704-7e110e67847c,41.807,372.470
deep-researcher-1786004704-d33a72fff01d,41.837,165.689
data-analyst-1786004704-e4219aa88b35,41.849,601.309
wide-researcher-1786004704-7a3b0a2f507a,41.908,135.019
reviewer-1786004704-c76cd78cca6b,41.926,367.069
deep-researcher-1786004704-6e9879fa3c96,41.960,181.136
data-analyst-1786004704-cc23c4c8c83e,41.972,367.379
wide-researcher-1786004705-55e31de73b38,41.994,175.371
reviewer-1786004705-62af84e80856,42.005,477.094
deep-researcher-1786004705-bf4b30ee9479,42.035,257.517
data-analyst-1786004705-6cc069f3494a,42.052,351.356
wide-researcher-1786004705-de7fd194f953,42.066,180.251
reviewer-1786004705-3cbc50b464eb,42.087,403.085
deep-researcher-1786004705-f8ddd3f886b6,42.113,99.884
data-analyst-1786004705-46fb2f7a48f6,42.161,363.916
wide-researcher-1786004705-4b4c87fc73fe,42.177,163.459
reviewer-1786004705-012e6f390872,42.194,493.522
deep-researcher-1786004705-32e356206877,42.249,112.413
data-analyst-1786004705-26421b53c667,42.274,544.135
wide-researcher-1786004705-9adf6f47a5ed,42.289,587.811
reviewer-1786004705-73abae24d8b4,42.314,487.246
deep-researcher-1786004705-6b2699ea7da6,42.354,168.484
data-analyst-1786004705-8efbe3c51fae,42.372,358.574
wide-researcher-1786004705-b5da5fd7a5fd,42.390,167.506
reviewer-1786004705-f23cd2d7ef0f,42.408,376.881
deep-researcher-1786004705-177e42867645,42.440,409.630
data-analyst-1786004705-205189af1e88,42.457,247.678
wide-researcher-1786004705-a8c524ab7930,42.471,463.032
reviewer-1786004705-2ed6fb544f87,42.497,672.005
deep-researcher-1786004705-73335f132d27,42.520,359.011
data-analyst-1786004705-a4b2f07ad925,42.553,364.923
wide-researcher-1786004705-4b322b3b73bf,42.610,256.830
reviewer-1786004705-ac7bf04013d1,42.637,252.406
deep-researcher-1786004705-3e2c0a4982c2,42.687,190.715
data-analyst-1786004705-24560f09e8ed,42.714,502.122
wide-researcher-1786004705-e174a48cff8b,42.729,254.773
reviewer-1786004705-e5abe80d7873,42.789,196.686
deep-researcher-1786004705-1b925e1cc999,42.813,195.927
data-analyst-1786004705-38a2f0729d2f,42.841,359.864
wide-researcher-1786004705-4dcfae74535f,42.859,378.897
reviewer-1786004705-9f38b1f9034f,42.880,476.823
deep-researcher-1786004705-f8a3382f7c32,42.937,357.413
data-analyst-1786004705-0612a091fb52,42.951,252.604
wide-researcher-1786004706-b89f667b1227,42.969,372.500
reviewer-1786004706-614ccac62bba,42.981,489.906
deep-researcher-1786004706-d1ded984c41a,43.030,589.655
data-analyst-1786004706-259a95c9494e,43.044,487.883
wide-researcher-1786004706-d7383f89ac03,43.086,163.858
reviewer-1786004706-72aa9790b848,43.099,382.938
deep-researcher-1786004706-505c0099a9eb,43.184,254.403
data-analyst-1786004706-36176db5d13d,43.211,492.053
wide-researcher-1786004706-fa08932d5ead,43.228,375.165
reviewer-1786004706-8b247881f49c,43.244,488.153
deep-researcher-1786004706-7b7aaa62679b,43.277,257.119
data-analyst-1786004706-ed6b21e93547,43.303,259.340
wide-researcher-1786004706-edba2e533ff2,43.317,614.436
reviewer-1786004706-1c78bbd6346e,43.331,482.253
deep-researcher-1786004706-d3a9605e99ad,43.359,486.467
data-analyst-1786004706-a965efdb2ba3,43.412,444.606
wide-researcher-1786004706-a62b61c22ee1,43.442,162.115
reviewer-1786004706-32a69ee82be9,43.461,600.130
deep-researcher-1786004706-f9844ef6bfbc,43.500,181.634
data-analyst-1786004706-69ef415be985,43.513,364.888
wide-researcher-1786004706-015ffe69d80f,43.526,249.447
reviewer-1786004706-a06fd3adf14f,43.551,565.770
deep-researcher-1786004706-195539a56cb5,43.581,255.568
data-analyst-1786004706-074b093ccd1f,43.599,604.495
wide-researcher-1786004706-b685a0f9b224,43.613,356.787
reviewer-1786004706-f898a730d982,43.645,369.548
deep-researcher-1786004706-50795efb7161,43.672,480.213
data-analyst-1786004706-86b239812b32,43.689,614.625
wide-researcher-1786004706-41a2e53253f6,43.710,233.460
reviewer-1786004706-aab8ce4e0a8b,43.753,371.054
deep-researcher-1786004706-c8c2056029ab,43.786,180.265
data-analyst-1786004684-bce0df002166,43.791,53.630
data-analyst-1786004706-7ad93f749d94,43.819,273.611
wide-researcher-1786004706-daa94fc0955b,43.832,115.862
reviewer-1786004706-d600c0bb897f,43.854,586.688
deep-researcher-1786004706-dddf8edd4aa3,43.888,490.333
data-analyst-1786004706-a920114314a3,43.917,376.867
wide-researcher-1786004706-b09bde329ff9,43.951,604.249
reviewer-1786004707-48d07093145e,43.982,368.977
deep-researcher-1786004707-951db9106a81,44.014,358.137
data-analyst-1786004707-62494f448b0a,44.029,366.033
wide-researcher-1786004707-c939968a4e72,44.064,164.321
reviewer-1786004707-554cca09fc87,44.088,485.772
deep-researcher-1786004707-10ec949894d2,44.150,526.298
data-analyst-1786004707-837ddb0d777c,44.191,358.711
wide-researcher-1786004707-50ce191a6873,44.210,507.480
reviewer-1786004707-1970e562d06e,44.227,488.681
deep-researcher-1786004707-23dfc48ef616,44.282,162.885
data-analyst-1786004707-6cc11f5d3d59,44.306,328.114
wide-researcher-1786004707-c94ea5e93191,44.318,166.281
reviewer-1786004707-3f4b6678db5b,44.352,311.983
deep-researcher-1786004707-e0e671344da3,44.394,131.630
data-analyst-1786004707-175bc2db452e,44.407,395.230
wide-researcher-1786004707-304e071a862c,44.443,162.215
reviewer-1786004707-e9c529f72005,44.460,364.824
deep-researcher-1786004707-d06159d314b8,44.490,135.004
data-analyst-1786004707-ddd04d964542,44.506,529.423
wide-researcher-1786004707-47fdebcf7c06,44.550,357.025
reviewer-1786004707-fb32122c1d68,44.564,491.190
deep-researcher-1786004707-5917966911ee,44.599,252.334
data-analyst-1786004707-3392ead4002c,44.618,305.999
wide-researcher-1786004707-4616a6166905,44.630,120.136
reviewer-1786004707-c0d9cf321090,44.658,372.912
deep-researcher-1786004707-de7d3ea99cec,44.691,621.599
data-analyst-1786004684-734f6a9046bc,44.706,53.583
data-analyst-1786004707-80baacceb547,44.714,405.781
wide-researcher-1786004707-0844e9d37a37,44.741,227.414
reviewer-1786004707-e60152e6be2d,44.754,170.727
deep-researcher-1786004707-42a54911edf0,44.787,106.966
data-analyst-1786004707-e5726e5a7c01,44.813,479.864
wide-researcher-1786004707-11d60f78db41,44.826,123.309
reviewer-1786004707-f0ee1bac544e,44.839,378.516
deep-researcher-1786004707-ea3db4448948,44.871,590.076
data-analyst-1786004707-275ccc3fe6fe,44.905,361.908
wide-researcher-1786004707-016e138a5be3,44.923,502.968
reviewer-1786004707-7fd3989dad48,44.949,606.364
deep-researcher-1786004708-9d0b32d2bfc1,44.979,210.440
data-analyst-1786004685-4402a1dbd597,44.996,61.504
data-analyst-1786004708-38455de18739,45.017,271.928
wide-researcher-1786004708-a9bf67ac4ddc,45.029,131.679
reviewer-1786004708-9c53b9e47121,45.041,363.339
deep-researcher-1786004708-f073edbfa45e,45.081,127.449
data-analyst-1786004708-8583782d7386,45.107,486.039
wide-researcher-1786004708-ec2de3104a8f,45.121,171.840
reviewer-1786004708-c8813842e38b,45.134,412.717
deep-researcher-1786004708-fc3d5f7d2a61,45.167,178.796
data-analyst-1786004708-7eb3e7447c84,45.183,377.462
wide-researcher-1786004708-0aa91b2e1979,45.198,117.425
reviewer-1786004708-6599c0c06845,45.218,484.355
deep-researcher-1786004708-23a06bcc5f3d,45.276,144.426
data-analyst-1786004708-6da92f032e16,45.296,366.774
wide-researcher-1786004708-8b2bc0145cd7,45.329,164.981
reviewer-1786004708-75735881a6a1,45.363,670.704
deep-researcher-1786004708-a4fa75310c2a,45.393,369.969
data-analyst-1786004708-e1e9f03e26bb,45.408,270.016
wide-researcher-1786004708-27fc99c961e0,45.433,375.019
reviewer-1786004708-ed239a81aa5d,45.467,599.392
deep-researcher-1786004708-294a439948b0,45.499,249.462
data-analyst-1786004708-8db9c3acc0b5,45.516,503.662
data-analyst-1786004685-ecb5a3bbea36,45.526,72.539
wide-researcher-1786004708-ec6f5d2ec499,45.532,178.218
reviewer-1786004708-bfc31d84ded4,45.548,489.825
deep-researcher-1786004708-8d870b470ea7,45.606,160.979
data-analyst-1786004708-7ddcdcfc5ca4,45.656,611.734
wide-researcher-1786004708-f8f5f63e9f0a,45.704,167.076
reviewer-1786004708-2f55a0c2543d,45.728,370.325
deep-researcher-1786004708-a80c46f4aeba,45.757,255.687
data-analyst-1786004708-cfbf2af9a910,45.782,596.571
wide-researcher-1786004708-cb65272e2d3f,45.811,580.243
reviewer-1786004708-c2f804f7d24c,45.825,529.655
deep-researcher-1786004708-646e2f58b160,45.860,670.312
data-analyst-1786004708-e1cd58ca9af6,45.871,262.646
wide-researcher-1786004708-6d38e9f14ba5,45.898,192.207
reviewer-1786004708-124710aae159,45.913,443.440
deep-researcher-1786004709-2fc0984dcbd9,45.946,188.657
data-analyst-1786004709-133c975385d2,45.965,483.566
wide-researcher-1786004709-3ca5db2efdd5,45.984,430.041
reviewer-1786004709-b3d9095b7cd0,46.004,595.765
deep-researcher-1786004709-882eee243501,46.041,242.285
data-analyst-1786004709-c0ac84ec447f,46.068,379.474
wide-researcher-1786004709-4e925045d738,46.092,477.447
reviewer-1786004709-9274b1f56ee1,46.110,369.856
deep-researcher-1786004709-93d2b78cefbe,46.138,490.811
data-analyst-1786004709-c65f1f17c088,46.170,502.294
wide-researcher-1786004709-4e51f495d79b,46.203,175.060
reviewer-1786004709-a56de1d73f56,46.226,478.520
deep-researcher-1786004709-8fe7d634a139,46.263,162.915
data-analyst-1786004709-fe7a9b3e77f0,46.276,415.271
wide-researcher-1786004709-c16aff11195e,46.294,387.797
reviewer-1786004709-89b490798feb,46.327,488.438
deep-researcher-1786004709-c9a19619d71e,46.357,480.859
data-analyst-1786004709-70a9fa0412d8,46.372,545.109
wide-researcher-1786004709-08119aead56e,46.420,258.882
reviewer-1786004709-e740fe0689b8,46.439,365.668
deep-researcher-1786004709-f5f25c2ce593,46.475,367.147
data-analyst-1786004709-b50f5142982a,46.496,589.253
wide-researcher-1786004709-27c32488ac2c,46.521,206.382
reviewer-1786004709-df5173e83623,46.539,362.236
deep-researcher-1786004709-99b4b2f0032e,46.562,111.062
data-analyst-1786004709-c8e808a8b57a,46.592,493.492
wide-researcher-1786004709-1a3f91e57bca,46.611,474.390
reviewer-1786004709-7da5cdfe584e,46.627,371.864
deep-researcher-1786004709-078ff7679ff0,46.660,611.044
data-analyst-1786004709-a30a745750fb,46.680,600.682
wide-researcher-1786004709-b2c3a52aaff2,46.705,167.615
reviewer-1786004709-067ae8a42a58,46.720,364.954
deep-researcher-1786004709-cd62db05adb6,46.789,678.596
data-analyst-1786004709-370a030be45a,46.843,499.358
wide-researcher-1786004709-a8305e74d79d,46.858,166.851
reviewer-1786004709-0805d1356809,46.872,459.895
deep-researcher-1786004709-417d193f4806,46.906,121.928
data-analyst-1786004709-a5f195a926b7,46.925,506.803
wide-researcher-1786004709-453debc7f092,46.944,477.213
reviewer-1786004710-2b4b475baeb5,46.968,357.589
deep-researcher-1786004710-a046491ba2ee,47.010,161.525
data-analyst-1786004710-654b5c806525,47.029,500.972
wide-researcher-1786004710-ed28cbb28489,47.050,146.048
reviewer-1786004710-32f2dc657f44,47.072,672.167
deep-researcher-1786004710-53a8053f78c4,47.165,484.028
data-analyst-1786004710-9c7e9225d2ce,47.197,369.198
wide-researcher-1786004710-9452c8df90ef,47.216,477.079
reviewer-1786004710-2777287fb3db,47.246,255.741
deep-researcher-1786004710-4f897beeaca2,47.285,162.017
data-analyst-1786004710-a4501a9eeeb1,47.321,251.388
wide-researcher-1786004710-d30c402a4ffc,47.348,505.866
reviewer-1786004710-a7d7b570f855,47.372,501.510
deep-researcher-1786004710-cd012a2cbe40,47.403,167.026
data-analyst-1786004710-4b782a138334,47.420,361.783
wide-researcher-1786004710-8e273b213f6c,47.452,131.492
reviewer-1786004710-09114a082238,47.473,611.943
data-analyst-1786004681-2bba98add709,47.512,47.512
deep-researcher-1786004710-dc962e49535d,47.521,552.615
data-analyst-1786004710-607da944a8dd,47.573,673.720
wide-researcher-1786004710-a4a1695d5d2a,47.588,169.898
reviewer-1786004710-5d43f176837e,47.634,480.030
deep-researcher-1786004710-bd28453cc3a8,47.681,101.387
data-analyst-1786004710-4c786a138e5d,47.710,501.757
wide-researcher-1786004710-533c042f96c5,47.738,438.986
reviewer-1786004710-1d68c899d068,47.771,369.589
deep-researcher-1786004710-14c50d313612,47.810,166.469
data-analyst-1786004710-207b9574e169,47.837,472.681
wide-researcher-1786004710-52f913d0f35b,47.855,166.088
reviewer-1786004710-8572059be64d,47.867,379.377
deep-researcher-1786004710-daec85f01d32,47.912,280.071
data-analyst-1786004710-617e0cf684a4,47.934,367.990
wide-researcher-1786004710-81ab19ee2e61,47.981,133.490
reviewer-1786004711-e0a993ae140e,48.011,361.437
deep-researcher-1786004711-79f586cd87ba,48.041,371.804
data-analyst-1786004711-6e77335e3b93,48.058,375.337
wide-researcher-1786004711-84f2f39385ea,48.070,164.156
reviewer-1786004711-f27adfbf645b,48.086,363.432
deep-researcher-1786004711-0ac2aa51008f,48.116,256.430
data-analyst-1786004683-cf41edd358eb,48.117,52.477
data-analyst-1786004711-559c8b775ea9,48.129,404.296
wide-researcher-1786004711-4474b9e7bbe0,48.146,296.962
reviewer-1786004711-ee063ae80b6d,48.163,498.152
deep-researcher-1786004711-4073b51a177a,48.193,167.723
data-analyst-1786004711-73e58244b345,48.220,183.410
wide-researcher-1786004711-01e4d785fdaf,48.232,247.777
reviewer-1786004711-f7baf27f5a4a,48.244,457.736
deep-researcher-1786004711-0b6509c6d588,48.298,183.425
data-analyst-1786004711-2b7888a3b40d,48.341,357.854
wide-researcher-1786004711-5251cfdf586c,48.369,248.675
reviewer-1786004711-f0a946c95a52,48.394,590.259
deep-researcher-1786004711-51e0d9082789,48.431,251.125
data-analyst-1786004711-8bbb1264aa31,48.454,415.360
wide-researcher-1786004711-99a7ca26d649,48.478,123.698
reviewer-1786004711-68760a88ea0d,48.495,475.735
deep-researcher-1786004711-dee5d0922376,48.530,628.001
data-analyst-1786004711-aa543aa9059a,48.561,362.184
wide-researcher-1786004711-2fe3f3e15fa7,48.589,189.084
reviewer-1786004711-37846ee8cfea,48.676,477.047
deep-researcher-1786004711-e288ec50971f,48.715,250.174
data-analyst-1786004711-f7e745899681,48.731,359.847
wide-researcher-1786004711-f8d1122ecdff,48.757,166.434
reviewer-1786004711-d22643f1ca81,48.775,257.152
deep-researcher-1786004711-e71a90c9c120,48.831,187.574
data-analyst-1786004711-aaed806cca89,48.849,601.669
wide-researcher-1786004711-d80817d724ee,48.879,187.875
reviewer-1786004711-fb270d10c7b8,48.896,373.598
deep-researcher-1786004711-e433c2116d48,48.924,474.576
data-analyst-1786004711-eae71893097d,48.946,255.502
wide-researcher-1786004712-4b0335a31a55,48.971,233.391
reviewer-1786004712-b7dbddf8b75a,48.984,376.808
deep-researcher-1786004712-fa1bae0468c3,49.022,258.968
data-analyst-1786004712-6f4e5b080edb,49.035,263.135
wide-researcher-1786004712-59e5c66e4338,49.056,289.878
reviewer-1786004712-d8da6d4a03e1,49.081,433.368
deep-researcher-1786004712-087c13b0bd4a,49.134,606.088
data-analyst-1786004712-dc88b2d1b36a,49.150,600.461
wide-researcher-1786004712-338e2883bb6a,49.162,369.401
reviewer-1786004712-a3c0696cfbfb,49.188,364.907
deep-researcher-1786004712-2c35430d01ec,49.223,605.831
data-analyst-1786004712-115b1957e6bf,49.257,531.471
wide-researcher-1786004712-c78220153594,49.280,540.620
reviewer-1786004712-b89284fa26a8,49.292,648.301
deep-researcher-1786004712-44887562b589,49.348,166.415
data-analyst-1786004712-e964e0143b6e,49.361,487.131
wide-researcher-1786004712-4fcbd9b62c6c,49.378,598.914
data-analyst-1786004685-5a3ee10ee27d,49.422,66.582
reviewer-1786004712-70003b0f4806,49.423,493.298
deep-researcher-1786004712-4005cac182dd,49.480,166.152
data-analyst-1786004712-3d803aaf342b,49.500,473.458
wide-researcher-1786004712-7437295e0a5e,49.521,248.954
reviewer-1786004712-089204af08c3,49.538,487.323
deep-researcher-1786004712-86b30e1c0240,49.568,248.458
data-analyst-1786004712-546c9fef49c9,49.580,299.237
wide-researcher-1786004712-436e572278c2,49.592,279.575
reviewer-1786004712-07e073298e13,49.605,602.455
deep-researcher-1786004712-d870554ff9a1,49.643,164.445
data-analyst-1786004712-2ef91b56f462,49.661,610.809
wide-researcher-1786004712-306bb814075f,49.727,426.480
reviewer-1786004712-1dfa2c4b6857,49.741,378.963
deep-researcher-1786004712-a2fe1cfc3628,49.768,599.636
data-analyst-1786004712-0c9e11c7b5ba,49.794,386.511
wide-researcher-1786004712-bacd5d313a18,49.851,260.174
reviewer-1786004712-77f75f905e45,49.883,358.201
deep-researcher-1786004712-a3325ea8be4e,49.911,194.697
data-analyst-1786004712-098b6f404980,49.927,482.524
wide-researcher-1786004712-92294f8ca752,49.949,604.395
reviewer-1786004713-05c055879120,49.968,365.954
deep-researcher-1786004713-090d7e21a464,50.002,207.418
data-analyst-1786004713-c8977b64cf43,50.014,491.789
wide-researcher-1786004713-d66442f99bb3,50.038,257.233
reviewer-1786004713-7eaf2526f5f3,50.055,482.911
deep-researcher-1786004713-307097fe2935,50.082,168.858
data-analyst-1786004713-f11b561157a4,50.103,550.998
wide-researcher-1786004713-6bae1fec8bb9,50.130,382.193
reviewer-1786004713-3edd97c964a3,50.155,400.322
deep-researcher-1786004713-9682aed9f061,50.194,250.975
data-analyst-1786004713-1c0f838cb463,50.217,488.098
wide-researcher-1786004713-a0581c7c6496,50.252,167.106
reviewer-1786004713-5f2111c00f57,50.270,305.567
deep-researcher-1786004713-1caf640cc2ae,50.386,291.050
data-analyst-1786004713-af562e69b5fb,50.402,510.750
wide-researcher-1786004713-e893b552315e,50.420,247.112
reviewer-1786004713-6b181abd0114,50.480,365.588
deep-researcher-1786004713-5529fdb617ed,50.527,211.529
data-analyst-1786004713-8db55d81f888,50.541,547.906
wide-researcher-1786004713-092b0e9b4ea7,50.569,165.846
reviewer-1786004713-392f67349bba,50.594,605.525
deep-researcher-1786004713-4200d0f8839d,50.621,621.948
data-analyst-1786004713-6d83af64d20e,50.644,257.792
wide-researcher-1786004713-9ca7462e6a5f,50.657,366.578
reviewer-1786004713-d3b7d68db319,50.670,477.673
deep-researcher-1786004713-08ea7d80a0bc,50.705,165.996
data-analyst-1786004713-2c5c052cce57,50.733,475.458
wide-researcher-1786004713-3b24c858deb9,50.753,499.516
reviewer-1786004713-38674c4d3dc6,50.799,598.812
deep-researcher-1786004713-0af186cd4d51,50.850,165.754
data-analyst-1786004713-f78a36042f2a,50.867,600.975
wide-researcher-1786004713-c3b1738d0d9d,50.885,169.650
reviewer-1786004713-75c259001ec6,50.930,619.094
deep-researcher-1786004713-e67c5c9d9fb0,50.992,590.422
data-analyst-1786004714-98157eb2eb97,51.029,463.422
wide-researcher-1786004714-3f2b7ac03974,51.047,134.097
reviewer-1786004714-f55a76682d40,51.059,364.023
deep-researcher-1786004714-4b3a529016fb,51.090,186.074
data-analyst-1786004714-1ceb7eb0774d,51.111,587.469
wide-researcher-1786004714-98e67c9a144e,51.124,224.290
reviewer-1786004714-f2b6551f323a,51.149,258.743
deep-researcher-1786004714-d641872b43fa,51.178,223.741
data-analyst-1786004714-a16673f841bc,51.194,422.015
wide-researcher-1786004714-f68bf569c724,51.249,249.400
reviewer-1786004714-4218cc0e1fc8,51.261,473.809
deep-researcher-1786004714-a9880d535932,51.302,162.343
data-analyst-1786004714-f04c9c52fb07,51.354,272.728
wide-researcher-1786004714-7ddecd4812d2,51.366,331.601
reviewer-1786004714-edf7dc6356fd,51.393,368.864
deep-researcher-1786004714-6699ab78c22f,51.427,265.443
data-analyst-1786004714-f30d47ee9cba,51.440,495.855
wide-researcher-1786004714-954883a96132,51.457,484.182
reviewer-1786004714-f208419e7d59,51.478,378.642
deep-researcher-1786004714-cd8ddb83d29e,51.517,569.363
data-analyst-1786004714-9baada7d56e3,51.529,249.371
wide-researcher-1786004714-362feb9ccf6f,51.552,497.754
reviewer-1786004714-da2cfc173049,51.564,481.770
deep-researcher-1786004714-cbb3780c444e,51.598,589.711
data-analyst-1786004714-7647820f9dd0,51.616,623.019
wide-researcher-1786004714-16fa2e579bed,51.677,193.490
reviewer-1786004714-27a39ac91c72,51.695,497.353
deep-researcher-1786004714-f148a3b8a21b,51.741,352.623
data-analyst-1786004714-30c8ad83bbd7,51.764,475.550
data-analyst-1786004684-4045b864a033,51.778,52.651
wide-researcher-1786004714-43c29a58f417,51.782,260.403
reviewer-1786004714-c0cb93dcc2d5,51.794,486.800
deep-researcher-1786004714-0e161188ec5c,51.853,538.932
data-analyst-1786004714-dbba9c728e29,51.893,457.212
wide-researcher-1786004714-96812fe6c0ca,51.905,171.989
reviewer-1786004714-2b8a3fb3fe78,51.922,495.475
deep-researcher-1786004714-2aa98a67ed23,51.990,208.949
data-analyst-1786004715-a97c910a54d8,52.003,365.369
wide-researcher-1786004715-c8eff985cd85,52.043,163.188
reviewer-1786004715-843465587dfb,52.055,182.584
deep-researcher-1786004715-7e1c84676e82,52.100,537.284
data-analyst-1786004715-41ccd1b01f43,52.118,352.060
wide-researcher-1786004715-a1a73b727f0a,52.134,170.534
reviewer-1786004715-e1b0085ae0f8,52.157,614.129
deep-researcher-1786004715-8887848a835d,52.190,247.098
data-analyst-1786004715-981f8d81bc24,52.217,482.976
wide-researcher-1786004715-5d0f8c58e268,52.245,204.699
reviewer-1786004715-cecf487ed73f,52.268,375.381
deep-researcher-1786004715-efb35f0e836b,52.307,361.748
data-analyst-1786004715-8431209d6791,52.326,479.437
wide-researcher-1786004715-a4f640c94ea4,52.355,253.942
reviewer-1786004715-478e358a7e9c,52.380,487.782
deep-researcher-1786004715-892a357bd447,52.446,449.655
data-analyst-1786004715-6738853670ab,52.545,625.754
wide-researcher-1786004715-f53c2a3212bd,52.559,617.054
reviewer-1786004715-d717909bed43,52.573,265.551
deep-researcher-1786004715-cdce0a2d88fa,52.603,472.788
data-analyst-1786004715-16f6cf5fd479,52.622,593.243
wide-researcher-1786004715-a6571a3d81d2,52.664,533.370
reviewer-1786004715-655fc913fa07,52.678,376.705
deep-researcher-1786004715-e201e86ccb61,52.708,247.724
data-analyst-1786004715-f3f876c2ded4,52.756,443.697
wide-researcher-1786004715-fe43a3bbb47a,52.770,162.536
reviewer-1786004715-5c9eb306e090,52.784,474.919
data-analyst-1786004691-bb5555c9348a,52.814,97.302
deep-researcher-1786004715-a18ec0a8737c,52.868,170.093
data-analyst-1786004715-a5738fc8ef1a,52.882,368.242
wide-researcher-1786004715-0b2e75059119,52.904,259.883
reviewer-1786004715-4774b5ff9705,52.933,381.277
deep-researcher-1786004716-4e2a5a3707bc,52.992,166.103
data-analyst-1786004716-8ba05706f60a,53.007,494.586
wide-researcher-1786004716-853236539825,53.026,167.768
reviewer-1786004716-27ec62b47e51,53.045,498.073
deep-researcher-1786004716-830697510b74,53.079,233.261
data-analyst-1786004691-92172cc47904,53.094,162.617
data-analyst-1786004716-9b334b0138f3,53.109,368.207
wide-researcher-1786004716-d05031a5c8d5,53.132,452.412
data-analyst-1786004692-5823c4124fe5,53.133,103.950
data-analyst-1786004692-6f67082d5787,53.184,97.186
reviewer-1786004716-a7a15863d4fe,53.184,490.452
deep-researcher-1786004716-49bf5dbcc50f,53.240,651.137
data-analyst-1786004716-4bd0256a56ae,53.275,693.639
wide-researcher-1786004716-ce9624ea44c6,53.304,504.005
reviewer-1786004716-323dab4d9ef1,53.317,370.461
deep-researcher-1786004716-729359745166,53.368,496.485
data-analyst-1786004716-e42606d87354,53.399,480.572
wide-researcher-1786004716-bd1ebd8f2341,53.413,177.192
reviewer-1786004716-bf3a18911296,53.441,401.763
deep-researcher-1786004716-e08681dfcae5,53.480,622.057
data-analyst-1786004716-5f493076e7cd,53.509,335.673
wide-researcher-1786004716-8e53d148bbc8,53.541,161.587
reviewer-1786004716-cb00cb8612bd,53.555,484.581
deep-researcher-1786004716-5a84aec0d0c4,53.611,629.296
data-analyst-1786004716-9c9c10820bbc,53.634,376.350
wide-researcher-1786004716-2820c767bac6,53.662,382.924
reviewer-1786004716-9ae034bad31e,53.680,260.883
deep-researcher-1786004716-c49cc79de80a,53.721,262.332
data-analyst-1786004716-92c8ad3595d5,53.749,524.530
wide-researcher-1786004716-7d235f0b3dfe,53.777,139.843
reviewer-1786004716-91cb58f4f24b,53.791,492.133
data-analyst-1786004689-44af18fd6ab4,53.882,53.882
deep-researcher-1786004716-d2c92ec8266f,53.896,165.534
data-analyst-1786004689-c5540efb8956,53.896,53.901
data-analyst-1786004716-e6f01ba012da,53.956,474.696
data-analyst-1786004689-e378bbea057b,53.961,53.962
wide-researcher-1786004716-7fae44d7f5aa,53.971,194.561
reviewer-1786004716-d2a750600599,53.993,380.364
deep-researcher-1786004717-2b854ed3bb6c,54.050,608.051
data-analyst-1786004694-571153964e8b,54.065,105.975
data-analyst-1786004717-e45a06544928,54.069,505.806
wide-researcher-1786004717-88acad6ac875,54.081,167.244
reviewer-1786004717-7f96a915f4c5,54.094,367.873
deep-researcher-1786004717-b9f5233f39fa,54.140,259.243
data-analyst-1786004717-545db2311764,54.173,299.139
wide-researcher-1786004717-7163573c8d90,54.187,250.663
reviewer-1786004717-e826e0ddf24b,54.201,512.125
deep-researcher-1786004717-a881ca07ae06,54.242,162.230
data-analyst-1786004717-ed603fed7088,54.271,598.728
wide-researcher-1786004717-db6c9ee4228f,54.285,253.370
reviewer-1786004717-cb88edf362c6,54.304,622.889
data-analyst-1786004689-b045cbe5f7c0,54.333,54.334
deep-researcher-1786004717-cdb7d6abebe2,54.355,262.739
data-analyst-1786004717-0a6be9b31044,54.374,451.224
wide-researcher-1786004717-2ddbfd77ad50,54.389,273.595
data-analyst-1786004689-f1fc87a446f0,54.403,54.404
reviewer-1786004717-e5b3147be5be,54.412,476.538
deep-researcher-1786004717-ae51f54b9a3f,54.444,667.825
data-analyst-1786004717-99556b108fb5,54.495,368.773
wide-researcher-1786004717-a379ac1ae877,54.513,204.562
reviewer-1786004717-e0eaf6c1d1a1,54.527,600.202
deep-researcher-1786004717-100127c689c7,54.556,248.843
data-analyst-1786004717-efd117f5fe9e,54.571,613.912
wide-researcher-1786004717-da9472ef5bc8,54.590,600.053
reviewer-1786004717-494b49b96ce4,54.613,475.397
deep-researcher-1786004717-a93d5b8435c1,54.643,166.353
data-analyst-1786004717-d9a118a155f1,54.694,607.075
wide-researcher-1786004717-ee96310d303f,54.717,247.081
reviewer-1786004717-d53d0d340ee2,54.779,372.189
deep-researcher-1786004717-76075d719cb6,54.809,616.090
data-analyst-1786004717-40f889f5a4c0,54.825,489.212
wide-researcher-1786004717-83c4c9f6e645,54.844,178.017
reviewer-1786004717-f4bdb1ef1679,54.873,359.574
data-analyst-1786004690-cc1094d7df07,54.912,54.912
deep-researcher-1786004717-5c9886bc4b6b,54.926,222.514
data-analyst-1786004717-b5a006c5119c,54.949,373.551
wide-researcher-1786004717-44234c482815,54.969,474.889
reviewer-1786004718-b86c4c248b3e,54.992,704.851
deep-researcher-1786004718-6e1ef0d770c2,55.025,524.900
data-analyst-1786004718-2dc84486903c,55.052,598.313
wide-researcher-1786004718-4a8a84e87531,55.069,175.610
data-analyst-1786004696-d9b9004d2de5,55.070,96.719
reviewer-1786004718-4156ee36f2f9,55.081,358.472
deep-researcher-1786004718-24298ed53369,55.128,336.274
data-analyst-1786004718-ff58fe7faa19,55.147,600.712
data-analyst-1786004689-24caff235733,55.172,55.172
wide-researcher-1786004718-2e2d0c59d986,55.173,402.798
reviewer-1786004718-7a3ce37e1733,55.188,413.169
data-analyst-1786004689-c23e6eba9f5b,55.205,55.205
deep-researcher-1786004718-05d2b368dafc,55.231,199.176
data-analyst-1786004718-b9bb7d51f619,55.248,496.423
wide-researcher-1786004718-0989daed8746,55.265,474.375
data-analyst-1786004696-d9cb00637b6e,55.274,97.527
reviewer-1786004718-9beeb35d27b7,55.286,356.672
data-analyst-1786004696-9fdfd94d0595,55.286,110.685
deep-researcher-1786004718-5a5489d6d77f,55.310,203.192
data-analyst-1786004718-d11813039202,55.401,475.901
wide-researcher-1786004718-a75c6041c272,55.457,251.903
data-analyst-1786004696-674bbfd99fb3,55.467,97.515
reviewer-1786004718-d7b5edc39e7d,55.476,611.598
deep-researcher-1786004718-00b93ff45e60,55.512,630.584
data-analyst-1786004718-184bcd889de9,55.542,311.563
wide-researcher-1786004718-c83732440e3e,55.561,177.211
reviewer-1786004718-80551b72abdf,55.597,390.710
data-analyst-1786004692-dd0cd35c1b69,55.615,161.260
deep-researcher-1786004718-65c5550d7b88,55.623,192.974
data-analyst-1786004718-c0f809f94769,55.644,304.892
wide-researcher-1786004718-144949fe9042,55.658,256.611
reviewer-1786004718-0215280507a1,55.676,322.357
deep-researcher-1786004718-8601166c07f3,55.704,372.720
data-analyst-1786004718-150fb285a04a,55.722,286.269
wide-researcher-1786004718-6cf47475b196,55.754,248.421
reviewer-1786004718-c6ae4619b580,55.792,363.448
deep-researcher-1786004718-95b42052daeb,55.823,253.321
data-analyst-1786004718-4a1fd7767b9a,55.860,260.463
wide-researcher-1786004718-21d874f244dc,55.892,406.906
reviewer-1786004718-ee6fb74e4439,55.906,502.550
data-analyst-1786004697-647b37d6581c,55.939,98.293
deep-researcher-1786004718-9224232e8aa3,55.957,163.320
data-analyst-1786004719-3f2d56c6a994,55.982,257.217
wide-researcher-1786004719-24eac2fc29bf,56.006,270.096
reviewer-1786004719-01371f6dbd6d,56.025,479.759
data-analyst-1786004697-8f0ad5625093,56.040,97.250
deep-researcher-1786004719-c9c8edf2130b,56.058,160.648
data-analyst-1786004719-e695c9b23362,56.076,474.950
wide-researcher-1786004719-e69853463242,56.105,166.773
reviewer-1786004719-91418e8642f5,56.130,496.962
deep-researcher-1786004719-77495af5e634,56.201,481.534
data-analyst-1786004719-ac16ab6c8e7a,56.229,589.599
wide-researcher-1786004719-15610428a212,56.256,508.670
reviewer-1786004719-a54023d0c172,56.285,522.775
deep-researcher-1786004719-4bf4293e864e,56.327,317.548
data-analyst-1786004719-50d40e271ef1,56.340,412.049
wide-researcher-1786004719-73651ba74ebc,56.381,472.774
reviewer-1786004719-4b023e7ca881,56.430,375.094
deep-researcher-1786004719-17dae305be4f,56.468,378.870
data-analyst-1786004690-645b8b85c7fd,56.498,96.602
data-analyst-1786004719-a4ff1c0b554b,56.506,481.575
wide-researcher-1786004719-79c95921565b,56.518,219.182
reviewer-1786004719-ed345cf1dd41,56.535,485.153
deep-researcher-1786004719-bdf23805fbf0,56.570,368.729
data-analyst-1786004719-24cd358e7232,56.583,477.765
wide-researcher-1786004719-d8c80e12a2ae,56.601,168.576
reviewer-1786004719-6be081256330,56.635,497.432
deep-researcher-1786004719-fc12e1dde0d0,56.665,257.665
data-analyst-1786004719-760c4cd4ac9f,56.684,501.891
wide-researcher-1786004719-af401ccff9f3,56.702,375.323
data-analyst-1786004692-6895bd15a37d,56.725,56.725
data-analyst-1786004690-cafc2940d055,56.738,56.738
reviewer-1786004719-c1ce5540bb56,56.746,430.494
deep-researcher-1786004719-8e35d0ee6825,56.774,172.833
data-analyst-1786004719-869afe20b488,56.792,365.136
wide-researcher-1786004719-2edac60c1a5d,56.806,496.268
reviewer-1786004719-63e25846747c,56.820,490.737
deep-researcher-1786004719-bddeba9c58a0,56.916,597.167
data-analyst-1786004719-b0e1c3abac15,56.967,472.579
wide-researcher-1786004719-e3d12b6c1777,56.981,587.112
reviewer-1786004719-0adf4a543ef2,56.995,558.181
data-analyst-1786004694-bd180eb1f21b,57.017,57.017
deep-researcher-1786004720-d23e747e42b9,57.031,285.749
data-analyst-1786004720-22d033b24d09,57.076,501.656
wide-researcher-1786004720-500d00747eb5,57.103,601.005
reviewer-1786004720-48cd92dbd1dc,57.117,426.515
data-analyst-1786004699-0841d3627417,57.127,138.301
deep-researcher-1786004720-2cb9ed010e95,57.158,256.080
data-analyst-1786004720-a16723d95d0a,57.187,321.830
wide-researcher-1786004720-49d74f529d35,57.212,177.938
reviewer-1786004720-d4216fde9c78,57.233,677.321
deep-researcher-1786004720-15de0fa665d7,57.267,360.789
data-analyst-1786004720-1066e9b99f6d,57.298,675.709
wide-researcher-1786004720-87f5b91b4d08,57.317,258.208
reviewer-1786004720-6a4264cf1484,57.340,493.991
data-analyst-1786004691-2bb99cf728a4,57.345,57.346
deep-researcher-1786004720-2bf941c4b8a2,57.371,377.475
data-analyst-1786004720-dcf6c3193e2a,57.401,199.159
wide-researcher-1786004720-5ae794917d64,57.415,554.737
data-analyst-1786004692-36680f5f96f3,57.421,57.421
reviewer-1786004720-a96a30666a5f,57.473,396.942
deep-researcher-1786004720-17c9822662a3,57.537,496.915
data-analyst-1786004720-91b62642bf89,57.562,496.783
wide-researcher-1786004720-c45724c2513d,57.576,266.953
reviewer-1786004720-a7bdb2268e88,57.609,489.536
deep-researcher-1786004720-599e30654f4d,57.637,486.954
data-analyst-1786004699-e5b946114ac5,57.680,96.822
data-analyst-1786004688-3b596f6914c4,57.694,57.694
data-analyst-1786004720-2a7f76aeb91e,57.712,375.352
wide-researcher-1786004720-fa2326c1ef05,57.735,167.356
reviewer-1786004720-091ec633410e,57.770,630.799
deep-researcher-1786004720-00e19e0d8002,57.803,252.099
data-analyst-1786004720-0ce319c4effd,57.832,421.649
wide-researcher-1786004720-5a272b936ce7,57.894,166.567
reviewer-1786004720-44c29c783444,57.948,380.064
deep-researcher-1786004720-735672e063f0,58.009,253.679
data-analyst-1786004720-925eb2be1587,58.027,475.751
wide-researcher-1786004721-5535635d6c82,58.045,276.825
reviewer-1786004721-b11af24da8e1,58.059,614.689
deep-researcher-1786004721-30dde2f9d321,58.089,614.976
data-analyst-1786004721-dbbbfc27a3b9,58.112,495.886
data-analyst-1786004700-75bf260e413e,58.122,112.297
data-analyst-1786004692-693888dd1e35,58.135,58.135
wide-researcher-1786004721-11e5451e0a3b,58.143,174.037
reviewer-1786004721-0b935a59228a,58.176,409.300
deep-researcher-1786004721-16953defac90,58.210,284.078
data-analyst-1786004694-12c1036d7850,58.215,58.216
data-analyst-1786004696-882115f7cf11,58.229,58.230
data-analyst-1786004721-dec0ceac646f,58.258,326.301
data-analyst-1786004691-b400516c03ea,58.263,58.264
wide-researcher-1786004721-65cbcbe90dea,58.309,369.226
reviewer-1786004721-9eb67636877c,58.322,522.097
deep-researcher-1786004721-e4d3ea2b7c9d,58.350,223.663
data-analyst-1786004721-cd4c97657d02,58.479,369.343
wide-researcher-1786004721-87bcafd0b4ea,58.505,227.680
reviewer-1786004721-4e4d0e8cfbcd,58.518,385.249
data-analyst-1786004700-ad3095185edf,58.545,108.457
deep-researcher-1786004721-af0e3f61da81,58.549,626.814
data-analyst-1786004700-e8069fc53244,58.563,201.545
data-analyst-1786004721-01233f81a192,58.568,370.683
wide-researcher-1786004721-a9cdbe922bdd,58.592,560.517
reviewer-1786004721-4fe075fdb926,58.621,619.350
deep-researcher-1786004721-71e42fb97132,58.657,166.531
data-analyst-1786004721-752427f496a2,58.677,407.948
wide-researcher-1786004721-1b2ecab4c8af,58.707,486.113
reviewer-1786004721-8fc528759407,58.726,364.187
deep-researcher-1786004721-b12651a5183e,58.762,162.328
data-analyst-1786004721-26f0daf6a3e5,58.782,598.826
wide-researcher-1786004721-e2bb756143d2,58.811,145.343
data-analyst-1786004696-7b5ff6324c1a,58.811,58.816
data-analyst-1786004692-241b44c48afd,58.830,58.831
reviewer-1786004721-6fdc7d5714b5,58.834,596.934
data-analyst-1786004688-75e86c742c82,58.863,58.864
deep-researcher-1786004721-275f9cddae4d,58.883,347.473
data-analyst-1786004721-6884ae61142b,58.913,365.940
wide-researcher-1786004721-e831599d2072,58.929,218.811
reviewer-1786004721-8804c6bef0ca,58.979,541.148
deep-researcher-1786004722-2565a1c26b65,59.054,172.818
data-analyst-1786004722-848e3524e570,59.078,486.300
wide-researcher-1786004722-1ece518eefb6,59.093,248.326
reviewer-1786004722-feafbec8ab95,59.127,379.789
data-analyst-1786004692-b5f5a6150b83,59.149,59.149
deep-researcher-1786004722-f768699f9d67,59.164,167.271
data-analyst-1786004722-de48b466e87d,59.214,596.399
wide-researcher-1786004722-0db8ce36c94f,59.233,164.274
data-analyst-1786004701-27f69b6b3348,59.259,98.313
reviewer-1786004722-7030d0c2fa47,59.272,618.884
data-analyst-1786004701-02fecf44c68c,59.273,115.923
deep-researcher-1786004722-082610948753,59.318,231.539
data-analyst-1786004722-3ea8baf85807,59.342,481.725
wide-researcher-1786004722-26c181dc2444,59.395,248.247
reviewer-1786004722-176d3d59d286,59.445,395.645
deep-researcher-1786004722-2c835c897ece,59.514,474.904
data-analyst-1786004722-7b262ca70d2d,59.528,418.698
wide-researcher-1786004722-647ac1b9de21,59.547,164.062
reviewer-1786004722-4f56b60620ea,59.571,602.350
deep-researcher-1786004722-ce928cf04c7e,59.623,189.101
data-analyst-1786004722-ce3079f83807,59.653,367.497
data-analyst-1786004692-9d4d8091f7c2,59.678,59.678
wide-researcher-1786004722-d118c0459700,59.686,288.288
reviewer-1786004722-886bcae736c8,59.700,486.313
deep-researcher-1786004722-f6f41891a907,59.731,281.082
data-analyst-1786004698-2ad5a8b2bb62,59.749,97.795
data-analyst-1786004722-90bcc2e5c519,59.759,319.878
wide-researcher-1786004722-23f80f43b899,59.799,472.874
reviewer-1786004722-eacd0d1471da,59.819,363.400
deep-researcher-1786004722-7c8cd1733898,59.854,157.973
data-analyst-1786004722-2fd48cba9796,59.874,616.725
wide-researcher-1786004722-5a14a420d556,59.991,184.954
reviewer-1786004722-515462ed8324,60.021,499.547
deep-researcher-1786004722-218b16a75f7c,60.065,259.472
data-analyst-1786004723-e735acc1bf12,60.100,364.288
wide-researcher-1786004723-88ff987ad3ed,60.137,292.680
reviewer-1786004723-61fc2e0b9358,60.150,499.458
deep-researcher-1786004723-aec8a238c408,60.186,363.986
data-analyst-1786004723-0a027e58d26b,60.217,374.854
wide-researcher-1786004723-29068804297a,60.237,247.131
reviewer-1786004723-682209eb6e1d,60.272,590.288
deep-researcher-1786004723-0a01353c5279,60.316,169.093
data-analyst-1786004723-0e796a2ed109,60.341,264.134
wide-researcher-1786004723-c5cdaf44c87b,60.364,258.649
reviewer-1786004723-e8bb6aa97cee,60.403,589.501
deep-researcher-1786004723-d7f98894015b,60.497,319.300
data-analyst-1786004696-215d21c75f99,60.529,96.763
data-analyst-1786004723-1555bf44a24d,60.570,504.053
wide-researcher-1786004723-c5275a4cbdb9,60.593,164.671
reviewer-1786004723-a184834b2baf,60.606,587.768
data-analyst-1786004697-fc2fe185b720,60.616,96.892
data-analyst-1786004696-1aabe908941c,60.634,60.634
deep-researcher-1786004723-f39a07ef5d62,60.638,372.637
data-analyst-1786004699-c8fcfa096592,60.653,96.315
data-analyst-1786004723-7902422a131c,60.674,473.632
data-analyst-1786004702-280c016832d9,60.694,171.959
wide-researcher-1786004723-1f4e33825579,60.722,483.324
data-analyst-1786004699-2a39dfbc1226,60.727,127.716
reviewer-1786004723-4317cb9fd607,60.736,485.230
deep-researcher-1786004723-c98b952e7082,60.787,672.056
data-analyst-1786004723-e1a7b46750ca,60.801,607.630
wide-researcher-1786004723-1ab3109bab41,60.825,494.267
reviewer-1786004723-3fd7f21e21d4,60.853,500.499
deep-researcher-1786004723-2ba91e21d103,60.906,494.184
data-analyst-1786004723-82a9826917bf,60.962,489.413
wide-researcher-1786004723-c8abff999b80,61.024,390.931
reviewer-1786004724-5ef816664f6e,61.037,473.119
deep-researcher-1786004724-08ea6972d453,61.082,146.191
data-analyst-1786004724-4bcc50a40388,61.096,676.378
wide-researcher-1786004724-cd6008b83141,61.128,494.840
reviewer-1786004724-9688582814d2,61.160,610.111
deep-researcher-1786004724-7476338e313c,61.210,454.290
data-analyst-1786004724-15669f621e40,61.222,595.865
wide-researcher-1786004724-799edb106534,61.244,260.030
reviewer-1786004724-63c6f70b1d24,61.272,473.841
data-analyst-1786004703-98628d3115e7,61.285,98.771
data-analyst-1786004703-ed6864a3009c,61.298,253.833
deep-researcher-1786004724-ff53bd9a5584,61.306,494.020
data-analyst-1786004724-cc33b5037681,61.347,484.640
wide-researcher-1786004724-afa0b04951f2,61.374,165.082
data-analyst-1786004689-12213aa378f3,61.428,61.428
reviewer-1786004724-f69a5716779e,61.482,597.041
data-analyst-1786004703-119d94b12b55,61.490,97.391
deep-researcher-1786004724-b0039a5d0c38,61.530,631.003
data-analyst-1786004724-54a244c16e19,61.543,412.013
wide-researcher-1786004724-d89e64c67438,61.555,359.671
reviewer-1786004724-5d3a581c8d8e,61.574,601.425
deep-researcher-1786004724-efe80686da5a,61.610,162.663
data-analyst-1786004724-2278310e04a0,61.637,260.159
wide-researcher-1786004724-00a773082f98,61.655,254.340
reviewer-1786004724-cf33bbdc588b,61.694,507.797
deep-researcher-1786004724-fa42a0bf1f0f,61.725,166.584
data-analyst-1786004724-4b16fce10b31,61.751,482.558
wide-researcher-1786004724-e3e8e7c7d2b9,61.779,443.816
reviewer-1786004724-d8c722e9bf5b,61.792,591.059
deep-researcher-1786004724-7fc94f904581,61.825,606.059
data-analyst-1786004724-00a8a0eb7b23,61.848,275.028
data-analyst-1786004691-c4c311195d13,61.857,61.857
wide-researcher-1786004724-14244655e98a,61.865,590.302
reviewer-1786004724-a12814d874a4,61.901,363.089
deep-researcher-1786004724-da2c4fb72ebf,61.988,168.563
data-analyst-1786004697-d94c932b350e,62.012,62.012
data-analyst-1786004694-5d77cc8b34be,62.026,62.027
data-analyst-1786004697-6328963b410d,62.042,62.042
data-analyst-1786004698-b43b91b9b4d8,62.070,62.070
data-analyst-1786004724-d482069fe383,62.074,275.125
data-analyst-1786004689-c5e94d049322,62.087,62.088
wide-researcher-1786004725-9cb9b4161234,62.100,162.374
reviewer-1786004725-e356c19f1359,62.113,520.833
data-analyst-1786004698-9ac2f887c7ee,62.123,62.123
deep-researcher-1786004725-09e856620105,62.148,493.614
data-analyst-1786004725-0bf17723eb26,62.160,427.332
data-analyst-1786004700-67a496968aed,62.212,62.212
wide-researcher-1786004725-e6cf21fbc5ed,62.220,293.851
reviewer-1786004725-b3eac3ad2acc,62.238,482.287
data-analyst-1786004697-659821a84602,62.247,96.637
deep-researcher-1786004725-2238c5b543a0,62.269,521.936
data-analyst-1786004725-13f33850e3e9,62.296,375.368
wide-researcher-1786004725-68a36a8fd9e8,62.309,162.900
reviewer-1786004725-b263fa6bed6a,62.338,528.305
deep-researcher-1786004725-e43837f82f0e,62.376,175.405
data-analyst-1786004694-608be69829bb,62.401,62.401
data-analyst-1786004725-d952d11daac8,62.409,499.577
wide-researcher-1786004725-1f4836d12cc8,62.467,478.821
reviewer-1786004725-59f396c1d2cc,62.485,428.142
deep-researcher-1786004725-5170330670d7,62.522,165.624
data-analyst-1786004700-0eec4952f4e0,62.532,111.348
data-analyst-1786004725-d5ca33a6cef3,62.536,602.411
wide-researcher-1786004725-9aac1dfa6392,62.548,493.628
reviewer-1786004725-b4325f2c0e6e,62.561,534.894
deep-researcher-1786004725-67404220a018,62.607,273.014
data-analyst-1786004725-60ea700f688f,62.650,379.249
data-analyst-1786004704-cdd5510d870c,62.660,97.780
wide-researcher-1786004725-da40cdb19ec3,62.673,248.091
data-analyst-1786004704-8f3f08947b9f,62.674,165.738
reviewer-1786004725-72ac027eac89,62.709,481.219
deep-researcher-1786004725-f5e3a0bbf43b,62.756,358.523
data-analyst-1786004702-c9851da9c443,62.770,254.356
data-analyst-1786004725-66782b8afbef,62.778,484.059
wide-researcher-1786004725-88bb92462063,62.790,497.725
reviewer-1786004725-6d9ac28b696f,62.813,674.543
data-analyst-1786004697-ccf739f3935f,62.826,96.750
deep-researcher-1786004725-ffc36db83acb,62.854,360.960
data-analyst-1786004725-14edd0b10f90,62.886,356.341
wide-researcher-1786004725-f1f82f3d3744,62.993,515.863
reviewer-1786004725-764ac3acc731,63.037,676.049
deep-researcher-1786004725-c11dbb74eb61,63.065,619.027
data-analyst-1786004704-b911e50155fe,63.066,130.118
data-analyst-1786004726-695c649b2e5a,63.083,477.336
data-analyst-1786004704-7b5b26f93ad1,63.084,99.457
wide-researcher-1786004726-d35f73e20f4c,63.097,163.339
data-analyst-1786004704-a1524e80adac,63.103,170.275
reviewer-1786004726-5ff52a85ca72,63.121,318.229
data-analyst-1786004694-29b26bfcf510,63.150,63.150
deep-researcher-1786004726-4a38dc7ddc8b,63.180,247.524
data-analyst-1786004726-ef6a60da3de1,63.208,377.673
wide-researcher-1786004726-eddea5d250da,63.222,260.772
reviewer-1786004726-dd283b0f3045,63.264,483.471
data-analyst-1786004704-2ee5100a3012,63.297,128.818
deep-researcher-1786004726-7794034a8d9d,63.301,168.422
data-analyst-1786004704-30686ea6598f,63.310,130.194
data-analyst-1786004726-12af0c2dfcde,63.314,491.820
wide-researcher-1786004726-2edab3fa2933,63.336,161.978
reviewer-1786004726-4cee50c2993b,63.354,613.181
deep-researcher-1786004726-9ec221d5aa0c,63.415,478.090
data-analyst-1786004726-ad70f68a235d,63.492,376.642
wide-researcher-1786004726-133fc9b521ee,63.506,246.771
reviewer-1786004726-8196e4847f52,63.576,601.208
deep-researcher-1786004726-40cca07a9a30,63.621,226.079
data-analyst-1786004726-9af45a4deb8d,63.634,500.644
wide-researcher-1786004726-6c688bb742d2,63.660,257.599
reviewer-1786004726-b9c339f0e6eb,63.673,477.966
deep-researcher-1786004726-ae5e40525d05,63.731,488.411
data-analyst-1786004726-ed40624bc955,63.755,586.833
wide-researcher-1786004726-ddfc71a4630d,63.770,168.178
reviewer-1786004726-7aa12b8e2295,63.804,491.220
deep-researcher-1786004726-817fc82ec8d4,63.852,482.077
data-analyst-1786004726-8d73fcce617b,63.881,364.433
wide-researcher-1786004726-fc427a1149ec,63.927,257.855
reviewer-1786004726-9f02286f1c62,63.979,411.696
deep-researcher-1786004726-3496799445f9,64.015,173.343
data-analyst-1786004727-efc58c95f77e,64.036,382.118
wide-researcher-1786004727-66759846c766,64.055,231.556
reviewer-1786004727-7471c0d040ac,64.069,504.601
deep-researcher-1786004727-c7f8b90a7717,64.111,164.124
data-analyst-1786004727-7f9460755dc1,64.148,400.583
wide-researcher-1786004727-65d5e565973c,64.185,233.990
reviewer-1786004727-b1ca857aa4c5,64.218,384.321
deep-researcher-1786004727-3625ae005c3e,64.268,609.929
data-analyst-1786004727-7b7c5ff22bc8,64.292,502.882
wide-researcher-1786004727-abc3e1943d19,64.306,502.218
reviewer-1786004727-603dad485c62,64.330,626.479
deep-researcher-1786004727-689053ccff50,64.366,302.516
data-analyst-1786004727-45ac09b3f279,64.497,497.679
wide-researcher-1786004727-17082c98b255,64.550,581.110
reviewer-1786004727-6246e69b1fe5,64.563,590.088
deep-researcher-1786004727-8f047e6a9001,64.600,603.484
data-analyst-1786004727-ae0ed1f3f69f,64.615,474.091
wide-researcher-1786004727-d790cdedcf17,64.638,486.054
reviewer-1786004727-29034ba749fa,64.669,476.408
deep-researcher-1786004727-2ca2d99e37cc,64.725,175.637
data-analyst-1786004727-f3f08820c522,64.738,590.449
wide-researcher-1786004727-e64c5eda72bb,64.771,481.348
reviewer-1786004727-8e0515d9586e,64.789,496.156
deep-researcher-1786004727-13bcec55d23b,64.820,251.728
data-analyst-1786004727-c63e60d5f88e,64.833,378.206
data-analyst-1786004705-e498e526dc76,64.834,107.632
wide-researcher-1786004727-1b7b7e00e8d3,64.850,283.629
reviewer-1786004727-6567e5d3cae7,64.866,378.607
data-analyst-1786004692-432be23782a6,64.870,64.871
deep-researcher-1786004727-4be295a00403,64.892,163.046
data-analyst-1786004727-e4e3fcf4a2a3,64.925,481.206
wide-researcher-1786004727-5eb671b8adb0,64.987,251.402
reviewer-1786004728-829939498c77,65.006,472.205
deep-researcher-1786004728-f8c015c3c33e,65.090,262.247
data-analyst-1786004728-4850f5a5a1bb,65.119,555.182
wide-researcher-1786004728-49c3b00a97a6,65.133,163.508
reviewer-1786004728-1ad2487cbfcb,65.146,415.506
data-analyst-1786004705-e3910c46155e,65.156,119.918
data-analyst-1786004705-9e4888a37ef5,65.169,111.020
deep-researcher-1786004728-2a029a94dc5d,65.177,256.969
data-analyst-1786004728-91fc55bc2300,65.190,498.563
wide-researcher-1786004728-f2f465b43096,65.260,174.913
reviewer-1786004728-ecb79cf01dad,65.278,477.152
deep-researcher-1786004728-ba72ac32c0ae,65.313,475.271
data-analyst-1786004728-e4875a8050ab,65.355,299.659
wide-researcher-1786004728-79bf6d750a05,65.369,365.452
data-analyst-1786004706-72c4bf9ac25c,65.370,161.428
reviewer-1786004728-03294e3436ac,65.391,481.364
deep-researcher-1786004728-98e280412ac2,65.427,165.395
data-analyst-1786004728-8be5450c30f2,65.496,363.661
wide-researcher-1786004728-d3394e7cfbef,65.519,167.044
reviewer-1786004728-7aa9b31efaeb,65.547,371.699
deep-researcher-1786004728-ea80445fde7b,65.583,170.599
data-analyst-1786004728-c06dd9fde297,65.621,376.166
data-analyst-1786004696-1dcf7802ecda,65.650,65.650
wide-researcher-1786004728-9b49066a80e0,65.658,512.733
data-analyst-1786004697-fbb50bcdfc0e,65.663,65.663
reviewer-1786004728-e124d30bc727,65.689,623.664
deep-researcher-1786004728-ba8f13ba90a6,65.721,605.605
data-analyst-1786004728-b8bfcceff611,65.735,501.495
wide-researcher-1786004728-10d08ba9b607,65.749,693.475
reviewer-1786004728-595b407a059d,65.778,494.382
deep-researcher-1786004728-024bdfd8ecaf,65.811,309.495
data-analyst-1786004728-c5d536d527d7,65.840,614.144
wide-researcher-1786004728-c020f160e5cf,65.880,253.435
reviewer-1786004728-e127baa169be,66.002,475.319
deep-researcher-1786004728-75f6f36b67e0,66.050,260.852
data-analyst-1786004728-396d9aef960d,66.064,686.862
wide-researcher-1786004729-6ffb5725e4ce,66.082,620.531
reviewer-1786004729-f0f28b36cf87,66.094,590.941
deep-researcher-1786004729-8d397a59d3dd,66.130,262.892
data-analyst-1786004729-d5b135870119,66.148,545.025
wide-researcher-1786004729-c9cfe5fa972e,66.175,296.118
reviewer-1786004729-8bda57e795b0,66.189,477.368
deep-researcher-1786004729-e266a446fbe9,66.224,260.220
data-analyst-1786004729-42f21e39697c,66.275,520.189
wide-researcher-1786004729-be5f89d7ab7c,66.294,251.449
reviewer-1786004729-b41a1d3781cb,66.317,269.915
deep-researcher-1786004729-559c99fe5eac,66.382,184.526
data-analyst-1786004729-6710ceba4c57,66.400,360.033
wide-researcher-1786004729-8ce59c5ec83b,66.429,261.049
data-analyst-1786004691-91a579cd318f,66.444,66.444
reviewer-1786004729-ccf986580962,66.504,618.054
data-analyst-1786004692-f2660e250e77,66.522,66.522
deep-researcher-1786004729-c0139f91fc81,66.591,591.189
data-analyst-1786004729-e65f15dd5159,66.606,478.075
wide-researcher-1786004729-8973130ac78a,66.637,247.314
reviewer-1786004729-a6e9618940a8,66.650,516.437
deep-researcher-1786004729-6fd38100cdcb,66.678,255.279
data-analyst-1786004729-cefcc3c30518,66.696,623.075
wide-researcher-1786004729-5348574d546a,66.748,481.977
data-analyst-1786004698-01b85d97d6a3,66.753,66.754
reviewer-1786004729-79f171b770cc,66.772,489.809
deep-researcher-1786004729-826d6977aca0,66.808,515.988
data-analyst-1786004729-af081eda1736,66.826,482.123
wide-researcher-1786004729-d878d5e6b754,66.868,379.090
reviewer-1786004729-90dec9c4b083,66.881,487.541
deep-researcher-1786004729-1828c2603342,66.913,367.838
data-analyst-1786004729-7bbf2ea10bad,66.938,357.427
wide-researcher-1786004730-3c3621e43661,67.004,267.332
reviewer-1786004730-4d4db0be38b4,67.023,359.412
deep-researcher-1786004730-3e7df6a9c429,67.056,258.542
data-analyst-1786004730-ce36705fba6a,67.076,598.141
wide-researcher-1786004730-eb81eee46159,67.099,165.451
reviewer-1786004730-dce7fe346f10,67.127,405.649
data-analyst-1786004698-10f53c366a33,67.155,96.345
deep-researcher-1786004730-bac3c98c1b1c,67.177,161.107
data-analyst-1786004730-9d903c80756e,67.195,477.415
wide-researcher-1786004730-908dd5aca439,67.208,363.754
reviewer-1786004730-12b43c270144,67.222,492.974
deep-researcher-1786004730-98a8929e53a5,67.252,163.562
data-analyst-1786004698-9d611f09d96e,67.261,105.338
data-analyst-1786004730-1babaa837f40,67.293,368.517
wide-researcher-1786004730-6a6cd6fd0178,67.311,364.105
data-analyst-1786004707-d13325af70c1,67.315,98.071
data-analyst-1786004707-2324d26451c7,67.329,96.452
reviewer-1786004730-ebb5d53da2e0,67.357,536.875
deep-researcher-1786004730-77701c38f839,67.395,372.551
data-analyst-1786004730-9b3951f20bd6,67.418,357.928
data-analyst-1786004707-7c971096e7fb,67.438,117.443
wide-researcher-1786004730-8d7db0a34391,67.497,371.597
reviewer-1786004730-61b14baf2365,67.526,614.960
deep-researcher-1786004730-d4a8ac19710f,67.562,209.618
data-analyst-1786004730-d07f6da16e79,67.580,475.412
wide-researcher-1786004730-86f3cc4685eb,67.594,292.286
reviewer-1786004730-2585e0c55f1b,67.607,368.757
deep-researcher-1786004730-b0c32796b721,67.648,259.949
data-analyst-1786004730-d164e50b1413,67.686,595.656
wide-researcher-1786004730-440d3ac1cb97,67.698,168.052
reviewer-1786004730-77c7c2adf89c,67.712,494.985
deep-researcher-1786004730-f3f69c0a5113,67.742,600.489
data-analyst-1786004730-da6fbdd247a0,67.790,538.143
wide-researcher-1786004730-ad84cd2deafa,67.828,252.746
reviewer-1786004730-0bdd39be1aed,67.877,604.009
deep-researcher-1786004730-77080aa7b02f,67.915,382.174
data-analyst-1786004730-752ee6442da9,67.945,372.883
wide-researcher-1786004730-392a27c704bc,68.018,254.793
reviewer-1786004731-0d8b973ff642,68.032,475.239
deep-researcher-1786004731-2116cf91c546,68.078,165.673
data-analyst-1786004731-1742fb027cec,68.108,377.192
wide-researcher-1786004731-5df9de3fd7ec,68.146,252.860
reviewer-1786004731-eeacaf0b583f,68.169,610.369
deep-researcher-1786004731-95483f13e720,68.207,198.288
data-analyst-1786004731-7508d9ac9936,68.260,476.001
wide-researcher-1786004731-5eef7ce0ebf8,68.317,164.140
reviewer-1786004731-317e3a6a606e,68.340,497.770
deep-researcher-1786004731-6dd67cf80739,68.376,236.910
data-analyst-1786004731-eef6950d5166,68.389,495.126
wide-researcher-1786004731-131f54b3e9b6,68.408,250.987
reviewer-1786004731-04831e154cba,68.436,483.757
data-analyst-1786004701-8a5cbf65eae3,68.505,68.506
deep-researcher-1786004731-77cb925ceda7,68.513,478.791
data-analyst-1786004731-094f371aa8eb,68.540,360.145
wide-researcher-1786004731-76781b8c8e33,68.572,608.114
reviewer-1786004731-f42c619a115e,68.585,607.043
data-analyst-1786004700-01512bcf4094,68.586,68.589
deep-researcher-1786004731-cacee3557d45,68.641,539.638
data-analyst-1786004731-6719812b53d1,68.676,480.520
data-analyst-1786004704-87d21ca4d31d,68.697,141.904
wide-researcher-1786004731-501c1e543cd6,68.706,252.349
reviewer-1786004731-d2975eec3d51,68.720,591.354
data-analyst-1786004698-0980b47c1521,68.724,99.376
deep-researcher-1786004731-61aed1c4cb04,68.746,262.941
data-analyst-1786004731-88875acffcb8,68.766,634.363
wide-researcher-1786004731-885e1548f01b,68.799,299.756
reviewer-1786004731-776cfecb40ca,68.813,472.697
deep-researcher-1786004731-ab9119b1f3f8,68.860,164.702
data-analyst-1786004731-405546d46a30,68.874,638.426
wide-researcher-1786004731-0abc30736fca,68.901,493.312
reviewer-1786004731-a8db21900dff,69.001,489.951
deep-researcher-1786004732-7e13435664b5,69.043,484.625
data-analyst-1786004732-6aef9414e16e,69.069,586.521
wide-researcher-1786004732-5a26a30cd698,69.081,248.167
reviewer-1786004732-6c4f1cea6985,69.104,670.915
deep-researcher-1786004732-6d890cd7de7e,69.155,272.856
data-analyst-1786004707-a042560e2b38,69.164,166.880
data-analyst-1786004707-bbfb96929517,69.179,121.767
data-analyst-1786004732-58b134a83bf5,69.201,377.944
wide-researcher-1786004732-257cb5a9cc07,69.218,501.188
reviewer-1786004732-abd055384db8,69.231,478.381
deep-researcher-1786004732-cbc59c13f971,69.297,396.032
data-analyst-1786004732-8dd1f7dd44cb,69.335,356.084
data-analyst-1786004708-bfe1986e6d3f,69.345,107.662
wide-researcher-1786004732-ebebddd56c96,69.391,247.907
reviewer-1786004732-a2bb121e3549,69.405,484.044
deep-researcher-1786004732-c478a3e633be,69.448,261.496
data-analyst-1786004732-e75f3ad686c9,69.488,673.966
wide-researcher-1786004732-6dc252f29aac,69.526,174.212
reviewer-1786004732-1a8d948d5c14,69.552,370.276
deep-researcher-1786004732-61bf495bd5a8,69.590,597.981
data-analyst-1786004732-f449f359c853,69.613,494.528
wide-researcher-1786004732-3695446f8c43,69.628,351.272
reviewer-1786004732-534f23ae51dd,69.654,374.441
deep-researcher-1786004732-daf5f2e3a28e,69.690,513.225
data-analyst-1786004732-6c40e77eeef7,69.719,600.262
wide-researcher-1786004732-a83d0da9ba9b,69.748,263.120
reviewer-1786004732-1ad7daa9cc11,69.783,489.398
deep-researcher-1786004732-2ad2e8cc6cfc,69.819,497.160
data-analyst-1786004732-7ef3b096160e,69.832,283.522
wide-researcher-1786004732-7cface4325ed,69.864,263.615
data-analyst-1786004700-407d4ebde9bf,69.869,69.870
reviewer-1786004732-55864cd63130,69.896,367.196
data-analyst-1786004697-bc7f7d08d6c4,69.901,69.901
deep-researcher-1786004732-5b29c2e80a2c,69.936,251.031
data-analyst-1786004732-8c09b4b98594,69.949,492.798
wide-researcher-1786004733-bb1dce833b9f,70.022,254.741
reviewer-1786004733-1dfe0980e5c6,70.046,380.032
deep-researcher-1786004733-69fe86e78115,70.076,482.398
data-analyst-1786004733-93dcd58cbf12,70.094,407.086
wide-researcher-1786004733-90fe32420112,70.108,597.693
reviewer-1786004733-1b280c17cfc1,70.158,390.994
deep-researcher-1786004733-0413d5c4b3fe,70.190,334.803
data-analyst-1786004733-3414ab77401f,70.224,488.970
wide-researcher-1786004733-2ae457c1d136,70.244,257.270
reviewer-1786004733-fc8ddc82a43e,70.282,579.858
deep-researcher-1786004733-d541c408f554,70.319,605.234
data-analyst-1786004708-54269f96a582,70.334,145.448
data-analyst-1786004733-a7303ec2207c,70.386,498.278
wide-researcher-1786004733-b80cbb5bdd06,70.527,163.143
reviewer-1786004733-84affe4e7aaf,70.547,283.669
deep-researcher-1786004733-57d61efbba46,70.592,262.415
data-analyst-1786004733-0a1b9e18bf5a,70.612,501.480
wide-researcher-1786004733-1cb9185b4f51,70.625,525.962
reviewer-1786004733-f863ecd5800e,70.704,483.616
deep-researcher-1786004733-eec20729cb9e,70.728,596.617
data-analyst-1786004733-c3d84a9d9d7f,70.742,475.181
wide-researcher-1786004733-81de778fff93,70.755,306.140
data-analyst-1786004708-3709fc7ade24,70.803,96.842
data-analyst-1786004708-1cdaeb2aa7a6,70.818,102.239
reviewer-1786004733-d4a3019912e8,70.818,531.919
deep-researcher-1786004733-dc45797c8f84,70.901,513.870
data-analyst-1786004733-2385696beaa8,70.915,379.709
wide-researcher-1786004733-cef2b197b44d,70.929,365.199
reviewer-1786004733-27904ca8f4f3,70.968,380.049
deep-researcher-1786004734-0cd2fe556dae,71.000,164.797
data-analyst-1786004734-750794f98856,71.030,669.519
wide-researcher-1786004734-f10c332e3096,71.044,168.964
reviewer-1786004734-e5432db104e1,71.064,678.217
deep-researcher-1786004734-f249fe163518,71.101,168.606
data-analyst-1786004734-f3ab5b0b7c26,71.121,618.303
wide-researcher-1786004734-c32618b176fb,71.140,214.386
reviewer-1786004734-36aec7f51be3,71.163,376.486
data-analyst-1786004700-1fca9f19b24c,71.168,71.168
deep-researcher-1786004734-29154151aec2,71.199,359.026
data-analyst-1786004734-3c3cbc9c580e,71.232,588.433
wide-researcher-1786004734-7ec595c4ea53,71.262,164.763
reviewer-1786004734-52df1c9ff848,71.307,593.939
deep-researcher-1786004734-1d45ac18673c,71.344,362.551
data-analyst-1786004734-4e428064ef14,71.374,706.664
wide-researcher-1786004734-5bbad259e764,71.396,204.502
reviewer-1786004734-d1f9fb2e58bf,71.410,479.375
deep-researcher-1786004734-38189c61871d,71.457,249.181
data-analyst-1786004734-bb7f2d3683b7,71.471,558.095
wide-researcher-1786004734-0d3ac6721389,71.495,150.505
reviewer-1786004734-e565bf1e33fc,71.539,478.347
data-analyst-1786004708-b5ed12613b6b,71.540,149.842
deep-researcher-1786004734-596344b564ae,71.590,496.252
data-analyst-1786004734-e38334e6bd6d,71.609,490.592
wide-researcher-1786004734-aee271252c4f,71.622,178.473
reviewer-1786004734-c7060a5b4a64,71.665,478.653
data-analyst-1786004699-1b2673d7c90c,71.679,71.680
deep-researcher-1786004734-2f51fc592189,71.691,592.422
data-analyst-1786004734-0395d4b34140,71.736,492.783
wide-researcher-1786004734-4e258857cf16,71.751,195.114
reviewer-1786004734-a57d1fab4ca9,71.791,490.499
deep-researcher-1786004734-e4e54efbb545,71.835,271.353
data-analyst-1786004734-12d64344b742,71.890,500.659
wide-researcher-1786004734-49558b081f0e,71.920,553.400
reviewer-1786004734-a14b58d45f6d,72.045,591.641
deep-researcher-1786004734-106cb710b00e,72.096,358.971
data-analyst-1786004735-1ed05a87679d,72.124,488.452
wide-researcher-1786004735-0d553fd86ec8,72.206,298.937
data-analyst-1786004702-1b56b9a3a461,72.214,72.214
reviewer-1786004735-d6f4a4596265,72.233,390.866
deep-researcher-1786004735-d9f49e42e940,72.257,367.398
data-analyst-1786004735-6b07ec5d6235,72.295,618.855
wide-researcher-1786004735-c718a8aa5bd0,72.319,212.433
reviewer-1786004735-a1383703f092,72.338,314.864
deep-researcher-1786004735-5bb8531238d2,72.402,608.385
data-analyst-1786004735-c535d47d6bcc,72.422,368.666
wide-researcher-1786004735-f02338d1c269,72.437,367.576
data-analyst-1786004698-19b285301cb0,72.437,72.442
reviewer-1786004735-875e5dff5dc4,72.480,589.281
deep-researcher-1786004735-9d3362bc371c,72.544,597.445
data-analyst-1786004698-41c122aecde0,72.558,72.559
data-analyst-1786004735-333b6720f7e4,72.573,423.195
wide-researcher-1786004735-72c62d121ccf,72.638,452.394
reviewer-1786004735-77bd4aab9f61,72.682,254.724
deep-researcher-1786004735-c0da24bdf229,72.718,296.757
data-analyst-1786004700-7b69096efa9d,72.737,98.741
data-analyst-1786004735-17fd7b9a5d2f,72.742,480.844
wide-researcher-1786004735-24d5d8e18528,72.765,247.144
data-analyst-1786004703-32c6ad0f19c8,72.781,72.781
reviewer-1786004735-2451dacb60bb,72.805,477.384
deep-researcher-1786004735-762ba1da74b7,72.854,164.385
data-analyst-1786004709-0cd67bf329cf,72.878,97.542
data-analyst-1786004709-64d26284d67e,72.892,117.790
data-analyst-1786004735-401cfe2320a9,72.896,479.879
wide-researcher-1786004735-671d9f92b3a6,72.921,487.145
reviewer-1786004735-772654c548ec,72.958,495.871
data-analyst-1786004709-fabcd227077a,72.978,99.120
data-analyst-1786004709-a964e69d0b70,72.992,107.158
deep-researcher-1786004735-1e8a26c4980a,73.038,491.205
data-analyst-1786004736-ef213d06606c,73.052,369.531
wide-researcher-1786004736-c34a33900ecb,73.102,305.965
reviewer-1786004736-d1d6ad18942a,73.121,379.970
data-analyst-1786004704-9997f47b77c0,73.138,99.905
deep-researcher-1786004736-b48deb2dff8a,73.190,356.465
data-analyst-1786004736-6ac13f052e23,73.204,377.321
wide-researcher-1786004736-6f25cb6b7e22,73.223,168.112
reviewer-1786004736-f96c40aaaf22,73.243,632.633
deep-researcher-1786004736-7267d92b75c9,73.287,591.030
data-analyst-1786004736-30c28ae018d5,73.301,379.598
wide-researcher-1786004736-873c77cde7ad,73.315,657.889
reviewer-1786004736-c7d1c1e631c9,73.339,389.514
data-analyst-1786004709-b30217aa7126,73.339,98.346
data-analyst-1786004709-3f0ab963de6b,73.356,103.321
data-analyst-1786004709-ddf878280198,73.370,116.801
deep-researcher-1786004736-cb65c1e5d6c7,73.407,239.908
data-analyst-1786004736-15e53d90923a,73.436,595.136
wide-researcher-1786004736-7dd66aae615d,73.512,484.930
reviewer-1786004736-a41d753a21d8,73.535,373.703
deep-researcher-1786004736-ebe9c4c15d13,73.634,588.086
data-analyst-1786004736-155033211b02,73.681,590.582
wide-researcher-1786004736-096dbdcc40bd,73.723,249.032
reviewer-1786004736-c67a3e289c61,73.740,608.021
deep-researcher-1786004736-069debae18c1,73.771,303.007
data-analyst-1786004736-f96369a6e84f,73.807,497.583
wide-researcher-1786004736-e40ef4f0a600,73.828,185.989
reviewer-1786004736-25120d6c7d98,73.846,478.304
data-analyst-1786004709-a93eeb630252,73.863,96.801
data-analyst-1786004709-0bdbfe44cd31,73.877,110.416
deep-researcher-1786004736-a95be71c2319,73.917,375.685
data-analyst-1786004736-844d83ca2e91,73.932,554.892
wide-researcher-1786004736-d0e7bce8697b,73.944,249.432
reviewer-1786004736-ce157aa51498,73.978,495.286
deep-researcher-1786004737-b8adc310695b,74.004,249.308
data-analyst-1786004737-0a57d2d7e8f1,74.053,590.130
wide-researcher-1786004737-4a64299e15df,74.066,380.443
reviewer-1786004737-31bab2b8a3e2,74.089,504.162
deep-researcher-1786004737-a8a5284c230f,74.142,167.584
data-analyst-1786004737-7117c1cb0551,74.156,365.057
wide-researcher-1786004737-9946b834067a,74.193,230.129
data-analyst-1786004703-99dd933610f9,74.202,98.490
reviewer-1786004737-a711784cfbfa,74.232,587.898
data-analyst-1786004709-333145e16b78,74.313,131.316
deep-researcher-1786004737-aae81d3aef61,74.321,599.575
data-analyst-1786004709-07b3cf08e53b,74.329,104.550
data-analyst-1786004737-24ab1daba404,74.342,474.622
data-analyst-1786004709-d4eba3ea08a7,74.343,96.912
data-analyst-1786004706-999714f8b9d5,74.359,96.783
wide-researcher-1786004737-5a26880739b9,74.399,176.902
data-analyst-1786004709-d5a9820f55ca,74.400,98.636
data-analyst-1786004709-892dbe87e69c,74.416,97.745
reviewer-1786004737-23b9f84e8882,74.424,675.146
deep-researcher-1786004737-b4183d6d85b0,74.472,364.857
data-analyst-1786004737-de92d0eb69f5,74.490,370.119
wide-researcher-1786004737-0749258da440,74.510,491.585
reviewer-1786004737-587f019cfa47,74.548,381.433
deep-researcher-1786004737-8b8b0374d499,74.612,283.871
data-analyst-1786004737-355ce12709ca,74.637,495.840
wide-researcher-1786004737-44c1c0579d37,74.670,163.889
reviewer-1786004737-4e39cf51ab1d,74.692,501.389
deep-researcher-1786004737-68789ae3197c,74.751,268.190
data-analyst-1786004737-b78787b05239,74.782,358.878
wide-researcher-1786004737-64ef62aa3308,74.800,255.657
reviewer-1786004737-caeed9eb9304,74.817,473.010
deep-researcher-1786004737-27aa6f6e5b16,74.857,615.663
data-analyst-1786004737-efbe2aae9267,74.918,419.009
wide-researcher-1786004737-52853161361a,74.948,435.929
reviewer-1786004737-754af9b06224,75.043,638.300
deep-researcher-1786004738-2317f7b52cb8,75.106,481.960
data-analyst-1786004688-2109b77ff759,75.107,75.110
data-analyst-1786004738-e586796285bf,75.153,440.039
wide-researcher-1786004738-e7ea04dfaa83,75.194,178.457
reviewer-1786004738-3f9e1e494967,75.228,391.743
data-analyst-1786004705-52e0cfccb049,75.251,75.251
data-analyst-1786004707-92e5ff53cbdb,75.279,97.407
deep-researcher-1786004738-d56e58cb5333,75.287,314.199
data-analyst-1786004738-aa32a96766c7,75.310,504.632
wide-researcher-1786004738-19c524dcb484,75.323,499.502
reviewer-1786004738-73663859898a,75.345,590.811
deep-researcher-1786004738-a37057bb1dbf,75.403,497.913
data-analyst-1786004704-f8df9cff15b1,75.404,109.635
data-analyst-1786004738-8408c78f3471,75.423,383.156
wide-researcher-1786004738-2c44a079e4bc,75.436,368.833
reviewer-1786004738-338019bb4818,75.459,374.792
deep-researcher-1786004738-f41458688cba,75.493,261.778
data-analyst-1786004738-f44000e85b79,75.511,499.024
wide-researcher-1786004738-7d1e99a6f25c,75.523,248.905
reviewer-1786004738-ecd776cdb01d,75.562,526.094
deep-researcher-1786004738-f678ddabfbb3,75.598,373.170
data-analyst-1786004738-c61c6814aa02,75.660,498.652
wide-researcher-1786004738-189ea10170d3,75.673,206.081
reviewer-1786004738-e4ca2401bef4,75.694,377.351
deep-researcher-1786004738-3d655d5b29ee,75.735,274.143
data-analyst-1786004738-11eaf6e0f2c1,75.748,372.863
wide-researcher-1786004738-be92980d0aca,75.831,329.601
reviewer-1786004738-f78339067cf8,75.854,493.228
data-analyst-1786004708-f70c9307d4a0,75.896,97.590
deep-researcher-1786004738-727a98395db6,75.900,249.848
data-analyst-1786004738-b9159cf422ae,75.938,378.125
wide-researcher-1786004738-67553c1cf5b7,75.951,482.944
reviewer-1786004739-0383492f2a3c,75.975,498.593
deep-researcher-1786004739-c014f63bae60,76.000,259.212
data-analyst-1786004739-97e5ab96eeae,76.056,472.817
wide-researcher-1786004739-1cdd09d8fc0e,76.074,256.354
reviewer-1786004739-f63123e0c715,76.127,477.935
deep-researcher-1786004739-4c38c637803a,76.182,178.996
data-analyst-1786004739-96af42967166,76.208,693.299
wide-researcher-1786004739-760d6af68f47,76.235,283.508
reviewer-1786004739-93f55df460a7,76.267,586.254
deep-researcher-1786004739-e35d7f1ca1a3,76.313,332.145
data-analyst-1786004739-6e3abb029fff,76.332,531.294
wide-researcher-1786004739-2b176be84f50,76.364,542.487
reviewer-1786004739-cb51d4e8bc3c,76.427,378.048
data-analyst-1786004710-4ef2e3b7f9e6,76.489,114.643
data-analyst-1786004710-add37c83af41,76.502,98.036
data-analyst-1786004710-c40cc230cadc,76.515,98.621
deep-researcher-1786004739-db47a2f514c3,76.531,302.102
data-analyst-1786004739-134964346903,76.563,595.033
wide-researcher-1786004739-251685aa2767,76.575,603.565
data-analyst-1786004710-e0be5a19b5cf,76.629,97.040
reviewer-1786004739-43bb88cde9c7,76.638,603.609
data-analyst-1786004710-8bc6e6322cd2,76.645,151.881
data-analyst-1786004710-eac081fd3414,76.658,97.071
data-analyst-1786004699-affa7316b54d,76.670,76.671
deep-researcher-1786004739-cc78a0095054,76.702,398.008
data-analyst-1786004739-2782763b5c60,76.734,317.841
wide-researcher-1786004739-617ee6769280,76.747,625.545
reviewer-1786004739-0fb909fad76b,76.765,379.488
data-analyst-1786004696-f275257c478b,76.775,76.775
deep-researcher-1786004739-a64e850baad7,76.798,168.872
data-analyst-1786004739-d411e6065215,76.826,381.677
wide-researcher-1786004739-3f5f177e0c25,76.865,604.612
reviewer-1786004739-f5fea1eb3adf,76.932,491.264
deep-researcher-1786004739-48fe09653e95,76.959,172.120
data-analyst-1786004739-a3337be83bc3,76.976,412.629
wide-researcher-1786004740-65c053391abf,77.007,482.605
reviewer-1786004740-48115de9a943,77.021,581.544
deep-researcher-1786004740-37bdcc4dea16,77.085,480.715
data-analyst-1786004740-8042e138bf36,77.118,493.433
wide-researcher-1786004740-cfc9f0b3d576,77.167,191.484
reviewer-1786004740-a7cb0316527b,77.180,370.970
deep-researcher-1786004740-3d2ff6fd188d,77.213,195.345
data-analyst-1786004740-aa3c8f15a444,77.226,489.763
wide-researcher-1786004740-264c82030aca,77.250,360.900
reviewer-1786004740-69bcbd7cd288,77.263,677.244
deep-researcher-1786004740-b04f4bddd5f0,77.333,260.098
data-analyst-1786004740-14d13130bb24,77.346,609.872
wide-researcher-1786004740-cf80dde30e2f,77.364,192.220
reviewer-1786004740-868659c52252,77.419,443.058
data-analyst-1786004706-e7533bec6e68,77.439,100.166
deep-researcher-1786004740-698ef2a2873c,77.452,258.812
data-analyst-1786004740-b91a0171b76d,77.485,378.079
wide-researcher-1786004740-25110ac45987,77.497,272.841
reviewer-1786004740-86b5b153fa0a,77.559,413.009
deep-researcher-1786004740-230028e43926,77.633,588.951
data-analyst-1786004740-b1dd25c37dde,77.646,495.076
wide-researcher-1786004740-a2f0985453dc,77.693,168.146
reviewer-1786004740-f518b225b9ff,77.711,530.539
deep-researcher-1786004740-70b4b32db58a,77.754,604.960
data-analyst-1786004740-160ceb9d31b0,77.780,611.059
wide-researcher-1786004740-2051f10e14c0,77.823,492.946
reviewer-1786004740-a57ef83764d3,77.850,484.122
deep-researcher-1786004740-03ba999c84be,77.884,600.821
data-analyst-1786004740-0319232c253d,77.913,496.516
wide-researcher-1786004740-f3dd881c187a,77.931,181.235
reviewer-1786004741-72ca5ad2b5d2,77.952,420.379
data-analyst-1786004711-6e26fc501556,78.002,147.344
data-analyst-1786004711-c32e542e2477,78.016,115.657
deep-researcher-1786004741-160ba855a79f,78.040,478.566
data-analyst-1786004741-7ac9f157a36a,78.081,486.642
wide-researcher-1786004741-f7b7f69c5eeb,78.152,252.370
reviewer-1786004741-dfe324a8f3bf,78.164,490.263
deep-researcher-1786004741-8cdd784dfe65,78.213,195.360
data-analyst-1786004741-a9a62cc70f8c,78.242,599.214
wide-researcher-1786004741-01a9ed7745a8,78.272,366.513
reviewer-1786004741-85dfb0a43f38,78.288,501.315
data-analyst-1786004711-7e7b28bebafe,78.297,160.318
data-analyst-1786004711-50a137cff9a1,78.309,96.539
data-analyst-1786004711-3a21ae494244,78.322,102.962
deep-researcher-1786004741-36700fed7496,78.330,212.514
data-analyst-1786004741-5160078f5349,78.374,481.944
wide-researcher-1786004741-cf243c973849,78.444,186.762
reviewer-1786004741-c45e1bd66a4c,78.462,586.199
deep-researcher-1786004741-ad9bc596696e,78.488,215.687
data-analyst-1786004709-14144cb38217,78.507,96.269
data-analyst-1786004741-06e13e922953,78.519,465.652
data-analyst-1786004709-bc02a55cb30a,78.528,97.498
wide-researcher-1786004741-1cebc49b6335,78.532,195.316
reviewer-1786004741-078411af7328,78.544,375.227
deep-researcher-1786004741-bec80a1e12c3,78.598,259.843
data-analyst-1786004741-df87aa3bae2b,78.623,676.324
wide-researcher-1786004741-d1df75067d59,78.674,260.898
reviewer-1786004741-ed9f5d1cf59e,78.695,379.300
deep-researcher-1786004741-b7b4c1ce181b,78.734,250.942
data-analyst-1786004741-6ee3b1008649,78.757,364.475
wide-researcher-1786004741-e48351aff9d6,78.789,264.183
data-analyst-1786004700-3ccb490953e7,78.798,78.799
reviewer-1786004741-40b47dead8f2,78.922,370.260
deep-researcher-1786004741-5ebca3c3d53f,78.963,225.789
data-analyst-1786004703-c9c31bc86456,78.980,78.980
data-analyst-1786004741-c186274c2fac,78.998,498.218
wide-researcher-1786004741-5bac5bff3302,79.011,253.786
reviewer-1786004742-bb94515d6713,79.023,497.449
deep-researcher-1786004742-04fb4e2674ed,79.074,643.939
data-analyst-1786004742-0d6c0d8cd8e0,79.092,648.128
wide-researcher-1786004742-da1387f96ec6,79.151,495.193
reviewer-1786004742-9a50ef59c518,79.198,619.455
deep-researcher-1786004742-d98b7ea41ce8,79.237,253.110
data-analyst-1786004742-e23eb2f7eff3,79.272,619.995
wide-researcher-1786004742-257a8094c13f,79.290,259.749
reviewer-1786004742-adebf92f361a,79.351,396.800
deep-researcher-1786004742-24b0d22c9081,79.399,539.412
data-analyst-1786004742-83ab55329737,79.423,597.389
wide-researcher-1786004742-81e360f7bca0,79.443,166.648
reviewer-1786004742-64bfacf2a16d,79.478,502.262
deep-researcher-1786004742-77e4975d1ff3,79.510,557.729
data-analyst-1786004742-b648c7b4f3f4,79.551,279.398
wide-researcher-1786004742-926e2f3609b8,79.579,264.426
data-analyst-1786004703-c235a4c424e8,79.607,79.607
reviewer-1786004742-54b922306036,79.671,476.270
deep-researcher-1786004742-bcdc22e56aa9,79.713,257.462
data-analyst-1786004742-1219013b16e9,79.750,393.039
wide-researcher-1786004742-f849901b781a,79.778,370.399
reviewer-1786004742-ca830d4d397e,79.790,480.454
deep-researcher-1786004742-537c13d6c9a6,79.839,311.704
data-analyst-1786004711-cf27c8e23870,79.848,97.004
data-analyst-1786004742-8b24ac93d58f,79.860,604.584
data-analyst-1786004711-8f81b3cb727c,79.861,97.881
wide-researcher-1786004742-11cca6bce231,79.885,272.096
reviewer-1786004742-910de9beb277,79.958,679.800
deep-researcher-1786004742-d0bb31f093a4,80.000,274.015
data-analyst-1786004743-467d9a1afe25,80.027,588.629
wide-researcher-1786004743-514ee2e5f0db,80.039,250.450
reviewer-1786004743-4419e5e80043,80.052,375.699
deep-researcher-1786004743-7fa644cdf403,80.102,254.307
data-analyst-1786004743-51ea6f7ad82e,80.130,493.005
data-analyst-1786004708-fd46393520c0,80.179,97.479
wide-researcher-1786004743-0e270e441a55,80.184,193.457
reviewer-1786004743-6f3247ae2245,80.196,499.530
data-analyst-1786004704-6bcc689cbe83,80.205,80.205
deep-researcher-1786004743-8138067a227d,80.222,247.238
data-analyst-1786004743-7b1eb408d6f3,80.241,404.943
wide-researcher-1786004743-1e317b9da2a8,80.265,369.040
reviewer-1786004743-bf4a0902db42,80.279,596.588
deep-researcher-1786004743-f998af5536cb,80.343,476.952
data-analyst-1786004743-7c3fe1b9ed92,80.445,593.337
wide-researcher-1786004743-ec00bc613962,80.474,374.226
reviewer-1786004743-9299f16df7f5,80.512,477.290
deep-researcher-1786004743-493c2b4ba302,80.538,252.619
data-analyst-1786004743-5e40a7c63f06,80.551,380.315
wide-researcher-1786004743-d6ef0d178954,80.588,253.354
reviewer-1786004743-f540c4321da9,80.607,487.691
deep-researcher-1786004743-afa31e623863,80.668,481.847
data-analyst-1786004743-b23e2b8e4aaa,80.708,614.609
wide-researcher-1786004743-abb9f60b4572,80.742,264.291
reviewer-1786004743-a0116e463e48,80.783,493.656
deep-researcher-1786004743-fff4aec82a8b,80.831,279.235
data-analyst-1786004743-a7f4c92115fa,80.860,477.641
wide-researcher-1786004743-4a4afe9e3ad4,80.880,174.802
reviewer-1786004743-3972ef8d619c,80.907,378.839
deep-researcher-1786004743-4d0cc2afb1f0,80.960,286.338
data-analyst-1786004744-6cbb99062ffb,80.973,607.944
wide-researcher-1786004744-d557966fbf8e,80.992,358.330
reviewer-1786004744-65fc6935bc30,81.084,590.623
deep-researcher-1786004744-fcbb2b1a4aed,81.147,362.082
data-analyst-1786004744-f4b6a481bcda,81.176,549.621
wide-researcher-1786004744-db0c76ee77af,81.192,630.050
reviewer-1786004744-67e1b0dc4bc4,81.234,594.859
deep-researcher-1786004744-eb68409b4efb,81.288,360.946
data-analyst-1786004744-a11782b9c420,81.301,379.232
wide-researcher-1786004744-bdfbaebbf329,81.319,249.894
data-analyst-1786004707-27289f952288,81.343,114.226
reviewer-1786004744-533b5c0433dc,81.347,483.905
data-analyst-1786004708-e7bb753a30db,81.364,81.364
deep-researcher-1786004744-ef5388bf1d78,81.372,249.167
data-analyst-1786004744-60972ede8d09,81.390,479.121
wide-researcher-1786004744-0a4071127c4a,81.403,363.366
reviewer-1786004744-d84a5a85d896,81.460,650.170
deep-researcher-1786004744-996aa60c0a1e,81.486,259.794
data-analyst-1786004744-a1b7f3d3ba77,81.506,356.687
wide-researcher-1786004744-3e5a6f26e30c,81.531,263.034
reviewer-1786004744-dbc231f52c97,81.553,499.255
deep-researcher-1786004744-589fd0b87a34,81.577,367.513
data-analyst-1786004744-b6a8edd5b503,81.607,489.488
wide-researcher-1786004744-072b50ea2f7b,81.626,257.135
reviewer-1786004744-5c56a8470ee2,81.702,478.364
deep-researcher-1786004744-6ce0285a1a04,81.727,308.274
data-analyst-1786004744-95a76ecae548,81.750,620.511
data-analyst-1786004712-38f8f44476b5,81.759,97.634
data-analyst-1786004712-7889a42902f8,81.772,167.169
wide-researcher-1786004744-0f0f2542e594,81.787,402.758
reviewer-1786004744-64a7088e4668,81.804,599.420
deep-researcher-1786004744-5710f685a5db,81.938,178.932
data-analyst-1786004744-cd1e36e75021,81.965,473.994
wide-researcher-1786004744-1e3f0d44af2c,81.984,255.628
reviewer-1786004744-bd253ac80942,82.018,522.003
deep-researcher-1786004745-c59858c7f99b,82.062,685.769
data-analyst-1786004745-79494a428add,82.085,485.684
wide-researcher-1786004745-7f7b31c4b8d0,82.125,533.190
reviewer-1786004745-1804a6b6d83e,82.220,374.120
data-analyst-1786004705-736d45013836,82.221,82.225
deep-researcher-1786004745-f955bcb0b37f,82.251,193.349
data-analyst-1786004745-758da8e2c881,82.292,415.317
wide-researcher-1786004745-c82b552cbc9e,82.339,247.569
reviewer-1786004745-60ab8f312526,82.385,473.383
deep-researcher-1786004745-cb849dd6148f,82.416,324.438
data-analyst-1786004745-f42a4abdb18c,82.432,491.908
wide-researcher-1786004745-8dfdc0c445bf,82.462,164.876
reviewer-1786004745-130dec420c7e,82.488,361.263
deep-researcher-1786004745-d94ee4df81ce,82.533,253.078
data-analyst-1786004745-2aebcc1874ae,82.570,393.607
wide-researcher-1786004745-f72d18a5744d,82.601,163.718
reviewer-1786004745-a7779d747615,82.641,491.235
deep-researcher-1786004745-ebe3e700e270,82.700,256.261
data-analyst-1786004745-8b1331488915,82.734,500.311
wide-researcher-1786004745-70acf4b202bd,82.747,477.243
data-analyst-1786004700-a6d8d7552867,82.786,82.786
reviewer-1786004745-5981208aebb8,82.804,687.278
deep-researcher-1786004745-6a7acaca581f,82.861,166.909
data-analyst-1786004745-bb6720f44787,82.875,595.894
wide-researcher-1786004745-e7d6dfda7903,82.899,361.006
reviewer-1786004745-c38926cc1c87,82.947,412.029
deep-researcher-1786004746-9a9189de786b,82.993,605.845
data-analyst-1786004746-e5c5d95b71f1,83.020,493.394
wide-researcher-1786004746-644a105bf2a7,83.044,493.714
reviewer-1786004746-89be91dff855,83.065,362.665
deep-researcher-1786004746-8840a439e867,83.090,612.339
data-analyst-1786004746-398cf02b972c,83.113,678.742
wide-researcher-1786004746-0c121db53930,83.141,610.612
reviewer-1786004746-2abb43509c72,83.194,386.552
deep-researcher-1786004746-a96d06b3b477,83.226,383.141
data-analyst-1786004746-e6dfb16f9bfb,83.239,381.857
wide-researcher-1786004746-d917ca9d818b,83.298,247.751
reviewer-1786004746-a0c543f677b7,83.315,597.736
deep-researcher-1786004746-dc9397ec476f,83.359,279.216
data-analyst-1786004712-da7e893a71ba,83.379,117.520
data-analyst-1786004712-eb86480f3acd,83.395,98.273
data-analyst-1786004712-7c7db438b976,83.410,98.172
data-analyst-1786004746-04234ff30789,83.419,496.141
wide-researcher-1786004746-1afc6cce0adb,83.452,493.886
reviewer-1786004746-07139316ded5,83.477,479.090
deep-researcher-1786004746-43385ec814fd,83.534,369.089
data-analyst-1786004746-4e5dbe46c9a9,83.568,412.645
data-analyst-1786004708-32a05af8cb1f,83.588,83.588
wide-researcher-1786004746-5b610cc3b573,83.593,478.730
reviewer-1786004746-bbe375a39052,83.606,632.935
data-analyst-1786004712-3a75c30f7ec3,83.659,161.884
data-analyst-1786004712-c7f0e21a0a92,83.674,250.206
data-analyst-1786004712-6d1e5f2c97de,83.688,162.726
deep-researcher-1786004746-0609b8589e99,83.729,273.887
data-analyst-1786004708-0d40be405839,83.748,83.749
data-analyst-1786004746-0983bee78c8f,83.762,479.667
wide-researcher-1786004746-9acadd5cc3e9,83.798,489.520
reviewer-1786004746-f2b41d2192c0,83.812,500.004
deep-researcher-1786004746-f896985a54f1,83.853,249.910
data-analyst-1786004746-e275df5bf5d0,83.885,598.358
wide-researcher-1786004746-abbb0a4ace81,83.898,597.320
data-analyst-1786004712-afa7361ed84e,83.929,96.621
data-analyst-1786004712-69809500850f,83.942,96.733
reviewer-1786004746-8e3d5c4762fa,83.947,595.004
data-analyst-1786004712-cc38d30ee843,83.960,163.993
deep-researcher-1786004746-1c9b49be7bf3,84.000,172.425
data-analyst-1786004747-e777daddd4c1,84.013,407.367
wide-researcher-1786004747-f0f3478c1796,84.083,253.482
reviewer-1786004747-73e064455f50,84.103,675.092
deep-researcher-1786004747-5007e6b53a04,84.149,261.478
data-analyst-1786004747-425bcdb8aedf,84.187,372.174
wide-researcher-1786004747-6f613be1dbfd,84.206,475.518
reviewer-1786004747-e953020af118,84.253,411.524
deep-researcher-1786004747-e467221b2f58,84.310,612.566
data-analyst-1786004747-7793474299b7,84.324,597.010
wide-researcher-1786004747-88a89e796937,84.385,370.785
reviewer-1786004747-c82f27fc0121,84.418,497.598
deep-researcher-1786004747-a6eb727ffb17,84.449,323.624
data-analyst-1786004747-0b31cc7d16d0,84.472,489.873
wide-researcher-1786004747-6eb2b2cc15eb,84.507,176.362
reviewer-1786004747-c4fb6e4f1a59,84.531,499.009
deep-researcher-1786004747-71a958c42e47,84.567,252.162
data-analyst-1786004747-53ba0c6e3b8d,84.584,482.203
wide-researcher-1786004747-582023a68261,84.601,251.050
reviewer-1786004747-fa3a61c21206,84.621,622.353
data-analyst-1786004696-5fc8c0dc6765,84.645,84.646
deep-researcher-1786004747-1168935df04e,84.655,476.936
data-analyst-1786004747-367b88f29e8c,84.707,619.194
wide-researcher-1786004747-c0d6145503bf,84.726,495.933
reviewer-1786004747-4059df1f8ce6,84.740,593.227
deep-researcher-1786004747-712b6abb42b1,84.782,366.712
data-analyst-1786004747-c70adc88a7f9,84.812,604.789
wide-researcher-1786004747-59c415774acb,84.827,262.926
reviewer-1786004747-8669da953db8,84.846,600.730
deep-researcher-1786004747-22f354cef983,84.959,374.011
data-analyst-1786004747-1e66cbd15a50,84.988,590.522
wide-researcher-1786004747-0857aa082791,85.046,259.356
reviewer-1786004748-ec8f1cc9b22d,85.071,635.918
deep-researcher-1786004748-12249883b3bb,85.115,361.937
data-analyst-1786004748-422120a021bd,85.129,474.798
wide-researcher-1786004748-0d4c3534b405,85.204,260.335
reviewer-1786004748-c898248e676f,85.246,487.261
deep-researcher-1786004748-01cb34089eba,85.280,365.856
data-analyst-1786004748-23e1b463bedc,85.300,505.666
wide-researcher-1786004748-58168d5e137d,85.315,168.287
reviewer-1786004748-4a31a6ae9068,85.328,380.129
data-analyst-1786004710-ea2798a97cfa,85.333,109.345
deep-researcher-1786004748-fb3c0a784a8a,85.360,262.215
data-analyst-1786004748-af0228fa2bb5,85.391,594.215
wide-researcher-1786004748-108cf4e4cf35,85.416,485.319
reviewer-1786004748-cbc57c5e038f,85.441,591.339
deep-researcher-1786004748-3145a5f08e10,85.474,260.114
data-analyst-1786004748-7efbbed2e22e,85.500,479.636
wide-researcher-1786004748-628161458744,85.521,178.387
reviewer-1786004748-ce7fafc76653,85.560,598.756
deep-researcher-1786004748-f1ee68442330,85.594,639.932
data-analyst-1786004748-ef703aeee73a,85.613,474.149
wide-researcher-1786004748-feb33cc7fd37,85.628,494.799
reviewer-1786004748-af542b905d5e,85.678,588.317
data-analyst-1786004707-7b79d3f93210,85.699,85.700
deep-researcher-1786004748-51178edc85da,85.755,426.646
data-analyst-1786004748-d83124c72280,85.775,620.989
wide-researcher-1786004748-d5a71dc3db97,85.807,214.236
data-analyst-1786004710-88adfcb817c8,85.821,121.310
reviewer-1786004748-6d58a523e267,85.830,477.780
deep-researcher-1786004748-39fbe45f4152,85.897,256.658
data-analyst-1786004748-1223750c860a,85.928,489.678
wide-researcher-1786004748-2831c40d398b,85.946,243.031
reviewer-1786004748-843c57d5c244,85.967,358.438
data-analyst-1786004700-2411ed445e12,85.991,85.991
deep-researcher-1786004749-5c3e62376ca3,86.010,600.533
data-analyst-1786004749-c7d2a85f342e,86.044,359.621
wide-researcher-1786004749-38677bec6646,86.057,184.612
reviewer-1786004749-113890da368d,86.077,522.139
deep-researcher-1786004749-355803772865,86.102,261.095
data-analyst-1786004703-e8fc46ba6a34,86.132,96.152
data-analyst-1786004749-6a5d933b17a8,86.142,486.227
wide-researcher-1786004749-8bc4c20ded61,86.162,587.396
reviewer-1786004749-76049cdb03ce,86.224,479.651
deep-researcher-1786004749-92471ad220ee,86.252,592.483
data-analyst-1786004749-b666a73fbb55,86.312,478.639
wide-researcher-1786004749-304221691b56,86.337,600.593
reviewer-1786004749-283fb5fc5d13,86.351,642.685
deep-researcher-1786004749-181fe93d6e9c,86.400,595.389
data-analyst-1786004749-ea4d80f92804,86.438,592.729
data-analyst-1786004708-ef98a785c3c3,86.474,86.475
wide-researcher-1786004749-4d1a3166e0f3,86.507,366.476
reviewer-1786004749-aefc15d265ba,86.559,483.390
deep-researcher-1786004749-037f3dc8fa93,86.592,484.401
data-analyst-1786004749-1541966e4a05,86.627,612.008
wide-researcher-1786004749-86f8e01da17b,86.644,367.654
data-analyst-1786004709-6e7c291df50b,86.649,86.649
reviewer-1786004749-c3434067f8ed,86.691,590.362
data-analyst-1786004704-84f02c076e54,86.710,86.710
deep-researcher-1786004749-dc7e70ac9f99,86.756,358.811
data-analyst-1786004749-13eb2c2ceabc,86.770,693.050
wide-researcher-1786004749-f01753d08a3c,86.840,483.997
data-analyst-1786004713-fc968b27a904,86.840,168.004
reviewer-1786004749-fe58a998cddb,86.853,623.776
data-analyst-1786004713-03a77cdfc023,86.858,166.186
data-analyst-1786004713-fb1328be4dc9,86.871,105.311
deep-researcher-1786004749-2024a1569e41,86.899,374.281
data-analyst-1786004749-aaed61630538,86.955,478.397
wide-researcher-1786004749-3e5f3255d4d9,86.992,414.913
reviewer-1786004750-379a9c278072,87.012,498.932
deep-researcher-1786004750-d85634603796,87.072,479.558
data-analyst-1786004750-890d7d32aaa7,87.103,496.736
wide-researcher-1786004750-4166797fd423,87.137,251.743
reviewer-1786004750-93e3993a6489,87.171,592.898
data-analyst-1786004709-c8c624fe34c8,87.190,96.656
deep-researcher-1786004750-4bc67ed99c87,87.204,249.611
data-analyst-1786004750-f2bb1b850a31,87.228,474.450
wide-researcher-1786004750-f4502860baef,87.261,171.583
reviewer-1786004750-548fb99ae210,87.286,695.612
deep-researcher-1786004750-b79e89d0e61e,87.327,365.746
data-analyst-1786004750-6d5cbc336a80,87.354,531.409
wide-researcher-1786004750-2415a3039d75,87.399,173.088
reviewer-1786004750-c5a09c9d3805,87.412,493.448
deep-researcher-1786004750-ba5125d52650,87.456,261.543
data-analyst-1786004750-fe0501b7e409,87.482,479.893
wide-researcher-1786004750-eadc77e2bd55,87.495,263.162
reviewer-1786004750-e05ed1f92dce,87.523,586.324
deep-researcher-1786004750-b7002ccd4994,87.564,168.688
data-analyst-1786004750-71c8efb2cf76,87.588,598.548
wide-researcher-1786004750-f603965f80f7,87.602,360.095
reviewer-1786004750-b73f3b705b94,87.616,483.358
deep-researcher-1786004750-908aaff45811,87.657,375.465
data-analyst-1786004750-704514d92279,87.676,499.702
wide-researcher-1786004750-324d14c5a173,87.723,604.700
reviewer-1786004750-43bfcc11fadb,87.738,603.581
data-analyst-1786004707-2893e4bedf09,87.782,106.447
data-analyst-1786004710-2987b80e38dc,87.802,98.586
deep-researcher-1786004750-cb2cfc58f72e,87.830,273.262
data-analyst-1786004750-41537563e95a,87.857,590.897
wide-researcher-1786004750-e12b63d0ea1b,87.879,497.785
reviewer-1786004750-0bd3b64d3100,87.908,599.489
deep-researcher-1786004750-fc0ed4c816f8,87.988,697.622
data-analyst-1786004750-4e14d4b860f5,88.009,361.893
wide-researcher-1786004751-c9cfa9119e5c,88.031,593.822
reviewer-1786004751-8f3a3e7456a6,88.051,496.832
deep-researcher-1786004751-d22cf5a23d0f,88.090,474.768
data-analyst-1786004703-dd870c1373f2,88.099,96.332
data-analyst-1786004692-1a238eab7d70,88.120,88.120
data-analyst-1786004751-383469dc5b18,88.132,513.194
wide-researcher-1786004751-6150b88e542a,88.145,311.378
reviewer-1786004751-52c468158d16,88.163,598.266
deep-researcher-1786004751-a1f81c6f5147,88.207,188.920
data-analyst-1786004751-1d543540c13f,88.220,365.808
wide-researcher-1786004751-f44646617110,88.267,283.614
reviewer-1786004751-1ddf43aeb87f,88.287,598.460
deep-researcher-1786004751-b26790e4b2f6,88.347,248.626
data-analyst-1786004751-3b934dcdf6d1,88.363,314.462
wide-researcher-1786004751-781c0406fc07,88.377,655.813
data-analyst-1786004705-014d8e2febe7,88.397,88.398
data-analyst-1786004708-6b97f90ecb5d,88.411,88.412
reviewer-1786004751-eb69b797266e,88.444,700.898
deep-researcher-1786004751-696e6ea20f26,88.475,364.245
data-analyst-1786004751-e41dc856f9c9,88.495,610.767
data-analyst-1786004711-a16a94593ff8,88.511,96.256
wide-researcher-1786004751-d81a08cde5ee,88.528,371.182
reviewer-1786004751-fe6a4c4f48ae,88.564,490.781
deep-researcher-1786004751-74696e081bd4,88.596,670.384
data-analyst-1786004751-802e775a3488,88.641,399.714
wide-researcher-1786004751-6940b0a4014a,88.684,371.216
reviewer-1786004751-8af7302922cc,88.813,395.899
deep-researcher-1786004751-59e609d5cea4,88.859,589.529
data-analyst-1786004751-29351d8d07ed,88.899,486.157
wide-researcher-1786004751-2d0b90378e0d,88.927,248.075
reviewer-1786004751-f0cd768bf021,88.959,586.153
deep-researcher-1786004752-2754ac88ae6a,89.003,497.012
data-analyst-1786004752-2bc4618fa3de,89.036,415.302
wide-researcher-1786004752-11c23bf8c22b,89.049,194.684
reviewer-1786004752-a2fea1d836d2,89.068,395.048
deep-researcher-1786004752-3fc9eb593190,89.117,376.851
data-analyst-1786004752-56141b97b151,89.130,373.626
wide-researcher-1786004752-9b5094a37e60,89.161,246.873
reviewer-1786004752-d72581289264,89.257,588.643
deep-researcher-1786004752-4619e0925d9d,89.307,607.585
data-analyst-1786004752-9635ffc5ef26,89.335,593.413
wide-researcher-1786004752-05c36fa35bf3,89.375,379.269
reviewer-1786004752-fd49948f36a8,89.388,433.574
data-analyst-1786004696-081fb643875b,89.401,96.233
deep-researcher-1786004752-59888fe45614,89.420,251.572
data-analyst-1786004752-53b307c8e02d,89.460,486.408
wide-researcher-1786004752-f2842f8e6196,89.493,193.922
reviewer-1786004752-148743fb7315,89.519,489.966
deep-researcher-1786004752-21313b768abd,89.571,610.598
data-analyst-1786004752-97ee5410bade,89.599,497.384
wide-researcher-1786004752-baebc3e17813,89.637,358.312
reviewer-1786004752-6f73b33f750f,89.657,601.338
deep-researcher-1786004752-297b8c392959,89.695,169.078
data-analyst-1786004752-3f067a595a91,89.714,628.859
wide-researcher-1786004752-d0f710e0e5ef,89.783,178.615
reviewer-1786004752-03df5289f267,89.801,587.637
deep-researcher-1786004752-bda249d1971b,89.857,253.528
data-analyst-1786004752-f4d87b564da9,89.877,607.168
wide-researcher-1786004752-ca9bd0b1bc58,89.942,270.268
reviewer-1786004752-6c7a46408b8c,89.956,600.959
deep-researcher-1786004752-6370efb79e04,90.002,187.764
data-analyst-1786004753-f43c5ad0fc8d,90.092,380.420
wide-researcher-1786004753-1a97902c538f,90.117,600.401
reviewer-1786004753-760cc919307f,90.152,386.683
deep-researcher-1786004753-954b66af601d,90.188,257.777
data-analyst-1786004753-d390e5c55aa6,90.319,392.068
wide-researcher-1786004753-115083340518,90.410,241.885
reviewer-1786004753-4d3a7f8366f0,90.439,623.632
deep-researcher-1786004753-c1a303dc1097,90.473,653.242
data-analyst-1786004753-e0d71eb20a29,90.494,488.354
wide-researcher-1786004753-dc38d1f709e9,90.513,359.885
reviewer-1786004753-251dbb3ca9a1,90.542,362.170
deep-researcher-1786004753-9fa8a9c33555,90.591,430.635
data-analyst-1786004753-a6b436cc1cc9,90.632,367.527
wide-researcher-1786004753-615580b3fb0d,90.673,171.709
reviewer-1786004753-6bfb159edd42,90.702,365.229
deep-researcher-1786004753-8a0ffc8b751a,90.742,254.462
data-analyst-1786004753-1f9fe3cd2227,90.768,637.611
wide-researcher-1786004753-d88e39cc913a,90.806,605.914
reviewer-1786004753-6b1ba69f2593,90.845,370.914
deep-researcher-1786004753-3fab4fa35a30,90.884,593.925
data-analyst-1786004753-2bc12d9ac7f8,90.897,522.217
wide-researcher-1786004753-9b91457aee65,90.910,166.483
reviewer-1786004753-0b62356cd684,90.938,646.006
deep-researcher-1786004754-98621ffc3e51,90.974,175.266
data-analyst-1786004754-f6db252730e7,91.003,594.724
wide-researcher-1786004754-747e6e8905ad,91.037,269.116
reviewer-1786004754-7abd29776e6d,91.073,586.212
deep-researcher-1786004754-c54b3357134f,91.105,443.207
data-analyst-1786004754-f3894d533c6d,91.153,496.751
data-analyst-1786004711-c5f5973977c3,91.169,103.436
wide-researcher-1786004754-5914293e7613,91.173,364.987
reviewer-1786004754-8abda1c141c3,91.227,458.528
deep-researcher-1786004754-4b455842f6be,91.308,296.102
data-analyst-1786004754-46c0f640ecb8,91.321,490.101
wide-researcher-1786004754-c5f88cd8c1a2,91.364,301.621
reviewer-1786004754-06b88e5561a4,91.390,609.902
deep-researcher-1786004754-9041de71995d,91.450,660.533
data-analyst-1786004754-df12305d3135,91.464,367.823
wide-researcher-1786004754-1d4fe601e151,91.477,351.171
reviewer-1786004754-f3ede528bb0d,91.517,479.605
deep-researcher-1786004754-fa8fba8d3eb6,91.549,502.458
data-analyst-1786004754-d2b6eabfed4d,91.587,679.627
wide-researcher-1786004754-442ba4e28fb5,91.601,614.721
reviewer-1786004754-99f9015aacf1,91.620,501.700
data-analyst-1786004703-9e1e3d5c5ce0,91.629,96.198
deep-researcher-1786004754-626be9ba6e34,91.658,596.104
data-analyst-1786004754-8291793bb134,91.672,478.879
wide-researcher-1786004754-e477985ddd8c,91.697,383.692
reviewer-1786004754-4349198c680e,91.818,630.853
deep-researcher-1786004754-af456db06487,91.882,678.500
data-analyst-1786004754-40cdec7a434c,91.940,610.585
wide-researcher-1786004754-e47c99f6a4be,91.961,486.969
reviewer-1786004754-0adb248e4bd1,91.990,491.005
deep-researcher-1786004755-fe368593d7ab,92.029,194.989
data-analyst-1786004755-1fe274ee296b,92.056,374.682
wide-researcher-1786004755-7d337752d9ea,92.070,487.072
reviewer-1786004755-b7c04405d120,92.091,626.925
deep-researcher-1786004755-c7f7bbd7b202,92.138,373.288
data-analyst-1786004755-03f77dcc1718,92.184,495.390
wide-researcher-1786004755-f67f5731f844,92.219,261.591
reviewer-1786004755-afcacf2fb4ab,92.251,499.073
deep-researcher-1786004755-70d807f15249,92.300,607.790
data-analyst-1786004755-466cb20bd722,92.334,378.320
wide-researcher-1786004755-ec9e68ed8223,92.354,377.981
reviewer-1786004755-2e8c29dd750d,92.368,506.020
deep-researcher-1786004755-0cf5507b179b,92.400,508.518
data-analyst-1786004755-cdfc242ce1c3,92.415,487.752
wide-researcher-1786004755-239ab03964a9,92.441,257.901
reviewer-1786004755-44effa968a81,92.463,533.832
deep-researcher-1786004755-fb2ac95fcb71,92.616,312.462
data-analyst-1786004755-c2bf0de3a97d,92.668,396.060
wide-researcher-1786004755-ec33356c6265,92.692,247.860
reviewer-1786004755-e1372e5edb6c,92.738,510.506
deep-researcher-1786004755-e050d246eaa8,92.811,601.655
data-analyst-1786004714-c8b2075f42f1,92.830,102.252
data-analyst-1786004755-d7f7459ac0a0,92.839,262.790
data-analyst-1786004714-1a11c999927e,92.848,107.766
data-analyst-1786004714-19b391c70ce1,92.862,168.314
wide-researcher-1786004755-af93b652e10d,92.866,592.437
data-analyst-1786004714-655fcdb03109,92.879,104.593
data-analyst-1786004714-c0e324c76c09,92.892,97.121
reviewer-1786004755-f57130e2893c,92.897,498.009
data-analyst-1786004714-f9b23622b2fb,92.909,96.985
deep-researcher-1786004755-992100ae24d5,92.922,263.020
data-analyst-1786004755-7dc946ea1830,92.970,366.131
wide-researcher-1786004756-33ded562bd41,92.984,369.183
reviewer-1786004756-6b91fc5638b7,93.034,375.108
deep-researcher-1786004756-f0af6ca85eb9,93.110,599.256
data-analyst-1786004756-446a0f5204af,93.129,592.837
wide-researcher-1786004756-ea94a0c322b8,93.175,247.705
reviewer-1786004756-a3f86fd214ae,93.209,613.682
deep-researcher-1786004756-17d1312edf52,93.340,186.508
data-analyst-1786004756-8f61529bca94,93.354,591.369
wide-researcher-1786004756-67b9b1c87e7c,93.390,373.566
reviewer-1786004756-5e2b7e240207,93.435,674.170
deep-researcher-1786004756-fb462e2ae5a1,93.476,243.105
data-analyst-1786004756-521e66e958f1,93.504,490.193
wide-researcher-1786004756-40b0b4847685,93.518,286.353
reviewer-1786004756-f114433d90e6,93.541,370.490
deep-researcher-1786004756-4d3de2120686,93.574,364.685
data-analyst-1786004756-93968d6b84b0,93.616,481.665
wide-researcher-1786004756-aedae3bde9b1,93.688,260.049
reviewer-1786004756-8a2130ea422b,93.727,365.383
deep-researcher-1786004756-ef100f2a4b9f,93.769,251.521
data-analyst-1786004756-f02ef5f41e58,93.810,484.505
wide-researcher-1786004756-eb4c30ec96b1,93.839,184.513
reviewer-1786004756-07b2bc30e0fd,93.853,417.288
data-analyst-1786004703-965890a23f7c,93.891,96.390
deep-researcher-1786004756-cd6fcda0702a,93.911,183.965
data-analyst-1786004756-3ace537a91f0,93.933,565.786
wide-researcher-1786004756-b365267c2ed7,93.960,245.841
reviewer-1786004757-b2a377b3d938,93.975,495.000
data-analyst-1786004712-b4837b734003,94.031,97.152
deep-researcher-1786004757-36adc0b2c97a,94.050,249.682
data-analyst-1786004757-604a9d616fa7,94.064,575.764
wide-researcher-1786004757-2500657545a9,94.113,588.777
reviewer-1786004757-c30ad00529bc,94.171,488.125
deep-researcher-1786004757-08d7db9ad1f1,94.246,256.579
data-analyst-1786004757-815c03657cca,94.260,488.367
wide-researcher-1786004757-cdfd51022b6b,94.327,379.315
reviewer-1786004757-0dad9691ec92,94.354,494.309
deep-researcher-1786004757-50bb394a4e6b,94.410,187.809
data-analyst-1786004757-ca3757109c20,94.424,659.183
wide-researcher-1786004757-d0828fbc4b62,94.481,253.172
data-analyst-1786004714-7388d3b75bc1,94.510,98.669
data-analyst-1786004714-3d676e90b48e,94.524,97.105
data-analyst-1786004714-0cabce563ccc,94.537,120.826
reviewer-1786004757-d5b78c2b8eb4,94.541,491.513
deep-researcher-1786004757-a1341e0b1024,94.641,530.555
data-analyst-1786004757-49a35d1ecd65,94.679,380.524
wide-researcher-1786004757-baf1850d03e3,94.697,484.987
reviewer-1786004757-9d18b414c851,94.728,378.428
deep-researcher-1786004757-beaa3da4d1d7,94.810,481.695
data-analyst-1786004757-de89d679185e,94.843,508.957
wide-researcher-1786004757-8346fe82cb58,94.866,172.800
reviewer-1786004757-30f15975c348,94.898,385.545
deep-researcher-1786004757-80a8fa622e58,94.943,274.110
data-analyst-1786004757-590f33efc1ff,94.957,594.618
wide-researcher-1786004758-e1d8e00ae730,94.986,289.764
reviewer-1786004758-e40824271284,95.013,554.567
deep-researcher-1786004758-37d6389bc5fe,95.053,249.200
data-analyst-1786004758-cfb9a1970e8f,95.068,613.824
wide-researcher-1786004758-5c3a968b910a,95.097,473.473
reviewer-1786004758-601b164e24ae,95.118,545.224
deep-researcher-1786004758-8b34d04d8427,95.161,323.365
data-analyst-1786004758-375c05d929e4,95.192,492.021
wide-researcher-1786004758-fd70f36cc308,95.231,609.720
reviewer-1786004758-c8ed88204eb4,95.283,496.205
data-analyst-1786004703-fc42a15468d2,95.314,95.315
deep-researcher-1786004758-6411fed8091b,95.322,270.332
data-analyst-1786004758-f71b4cedd31a,95.349,606.045
wide-researcher-1786004758-c90d59ef084b,95.362,249.714
reviewer-1786004758-f36bb540c42e,95.374,578.595
deep-researcher-1786004758-5eb80855c678,95.423,292.427
data-analyst-1786004758-999844156859,95.442,587.696
wide-researcher-1786004758-7e831d0c5967,95.471,586.907
reviewer-1786004758-c3f078d2e5f0,95.492,485.641
deep-researcher-1786004758-7e4f76a4c5e6,95.565,258.983
data-analyst-1786004758-2fb0fa33aabb,95.624,501.088
data-analyst-1786004715-1996eea4562e,95.660,102.330
wide-researcher-1786004758-7deb8c192686,95.673,253.242
data-analyst-1786004715-2016d4cf0f35,95.673,98.605
data-analyst-1786004715-c31e8410ce78,95.690,102.759
reviewer-1786004758-6503debe8060,95.694,492.879
deep-researcher-1786004758-81488c59896a,95.752,612.425
data-analyst-1786004758-deb06b44e282,95.765,478.698
wide-researcher-1786004758-744ac01914b9,95.795,669.363
reviewer-1786004758-f9c0a5098392,95.829,371.201
deep-researcher-1786004758-eee878350742,95.865,588.164
data-analyst-1786004758-3211c81a66ad,95.911,481.605
wide-researcher-1786004758-dd4f63b4284c,95.931,356.049
reviewer-1786004758-22c2c6524322,95.992,526.737
deep-researcher-1786004759-5e9acec5216f,96.052,192.163
data-analyst-1786004759-747ba44f069d,96.065,442.518
wide-researcher-1786004759-8a194745c102,96.131,636.639
reviewer-1786004759-b4717098ed3e,96.159,616.869
deep-researcher-1786004759-482e6a5f5510,96.202,493.478
data-analyst-1786004759-51557c7d7e51,96.237,488.577
wide-researcher-1786004759-37e870451e93,96.250,361.705
reviewer-1786004759-e0c2b53d21b9,96.424,614.075
deep-researcher-1786004759-672df163a898,96.457,247.892
data-analyst-1786004759-6ade1f0e6c15,96.495,402.422
wide-researcher-1786004759-cab10969008b,96.534,502.490
reviewer-1786004759-02a309c7e03c,96.563,387.847
deep-researcher-1786004759-51a8c028f693,96.610,261.893
data-analyst-1786004759-0bf30eb2a170,96.640,606.903
wide-researcher-1786004759-8c9b31764225,96.660,415.182
reviewer-1786004759-ecbfb889ed06,96.737,619.524
deep-researcher-1786004759-0fa87c23b363,96.763,365.118
data-analyst-1786004759-f18108120913,96.791,378.140
wide-researcher-1786004759-103c0f3dbc34,96.806,615.588
reviewer-1786004759-aeb3c1b00df1,96.827,494.224
deep-researcher-1786004759-271ca1687278,96.871,510.475
data-analyst-1786004759-df07abdaebc2,96.896,535.834
wide-researcher-1786004759-f34ef9db6ef1,96.933,248.740
reviewer-1786004759-93686f60ef39,96.954,583.558
deep-researcher-1786004760-75fe8c69ab8b,96.999,318.496
data-analyst-1786004760-c7ae2fa78942,97.014,378.156
wide-researcher-1786004760-aa60834c2876,97.075,174.056
reviewer-1786004760-b3bee1396483,97.177,608.987
deep-researcher-1786004760-6a084c2ddcf3,97.216,249.597
data-analyst-1786004716-b4e80b52a15f,97.217,97.221
data-analyst-1786004760-7992eded735d,97.281,493.145
data-analyst-1786004715-161ff69c02c8,97.282,97.286
wide-researcher-1786004760-f15ae5ea8b0c,97.317,378.111
reviewer-1786004760-2066b3bca3fc,97.337,496.766
deep-researcher-1786004760-bec63a58cb88,97.417,705.540
data-analyst-1786004760-b6f87b7538a2,97.447,634.424
wide-researcher-1786004760-5bdcaf2e159e,97.492,633.057
reviewer-1786004760-041cf3d6deaf,97.510,479.621
deep-researcher-1786004760-f0299141a0dc,97.564,653.094
data-analyst-1786004716-1c60f49d06d8,97.574,97.575
data-analyst-1786004760-cc59142f5b77,97.580,666.220
wide-researcher-1786004760-ee0600a251a3,97.643,369.121
data-analyst-1786004715-1a49cd8aea27,97.653,97.653
reviewer-1786004760-f4c503114456,97.666,474.935
deep-researcher-1786004760-b1d11f83698d,97.706,259.197
data-analyst-1786004760-e349541ae58b,97.745,595.835
wide-researcher-1786004760-8d78a993008e,97.761,223.153
data-analyst-1786004715-d6758c4a7556,97.767,97.767
reviewer-1786004760-592b9a0d800f,97.882,608.869
deep-researcher-1786004760-3b28dfedae5d,97.924,612.480
data-analyst-1786004719-a0785217dd54,97.949,97.950
data-analyst-1786004760-8a9e568e97af,97.949,536.447
wide-researcher-1786004760-a9a20e673337,97.972,373.038
data-analyst-1786004716-77f04942b1e5,98.002,98.002
reviewer-1786004761-c968957ca975,98.007,421.414
deep-researcher-1786004761-79e42072fa3e,98.040,302.501
data-analyst-1786004761-f8a83175ef1f,98.075,439.410
wide-researcher-1786004761-b52d6b9dbcbf,98.089,390.089
data-analyst-1786004716-6eb2814a07f2,98.109,98.110
reviewer-1786004761-2b1da6d360b4,98.115,491.986
data-analyst-1786004721-c26c1891bba5,98.127,98.128
data-analyst-1786004720-82ab6efd85e9,98.143,98.143
data-analyst-1786004722-cf9365e896c7,98.157,98.157
deep-researcher-1786004761-5e07d5fc3848,98.228,478.581
data-analyst-1786004761-b21a103ad94d,98.248,496.582
wide-researcher-1786004761-feb96d7b1cff,98.273,604.686
reviewer-1786004761-3980bdff73f3,98.303,605.188
data-analyst-1786004721-c5b87123e82d,98.327,98.328
deep-researcher-1786004761-0b407902c955,98.341,630.767
data-analyst-1786004720-a321be7f5f5b,98.361,98.361
data-analyst-1786004716-5859358316bf,98.394,98.394
data-analyst-1786004715-81be55511011,98.409,98.409
data-analyst-1786004717-30d9bc06c119,98.454,98.454
data-analyst-1786004761-8673a117ef6f,98.464,554.907
wide-researcher-1786004761-6a9188ec091b,98.500,393.542
data-analyst-1786004720-b4c2138c8981,98.510,98.510
data-analyst-1786004722-faa58a1be601,98.555,98.555
reviewer-1786004761-67885502fe03,98.590,636.056
deep-researcher-1786004761-9d33d14201ec,98.700,494.079
data-analyst-1786004724-f38b66f923b4,98.701,98.705
data-analyst-1786004761-47d957203efa,98.736,477.062
data-analyst-1786004720-95c72d3309e5,98.787,98.787
wide-researcher-1786004761-b436352b3147,98.792,361.734
reviewer-1786004761-aecccbce3088,98.816,616.409
data-analyst-1786004720-43ab2d381d00,98.856,98.857
deep-researcher-1786004761-012dd05438ce,98.862,256.190
data-analyst-1786004723-4458ad793f88,98.921,98.922
data-analyst-1786004761-6b0804635a12,98.930,621.120
wide-researcher-1786004761-80990fa74de3,98.950,260.807
reviewer-1786004761-0c355f90d64b,99.019,635.049
deep-researcher-1786004762-8199754a73a1,99.086,592.883
data-analyst-1786004762-d9ac628159fd,99.142,575.498
wide-researcher-1786004762-8c08138c1085,99.163,527.240
reviewer-1786004762-c2bf1328d2da,99.193,499.283
data-analyst-1786004730-f5e49479a0c6,99.201,168.082
deep-researcher-1786004762-9e868fb64ce1,99.251,308.815
data-analyst-1786004762-b8405bf09840,99.265,255.390
data-analyst-1786004725-102bdf56cb01,99.294,162.034
wide-researcher-1786004762-1d38b0518e19,99.341,358.779
data-analyst-1786004725-b65b81e6cd40,99.422,99.423
reviewer-1786004762-2b61b1e0c17b,99.448,495.734
deep-researcher-1786004762-09e583469395,99.491,259.389
data-analyst-1786004762-eb8015909149,99.522,402.405
wide-researcher-1786004762-64959e88b6af,99.548,363.381
reviewer-1786004762-d3e119bce450,99.579,672.127
deep-researcher-1786004762-f0f6a3ec4182,99.631,477.524
data-analyst-1786004762-65143f0a8432,99.769,499.149
wide-researcher-1786004762-60453ba992ca,99.783,276.097
reviewer-1786004762-6d726d0fc230,99.808,589.267
deep-researcher-1786004762-66562a89ebc1,99.848,356.032
data-analyst-1786004762-c68cdded7d24,99.862,478.012
wide-researcher-1786004762-483299101b2d,99.894,507.451
reviewer-1786004762-02668c210525,99.914,497.310
deep-researcher-1786004762-886343025353,99.987,360.743
data-analyst-1786004763-84e9faca85b0,100.016,589.641
wide-researcher-1786004763-40c653255db3,100.088,365.823
reviewer-1786004763-9cb12b88fa01,100.115,604.084
deep-researcher-1786004763-86dedb44a61d,100.156,251.355
data-analyst-1786004724-7b2add6a6768,100.196,100.196
data-analyst-1786004763-2626e6b51705,100.209,589.628
wide-researcher-1786004763-399bb6b0e644,100.240,292.584
reviewer-1786004763-055158dce0cd,100.295,586.535
deep-researcher-1786004763-76237bf98dca,100.339,607.451
data-analyst-1786004763-ff98f7f38787,100.359,599.171
wide-researcher-1786004763-0173ea14befd,100.404,588.302
reviewer-1786004763-ba25ff5d03f5,100.426,480.437
deep-researcher-1786004763-901fff181f96,100.464,256.627
data-analyst-1786004763-b07fd84b7f39,100.519,478.476
wide-researcher-1786004763-914d9701d427,100.533,370.384
data-analyst-1786004726-9d790ea574b2,100.562,100.562
reviewer-1786004763-86c59163a850,100.571,640.302
data-analyst-1786004724-c137ce4861de,100.639,100.639
deep-researcher-1786004763-832127aa43b2,100.679,675.834
data-analyst-1786004763-810aa4802daa,100.697,262.306
wide-researcher-1786004763-6f7a672441b8,100.712,677.417
reviewer-1786004763-a7db93ee518b,100.765,603.215
data-analyst-1786004726-53a928814958,100.775,100.776
deep-researcher-1786004763-ed5aedcb9fc5,100.852,257.885
data-analyst-1786004763-72b210ce738f,100.911,633.768
wide-researcher-1786004763-4a24a12e8bd7,100.954,624.897
reviewer-1786004763-99f164b95a17,100.969,602.926
deep-researcher-1786004763-e4bcc2de13a1,101.022,545.239
data-analyst-1786004764-c5dadd57a0e2,101.064,597.207
wide-researcher-1786004764-02d3ad21dd1a,101.141,276.933
reviewer-1786004764-a41a077eec73,101.227,616.836
deep-researcher-1786004764-4a855c5f7d6a,101.270,613.928
data-analyst-1786004764-e59b44dd89e2,101.293,586.026
wide-researcher-1786004764-5064a1f5fb59,101.327,593.367
reviewer-1786004764-54bf302c2c67,101.359,485.429
deep-researcher-1786004764-e0e8b7e24ab2,101.395,357.736
data-analyst-1786004764-c607e2505ce5,101.410,491.354
wide-researcher-1786004764-6b673a3faafb,101.437,212.594
reviewer-1786004764-3159ff87a2a0,101.497,377.885
data-analyst-1786004723-c373c1f46496,101.510,101.510
deep-researcher-1786004764-3279d1648dad,101.529,167.567
data-analyst-1786004725-1f299e4b7a4f,101.564,101.564
data-analyst-1786004764-9e0666ec3499,101.599,473.696
wide-researcher-1786004764-fd26fb56cf3e,101.626,253.664
reviewer-1786004764-844501609b0e,101.667,685.283
data-analyst-1786004718-01c535e74619,101.676,101.676
deep-researcher-1786004764-e45601436a45,101.714,182.771
data-analyst-1786004724-255f7a594793,101.746,101.746
data-analyst-1786004764-b898e47b9b2c,101.751,697.182
wide-researcher-1786004764-10de33aced51,101.817,290.470
reviewer-1786004764-1afd6bf57888,101.838,515.972
deep-researcher-1786004764-9b0bfda1e14b,101.876,323.136
data-analyst-1786004764-c017c1548d55,101.911,612.058
wide-researcher-1786004764-fd4e06c97daf,101.936,620.680
reviewer-1786004764-275e3be5824c,102.016,487.462
deep-researcher-1786004765-b9d304d10cc0,102.094,695.403
data-analyst-1786004765-fc8a1b079c46,102.149,375.534
wide-researcher-1786004765-496752b1df24,102.176,490.857
data-analyst-1786004715-48ae00a6c7d7,102.204,161.315
reviewer-1786004765-9b48aea272f8,102.217,475.303
deep-researcher-1786004765-951e368d3951,102.283,650.334
data-analyst-1786004765-50a82199419f,102.348,623.387
data-analyst-1786004720-ee698db14b8d,102.361,102.361
data-analyst-1786004722-2af324d0052e,102.374,102.375
wide-researcher-1786004765-ae34e7d275da,102.423,477.567
reviewer-1786004765-526a113f1269,102.465,595.046
deep-researcher-1786004765-674162a16b3e,102.492,383.203
data-analyst-1786004765-5a9d64455673,102.538,489.637
data-analyst-1786004719-a5f471cb5ba5,102.567,102.568
wide-researcher-1786004765-9564bd5ab9cd,102.573,311.498
data-analyst-1786004729-aa9d3c03365c,102.586,102.587
reviewer-1786004765-f6613cd6da2c,102.603,472.994
deep-researcher-1786004765-7e2186be477f,102.641,259.864
data-analyst-1786004724-c8fd8968d1d2,102.734,165.167
data-analyst-1786004765-3b75433f8fe4,102.735,474.406
wide-researcher-1786004765-dbd692661915,102.754,254.275
reviewer-1786004765-00a2526c959b,102.780,366.807
deep-researcher-1786004765-a51e8f475ea1,102.834,258.797
data-analyst-1786004765-ef9bc2707b6d,102.848,492.919
wide-researcher-1786004765-b9e7307b3d36,102.870,382.358
reviewer-1786004765-40609e8b15e1,102.885,597.498
data-analyst-1786004728-952cada595b5,102.916,102.917
deep-researcher-1786004765-04a19f097c2d,102.952,304.999
data-analyst-1786004765-7df5e805f262,103.006,356.820
wide-researcher-1786004766-169c3b4a4e7f,103.019,405.411
reviewer-1786004766-5a7d3efa8247,103.038,599.819
data-analyst-1786004734-104b731ec8f2,103.052,168.301
deep-researcher-1786004766-4734b6635986,103.103,288.268
data-analyst-1786004716-bcb6e19ac7c6,103.126,103.127
data-analyst-1786004766-237548d2573a,103.130,526.440
wide-researcher-1786004766-cb81b5ddb0dd,103.143,214.568
data-analyst-1786004732-3170cd34058c,103.161,161.788
reviewer-1786004766-a5b314ab666e,103.191,617.641
data-analyst-1786004730-05bcc37d939e,103.241,103.242
data-analyst-1786004718-72150be6efe7,103.254,103.255
deep-researcher-1786004766-c80ca5a7d3de,103.317,589.782
data-analyst-1786004766-0784fd6c6b6c,103.362,627.830
wide-researcher-1786004766-d51b1a36a7ea,103.393,255.833
reviewer-1786004766-9c15c1dfd988,103.422,623.696
deep-researcher-1786004766-a52faa39c510,103.492,678.815
data-analyst-1786004766-0f0c56b35ad3,103.521,379.676
wide-researcher-1786004766-ee30ddd7669b,103.589,294.297
reviewer-1786004766-31f9f33c4b8a,103.604,616.247
data-analyst-1786004730-d511ad8bda8f,103.650,103.650
deep-researcher-1786004766-a4cbf8f48917,103.650,253.259
data-analyst-1786004766-55dfeb7cd4a7,103.700,600.248
wide-researcher-1786004766-8ca5e39e80ba,103.724,249.939
reviewer-1786004766-515038dbaabc,103.778,593.505
deep-researcher-1786004766-8d2af358cbc7,103.861,252.146
data-analyst-1786004730-5cdfeeca3726,103.900,103.900
data-analyst-1786004766-533942a21b13,103.931,579.492
wide-researcher-1786004766-7a7bc16eb854,103.970,378.414
reviewer-1786004766-382aaeef2b79,103.984,596.004
deep-researcher-1786004767-32f48500b759,104.011,617.883
data-analyst-1786004733-d83ca5eb41ba,104.012,161.540
data-analyst-1786004767-423d6379beb8,104.047,488.508
wide-researcher-1786004767-ed88cd884115,104.114,231.395
data-analyst-1786004720-081d531ae90a,104.217,104.217
reviewer-1786004767-0909840eab9b,104.251,616.215
deep-researcher-1786004767-e1cbbea668f3,104.285,606.160
data-analyst-1786004767-7a074e188710,104.301,374.363
wide-researcher-1786004767-1876a716b8ce,104.345,601.051
reviewer-1786004767-8fcd3fd93de6,104.359,376.747
deep-researcher-1786004767-12f4c608d6d3,104.402,211.513
data-analyst-1786004767-02f2b8f5d351,104.415,651.625
wide-researcher-1786004767-6011f219b69e,104.436,498.748
reviewer-1786004767-37342a981e67,104.457,610.516
deep-researcher-1786004767-64cd9b30f395,104.520,292.555
data-analyst-1786004767-804e4aa29a44,104.550,370.575
wide-researcher-1786004767-2ab1c60b6bb3,104.617,406.982
reviewer-1786004767-a6762bb09bbb,104.644,378.477
deep-researcher-1786004767-75f85139196a,104.689,257.325
data-analyst-1786004730-af2341b93068,104.712,166.834
data-analyst-1786004726-90b2d9dd7f93,104.771,104.772
data-analyst-1786004730-9124bc1dc037,104.784,104.785
data-analyst-1786004767-2fbc6160d752,104.822,476.521
wide-researcher-1786004767-8561aaab4001,104.844,270.382
reviewer-1786004767-3477ce632016,104.865,483.632
data-analyst-1786004718-0a5005e65b1e,104.873,104.873
deep-researcher-1786004767-f250cfb82b38,104.901,670.279
data-analyst-1786004767-4364c9e76216,104.928,626.205
wide-researcher-1786004767-6d668f01756a,104.942,369.167
reviewer-1786004768-c8438b16bc5f,104.996,564.735
deep-researcher-1786004768-28f8e7f4a4bd,105.032,259.457
data-analyst-1786004768-94aa0164e983,105.129,479.390
data-analyst-1786004723-00872b5e04b9,105.143,105.144
wide-researcher-1786004768-eb9abf67a4da,105.171,363.352
data-analyst-1786004720-84c366055d19,105.175,105.176
reviewer-1786004768-7b59fbfc9983,105.212,602.940
deep-researcher-1786004768-e0549e295347,105.244,280.248
data-analyst-1786004768-6652f1388045,105.296,626.414
wide-researcher-1786004768-46465c670eb9,105.373,254.056
reviewer-1786004768-e8fcfc16fc1f,105.435,685.714
data-analyst-1786004736-89ad675fd8bf,105.470,246.807
deep-researcher-1786004768-a3b73c99b9b5,105.479,602.715
data-analyst-1786004724-65ad45831b6f,105.487,105.487
data-analyst-1786004732-8d768559e2ae,105.500,105.500
data-analyst-1786004768-204752e08788,105.509,622.754
wide-researcher-1786004768-c0f7e206fe0f,105.583,262.068
reviewer-1786004768-83d202391aca,105.625,630.069
deep-researcher-1786004768-a4bf46c42449,105.666,635.393
data-analyst-1786004768-3d72863b54ea,105.755,495.810
wide-researcher-1786004768-a12f1884c50c,105.768,252.421
reviewer-1786004768-1141b92c7acc,105.807,498.608
data-analyst-1786004737-43c61e0e7f3f,105.828,163.286
deep-researcher-1786004768-f2ee36691768,105.833,601.108
data-analyst-1786004768-4d1072b11685,105.867,470.150
wide-researcher-1786004768-a5b62b9416dc,105.880,287.686
reviewer-1786004768-010e0e4f3f70,105.913,615.275
data-analyst-1786004725-e09793e9aa24,105.926,105.926
deep-researcher-1786004768-c50a0ad1d7fe,105.950,362.468
data-analyst-1786004769-51494a346971,105.979,497.800
wide-researcher-1786004769-df92c461425c,106.017,366.348
reviewer-1786004769-389abe06042f,106.031,610.781
deep-researcher-1786004769-1430e7b0cf64,106.074,261.243
data-analyst-1786004769-30f2f7b6138f,106.127,380.145
wide-researcher-1786004769-9f77a01cf6ce,106.157,230.798
reviewer-1786004769-e638e6faec4b,106.215,502.326
deep-researcher-1786004769-b774526600cb,106.332,409.115
data-analyst-1786004732-1148ccc04bf5,106.341,106.342
data-analyst-1786004769-86665125606c,106.354,500.388
data-analyst-1786004725-3b58f7eb71c6,106.384,106.384
wide-researcher-1786004769-c9d7eda64cb1,106.389,598.886
reviewer-1786004769-fb839c064b0d,106.420,368.554
deep-researcher-1786004769-85d7ab33a62d,106.460,613.944
data-analyst-1786004731-3d5991642d0d,106.492,106.492
data-analyst-1786004769-2f7df3eb3e5e,106.510,609.440
data-analyst-1786004722-0cfdfcd8026e,106.522,168.127
wide-researcher-1786004769-6d8f26aed2e9,106.550,271.337
reviewer-1786004769-ef9b3cda41b5,106.629,425.089
deep-researcher-1786004769-ec3ed96cc0f2,106.707,605.929
data-analyst-1786004769-9fbda3abe6c1,106.731,641.402
wide-researcher-1786004769-8a39d66442c5,106.754,362.693
reviewer-1786004769-028fbc8cc9a2,106.796,495.918
deep-researcher-1786004769-b9096e8bc4cf,106.881,373.994
data-analyst-1786004769-5ecf3096ab14,106.921,375.612
data-analyst-1786004732-b5e194f3f7fd,106.931,106.931
wide-researcher-1786004769-3c8eaad3316c,106.950,262.099
reviewer-1786004769-cdbcf32bf0c5,106.994,365.550
deep-researcher-1786004770-355d93bbe3fb,107.024,261.446
data-analyst-1786004770-c0ac9ffe4bd6,107.071,481.393
wide-researcher-1786004770-0b60adb3914f,107.092,259.227
data-analyst-1786004729-cce96a5e6217,107.105,107.106
reviewer-1786004770-b633e0cfe95f,107.125,478.460
deep-researcher-1786004770-228c49418a0d,107.168,623.167
data-analyst-1786004770-f84d637a30e6,107.187,589.389
data-analyst-1786004733-3eb493d3e41f,107.210,107.210
wide-researcher-1786004770-cb0d8d2277ee,107.260,362.014
reviewer-1786004770-777fdb139f0b,107.275,613.210
deep-researcher-1786004770-701ab21f89a3,107.316,474.421
data-analyst-1786004770-7e22d5a87902,107.339,494.353
wide-researcher-1786004770-6661157be5ac,107.355,657.984
reviewer-1786004770-66433ac181ac,107.383,385.528
deep-researcher-1786004770-2c767942bb3b,107.423,243.438
data-analyst-1786004770-0f821f397c4c,107.436,701.162
wide-researcher-1786004770-d0908e4db4c7,107.462,250.958
data-analyst-1786004738-fa7ccaf12dfc,107.475,211.301
reviewer-1786004770-c44ea2bfbc01,107.484,478.668
deep-researcher-1786004770-77e4ee680dad,107.527,531.395
data-analyst-1786004770-7e4975ae9913,107.550,494.036
wide-researcher-1786004770-39ebaab839eb,107.577,256.446
reviewer-1786004770-e994b7525a6d,107.591,500.464
data-analyst-1786004716-67f646c0997f,107.604,107.604
deep-researcher-1786004770-d17864e8c9da,107.649,323.763
data-analyst-1786004770-a2ba03ad4ea7,107.711,363.885
wide-researcher-1786004770-6f722701e07b,107.741,476.425
data-analyst-1786004731-302f3eaf5295,107.781,107.782
reviewer-1786004770-c2b5ef3e9467,107.837,607.480
data-analyst-1786004731-77eeba86968d,107.837,107.838
deep-researcher-1786004770-644ba80518f0,107.893,255.770
data-analyst-1786004770-e6d8c2972067,107.907,370.735
wide-researcher-1786004770-d8f7b626b8d8,107.928,476.672
reviewer-1786004770-51de4664f40f,107.961,475.442
deep-researcher-1786004771-a9b5512535f1,108.065,172.004
data-analyst-1786004730-ac03ffdb5c57,108.112,108.113
data-analyst-1786004771-b7cce8e0c360,108.144,363.806
wide-researcher-1786004771-f9013b677f2e,108.157,249.492
data-analyst-1786004724-48002b57ad4f,108.186,168.437
reviewer-1786004771-dffc824acbb1,108.229,482.992
data-analyst-1786004728-67f73a9fe3ee,108.270,165.707
deep-researcher-1786004771-983ca0f0a5ad,108.304,192.865
data-analyst-1786004731-0256f795c3c2,108.353,108.354
data-analyst-1786004771-92ce49b08c9e,108.399,683.974
wide-researcher-1786004771-bf95c269f8c7,108.428,360.627
reviewer-1786004771-0d465e292bfe,108.441,379.539
data-analyst-1786004724-44907adbced4,108.472,108.473
deep-researcher-1786004771-0f0a819f560a,108.496,609.374
data-analyst-1786004771-c2ad6dcb1a91,108.518,615.540
data-analyst-1786004736-de26913c667c,108.518,161.511
wide-researcher-1786004771-f1f27f804356,108.538,609.252
data-analyst-1786004733-f9917ed25af5,108.556,108.556
data-analyst-1786004715-e1ada0a9e8ba,108.598,167.693
reviewer-1786004771-33f4dde02204,108.607,648.413
deep-researcher-1786004771-45f435baf2a5,108.643,251.831
data-analyst-1786004771-3905fc1c64e6,108.683,487.432
data-analyst-1786004728-a45947ad4243,108.764,108.765
wide-researcher-1786004771-8a181757e3c3,108.770,373.813
reviewer-1786004771-cdeaf8cd8b60,108.784,623.258
data-analyst-1786004723-e567cb887897,108.797,108.797
deep-researcher-1786004771-1da85b3a3ce7,108.822,590.394
data-analyst-1786004771-ce0c71cfa678,108.841,606.842
wide-researcher-1786004771-d8c652960afa,108.855,497.264
reviewer-1786004771-05397fc2c1f0,108.868,661.316
data-analyst-1786004739-8cf846b6db9f,108.872,164.107
deep-researcher-1786004771-9728af2f218c,108.907,258.609
data-analyst-1786004771-6891a447a742,108.929,331.587
wide-researcher-1786004771-4e397dd524d6,108.946,360.003
reviewer-1786004772-910072e46479,108.974,373.892
deep-researcher-1786004772-a4cbe4d3991f,109.011,592.713
data-analyst-1786004772-aba5e3dbb998,109.030,597.140
data-analyst-1786004728-b25e8903db61,109.039,109.039
wide-researcher-1786004772-288bb0d31375,109.062,256.987
reviewer-1786004772-e177171706a4,109.081,378.703
data-analyst-1786004739-fb92ba5197a2,109.122,186.162
deep-researcher-1786004772-c19d0598eee0,109.149,485.669
data-analyst-1786004724-a2e9e38bed26,109.152,370.088
data-analyst-1786004772-b37cf507549d,109.186,590.017
data-analyst-1786004731-1d622e422024,109.186,109.190
wide-researcher-1786004772-7d01c7d6cf10,109.251,457.722
data-analyst-1786004720-0714d764dce3,109.266,109.267
reviewer-1786004772-7670f006115e,109.308,638.591
deep-researcher-1786004772-b0b128937da2,109.350,673.142
data-analyst-1786004772-439ed5fb577d,109.407,540.635
wide-researcher-1786004772-47c2075ab9e7,109.425,616.820
reviewer-1786004772-db648e07d064,109.453,480.765
data-analyst-1786004740-dbeb2dda359e,109.524,190.141
data-analyst-1786004736-e3308bc7ae7b,109.551,109.552
deep-researcher-1786004772-6b7d73830fc0,109.653,600.761
data-analyst-1786004772-82241475bb4d,109.666,496.642
wide-researcher-1786004772-516bb5c06c7e,109.679,397.416
reviewer-1786004772-faa3486a547d,109.703,490.515
deep-researcher-1786004772-731cf8f496d9,109.738,258.728
data-analyst-1786004772-79ba620be1f2,109.759,494.197
wide-researcher-1786004772-37eddd25151c,109.820,484.166
reviewer-1786004772-1ffcf1bcc265,109.894,500.807
data-analyst-1786004720-a197cf1809f9,109.934,109.934
deep-researcher-1786004772-14cc8a913f7d,109.939,376.010
data-analyst-1786004772-33ab3975ca5a,109.998,593.475
wide-researcher-1786004772-1072936fa2ec,110.014,262.984
reviewer-1786004773-f65a7960ad39,110.027,601.885
data-analyst-1786004732-50079982a508,110.050,110.051
deep-researcher-1786004773-51787fa79c89,110.087,694.744
data-analyst-1786004773-957f407ecb95,110.137,400.038
wide-researcher-1786004773-ea2c89f9262a,110.191,404.400
reviewer-1786004773-4c83d6cf0d8c,110.215,571.956
data-analyst-1786004733-9488e5f2a7cb,110.223,110.223
data-analyst-1786004736-cb152fc32e3a,110.237,110.237
deep-researcher-1786004773-b0d2cb4a5d19,110.298,622.719
data-analyst-1786004773-15f0cc3659b2,110.341,622.093
wide-researcher-1786004773-f549288d8a59,110.364,409.946
reviewer-1786004773-0304a8acca56,110.378,380.618
data-analyst-1786004725-8c7880f9637e,110.386,110.387
deep-researcher-1786004773-8aefd90df7b4,110.420,360.208
data-analyst-1786004773-a36713229ab5,110.441,685.126
wide-researcher-1786004773-d857c3766c01,110.455,256.228
data-analyst-1786004720-3433f77bf262,110.455,110.456
reviewer-1786004773-5dfd268472fe,110.483,596.033
deep-researcher-1786004773-459ea0d02b37,110.520,596.716
data-analyst-1786004773-bf9a49f17521,110.590,605.886
wide-researcher-1786004773-c8539eca0389,110.606,362.485
reviewer-1786004773-a77b0780efac,110.647,504.022
data-analyst-1786004732-a7650909680f,110.671,110.671
data-analyst-1786004734-0f569022b17f,110.714,110.715
deep-researcher-1786004773-9a1f0f81543f,110.761,587.067
data-analyst-1786004773-25071b9665dc,110.824,587.597
data-analyst-1786004731-022557b31274,110.836,110.837
wide-researcher-1786004773-0ef30093ffd3,110.837,250.709
data-analyst-1786004722-1d2ae5cfc99e,110.855,110.856
reviewer-1786004773-5317fbc22096,110.914,616.344
data-analyst-1786004739-14fd677e3b8e,110.915,259.109
deep-researcher-1786004773-c47e871051df,110.956,376.909
data-analyst-1786004773-c877665df229,110.987,502.519
wide-researcher-1786004773-3daa46936ef6,111.090,253.274
data-analyst-1786004723-eabf94563ba0,111.109,111.110
reviewer-1786004774-796dc1f1fd5f,111.143,533.846
deep-researcher-1786004774-fd3ea5ae9fe5,111.192,358.123
data-analyst-1786004774-958da8dd7252,111.248,586.296
wide-researcher-1786004774-09a1c8797f9a,111.330,360.546
reviewer-1786004774-d8fb285e6cba,111.372,373.023
deep-researcher-1786004774-478eaba1551c,111.411,255.149
data-analyst-1786004774-b7a63347fa15,111.450,588.286
wide-researcher-1786004774-934373feea24,111.478,371.407
reviewer-1786004774-2685a0d8a181,111.506,464.048
deep-researcher-1786004774-7d779fe923c5,111.534,328.280
data-analyst-1786004774-b0d1de141961,111.558,485.486
wide-researcher-1786004774-557c0b1ac482,111.675,486.826
reviewer-1786004774-cf113ff2f1d0,111.708,372.099
data-analyst-1786004737-b9ef9d8a28d7,111.787,111.787
data-analyst-1786004731-0c770029fc85,111.800,111.801
deep-researcher-1786004774-bc5ef744bce6,111.852,276.218
data-analyst-1786004774-4039642c9a64,111.866,472.713
wide-researcher-1786004774-f75e4ba02ef8,111.880,276.296
reviewer-1786004774-a8bd1fcfc387,111.894,597.292
deep-researcher-1786004774-2be3b890dd4e,111.927,260.251
data-analyst-1786004736-194f9cac7aa8,111.937,111.938
data-analyst-1786004775-4157ecb7b67f,111.956,372.619
wide-researcher-1786004775-3b8533478375,111.997,258.365
data-analyst-1786004729-e2462d327e17,112.007,112.008
reviewer-1786004775-d79aaaf45512,112.012,610.922
deep-researcher-1786004775-f879df411e76,112.082,249.414
data-analyst-1786004775-bb76ae9f5b1f,112.100,622.577
data-analyst-1786004726-c5e9672ac470,112.135,112.135
data-analyst-1786004726-1ca77d6bb7b3,112.150,112.150
wide-researcher-1786004775-990eb9fa5ab0,112.164,259.535
reviewer-1786004775-6f432073d444,112.179,524.083
data-analyst-1786004719-36d14f5c79e0,112.248,112.248
deep-researcher-1786004775-d490b036dab2,112.268,254.509
data-analyst-1786004775-a2f3e7a6519f,112.336,597.222
wide-researcher-1786004775-b53054cc8aad,112.350,364.057
reviewer-1786004775-bb625a8f321b,112.379,485.802
deep-researcher-1786004775-fce746442f31,112.417,362.854
data-analyst-1786004775-37811e5481b7,112.440,495.949
wide-researcher-1786004775-6640ac99421e,112.464,252.586
reviewer-1786004775-6413371fca82,112.532,624.470
data-analyst-1786004731-a22160fd6eb8,112.555,112.556
deep-researcher-1786004775-ee1908116237,112.592,259.605
data-analyst-1786004775-7ad442e3bacb,112.646,495.093
wide-researcher-1786004775-89358b8f627f,112.735,630.984
data-analyst-1786004740-1fd7fdef8d57,112.777,162.360
reviewer-1786004775-826bfe0602a8,112.836,670.167
deep-researcher-1786004775-4070b23d1571,112.886,235.890
data-analyst-1786004775-2170d51149bb,112.930,673.247
wide-researcher-1786004775-82303938093b,112.955,289.779
reviewer-1786004775-6ba5b428220d,112.995,619.405
deep-researcher-1786004776-bfe0c86a9528,113.044,373.485
data-analyst-1786004776-5c5011f17cd3,113.058,616.944
wide-researcher-1786004776-fca74a1e05b9,113.179,376.956
reviewer-1786004776-75b999279f1e,113.218,588.494
data-analyst-1786004743-0e164980d16f,113.229,163.703
deep-researcher-1786004776-44eea5c54b33,113.363,301.963
data-analyst-1786004776-5c67a1d70199,113.378,369.955
wide-researcher-1786004776-2e7936881113,113.406,254.531
reviewer-1786004776-139d5bd0f892,113.451,489.921
deep-researcher-1786004776-6053e56dcbf5,113.497,621.657
data-analyst-1786004743-106cdb7347c7,113.512,169.396
data-analyst-1786004776-732609e136d9,113.518,421.046
data-analyst-1786004743-5cbeae263f02,113.530,163.373
wide-researcher-1786004776-62321d6dff0a,113.535,255.614
data-analyst-1786004732-affa75832af8,113.592,113.593
reviewer-1786004776-e643ef6ac8ad,113.593,604.729
deep-researcher-1786004776-20377213c7da,113.668,362.270
data-analyst-1786004776-190d5aaf9959,113.685,501.686
wide-researcher-1786004776-7766442999a2,113.706,257.761
reviewer-1786004776-4e8892b10cb5,113.784,674.389
deep-researcher-1786004776-ecc96dc1b46a,113.844,336.984
data-analyst-1786004776-1d43eff046d5,113.858,604.759
wide-researcher-1786004776-a92000a3415b,113.892,255.701
data-analyst-1786004731-7dcf87165d1a,113.905,113.905
reviewer-1786004776-3cf02eb7b72f,113.906,586.408
deep-researcher-1786004776-f9af8d331edc,113.943,683.107
data-analyst-1786004777-2acfc58a9bb5,113.970,615.123
data-analyst-1786004730-ca7d7f0b1c30,113.970,113.974
wide-researcher-1786004777-5325e829641e,114.050,365.653
reviewer-1786004777-6c8dda9bce67,114.157,618.447
deep-researcher-1786004777-f80aba5f6005,114.184,678.362
data-analyst-1786004777-c23f710c3acb,114.209,607.366
wide-researcher-1786004777-93d8c0f77d94,114.239,369.906
reviewer-1786004777-37123f70db2a,114.337,639.527
deep-researcher-1786004777-16fd186ffa18,114.391,585.362
data-analyst-1786004777-589b8fffa66b,114.412,615.307
wide-researcher-1786004777-66e9732df5f8,114.441,405.578
reviewer-1786004777-a6d5efebfd5a,114.473,691.875
deep-researcher-1786004777-eae2ebc95003,114.518,204.652
data-analyst-1786004724-7a773c50c4ff,114.530,114.531
data-analyst-1786004740-38ad08361123,114.556,114.556
data-analyst-1786004777-f8d08f2e3983,114.569,619.979
wide-researcher-1786004777-699d665aee2c,114.585,259.913
reviewer-1786004777-4c7c612e381f,114.647,557.695
deep-researcher-1786004777-4b4044f073da,114.692,309.436
data-analyst-1786004777-f4bd7f2d21e4,114.722,498.167
data-analyst-1786004729-7666a9ab0bb1,114.734,114.735
wide-researcher-1786004777-ea0872b2ec39,114.743,366.426
reviewer-1786004777-831340909f73,114.798,570.236
deep-researcher-1786004777-394a859f5917,114.867,608.324
data-analyst-1786004777-0a75ca0d019a,114.889,374.573
wide-researcher-1786004777-cd1ace12ef8f,114.903,178.566
reviewer-1786004777-839cbac7087a,114.921,694.859
deep-researcher-1786004778-0070fdc61e1c,114.957,295.746
data-analyst-1786004778-d17795d5f796,115.011,667.113
wide-researcher-1786004778-c1dc5c57b17d,115.032,527.391
reviewer-1786004778-6db926ebfec0,115.082,488.666
deep-researcher-1786004778-f7713d16964d,115.121,253.911
data-analyst-1786004778-abc86c0a5d1f,115.168,542.074
wide-researcher-1786004778-7d470a7584ad,115.186,376.134
reviewer-1786004778-53f197569b93,115.205,616.852
deep-researcher-1786004778-5e26c230d87f,115.288,500.253
data-analyst-1786004737-4dd60603d15e,115.320,115.321
data-analyst-1786004740-e9fce1c01f03,115.335,115.336
data-analyst-1786004778-b1b369e1bd2f,115.340,477.657
wide-researcher-1786004778-244fb2d42908,115.354,361.847
reviewer-1786004778-f8ba9a733ba4,115.402,623.915
deep-researcher-1786004778-9e8db118d022,115.459,358.487
data-analyst-1786004717-6137a2702bac,115.501,115.502
data-analyst-1786004731-e62da77a5005,115.530,115.531
data-analyst-1786004778-f3e185b5fcbf,115.554,605.682
wide-researcher-1786004778-7827b22579fc,115.681,371.648
reviewer-1786004778-3ac28ff28af5,115.698,596.773
deep-researcher-1786004778-5dc14ad6ba0f,115.753,618.367
data-analyst-1786004778-00e0a82bd747,115.858,508.778
wide-researcher-1786004778-f2253592eb4c,115.874,248.377
reviewer-1786004778-0aec8b7c99c0,115.901,596.214
deep-researcher-1786004778-143c41a4bc8a,115.936,270.908
data-analyst-1786004721-3aa3041cfb92,115.940,115.940
data-analyst-1786004778-933a74f26799,115.985,491.526
wide-researcher-1786004779-8f5e81c4a341,116.028,595.167
reviewer-1786004779-ed7a846a34d1,116.089,487.834
data-analyst-1786004736-d6ff296daed6,116.102,190.371
deep-researcher-1786004779-ec8c68b28ee8,116.162,260.300
data-analyst-1786004779-1d222bcce956,116.210,494.469
wide-researcher-1786004779-3f4fc594ea03,116.233,483.182
reviewer-1786004779-c955930bc9aa,116.298,594.649
data-analyst-1786004739-b6f8689fc232,116.298,116.302
data-analyst-1786004744-aecf32ef9fc8,116.364,238.705
deep-researcher-1786004779-dc9b60d2dd86,116.373,608.855
data-analyst-1786004779-07c277b8c1a4,116.390,376.602
wide-researcher-1786004779-685f34728d5c,116.408,502.278
reviewer-1786004779-9a329ec47cad,116.421,263.077
deep-researcher-1786004779-4abcfb47adb9,116.476,604.408
data-analyst-1786004779-99a92e927839,116.528,478.836
wide-researcher-1786004779-6fb25d98f16e,116.541,256.099
reviewer-1786004779-17dd2ac12e62,116.559,610.462
deep-researcher-1786004779-3ef602c76215,116.596,334.931
data-analyst-1786004736-bd4c431e465b,116.631,116.632
data-analyst-1786004779-b2424e7cc976,116.636,503.634
wide-researcher-1786004779-0fbbdc528f13,116.692,473.181
reviewer-1786004779-b93dd5f034c6,116.707,479.421
deep-researcher-1786004779-f821ea84bebc,116.734,366.000
data-analyst-1786004779-04092ea9a5e7,116.783,479.495
wide-researcher-1786004779-a6b5f6d7bff9,116.806,499.860
reviewer-1786004779-38aaf5e457ea,116.848,602.701
data-analyst-1786004729-71778b7f54ec,116.865,116.866
data-analyst-1786004725-c79c5f71d591,116.879,116.879
deep-researcher-1786004779-afcd66820b58,116.918,258.629
data-analyst-1786004779-11e8044c1fc6,116.932,484.684
wide-researcher-1786004779-d424facdff30,116.965,252.255
reviewer-1786004780-dc23185e20c2,116.996,625.688
data-analyst-1786004745-2c83c84185b9,117.045,162.948
data-analyst-1786004740-d87d56c5f178,117.058,117.059
deep-researcher-1786004780-2f2d1481f8f2,117.067,502.810
data-analyst-1786004740-395d1c236e18,117.076,166.398
data-analyst-1786004780-202e666f7aa1,117.100,674.241
wide-researcher-1786004780-0de838afefc7,117.176,369.875
reviewer-1786004780-983850c6a7e4,117.200,591.732
deep-researcher-1786004780-9bd61cba1cce,117.227,260.701
data-analyst-1786004780-fbe2ac9b6c6d,117.261,541.940
data-analyst-1786004736-f24342555c14,117.275,117.276
wide-researcher-1786004780-c3ae87b7b687,117.346,459.125
data-analyst-1786004740-afae5ff7a6a9,117.365,117.366
reviewer-1786004780-d69fe100e723,117.374,679.738
deep-researcher-1786004780-dd3940241d0c,117.413,255.642
data-analyst-1786004780-632b766d76b9,117.430,652.408
wide-researcher-1786004780-26e15627b2dc,117.489,680.119
data-analyst-1786004741-c97e84f5ab55,117.507,117.508
reviewer-1786004780-cd1a231171fb,117.533,618.528
deep-researcher-1786004780-3c62b7aa0cf5,117.602,227.777
data-analyst-1786004780-e52cd5de24d7,117.637,527.404
wide-researcher-1786004780-96697bd5e72b,117.668,611.283
data-analyst-1786004724-311c8363f153,117.690,117.691
reviewer-1786004780-0a0b96641014,117.751,620.700
data-analyst-1786004716-5b1bf903fb4a,117.804,117.805
deep-researcher-1786004780-5a486501f830,117.809,356.260
data-analyst-1786004780-86265b0a4373,117.831,607.106
wide-researcher-1786004780-6d7d9596f2fb,117.889,285.405
reviewer-1786004780-4e3f07654560,117.905,646.280
deep-researcher-1786004780-2416f24dfe55,117.946,375.582
data-analyst-1786004780-c2238fc0260b,117.960,591.293
wide-researcher-1786004781-89484977a83e,117.980,371.615
reviewer-1786004781-b50f4b56e4cb,118.033,637.931
data-analyst-1786004732-e4de2e42f8cd,118.050,118.050
deep-researcher-1786004781-4b62d52c8a6b,118.059,655.391
data-analyst-1786004781-eaae1f98fee6,118.085,698.637
wide-researcher-1786004781-329e38ce449b,118.107,262.754
data-analyst-1786004744-3fd2dc85abd3,118.145,161.200
reviewer-1786004781-17d17dbda3da,118.202,701.193
data-analyst-1786004739-25c0f10ba0d8,118.210,118.210
deep-researcher-1786004781-485e818753b0,118.237,255.346
data-analyst-1786004781-3beddaa8eb53,118.254,631.804
wide-researcher-1786004781-13e59a61c80b,118.299,589.825
data-analyst-1786004743-b83d519d44a9,118.316,164.638
data-analyst-1786004739-98c1945dea77,118.335,162.853
reviewer-1786004781-6fe6bc884ec8,118.361,596.341
data-analyst-1786004728-038338b4c3f8,118.369,118.370
deep-researcher-1786004781-78842c9ef021,118.408,625.910
data-analyst-1786004729-530b903a44ca,118.417,118.418
data-analyst-1786004724-4dcbf4c99434,118.432,118.432
data-analyst-1786004781-5cf39d613520,118.440,495.662
wide-researcher-1786004781-6a96bba5c287,118.478,256.846
reviewer-1786004781-bf5b5b04e2c1,118.511,588.600
deep-researcher-1786004781-683485a7e1d1,118.569,599.560
data-analyst-1786004781-1c926aeb432b,118.612,371.116
wide-researcher-1786004781-a0b3706c86b2,118.685,374.519
data-analyst-1786004716-62c7b0389372,118.698,167.215
reviewer-1786004781-8fcd2e9c117f,118.716,626.945
deep-researcher-1786004781-68a596ba9eb2,118.745,252.501
data-analyst-1786004740-ebdf1438b7ee,118.776,163.614
data-analyst-1786004737-1b372838aafd,118.855,161.464
data-analyst-1786004781-821cfdac6022,118.883,491.614
wide-researcher-1786004781-bd314a9452da,118.898,260.722
reviewer-1786004781-72b302d94336,118.926,479.341
data-analyst-1786004739-817dbe5524ee,118.987,118.987
data-analyst-1786004740-4f82c3fc81f6,119.001,119.001
deep-researcher-1786004781-0ae506372292,119.005,252.536
data-analyst-1786004740-750a30df8c17,119.018,119.019
data-analyst-1786004782-d904be3c0b2d,119.045,609.915
wide-researcher-1786004782-90c3230c85e1,119.059,377.303
reviewer-1786004782-552173e235db,119.116,378.028
deep-researcher-1786004782-f09aef547a01,119.173,700.615
data-analyst-1786004782-bfd4f8751047,119.257,626.270
data-analyst-1786004721-44030a6e1b9e,119.300,163.158
wide-researcher-1786004782-2abfdb938ee3,119.322,587.426
data-analyst-1786004740-202047110828,119.347,119.348
reviewer-1786004782-cd0b5da9f6bd,119.368,686.420
deep-researcher-1786004782-7247ced9bf10,119.413,355.128
data-analyst-1786004782-14e38d9b07c2,119.435,482.237
wide-researcher-1786004782-c6ac47f73060,119.456,257.945
data-analyst-1786004725-e4cfe4024cd7,119.479,119.480
reviewer-1786004782-fb3bf9b4c3c4,119.498,638.363
data-analyst-1786004731-2bb13e25aee6,119.524,119.525
deep-researcher-1786004782-4bf5c311c115,119.534,253.211
data-analyst-1786004782-5aa3dc029a64,119.548,647.435
wide-researcher-1786004782-b2f7d0da5d64,119.583,601.540
data-analyst-1786004732-93f03760605f,119.599,119.599
reviewer-1786004782-b5b493112916,119.619,484.460
deep-researcher-1786004782-3fcff9d95682,119.711,249.819
data-analyst-1786004782-4d3b4a6e51e9,119.729,372.402
wide-researcher-1786004782-1dfcc5b88d38,119.742,524.129
reviewer-1786004782-0ef7c36fb3b9,119.756,480.827
data-analyst-1786004738-e2ce9105ab21,119.794,119.795
deep-researcher-1786004782-dba10928dbfb,119.862,446.876
data-analyst-1786004782-15ea0b1a0fe1,119.876,637.123
wide-researcher-1786004782-cb250e5fdc3f,119.922,418.298
reviewer-1786004782-e78f0e893bb5,119.952,453.966
deep-researcher-1786004783-57f6ca322034,120.031,249.728
data-analyst-1786004783-7c99bde626b6,120.131,366.594
wide-researcher-1786004783-87fb22f7e1ca,120.154,375.895
data-analyst-1786004724-d08e0927afac,120.172,120.172
reviewer-1786004783-f10e6c428670,120.200,672.604
data-analyst-1786004746-6d781fb27a19,120.221,164.996
deep-researcher-1786004783-54bbcdf5fe87,120.236,332.081
data-analyst-1786004783-272a918404ee,120.253,500.433
wide-researcher-1786004783-9dd8b3202045,120.281,306.676
reviewer-1786004783-902aa736b70e,120.381,622.561
deep-researcher-1786004783-a098b887ddec,120.408,257.870
data-analyst-1786004783-1a4319b25527,120.444,497.143
wide-researcher-1786004783-724baf92a29b,120.462,499.956
data-analyst-1786004738-2d26452392a2,120.481,120.482
reviewer-1786004783-6dc218931e98,120.514,366.265
data-analyst-1786004737-b6ae117c5852,120.527,120.528
deep-researcher-1786004783-1afcba2b0631,120.565,289.749
data-analyst-1786004783-dd2c21a20c5e,120.582,479.466
wide-researcher-1786004783-e5af9d4359c1,120.623,248.657
reviewer-1786004783-db4b3e1aae5d,120.758,669.653
deep-researcher-1786004783-890379b6e830,120.857,595.182
data-analyst-1786004783-ec4f7fb8c241,120.914,486.998
wide-researcher-1786004783-c7f927e043e6,120.947,330.236
reviewer-1786004783-7503bddf840f,120.975,593.352
data-analyst-1786004724-8eef28ef4727,120.988,120.989
data-analyst-1786004725-78fadcd91b85,121.002,121.002
deep-researcher-1786004783-248bcd41c735,121.011,249.013
data-analyst-1786004784-c40873f31e94,121.025,622.003
wide-researcher-1786004784-ad6fa4f3e41f,121.050,610.795
data-analyst-1786004747-fb84e8b8d3a3,121.059,173.359
reviewer-1786004784-51edfdd30be7,121.082,376.380
data-analyst-1786004741-9356a54fe021,121.124,121.124
deep-researcher-1786004784-079bf2dc405a,121.137,360.730
data-analyst-1786004740-db040f8a9a08,121.141,121.141
data-analyst-1786004784-6d98cd18e8da,121.151,473.602
wide-researcher-1786004784-77e2c5e190c3,121.221,494.211
reviewer-1786004784-54db8c024767,121.235,485.442
deep-researcher-1786004784-c47243035582,121.265,373.258
data-analyst-1786004784-9a6032bf1dd2,121.284,592.147
data-analyst-1786004726-7be68e33845f,121.294,121.295
data-analyst-1786004726-ca60c0be21ba,121.324,121.325
wide-researcher-1786004784-b3a60328f541,121.379,362.811
reviewer-1786004784-faecf56d352a,121.435,372.042
deep-researcher-1786004784-36781c836aea,121.468,615.007
data-analyst-1786004729-b3436b94571c,121.483,121.484
data-analyst-1786004784-98b2ded04312,121.531,523.101
data-analyst-1786004741-b5676a03e827,121.543,121.544
wide-researcher-1786004784-238faa9c8b9e,121.545,618.809
reviewer-1786004784-856084ae67c2,121.625,600.638
data-analyst-1786004745-867a19d05360,121.633,163.828
deep-researcher-1786004784-7432917f99d2,121.714,374.070
data-analyst-1786004784-e61cf8aa1105,121.733,492.093
wide-researcher-1786004784-d7f6fbda40f5,121.763,481.802
reviewer-1786004784-1f93b331979d,121.790,472.463
deep-researcher-1786004784-e6d237743c3a,121.895,672.754
data-analyst-1786004784-dd85867d335a,121.912,552.332
wide-researcher-1786004784-11a8e4c511b8,121.928,292.600
reviewer-1786004784-d95317208ec2,121.958,482.366
data-analyst-1786004738-e4191795f6eb,121.975,121.975
data-analyst-1786004721-7d0ebc5e04f3,121.989,121.989
deep-researcher-1786004785-a750de3740f3,122.066,370.816
data-analyst-1786004785-85316e556088,122.083,474.607
data-analyst-1786004726-8338e903be26,122.128,122.128
data-analyst-1786004747-02bd4109f1d4,122.264,164.075
wide-researcher-1786004785-5a216fe9eff0,122.269,304.979
reviewer-1786004785-a939f3fc442e,122.287,597.526
deep-researcher-1786004785-14ce75b0fab2,122.342,374.824
data-analyst-1786004785-b84af80a5ab8,122.458,587.196
wide-researcher-1786004785-024fa4e97dca,122.493,594.029
reviewer-1786004785-509b17e32fa2,122.521,520.615
deep-researcher-1786004785-3056a841666d,122.557,358.381
data-analyst-1786004785-d10c82cc08d5,122.598,621.910
wide-researcher-1786004785-b6ec9352147d,122.613,277.463
reviewer-1786004785-74bd59fa3786,122.639,497.230
deep-researcher-1786004785-848c14fca647,122.729,272.743
data-analyst-1786004785-6fa8591d33cd,122.752,501.845
wide-researcher-1786004785-90697740d458,122.767,621.453
reviewer-1786004785-60c6698ed869,122.781,482.573
data-analyst-1786004744-d2239f365f02,122.856,162.259
data-analyst-1786004745-6ed547e36aad,122.890,161.039
data-analyst-1786004745-6627f75667ad,122.909,163.843
deep-researcher-1786004785-46b8569e8fe7,122.959,368.436
data-analyst-1786004785-f2246124525c,122.983,617.430
wide-researcher-1786004785-39b60fe65799,123.037,250.120
reviewer-1786004785-e56459cb87dd,123.148,650.953
deep-researcher-1786004786-9bbb34427f9d,123.234,613.369
data-analyst-1786004786-45c3f2b38ee8,123.250,524.433
wide-researcher-1786004786-a5209e9160cb,123.274,569.075
data-analyst-1786004716-691544ada7db,123.289,123.289
reviewer-1786004786-ad32ec2dc170,123.304,654.878
deep-researcher-1786004786-c19a9661657b,123.407,266.456
data-analyst-1786004786-5947d74722b2,123.432,700.162
wide-researcher-1786004786-8cf6d67c3f14,123.461,627.761
reviewer-1786004786-39d74af94fce,123.476,623.870
deep-researcher-1786004786-f553e64e7dfe,123.557,610.489
data-analyst-1786004786-6d59bc2a1d01,123.577,596.845
data-analyst-1786004722-d2a5a62a3740,123.592,123.592
wide-researcher-1786004786-36f70d79e218,123.601,374.266
reviewer-1786004786-f3ccadc5617f,123.778,356.737
deep-researcher-1786004786-8bcb898b5826,123.849,357.870
data-analyst-1786004786-b0d3af72495b,123.864,609.626
wide-researcher-1786004786-7264aa71813a,123.906,481.740
reviewer-1786004786-085298d99e10,124.008,600.609
data-analyst-1786004716-4f30b28b2561,124.031,161.807
data-analyst-1786004724-0c8c55daf71b,124.049,124.050
deep-researcher-1786004786-6836e5b9bd73,124.054,677.597
data-analyst-1786004725-312143efdca2,124.084,124.084
data-analyst-1786004736-3c0dd5926f2d,124.099,124.099
data-analyst-1786004787-f8d9db4038f0,124.104,617.217
wide-researcher-1786004787-8d376ec7945e,124.117,624.884
reviewer-1786004787-5ea97aedf2ed,124.151,495.375
data-analyst-1786004740-1d373992b1c9,124.152,124.156
deep-researcher-1786004787-18d13de39c9e,124.240,479.167
data-analyst-1786004787-6033a496fc9b,124.254,495.615
wide-researcher-1786004787-e94f12a24679,124.276,359.607
data-analyst-1786004721-aad00a84840f,124.295,124.296
reviewer-1786004787-c449f9c8a20f,124.300,483.262
data-analyst-1786004742-8bfe73ef6ea8,124.312,124.313
data-analyst-1786004740-824a9e369043,124.326,124.327
deep-researcher-1786004787-e0942579d3b8,124.367,594.663
data-analyst-1786004748-0db9d8c5176a,124.375,164.011
data-analyst-1786004787-97c1f921dca6,124.399,590.552
data-analyst-1786004745-3dacd9dca522,124.408,175.440
wide-researcher-1786004787-38e432119f2c,124.466,254.226
data-analyst-1786004745-c08553410f6d,124.501,162.806
reviewer-1786004787-af008a5643ca,124.519,501.464
data-analyst-1786004747-99446f29f239,124.565,166.820
deep-researcher-1786004787-54897c5d661c,124.644,258.665
data-analyst-1786004787-314dfb194a71,124.658,600.475
wide-researcher-1786004787-1e4c95404ffc,124.672,253.957
reviewer-1786004787-75b619bc8262,124.722,494.339
deep-researcher-1786004787-69fcbb819aa4,124.819,358.266
data-analyst-1786004716-39c3c98aedc3,124.854,178.721
data-analyst-1786004717-3e4b6c8bcc74,124.867,165.915
data-analyst-1786004787-12229cafbffc,124.922,605.696
wide-researcher-1786004787-c455a240ce39,124.947,433.078
reviewer-1786004787-5c205985f6a8,124.971,633.787
deep-researcher-1786004787-29308910f523,125.090,621.008
data-analyst-1786004788-083b00d7fc13,125.105,593.460
wide-researcher-1786004788-cb6419fa542b,125.120,249.626
reviewer-1786004788-45b2df9c2e3c,125.171,690.427
data-analyst-1786004749-f9dfd4d359a2,125.281,235.187
deep-researcher-1786004788-df4137a67756,125.287,497.646
data-analyst-1786004788-8f870019d8c7,125.305,598.157
wide-researcher-1786004788-84b103b4e1ce,125.356,608.656
reviewer-1786004788-f9a2a14b33f6,125.417,425.624
deep-researcher-1786004788-b13f899b2f81,125.477,260.478
data-analyst-1786004788-1bbf4db31373,125.506,608.640
wide-researcher-1786004788-a87ea7338d76,125.561,481.050
reviewer-1786004788-d0eba632b92b,125.605,603.289
deep-researcher-1786004788-d9f8f557e404,125.633,279.628
data-analyst-1786004788-4c8fb2a9a59c,125.660,592.497
wide-researcher-1786004788-fd0e962d12ea,125.673,598.234
reviewer-1786004788-432631c066c2,125.705,627.696
deep-researcher-1786004788-7dbab9457a33,125.748,399.189
data-analyst-1786004788-5deaab9d8f0a,125.766,702.439
data-analyst-1786004725-d3fd89b02187,125.775,125.775
wide-researcher-1786004788-741b48c4320d,125.780,410.061
reviewer-1786004788-9281e29ee7a9,125.817,599.146
deep-researcher-1786004788-e9b835b72d19,125.873,358.168
data-analyst-1786004726-9190b104bb79,125.901,125.901
data-analyst-1786004788-861aa7ec4017,125.901,646.679
data-analyst-1786004731-1518168e75b9,125.919,125.919
wide-researcher-1786004788-d9634eee4c44,125.948,374.314
reviewer-1786004788-dcdc59377834,126.001,556.851
deep-researcher-1786004789-cd2b1aa6e067,126.050,357.604
data-analyst-1786004789-dca8420dff3d,126.157,476.641
wide-researcher-1786004789-739809eff4d3,126.176,366.677
reviewer-1786004789-d241c6d52ba3,126.240,673.848
deep-researcher-1786004789-3da02f3919b7,126.298,271.549
data-analyst-1786004789-cd68eccc5d49,126.322,596.554
wide-researcher-1786004789-0e7a2faa5b16,126.427,426.499
reviewer-1786004789-e87df5d0f8c7,126.451,500.372
deep-researcher-1786004789-a7b8a3c2773f,126.495,398.387
data-analyst-1786004789-03aa2a90b04a,126.540,594.902
wide-researcher-1786004789-580f0dd543a7,126.578,287.738
data-analyst-1786004742-5a4d08bcf8aa,126.607,126.607
reviewer-1786004789-03483bfa74af,126.611,478.597
deep-researcher-1786004789-ec99e783c0ea,126.672,695.976
data-analyst-1786004789-595a7ded0c93,126.695,426.536
data-analyst-1786004739-c20cb14d376a,126.739,126.739
wide-researcher-1786004789-57c417aa4a5f,126.799,379.198
reviewer-1786004789-f421a10772c9,126.821,502.140
data-analyst-1786004749-90884fde123c,126.852,162.551
deep-researcher-1786004789-6c956ae3bf15,126.857,483.026
data-analyst-1786004789-c30316506854,126.884,595.630
wide-researcher-1786004789-c2e49f0e4b33,126.931,370.537
reviewer-1786004789-7ead837e6ea6,126.984,608.672
deep-researcher-1786004789-2ff5bfdc6b54,127.030,485.002
data-analyst-1786004790-3ff0cc88f326,127.069,647.757
wide-researcher-1786004790-c5e7675b95be,127.085,262.911
reviewer-1786004790-de03be7f430e,127.108,493.945
deep-researcher-1786004790-30c1381046c8,127.136,505.181
data-analyst-1786004790-6c37e97115e7,127.178,481.754
wide-researcher-1786004790-f517b82b2fdd,127.214,258.239
reviewer-1786004790-f51fc88019c7,127.260,595.019
deep-researcher-1786004790-89bbd3093faa,127.294,317.563
data-analyst-1786004790-f4cc7456b1a2,127.320,627.389
wide-researcher-1786004790-613ca0e990f8,127.378,356.197
reviewer-1786004790-ab340a8e25d8,127.418,525.241
deep-researcher-1786004790-4384f42a38a8,127.490,613.853
data-analyst-1786004790-b43419bd8de1,127.513,589.614
wide-researcher-1786004790-7d0184fa8f38,127.526,488.816
data-analyst-1786004742-b65a60be5070,127.526,127.527
reviewer-1786004790-999c1e10cd79,127.557,376.148
deep-researcher-1786004790-52182b24950b,127.615,627.897
data-analyst-1786004731-50adaf57c56b,127.619,127.619
data-analyst-1786004790-92221d052aae,127.669,435.642
wide-researcher-1786004790-515f9732d818,127.686,614.485
reviewer-1786004790-8f1031a69775,127.744,496.125
deep-researcher-1786004790-4d217b7c835f,127.792,375.927
data-analyst-1786004790-5578d84e8c6c,127.814,618.608
wide-researcher-1786004790-75798e9e22fc,127.837,483.308
reviewer-1786004790-afa1afbc134a,127.851,607.616
data-analyst-1786004738-90de840d1768,127.891,127.892
deep-researcher-1786004790-55c81917eb4e,127.963,366.563
data-analyst-1786004790-2847bad3e15d,127.978,616.231
wide-researcher-1786004790-01253e2d5fe9,128.005,362.097
data-analyst-1786004744-e4e7a0eaa986,128.019,128.020
data-analyst-1786004742-e049e2b19fa9,128.076,128.077
reviewer-1786004791-0d79081c6705,128.081,371.392
deep-researcher-1786004791-1fa0b106ca26,128.118,260.656
data-analyst-1786004791-e388ff324ad6,128.172,484.972
wide-researcher-1786004791-1949fc0cd323,128.195,282.479
data-analyst-1786004716-407515a6dce1,128.238,128.239
reviewer-1786004791-fb65a1e5cb9d,128.308,625.244
deep-researcher-1786004791-b86a6fc4e532,128.344,250.908
data-analyst-1786004791-11eb3e6f716b,128.367,489.443
wide-researcher-1786004791-80a74a6f8920,128.440,502.682
data-analyst-1786004725-ad26262048fc,128.440,128.440
data-analyst-1786004723-e43bd1f228fb,128.458,128.459
reviewer-1786004791-eba4a74cefb4,128.500,598.219
deep-researcher-1786004791-e449b3cd2373,128.537,376.253
data-analyst-1786004791-96f17655373a,128.569,589.081
wide-researcher-1786004791-f69438f1b967,128.592,367.162
reviewer-1786004791-ce6aa1dd8351,128.635,483.375
deep-researcher-1786004791-132339696fac,128.687,360.697
data-analyst-1786004791-deb2be60f0c8,128.719,459.105
wide-researcher-1786004791-ab77159511e2,128.742,363.971
reviewer-1786004791-6599574fd9ae,128.765,499.592
data-analyst-1786004744-b70800876abe,128.774,128.774
deep-researcher-1786004791-21edf20a032c,128.806,359.700
data-analyst-1786004791-dce7760a3483,128.837,556.188
data-analyst-1786004742-51be5a2f0dc3,128.921,128.922
wide-researcher-1786004791-ad168a21dc57,128.926,646.116
reviewer-1786004791-25296d429983,128.943,505.494
deep-researcher-1786004791-e5bd9c089102,129.007,360.431
data-analyst-1786004791-2297e17ae623,129.041,626.286
wide-researcher-1786004792-c3806573ef8e,129.064,478.428
reviewer-1786004792-c26bbe0a57fa,129.181,482.589
data-analyst-1786004724-0c26a9fc3cf7,129.208,129.209
deep-researcher-1786004792-66c75dac87ef,129.256,254.478
data-analyst-1786004792-03de011a03ff,129.273,488.425
wide-researcher-1786004792-306997acaae6,129.322,367.673
reviewer-1786004792-ee545226ec2f,129.348,693.826
deep-researcher-1786004792-145ac4bacaae,129.484,672.029
data-analyst-1786004792-6f2af5aa1435,129.515,671.776
data-analyst-1786004721-719c101e2b0d,129.551,164.830
data-analyst-1786004721-939808f5d69e,129.565,162.308
data-analyst-1786004716-d2dc7f800fad,129.578,161.408
wide-researcher-1786004792-1b1b1de89293,129.600,368.573
reviewer-1786004792-837fcf26bb4f,129.642,608.006
deep-researcher-1786004792-75f5b8481b1e,129.691,549.606
data-analyst-1786004792-ddbe832bd6b2,129.712,597.306
wide-researcher-1786004792-056f93419b31,129.808,257.068
reviewer-1786004792-aa1daf02a215,129.825,606.131
deep-researcher-1786004792-35bb6f145f8b,129.862,493.034
data-analyst-1786004792-226a6c6c399e,129.948,602.059
wide-researcher-1786004792-532c3cc3e8a8,130.007,270.236
reviewer-1786004792-95d32e9e40de,130.032,627.001
deep-researcher-1786004793-f9ab0684e858,130.080,250.245
data-analyst-1786004793-70fb32dc8e53,130.108,379.286
wide-researcher-1786004793-fd19fcaeb897,130.148,404.048
data-analyst-1786004744-123dbc1364d8,130.179,130.179
reviewer-1786004793-bb386483bd9a,130.206,592.929
deep-researcher-1786004793-cf75fa3ff8b1,130.243,615.617
data-analyst-1786004793-d7afbfebd031,130.281,498.091
wide-researcher-1786004793-f5a3aaeeaf69,130.341,250.677
reviewer-1786004793-282461c6d74a,130.359,500.018
deep-researcher-1786004793-4db6aa743dc8,130.434,366.412
data-analyst-1786004793-a33e84b40f8a,130.451,606.426
wide-researcher-1786004793-50ff6abfc702,130.468,376.991
reviewer-1786004793-96565251ea20,130.521,472.537
deep-researcher-1786004793-07e53d59d675,130.579,257.290
data-analyst-1786004793-602acb7e8fc6,130.698,636.655
wide-researcher-1786004793-4da00772180c,130.734,604.202
reviewer-1786004793-220b753807ad,130.765,671.557
deep-researcher-1786004793-678ecd2b286a,130.814,695.021
data-analyst-1786004793-40aa73b00f03,130.837,594.311
wide-researcher-1786004793-4b147f21d660,130.860,428.504
reviewer-1786004793-a8dbb2c4cc03,130.876,583.509
deep-researcher-1786004793-de0d3ff6b042,130.920,259.998
data-analyst-1786004793-f0673a47f3d3,130.985,646.963
wide-researcher-1786004794-567c8e4f43a5,131.101,500.097
reviewer-1786004794-cb1ae23309e9,131.118,501.403
deep-researcher-1786004794-74c4865c6bd2,131.153,474.982
data-analyst-1786004794-0858a6f158c4,131.200,695.370
wide-researcher-1786004794-df6afdefe077,131.223,392.929
reviewer-1786004794-be2c5e7a3388,131.325,538.419
data-analyst-1786004734-39e6f6de2c55,131.348,131.348
deep-researcher-1786004794-7343669a4592,131.370,256.050
data-analyst-1786004794-189ad9abb976,131.392,623.038
data-analyst-1786004747-f5eeac215fe6,131.446,131.446
wide-researcher-1786004794-7fa5a8a1b4c3,131.460,615.997
data-analyst-1786004745-78cac85606cf,131.464,131.464
reviewer-1786004794-8f89c89f763d,131.510,602.629
deep-researcher-1786004794-b56467a037cc,131.550,585.202
data-analyst-1786004729-c696c4e5b287,131.568,131.568
data-analyst-1786004794-c1d521bf5a55,131.590,486.574
wide-researcher-1786004794-17ec25b1fd87,131.644,291.036
reviewer-1786004794-cd7258e054eb,131.662,597.459
deep-researcher-1786004794-b9e8e38bde21,131.715,252.684
data-analyst-1786004794-90844ae85a3a,131.729,500.702
wide-researcher-1786004794-e9559205bbbd,131.755,374.486
reviewer-1786004794-9767491d42b5,131.783,633.556
deep-researcher-1786004794-8649aa299b29,131.856,278.160
data-analyst-1786004794-00bc90d6a6b6,131.894,616.520
wide-researcher-1786004794-bd7a00f0a34c,131.948,261.526
reviewer-1786004794-d19f91925bd0,132.044,492.768
deep-researcher-1786004794-090bcab06aa4,132.096,679.784
data-analyst-1786004722-85b8c1ee0199,132.134,163.951
data-analyst-1786004722-43dd809bdc46,132.149,162.102
data-analyst-1786004748-a22ffccdcec9,132.163,132.164
data-analyst-1786004795-fddb7379b1fc,132.243,487.447
data-analyst-1786004748-4f42c2f02a3c,132.257,167.972
wide-researcher-1786004795-6612b80f558b,132.271,314.879
data-analyst-1786004749-e13426ecee71,132.313,165.499
data-analyst-1786004748-1a7eb456fecf,132.332,161.167
data-analyst-1786004747-f4d3477c1330,132.349,132.349
reviewer-1786004795-2f279d721cfc,132.353,593.644
data-analyst-1786004739-cdd2f9252c53,132.395,163.599
deep-researcher-1786004795-9683ba3707a6,132.399,252.637
data-analyst-1786004795-b4e0ef8b4542,132.425,541.543
wide-researcher-1786004795-f085f0798f7c,132.505,603.755
reviewer-1786004795-4b22f4126c73,132.626,616.360
deep-researcher-1786004795-24c77b031b08,132.673,253.753
data-analyst-1786004795-366d72deb06b,132.732,499.268
wide-researcher-1786004795-e8a5b10db047,132.829,258.317
reviewer-1786004795-a14b9c275ba7,132.852,490.752
data-analyst-1786004748-6079669c671e,132.912,132.913
deep-researcher-1786004795-da9b0e8568e0,133.029,263.438
data-analyst-1786004795-fc1ecbe0d428,133.054,395.033
wide-researcher-1786004795-9843ccd41b58,133.069,259.165
data-analyst-1786004752-914c4e01174b,133.098,162.741
data-analyst-1786004752-2ca3b591dc99,133.113,167.832
reviewer-1786004796-4758cdbaec7e,133.164,639.087
deep-researcher-1786004796-8efbcebcfd6d,133.224,474.480
data-analyst-1786004796-55fb8559fcb7,133.251,508.914
wide-researcher-1786004796-099ed7b3ba58,133.296,315.427
reviewer-1786004796-a8e65e0e3ce9,133.327,602.119
deep-researcher-1786004796-6f8a185f214f,133.363,298.902
data-analyst-1786004796-15f94571cb3d,133.385,691.667
wide-researcher-1786004796-cf2a41e0d09b,133.413,541.697
reviewer-1786004796-1a3dba4ae044,133.459,522.871
data-analyst-1786004745-c3289bb2eae7,133.475,133.476
deep-researcher-1786004796-11a2bb5c0c2d,133.551,495.109
data-analyst-1786004796-ae495ed5ae42,133.565,456.445
wide-researcher-1786004796-d03852acb2ce,133.591,265.143
reviewer-1786004796-bf417b5cea52,133.608,517.353
data-analyst-1786004730-5db27004e935,133.686,133.686
data-analyst-1786004743-b710c0eabd99,133.702,133.702
deep-researcher-1786004796-ac2b6854deea,133.722,361.798
data-analyst-1786004796-0f92c3715cd6,133.756,638.986
data-analyst-1786004749-fd1fa01cb555,133.775,161.479
wide-researcher-1786004796-54ad626a1c25,133.788,223.498
reviewer-1786004796-11460f4303ef,133.831,623.056
deep-researcher-1786004796-de4a856fce83,133.912,359.454
data-analyst-1786004796-4e6d65e2303e,133.941,474.843
wide-researcher-1786004796-008dc1dea8f3,133.972,648.147
data-analyst-1786004748-92aeda177c80,133.977,133.977
reviewer-1786004796-fa1462806bdb,134.011,671.199
data-analyst-1786004731-dee6ec0dd8de,134.067,134.067
deep-researcher-1786004797-bf3f887e4b0a,134.111,701.178
data-analyst-1786004797-248b36e56c12,134.134,597.920
wide-researcher-1786004797-26cc1a5e43c7,134.172,602.320
data-analyst-1786004747-9558a283ad2b,134.195,134.196
reviewer-1786004797-5aa63d3c85f7,134.248,474.560
data-analyst-1786004742-ae7086cb4266,134.287,134.287
data-analyst-1786004749-3ff3118bd9d3,134.361,164.369
deep-researcher-1786004797-16645f6e4495,134.367,327.644
data-analyst-1786004748-6095c6ea3c4e,134.383,134.384
data-analyst-1786004797-d225d0162461,134.427,606.965
wide-researcher-1786004797-aab3113f11ff,134.477,420.476
reviewer-1786004797-0397ea37d741,134.535,605.509
deep-researcher-1786004797-f393b6ff2871,134.575,376.544
data-analyst-1786004797-617087c8f65c,134.609,500.403
wide-researcher-1786004797-ee63b3a41f06,134.638,325.483
reviewer-1786004797-ebe1b2160542,134.673,588.659
deep-researcher-1786004797-9a84c95890d1,134.729,437.262
data-analyst-1786004797-0de03fe053cb,134.747,511.431
wide-researcher-1786004797-4f3c4608d0fd,134.771,408.130
reviewer-1786004797-8d8abcc4d3d0,134.810,675.725
deep-researcher-1786004797-911bbe285dfe,134.853,675.787
data-analyst-1786004797-1f9d8da31b4e,134.881,482.108
data-analyst-1786004749-79de0912adce,134.898,186.396
wide-researcher-1786004797-c1ce577aa8fe,134.985,286.170
reviewer-1786004797-dd02aee79bf3,135.053,480.404
deep-researcher-1786004797-ecfe4b91862a,135.115,251.664
data-analyst-1786004798-a4efe3425085,135.129,489.183
wide-researcher-1786004798-5857a70a5625,135.195,423.443
reviewer-1786004798-3afdca0919bf,135.219,678.325
deep-researcher-1786004798-a1fe1856f74b,135.256,363.933
data-analyst-1786004798-1b8d6b0ef4db,135.301,481.506
wide-researcher-1786004798-e13bf120c48c,135.347,526.662
reviewer-1786004798-eeacf14828e4,135.365,500.419
deep-researcher-1786004798-d19a4d95d416,135.405,280.262
data-analyst-1786004798-70d24f5a4bcd,135.424,483.088
wide-researcher-1786004798-6535f513607f,135.460,358.641
data-analyst-1786004753-d4d7ce40e8e0,135.469,175.294
reviewer-1786004798-5b65c4536a59,135.522,679.017
deep-researcher-1786004798-b624911e3ff3,135.625,260.605
data-analyst-1786004798-3c26bba926c6,135.648,490.422
wide-researcher-1786004798-c778ed0b589c,135.698,358.558
reviewer-1786004798-b1b727359a29,135.726,549.592
deep-researcher-1786004798-3ea50228f6f0,135.769,603.624
data-analyst-1786004751-cef3ef42e841,135.787,162.048
data-analyst-1786004750-fcc1629d4424,135.806,161.865
data-analyst-1786004747-1100e7e6e83b,135.823,164.229
data-analyst-1786004798-5ffa98580fcd,135.842,367.889
wide-researcher-1786004798-1cab76855d09,135.868,609.294
reviewer-1786004798-a0421a540209,135.925,596.646
data-analyst-1786004751-faa7c75b089b,135.971,164.306
deep-researcher-1786004798-5527d4bbbdf2,135.989,611.005
data-analyst-1786004798-3a61ff6505d0,136.036,365.794
wide-researcher-1786004799-92f5eb0e2e2f,136.064,613.355
data-analyst-1786004746-00ee16b33b8f,136.088,161.181
reviewer-1786004799-f2cfa3bedfb0,136.095,679.297
deep-researcher-1786004799-832de59c1f46,136.175,616.533
data-analyst-1786004799-39f770889e4f,136.189,490.530
data-analyst-1786004748-cefcef0e3ebf,136.207,164.493
data-analyst-1786004748-1fb98fe3d0d9,136.224,370.522
wide-researcher-1786004799-23b7eb186652,136.251,604.187
reviewer-1786004799-86ac3cad5703,136.288,397.614
data-analyst-1786004743-658adf45aa6a,136.292,136.292
deep-researcher-1786004799-554cb7f1956d,136.324,265.536
data-analyst-1786004799-f913c958f0bc,136.343,598.714
data-analyst-1786004753-876986f51565,136.406,164.540
wide-researcher-1786004799-6f0862985f49,136.415,363.005
data-analyst-1786004753-65cb1c76ff6b,136.423,166.136
data-analyst-1786004753-d5215da63ac9,136.436,183.698
reviewer-1786004799-fc676440bd03,136.495,597.810
data-analyst-1786004739-23b7f20435b4,136.540,136.541
deep-researcher-1786004799-d28c874e1561,136.571,361.334
data-analyst-1786004799-e54df287e41e,136.589,647.586
wide-researcher-1786004799-1063a6a3cf73,136.622,464.300
reviewer-1786004799-930d6dc91396,136.732,605.294
deep-researcher-1786004799-2d0b4f9374d0,136.770,356.656
data-analyst-1786004799-b497119faa23,136.804,402.899
wide-researcher-1786004799-a5ebc11438fa,136.864,528.187
reviewer-1786004799-f5e67c6c21cb,136.883,592.791
data-analyst-1786004748-5061d6795fe0,136.938,166.710
deep-researcher-1786004799-dfe4894fb08c,136.972,295.599
data-analyst-1786004749-d806553c05c7,136.977,163.405
data-analyst-1786004799-9fd9c0a72c6f,136.996,609.387
wide-researcher-1786004800-c7c8c690a982,137.037,674.967
reviewer-1786004800-99810d555c0b,137.138,477.509
deep-researcher-1786004800-f722ac497c26,137.197,678.453
data-analyst-1786004800-a0586aeb3fac,137.237,592.603
wide-researcher-1786004800-469e76c13e53,137.275,317.320
reviewer-1786004800-9987e6e10a3a,137.353,596.384
deep-researcher-1786004800-581efa22cc9b,137.403,669.591
data-analyst-1786004800-d369d961dd41,137.431,554.351
wide-researcher-1786004800-ae4ceb5f371a,137.504,596.256
reviewer-1786004800-32548def35d5,137.535,477.875
deep-researcher-1786004800-218e3427ef8f,137.579,383.811
data-analyst-1786004800-0c116c6ce718,137.607,597.906
wide-researcher-1786004800-4147f4d955fc,137.639,479.973
reviewer-1786004800-c53ac99f7be1,137.688,637.196
deep-researcher-1786004800-8217398ddac3,137.749,606.146
data-analyst-1786004800-0998b237e630,137.795,492.866
wide-researcher-1786004800-dd89550a8920,137.833,351.830
reviewer-1786004800-955bd845f17c,137.848,675.741
deep-researcher-1786004800-1f2b5b6a66f1,137.936,367.786
data-analyst-1786004724-f405393d6786,137.969,178.600
data-analyst-1786004721-73a3082c9f8a,137.985,184.487
data-analyst-1786004743-360fc7f8264f,137.999,138.000
data-analyst-1786004800-c8da97fac83a,138.004,612.144
wide-researcher-1786004800-47a2a02673ab,138.022,368.588
data-analyst-1786004746-d38d3b047f6b,138.068,138.068
reviewer-1786004801-8ed162738882,138.137,373.653
deep-researcher-1786004801-f2907db4376c,138.253,444.884
data-analyst-1786004801-0366459249d8,138.286,546.372
wide-researcher-1786004801-b04613de997a,138.309,491.716
reviewer-1786004801-565d09941fc3,138.376,588.571
data-analyst-1786004739-77ed3aaa3294,138.416,138.416
deep-researcher-1786004801-63539daccd9e,138.484,602.515
data-analyst-1786004801-4087ade777a2,138.548,483.073
wide-researcher-1786004801-b1f677f6f378,138.632,370.832
data-analyst-1786004751-98f26aa66a61,138.636,165.134
reviewer-1786004801-1b150747c080,138.646,618.916
deep-researcher-1786004801-3199810f5da3,138.704,614.202
data-analyst-1786004801-77d867c28541,138.723,694.432
wide-researcher-1786004801-a81129a011d1,138.754,588.388
reviewer-1786004801-d426e15c9f49,138.778,608.799
data-analyst-1786004751-ffc856a02e67,138.816,161.216
deep-researcher-1786004801-ab40246b2944,138.856,371.992
data-analyst-1786004801-51477d11866b,138.883,616.560
wide-researcher-1786004801-c91138f7d6b4,138.935,483.058
data-analyst-1786004750-837cbd21c34a,138.995,161.121
reviewer-1786004801-1952b0be4de6,139.009,373.155
data-analyst-1786004751-b5c10743a230,139.017,161.444
deep-researcher-1786004801-7146d0e9ae35,139.055,616.884
data-analyst-1786004802-6ee3c8cd0eb6,139.077,484.698
wide-researcher-1786004802-ff12a398fc96,139.114,562.319
reviewer-1786004802-21087418eb55,139.151,627.210
data-analyst-1786004749-7bc69f5b4137,139.193,161.601
deep-researcher-1786004802-b8e8c03aeb8f,139.210,287.942
data-analyst-1786004749-d0f7215a75c3,139.210,165.900
data-analyst-1786004802-a61a2ba7b7c2,139.269,522.043
data-analyst-1786004748-728ac9678a23,139.298,139.299
wide-researcher-1786004802-ab374ac3a166,139.303,358.991
reviewer-1786004802-b84a82d5fe36,139.353,615.736
data-analyst-1786004743-e44392b24586,139.372,139.372
deep-researcher-1786004802-ae15ae8af61a,139.412,477.735
data-analyst-1786004745-5324a49e461a,139.437,139.437
data-analyst-1786004802-ce9c091c674a,139.449,492.189
wide-researcher-1786004802-3218284ee4b8,139.488,369.330
reviewer-1786004802-ce229b7e3fcf,139.513,597.934
deep-researcher-1786004802-d8993c250a26,139.595,256.478
data-analyst-1786004802-48908347e173,139.642,700.259
wide-researcher-1786004802-47b96c60589d,139.656,594.247
reviewer-1786004802-e48ec9d76288,139.747,496.454
deep-researcher-1786004802-ae70fb3a2c46,139.794,364.274
data-analyst-1786004802-95d3d61f1b68,139.825,587.582
wide-researcher-1786004802-a416497d168f,139.886,438.918
reviewer-1786004802-d97c45af5a8b,139.908,674.424
deep-researcher-1786004802-e51f11b26d9a,139.991,679.075
data-analyst-1786004802-e2d5388d977d,140.060,479.230
data-analyst-1786004749-11dd4fd168d1,140.084,162.273
wide-researcher-1786004803-fc159967dbe5,140.153,260.319
data-analyst-1786004748-cbc6023d2561,140.189,162.063
reviewer-1786004803-55a933f12b20,140.227,624.810
data-analyst-1786004748-ee40bff5a184,140.257,162.696
deep-researcher-1786004803-b97d98f44153,140.270,281.603
data-analyst-1786004747-885c57d3e4da,140.280,161.246
data-analyst-1786004803-2ca4015ed206,140.299,675.432
data-analyst-1786004747-2dfca864890e,140.303,163.918
data-analyst-1786004743-790bfe302cd4,140.378,140.379
wide-researcher-1786004803-dcd6df5a777c,140.452,335.191
reviewer-1786004803-5c83c5baa4de,140.517,603.498
deep-researcher-1786004803-a65ba1ba12dd,140.564,619.580
data-analyst-1786004803-de513b651517,140.595,485.888
wide-researcher-1786004803-c17d09396afc,140.623,373.875
data-analyst-1786004744-e1c17095c7d3,140.653,161.289
reviewer-1786004803-8defbf20b43b,140.662,472.979
deep-researcher-1786004803-fe0e72091e68,140.714,375.866
data-analyst-1786004803-67f4889ca8ea,140.730,502.769
wide-researcher-1786004803-1f8b3825054a,140.761,512.180
reviewer-1786004803-d769fb92e1a1,140.787,417.275
deep-researcher-1786004803-dd97036724d1,140.866,358.219
data-analyst-1786004803-d87bc285bbb3,140.881,590.172
wide-researcher-1786004803-e83d231a4a6c,140.926,475.427
reviewer-1786004803-34fe351157cb,141.003,661.050
data-analyst-1786004745-563d8034ad24,141.028,161.901
deep-researcher-1786004804-c01be5657c21,141.041,700.346
data-analyst-1786004804-a4df7c9b3b71,141.094,590.157
wide-researcher-1786004804-815d215f4b58,141.146,493.158
reviewer-1786004804-7840df35cf43,141.175,619.508
deep-researcher-1786004804-e1731c53c408,141.234,648.718
data-analyst-1786004804-db3694cd2681,141.266,675.619
wide-researcher-1786004804-f11a5fb3e4eb,141.331,261.576
reviewer-1786004804-41b24cf702a2,141.392,593.746
deep-researcher-1786004804-ba794a8ebf2d,141.421,638.143
data-analyst-1786004804-1c9c71079d56,141.437,632.834
wide-researcher-1786004804-19d54e5eb0ba,141.560,510.689
data-analyst-1786004725-467b85be85ee,141.572,186.425
reviewer-1786004804-e6b1d8bbd359,141.581,602.264
data-analyst-1786004725-601f570242eb,141.589,168.471
deep-researcher-1786004804-371014fc0915,141.663,692.280
data-analyst-1786004804-a85256d9aa3a,141.729,619.834
wide-researcher-1786004804-f0ca8c280a33,141.746,612.700
reviewer-1786004804-d23c279e64c0,141.777,670.120
deep-researcher-1786004804-ccc3a21ef233,141.819,260.129
data-analyst-1786004804-9f5f085fa8e2,141.880,485.034
wide-researcher-1786004804-682485a4f0ce,142.023,379.332
reviewer-1786004804-c05f750f5726,142.046,493.463
data-analyst-1786004744-989c47c4d23b,142.094,162.083
deep-researcher-1786004804-76b47538e823,142.108,260.639
data-analyst-1786004805-b87afbdb7d86,142.137,486.922
wide-researcher-1786004805-b2df9494e208,142.173,253.650
reviewer-1786004805-a4c99468fd8e,142.187,655.947
deep-researcher-1786004805-821a03ec3676,142.224,593.762
data-analyst-1786004805-269f2847e6dc,142.241,607.262
wide-researcher-1786004805-87cab751fb86,142.294,362.883
reviewer-1786004805-11e64182ee94,142.331,639.197
deep-researcher-1786004805-261f31f01bc0,142.371,584.204
data-analyst-1786004805-e2ce2df8d473,142.393,473.964
wide-researcher-1786004805-418470ca915e,142.442,378.821
reviewer-1786004805-e363131cdeaa,142.464,605.971
deep-researcher-1786004805-4f0bcbbc3626,142.504,371.633
data-analyst-1786004805-25649a4d4dae,142.521,359.983
wide-researcher-1786004805-9fe3d5603e6f,142.607,512.310
reviewer-1786004805-a7b305583fbd,142.660,616.772
deep-researcher-1786004805-247841c2b675,142.745,276.236
data-analyst-1786004805-4258e668aee0,142.767,480.289
wide-researcher-1786004805-e31f910194dd,142.839,370.801
reviewer-1786004805-d68921c5b962,142.903,538.082
deep-researcher-1786004805-4dcbb9f052a3,142.939,265.752
data-analyst-1786004805-65e090a20e72,143.008,309.270
wide-researcher-1786004805-9b003aff3057,143.031,260.670
reviewer-1786004806-b0cba822dc0d,143.078,689.612
deep-researcher-1786004806-83b20623e722,143.173,254.260
data-analyst-1786004806-29b16488e9e6,143.225,565.387
wide-researcher-1786004806-03d69fdb8b74,143.248,258.593
reviewer-1786004806-585e8873195d,143.265,656.727
deep-researcher-1786004806-0940d92f395c,143.384,371.951
data-analyst-1786004806-e350afd51366,143.464,628.018
wide-researcher-1786004806-805e59632385,143.543,612.196
reviewer-1786004806-64ac04ea37e2,143.560,617.744
deep-researcher-1786004806-d912b4218052,143.619,671.278
data-analyst-1786004806-13c49ca70c57,143.641,627.455
wide-researcher-1786004806-8b7adfde0c68,143.688,318.529
data-analyst-1786004748-9c92e0fad16d,143.702,162.244
reviewer-1786004806-3305b875eded,143.715,624.385
deep-researcher-1786004806-efa098c5f7c6,143.785,373.057
data-analyst-1786004806-7481f35e0f09,143.817,500.112
wide-researcher-1786004806-57ecb2fe3707,143.849,362.752
reviewer-1786004806-7926d7cb0194,143.880,675.481
deep-researcher-1786004806-a3da85c82918,143.910,378.690
data-analyst-1786004806-4b1a47d1457d,143.942,678.909
wide-researcher-1786004806-68760b704146,143.956,594.990
reviewer-1786004807-ef773371d9ab,143.979,501.347
deep-researcher-1786004807-573cd953490c,144.015,603.553
data-analyst-1786004807-ab0b073d451b,144.131,579.674
wide-researcher-1786004807-17ed5324886f,144.170,474.330
reviewer-1786004807-351b05f8a55d,144.192,669.262
deep-researcher-1786004807-3c7eeba0bf0a,144.248,259.812
data-analyst-1786004807-9b60ca190b08,144.263,626.851
wide-researcher-1786004807-37d25e9bb157,144.385,379.505
reviewer-1786004807-682e3b871d8d,144.414,612.440
deep-researcher-1786004807-2dfb08934cae,144.454,360.130
data-analyst-1786004807-569303a5738d,144.515,617.134
wide-researcher-1786004807-8c9741c4f0eb,144.541,260.388
data-analyst-1786004745-4a3a4b723241,144.551,144.551
data-analyst-1786004724-17fff7737fe8,144.566,144.567
reviewer-1786004807-d07d7add3859,144.580,638.125
data-analyst-1786004732-c5136000964f,144.639,144.639
deep-researcher-1786004807-5a8ad06da474,144.668,309.210
data-analyst-1786004807-52c4eb603b59,144.684,602.884
wide-researcher-1786004807-0049ab7a7062,144.751,640.126
reviewer-1786004807-fb697d2b6455,144.777,483.876
deep-researcher-1786004807-90d847631682,144.816,356.866
data-analyst-1786004807-d99da60b6756,144.894,670.826
data-analyst-1786004726-bf6c0479426c,145.038,169.570
wide-researcher-1786004807-5a66df4404ac,145.047,691.749
reviewer-1786004807-d0df9f4822c7,145.064,694.288
deep-researcher-1786004807-012035e88d27,145.126,493.784
data-analyst-1786004808-85221ad714df,145.157,588.148
wide-researcher-1786004808-f427ec8bde2c,145.206,477.198
reviewer-1786004808-8fff15cf1598,145.237,500.822
deep-researcher-1786004808-3d936c316244,145.283,601.193
data-analyst-1786004808-d119aa5b2208,145.325,488.639
wide-researcher-1786004808-91b960dcb5b6,145.362,494.064
reviewer-1786004808-de6dab7bcc9d,145.403,610.434
deep-researcher-1786004808-e53961eebb11,145.452,367.414
data-analyst-1786004808-3e9cfd4b81e4,145.470,589.727
wide-researcher-1786004808-a599d9870a99,145.492,358.589
reviewer-1786004808-6fe6210a9a0f,145.507,624.119
deep-researcher-1786004808-cfd87eb46081,145.606,271.536
data-analyst-1786004808-0599e348e41e,145.636,635.413
wide-researcher-1786004808-37c524f0f4fa,145.675,381.647
reviewer-1786004808-e5af6569b260,145.707,588.804
deep-researcher-1786004808-3285313db8c5,145.759,251.016
data-analyst-1786004808-e86f687046a7,145.777,515.705
wide-researcher-1786004808-8430f069eb40,145.837,587.885
reviewer-1786004808-8f1d7e84df30,145.896,586.676
deep-researcher-1786004808-08e41be95d9f,145.944,260.417
data-analyst-1786004808-59f25daee0fb,145.968,498.793
wide-researcher-1786004808-525fc9f5feee,146.022,363.073
reviewer-1786004809-486f3da51633,146.036,591.247
deep-researcher-1786004809-38a8d167880e,146.087,684.636
data-analyst-1786004809-bb1609db2693,146.111,626.495
wide-researcher-1786004809-73e655be135b,146.195,489.622
reviewer-1786004809-9a0576333f63,146.258,676.307
deep-researcher-1786004809-023dbf1d79a9,146.294,695.688
data-analyst-1786004809-27df1f248156,146.330,592.945
wide-researcher-1786004809-5ecfe139d73a,146.352,357.122
reviewer-1786004809-dd29070fb6c1,146.487,624.369
data-analyst-1786004753-4a12775daa10,146.547,255.983
deep-researcher-1786004809-1da600e084c8,146.556,480.969
data-analyst-1786004809-c0294f6a3400,146.573,495.705
wide-researcher-1786004809-11ba42d0281b,146.591,499.211
reviewer-1786004809-64c089ce8d34,146.639,480.907
deep-researcher-1786004809-c81c0e2312cc,146.675,252.190
data-analyst-1786004733-e6754ffaa85f,146.712,146.713
data-analyst-1786004809-e68fcaca99e3,146.717,622.736
wide-researcher-1786004809-b9d3755a0791,146.742,676.473
reviewer-1786004809-7ab319f82756,146.797,473.775
deep-researcher-1786004809-17a34437b0c6,146.833,614.157
data-analyst-1786004809-bdde1ca79498,146.913,622.335
wide-researcher-1786004809-51462e92eecc,146.934,372.267
data-analyst-1786004756-2a2b5a1f3c6c,146.943,162.790
data-analyst-1786004756-0210de4d29c5,146.956,161.757
reviewer-1786004809-88358a472920,146.966,486.841
data-analyst-1786004720-f220a2b91df5,146.969,162.633
data-analyst-1786004732-95a30fe91479,146.990,163.548
deep-researcher-1786004809-7942a08e3d89,147.007,453.829
data-analyst-1786004810-9b2702d8afdf,147.023,647.945
wide-researcher-1786004810-4d37d7a48f60,147.063,519.480
reviewer-1786004810-1e92f5a25bea,147.126,674.096
data-analyst-1786004738-a6e9e34958a6,147.134,147.135
data-analyst-1786004737-a92658e8a8e7,147.176,147.176
deep-researcher-1786004810-b343c8f273f1,147.188,271.610
data-analyst-1786004810-18f6eff4145e,147.218,621.710
wide-researcher-1786004810-adc59ce4b7db,147.273,332.331
reviewer-1786004810-4962a2243e07,147.352,653.113
deep-researcher-1786004810-ca9706bd3000,147.411,383.089
data-analyst-1786004810-f7107115a43f,147.449,554.825
wide-researcher-1786004810-16759a246d60,147.553,497.944
reviewer-1786004810-e2cc4441bee7,147.605,679.944
deep-researcher-1786004810-b9df50dea048,147.632,473.887
data-analyst-1786004810-4c41b68d95c5,147.691,618.900
wide-researcher-1786004810-2277cba6176e,147.755,376.064
reviewer-1786004810-dc4db50e4c6f,147.785,680.077
deep-researcher-1786004810-d55fd3dbe540,147.843,256.906
data-analyst-1786004810-e0d82dd9fb99,147.997,494.570
wide-researcher-1786004810-fb22caef4ca4,148.015,696.350
reviewer-1786004810-bf09bd942ad3,148.074,679.138
deep-researcher-1786004810-c180872f7995,148.141,383.727
data-analyst-1786004811-5fff2b17e0f2,148.168,638.572
wide-researcher-1786004811-a5fee0e6c899,148.193,356.626
reviewer-1786004811-e5f2e2388172,148.216,484.944
deep-researcher-1786004811-67134de8b390,148.265,601.737
data-analyst-1786004811-2849d87b89c5,148.314,599.106
wide-researcher-1786004811-0c94bff29950,148.343,595.922
reviewer-1786004811-6f85e84b2f89,148.379,621.351
data-analyst-1786004753-4ca7c9f21dfc,148.392,161.302
deep-researcher-1786004811-b913f2d006e9,148.418,625.279
data-analyst-1786004753-bee26eb9e2af,148.441,168.533
data-analyst-1786004811-2d5fa05e0b3e,148.445,620.460
data-analyst-1786004753-3133fd2548ac,148.463,161.024
wide-researcher-1786004811-011fbc1c09b5,148.467,512.810
reviewer-1786004811-177ce6e6bc1f,148.483,694.895
deep-researcher-1786004811-4b3698aa17eb,148.527,377.405
data-analyst-1786004811-812ab838b0d7,148.622,477.305
wide-researcher-1786004811-192be5e2f3b6,148.696,417.182
reviewer-1786004811-c6d1a14c5cdd,148.735,531.651
deep-researcher-1786004811-ef3c7a0e7ad7,148.793,261.822
data-analyst-1786004811-968a1e9c6ffc,148.824,500.068
wide-researcher-1786004811-d675a4034841,148.865,478.967
reviewer-1786004811-dc6d81b1d94d,148.882,613.108
data-analyst-1786004755-4e29ad2d8fa9,148.917,162.472
deep-researcher-1786004811-9bd5710698ea,148.927,458.358
data-analyst-1786004811-3c6fb09f94e3,148.956,598.475
wide-researcher-1786004812-560f35aad02c,148.993,379.985
data-analyst-1786004755-ab917806bbe8,149.052,160.932
reviewer-1786004812-5dab373e9206,149.060,485.904
deep-researcher-1786004812-6ef570cca5dc,149.103,502.895
data-analyst-1786004748-462efaecc3c1,149.107,149.107
data-analyst-1786004812-b7d2465ec516,149.143,404.627
data-analyst-1786004755-508575cb4f11,149.181,161.728
wide-researcher-1786004812-ec882fb1d245,149.212,672.684
reviewer-1786004812-ea8c380426fb,149.267,677.052
deep-researcher-1786004812-1e1c8e12cd5a,149.350,446.861
data-analyst-1786004812-8f76eb0db88c,149.377,619.542
wide-researcher-1786004812-4d8d3c05cc69,149.521,476.582
reviewer-1786004812-2e251626a765,149.539,618.512
deep-researcher-1786004812-4df473adca48,149.585,334.624
data-analyst-1786004812-f899e14d6ca1,149.655,690.385
wide-researcher-1786004812-02b68f1e227d,149.674,497.497
reviewer-1786004812-6a418a56f801,149.727,606.274
deep-researcher-1786004812-59a8390c006b,149.823,615.509
data-analyst-1786004812-b57882bce3a9,149.856,589.068
wide-researcher-1786004812-43761529ffc5,149.889,357.672
reviewer-1786004812-cd9922d0c371,149.946,678.182
deep-researcher-1786004812-a01d2db5e308,149.985,358.418
data-analyst-1786004812-df20dcc49418,150.010,694.414
wide-researcher-1786004813-267b41aa2e67,150.044,365.433
reviewer-1786004813-a9eb05bf7681,150.134,489.505
deep-researcher-1786004813-7fb930935db5,150.236,359.354
data-analyst-1786004813-a7881b58496b,150.253,553.385
wide-researcher-1786004813-154050cf0641,150.270,591.779
reviewer-1786004813-568e5f2c8caa,150.301,691.218
deep-researcher-1786004813-1eeec0e91666,150.390,321.720
data-analyst-1786004813-5276558cd32f,150.438,572.621
wide-researcher-1786004813-0677dfa41bdb,150.461,375.395
reviewer-1786004813-ef9f67ceee7b,150.501,497.399
deep-researcher-1786004813-9d8d269c52fe,150.577,482.303
data-analyst-1786004813-8543a2671691,150.625,632.059
wide-researcher-1786004813-7c8213eb5dbc,150.707,629.999
reviewer-1786004813-04dc72cc16bb,150.776,512.510
deep-researcher-1786004813-fc4a1060df77,150.871,360.049
data-analyst-1786004813-22f37deb4f7c,151.010,622.667
wide-researcher-1786004813-21738f4a3d6c,151.034,620.203
reviewer-1786004813-09b7bafdb80d,151.097,634.679
data-analyst-1786004757-53d80c7055b0,151.149,181.602
deep-researcher-1786004814-fef35bf5070a,151.159,386.748
data-analyst-1786004757-11e08dfb7af8,151.169,162.181
data-analyst-1786004814-7727e99bca05,151.178,687.072
data-analyst-1786004757-9a440c012d76,151.187,180.896
wide-researcher-1786004814-256a214be56f,151.217,378.789
reviewer-1786004814-9477557bcebb,151.251,607.293
deep-researcher-1786004814-20f170706500,151.336,598.250
data-analyst-1786004733-72ba56199bac,151.351,161.009
data-analyst-1786004814-84034182ca0c,151.370,615.431
wide-researcher-1786004814-43dc6958078e,151.422,367.546
reviewer-1786004814-af051b4d97fb,151.447,541.731
deep-researcher-1786004814-d3cacdd665fe,151.501,359.717
data-analyst-1786004814-0707e2db23b5,151.554,703.104
wide-researcher-1786004814-444c080b0907,151.656,496.220
reviewer-1786004814-3b1c2e3ccb19,151.706,679.864
deep-researcher-1786004814-e7ee08da2a3f,151.750,370.071
data-analyst-1786004814-b5a9b71436ad,151.766,615.354
wide-researcher-1786004814-87edae8c5c94,151.781,363.211
reviewer-1786004814-ac733938b2c9,151.818,613.973
deep-researcher-1786004814-7dbfd9f3a4d6,151.910,261.187
data-analyst-1786004814-58fed3d80e13,151.975,594.678
wide-researcher-1786004814-a6febbc74e47,152.019,549.971
reviewer-1786004814-fccaef8c5244,152.080,520.374
deep-researcher-1786004815-c4614eb07246,152.117,380.114
data-analyst-1786004752-7d6cf1eaa681,152.128,152.128
data-analyst-1786004815-91ae17f378b5,152.220,647.569
wide-researcher-1786004815-41e6c944d9aa,152.290,285.593
reviewer-1786004815-7c20ae3537b6,152.309,617.821
data-analyst-1786004753-42b0203abfc0,152.324,152.324
deep-researcher-1786004815-5e7d68003525,152.380,486.069
data-analyst-1786004815-96a2d131b305,152.435,600.696
wide-researcher-1786004815-f0b4cf6fe5fc,152.520,491.121
reviewer-1786004815-3244da0029c2,152.557,595.108
deep-researcher-1786004815-6d6daadc8768,152.662,504.362
data-analyst-1786004815-ba649eb5bd68,152.688,675.910
wide-researcher-1786004815-4a959181bb3f,152.762,533.445
reviewer-1786004815-faa0ea416caf,152.800,514.445
deep-researcher-1786004815-17a502078549,152.840,622.284
data-analyst-1786004815-4aa6cfe0acda,152.870,496.612
wide-researcher-1786004815-f7037f7d34df,152.942,376.084
reviewer-1786004815-1e56aedae8df,152.975,604.599
deep-researcher-1786004815-e8424539d440,153.015,302.869
data-analyst-1786004816-3d28456e8e3b,153.042,482.476
wide-researcher-1786004816-eed5cbe491e9,153.066,639.562
data-analyst-1786004732-5ea14f7e54a1,153.094,153.094
reviewer-1786004816-cf10f388adb5,153.149,592.453
deep-researcher-1786004816-8d5482547bc9,153.226,678.941
data-analyst-1786004816-f10b4431c48f,153.290,490.901
data-analyst-1786004757-2794cbd71784,153.290,161.712
data-analyst-1786004757-3c01f0210030,153.308,237.216
data-analyst-1786004757-9eee1b9d15cd,153.321,167.663
wide-researcher-1786004816-1f04f8830751,153.326,361.662
data-analyst-1786004749-a0d7697d26b6,153.338,164.480
reviewer-1786004816-2a98b5943380,153.343,615.556
deep-researcher-1786004816-92d8b1d37bf2,153.379,594.931
data-analyst-1786004816-64a2ca5cafce,153.423,513.928
wide-researcher-1786004816-5940250750ce,153.455,593.163
reviewer-1786004816-1adca7765d57,153.495,487.027
deep-researcher-1786004816-e2ff18e40bc8,153.539,298.881
data-analyst-1786004816-fcf896947d19,153.606,512.540
wide-researcher-1786004816-a5dcccd4ffc5,153.630,504.585
reviewer-1786004816-0734a3bbc17c,153.807,599.283
deep-researcher-1786004816-727e899dd9e7,153.838,298.449
data-analyst-1786004816-93489088d973,153.900,677.629
wide-researcher-1786004816-47a62b531fa7,153.944,286.567
reviewer-1786004816-7a6782cc951b,154.031,597.334
deep-researcher-1786004816-f599b7d3781a,154.174,262.836
data-analyst-1786004817-da18bb248986,154.196,625.036
wide-researcher-1786004817-99eb4c43333d,154.234,672.573
reviewer-1786004817-0fe0b9a63140,154.275,676.439
deep-researcher-1786004817-d1939e52ff2b,154.325,319.107
data-analyst-1786004817-7e7e6b013f53,154.358,587.840
data-analyst-1786004728-b13b0c5233e5,154.376,253.618
wide-researcher-1786004817-e5f61a1fbba3,154.390,359.640
data-analyst-1786004726-b39af384ab0b,154.390,167.369
data-analyst-1786004725-256792520a83,154.407,168.840
reviewer-1786004817-48036502e828,154.430,500.777
data-analyst-1786004751-ce4861695719,154.466,154.467
deep-researcher-1786004817-ac06f875756c,154.480,371.669
data-analyst-1786004817-c8227db5c12d,154.518,654.756
wide-researcher-1786004817-f48be96df8d3,154.535,267.347
reviewer-1786004817-c7ea64995362,154.581,598.343
deep-researcher-1786004817-0a0ba94ebff4,154.663,360.311
data-analyst-1786004817-903925bc4c5d,154.726,474.739
wide-researcher-1786004817-5878cb764adf,154.750,371.355
reviewer-1786004817-cb72feadbd57,154.797,609.031
deep-researcher-1786004817-445329b16e0c,154.836,602.380
data-analyst-1786004739-c2b590efd8f4,154.840,259.651
data-analyst-1786004817-3ac180e2ba9d,154.854,617.594
data-analyst-1786004722-e0179fd6e95d,154.863,161.342
wide-researcher-1786004817-b7ec794f8b4b,154.895,473.227
reviewer-1786004817-57ad77853d78,154.956,604.129
deep-researcher-1786004817-da68cb79fafd,155.000,377.422
data-analyst-1786004817-c33c5a1c145d,155.048,615.446
wide-researcher-1786004818-2f7f8517ee79,155.112,513.900
reviewer-1786004818-49a7e408d290,155.129,586.266
data-analyst-1786004744-e1e01e09e3fa,155.263,161.493
deep-researcher-1786004818-2880d4bde669,155.305,481.278
data-analyst-1786004818-d0d060315e9a,155.328,588.118
wide-researcher-1786004818-ffcad30d29a1,155.347,589.810
reviewer-1786004818-01802d5c7772,155.394,490.991
deep-researcher-1786004818-de01745e69f6,155.453,360.640
data-analyst-1786004818-74860b587e7e,155.500,685.326
wide-researcher-1786004818-14ff855dd46f,155.523,443.799
reviewer-1786004818-d857f9f917fa,155.537,539.397
deep-researcher-1786004818-8ecbed1301d7,155.598,600.518
data-analyst-1786004818-74d789097722,155.685,590.725
wide-researcher-1786004818-c2641b375c81,155.709,371.713
reviewer-1786004818-cc167684c42e,155.750,679.056
deep-researcher-1786004818-b50ff9548041,155.787,379.771
data-analyst-1786004818-f0971cca881f,155.831,592.335
wide-researcher-1786004818-aeec41abeae4,155.863,598.770
reviewer-1786004818-e13c24cb1eda,155.894,503.730
deep-researcher-1786004818-84bf033fa9c9,155.948,642.698
data-analyst-1786004818-a6ef58783a55,155.964,593.445
wide-researcher-1786004819-68eb126efc00,155.990,358.540
reviewer-1786004819-c13682c83090,156.028,598.633
deep-researcher-1786004819-5ba70f101733,156.093,373.388
data-analyst-1786004819-55de03ae3437,156.109,602.162
wide-researcher-1786004819-fa63ef246b15,156.241,592.320
reviewer-1786004819-22b210c3172f,156.259,485.291
data-analyst-1786004758-bba5a615d03e,156.288,164.654
data-analyst-1786004758-95e1d2c7c1ba,156.304,162.456
deep-researcher-1786004819-40d1e076b2c8,156.308,598.281
data-analyst-1786004758-414198ca186b,156.323,163.792
data-analyst-1786004819-06d993c8f66e,156.327,680.241
wide-researcher-1786004819-36794ec23d51,156.351,373.241
reviewer-1786004819-e6b35f6318b5,156.376,588.404
deep-researcher-1786004819-e84a9935e9c2,156.441,375.152
data-analyst-1786004819-2ed92f9c6ea1,156.466,426.367
wide-researcher-1786004819-3d3be83c8c44,156.541,257.680
data-analyst-1786004758-72a50dff374e,156.600,186.205
data-analyst-1786004758-618bdd471b86,156.613,161.742
data-analyst-1786004758-41a2de2d6ccf,156.627,167.645
data-analyst-1786004758-355a02c84a4e,156.640,163.528
reviewer-1786004819-a09d838c9f0a,156.645,515.925
data-analyst-1786004758-994e2ae74739,156.658,223.727
data-analyst-1786004758-616ec17bf17c,156.671,162.712
deep-researcher-1786004819-a1d9b2f4b666,156.821,676.194
data-analyst-1786004819-e69ccceb7f8d,156.838,676.398
wide-researcher-1786004819-9aa1cc452ef5,156.855,475.224
reviewer-1786004819-f6538c50e9aa,156.900,611.842
deep-researcher-1786004819-4e40b29fb51e,156.961,672.772
data-analyst-1786004819-73f2a96cd5d8,157.039,615.844
wide-researcher-1786004819-e62ed7cbf5eb,157.057,483.950
reviewer-1786004820-9dada10e4e4d,157.261,612.842
data-analyst-1786004749-8a1adef56be6,157.281,157.282
deep-researcher-1786004820-6d954b66f0f6,157.304,375.784
data-analyst-1786004820-da97a1560af7,157.376,631.996
wide-researcher-1786004820-b1921118a646,157.420,689.114
reviewer-1786004820-dcd16989bd2e,157.475,627.729
deep-researcher-1786004820-2051d28b9bd5,157.511,262.361
data-analyst-1786004820-1c684caf2752,157.534,501.260
wide-researcher-1786004820-a08eacb4a7e0,157.559,375.440
reviewer-1786004820-6d6d1443f9c5,157.596,596.283
data-analyst-1786004745-7efe39197d7a,157.685,157.686
data-analyst-1786004731-e55fbccbe5a8,157.728,164.047
deep-researcher-1786004820-5c944e8f1456,157.751,361.392
data-analyst-1786004820-9a8f0a53512c,157.769,606.810
wide-researcher-1786004820-e38bd4d0b4d7,157.788,375.212
data-analyst-1786004740-88479c468dd5,157.802,157.802
reviewer-1786004820-9f22c9d77364,157.822,399.971
deep-researcher-1786004820-1470c978df2a,157.875,359.832
data-analyst-1786004820-90ce945a7db7,157.891,702.991
wide-researcher-1786004820-2c13e21c91dc,157.953,625.437
reviewer-1786004820-6948e9beaaa6,157.978,597.375
deep-researcher-1786004821-4142827bb9ea,158.018,439.581
data-analyst-1786004750-73f49855f20b,158.109,158.110
data-analyst-1786004821-b616adbeeff8,158.145,489.096
wide-researcher-1786004821-7a856b1b5b57,158.172,596.966
reviewer-1786004821-f86395592caf,158.332,701.990
deep-researcher-1786004821-b9a3cea8c0f0,158.364,483.817
data-analyst-1786004821-dbcfcb372e4f,158.401,496.816
wide-researcher-1786004821-a6e9ac0f87a0,158.425,262.662
reviewer-1786004821-cb9b75aebbbe,158.472,615.370
deep-researcher-1786004821-f89b1b7d8ee8,158.521,410.219
data-analyst-1786004821-f0dbef07992b,158.558,541.559
wide-researcher-1786004821-5093636b88c5,158.700,386.824
reviewer-1786004821-d46c5d2af149,158.734,592.218
deep-researcher-1786004821-abe5d6bc59d3,158.773,474.022
data-analyst-1786004821-702fb05704c1,158.848,701.763
wide-researcher-1786004821-194acc06f5a4,158.882,575.749
reviewer-1786004821-f0a3091dc344,158.915,601.440
deep-researcher-1786004821-d6cf639151ed,158.990,370.933
data-analyst-1786004821-e022092a6143,159.009,589.886
wide-researcher-1786004822-1077e2d14f75,159.053,397.465
reviewer-1786004822-8a929e254845,159.102,622.852
deep-researcher-1786004822-d6089eb300ce,159.183,364.871
data-analyst-1786004822-663d6d7540b1,159.268,615.245
wide-researcher-1786004822-7de28f6d9fcc,159.287,586.850
reviewer-1786004822-a1e5acaba723,159.306,603.080
deep-researcher-1786004822-6eba8fc7403c,159.343,263.739
data-analyst-1786004822-d664cfc08a70,159.393,691.367
wide-researcher-1786004822-6ce5be836fd3,159.411,443.868
reviewer-1786004822-5d3944989673,159.465,586.449
data-analyst-1786004756-0f8bd32f7e1b,159.488,261.063
deep-researcher-1786004822-018001262321,159.562,315.751
data-analyst-1786004822-01a009099cf8,159.660,594.044
wide-researcher-1786004822-50c5b0cc21dd,159.679,600.913
reviewer-1786004822-d6c521b3193e,159.852,682.058
deep-researcher-1786004822-287e25ac753c,159.906,311.719
data-analyst-1786004822-3c65aff1fcdc,159.947,623.791
data-analyst-1786004729-2af6fe3920bc,159.976,166.234
data-analyst-1786004726-ef0bff8c9f61,159.990,167.801
wide-researcher-1786004822-70c57b874588,159.995,417.161
data-analyst-1786004716-ae1cbb4175bc,160.008,161.231
reviewer-1786004823-ba27890ac536,160.042,612.592
deep-researcher-1786004823-cf6c000b6c98,160.219,615.875
data-analyst-1786004823-9d12df686dda,160.257,647.792
wide-researcher-1786004823-d8992939e730,160.281,370.605
reviewer-1786004823-f2a32adad386,160.300,597.361
deep-researcher-1786004823-08e95b715fdf,160.391,277.303
data-analyst-1786004823-cba532dd805a,160.422,596.602
wide-researcher-1786004823-a1ce261da4bc,160.441,693.576
reviewer-1786004823-1b47840d4626,160.495,609.321
deep-researcher-1786004823-7a4bbbbe0bf4,160.571,260.687
data-analyst-1786004823-7349a9634f4d,160.615,504.101
wide-researcher-1786004823-2f45b57bb976,160.647,493.962
reviewer-1786004823-aefe41512226,160.689,607.495
deep-researcher-1786004823-14c0a4dd4d4d,160.765,612.365
data-analyst-1786004823-f9caac7df05b,160.784,497.552
wide-researcher-1786004823-8d6510fad268,160.802,261.676
reviewer-1786004823-b92c84a943c9,160.826,584.190
deep-researcher-1786004823-939b137ba051,160.893,705.779
data-analyst-1786004823-60dfa71e6767,160.918,587.038
wide-researcher-1786004823-421a118e522b,160.975,694.876
reviewer-1786004823-015da1903c92,160.992,690.510
deep-researcher-1786004824-3e2c48860b49,161.047,485.526
data-analyst-1786004824-bfe4b3dbe98e,161.071,609.553
wide-researcher-1786004824-1693f74bcf0d,161.190,491.450
reviewer-1786004824-58acd38f0fc5,161.350,592.571
deep-researcher-1786004824-55785ff9f802,161.379,374.985
data-analyst-1786004824-92ce2c62c6f4,161.416,448.473
wide-researcher-1786004824-ff39468e0c8e,161.452,368.451
reviewer-1786004824-ef68ad5aa8bc,161.497,679.337
deep-researcher-1786004824-d22b46a9c79e,161.544,597.250
data-analyst-1786004824-eff44afd5cfe,161.761,596.455
data-analyst-1786004759-4fea857f15e9,161.775,161.775
wide-researcher-1786004824-9d7639916a7e,161.792,358.893
reviewer-1786004824-5e4a005dae2f,161.808,636.521
deep-researcher-1786004824-a1424b3b91c4,161.907,361.592
data-analyst-1786004824-58312d968c1b,161.931,599.159
wide-researcher-1786004824-501be6e27f80,162.000,372.235
reviewer-1786004824-7d38f40e66d1,162.030,677.031
deep-researcher-1786004825-471751fce2a4,162.068,457.550
data-analyst-1786004825-74669dea3ca8,162.087,480.486
wide-researcher-1786004825-3f11bad1578c,162.129,371.100
reviewer-1786004825-7557f33f946d,162.210,558.326
deep-researcher-1786004825-2cb899065a50,162.287,311.687
data-analyst-1786004759-8f0564e85ba1,162.288,162.291
data-analyst-1786004825-003e1338cf9d,162.304,678.995
wide-researcher-1786004825-7bbc4b18aa7a,162.322,674.585
reviewer-1786004825-a5493b6e0100,162.356,563.503
deep-researcher-1786004825-a4a941e89a85,162.401,378.447
data-analyst-1786004760-d4acc3d6c844,162.406,162.406
data-analyst-1786004825-8507adb0eb76,162.420,626.090
wide-researcher-1786004825-146273af105a,162.486,608.399
reviewer-1786004825-a04ed21f88ae,162.504,481.680
data-analyst-1786004760-ebee4476dc37,162.508,162.508
deep-researcher-1786004825-510e4753084f,162.555,691.460
data-analyst-1786004760-44a2a5c4ab5d,162.570,162.570
data-analyst-1786004825-51fcb1393ce0,162.582,520.728
data-analyst-1786004760-e768a9a50e76,162.586,162.586
data-analyst-1786004759-225e46ca6c0a,162.678,162.678
data-analyst-1786004760-a9bff521c60c,162.821,162.821
data-analyst-1786004761-30247b7abc44,162.835,162.836
wide-researcher-1786004825-5bb6909f5554,162.849,522.605
reviewer-1786004825-b72c14eefcdd,162.867,646.642
deep-researcher-1786004825-b797b7359157,162.929,363.240
data-analyst-1786004825-e8bd96e88e10,162.970,595.077
data-analyst-1786004760-0f096c508750,162.980,162.980
wide-researcher-1786004825-5343b6e5d367,163.003,482.622
reviewer-1786004826-43f19b9ecc9d,163.022,513.661
deep-researcher-1786004826-761b48f67932,163.060,363.675
data-analyst-1786004760-8788146056fa,163.125,163.125
data-analyst-1786004826-1736ff47bfef,163.134,602.002
data-analyst-1786004760-a93636149fe4,163.203,163.203
wide-researcher-1786004826-641de31fd289,163.244,290.456
data-analyst-1786004765-db8a0bda5d4d,163.254,163.254
reviewer-1786004826-ec7e8c6ea174,163.268,502.342
data-analyst-1786004760-2022e43ee4f1,163.272,163.273
data-analyst-1786004763-861a1634db33,163.301,163.301
deep-researcher-1786004826-49863412ef97,163.305,587.008
data-analyst-1786004826-234a4138880e,163.324,590.230
wide-researcher-1786004826-5c666f7039f6,163.420,540.327
reviewer-1786004826-72870f55a5d7,163.446,700.146
deep-researcher-1786004826-6d4404a436cb,163.517,360.578
data-analyst-1786004826-51f756e4d5f3,163.537,558.153
wide-researcher-1786004826-ab23cee810b8,163.562,607.601
reviewer-1786004826-b6f81547bfce,163.589,498.236
deep-researcher-1786004826-4b25ff742d98,163.628,477.581
data-analyst-1786004826-726449edb30e,163.647,627.293
data-analyst-1786004766-146cb2be7333,163.648,163.652
wide-researcher-1786004826-768d96d6fd18,163.672,369.511
reviewer-1786004826-ba33e11177b3,163.732,613.289
deep-researcher-1786004826-dc95403f5ed1,163.788,683.279
data-analyst-1786004826-a8d3445332d6,163.805,700.130
wide-researcher-1786004826-22a5a951500e,163.824,611.912
reviewer-1786004826-3cd0afdf9eb1,163.941,489.459
deep-researcher-1786004826-376caf5cacd7,163.997,639.619
data-analyst-1786004826-6b94ea2a93b8,164.015,610.978
wide-researcher-1786004826-97a751c7cf9b,164.033,482.093
reviewer-1786004827-c67c3b0d1843,164.074,493.420
data-analyst-1786004767-dace06beda2f,164.171,164.171
data-analyst-1786004767-ceaaadc45172,164.244,164.244
data-analyst-1786004761-fdb2138ea298,164.258,164.259
deep-researcher-1786004827-44cff842ae23,164.365,319.125
data-analyst-1786004827-2411f57bcfbc,164.389,624.103
data-analyst-1786004766-c6b9f6039677,164.404,164.404
data-analyst-1786004763-a6fd4b6343c3,164.432,164.432
wide-researcher-1786004827-d7ad484939c1,164.445,643.152
reviewer-1786004827-b0685943037f,164.476,495.406
data-analyst-1786004760-0628a8945225,164.508,164.508
data-analyst-1786004768-ef79ca764a9b,164.522,164.522
deep-researcher-1786004827-14e829efc6b4,164.522,358.236
data-analyst-1786004827-d9043c545782,164.544,488.181
data-analyst-1786004768-9a78970993ce,164.559,164.559
wide-researcher-1786004827-eee2e19b7fed,164.577,300.972
data-analyst-1786004770-32ec78664c24,164.607,164.607
data-analyst-1786004761-e57defa8b4c6,164.623,164.623
reviewer-1786004827-ef00d184047d,164.777,609.087
data-analyst-1786004760-6ab1505ad8bb,164.812,164.812
deep-researcher-1786004827-c06fd929adbf,164.816,357.978
data-analyst-1786004768-43dc8e702025,164.845,164.845
data-analyst-1786004827-06d9bd16c378,164.890,596.047
data-analyst-1786004768-637c75ac9013,164.911,164.911
wide-researcher-1786004827-e687366035c8,164.925,586.921
reviewer-1786004827-323620a2dbb9,164.941,603.981
data-analyst-1786004766-b1486c1717b4,165.012,165.013
deep-researcher-1786004827-254aec52606a,165.042,264.307
data-analyst-1786004770-a5b83b2e5e15,165.047,165.048
data-analyst-1786004828-0ed2b4021911,165.062,618.980
data-analyst-1786004770-d8d5c1a7c573,165.097,165.098
wide-researcher-1786004828-c656d9891cae,165.102,490.437
reviewer-1786004828-03e1b9b847d6,165.120,627.779
data-analyst-1786004771-1f92a1084208,165.150,165.151
deep-researcher-1786004828-95aa85dfa28a,165.181,364.416
data-analyst-1786004769-1b5506e442f2,165.235,165.236
data-analyst-1786004828-b8545a340ec2,165.246,613.809
wide-researcher-1786004828-b0ecf21746f4,165.264,366.328
reviewer-1786004828-684c9525cb37,165.310,556.624
deep-researcher-1786004828-067864d9bfcb,165.358,489.594
data-analyst-1786004766-bea8a9d9c0b1,165.359,165.364
data-analyst-1786004773-1412375a76fd,165.379,165.379
data-analyst-1786004828-3b2415b70513,165.415,479.198
wide-researcher-1786004828-f85d629140fc,165.439,487.161
reviewer-1786004828-0b49f4466621,165.465,487.188
deep-researcher-1786004828-0fa2805bf58d,165.508,369.135
data-analyst-1786004772-2363259adfb8,165.519,165.519
data-analyst-1786004828-4953b4e45148,165.534,598.488
wide-researcher-1786004828-52456dacf3e8,165.576,556.609
reviewer-1786004828-ee4bfd8a2717,165.660,580.381
deep-researcher-1786004828-43ac7bef4ea1,165.702,673.489
data-analyst-1786004773-f14ac9312e41,165.723,165.723
data-analyst-1786004771-7ad964bdc7e8,165.769,165.769
data-analyst-1786004760-f506bb9877b6,165.815,165.815
data-analyst-1786004768-342b148ccabe,165.829,165.829
data-analyst-1786004828-159fcdbbd914,165.842,524.654
wide-researcher-1786004828-82f10df019fa,165.877,260.266
reviewer-1786004828-5faf5d007744,165.896,638.007
data-analyst-1786004771-20b7f0d39800,165.962,165.962
deep-researcher-1786004828-1b28c839ae5e,165.963,601.973
data-analyst-1786004828-18a0a283e5d2,166.000,606.457
wide-researcher-1786004829-3c05860dddbb,166.024,475.839
reviewer-1786004829-b2d1605031b1,166.050,495.178
deep-researcher-1786004829-c77277d968a4,166.157,672.791
data-analyst-1786004776-3209eb316f69,166.171,166.172
data-analyst-1786004765-2160a4e7c7ea,166.201,166.201
data-analyst-1786004770-9c6e5d2d667d,166.216,166.217
data-analyst-1786004771-3fe570efbe0b,166.250,166.250
data-analyst-1786004829-017603465dda,166.286,494.050
data-analyst-1786004770-2f6a81d66fb0,166.337,166.337
data-analyst-1786004777-879f228c32a6,166.368,166.368
data-analyst-1786004770-7cb3f1d1f618,166.383,166.383
wide-researcher-1786004829-7262fde80261,166.429,374.472
data-analyst-1786004770-79df5f7fb013,166.450,166.450
reviewer-1786004829-450a65c99367,166.455,624.594
data-analyst-1786004770-33f92450df24,166.499,166.499
deep-researcher-1786004829-5a5b650f7c25,166.545,383.330
data-analyst-1786004777-2ce76ad64d82,166.550,166.551
data-analyst-1786004829-45713f0f83bb,166.563,670.547
wide-researcher-1786004829-cc6d7a3b3ec3,166.580,292.732
reviewer-1786004829-ed84246c2e9c,166.612,679.960
data-analyst-1786004766-67c0b1cf3e43,166.617,166.617
deep-researcher-1786004829-05a98a1918e0,166.644,414.452
data-analyst-1786004778-ac6b31797e4c,166.677,166.678
data-analyst-1786004829-97945c83f490,166.691,496.054
data-analyst-1786004774-1bb979183c66,166.695,166.695
data-analyst-1786004777-7c87048f9d95,166.724,166.724
data-analyst-1786004777-33e26b01b4ef,166.738,166.739
wide-researcher-1786004829-ab0a4bc64037,166.762,387.363
reviewer-1786004829-ed172731a444,166.838,594.341
deep-researcher-1786004829-e565016f2254,166.928,475.916
data-analyst-1786004768-c4651a4f7a23,166.942,166.942
data-analyst-1786004829-9b287cd3c6d7,166.952,589.053
data-analyst-1786004776-8403bcdf4282,166.975,166.976
wide-researcher-1786004829-6acf324807cb,166.984,526.902
data-analyst-1786004776-e08407bd5f60,166.994,166.994
reviewer-1786004829-15bb23add052,167.031,599.847
data-analyst-1786004767-72a3e1931472,167.058,167.058
deep-researcher-1786004830-832af7ef1874,167.058,603.667
data-analyst-1786004830-ee355b344da4,167.110,544.399
data-analyst-1786004766-29105941b5af,167.125,167.125
data-analyst-1786004779-976e2b25ecd6,167.154,167.155
data-analyst-1786004770-12492d174a2a,167.183,167.183
wide-researcher-1786004830-63fb2dc3a2cc,167.196,502.565
data-analyst-1786004777-06acebf5bb7c,167.201,167.201
data-analyst-1786004765-72821a24e301,167.230,167.230
data-analyst-1786004780-8e0b4823045b,167.258,167.258
data-analyst-1786004760-c8c2733daa8e,167.285,167.286
data-analyst-1786004779-3c1a2a1b0db4,167.299,167.299
reviewer-1786004830-235a783ea9ef,167.308,676.698
data-analyst-1786004774-4b977b77b9c6,167.317,167.317
data-analyst-1786004780-aaacc4635c08,167.330,167.330
data-analyst-1786004765-d7a5e83c2efd,167.343,167.343
deep-researcher-1786004830-ccbbc5f7a699,167.381,671.091
data-analyst-1786004830-352edbd9c8a5,167.398,623.111
wide-researcher-1786004830-9ed6c9816850,167.416,649.139
data-analyst-1786004769-4b8882603284,167.434,167.434
reviewer-1786004830-df686f007551,167.462,647.326
data-analyst-1786004765-04d49fabda27,167.479,167.479
data-analyst-1786004774-d8f2e552b1a4,167.493,167.493
data-analyst-1786004778-9e340b4f0c92,167.520,167.520
deep-researcher-1786004830-8f7f7784182c,167.539,701.259
data-analyst-1786004774-27e8367e4a91,167.553,167.554
data-analyst-1786004830-baa202f1f1a9,167.571,631.966
wide-researcher-1786004830-b227030c7f0d,167.597,356.930
reviewer-1786004830-f385102dff56,167.650,568.871
data-analyst-1786004782-b7ef4d606692,167.707,167.708
data-analyst-1786004765-03a59fa5d5cd,167.738,167.738
data-analyst-1786004777-11accb23cc37,167.753,167.753
deep-researcher-1786004830-e89658032722,167.796,377.228
data-analyst-1786004771-068f8720f17b,167.816,167.817
data-analyst-1786004830-8050a2c71233,167.840,598.501
data-analyst-1786004780-806719076481,167.850,167.851
data-analyst-1786004777-a063e624ee0d,167.866,167.866
data-analyst-1786004778-961618f59b14,167.881,167.881
data-analyst-1786004778-7d073fece511,167.896,167.896
wide-researcher-1786004830-31393746cb87,167.908,587.665
data-analyst-1786004774-e72b3b7c852d,167.926,167.927
reviewer-1786004830-63e9c37c0d65,167.939,674.981
deep-researcher-1786004830-e05809888e46,167.968,629.500
data-analyst-1786004830-2d2c4731552e,167.985,597.070
data-analyst-1786004778-c4da51203331,168.034,168.035
wide-researcher-1786004831-812ab1b2c1df,168.047,612.810
data-analyst-1786004772-783baeaa9a9c,168.068,168.068
reviewer-1786004831-5b31664e7bbf,168.073,644.592
data-analyst-1786004782-28977dd69198,168.096,168.097
deep-researcher-1786004831-7651773c46ba,168.135,365.698
data-analyst-1786004831-f709c05f7397,168.150,693.893
wide-researcher-1786004831-96fece3fb2a8,168.191,678.960
data-analyst-1786004765-4773e9fee03d,168.195,168.195
data-analyst-1786004784-e41967d51584,168.210,168.211
data-analyst-1786004786-2966cf9ba6d4,168.225,168.226
data-analyst-1786004784-e333a0c97a2a,168.240,168.241
data-analyst-1786004771-3800f4be24be,168.270,168.270
reviewer-1786004831-ac96aa269193,168.274,628.585
deep-researcher-1786004831-e5f6cdd8c067,168.327,296.500
data-analyst-1786004785-39f79e0dca08,168.331,168.331
data-analyst-1786004831-0c502bb4e400,168.343,607.422
wide-researcher-1786004831-ce03f0c4e686,168.360,551.197
data-analyst-1786004784-1a8694f990ff,168.364,168.364
data-analyst-1786004766-2a2fd7a2f51c,168.380,168.381
data-analyst-1786004782-ab2d16cc2d89,168.394,168.395
reviewer-1786004831-cb3efbd959cc,168.403,486.938
deep-researcher-1786004831-3bb9e80d197d,168.467,262.807
data-analyst-1786004831-191ebdb079c0,168.493,573.785
data-analyst-1786004784-78d9679baedf,168.520,168.520
wide-researcher-1786004831-d8fa6a7e1a38,168.545,316.226
data-analyst-1786004780-60fcb6b5ac01,168.546,168.549
reviewer-1786004831-43ec1f4e2800,168.593,589.458
data-analyst-1786004760-bd9a600a29a4,168.619,168.620
data-analyst-1786004784-0f7f2fb21051,168.633,168.633
data-analyst-1786004784-9453d47fbe0d,168.661,168.661
data-analyst-1786004776-70b29c27d66b,168.701,168.701
data-analyst-1786004773-17c71181ce26,168.715,168.715
data-analyst-1786004784-50c2a16ea6b5,168.728,168.728
deep-researcher-1786004831-33b2b7b89908,168.728,351.056
data-analyst-1786004784-a8cdff291eee,168.745,168.745
data-analyst-1786004787-be1e3b0e708f,168.786,168.786
data-analyst-1786004783-ed457f4c58ff,168.800,168.800
data-analyst-1786004774-045c746b175f,168.826,168.826
data-analyst-1786004831-3a0d0b0b5618,168.853,621.675
wide-researcher-1786004831-b08c12d66c12,168.886,262.029
data-analyst-1786004789-d35085bce944,168.891,168.891
data-analyst-1786004778-bbffbd358f49,168.905,168.905
data-analyst-1786004769-cf8e03026829,168.933,168.934
data-analyst-1786004787-11759ec8a0f2,168.948,168.949
reviewer-1786004831-6bfe69a637df,168.995,534.055
data-analyst-1786004782-41d12c1a5b72,169.025,169.026
deep-researcher-1786004831-7c069f34158d,169.050,677.353
data-analyst-1786004784-c81a58fac425,169.060,169.060
data-analyst-1786004831-c0694d64bffc,169.074,610.862
wide-researcher-1786004832-7b3662586b4f,169.111,569.964
reviewer-1786004832-0ffbb2b5d564,169.169,571.885
deep-researcher-1786004832-7783ccd49cf5,169.278,263.754
data-analyst-1786004832-88478ff2d164,169.315,485.140
wide-researcher-1786004832-1f744e2f5bb9,169.349,369.152
reviewer-1786004832-fcfbb4226cb7,169.423,594.279
deep-researcher-1786004832-7fe9e026f058,169.460,655.344
data-analyst-1786004832-7e08f0d6081b,169.479,502.824
wide-researcher-1786004832-5021ac99a155,169.497,373.206
data-analyst-1786004789-28137b2de702,169.540,169.541
reviewer-1786004832-6b9afd5ca219,169.574,479.357
deep-researcher-1786004832-b5d48d1d06ff,169.605,684.825
data-analyst-1786004832-006213037cb8,169.637,623.584
wide-researcher-1786004832-cd5068f9a5f8,169.659,367.132
data-analyst-1786004793-2a471a99f0f6,169.668,247.952
reviewer-1786004832-a5f19a3bac9a,169.716,485.096
deep-researcher-1786004832-e478eab590a8,169.781,645.008
data-analyst-1786004832-efe146e864e1,169.825,496.995
data-analyst-1786004795-312129b75385,169.830,261.429
wide-researcher-1786004832-ef404b8ee97f,169.851,500.673
reviewer-1786004832-223550801d12,169.870,608.958
data-analyst-1786004782-66dba65b25bf,169.884,169.884
deep-researcher-1786004832-31db976b0881,169.928,373.446
data-analyst-1786004832-598eaf4fd5f9,169.995,483.421
wide-researcher-1786004832-86fe6306155d,170.059,617.290
reviewer-1786004833-1cb2b6a22460,170.109,643.710
data-analyst-1786004795-eac1b2c704ca,170.133,251.224
data-analyst-1786004768-d5b69444993e,170.146,170.147
data-analyst-1786004788-811fd8dba8ec,170.160,170.160
data-analyst-1786004774-856fa13c55ee,170.189,170.190
deep-researcher-1786004833-2d65283ea418,170.195,368.092
data-analyst-1786004833-c33e10320a2c,170.237,623.517
data-analyst-1786004790-a62f401a59d2,170.242,170.242
data-analyst-1786004793-d6e9eb140648,170.290,255.584
wide-researcher-1786004833-c1f833e385ad,170.298,590.317
data-analyst-1786004791-6984d7ab7a85,170.327,170.327
data-analyst-1786004763-989e5c4e209b,170.356,356.245
reviewer-1786004833-27bc41e5b381,170.360,624.135
data-analyst-1786004788-d37aef4140ef,170.373,170.373
data-analyst-1786004793-aeae287d0de8,170.386,251.868
deep-researcher-1786004833-2ca72a5f21cc,170.434,371.969
data-analyst-1786004833-976a593766dc,170.468,617.775
wide-researcher-1786004833-2f5ff5411d8c,170.502,368.879
reviewer-1786004833-8a3833afe43a,170.521,694.783
deep-researcher-1786004833-1eafaf0dcde2,170.572,701.110
data-analyst-1786004833-2a75bbf7da45,170.628,488.713
data-analyst-1786004784-5719dd2bac9a,170.695,170.695
wide-researcher-1786004833-f295ae4fde06,170.699,374.137
reviewer-1786004833-98dfcba77379,170.815,616.602
data-analyst-1786004795-6508b9dbb932,170.823,251.756
deep-researcher-1786004833-347b4d683baa,170.860,378.933
data-analyst-1786004777-e511bf5f3118,170.883,170.884
data-analyst-1786004833-ef3f3dec7941,170.932,586.649
wide-researcher-1786004833-7a3ae26f69a5,170.947,305.116
data-analyst-1786004791-5cb6e2f7545b,170.962,170.962
reviewer-1786004833-59bba9cd680e,170.974,621.510
deep-researcher-1786004834-e2c830c5e16d,171.083,614.863
data-analyst-1786004834-cb95b4a8ce3d,171.098,611.118
wide-researcher-1786004834-0ad544ef7967,171.120,486.343
reviewer-1786004834-639c462ddeb6,171.156,616.263
deep-researcher-1786004834-05406b411cb5,171.205,261.608
data-analyst-1786004785-3fc2475016d7,171.227,171.228
data-analyst-1786004834-61aab066d668,171.237,597.864
wide-researcher-1786004834-240b34363818,171.300,598.872
data-analyst-1786004791-03ae6297c957,171.324,256.815
data-analyst-1786004774-6fc8845231c0,171.357,171.357
reviewer-1786004834-a9ccab89512d,171.375,616.649
deep-researcher-1786004834-016e631eb306,171.436,670.136
data-analyst-1786004789-1be7d6a582b2,171.491,171.491
data-analyst-1786004834-32f7c219931d,171.503,476.761
wide-researcher-1786004834-aae33ee9308c,171.560,283.220
reviewer-1786004834-6a66bb1db297,171.597,625.402
data-analyst-1786004790-1185540078f5,171.615,255.597
deep-researcher-1786004834-fb094b479d63,171.636,370.415
data-analyst-1786004834-f53fa4d9ab05,171.835,629.397
data-analyst-1786004767-1f9d441872ef,171.943,171.944
wide-researcher-1786004834-cf8ba2396b85,172.008,372.298
reviewer-1786004834-28b180f44830,172.026,627.863
data-analyst-1786004766-04da398f904e,172.040,172.040
deep-researcher-1786004834-65975da339b2,172.072,498.994
data-analyst-1786004834-849ecbd27ef9,172.105,649.215
wide-researcher-1786004835-4e7ea9c2ea13,172.130,478.255
reviewer-1786004835-5e3b0f11ba84,172.151,586.365
deep-researcher-1786004835-32125165af0d,172.203,670.951
data-analyst-1786004835-96397f193dc9,172.297,490.319
wide-researcher-1786004835-5ef57cc23b91,172.330,373.977
data-analyst-1786004765-818414c39b3d,172.335,172.335
data-analyst-1786004771-a828b63ecfb7,172.350,172.350
reviewer-1786004835-aea295bfb329,172.363,499.226
deep-researcher-1786004835-84bd3f61fad8,172.421,377.796
data-analyst-1786004835-c28fb0296ef9,172.444,626.136
wide-researcher-1786004835-5c0ef7e17afa,172.487,377.211
data-analyst-1786004786-21664ef88aa5,172.488,172.488
data-analyst-1786004787-37aa1915b008,172.506,172.507
reviewer-1786004835-5922f4c73b7f,172.520,677.645
data-analyst-1786004772-0ca044ebfeda,172.569,256.003
deep-researcher-1786004835-094e77f3181e,172.586,593.896
data-analyst-1786004793-c996c51e93dc,172.590,172.591
data-analyst-1786004835-393d1dc0aa16,172.603,694.623
wide-researcher-1786004835-917796c84305,172.622,491.674
reviewer-1786004835-019005ac5380,172.653,599.789
deep-researcher-1786004835-a8da9f6af1f3,172.684,639.581
data-analyst-1786004774-46715b309da2,172.684,172.688
data-analyst-1786004835-5c2c853d4f98,172.716,611.019
wide-researcher-1786004835-34d1e4aec8c5,172.750,370.444
reviewer-1786004835-30117bd5b662,172.805,670.810
deep-researcher-1786004835-780e2be76b38,172.848,364.939
data-analyst-1786004835-5b274d42ef2c,172.874,502.016
data-analyst-1786004790-b1866a29aa5d,172.889,249.152
wide-researcher-1786004835-05b7e67e0c66,172.936,370.167
reviewer-1786004835-30d3bf9f66be,172.954,648.553
deep-researcher-1786004835-403f0ad0b66e,173.003,502.078
data-analyst-1786004836-5b7fd9bf12c4,173.021,604.143
wide-researcher-1786004836-241644d28c34,173.069,483.246
data-analyst-1786004765-f16548c49e59,173.103,252.568
reviewer-1786004836-a71f7cf47a4f,173.117,649.158
data-analyst-1786004777-6fb15b9319fb,173.117,173.118
data-analyst-1786004772-076a81f0dd1e,173.180,173.181
deep-researcher-1786004836-51be41e95ca9,173.253,405.766
data-analyst-1786004836-849ebf0fa5b1,173.323,703.026
data-analyst-1786004790-b6ca24f70882,173.324,173.328
wide-researcher-1786004836-a82b7efe1665,173.419,618.794
reviewer-1786004836-e5670637ed8b,173.444,599.947
deep-researcher-1786004836-a57e6b4354e6,173.490,359.812
data-analyst-1786004836-76d28629e21f,173.519,677.306
wide-researcher-1786004836-0f0568bcc1d8,173.537,362.649
reviewer-1786004836-84df80d44fa2,173.585,603.064
data-analyst-1786004784-ab466605f193,173.645,173.645
deep-researcher-1786004836-5b30dfb62a6e,173.649,365.779
data-analyst-1786004795-0c6a98318cda,173.662,173.662
data-analyst-1786004836-be0ea7f394e7,173.666,612.297
data-analyst-1786004768-d077f2af45a4,173.679,173.679
wide-researcher-1786004836-72dfe11c07c5,173.710,416.758
data-analyst-1786004784-0ccf9b6267fc,173.751,173.752
data-analyst-1786004784-25681be3e720,173.779,173.779
data-analyst-1786004789-5a9f3383bafe,173.792,173.793
reviewer-1786004836-57fcfceb621f,173.806,594.830
data-analyst-1786004793-dd1c1ba640f1,173.837,173.837
deep-researcher-1786004836-f8a6eb24f0a3,173.873,599.324
data-analyst-1786004836-c5df09ff7d8c,173.890,500.209
data-analyst-1786004793-e7543063cd8d,173.919,173.919
wide-researcher-1786004836-faad345da422,173.962,494.785
reviewer-1786004836-90a2f48db45d,174.002,670.491
deep-researcher-1786004837-bd15cd0e7206,174.046,601.811
data-analyst-1786004837-2cdbf5d963d7,174.085,484.107
wide-researcher-1786004837-600c03842dc0,174.103,612.256
data-analyst-1786004798-5beaae6b6a9d,174.112,248.139
reviewer-1786004837-c2a5da9595ab,174.135,672.355
deep-researcher-1786004837-c00a9f7d3a05,174.172,370.751
data-analyst-1786004837-b88545749785,174.198,674.810
wide-researcher-1786004837-d6cbe0a414e0,174.225,375.178
reviewer-1786004837-8ba251101d69,174.258,612.921
deep-researcher-1786004837-b668e4ff833b,174.315,674.021
data-analyst-1786004837-820b5c4e810b,174.330,684.000
wide-researcher-1786004837-d54b9bfa629e,174.364,471.465
reviewer-1786004837-e9afe844c7cc,174.413,612.960
data-analyst-1786004798-5dd4911cfa54,174.431,356.704
deep-researcher-1786004837-8a15b42162b6,174.452,487.676
data-analyst-1786004837-9e5e550277d2,174.469,500.126
wide-researcher-1786004837-9e6e90a7cc25,174.519,676.612
reviewer-1786004837-78436adf55e8,174.584,500.731
deep-researcher-1786004837-0e00a460dcf3,174.624,691.963
data-analyst-1786004837-6c74c2b1db6b,174.640,695.353
wide-researcher-1786004837-ef30d1f3b46f,174.763,374.348
data-analyst-1786004786-16db8c704275,174.835,174.836
reviewer-1786004837-2c4381ceb668,174.888,592.745
deep-researcher-1786004837-d770ec5a4cfb,174.927,368.961
data-analyst-1786004837-613c98afe105,174.969,603.869
wide-researcher-1786004837-3743292fe16b,175.003,358.953
reviewer-1786004838-9f2ca3673775,175.027,630.707
deep-researcher-1786004838-23cb1dc51595,175.102,693.788
data-analyst-1786004838-fda8b3c1bb9c,175.170,616.633
wide-researcher-1786004838-4f98ed2f2cdb,175.187,597.722
reviewer-1786004838-0956dc9c7b1d,175.221,611.467
deep-researcher-1786004838-6903c68173f3,175.327,356.399
data-analyst-1786004790-f1541165e1ff,175.385,175.386
data-analyst-1786004838-7270c81e77f4,175.390,640.524
wide-researcher-1786004838-42c3635dc568,175.473,591.795
reviewer-1786004838-1a4bd780109b,175.506,600.445
deep-researcher-1786004838-145a8d3eef0f,175.537,348.898
data-analyst-1786004838-836294ec92ab,175.641,508.748
data-analyst-1786004776-2517dd121ecc,175.655,175.655
wide-researcher-1786004838-f2aa70bbc102,175.659,493.900
data-analyst-1786004784-60072cf14b15,175.673,175.673
reviewer-1786004838-366e7b47889e,175.695,686.691
deep-researcher-1786004838-fbf56d5fdd65,175.741,697.976
data-analyst-1786004838-cf70a56fcb2f,175.774,495.538
data-analyst-1786004799-34354e7ff503,175.782,249.508
wide-researcher-1786004838-2f2d9bbaada8,175.814,622.449
reviewer-1786004838-2a9458f85360,175.842,615.182
deep-researcher-1786004838-6624495642ff,175.937,488.773
data-analyst-1786004838-3b72dbc845b4,175.961,645.260
wide-researcher-1786004838-980de25e052a,175.993,477.610
reviewer-1786004838-ad0441ba6a70,176.090,622.237
deep-researcher-1786004839-e4c2c6bf24c9,176.145,474.121
data-analyst-1786004770-1a8e44e10860,176.191,262.510
data-analyst-1786004787-36291ce3a7f8,176.220,176.221
data-analyst-1786004782-5bfd69bdc40f,176.235,176.235
data-analyst-1786004839-de92b7f1e361,176.239,626.462
wide-researcher-1786004839-97210e4b828e,176.284,488.239
data-analyst-1786004790-7af58c2bc9ed,176.288,176.289
reviewer-1786004839-c396c711eaec,176.404,589.335
deep-researcher-1786004839-137321e59ae9,176.442,685.415
data-analyst-1786004839-020d00dd3d7d,176.481,627.278
wide-researcher-1786004839-db228f39b358,176.539,490.621
reviewer-1786004839-76e5d2ac4df8,176.563,487.385
deep-researcher-1786004839-96af74e5a59d,176.601,364.593
data-analyst-1786004839-4c5c4a12fefa,176.662,601.354
wide-researcher-1786004839-30b3ae645735,176.681,436.277
reviewer-1786004839-0311d0b6e739,176.699,622.252
deep-researcher-1786004839-dc2a99824bcb,176.738,393.648
data-analyst-1786004839-15e92d4666ab,176.838,482.188
wide-researcher-1786004839-46fdd3097cde,176.906,655.828
reviewer-1786004839-aeded8d55e03,177.023,626.120
deep-researcher-1786004839-0f013967aea3,177.053,473.289
data-analyst-1786004839-a40e5348f34c,177.131,669.962
data-analyst-1786004800-ace41045e777,177.141,259.898
wide-researcher-1786004840-e42f05ffbead,177.168,563.871
reviewer-1786004840-6c057f7b1317,177.206,696.589
deep-researcher-1786004840-39b9e876ecc1,177.245,262.375
data-analyst-1786004777-1d93ca22ac77,177.259,177.260
data-analyst-1786004840-b48f6aae7c06,177.292,380.507
wide-researcher-1786004840-76995b0d4275,177.325,388.076
reviewer-1786004840-9cf97e3ca385,177.343,681.451
deep-researcher-1786004840-b2ec1304f6b8,177.440,626.075
data-analyst-1786004840-8f254f9827b5,177.474,485.500
wide-researcher-1786004840-bbcda05a6a07,177.492,363.575
data-analyst-1786004778-2a8575a49425,177.496,177.496
reviewer-1786004840-a27bce1bd30d,177.535,675.850
deep-researcher-1786004840-ff954e2a652a,177.582,643.374
data-analyst-1786004840-61887ea4e83f,177.607,677.764
wide-researcher-1786004840-5640b075fffe,177.639,373.612
reviewer-1786004840-3573c7d6cd1c,177.660,607.990
deep-researcher-1786004840-70044951323a,177.785,358.361
data-analyst-1786004840-85b101849a6b,177.851,674.890
data-analyst-1786004801-20975d29f91c,177.923,253.000
wide-researcher-1786004840-21b97d7d3baa,177.966,363.463
data-analyst-1786004794-2fa0004c8166,177.985,250.695
reviewer-1786004840-9df702ad09ff,178.051,593.868
deep-researcher-1786004840-4d33687325fa,178.089,498.025
data-analyst-1786004840-25ff9a7993c8,178.117,599.735
wide-researcher-1786004841-4b2a82b955a5,178.157,366.495
reviewer-1786004841-bd70f311f64b,178.183,484.013
data-analyst-1786004776-9d8cde9c09dd,178.188,178.189
deep-researcher-1786004841-6e254ebae144,178.222,675.164
data-analyst-1786004790-f130181cc1d4,178.237,178.237
data-analyst-1786004841-b4e3b8e5d879,178.250,683.493
wide-researcher-1786004841-588da38c4159,178.410,486.327
data-analyst-1786004796-8e13ba1e9d9c,178.490,178.490
reviewer-1786004841-29d71ac45188,178.525,598.783
data-analyst-1786004795-b2859932e087,178.538,178.538
data-analyst-1786004793-f6e4a0884d1e,178.552,178.552
deep-researcher-1786004841-a3dd4c7f43cd,178.570,377.929
data-analyst-1786004841-3d10ad949223,178.624,646.344
data-analyst-1786004770-a5eb8d6af28f,178.635,178.636
wide-researcher-1786004841-699e9c7f51b4,178.657,377.809
data-analyst-1786004773-b5bb43b2f2e3,178.671,178.672
reviewer-1786004841-d42b6c3e9674,178.726,564.662
deep-researcher-1786004841-353382786936,178.765,648.959
data-analyst-1786004841-da622d1960c1,178.791,518.866
wide-researcher-1786004841-9f41eef131d4,178.837,593.628
data-analyst-1786004801-bbff9b2c1c32,178.853,254.594
reviewer-1786004841-2aa2f4c724b7,178.862,478.534
deep-researcher-1786004841-606b2164a720,178.945,405.426
data-analyst-1786004841-046fa53e31cb,178.991,600.216
wide-researcher-1786004841-073f872cdb00,179.010,367.270
reviewer-1786004842-40b2c1b150fc,179.059,547.529
data-analyst-1786004777-9a655a60c33f,179.063,179.063
deep-researcher-1786004842-66d5b0f4599d,179.118,485.169
data-analyst-1786004842-6d487fffeb6b,179.149,493.339
wide-researcher-1786004842-cb654dd542f9,179.173,307.325
reviewer-1786004842-97d7349db698,179.260,703.895
data-analyst-1786004772-afc7eed87607,179.455,258.394
deep-researcher-1786004842-1f4f3f74b21c,179.464,360.344
data-analyst-1786004770-bd573b67d5eb,179.469,255.424
data-analyst-1786004766-92db918752e9,179.486,179.486
data-analyst-1786004842-97eeaa86a2ac,179.527,677.290
wide-researcher-1786004842-17579f047b99,179.561,613.765
reviewer-1786004842-f95b34c29557,179.581,489.889
deep-researcher-1786004842-4174951796fe,179.631,367.806
data-analyst-1786004793-6a5437e4092d,179.669,179.671
data-analyst-1786004842-b26639aab20a,179.676,700.460
wide-researcher-1786004842-7ac28341ef05,179.716,379.213
reviewer-1786004842-1dc991a136e2,179.731,678.138
deep-researcher-1786004842-c17f24d72636,179.767,393.634
data-analyst-1786004842-0a7a6d009913,179.913,599.448
data-analyst-1786004774-505dd5dedf82,179.988,179.989
wide-researcher-1786004842-f7e47d5fa1c6,180.002,474.753
reviewer-1786004842-6e80fbe1302f,180.035,596.326
deep-researcher-1786004842-fbc72dab0bd3,180.075,673.332
data-analyst-1786004843-f43fb08ed10b,180.091,587.985
wide-researcher-1786004843-9d17f76abc77,180.131,485.859
reviewer-1786004843-b24fe9dfa52e,180.174,488.327
data-analyst-1786004790-64957357139a,180.216,255.010
deep-researcher-1786004843-48dcc5294289,180.233,676.763
data-analyst-1786004843-800c23941c79,180.278,602.221
wide-researcher-1786004843-fc46978a0a5a,180.303,409.742
data-analyst-1786004787-1e758abd3bf2,180.317,180.318
reviewer-1786004843-5eae6bfa780a,180.350,642.711
data-analyst-1786004785-045a2b76b117,180.367,180.367
deep-researcher-1786004843-39b8ba6db4a0,180.389,629.575
data-analyst-1786004797-ffb08dd88bb0,180.445,180.446
data-analyst-1786004843-7c393b002179,180.454,496.023
wide-researcher-1786004843-f8852fcb3d54,180.508,557.227
reviewer-1786004843-ef44f70fbfa8,180.530,614.468
data-analyst-1786004791-a553e370ef14,180.543,180.543
data-analyst-1786004765-d146e914e86f,180.556,180.556
deep-researcher-1786004843-fa9680c3119a,180.580,374.700
data-analyst-1786004843-b02a87ffa15c,180.631,629.835
wide-researcher-1786004843-aa999624fe30,180.662,355.865
reviewer-1786004843-920b6886d73c,180.767,613.223
deep-researcher-1786004843-7ba5182982be,180.846,482.804
data-analyst-1786004798-e671210b0e7c,180.909,180.910
data-analyst-1786004771-2866f3ce7d23,180.977,180.977
data-analyst-1786004843-3be603b7a121,181.072,601.252
data-analyst-1786004799-ca3ecd658cd1,181.087,181.087
wide-researcher-1786004843-daaa1dedcf78,181.091,489.341
data-analyst-1786004799-281d3494b6bb,181.105,181.106
reviewer-1786004843-70cbbb2fa5f4,181.144,484.917
deep-researcher-1786004843-b4a4e8bc7172,181.184,322.092
data-analyst-1786004844-6edfb3c98035,181.221,534.196
wide-researcher-1786004844-da2c28abaa60,181.244,302.363
data-analyst-1786004801-e0b7bad9b018,181.318,254.577
data-analyst-1786004797-4b570bda31e0,181.337,181.337
data-analyst-1786004786-92651634f05d,181.351,181.351
reviewer-1786004844-8376696778c6,181.368,611.646
data-analyst-1786004803-16878c326a17,181.399,253.724
deep-researcher-1786004844-0c37d83a36a0,181.465,360.115
data-analyst-1786004844-f46d91f1225e,181.505,649.452
wide-researcher-1786004844-da253a6341e2,181.548,385.056
reviewer-1786004844-8ece5e6b877b,181.569,592.681
data-analyst-1786004789-7769b6af2428,181.586,181.586
deep-researcher-1786004844-1e8f0d68187d,181.598,596.172
data-analyst-1786004844-21485877b3b1,181.615,606.016
wide-researcher-1786004844-45c7bd1a57bf,181.642,368.802
data-analyst-1786004799-328919f6eb17,181.667,181.668
data-analyst-1786004803-17d3c9dd88e1,181.700,253.634
data-analyst-1786004799-9b1d11805595,181.743,181.743
reviewer-1786004844-f99b17442489,181.761,556.302
data-analyst-1786004797-1f69e9f3cc5f,181.848,181.848
deep-researcher-1786004844-d72a9311c841,181.852,653.924
data-analyst-1786004768-1892038057ab,181.865,181.865
data-analyst-1786004844-871ebe4a1dd6,181.897,641.539
data-analyst-1786004793-bf8b8e7cb302,181.910,251.477
wide-researcher-1786004844-e410492bc9dd,181.967,505.311
reviewer-1786004844-4771873d1db5,181.985,614.563
deep-researcher-1786004844-4509b356ade9,182.034,684.464
data-analyst-1786004845-b45cccead58b,182.052,670.473
wide-researcher-1786004845-a1f914878cc9,182.076,587.959
reviewer-1786004845-b6d399f3680e,182.093,705.293
deep-researcher-1786004845-46f6061b28c9,182.150,308.229
data-analyst-1786004845-3da64dbd3d35,182.188,502.839
data-analyst-1786004803-162d764fba57,182.188,252.652
wide-researcher-1786004845-e02574c191e9,182.291,378.170
reviewer-1786004845-9a986e246526,182.358,696.008
data-analyst-1786004780-bc420159570b,182.529,182.530
deep-researcher-1786004845-e5487f5a78b3,182.547,389.394
data-analyst-1786004845-8ab376e3b1c3,182.580,618.729
wide-researcher-1786004845-207d3fda8de0,182.597,478.413
reviewer-1786004845-6fb48d2cb52e,182.655,701.686
deep-researcher-1786004845-d297849ec6f5,182.695,671.470
data-analyst-1786004845-7ebbfb1216db,182.713,591.567
wide-researcher-1786004845-30786494db76,182.745,472.129
reviewer-1786004845-65af23d16a27,182.775,670.992
data-analyst-1786004800-bdd69912a004,182.816,254.676
deep-researcher-1786004845-99514b65521d,182.888,669.500
data-analyst-1786004796-8292b7c3e74e,182.912,182.913
data-analyst-1786004845-7fa8d328768f,182.931,488.788
data-analyst-1786004802-ad0cbf4785fe,182.945,248.598
wide-researcher-1786004845-17c7cd82d387,183.072,495.209
data-analyst-1786004804-5850b3c39317,183.082,259.405
reviewer-1786004845-d2790ac2ae53,183.114,483.455
deep-researcher-1786004846-41546c6186c6,183.186,477.595
data-analyst-1786004784-cc2934916be1,183.197,259.983
data-analyst-1786004793-7ae06921073c,183.216,183.216
data-analyst-1786004765-24c1916e129e,183.230,183.231
data-analyst-1786004846-76550822f3d7,183.248,619.144
wide-researcher-1786004846-518dd717d2a5,183.325,616.804
reviewer-1786004846-ad8e5bbeb755,183.364,591.626
deep-researcher-1786004846-d76dc88e5ee0,183.405,363.271
data-analyst-1786004846-b37a9f13317e,183.486,498.461
wide-researcher-1786004846-18c7f9e10bec,183.522,378.736
reviewer-1786004846-57261d4b44fd,183.545,623.444
deep-researcher-1786004846-b82d9215c14f,183.605,617.038
data-analyst-1786004846-11518b58198b,183.621,701.924
data-analyst-1786004784-73eb832b37b6,183.639,183.640
wide-researcher-1786004846-3114d4a4a501,183.657,362.615
data-analyst-1786004796-1cc60c9cb185,183.685,183.685
reviewer-1786004846-26eceec64305,183.702,671.231
data-analyst-1786004804-467c4e1b0d9f,183.779,358.453
data-analyst-1786004804-20292b93f1e0,183.791,249.995
deep-researcher-1786004846-45b13b28c6cb,183.795,359.239
data-analyst-1786004804-d7a1ff21356a,183.808,248.217
data-analyst-1786004846-d31a305f5f51,183.892,636.170
data-analyst-1786004777-ab80e6ff04d6,183.893,183.896
wide-researcher-1786004846-6c8dc3b8655a,184.087,272.889
reviewer-1786004846-64446291e972,184.176,622.511
deep-researcher-1786004846-d4b26077b830,184.229,472.552
data-analyst-1786004773-ee37e5c1c107,184.262,249.655
data-analyst-1786004797-e90823fc163c,184.276,184.277
data-analyst-1786004847-143e91559b9d,184.285,612.796
data-analyst-1786004799-7d2945f8709d,184.295,184.296
wide-researcher-1786004847-0b1bd4c86634,184.300,480.075
reviewer-1786004847-f7847d442f12,184.385,619.112
deep-researcher-1786004847-d27e9cf12e25,184.434,376.036
data-analyst-1786004787-2eb6869769cb,184.474,184.474
data-analyst-1786004847-8cdcbfe22159,184.526,678.103
wide-researcher-1786004847-cb695449e95f,184.599,640.145
reviewer-1786004847-c69a9fc4a144,184.624,595.521
data-analyst-1786004796-1373bfb904e9,184.679,184.679
data-analyst-1786004791-e3f417eca321,184.692,184.692
deep-researcher-1786004847-318555cfcb98,184.704,693.218
data-analyst-1786004783-82e57ef701fd,184.708,184.708
data-analyst-1786004800-7b398ad62d81,184.736,184.736
data-analyst-1786004847-26bfc8bfef54,184.753,496.898
wide-researcher-1786004847-22c9e2c39826,184.801,478.491
reviewer-1786004847-5db0000fe1ce,184.836,498.947
deep-researcher-1786004847-6cbd8748ff72,184.878,481.111
data-analyst-1786004847-b0065d8d4a62,184.910,600.385
wide-researcher-1786004847-6299fac0480d,184.979,373.671
reviewer-1786004847-288dafdbfd7d,184.995,494.600
data-analyst-1786004787-12e12ee145a5,184.996,184.999
deep-researcher-1786004848-78c59318a510,185.033,613.196
data-analyst-1786004848-5674308614d1,185.061,605.429
data-analyst-1786004801-b6417ce71088,185.089,185.090
data-analyst-1786004788-6e680d790e57,185.105,185.105
wide-researcher-1786004848-891e526f18aa,185.113,477.430
reviewer-1786004848-2051fc521e1f,185.131,595.272
deep-researcher-1786004848-0525a68b4df2,185.169,378.720
data-analyst-1786004848-a9acd4e045f8,185.194,598.798
wide-researcher-1786004848-b9962a1cb384,185.212,270.223
data-analyst-1786004773-1c86ea99ebd8,185.296,185.296
reviewer-1786004848-3e39bb711a59,185.374,588.374
data-analyst-1786004795-d85c4754fcf7,185.465,185.466
deep-researcher-1786004848-8009ccc81603,185.594,360.931
data-analyst-1786004848-0628e994f965,185.684,598.900
wide-researcher-1786004848-3e9222c9ac11,185.701,366.114
reviewer-1786004848-464d0af3ddea,185.725,678.850
deep-researcher-1786004848-ab32200d9f57,185.803,514.375
data-analyst-1786004848-c3a54bf93e96,185.903,648.606
data-analyst-1786004795-1e56d923cce9,185.956,185.957
wide-researcher-1786004848-3873683b7a70,185.998,694.545
data-analyst-1786004806-534fdc508f60,186.028,256.410
reviewer-1786004848-f7f6a1fc71ea,186.033,669.481
data-analyst-1786004800-8d54a068cdb6,186.045,186.046
data-analyst-1786004791-b960b5dabd0e,186.089,186.090
deep-researcher-1786004848-ea98e94fa086,186.108,495.458
data-analyst-1786004849-ffbbcaaeebde,186.142,603.123
wide-researcher-1786004849-8df8e897a9ae,186.213,672.636
data-analyst-1786004800-862f8893fba1,186.225,186.225
reviewer-1786004849-69ff1b46f5c8,186.255,586.950
deep-researcher-1786004849-d607591242b3,186.314,372.220
data-analyst-1786004849-4b722302151f,186.341,680.035
wide-researcher-1786004849-12c1c4fd6fb1,186.386,365.715
reviewer-1786004849-48466ff78a27,186.429,498.873
deep-researcher-1786004849-9c19d3d978c7,186.476,384.758
data-analyst-1786004849-e6684cf26759,186.498,609.226
wide-researcher-1786004849-839c04e0bc9d,186.516,505.744
reviewer-1786004849-c3744188e9c2,186.540,613.573
data-analyst-1786004802-0128d0e6e2bd,186.549,186.549
deep-researcher-1786004849-8f67dae7e388,186.576,618.824
data-analyst-1786004849-d873cf2129cb,186.612,706.282
data-analyst-1786004802-03251add4ee4,186.629,186.629
wide-researcher-1786004849-3a1b960120eb,186.633,365.071
data-analyst-1786004800-409a68ce20d3,186.647,186.648
reviewer-1786004849-77ca47296505,186.652,609.829
deep-researcher-1786004849-5618fffb668a,186.713,375.741
data-analyst-1786004849-b9b81ada5983,186.732,611.102
wide-researcher-1786004849-c72ba345ca47,186.795,295.584
data-analyst-1786004804-6ef9ed78a4d8,186.824,250.513
reviewer-1786004849-9a0c0f28f5e0,186.882,593.115
deep-researcher-1786004849-2fbb8eac282f,186.913,608.912
data-analyst-1786004849-a99fc5016980,187.077,669.899
wide-researcher-1786004849-f0f7f0a0fa6a,187.108,483.199
reviewer-1786004850-fad1676664da,187.135,512.256
deep-researcher-1786004850-1698b0810380,187.196,310.408
data-analyst-1786004850-8809fa18e763,187.213,624.576
wide-researcher-1786004850-e798997b1cd1,187.242,481.519
data-analyst-1786004778-6daa43d428c5,187.273,187.274
reviewer-1786004850-cf17725bf56d,187.278,676.419
deep-researcher-1786004850-2216dab0fe19,187.318,315.023
data-analyst-1786004850-4e38731f96f8,187.411,671.031
wide-researcher-1786004850-e7aed0718353,187.534,509.599
reviewer-1786004850-593c8328c9cf,187.582,679.228
data-analyst-1786004774-b2467092522a,187.609,251.601
deep-researcher-1786004850-5ecc7ecab6d4,187.659,627.106
data-analyst-1786004850-8baef8da904e,187.707,594.232
wide-researcher-1786004850-93b246401f9b,187.759,593.882
reviewer-1786004850-bd377ba8a2d3,187.777,672.257
deep-researcher-1786004850-37d7cff4dc30,187.814,478.149
data-analyst-1786004850-ef8ae2ccae25,187.852,648.638
wide-researcher-1786004850-2bd9422cd184,187.936,534.591
reviewer-1786004850-77cb82304683,187.953,700.385
deep-researcher-1786004850-3bdabc1aa051,188.010,476.063
data-analyst-1786004850-44136542b9df,188.037,375.955
wide-researcher-1786004851-4fbe70965ed1,188.062,494.615
reviewer-1786004851-1e0e3a6bf325,188.139,695.455
deep-researcher-1786004851-9c0ebdeb0320,188.168,286.150
data-analyst-1786004851-373d0d1cbc49,188.189,608.744
wide-researcher-1786004851-30680a64699f,188.226,375.757
data-analyst-1786004793-1a6dbada42ee,188.381,188.381
reviewer-1786004851-ca92e00f8577,188.395,643.187
data-analyst-1786004791-0b76c645d2a5,188.425,188.426
data-analyst-1786004760-950fdd0a2712,188.500,188.500
deep-researcher-1786004851-a653344c92a8,188.508,374.190
data-analyst-1786004851-705e183c2ea6,188.585,596.905
wide-researcher-1786004851-f5052c271805,188.621,379.854
reviewer-1786004851-5d629d73d153,188.661,597.596
deep-researcher-1786004851-976fa54d0e3d,188.700,697.324
data-analyst-1786004796-eb6ffb142468,188.717,188.717
data-analyst-1786004851-152b494b51d5,188.721,683.756
data-analyst-1786004800-019c07ff75a4,188.734,188.734
wide-researcher-1786004851-926d1fe1a80f,188.756,268.405
data-analyst-1786004771-1d4bcaaad76c,188.811,188.811
data-analyst-1786004783-90c9537db222,188.840,188.840
reviewer-1786004851-3f772f676ef1,188.960,675.043
deep-researcher-1786004851-c4ee04a90e80,189.051,672.430
data-analyst-1786004851-0ebe16bc65ca,189.093,605.804
wide-researcher-1786004851-1ae174458e16,189.154,373.536
reviewer-1786004852-26c6f8ff261b,189.226,618.225
data-analyst-1786004788-272440e4b413,189.226,189.227
deep-researcher-1786004852-4f68da490424,189.274,517.776
data-analyst-1786004852-0f89d8f5d4a8,189.301,607.701
wide-researcher-1786004852-220ef4dd7370,189.326,362.961
reviewer-1786004852-290e650f2f81,189.387,687.421
deep-researcher-1786004852-93fbe82f8e66,189.457,498.308
data-analyst-1786004852-6eaa7a450b07,189.475,609.734
wide-researcher-1786004852-f3ab27617840,189.521,360.398
reviewer-1786004852-b325946c8e3d,189.568,700.575
deep-researcher-1786004852-640f5d3f7e4f,189.646,527.004
data-analyst-1786004852-9a4fee6956ae,189.668,672.542
wide-researcher-1786004852-7ed73af43ff2,189.686,601.554
reviewer-1786004852-c0c1c8d0e7e3,189.738,618.948
deep-researcher-1786004852-3474ea635039,189.822,376.668
data-analyst-1786004852-e87f3a32ddf2,189.924,697.431
wide-researcher-1786004852-20091cdf1a7c,190.003,372.973
data-analyst-1786004778-b7e98af55405,190.059,254.101
data-analyst-1786004778-94c0f550367b,190.073,252.912
reviewer-1786004852-6bf4476a0f94,190.087,670.934
deep-researcher-1786004852-b3b755ac10f8,190.126,359.129
data-analyst-1786004853-817949c878aa,190.169,481.292
wide-researcher-1786004853-c12277086179,190.187,599.591
data-analyst-1786004772-2800247cac03,190.188,190.193
reviewer-1786004853-7104a117e627,190.221,669.337
deep-researcher-1786004853-f501751faffc,190.275,588.864
data-analyst-1786004853-66e14cff0c2c,190.300,689.459
wide-researcher-1786004853-a811b70dc55b,190.434,676.210
reviewer-1786004853-9ce7c4cde72b,190.468,634.855
data-analyst-1786004803-c8728497f2ba,190.522,190.523
deep-researcher-1786004853-b9be91b9ab79,190.560,310.765
data-analyst-1786004771-50f4263480df,190.569,190.570
data-analyst-1786004853-5b511aad03c1,190.612,588.056
data-analyst-1786004808-fb5a8f232b68,190.626,249.247
data-analyst-1786004808-82d9e0afd021,190.640,357.397
wide-researcher-1786004853-7891b26ad83d,190.666,379.181
reviewer-1786004853-32359cf4e495,190.683,625.173
data-analyst-1786004789-1b14ae49755e,190.728,190.728
deep-researcher-1786004853-efa6022e5429,190.740,438.837
data-analyst-1786004853-e4033de3c4ba,190.783,592.511
wide-researcher-1786004853-6e8dc368b54b,190.815,614.928
data-analyst-1786004777-240d6bff3677,190.838,190.838
reviewer-1786004853-7705ad4dcb66,190.842,640.613
deep-researcher-1786004853-60830b0cba93,190.908,380.406
data-analyst-1786004853-3068513cc228,190.955,490.547
wide-researcher-1786004853-f8725e3d3293,191.028,357.252
data-analyst-1786004802-03fed78179ed,191.037,191.038
reviewer-1786004853-bbcf4c9e8275,191.099,614.215
data-analyst-1786004774-59372aeb87fd,191.114,191.114
data-analyst-1786004796-e5925b735f02,191.128,191.128
data-analyst-1786004804-064ec813082b,191.183,191.184
deep-researcher-1786004854-f27223a67105,191.183,336.073
data-analyst-1786004854-b3ccb1c76e11,191.201,618.690
wide-researcher-1786004854-752302bee3b3,191.255,509.519
data-analyst-1786004801-f74ff3fb9e2a,191.270,191.270
reviewer-1786004854-f38b33a3a979,191.314,617.022
data-analyst-1786004795-2a3fdd95a32e,191.319,191.320
data-analyst-1786004788-c2c7e732a047,191.333,191.333
deep-researcher-1786004854-321fc7c77c90,191.418,624.709
data-analyst-1786004854-5f8bf8ade49c,191.513,594.768
data-analyst-1786004808-379e26116e83,191.523,255.358
data-analyst-1786004783-1b7cf51cdb36,191.555,191.556
data-analyst-1786004800-2b89e07736ce,191.573,191.573
wide-researcher-1786004854-80d081e3969c,191.600,356.944
reviewer-1786004854-660bc9a98bd1,191.654,604.903
data-analyst-1786004783-d01a250654a7,191.659,191.660
deep-researcher-1786004854-401e582a1d73,191.705,695.530
data-analyst-1786004854-8ba9971d9f29,191.741,597.347
wide-researcher-1786004854-a12aba2727b1,191.813,618.287
reviewer-1786004854-27759e91ece1,191.935,611.269
deep-researcher-1786004854-451b0f20e60e,191.991,364.230
data-analyst-1786004854-bd26090b0380,192.116,706.090
wide-researcher-1786004854-73c6a51fccf4,192.190,379.347
reviewer-1786004855-43bb02cb6f21,192.255,642.590
deep-researcher-1786004855-b94cda7b91fd,192.302,367.638
data-analyst-1786004855-a77d1fbfee51,192.330,594.799
wide-researcher-1786004855-9c4f1e9c2ca5,192.472,608.813
reviewer-1786004855-3216bf969324,192.540,673.065
data-analyst-1786004793-a7d6f9d2b52c,192.582,192.582
deep-researcher-1786004855-9dbe7fe6ab2c,192.600,476.597
data-analyst-1786004855-3bf008c0dc61,192.619,488.270
wide-researcher-1786004855-c379c517d7ee,192.670,370.697
reviewer-1786004855-57355dff649c,192.715,623.616
deep-researcher-1786004855-d1aa2d091cb2,192.767,375.079
data-analyst-1786004855-5fe949d5b97c,192.803,635.374
wide-researcher-1786004855-db8b19403854,192.844,376.198
reviewer-1786004855-75f98c5befd3,192.940,703.668
deep-researcher-1786004855-7c42c2cf41e9,193.110,498.431
data-analyst-1786004855-6bac15648bde,193.162,620.076
wide-researcher-1786004855-0159ade52260,193.180,368.039
data-analyst-1786004804-881558df1c8d,193.189,255.532
reviewer-1786004856-15d8dd3e8e2f,193.217,493.539
data-analyst-1786004805-aab0f79b551f,193.241,255.785
deep-researcher-1786004856-074610779dbf,193.325,476.626
data-analyst-1786004802-401fa186314e,193.362,193.362
data-analyst-1786004856-2aef279c06cf,193.437,616.694
wide-researcher-1786004856-835be3355e9e,193.453,530.701
reviewer-1786004856-2767fd4d2b81,193.486,589.914
deep-researcher-1786004856-b39c0c046eb2,193.582,389.963
data-analyst-1786004856-22a93e058ca8,193.653,589.294
wide-researcher-1786004856-4474f6d432fb,193.693,458.508
reviewer-1786004856-c197ce369283,193.710,630.840
deep-researcher-1786004856-0aa940207984,193.760,426.287
data-analyst-1786004783-0e9696cd0a31,193.774,193.774
data-analyst-1786004856-4cc3f813b36c,193.805,675.496
wide-researcher-1786004856-122f32011789,193.846,391.182
data-analyst-1786004783-319738ae3d23,193.856,193.857
reviewer-1786004856-77a445d083dc,193.934,408.876
data-analyst-1786004803-45e8c5c87710,193.935,254.137
data-analyst-1786004799-e914f23d731b,193.971,247.633
deep-researcher-1786004856-41509cf0ee3d,193.984,364.332
data-analyst-1786004856-23717dba198f,194.049,670.625
wide-researcher-1786004856-601b07961319,194.066,591.261
reviewer-1786004857-af977ec53aed,194.112,611.705
deep-researcher-1786004857-8fd8dc3f6ff5,194.142,335.405
data-analyst-1786004857-948c39b13291,194.179,608.688
wide-researcher-1786004857-51a97b53f47a,194.204,476.078
reviewer-1786004857-251e6410be4d,194.231,525.345
deep-researcher-1786004857-09b1b9a5ae5c,194.281,351.369
data-analyst-1786004780-2d46a819e6a1,194.387,251.797
data-analyst-1786004857-8a0e54a36d87,194.434,545.391
wide-researcher-1786004857-0c9d22b3b89f,194.467,369.060
reviewer-1786004857-82006483475f,194.620,528.259
deep-researcher-1786004857-bc30f3d6edd9,194.671,473.196
data-analyst-1786004857-ba1544005b57,194.727,675.957
data-analyst-1786004803-1d0e677c3dd5,194.728,257.306
wide-researcher-1786004857-641649de3de2,194.791,600.354
reviewer-1786004857-f1c81497e6af,194.836,677.217
deep-researcher-1786004857-72d9ea7d3a85,194.903,706.122
data-analyst-1786004857-0916c744a93e,194.969,636.851
wide-researcher-1786004857-d241d6393538,195.007,491.632
reviewer-1786004857-d8ae03e39583,195.150,574.482
deep-researcher-1786004858-b082f5726a58,195.202,488.382
data-analyst-1786004810-e8a6ac23fb0e,195.211,248.535
data-analyst-1786004858-47060d394627,195.219,652.672
data-analyst-1786004810-d3875a505d2b,195.229,248.781
wide-researcher-1786004858-dea44dd45f9f,195.299,695.421
reviewer-1786004858-8f88c2234226,195.328,586.564
deep-researcher-1786004858-585152f2940a,195.384,374.937
data-analyst-1786004858-6fbf6ccad9b4,195.459,671.657
wide-researcher-1786004858-1aef36160e90,195.487,645.736
reviewer-1786004858-8673fe0dafe7,195.504,673.896
data-analyst-1786004778-780d42d54c20,195.537,249.550
deep-researcher-1786004858-82faa7481fa6,195.582,402.042
data-analyst-1786004810-187b976935c1,195.625,250.040
data-analyst-1786004858-674da16515b1,195.634,648.206
data-analyst-1786004810-983364c2624f,195.643,359.588
wide-researcher-1786004858-8cec3263892b,195.652,679.816
reviewer-1786004858-2fa0810d55ac,195.680,673.864
deep-researcher-1786004858-be9862e0750e,195.716,475.795
data-analyst-1786004858-0acc6527858a,195.782,601.165
data-analyst-1786004766-49f19c90249b,195.786,195.787
data-analyst-1786004791-b6ddb80c49be,195.799,195.800
data-analyst-1786004765-41033bf3de12,195.812,195.812
wide-researcher-1786004858-69cbba027a8b,195.824,481.379
data-analyst-1786004795-faa526b6bad8,195.855,248.564
reviewer-1786004858-151b1158be82,195.935,627.712
data-analyst-1786004798-15057370fb59,195.944,195.944
data-analyst-1786004803-3102b5e97953,195.957,195.957
deep-researcher-1786004858-87746393237d,195.971,368.059
data-analyst-1786004858-cb9c20ac46f2,196.039,590.186
wide-researcher-1786004858-16b188aea494,196.130,420.699
data-analyst-1786004791-d60f5d1fa041,196.161,196.162
reviewer-1786004859-31f444ebad85,196.174,612.973
data-analyst-1786004805-5c9d41cea234,196.178,196.178
deep-researcher-1786004859-28e11509cd58,196.222,357.138
data-analyst-1786004788-430f4cead07b,196.242,196.242
data-analyst-1786004859-151fbd715bf9,196.259,600.430
wide-researcher-1786004859-1abb4423687b,196.338,357.484
reviewer-1786004859-e93a910f5d2f,196.360,590.856
deep-researcher-1786004859-2b4855e44288,196.402,362.535
data-analyst-1786004859-fd41f6cd5328,196.479,590.490
wide-researcher-1786004859-5a8dbf2e5806,196.508,618.399
reviewer-1786004859-bdd97463925f,196.551,608.208
data-analyst-1786004804-f919431e102f,196.622,196.623
deep-researcher-1786004859-eb1b3ad4d310,196.666,474.874
data-analyst-1786004859-14447c0dcbec,196.713,693.843
wide-researcher-1786004859-cb44d6c64f2b,196.749,590.144
reviewer-1786004859-037e953448af,196.776,520.359
deep-researcher-1786004859-ded76e6b870f,196.845,361.452
data-analyst-1786004859-607af499675c,196.895,595.808
wide-researcher-1786004859-a62cb2ee9b6b,196.920,614.517
reviewer-1786004859-b7740cd94064,196.976,671.840
data-analyst-1786004804-64513811c392,196.986,196.986
deep-researcher-1786004859-5baec0148a04,197.064,702.066
data-analyst-1786004860-c72eaf242e0e,197.117,614.386
data-analyst-1786004799-8dd0a2dd0e37,197.127,197.128
wide-researcher-1786004860-47027db996c6,197.159,607.527
reviewer-1786004860-446666eb3b1a,197.203,622.633
deep-researcher-1786004860-b6e45aab8045,197.256,371.281
data-analyst-1786004860-d869d5691ea4,197.302,681.684
data-analyst-1786004782-bbea951a0f3f,197.311,197.312
wide-researcher-1786004860-3ca94842089f,197.339,369.823
data-analyst-1786004811-482b1c1f1e21,197.420,256.736
reviewer-1786004860-52de9f208fb6,197.443,606.705
data-analyst-1786004774-a9a74ae37326,197.452,197.452
deep-researcher-1786004860-34fdc4bcccd5,197.475,615.494
data-analyst-1786004860-0991ed652b6b,197.687,523.069
wide-researcher-1786004860-12406ba8bb38,197.704,373.737
data-analyst-1786004796-9db1f01048b3,197.724,197.725
reviewer-1786004860-63090d28f8a4,197.759,629.065
deep-researcher-1786004860-807f4da52b05,197.852,642.556
data-analyst-1786004860-629e55da64c1,197.870,621.581
wide-researcher-1786004860-36c4a3478d23,197.913,379.631
reviewer-1786004860-c913b5f6d61e,197.929,698.575
data-analyst-1786004789-09af2fff66d7,197.953,197.953
deep-researcher-1786004860-33130de66cc0,198.028,477.828
data-analyst-1786004811-64e3a4e0a108,198.028,258.713
data-analyst-1786004861-322a00fe4096,198.063,610.098
wide-researcher-1786004861-c49af0429c2d,198.085,588.791
data-analyst-1786004782-d8e81a2ac675,198.152,198.152
data-analyst-1786004784-c4ca47e3da6b,198.166,198.166
reviewer-1786004861-a3eefcaa13d4,198.194,665.053
deep-researcher-1786004861-9e314aedbe4b,198.297,475.957
data-analyst-1786004861-df07895748ce,198.349,590.378
wide-researcher-1786004861-53b3183e9199,198.368,365.250
reviewer-1786004861-33c7832ca951,198.486,500.957
deep-researcher-1786004861-b0aba986f0fa,198.537,376.225
data-analyst-1786004861-1c1776397eac,198.573,664.965
wide-researcher-1786004861-b437b3e1b578,198.603,498.041
reviewer-1786004861-95cad09e445a,198.659,611.498
deep-researcher-1786004861-a2de112d6de5,198.709,476.775
data-analyst-1786004782-0e5a6a0b7038,198.719,248.862
data-analyst-1786004778-6705a4c607c3,198.732,251.980
data-analyst-1786004861-7a166b28422a,198.741,616.376
wide-researcher-1786004861-a507f2fa676e,198.770,589.124
reviewer-1786004861-f7a439add19f,198.800,631.404
data-analyst-1786004806-ac1200bff306,198.923,198.923
deep-researcher-1786004861-97a418dfca92,198.968,389.947
data-analyst-1786004861-b4adf2b3ec72,198.986,673.028
wide-researcher-1786004861-2c8aa0d75bf6,199.065,611.339
reviewer-1786004861-4a09f7d610d0,199.163,624.987
deep-researcher-1786004862-f548be77a622,199.215,590.435
data-analyst-1786004862-07bf55803dc5,199.285,504.146
wide-researcher-1786004862-7dd9cdc05e0f,199.327,589.486
reviewer-1786004862-20e3425af50e,199.370,647.266
deep-researcher-1786004862-49f1b95deea9,199.436,377.544
data-analyst-1786004862-9515e07e793f,199.453,700.403
data-analyst-1786004803-65bffce89b62,199.486,246.960
data-analyst-1786004791-fa6eaab4af95,199.503,199.504
wide-researcher-1786004862-c4db3fd6e79d,199.548,481.865
data-analyst-1786004810-dcf21d0147ea,199.654,248.829
reviewer-1786004862-3d1bbd7156cc,199.691,681.270
deep-researcher-1786004862-15f4e4748548,199.723,421.663
data-analyst-1786004862-cbd5af8bd348,199.756,599.834
wide-researcher-1786004862-c4a7e5d88307,199.817,370.554
reviewer-1786004862-79f3c7f3d888,199.862,586.729
deep-researcher-1786004862-a906276e6ca4,199.909,376.585
data-analyst-1786004862-151fea1fc393,199.946,687.773
data-analyst-1786004787-41bc4e4a6b4a,199.996,199.996
wide-researcher-1786004862-4b622df20d9a,200.010,605.461
reviewer-1786004863-1bc9f17c3dea,200.038,649.814
deep-researcher-1786004863-68015cd7ea82,200.087,496.930
data-analyst-1786004812-22b41afef6f0,200.103,256.801
data-analyst-1786004863-9b7083cd90ae,200.116,626.189
wide-researcher-1786004863-0f1ae217b3c6,200.144,609.239
reviewer-1786004863-fd4dfd919b6d,200.172,608.338
deep-researcher-1786004863-49ac6eba00dd,200.229,368.157
data-analyst-1786004863-bf71e881ceb9,200.247,691.917
wide-researcher-1786004863-69842688b436,200.309,549.786
reviewer-1786004863-772e6718252f,200.361,511.131
data-analyst-1786004812-e3160f530db8,200.429,255.406
data-analyst-1786004806-0acb55fc6e53,200.444,200.444
data-analyst-1786004806-c14335810d41,200.458,200.458
deep-researcher-1786004863-ec8fdad6fc85,200.476,374.616
data-analyst-1786004863-306f0e58e99a,200.493,595.419
wide-researcher-1786004863-2992135e15cf,200.512,494.125
reviewer-1786004863-d135ce343ec9,200.565,595.880
data-analyst-1786004806-c6784548f28e,200.588,200.589
deep-researcher-1786004863-f64e7066452e,200.670,475.502
data-analyst-1786004767-9e662ea03b58,200.684,200.684
data-analyst-1786004788-2baf34aea9d1,200.697,256.923
data-analyst-1786004863-73fb3b8fd20e,200.776,678.439
wide-researcher-1786004863-ba7bf91259e4,200.841,395.298
reviewer-1786004863-e12cc3360331,200.941,674.953
deep-researcher-1786004863-57781cd822d5,201.049,332.641
data-analyst-1786004863-fcc4f539b545,201.120,542.089
wide-researcher-1786004863-fbaf560e48c2,201.212,379.119
reviewer-1786004864-83fed50038cd,201.235,671.576
deep-researcher-1786004864-9bbccd41edfd,201.274,608.771
data-analyst-1786004864-53c4088ab86d,201.305,618.209
wide-researcher-1786004864-da111d90ed79,201.385,619.899
reviewer-1786004864-c8bafb02aed3,201.418,608.520
deep-researcher-1786004864-b4ededa12ea4,201.464,377.435
data-analyst-1786004864-27e8d26ce8b5,201.497,699.789
wide-researcher-1786004864-0eb016d4c467,201.516,515.939
data-analyst-1786004806-a87770da5e03,201.528,201.529
reviewer-1786004864-b5b4506f4c1c,201.562,597.098
deep-researcher-1786004864-5accb98e7d31,201.603,483.582
data-analyst-1786004797-5a2b62163122,201.604,201.607
data-analyst-1786004864-7c212c566a66,201.630,620.476
wide-researcher-1786004864-864c80f046d9,201.657,379.167
reviewer-1786004864-03d01ef2bc89,201.695,619.750
data-analyst-1786004784-2a7b68828147,201.756,251.537
deep-researcher-1786004864-d6c9418e61d6,201.782,483.519
data-analyst-1786004864-293352816aee,201.816,645.697
wide-researcher-1786004864-2dc37afaffa7,201.835,385.706
data-analyst-1786004790-17de2a69ddd1,201.835,252.796
reviewer-1786004864-a3840a5adc2c,201.860,686.777
data-analyst-1786004783-3a2e4e95b47e,201.921,201.921
deep-researcher-1786004864-2cce83d6d2de,201.989,640.629
data-analyst-1786004806-1c6c10280273,201.998,201.998
data-analyst-1786004864-89a6487a769d,202.010,612.466
wide-researcher-1786004864-98f2abf29567,202.090,374.654
reviewer-1786004865-c80e78cc2806,202.152,677.982
data-analyst-1786004786-2daca27c48e6,202.152,202.156
data-analyst-1786004799-bda1529aa456,202.169,202.169
deep-researcher-1786004865-f6f98ef5ea4d,202.194,674.691
data-analyst-1786004801-b2335228cfc9,202.262,202.263
data-analyst-1786004865-21cf576871be,202.288,694.488
wide-researcher-1786004865-fb05f69b7f92,202.309,614.452
data-analyst-1786004809-c8f585381b2f,202.338,202.339
reviewer-1786004865-e518c92ecb3f,202.344,671.984
data-analyst-1786004791-0fa43ae4dc12,202.357,202.357
data-analyst-1786004794-c64498eccd49,202.372,202.373
data-analyst-1786004802-af5c730bd171,202.387,202.387
data-analyst-1786004786-c4583a16c75e,202.403,202.403
data-analyst-1786004795-67ec539164c8,202.417,202.418
deep-researcher-1786004865-ce4ec58b6ebf,202.445,363.136
data-analyst-1786004765-2738eb9ddf3d,202.449,202.450
data-analyst-1786004865-365194044a5c,202.462,623.185
wide-researcher-1786004865-d95f4d6842f6,202.554,360.978
reviewer-1786004865-2d3fd5df15f9,202.573,672.462
data-analyst-1786004798-e5764cb05204,202.598,202.599
deep-researcher-1786004865-11f809f9a094,202.622,488.831
data-analyst-1786004811-90d0d493c26e,202.631,248.027
data-analyst-1786004865-6b7f8ee5ac30,202.640,587.254
data-analyst-1786004782-10c6adfa45e0,202.654,202.654
data-analyst-1786004788-38169aa8e88c,202.667,202.667
data-analyst-1786004778-b55508e56c4d,202.713,255.243
wide-researcher-1786004865-674899848452,202.743,397.010
reviewer-1786004865-ada0aa828f24,202.760,673.085
deep-researcher-1786004865-9a68bc3b39da,202.819,675.327
data-analyst-1786004811-ef8e89e81283,202.836,253.028
data-analyst-1786004810-7d6668cd5c18,202.855,253.468
data-analyst-1786004865-cec7cfd913cc,202.936,592.090
wide-researcher-1786004865-7baf113f11f3,202.971,482.637
data-analyst-1786004804-f0c43bf0909c,202.976,252.969
reviewer-1786004865-c436f51806be,203.006,634.472
deep-researcher-1786004865-94c8f756dc25,203.077,612.540
data-analyst-1786004866-7348553bb570,203.112,663.139
wide-researcher-1786004866-5cee3000204b,203.192,451.597
data-analyst-1786004810-77222f5cff3b,203.210,252.896
reviewer-1786004866-1a349ddd8290,203.214,618.480
data-analyst-1786004790-6d340854ce69,203.231,252.844
deep-researcher-1786004866-b3ade84a1394,203.289,376.049
data-analyst-1786004866-91f807b7be70,203.344,696.237
data-analyst-1786004780-869448860695,203.365,203.365
wide-researcher-1786004866-b8aa149a1872,203.393,381.786
data-analyst-1786004811-0f97c6f9ce60,203.394,253.739
reviewer-1786004866-4ca061e959d8,203.480,668.420
deep-researcher-1786004866-158287c12d1d,203.513,680.280
data-analyst-1786004866-fe32ee7819c7,203.583,706.748
wide-researcher-1786004866-5abbb1425037,203.672,497.280
reviewer-1786004866-e6dce28825be,203.705,608.414
deep-researcher-1786004866-ea99908971db,203.801,655.029
data-analyst-1786004866-6b38a482f6cf,203.820,602.657
wide-researcher-1786004866-c9382143b772,203.847,594.186
reviewer-1786004866-16f38b9154d0,203.866,597.194
deep-researcher-1786004866-a83c9d73e43f,203.960,609.157
data-analyst-1786004866-24ac63fa0d21,203.977,612.176
wide-researcher-1786004866-6fd4e0283ca4,204.026,491.570
reviewer-1786004867-fd3120200119,204.072,615.813
deep-researcher-1786004867-101c91420f20,204.130,480.386
data-analyst-1786004867-e713a4799de9,204.148,599.651
data-analyst-1786004784-b7ef5bfb0306,204.172,249.878
wide-researcher-1786004867-1cf25fac9bc2,204.255,508.823
reviewer-1786004867-e40a4d9b7e86,204.273,675.363
deep-researcher-1786004867-60a064c5ff28,204.331,374.153
data-analyst-1786004867-02414c322fdc,204.440,627.357
wide-researcher-1786004867-e429a519f406,204.480,436.890
reviewer-1786004867-a31e1d2fe4e3,204.530,638.235
deep-researcher-1786004867-482dd52a4ead,204.571,497.177
data-analyst-1786004765-103f105ddcf4,204.581,204.582
data-analyst-1786004867-18d1b6b8e0ad,204.625,674.443
wide-researcher-1786004867-a192563f7a51,204.676,365.330
reviewer-1786004867-b2d9edd962a2,204.718,623.204
data-analyst-1786004802-b371c080ccf5,204.750,252.288
deep-researcher-1786004867-f90ba4113e6e,204.811,362.868
data-analyst-1786004867-b204c2bc7345,204.837,691.414
wide-researcher-1786004867-6b9de686e318,204.855,377.489
reviewer-1786004867-d9048e17d25a,204.895,677.781
deep-researcher-1786004867-7be57bb8aa4e,204.993,500.603
data-analyst-1786004867-dcbb06760374,205.166,705.995
wide-researcher-1786004867-b966c211b1e8,205.192,367.954
reviewer-1786004868-5428b337b673,205.217,520.446
deep-researcher-1786004868-4283a06e64ed,205.323,671.538
data-analyst-1786004868-644a1606d622,205.344,637.006
wide-researcher-1786004868-94af6362fb1d,205.369,369.024
data-analyst-1786004774-3d9675b4c941,205.380,205.381
reviewer-1786004868-b64d76b38f7b,205.396,624.910
data-analyst-1786004810-adbb4b91996b,205.444,252.827
deep-researcher-1786004868-e370027c94b0,205.463,671.051
data-analyst-1786004868-b7e30bffc2d2,205.485,604.657
wide-researcher-1786004868-221a8c4c77b2,205.540,591.596
data-analyst-1786004777-4e232ee442f0,205.570,205.570
reviewer-1786004868-9ad0c696a6bc,205.608,597.610
deep-researcher-1786004868-9da7e050159e,205.660,621.319
data-analyst-1786004808-486a5f2b77b6,205.709,205.710
data-analyst-1786004868-0f4f0c16fc44,205.751,589.767
wide-researcher-1786004868-6b962f2600e1,205.779,370.900
reviewer-1786004868-99dcca579476,205.798,543.473
deep-researcher-1786004868-3ee6e1d61b88,205.836,386.598
data-analyst-1786004868-d80f49635f76,205.994,492.003
wide-researcher-1786004868-bc6e7ac9a86f,206.040,363.226
reviewer-1786004868-cec59fca946b,206.085,625.789
deep-researcher-1786004868-d967265ebf61,206.136,577.563
data-analyst-1786004869-5d8aafcea988,206.198,635.453
wide-researcher-1786004869-b6a797bf6fac,206.224,359.902
reviewer-1786004869-0ddeb58b63cd,206.255,612.409
deep-researcher-1786004869-c447e933a91b,206.318,364.138
data-analyst-1786004869-ea30bca39a08,206.362,620.060
wide-researcher-1786004869-b0a380c2e1eb,206.397,613.489
data-analyst-1786004810-bf743075fd7f,206.433,254.690
data-analyst-1786004810-299a22526ab4,206.454,253.417
reviewer-1786004869-bf71bd56f730,206.502,694.375
deep-researcher-1786004869-335d47f86ac3,206.622,478.776
data-analyst-1786004869-b19f628e95d4,206.675,628.998
wide-researcher-1786004869-fb0c6ba71ddf,206.692,373.226
reviewer-1786004869-aef1d5301957,206.731,609.598
deep-researcher-1786004869-35b1250fc462,206.835,602.911
data-analyst-1786004869-733c3a737263,206.854,481.928
wide-researcher-1786004869-833a78b5ec84,206.882,595.433
reviewer-1786004869-29c5bea2e0f1,206.899,676.226
data-analyst-1786004779-4f7010d92ffc,206.946,254.241
data-analyst-1786004782-7e3d9f8617a7,206.960,249.077
deep-researcher-1786004869-3de02f19c16c,206.982,546.940
data-analyst-1786004869-b38bbe351e9d,207.047,699.727
wide-researcher-1786004870-8cf41f321f58,207.089,376.838
reviewer-1786004870-39c90d36fb7a,207.130,608.310
data-analyst-1786004812-2c3b635fd0da,207.208,249.767
deep-researcher-1786004870-d37b4ceaea44,207.258,691.171
data-analyst-1786004870-1a6a13de2306,207.284,690.766
wide-researcher-1786004870-f4a4a152e6fd,207.300,427.720
reviewer-1786004870-5f77c9b59552,207.318,705.946
data-analyst-1786004809-68041de7a871,207.335,248.264
data-analyst-1786004815-56696baafe50,207.490,256.674
deep-researcher-1786004870-4338ee498e6c,207.494,370.210
data-analyst-1786004870-15684fd96866,207.551,512.413
data-analyst-1786004815-b68f9be12f0d,207.551,295.947
wide-researcher-1786004870-19f7ab0c561d,207.585,673.784
reviewer-1786004870-b445165d405e,207.602,654.060
data-analyst-1786004809-def4a1425f72,207.606,247.983
deep-researcher-1786004870-6d073bfd2317,207.649,367.561
data-analyst-1786004809-49f5db348141,207.688,286.418
data-analyst-1786004870-6bc20b77f5bb,207.700,599.462
wide-researcher-1786004870-1cf882b4c49f,207.718,501.969
data-analyst-1786004810-172dd40cd21e,207.739,249.862
reviewer-1786004870-417cfacdc3a3,207.761,672.397
deep-researcher-1786004870-891ebcdbec55,207.817,678.000
data-analyst-1786004870-44515e87c8fb,207.874,649.434
wide-researcher-1786004870-dd812b74e35a,208.019,476.239
reviewer-1786004870-9b68155697ed,208.204,601.065
deep-researcher-1786004870-8f370ea78bca,208.244,484.269
data-analyst-1786004871-99b084709053,208.262,673.816
wide-researcher-1786004871-e7c5fa947d3e,208.323,669.571
reviewer-1786004871-3578b43e0cd6,208.361,700.698
deep-researcher-1786004871-02a100f0f6f1,208.417,415.023
data-analyst-1786004801-1d0ab2d53631,208.430,208.430
data-analyst-1786004871-17c6a10dbe7c,208.539,502.093
wide-researcher-1786004871-c25986a6fb08,208.564,674.356
reviewer-1786004871-98abff82e6f2,208.589,614.001
deep-researcher-1786004871-b02b2b3e11dd,208.635,377.101
data-analyst-1786004766-1a2ff86abf91,208.646,252.667
data-analyst-1786004871-061a61bdda32,208.655,687.721
wide-researcher-1786004871-6b7f9f078d23,208.784,379.104
reviewer-1786004871-4e877c34c9e6,208.802,615.102
deep-researcher-1786004871-4454961a9b60,208.832,476.552
data-analyst-1786004809-e76d695fa458,208.964,247.509
data-analyst-1786004871-62c25ada7c40,208.980,676.017
wide-researcher-1786004871-a9e26fad21ff,209.008,380.238
data-analyst-1786004810-74bf174eefc6,209.037,209.038
reviewer-1786004871-c7a77e0da07d,209.053,672.810
deep-researcher-1786004871-ff9173530c1d,209.108,364.154
data-analyst-1786004872-9621d4b35da3,209.124,618.319
wide-researcher-1786004872-e425bc04cacd,209.157,368.714
data-analyst-1786004794-61e0718a70f5,209.193,209.194
reviewer-1786004872-0749bf6a484b,209.207,677.385
data-analyst-1786004812-27ed36be1abb,209.239,209.239
deep-researcher-1786004872-cf8dd5017ccb,209.279,360.241
data-analyst-1786004872-06d347c686a4,209.323,610.233
wide-researcher-1786004872-3507b7c4d157,209.368,607.437
reviewer-1786004872-98c6a3c62dbe,209.387,695.176
deep-researcher-1786004872-f51c69b54fcd,209.427,371.881
data-analyst-1786004872-a7fe9f8a3ddc,209.532,630.885
wide-researcher-1786004872-f3a320a675a0,209.607,369.938
reviewer-1786004872-e697cd5d280a,209.643,676.033
deep-researcher-1786004872-7ce54ca029ff,209.709,379.696
data-analyst-1786004872-a11d8373c7ac,209.728,629.312
wide-researcher-1786004872-9d2a7e88ce9f,209.756,373.798
reviewer-1786004872-0bb2bc1ade8a,209.782,501.641
deep-researcher-1786004872-16437e2c72ef,209.838,378.255
data-analyst-1786004872-730f3a2e47d9,209.869,697.713
wide-researcher-1786004872-6c739b05b54b,209.898,491.761
reviewer-1786004872-b2f9b4880dd7,209.979,670.152
deep-researcher-1786004872-b8fd5691a6af,210.078,589.798
data-analyst-1786004873-ff563df47584,210.118,577.250
wide-researcher-1786004873-072eaa47fb5f,210.148,420.530
reviewer-1786004873-692e5db28fcc,210.166,597.126
deep-researcher-1786004873-4ee1433014c4,210.328,458.245
data-analyst-1786004873-fb7d998b9828,210.347,681.838
data-analyst-1786004783-054f682ae42d,210.453,210.453
wide-researcher-1786004873-7a8c32fafeb7,210.457,369.753
reviewer-1786004873-caf927cc0784,210.491,645.660
data-analyst-1786004816-49defcad21aa,210.552,314.363
deep-researcher-1786004873-e5013805b3d0,210.560,495.748
data-analyst-1786004816-5d45f11ced02,210.564,249.924
data-analyst-1786004873-407fc09b2fcc,210.576,621.101
data-analyst-1786004816-4a8d9e717945,210.577,258.574
wide-researcher-1786004873-e25c9eec900f,210.609,474.667
reviewer-1786004873-8d42589b8708,210.625,674.464
deep-researcher-1786004873-dc862b84c28e,210.721,669.943
data-analyst-1786004810-21c78740640d,210.731,249.232
data-analyst-1786004800-22600fa884de,210.765,260.235
data-analyst-1786004801-1dd7843c87fe,210.783,210.783
data-analyst-1786004873-b89a6811e94e,210.795,498.058
wide-researcher-1786004873-64ea5fde6d04,210.839,678.158
reviewer-1786004873-f5517d9f1103,210.880,639.165
deep-researcher-1786004873-885f1e561d92,210.910,424.909
data-analyst-1786004814-44f582c6829d,210.985,246.823
data-analyst-1786004873-776074eb6a21,211.030,608.160
wide-researcher-1786004873-14420819b521,211.119,507.279
reviewer-1786004874-1f4b12d8f988,211.156,622.038
deep-researcher-1786004874-bb43d2cf1d7c,211.204,492.169
data-analyst-1786004874-4f773879c513,211.236,611.719
data-analyst-1786004798-4d7442aee44b,211.240,254.995
data-analyst-1786004811-3ecea091d81c,211.257,211.257
wide-researcher-1786004874-117f69c88837,211.265,596.130
data-analyst-1786004766-2aa93527aced,211.315,211.315
reviewer-1786004874-559f48403ff2,211.377,684.876
deep-researcher-1786004874-dfc7107baccf,211.438,488.924
data-analyst-1786004874-1c080d59697d,211.494,623.744
data-analyst-1786004771-43ace9a3186b,211.558,211.558
wide-researcher-1786004874-43b23c73bd59,211.590,476.047
reviewer-1786004874-53a436541dfb,211.622,675.183
deep-researcher-1786004874-86ad57e5736f,211.661,483.981
data-analyst-1786004874-4efe68ad48b0,211.678,500.448
wide-researcher-1786004874-623c4083a560,211.695,473.166
reviewer-1786004874-61ad1f14c7f4,211.823,608.491
deep-researcher-1786004874-603dcbe95e94,211.863,539.654
data-analyst-1786004874-2dc38480bc88,211.936,615.053
wide-researcher-1786004874-f8d170ac7c70,211.963,365.300
reviewer-1786004874-77c2c54ca883,212.005,586.111
deep-researcher-1786004875-1d949e4f5ea7,212.066,375.196
data-analyst-1786004875-39a6888408f2,212.083,696.091
data-analyst-1786004816-48f0e2592e1a,212.115,259.078
wide-researcher-1786004875-41bac6eb43e0,212.120,456.691
data-analyst-1786004816-a9b373a30c06,212.132,249.338
reviewer-1786004875-c96df8d9d3ed,212.136,619.649
data-analyst-1786004816-6691435f2e64,212.148,254.448
deep-researcher-1786004875-2140fc4156c7,212.234,589.571
data-analyst-1786004875-b8990ee02cc2,212.305,619.386
data-analyst-1786004812-b381e269a9d8,212.318,256.017
wide-researcher-1786004875-ecaf21f7e1a8,212.351,502.430
reviewer-1786004875-bd643f4a919f,212.399,612.227
deep-researcher-1786004875-b04bdbedf3f1,212.448,481.178
data-analyst-1786004812-d6a9820e3c89,212.448,247.646
data-analyst-1786004810-8222689bceca,212.543,255.115
data-analyst-1786004875-1f1b34ff8999,212.627,684.551
wide-researcher-1786004875-aff5e2f7112c,212.671,505.957
reviewer-1786004875-e02d5fc2fa40,212.714,678.287
data-analyst-1786004812-756bdf9f18a9,212.746,250.602
deep-researcher-1786004875-bf791e731a64,212.755,617.118
data-analyst-1786004875-8a4ac0362686,212.782,602.811
wide-researcher-1786004875-36b9c4cd1093,212.807,428.406
reviewer-1786004875-1d466a103a26,212.899,674.278
deep-researcher-1786004875-5cebbf911e85,213.007,696.400
data-analyst-1786004875-d5e8c0bb1638,213.078,634.084
wide-researcher-1786004875-6093f552a246,213.104,602.045
reviewer-1786004876-e94fa0e6b621,213.133,669.715
deep-researcher-1786004876-27993f572170,213.173,488.592
data-analyst-1786004876-888d81138d76,213.203,696.275
data-analyst-1786004787-81229b10a54e,213.294,254.419
wide-researcher-1786004876-7f67d23729d9,213.298,372.800
data-analyst-1786004784-7623d9b47118,213.312,247.222
data-analyst-1786004783-fd614bbf4419,213.326,246.993
reviewer-1786004876-7de9b0eb2bfe,213.334,609.116
deep-researcher-1786004876-50b17ee3c0cb,213.375,672.668
data-analyst-1786004876-6f6732b882ba,213.449,598.996
wide-researcher-1786004876-ba9975ebfd67,213.533,489.779
data-analyst-1786004815-7d46983acfd8,213.565,249.786
reviewer-1786004876-170dc7f4d9df,213.569,684.590
deep-researcher-1786004876-0185ee82c21a,213.628,427.169
data-analyst-1786004876-77548eb698f4,213.666,674.057
wide-researcher-1786004876-349e429dcbe2,213.746,611.861
data-analyst-1786004810-ac4c453fabc1,213.801,213.802
reviewer-1786004876-c97d043f1bd6,213.818,609.584
deep-researcher-1786004876-56c96cb055ff,213.857,360.715
data-analyst-1786004812-6e3ca462edc9,213.897,213.897
data-analyst-1786004876-b8e84cf5992b,213.901,501.728
wide-researcher-1786004876-143625fc1f04,213.923,486.084
reviewer-1786004876-5e13bbfc348a,213.959,688.867
data-analyst-1786004814-d4ad5892192c,214.040,248.278
deep-researcher-1786004876-8e9d74a0640e,214.056,366.066
data-analyst-1786004811-a4a3385c3b2b,214.060,214.061
data-analyst-1786004877-568b0cfaeaf0,214.123,702.893
wide-researcher-1786004877-ed7fe46c7988,214.152,499.925
reviewer-1786004877-cef4fb82e46c,214.190,654.981
deep-researcher-1786004877-d01676069713,214.245,365.315
data-analyst-1786004803-185278bb4b15,214.255,214.256
data-analyst-1786004877-4a204c640d02,214.289,670.528
wide-researcher-1786004877-3a41bc213dd3,214.319,371.376
reviewer-1786004877-6ed977a074a1,214.357,678.394
deep-researcher-1786004877-825c2442580e,214.420,697.260
data-analyst-1786004877-b7b164cd4d77,214.468,647.521
wide-researcher-1786004877-50e7f9e4c045,214.595,388.274
reviewer-1786004877-0097e646c6da,214.623,671.871
deep-researcher-1786004877-5e75d2f8ad64,214.664,593.552
data-analyst-1786004877-5911e16134d4,214.720,594.958
data-analyst-1786004815-9d496c22a3da,214.767,250.026
data-analyst-1786004804-1662054cfd6b,214.784,254.871
wide-researcher-1786004877-205ffef6fb6c,214.838,602.149
reviewer-1786004877-0d2668074ae8,214.881,681.088
deep-researcher-1786004877-de7ca7192f54,214.953,373.076
data-analyst-1786004877-12f41025787e,214.971,520.114
wide-researcher-1786004877-905a988a2254,215.040,594.357
reviewer-1786004878-8528d310afb1,215.082,629.201
data-analyst-1786004808-be85846c353b,215.115,248.341
deep-researcher-1786004878-2e3209720fb6,215.141,372.601
data-analyst-1786004878-33a74440f6df,215.166,702.876
data-analyst-1786004804-e7f21c593c44,215.229,215.229
wide-researcher-1786004878-5fe9f27ca323,215.237,684.510
reviewer-1786004878-36220f36b754,215.325,690.851
deep-researcher-1786004878-cde3167bc327,215.375,476.107
data-analyst-1786004878-8acb640a3df8,215.401,592.274
data-analyst-1786004774-c8555177d737,215.457,255.053
wide-researcher-1786004878-056ce6207fb8,215.465,497.865
data-analyst-1786004765-b0a7b7283f94,215.478,262.113
reviewer-1786004878-c92acc44df50,215.486,634.875
data-analyst-1786004817-39820a98d5a9,215.550,247.586
deep-researcher-1786004878-8f02e7a2a1ab,215.563,476.194
data-analyst-1786004878-92421e47a0a0,215.651,664.861
wide-researcher-1786004878-cc9f79e3a948,215.692,357.658
reviewer-1786004878-ee34a16caf3d,215.713,605.620
data-analyst-1786004780-b7621a99f959,215.737,215.738
deep-researcher-1786004878-c6c0a91c8ab8,215.755,432.378
data-analyst-1786004878-579f992d4ed6,215.784,615.085
data-analyst-1786004801-61fa5baedf7c,215.851,251.714
wide-researcher-1786004878-edca54bf8646,215.874,393.586
reviewer-1786004878-ebfa03bf7738,215.928,529.142
data-analyst-1786004800-3a5f20cf6acb,215.951,215.951
deep-researcher-1786004878-5d8ded3642f7,216.039,604.917
data-analyst-1786004878-434e6e52731c,216.102,599.268
wide-researcher-1786004879-8d2a385cf06c,216.129,477.182
reviewer-1786004879-633632c35734,216.146,590.696
deep-researcher-1786004879-6109f729f3a9,216.287,374.601
data-analyst-1786004879-cb7ddc6b8960,216.318,670.667
wide-researcher-1786004879-2837e0af525f,216.353,476.031
reviewer-1786004879-ff54698b05d4,216.406,639.347
deep-researcher-1786004879-f37c4c2c03ec,216.466,480.307
data-analyst-1786004879-2326b14c8be6,216.485,602.769
wide-researcher-1786004879-af70ebac24ef,216.554,622.402
reviewer-1786004879-33cd5974a7bf,216.612,698.303
deep-researcher-1786004879-3eb6fa4222e0,216.652,615.215
data-analyst-1786004879-0aa988708904,216.679,485.844
data-analyst-1786004788-a0047faf2b46,216.767,251.191
wide-researcher-1786004879-fa3fef836a43,216.771,596.861
reviewer-1786004879-c01ba560d4aa,216.842,629.560
data-analyst-1786004804-6bf364be00ba,216.856,216.856
deep-researcher-1786004879-0c036cba208c,216.884,375.507
data-analyst-1786004812-9f0020bc82f3,216.906,216.906
data-analyst-1786004879-ed47596f0331,216.940,615.399
wide-researcher-1786004879-1b7c57f86e6c,216.991,507.408
reviewer-1786004879-56a80b849091,217.010,586.096
deep-researcher-1786004880-da1917ac3cf3,217.074,366.099
data-analyst-1786004818-867443de019d,217.091,249.259
data-analyst-1786004818-ad7c3fb73901,217.105,248.583
data-analyst-1786004818-6c34c01dea12,217.121,248.440
data-analyst-1786004818-f660789b9f75,217.136,277.649
data-analyst-1786004880-bd7fea56537f,217.146,619.283
data-analyst-1786004818-63910b85d154,217.151,254.021
data-analyst-1786004818-b4a1d0147d01,217.165,248.643
data-analyst-1786004818-e5ae0b0f9b20,217.179,263.149
data-analyst-1786004818-72b67d88384c,217.192,258.457
data-analyst-1786004818-fcc244fe6716,217.205,251.937
wide-researcher-1786004880-e605295982ed,217.209,481.465
data-analyst-1786004818-9af026a95498,217.218,250.863
data-analyst-1786004818-9aae2ba8b4d4,217.231,255.517
reviewer-1786004880-73a48bf2400a,217.235,698.368
data-analyst-1786004818-dfef96af42a2,217.248,250.282
data-analyst-1786004818-737ab5658bc9,217.262,249.356
data-analyst-1786004818-84c59fa7e79c,217.276,250.374
data-analyst-1786004808-2061bb2ca691,217.290,217.291
deep-researcher-1786004880-87e1848c1b82,217.296,700.310
data-analyst-1786004818-8d6802ea7adb,217.391,254.710
data-analyst-1786004880-6064131dcc07,217.408,627.090
wide-researcher-1786004880-49e59469255f,217.434,362.926
reviewer-1786004880-646757be6367,217.451,683.860
deep-researcher-1786004880-cad83c7edd26,217.491,394.986
data-analyst-1786004880-0037735e9f08,217.549,606.595
wide-researcher-1786004880-a90a2f68237d,217.616,361.813
data-analyst-1786004803-55c17af71786,217.631,248.293
reviewer-1786004880-89e927e35734,217.644,694.657
data-analyst-1786004814-f9eae757efee,217.653,248.473
data-analyst-1786004814-8a400ac5efb6,217.701,253.772
deep-researcher-1786004880-701927264642,217.739,699.502
data-analyst-1786004880-9df2728ec4a4,217.802,614.831
wide-researcher-1786004880-6df6ba289df2,217.830,651.642
reviewer-1786004880-cf9f687df9ab,217.901,637.177
deep-researcher-1786004880-2740e178062d,217.975,479.044
data-analyst-1786004796-085f0a6509fb,217.985,217.986
data-analyst-1786004804-6342da93c02f,218.000,218.000
data-analyst-1786004880-74e45ae2ea38,218.000,619.915
wide-researcher-1786004880-90a35378d2a4,218.071,494.932
data-analyst-1786004808-d6a187506108,218.102,252.733
reviewer-1786004881-7344770a5688,218.121,703.236
data-analyst-1786004800-22514a556c14,218.126,250.801
deep-researcher-1786004881-608dba26ca0d,218.191,664.846
data-analyst-1786004881-1558d7d2fc17,218.259,682.820
wide-researcher-1786004881-42a978ea148f,218.288,589.558
reviewer-1786004881-d43fe6b10993,218.361,606.627
deep-researcher-1786004881-1fbcf26ad62e,218.456,691.272
data-analyst-1786004881-cf253f5efd43,218.490,672.081
wide-researcher-1786004881-16d84274f0c9,218.519,457.956
reviewer-1786004881-6d290cef75eb,218.539,594.693
deep-researcher-1786004881-95fb37f91cab,218.590,430.060
data-analyst-1786004805-fac77d7b00af,218.612,218.612
data-analyst-1786004881-50b073eaba41,218.647,625.019
wide-researcher-1786004881-384d25390769,218.711,608.973
reviewer-1786004881-f7e96a2fcc0d,218.730,487.401
deep-researcher-1786004881-c31731f46005,218.805,479.275
data-analyst-1786004881-f994e866612a,218.911,610.340
wide-researcher-1786004881-b17e8b538479,218.956,603.373
reviewer-1786004881-b7e4b02c4e97,218.979,598.857
data-analyst-1786004818-fe134f32b84e,219.023,254.932
deep-researcher-1786004881-6c745aa18fdd,219.061,693.617
data-analyst-1786004882-d7603daaf163,219.124,628.450
wide-researcher-1786004882-881e1ec8d0fa,219.162,490.963
data-analyst-1786004797-bcda8e905abe,219.215,219.216
reviewer-1786004882-c15537b7e75a,219.252,617.656
deep-researcher-1786004882-aaf781cd66e3,219.306,489.567
data-analyst-1786004882-d010613604f9,219.346,694.304
wide-researcher-1786004882-43b8f8a766c7,219.409,609.666
data-analyst-1786004814-f9f1b1625f80,219.427,219.427
reviewer-1786004882-62d854e093a6,219.510,605.723
data-analyst-1786004765-9a1d20db87fe,219.568,219.569
deep-researcher-1786004882-a76d9bab9d4c,219.584,602.484
data-analyst-1786004882-823bf5505c12,219.609,652.225
wide-researcher-1786004882-baaf681ed872,219.649,485.362
data-analyst-1786004804-e84b90310217,219.673,219.674
reviewer-1786004882-5932cac70f8a,219.678,622.301
data-analyst-1786004804-030ce0646e87,219.691,219.691
deep-researcher-1786004882-20b47687a80c,219.774,503.975
data-analyst-1786004882-be079b8297d4,219.841,592.203
wide-researcher-1786004882-d027527148d8,219.880,413.117
data-analyst-1786004799-977a1d2cb818,219.909,247.387
data-analyst-1786004800-aa28a871cc6e,219.928,247.617
reviewer-1786004882-3d1c087cb8f7,219.932,648.522
deep-researcher-1786004882-7646d50b5e66,219.993,703.620
data-analyst-1786004882-467a7fe716e6,220.010,679.549
wide-researcher-1786004883-bff542680e78,220.029,611.825
reviewer-1786004883-16ed231b81d6,220.046,701.806
data-analyst-1786004818-2acc8fe36716,220.074,250.615
data-analyst-1786004818-24f8bd642654,220.088,251.434
deep-researcher-1786004883-1e18e87c934c,220.294,376.572
data-analyst-1786004883-c2d5a5726b5d,220.333,508.427
wide-researcher-1786004883-7b4567e62a32,220.427,624.842
reviewer-1786004883-b24e8cecca10,220.456,698.774
data-analyst-1786004815-9746a79aa76f,220.476,250.543
deep-researcher-1786004883-1fed2fcde71e,220.489,645.212
data-analyst-1786004883-26a5bec24bc7,220.518,671.130
wide-researcher-1786004883-cfc360588583,220.573,395.067
reviewer-1786004883-619d574d87fe,220.634,695.511
deep-researcher-1786004883-ef114e08bad7,220.675,475.335
data-analyst-1786004883-3140d6b81ec5,220.737,591.686
wide-researcher-1786004883-7b5fb99cf699,220.774,628.388
reviewer-1786004883-83729d182c80,220.821,697.858
deep-researcher-1786004883-1bd396d7313e,220.886,674.372
data-analyst-1786004883-721a40a8351b,220.924,661.924
wide-researcher-1786004883-0e0f2531c04c,220.995,692.142
reviewer-1786004883-45fb05845940,221.026,612.454
deep-researcher-1786004884-cbeddbc3cf11,221.128,473.680
data-analyst-1786004884-6313773a1e1a,221.160,677.514
wide-researcher-1786004884-6837d689fb84,221.193,368.994
data-analyst-1786004789-3a640592bf98,221.243,248.009
data-analyst-1786004789-e210f6b3d7c1,221.257,248.813
data-analyst-1786004778-f677f0f16929,221.270,246.904
reviewer-1786004884-fb83b48aeb86,221.282,700.083
deep-researcher-1786004884-f8fe1cf48b56,221.369,483.104
data-analyst-1786004884-25eba99eb2bf,221.387,693.138
wide-researcher-1786004884-b6166fa33b01,221.448,609.747
reviewer-1786004884-1e318a40a0ec,221.507,688.638
deep-researcher-1786004884-3374825e22fb,221.549,629.218
data-analyst-1786004884-84e2e268b702,221.567,512.062
wide-researcher-1786004884-225c37d5e36d,221.744,360.481
reviewer-1786004884-66f261c5d19b,221.808,622.924
deep-researcher-1786004884-8653fdaf2536,221.986,475.856
data-analyst-1786004884-f4ad10a54908,222.005,596.630
wide-researcher-1786004884-aeae89256039,222.022,453.245
reviewer-1786004884-97e0ef5a30c5,222.087,675.400
deep-researcher-1786004885-79f65e5198cd,222.166,527.195
data-analyst-1786004885-135ca9871924,222.286,606.950
wide-researcher-1786004885-bc9c43d2ed6a,222.335,502.474
reviewer-1786004885-9ef92ce3d71c,222.400,587.142
deep-researcher-1786004885-f8d22510fe10,222.501,410.380
data-analyst-1786004885-e64abd8aa31c,222.518,663.927
wide-researcher-1786004885-d675288d2995,222.546,625.493
reviewer-1786004885-4c105b3ae014,222.592,624.454
data-analyst-1786004804-e3218aa3004e,222.593,222.597
deep-researcher-1786004885-8f8c7ecbc964,222.650,377.901
data-analyst-1786004885-8c5f9b5fb06b,222.678,621.239
wide-researcher-1786004885-3155a3bdf99f,222.712,680.222
data-analyst-1786004819-0d1018984b23,222.758,300.233
reviewer-1786004885-5594e1c91700,222.912,610.991
deep-researcher-1786004885-1a1e1f88b15d,222.957,675.238
data-analyst-1786004885-a00c882b5b4d,223.019,494.812
wide-researcher-1786004885-7780aa84107e,223.046,501.939
reviewer-1786004886-11c9d059d0d3,223.063,698.721
deep-researcher-1786004886-0f305369961f,223.239,494.556
data-analyst-1786004886-a451de066627,223.257,700.243
wide-researcher-1786004886-365721be3855,223.320,626.775
reviewer-1786004886-2aea2a5d521e,223.341,604.352
deep-researcher-1786004886-0fdb57cb6626,223.447,615.291
data-analyst-1786004886-16a877ad4357,223.476,698.431
wide-researcher-1786004886-8ed1af72de32,223.503,414.684
reviewer-1786004886-937bebc0b0f4,223.527,601.900
data-analyst-1786004819-86265d3d7b91,223.541,250.135
data-analyst-1786004819-ef22a01436a6,223.555,254.822
data-analyst-1786004819-a6ccc862bbc1,223.569,250.343
deep-researcher-1786004886-44a23b91baa9,223.607,671.595
data-analyst-1786004886-45c8b857532d,223.671,590.610
data-analyst-1786004819-6d44ca8aaf10,223.700,256.246
wide-researcher-1786004886-b259d4c91d23,223.765,593.131
reviewer-1786004886-602c125f7a6d,223.795,670.879
deep-researcher-1786004886-ed10ec96df61,223.836,487.738
data-analyst-1786004886-1f273145218b,223.916,557.769
data-analyst-1786004789-a54e69a38c96,223.966,249.802
wide-researcher-1786004886-513bab45b25b,224.029,375.597
reviewer-1786004886-4a80765783a7,224.068,666.484
data-analyst-1786004778-f5dd9ba883a0,224.108,224.108
deep-researcher-1786004886-94f545ad3ebc,224.109,491.482
data-analyst-1786004804-6eb4479f2a29,224.125,224.125
data-analyst-1786004887-b4db296d6ab4,224.158,694.111
wide-researcher-1786004887-fa8596c16c4e,224.194,695.709
reviewer-1786004887-952978f79bb5,224.235,581.023
deep-researcher-1786004887-57e5245c5c32,224.315,679.753
data-analyst-1786004887-ce8636eb0382,224.359,593.490
wide-researcher-1786004887-cfe68a993523,224.392,486.813
reviewer-1786004887-1fc29d0d804c,224.431,614.403
deep-researcher-1786004887-f6a9fec27ee3,224.469,526.959
data-analyst-1786004887-0b02fe354350,224.551,589.166
wide-researcher-1786004887-599ec1191f8a,224.577,487.370
reviewer-1786004887-3744f33312ba,224.595,632.818
deep-researcher-1786004887-be17a9bd3377,224.680,620.863
data-analyst-1786004887-cd38411835c7,224.751,674.606
wide-researcher-1786004887-c13191ca44ef,224.769,412.673
reviewer-1786004887-487f5f609286,224.811,686.053
deep-researcher-1786004887-76a3ce62b955,224.855,491.688
data-analyst-1786004887-737ad9f20208,224.919,597.678
wide-researcher-1786004887-a49e5151a2f6,225.020,678.235
reviewer-1786004887-313e2f98d06d,225.048,640.559
deep-researcher-1786004887-91e8d8d11e0e,225.101,675.028
data-analyst-1786004888-3e5b65ef8e52,225.178,706.234
wide-researcher-1786004888-1713b5e018c6,225.215,481.081
reviewer-1786004888-885f8e855ebb,225.268,670.759
deep-researcher-1786004888-e0af5a01cba5,225.310,669.982
data-analyst-1786004888-dec6ebfb1c82,225.328,620.628
wide-researcher-1786004888-bf08c1b4bf85,225.353,631.847
reviewer-1786004888-3234bdf9d800,225.418,696.969
deep-researcher-1786004888-f039da2cb581,225.539,479.182
data-analyst-1786004783-94a213423f04,225.554,260.553
data-analyst-1786004783-d9d8dc52f2fc,225.567,255.258
data-analyst-1786004888-896218a6c916,225.576,663.455
wide-researcher-1786004888-87b7916c5142,225.595,565.101
reviewer-1786004888-87efe22e9313,225.626,691.588
deep-researcher-1786004888-617695582c57,225.669,380.346
data-analyst-1786004888-c67214218578,225.697,618.099
wide-researcher-1786004888-74edd8f3600f,225.738,491.034
reviewer-1786004888-1d9cb74eb936,225.756,705.049
deep-researcher-1786004888-d36b8c6dd871,225.824,533.356
data-analyst-1786004888-c68e266d81f3,225.873,706.789
wide-researcher-1786004888-7e8c2dcdcd95,225.939,620.156
reviewer-1786004888-ee91d137cfb1,226.011,515.435
deep-researcher-1786004888-5b9f85bdccd9,226.054,482.381
data-analyst-1786004800-73fe449754fd,226.094,226.095
data-analyst-1786004889-c4a0c8e06721,226.098,640.066
wide-researcher-1786004889-d7365811a56a,226.119,624.320
reviewer-1786004889-8d0fd35da2ec,226.179,634.645
deep-researcher-1786004889-e06e3823ebcd,226.282,705.429
data-analyst-1786004800-023d106d2c4b,226.325,247.027
data-analyst-1786004889-48237479e1bb,226.329,601.855
wide-researcher-1786004889-d0b8d52317b6,226.444,673.688
reviewer-1786004889-8b35b5fb0ef8,226.496,591.968
deep-researcher-1786004889-41c56be19d23,226.567,478.761
data-analyst-1786004820-3366b91fa14d,226.586,250.588
data-analyst-1786004820-04922f2bb829,226.600,273.543
data-analyst-1786004889-b971da365735,226.634,609.773
wide-researcher-1786004889-c28a4ba6606b,226.681,379.953
reviewer-1786004889-9ad47672e0d1,226.787,625.839
deep-researcher-1786004889-e0422fa47e9e,226.837,515.569
data-analyst-1786004795-046e4c8e3ead,226.862,226.862
data-analyst-1786004889-a02c998061a4,226.921,677.231
wide-researcher-1786004889-0214c41375b6,227.050,622.702
reviewer-1786004889-841e8baf64fc,227.079,693.982
deep-researcher-1786004889-52c3f6063e4b,227.132,669.836
data-analyst-1786004890-1ace0a96751a,227.149,696.541
wide-researcher-1786004890-23ddd774bc39,227.214,377.616
reviewer-1786004890-0bfbe2efe352,227.243,496.800
data-analyst-1786004765-3758ecb56993,227.252,227.252
data-analyst-1786004789-5853119b7f61,227.267,227.267
deep-researcher-1786004890-780337837487,227.304,476.286
data-analyst-1786004890-83f65407d106,227.332,605.021
wide-researcher-1786004890-5bb7732730a4,227.379,500.925
reviewer-1786004890-5993fca6fb2a,227.414,596.920
deep-researcher-1786004890-09ca1140c0da,227.527,408.742
data-analyst-1786004890-b4f0c09820a5,227.575,613.124
wide-researcher-1786004890-65e601349a32,227.601,369.420
reviewer-1786004890-882460f96b98,227.621,670.402
deep-researcher-1786004890-731cc8b12052,227.705,372.382
data-analyst-1786004890-54debf650543,227.800,642.645
wide-researcher-1786004890-d20f0a1e2b22,227.835,494.483
reviewer-1786004890-ee4285d16102,227.874,673.299
data-analyst-1786004815-3c104c719466,227.927,227.927
deep-researcher-1786004890-e7766dfe5086,227.940,495.793
data-analyst-1786004890-198fbb4f25e8,227.959,658.532
data-analyst-1786004817-fcaf9651adce,228.009,249.293
wide-researcher-1786004890-d30cf65c07d6,228.076,531.905
reviewer-1786004891-8b6fcfa3de1c,228.095,642.185
deep-researcher-1786004891-cb9ceffe0164,228.145,379.521
data-analyst-1786004817-6885252ec10b,228.247,252.112
data-analyst-1786004891-12c0b6ceea3b,228.297,692.413
wide-researcher-1786004891-976fb16b88cf,228.344,482.897
reviewer-1786004891-81b5b1f7c437,228.380,680.019
deep-researcher-1786004891-4a284af4c272,228.431,625.070
data-analyst-1786004891-08ac7c271203,228.448,661.068
wide-researcher-1786004891-255154d6611c,228.564,424.895
reviewer-1786004891-a17d13e92eef,228.591,675.013
data-analyst-1786004820-eb4d35e7c180,228.606,250.893
data-analyst-1786004820-143dc24bb4c8,228.620,248.390
deep-researcher-1786004891-a9ae3a73b35b,228.646,417.023
data-analyst-1786004891-051cf44ac49d,228.662,589.584
wide-researcher-1786004891-a50076332d23,228.693,491.599
reviewer-1786004891-c240ec8cc202,228.723,600.623
deep-researcher-1786004891-86123045fed7,228.843,477.477
data-analyst-1786004891-5f5d67115a29,228.879,624.008
wide-researcher-1786004891-0f090884050d,229.022,473.616
reviewer-1786004891-c8d2714f334c,229.076,607.091
deep-researcher-1786004891-eb62113f35a8,229.128,402.631
data-analyst-1786004892-12ffc1b78c37,229.145,702.818
wide-researcher-1786004892-0d13b5828161,229.210,379.662
reviewer-1786004892-f239431d484c,229.343,603.797
deep-researcher-1786004892-e806a08d9d52,229.382,376.023
data-analyst-1786004791-58e31e8ad2fd,229.391,249.564
data-analyst-1786004892-c0b64fb25d38,229.399,614.593
data-analyst-1786004789-ca489a698b50,229.404,247.061
wide-researcher-1786004892-20e8bce53518,229.463,370.291
reviewer-1786004892-c574e537724e,229.481,626.600
data-analyst-1786004803-1ee963c0bdde,229.499,229.499
data-analyst-1786004806-3c82fe09586f,229.513,229.513
deep-researcher-1786004892-c83dfa48b98e,229.565,671.912
data-analyst-1786004817-031f898dc911,229.591,247.435
data-analyst-1786004892-0d39e6f2117e,229.603,679.426
data-analyst-1786004777-858d1c80c144,229.612,248.106
wide-researcher-1786004892-feb600ca72fb,229.624,632.092
reviewer-1786004892-65e82c4b7342,229.660,633.003
data-analyst-1786004811-d8a771460479,229.709,229.710
data-analyst-1786004814-3effcd98e809,229.724,229.724
deep-researcher-1786004892-4cd6ae33640b,229.736,705.105
data-analyst-1786004795-e705143a1475,229.740,229.741
data-analyst-1786004783-760cfad462f5,229.756,229.756
data-analyst-1786004892-9e75043c7647,229.820,591.874
wide-researcher-1786004892-44297cda669c,229.849,361.511
reviewer-1786004892-2d7ee15f8390,229.889,587.855
deep-researcher-1786004892-c673537615f1,229.962,485.261
data-analyst-1786004892-c8d76d4e01a8,230.077,679.468
wide-researcher-1786004892-550f82098130,230.132,476.378
data-analyst-1786004799-5784f8120fed,230.147,230.148
reviewer-1786004893-9bb665a06bb8,230.161,594.541
deep-researcher-1786004893-0260d9c6a588,230.199,478.938
data-analyst-1786004893-0ec5428ca675,230.233,608.785
data-analyst-1786004799-5814506f5f59,230.265,230.265
data-analyst-1786004808-9cb56f2dafaf,230.308,247.193
wide-researcher-1786004893-580bbf193323,230.308,607.673
reviewer-1786004893-745218117324,230.388,619.266
deep-researcher-1786004893-47c8538eedc9,230.506,689.669
data-analyst-1786004893-eefb611f6cf9,230.535,701.649
wide-researcher-1786004893-297c0d088cfb,230.601,503.713
reviewer-1786004893-76e960726c5a,230.725,605.651
data-analyst-1786004818-e92d9be253e9,230.750,247.161
deep-researcher-1786004893-9859ef0f120b,230.820,620.827
data-analyst-1786004893-7ddbbfc04d2e,230.857,699.409
data-analyst-1786004819-5902838bee62,230.959,247.844
wide-researcher-1786004893-faf808ea960e,230.988,474.859
reviewer-1786004893-6e1ddd28eeee,231.005,595.820
deep-researcher-1786004893-64bb58ab611a,231.103,485.598
data-analyst-1786004893-fbe994969a41,231.133,603.653
data-analyst-1786004821-85d5354f8d31,231.167,248.361
wide-researcher-1786004894-635cd62a4404,231.171,485.471
data-analyst-1786004821-fb0c8a07ad63,231.186,250.724
reviewer-1786004894-58b8625a9c22,231.190,607.836
data-analyst-1786004821-888a7d6f391e,231.203,250.104
deep-researcher-1786004894-7411310a2299,231.249,587.097
data-analyst-1786004894-82efbbc26a40,231.320,618.932
wide-researcher-1786004894-c471cdd9570f,231.356,495.675
reviewer-1786004894-04cb84347b90,231.452,653.693
deep-researcher-1786004894-c60e65975608,231.571,415.752
data-analyst-1786004894-00a36f471b27,231.616,637.516
wide-researcher-1786004894-87a26d94e9fc,231.682,688.207
reviewer-1786004894-c7cff3158ea1,231.738,617.759
deep-researcher-1786004894-7220d24ce982,231.821,483.802
data-analyst-1786004894-21db28f10f6c,231.906,697.996
data-analyst-1786004819-309396dc6bc3,231.916,246.790
wide-researcher-1786004894-d77d9b953e0f,231.967,486.727
reviewer-1786004894-a6ecd201c1d8,232.020,667.396
data-analyst-1786004809-1a950ae12dcc,232.183,247.175
deep-researcher-1786004894-7bd679669b73,232.237,398.570
data-analyst-1786004796-596d1db9979d,232.266,232.266
data-analyst-1786004895-5e79808514b3,232.280,498.108
wide-researcher-1786004895-070ef827ab36,232.355,700.500
reviewer-1786004895-c3552a6606e4,232.409,643.259
deep-researcher-1786004895-127a3c8273a1,232.488,492.990
data-analyst-1786004895-e8ebb32444e5,232.527,693.533
wide-researcher-1786004895-ff2c4c242aac,232.610,586.125
reviewer-1786004895-df256eb41db8,232.678,601.826
deep-researcher-1786004895-26d3581a9a5b,232.711,598.109
data-analyst-1786004818-94a1408edb74,232.729,248.517
data-analyst-1786004784-dfe752caa32d,232.748,248.503
data-analyst-1786004895-c2d9904a97ff,232.770,560.549
wide-researcher-1786004895-dbe51ead6e3f,232.825,476.746
reviewer-1786004895-574630f399a9,232.903,628.096
deep-researcher-1786004895-53717a04fd83,232.957,376.366
data-analyst-1786004818-7a91850c70aa,233.034,247.285
data-analyst-1786004895-1f8321453330,233.082,589.038
data-analyst-1786004819-49b33761558d,233.091,247.403
wide-researcher-1786004895-80bb6005c26d,233.108,641.386
reviewer-1786004896-d430cba60275,233.132,618.745
deep-researcher-1786004896-44b5d5d48695,233.197,697.047
data-analyst-1786004896-6ca8c9b2b1a0,233.226,589.009
wide-researcher-1786004896-939e6a162379,233.261,372.360
data-analyst-1786004821-bac95d08a3cb,233.299,248.405
data-analyst-1786004821-13bea57aec59,233.312,249.321
reviewer-1786004896-1d4d93d5d01b,233.335,612.509
deep-researcher-1786004896-be7661010ec8,233.376,380.270
data-analyst-1786004896-385008ce672a,233.423,606.919
wide-researcher-1786004896-e048c1c8cc52,233.533,507.170
reviewer-1786004896-894e669e7455,233.626,696.827
data-analyst-1786004765-e28e456865b0,233.663,248.154
deep-researcher-1786004896-aeae92300cd6,233.673,482.318
data-analyst-1786004896-948ed0f772fd,233.749,698.854
wide-researcher-1786004896-88567f7322ab,233.801,609.073
reviewer-1786004896-a98d9a096597,233.876,607.821
data-analyst-1786004808-0b58cc7b1064,233.877,233.877
deep-researcher-1786004896-63da393762d2,233.928,378.754
data-analyst-1786004896-7258b179613f,233.994,592.044
data-analyst-1786004821-e42e039adc35,234.029,248.768
wide-researcher-1786004896-4feb9337759d,234.033,491.857
data-analyst-1786004821-8c860d182578,234.045,252.436
data-analyst-1786004821-fc96c9eaa36d,234.059,252.450
reviewer-1786004897-618d1eca4134,234.127,705.411
deep-researcher-1786004897-8899c730585a,234.187,707.708
data-analyst-1786004897-f9eebbaeedf1,234.215,682.776
wide-researcher-1786004897-d20399ae5dbb,234.275,460.082
reviewer-1786004897-08599018784a,234.341,632.012
deep-researcher-1786004897-f531f8f5c1aa,234.382,430.346
data-analyst-1786004897-0778726e5bb1,234.428,674.483
wide-researcher-1786004897-225ed778ee41,234.589,494.886
reviewer-1786004897-81875db6b98c,234.618,677.729
deep-researcher-1786004897-ad203a8c0879,234.659,521.952
data-analyst-1786004897-3e2b782309fe,234.696,701.403
wide-researcher-1786004897-727edd3d3467,234.733,407.997
reviewer-1786004897-a2050a4c93ca,234.769,594.784
deep-researcher-1786004897-806083a0d81a,234.843,585.967
data-analyst-1786004897-d6b0a2b6539d,234.860,609.539
wide-researcher-1786004897-f91b73d0180a,234.928,376.456
reviewer-1786004897-59a6b6230aef,234.992,607.975
deep-researcher-1786004897-f6631e12ae7e,235.043,704.979
data-analyst-1786004898-b7d6decb5222,235.114,588.732
data-analyst-1786004791-2ad1a5e693a1,235.145,250.648
wide-researcher-1786004898-2ff35f0a18c2,235.154,646.465
data-analyst-1786004790-387b16ea1372,235.159,250.499
data-analyst-1786004791-c045d4594d45,235.174,247.966
reviewer-1786004898-7b4222e5dfbf,235.261,636.835
deep-researcher-1786004898-2d1d40244339,235.300,424.707
data-analyst-1786004898-bbd552e113dd,235.381,595.228
wide-researcher-1786004898-0782750113df,235.409,373.092
reviewer-1786004898-773469fa9c5c,235.436,621.821
data-analyst-1786004816-d9c498806fdd,235.437,235.441
deep-researcher-1786004898-8cc3a24fe099,235.511,700.539
data-analyst-1786004898-21e290a8f22c,235.558,626.637
wide-researcher-1786004898-c7d255ad9724,235.593,498.779
reviewer-1786004898-d1d260614727,235.619,619.471
deep-researcher-1786004898-cea26ada3e33,235.716,446.892
data-analyst-1786004898-b6a9d289a975,235.732,639.023
wide-researcher-1786004898-46f7ee9cf345,235.790,489.111
data-analyst-1786004820-44c0694ca6d5,235.803,247.356
reviewer-1786004898-1c189ebb7b5e,235.855,607.745
deep-researcher-1786004898-c12404839c54,235.894,496.704
data-analyst-1786004818-55834d46b61e,235.907,235.907
data-analyst-1786004898-3f0dbb66209f,235.921,693.436
wide-researcher-1786004898-aa71bad0d1c7,235.937,474.314
data-analyst-1786004822-461f1efafe8c,236.057,248.970
data-analyst-1786004822-2a2face6cea7,236.068,259.684
data-analyst-1786004822-3019b716dfb4,236.082,249.669
reviewer-1786004899-6b8f5a893368,236.104,670.199
deep-researcher-1786004899-c71bc84b4ae9,236.144,478.682
data-analyst-1786004899-20592be1b35d,236.199,679.612
wide-researcher-1786004899-59de6ec4cc9e,236.277,520.477
data-analyst-1786004818-e9379afece3e,236.307,246.756
reviewer-1786004899-a860f2e9e6d9,236.359,638.403
data-analyst-1786004822-86c06635cc6b,236.389,247.934
data-analyst-1786004822-8600185d4c21,236.402,248.985
data-analyst-1786004822-14de822f2ada,236.415,290.345
deep-researcher-1786004899-be8bb2df4659,236.443,598.517
data-analyst-1786004899-b5d1b361d1cc,236.511,612.882
wide-researcher-1786004899-eeeed148003e,236.605,675.925
reviewer-1786004899-4a7c1a0b0ab5,236.658,607.409
data-analyst-1786004771-30e33873dc0a,236.675,255.729
data-analyst-1786004818-ab494ba8bb21,236.726,246.837
deep-researcher-1786004899-5266b87a9f0c,236.737,674.299
data-analyst-1786004899-4f6c0dfd55b7,236.769,483.726
wide-researcher-1786004899-c228d6d1cf87,236.789,417.625
reviewer-1786004899-d9f977c17d95,236.817,698.946
deep-researcher-1786004899-5ca567cf16a0,236.959,606.934
data-analyst-1786004899-6aa05a137e1d,237.016,642.672
wide-researcher-1786004899-ca3e34681033,237.047,587.296
reviewer-1786004899-b531d1a02173,237.131,708.187
deep-researcher-1786004900-25dc9c2df772,237.198,376.410
data-analyst-1786004900-f38824392504,237.228,673.832
wide-researcher-1786004900-3682c8844345,237.245,694.016
reviewer-1786004900-3fe7b89be2dd,237.374,602.426
deep-researcher-1786004900-69a3d15c3f1a,237.432,633.698
data-analyst-1786004900-ec3847abc184,237.450,628.931
data-analyst-1786004822-cbb9f77413f6,237.511,255.472
data-analyst-1786004822-5a166de6a4b1,237.523,252.208
data-analyst-1786004822-4f56695029d6,237.535,250.878
wide-researcher-1786004900-83d10c428abc,237.600,499.164
reviewer-1786004900-da73964b1219,237.626,592.392
deep-researcher-1786004900-8fb85b1b4b4c,237.712,598.926
data-analyst-1786004900-9c7c81512c15,237.754,617.185
wide-researcher-1786004900-1fcf6d2895a5,237.800,494.744
data-analyst-1786004790-a394bbd07816,237.828,246.978
data-analyst-1786004818-3c8b359f3bd5,237.846,246.948
data-analyst-1786004819-4985f39635f0,237.865,247.007
reviewer-1786004900-73f9fe9e7fef,237.873,701.434
deep-researcher-1786004900-5216f6216ccd,237.912,674.188
data-analyst-1786004900-c9b1f3e1a1b1,237.955,671.452
wide-researcher-1786004900-6bea31610692,238.024,638.785
reviewer-1786004901-35ed57b8746b,238.064,680.911
deep-researcher-1786004901-9404b20ce4be,238.139,480.732
data-analyst-1786004901-db85d5925a7b,238.175,700.099
wide-researcher-1786004901-4d5d8c9858d6,238.247,599.709
reviewer-1786004901-a2cec32dc569,238.276,604.097
data-analyst-1786004817-1c3219be3e71,238.294,248.310
deep-researcher-1786004901-847f1eb35363,238.347,415.522
data-analyst-1786004901-3216d141c27a,238.430,680.353
wide-researcher-1786004901-921b03f9e21f,238.458,484.238
reviewer-1786004901-c9d619f069e6,238.527,693.198
deep-researcher-1786004901-b84d3a5f3fba,238.651,699.987
data-analyst-1786004818-e9a314d79b97,238.691,238.691
data-analyst-1786004901-95edd7051e1d,238.741,617.610
wide-researcher-1786004901-922348445cd3,238.763,487.417
reviewer-1786004901-8cdec09b4bfb,238.875,650.243
deep-researcher-1786004901-915c9923b01c,238.910,509.214
data-analyst-1786004901-b22b22d5f774,238.946,679.708
wide-researcher-1786004901-ee006f2859f8,239.113,476.656
reviewer-1786004902-b5d5e3e7d6b2,239.151,676.677
deep-researcher-1786004902-7db2f3cf0a1f,239.230,704.465
data-analyst-1786004902-ba84f4a90744,239.268,618.383
wide-researcher-1786004902-3ade22bf60d1,239.377,505.972
reviewer-1786004902-9e6d729b26d2,239.400,674.115
deep-researcher-1786004902-b44d61a6fad6,239.471,600.667
data-analyst-1786004902-e0d52b1f0e6f,239.533,660.145
wide-researcher-1786004902-0e3894ee4613,239.564,368.227
reviewer-1786004902-57f792ddf56e,239.581,677.497
deep-researcher-1786004902-b695a978eeff,239.631,683.408
data-analyst-1786004902-9dbf2a61af73,239.659,620.493
wide-researcher-1786004902-6aecf085321b,239.698,377.010
reviewer-1786004902-f2e8cb14f3c3,239.804,605.219
deep-researcher-1786004902-50e929d01358,239.845,488.083
data-analyst-1786004800-a8bd8a7533fc,239.855,247.043
data-analyst-1786004902-452411d54997,239.928,682.218
wide-researcher-1786004902-1036620d1d92,239.973,375.852
data-analyst-1786004783-2b97c2f7dcb9,240.003,240.003
reviewer-1786004902-2a0703db6ebc,240.037,670.568
deep-researcher-1786004902-d74a63d75208,240.118,458.034
data-analyst-1786004903-b9ebc780fddf,240.161,699.770
wide-researcher-1786004903-05372f0a658d,240.247,491.105
reviewer-1786004903-6bbc0337285e,240.266,606.333
deep-researcher-1786004903-bbe0947f6c14,240.389,478.506
data-analyst-1786004903-6bd1a6fef0d8,240.407,670.004
wide-researcher-1786004903-f8efa79b681a,240.424,474.637
reviewer-1786004903-4cd021fd0971,240.452,669.535
deep-researcher-1786004903-a5ba4963ea30,240.709,498.764
data-analyst-1786004903-dbdaeec75862,240.736,706.153
wide-researcher-1786004903-a7e7e4883321,240.773,495.422
reviewer-1786004903-71a003065a77,240.807,617.977
deep-researcher-1786004903-d656cf94c701,240.891,640.008
data-analyst-1786004903-0ca80f3ba38d,240.909,610.083
wide-researcher-1786004903-533edad8737b,240.926,380.766
reviewer-1786004903-57289977230e,240.983,634.136
deep-researcher-1786004904-cd57d1143387,241.098,401.838
data-analyst-1786004793-d3854345f2f2,241.137,251.960
data-analyst-1786004904-9db468b0d5d4,241.141,604.642
data-analyst-1786004793-1c9669a80a3e,241.168,254.323
data-analyst-1786004793-92c2cb5a619c,241.181,268.226
data-analyst-1786004782-d2db63ad2781,241.194,248.724
wide-researcher-1786004904-05ab1bb822f3,241.207,495.442
reviewer-1786004904-3142bf115825,241.297,676.950
deep-researcher-1786004904-b63d9cf2ede3,241.357,641.013
data-analyst-1786004904-8dc43c05a201,241.447,600.577
wide-researcher-1786004904-4c27dfa1c56c,241.484,498.446
reviewer-1786004904-b5ef5c1e7d3d,241.556,645.575
deep-researcher-1786004904-bf19d8c5c032,241.731,586.169
data-analyst-1786004780-7f0d1a7bcd9d,241.741,247.341
data-analyst-1786004806-ff4af70eda01,241.758,247.208
data-analyst-1786004904-85115f4356cd,241.770,653.222
wide-researcher-1786004904-f241d4c0d4a2,241.789,607.353
reviewer-1786004904-db993229a880,241.917,693.082
data-analyst-1786004802-52dbe7664b70,241.918,241.922
deep-researcher-1786004904-6ac0c8a1c7dc,241.966,609.213
data-analyst-1786004904-f9fb208e15ae,242.016,694.963
wide-researcher-1786004904-d7132e4ef27d,242.117,616.959
reviewer-1786004905-d74f610d874e,242.143,680.159
data-analyst-1786004816-e6870a9b088c,242.196,242.197
deep-researcher-1786004905-137a776a339a,242.251,374.809
data-analyst-1786004817-dadbade17bfa,242.251,242.256
data-analyst-1786004905-24dd41cb8838,242.315,695.730
wide-researcher-1786004905-3acb3c431a87,242.395,490.468
reviewer-1786004905-c7fab6228183,242.422,701.744
deep-researcher-1786004905-db21d21904ce,242.510,501.448
data-analyst-1786004823-858589f03766,242.582,260.837
data-analyst-1786004905-af5a70f01377,242.595,674.648
data-analyst-1786004823-b68d3531aa82,242.596,261.112
data-analyst-1786004823-0de74de18ddd,242.612,247.996
wide-researcher-1786004905-119e4dd5202d,242.641,474.236
reviewer-1786004905-c4dd3da57abc,242.713,696.295
deep-researcher-1786004905-d66f18562d09,242.810,480.747
data-analyst-1786004905-1e17c3915ba5,242.841,516.644
wide-researcher-1786004905-cd276d9412ac,242.870,488.727
reviewer-1786004905-37fb00970982,242.958,700.067
deep-researcher-1786004905-2d4ccc1c5435,242.998,380.731
data-analyst-1786004905-6d1b9ea8d126,243.062,632.465
wide-researcher-1786004906-af3065cd936c,243.182,474.346
reviewer-1786004906-33ec19dd6b47,243.235,675.465
data-analyst-1786004818-426adbde28e8,243.245,247.300
deep-researcher-1786004906-2b57ace33ffd,243.275,487.952
data-analyst-1786004906-f630ed856311,243.292,706.010
wide-researcher-1786004906-60375f84eef4,243.309,507.812
reviewer-1786004906-a2e2b9557c8a,243.429,685.506
deep-researcher-1786004906-0d6149d5441a,243.482,436.010
data-analyst-1786004906-8af57f27b353,243.529,684.056
data-analyst-1786004818-5845c1da3ed4,243.534,247.602
wide-researcher-1786004906-68c4e579e7bc,243.593,473.058
reviewer-1786004906-79a3c0c482e9,243.622,596.186
deep-researcher-1786004906-552f35bfe2a6,243.661,478.624
data-analyst-1786004906-ce9f27786ed6,243.696,677.369
wide-researcher-1786004906-41bb3b804fcb,243.730,404.474
reviewer-1786004906-8d439f530fbd,243.835,604.976
deep-researcher-1786004906-f79ef7cc5366,243.912,644.423
data-analyst-1786004906-ecd78f943924,243.930,604.888
wide-researcher-1786004906-5b470a7061d2,243.953,481.408
data-analyst-1786004767-cdc15899ee41,244.022,244.022
reviewer-1786004906-8d09ebe7337a,244.050,529.405
deep-researcher-1786004907-79e3be31a133,244.109,561.668
data-analyst-1786004907-4abf19258183,244.162,540.605
data-analyst-1786004821-cb2c827c24c8,244.185,247.553
wide-researcher-1786004907-04ae264c6b95,244.189,624.204
reviewer-1786004907-2e002a0486be,244.220,627.679
data-analyst-1786004818-66ef5e10c43a,244.249,244.250
deep-researcher-1786004907-197b29004cbd,244.266,696.217
data-analyst-1786004907-bcd704eed256,244.324,634.394
wide-researcher-1786004907-3363aa058321,244.355,674.906
reviewer-1786004907-b74fc301b848,244.383,695.473
deep-researcher-1786004907-863a1b609120,244.487,491.731
data-analyst-1786004907-62852f36d79d,244.586,691.833
wide-researcher-1786004907-74fed787dced,244.653,697.112
reviewer-1786004907-ea28e785422a,244.683,687.161
deep-researcher-1786004907-33f35ab4ca9d,244.753,694.469
data-analyst-1786004907-8b91516d0942,244.791,669.422
wide-researcher-1786004907-a50e919bca64,244.810,417.442
reviewer-1786004907-551a9576c0e7,244.925,685.919
data-analyst-1786004803-fae288caa416,244.949,250.816
deep-researcher-1786004907-7785b3c3cab1,244.960,368.391
data-analyst-1786004907-182304c56efe,244.989,592.992
wide-researcher-1786004907-7b4e8afa4247,245.033,453.079
data-analyst-1786004820-77a733d8dd07,245.084,250.743
reviewer-1786004908-c4d85d0de39e,245.105,697.681
deep-researcher-1786004908-72dbe8c7f226,245.172,477.259
data-analyst-1786004908-abc9a0e89c37,245.244,640.317
wide-researcher-1786004908-467b93f40464,245.361,623.839
reviewer-1786004908-14147b31317f,245.407,495.239
deep-researcher-1786004908-1ac210d9bbdf,245.454,510.568
data-analyst-1786004811-9f3fdeaf7ef6,245.475,247.661
data-analyst-1786004816-7eb4437ec0c3,245.495,247.369
data-analyst-1786004908-409014510224,245.500,699.602
wide-researcher-1786004908-7a53b28f6cba,245.561,587.127
data-analyst-1786004802-eb2d9e9df6ad,245.611,245.612
reviewer-1786004908-7203474dcb0f,245.629,694.207
deep-researcher-1786004908-7aa7feb6a70e,245.672,501.173
data-analyst-1786004908-7fa819c5fb38,245.702,670.040
wide-researcher-1786004908-8edcfd9096c7,245.732,393.452
reviewer-1786004908-81543da805c4,245.788,669.794
deep-researcher-1786004908-77880153bb2e,245.828,488.564
data-analyst-1786004908-5f145a073b07,245.861,698.870
wide-researcher-1786004908-4e1adbcb3fa6,245.897,489.385
reviewer-1786004908-b75e08fd74ca,246.001,603.169
deep-researcher-1786004908-3e04e0f56cef,246.090,685.593
data-analyst-1786004909-6916fc5335ba,246.155,678.066
wide-researcher-1786004909-f5c849c0eee0,246.193,600.652
reviewer-1786004909-1be6268a7c08,246.262,698.616
deep-researcher-1786004909-b66b0f8de3fa,246.307,374.500
data-analyst-1786004909-d7d1f137105f,246.329,679.912
wide-researcher-1786004909-53ba0eaa887f,246.430,618.560
reviewer-1786004909-45ae0a85bb75,246.450,618.272
deep-researcher-1786004909-e1056184a84e,246.501,476.869
data-analyst-1786004783-72e386916898,246.530,253.512
data-analyst-1786004909-25008346da59,246.540,688.917
data-analyst-1786004791-f11d879ae6d5,246.545,255.100
wide-researcher-1786004909-dde42c739cce,246.626,695.591
reviewer-1786004909-1addd47919a9,246.681,698.468
data-analyst-1786004818-39055d77c138,246.715,247.328
deep-researcher-1786004909-6eebd51ab76f,246.749,606.751
data-analyst-1786004909-d8110df226fb,246.786,517.574
wide-researcher-1786004909-938b447cdc8b,246.842,480.181
reviewer-1786004909-7ba3ee2f5ddb,246.964,611.032
deep-researcher-1786004909-8cd3b378f045,247.016,695.631
data-analyst-1786004909-4bb2229b1496,247.070,676.146
wide-researcher-1786004909-6e6612b42651,247.116,553.983
reviewer-1786004910-d40fe86b72fa,247.145,694.339
deep-researcher-1786004910-016851f2ad20,247.189,478.028
data-analyst-1786004910-b8f93da58055,247.246,633.265
wide-researcher-1786004910-9955d7029abf,247.374,483.550
reviewer-1786004910-0ca51fc8fe61,247.411,612.393
deep-researcher-1786004910-b0ff503a9422,247.594,379.757
data-analyst-1786004910-f9129f1ef5e6,247.668,595.464
wide-researcher-1786004910-e8b44ae591f1,247.705,597.996
reviewer-1786004910-e2ab31128c03,247.781,673.752
deep-researcher-1786004910-41d24d8f8a43,247.822,497.212
data-analyst-1786004910-e5f7013ed843,247.839,678.305
wide-researcher-1786004910-7bf4ce6548cd,247.942,478.181
reviewer-1786004910-1f0762637172,247.974,635.312
deep-researcher-1786004910-cab694b8f2b2,248.013,592.822
data-analyst-1786004910-19e957802786,248.061,675.638
wide-researcher-1786004911-f131e849fae9,248.125,605.636
reviewer-1786004911-ba8b37f9916e,248.192,594.326
deep-researcher-1786004911-16067689cc8c,248.297,522.547
data-analyst-1786004911-59b20897adf3,248.350,591.000
wide-researcher-1786004911-0e966cd8f55d,248.429,695.830
reviewer-1786004911-1b52cd0f8dec,248.449,672.510
deep-researcher-1786004911-064c08bb02f2,248.531,540.801
data-analyst-1786004826-2d1ba8db5629,248.549,248.550
data-analyst-1786004911-661004fd53b6,248.578,614.354
wide-researcher-1786004911-3575cfeb0282,248.630,614.657
reviewer-1786004911-020f6c8f1b7d,248.662,651.318
deep-researcher-1786004911-c849034f948f,248.703,599.119
data-analyst-1786004826-5b903ebad9f1,248.753,248.753
data-analyst-1786004911-61cbc9d7c7e4,248.798,700.178
wide-researcher-1786004911-3473d99aab39,248.853,374.168
data-analyst-1786004825-f48a73e7fef4,248.891,248.891
reviewer-1786004911-d947a33c2add,248.919,696.464
deep-researcher-1786004911-2fb69d9392cf,249.018,487.525
data-analyst-1786004911-a971de3f3b18,249.189,705.576
wide-researcher-1786004911-3d9a09222b57,249.227,488.939
reviewer-1786004912-9030ac454a3e,249.284,638.888
deep-researcher-1786004912-3c288e1ca79a,249.334,479.574
data-analyst-1786004912-a87a8853f1d1,249.351,698.018
wide-researcher-1786004912-61b60a0abaec,249.427,671.615
reviewer-1786004912-4bc164056fcf,249.475,703.458
data-analyst-1786004829-e73cec2c2a17,249.523,249.524
deep-researcher-1786004912-b81e65ab8c95,249.569,677.171
data-analyst-1786004912-6226d25ee196,249.709,612.687
data-analyst-1786004829-980f6327758c,249.754,249.755
wide-researcher-1786004912-049f52ca46f6,249.775,371.746
reviewer-1786004912-6d0bdc3a807b,249.810,674.938
deep-researcher-1786004912-8a1718c6826e,249.949,697.557
data-analyst-1786004912-0fa6f78ea279,249.970,604.944
data-analyst-1786004829-585ad1443ed9,250.071,250.072
data-analyst-1786004826-d729871f32d7,250.088,250.088
wide-researcher-1786004912-b9d32bd60ad2,250.145,478.288
reviewer-1786004912-64cb68794de2,250.166,706.480
deep-researcher-1786004913-c9b4cb8c9783,250.216,512.702
data-analyst-1786004829-09f607314dcf,250.227,250.228
data-analyst-1786004832-9e84bcac8f36,250.261,250.262
data-analyst-1786004913-77c35ddb05df,250.271,629.415
data-analyst-1786004824-c289e3ea93f6,250.298,250.298
data-analyst-1786004832-d80f7d3121f3,250.329,250.329
wide-researcher-1786004913-f65858e1063b,250.355,405.564
reviewer-1786004913-429f24d12801,250.383,625.705
data-analyst-1786004825-4863fad87072,250.421,250.421
data-analyst-1786004831-1c86d3c4af78,250.435,250.435
data-analyst-1786004829-27a6346b2105,250.527,250.528
data-analyst-1786004832-94fed2923f6c,250.557,250.558
data-analyst-1786004833-31f68bb58211,250.574,250.574
deep-researcher-1786004913-0fce06edf64d,250.620,599.918
data-analyst-1786004831-3f75bbe92c7c,250.634,250.634
data-analyst-1786004913-a4973e318703,250.681,602.544
wide-researcher-1786004913-033b0bc55370,250.732,522.364
data-analyst-1786004831-179eeb85fcbf,250.757,250.757
data-analyst-1786004832-5a8745c93f10,250.770,250.771
data-analyst-1786004827-7013b7af0fe3,250.784,250.785
reviewer-1786004913-444847ae8f5b,250.792,703.403
data-analyst-1786004834-14ce30c09957,250.829,250.829
deep-researcher-1786004913-4ebec666f5a6,250.842,648.282
data-analyst-1786004824-48fb50b6d95b,250.845,250.846
data-analyst-1786004913-0b8171135c7b,250.859,692.629
wide-researcher-1786004913-2a1152c813b8,250.932,487.292
reviewer-1786004913-bc155600e683,250.970,671.796
deep-researcher-1786004913-7c9b5edc4fd7,251.011,501.217
data-analyst-1786004833-5ef4d68cc28d,251.065,251.065
data-analyst-1786004913-e6d9f204501d,251.079,696.449
data-analyst-1786004825-d86fe3332abe,251.079,251.083
data-analyst-1786004831-8d424dc87b06,251.112,251.113
wide-researcher-1786004914-a97d781c78de,251.148,410.638
reviewer-1786004914-1dee2b88e7aa,251.199,701.572
data-analyst-1786004832-5b6d0aacd65b,251.208,251.208
data-analyst-1786004835-9ffe2737ea27,251.237,251.238
data-analyst-1786004832-dd03f160ce81,251.251,251.252
data-analyst-1786004826-4152b0419652,251.264,251.265
deep-researcher-1786004914-ee6ed5247795,251.276,393.500
data-analyst-1786004832-1b14c472fde2,251.280,251.281
data-analyst-1786004914-c85a6dfc0211,251.322,691.628
data-analyst-1786004833-a97c239b1c22,251.368,251.369
wide-researcher-1786004914-690afa61331c,251.368,683.321
reviewer-1786004914-fc36284a1185,251.477,500.239
data-analyst-1786004834-51976fc4d837,251.494,251.494
data-analyst-1786004827-f71dcaee32db,251.507,251.508
deep-researcher-1786004914-c9a825626cd8,251.546,696.043
data-analyst-1786004836-8aa905e8b8f0,251.557,251.558
data-analyst-1786004833-377ada96efa1,251.587,251.588
data-analyst-1786004835-9de30e9c7a54,251.616,251.617
data-analyst-1786004835-a520707af09d,251.631,251.631
data-analyst-1786004825-d4607b55a5f5,251.645,251.646
data-analyst-1786004914-df4e9ed12922,251.654,615.981
wide-researcher-1786004914-cc85631a31d7,251.672,659.587
reviewer-1786004914-dfd07f0f3aae,251.690,698.930
data-analyst-1786004831-ec693f0ba0fe,251.783,251.784
deep-researcher-1786004914-d4ed361753f9,251.819,494.969
data-analyst-1786004837-803844fc0b81,251.850,251.850
data-analyst-1786004833-209e882ef926,251.884,251.885
data-analyst-1786004914-6fa21385f384,251.898,670.509
wide-researcher-1786004914-d9fc7ef26b83,251.944,697.906
data-analyst-1786004828-1b1c80d85c5c,252.003,252.004
data-analyst-1786004835-b44443a0476e,252.034,252.035
reviewer-1786004914-5fb873088bb8,252.040,700.275
data-analyst-1786004831-0c302191c829,252.054,252.054
data-analyst-1786004834-64f29b7ebcd7,252.068,252.069
deep-researcher-1786004914-a28499d1ab86,252.126,587.508
data-analyst-1786004834-5a73780a86f6,252.127,252.131
data-analyst-1786004834-8e0248bf8ce9,252.176,252.177
data-analyst-1786004915-16a5bbc4956d,252.190,661.634
data-analyst-1786004829-66e389b8820a,252.235,252.236
wide-researcher-1786004915-0d42a1a4ef67,252.241,494.094
data-analyst-1786004831-4b823a51dc00,252.303,252.303
reviewer-1786004915-236845eb4d64,252.307,633.505
data-analyst-1786004836-1e3c1b3318a2,252.319,252.320
deep-researcher-1786004915-456b75168c44,252.358,599.338
data-analyst-1786004915-72b32f80aadc,252.380,628.115
data-analyst-1786004835-d277dc26794f,252.390,252.390
wide-researcher-1786004915-16de93b1fdf4,252.455,480.355
reviewer-1786004915-54e2df0a4395,252.483,697.575
data-analyst-1786004835-cd8008483cf0,252.487,252.487
data-analyst-1786004839-4c662137e1cd,252.516,252.517
deep-researcher-1786004915-e5f83ee52b68,252.526,652.177
data-analyst-1786004835-c047a9031d10,252.552,252.553
data-analyst-1786004915-203695685120,252.581,696.653
wide-researcher-1786004915-1dbc06dfb60a,252.599,474.165
data-analyst-1786004836-8f75923dfe29,252.699,252.701
reviewer-1786004915-b5746a3c9915,252.728,632.867
data-analyst-1786004838-76d5b2e6fe7d,252.762,252.762
deep-researcher-1786004915-d070de85b8ac,252.791,694.159
data-analyst-1786004825-dadd00e40617,252.811,252.812
data-analyst-1786004915-fb2c23809c46,252.830,616.028
wide-researcher-1786004915-cc8c9fe7384f,252.886,407.129
data-analyst-1786004839-cb8c7984ecaf,252.925,252.926
data-analyst-1786004839-92ead0346d9f,252.940,252.940
data-analyst-1786004839-79cea03bc754,252.954,252.955
data-analyst-1786004826-2fac9298fa1d,252.983,252.983
reviewer-1786004915-638ff6a4e2b4,252.992,640.492
data-analyst-1786004837-524c5bf6699c,253.014,253.015
deep-researcher-1786004915-098bd35a507c,253.064,522.204
data-analyst-1786004839-c54ad9ea8bc4,253.094,253.095
data-analyst-1786004837-394c875c69a5,253.124,253.125
data-analyst-1786004835-5467a437b7c5,253.139,253.139
data-analyst-1786004915-5d7cf7b15507,253.162,617.931
wide-researcher-1786004916-b03439462e3f,253.182,374.777
reviewer-1786004916-5f60713b3910,253.202,674.794
deep-researcher-1786004916-a8f8b33b6f6a,253.242,694.241
data-analyst-1786004916-099f8730fd59,253.293,671.756
wide-researcher-1786004916-4d6120e24fc2,253.334,377.558
reviewer-1786004916-d78c2faafd03,253.383,701.011
data-analyst-1786004840-163a12bd2cd8,253.402,253.403
data-analyst-1786004841-146c08d6df9d,253.448,253.449
deep-researcher-1786004916-79261561e38f,253.453,497.511
data-analyst-1786004839-927ae2dd6061,253.497,253.497
data-analyst-1786004841-34129a073033,253.544,253.544
data-analyst-1786004829-56f1b6b793cb,253.558,253.558
data-analyst-1786004916-41e513b54fc9,253.563,675.818
data-analyst-1786004841-ef63154f0898,253.572,253.573
wide-researcher-1786004916-fd7d09ebd631,253.763,612.826
reviewer-1786004916-5a315e30ecff,253.829,704.166
data-analyst-1786004836-3edab642254d,253.876,253.876
deep-researcher-1786004916-f495fd9b03ab,253.885,594.264
data-analyst-1786004842-932b917a1b11,253.895,253.896
data-analyst-1786004840-1faeb29ca9d1,253.988,253.988
data-analyst-1786004916-b5ef2dab7912,253.993,671.420
data-analyst-1786004840-1910ad2d1a36,254.005,254.006
wide-researcher-1786004916-33c363ed03bf,254.036,603.595
data-analyst-1786004835-736644022557,254.070,254.071
reviewer-1786004916-c8fcadde8800,254.084,657.827
data-analyst-1786004839-5b86081e4016,254.085,254.089
deep-researcher-1786004917-bdb319614b88,254.116,385.158
data-analyst-1786004835-5815081a8212,254.121,254.121
data-analyst-1786004839-cc77e6be703e,254.152,254.152
data-analyst-1786004841-d3c69dfce5b7,254.166,254.167
data-analyst-1786004827-bee093b4cdaf,254.181,254.182
data-analyst-1786004917-a0687f763aff,254.245,588.982
wide-researcher-1786004917-8824e77a28e9,254.290,675.564
data-analyst-1786004839-f7d746856c0d,254.373,254.374
data-analyst-1786004845-49b05f3e0e8c,254.387,254.388
reviewer-1786004917-4926d1571670,254.462,670.330
deep-researcher-1786004917-363b0b9e01e4,254.519,409.615
data-analyst-1786004917-7d79f2d4e8f4,254.581,617.201
data-analyst-1786004835-1f342aa38e9c,254.608,254.609
wide-researcher-1786004917-b1781cb66158,254.609,367.904
data-analyst-1786004835-54ff202ef0a3,254.643,254.644
reviewer-1786004917-d5ce0e603a83,254.672,677.613
deep-researcher-1786004917-c0ad993f67e8,254.705,483.966
data-analyst-1786004917-d6cb23afc1f5,254.724,603.247
wide-researcher-1786004917-e1482957a8bb,254.759,677.662
reviewer-1786004917-30c119961801,254.788,632.802
data-analyst-1786004845-e845f9523ecc,254.806,254.807
data-analyst-1786004840-6ac61f11008a,254.838,254.839
deep-researcher-1786004917-43d33be28736,254.847,678.532
data-analyst-1786004831-0575585213ac,254.856,254.857
data-analyst-1786004847-c66d071a5469,254.886,254.886
data-analyst-1786004847-57096ff38679,254.899,254.900
data-analyst-1786004917-e878f4fbce25,254.904,701.027
data-analyst-1786004842-f4bcbca7792c,254.917,254.918
data-analyst-1786004829-6ba0196f5c30,254.948,254.948
data-analyst-1786004844-0626494b1ad8,254.962,254.963
wide-researcher-1786004917-54ee9894c5fb,254.966,604.817
data-analyst-1786004838-47497cc13a14,254.980,254.981
data-analyst-1786004844-de91a097e833,255.023,255.024
reviewer-1786004917-22da964dcc29,255.058,672.868
data-analyst-1786004845-811a54b29cf8,255.071,255.071
data-analyst-1786004835-fe2fe87262f6,255.084,255.085
deep-researcher-1786004917-8afac21c9a22,255.133,474.193
data-analyst-1786004833-e04500bf33ad,255.194,255.194
data-analyst-1786004831-b209b311e0e8,255.210,255.210
data-analyst-1786004918-00d486182917,255.219,620.736
data-analyst-1786004835-2157069bde9b,255.227,255.227
wide-researcher-1786004918-3d4ba89e6904,255.267,695.160
data-analyst-1786004842-31447ace9cb3,255.298,255.298
data-analyst-1786004827-c501755c0355,255.328,255.329
reviewer-1786004918-1c754f6212a1,255.342,626.377
data-analyst-1786004844-3347a4f24ebc,255.372,255.373
deep-researcher-1786004918-1a7771fa785f,255.385,371.457
data-analyst-1786004918-3361421955b6,255.467,598.607
data-analyst-1786004824-a56fc8d93d39,255.486,255.487
wide-researcher-1786004918-ad550c192d38,255.555,474.298
reviewer-1786004918-0740936fe966,255.602,704.144
data-analyst-1786004842-8145ad54f5ce,255.715,255.716
deep-researcher-1786004918-6051d6e169ac,255.746,473.212
data-analyst-1786004830-cb97b3a67ab4,255.799,255.800
data-analyst-1786004918-6fe923cb4804,255.804,682.380
data-analyst-1786004829-38404a6c43bb,255.816,255.816
wide-researcher-1786004918-5ace28cc6150,255.842,616.167
data-analyst-1786004832-22a94039d539,255.852,255.853
data-analyst-1786004849-c8eb9e640485,255.881,255.882
data-analyst-1786004847-2b886ef2c160,255.897,255.898
data-analyst-1786004839-686ffbf79c43,255.910,255.910
data-analyst-1786004849-78407b92d009,255.923,255.923
reviewer-1786004918-5ebd78d6b94b,255.932,694.257
data-analyst-1786004850-ad6ca05d0c12,255.940,255.940
data-analyst-1786004849-9a854b177d5b,255.955,255.956
deep-researcher-1786004918-3054e4af2302,255.983,497.416
data-analyst-1786004918-8f242f2b1e0d,256.018,685.879
data-analyst-1786004827-e841b0a9fbe8,256.035,256.035
data-analyst-1786004850-759424ea51c5,256.065,256.066
wide-researcher-1786004918-2376131a5d01,256.094,476.998
data-analyst-1786004850-1e2bb67dfe94,256.113,256.114
reviewer-1786004919-dd352f89e6ce,256.123,699.843
data-analyst-1786004843-a50bc6020689,256.132,256.132
data-analyst-1786004849-65c7b27bec60,256.145,256.145
data-analyst-1786004845-b8f613520d8d,256.160,256.161
data-analyst-1786004851-8dc5a9a421d0,256.176,256.176
deep-researcher-1786004919-c8bf50ffec90,256.200,704.506
data-analyst-1786004842-182c2da36589,256.210,256.210
data-analyst-1786004919-0603df146697,256.219,672.700
wide-researcher-1786004919-7a01e893260c,256.236,693.318
reviewer-1786004919-56d3f8584d54,256.274,595.244
data-analyst-1786004850-6ef92807ceed,256.274,256.279
data-analyst-1786004827-e6c767ec7ae0,256.307,256.307
deep-researcher-1786004919-09a137a91364,256.316,677.936
data-analyst-1786004850-d815c5e2ea49,256.326,256.327
data-analyst-1786004846-dc0cbc8b28e8,256.339,256.340
data-analyst-1786004837-1374dee0326e,256.367,256.368
data-analyst-1786004831-c7c5afed0841,256.383,256.383
data-analyst-1786004851-8d67500cbddd,256.396,256.397
data-analyst-1786004919-a9419d23a287,256.419,529.388
data-analyst-1786004851-b5f4c65d5cd1,256.460,256.461
wide-researcher-1786004919-ada8f247cf95,256.474,490.348
data-analyst-1786004850-d9f79847aef0,256.510,256.510
data-analyst-1786004847-94cf533be4ca,256.523,256.524
data-analyst-1786004841-cdc3aa63baa8,256.550,256.551
reviewer-1786004919-72607f5e3b1f,256.583,703.290
deep-researcher-1786004919-92e6eb2bca45,256.645,395.201
data-analyst-1786004849-7520e5c9bdb3,256.688,256.688
data-analyst-1786004828-26ddcc9ff7cc,256.701,256.702
data-analyst-1786004919-a6483bb0a7f5,256.725,617.233
data-analyst-1786004852-5604cfd59f2d,256.751,256.752
wide-researcher-1786004919-878ad637358e,256.780,626.254
data-analyst-1786004849-7665fa7c8365,256.785,256.785
reviewer-1786004919-4b878a558635,256.858,617.086
data-analyst-1786004853-db418bd65582,256.862,256.863
data-analyst-1786004843-4542f0c3557b,256.875,256.875
data-analyst-1786004847-5cdd05750942,256.889,256.889
data-analyst-1786004850-f4c759ac4acc,257.002,257.002
deep-researcher-1786004919-6d2f949238d1,257.015,673.450
data-analyst-1786004851-f4e80835edec,257.015,257.019
data-analyst-1786004853-3c39aab107bc,257.035,257.035
data-analyst-1786004919-eeb1e6b364d8,257.050,674.038
wide-researcher-1786004919-bfbf0adb89a1,257.072,671.503
data-analyst-1786004838-60b0b4606af6,257.102,257.102
reviewer-1786004920-d654007472dc,257.111,617.806
data-analyst-1786004850-6bac63729c32,257.184,257.185
deep-researcher-1786004920-9e33aeb68883,257.259,695.751
data-analyst-1786004920-87fa22ddeb65,257.279,497.833
wide-researcher-1786004920-9c724da284fb,257.320,647.041
reviewer-1786004920-1800d601ad11,257.352,696.059
data-analyst-1786004844-787b546fc2d1,257.361,257.362
data-analyst-1786004844-71b71aebcf1c,257.377,257.377
data-analyst-1786004841-334b259efdc6,257.391,257.392
data-analyst-1786004842-a5e234e9d294,257.409,257.409
data-analyst-1786004848-059dc5ae5a90,257.426,257.426
data-analyst-1786004855-86ae64ff9d0b,257.441,257.441
deep-researcher-1786004920-8ffae6db5fff,257.441,469.400
data-analyst-1786004920-826dec908189,257.458,595.722
wide-researcher-1786004920-dacf79ffc040,257.488,588.938
data-analyst-1786004845-7228c48ff35d,257.499,257.499
data-analyst-1786004844-0c7e03505d02,257.533,257.534
data-analyst-1786004825-28dc0285076f,257.549,257.550
data-analyst-1786004839-a8bdb61b4699,257.564,257.564
reviewer-1786004920-735ace7645bf,257.598,613.026
data-analyst-1786004842-82c69b113f83,257.617,257.618
data-analyst-1786004845-af5a389298a4,257.633,257.633
deep-researcher-1786004920-aaef2b3e892c,257.641,483.535
data-analyst-1786004855-be41ce444bce,257.650,257.651
data-analyst-1786004920-aa158cebe335,257.724,693.119
data-analyst-1786004841-ba5bed77735b,257.724,257.728
data-analyst-1786004844-1294cb5ac775,257.741,257.742
wide-researcher-1786004920-5618bfb02a97,257.751,671.678
reviewer-1786004920-f316fa064faa,257.806,624.925
data-analyst-1786004847-f2049debdfce,257.810,257.810
data-analyst-1786004856-b6c879199808,257.822,257.822
data-analyst-1786004849-e21986f2d6e1,257.838,257.838
data-analyst-1786004844-c546b1421019,257.916,257.917
data-analyst-1786004830-12e5c08ffb54,257.961,257.962
data-analyst-1786004836-e265a9e8ad2a,257.990,257.992
data-analyst-1786004856-8cd77367d2a3,258.006,258.007
data-analyst-1786004850-e82caa650dfd,258.020,258.021
data-analyst-1786004854-f1348ca25667,258.036,258.036
data-analyst-1786004854-35fd85474f84,258.053,258.053
data-analyst-1786004847-0c2543120e0e,258.067,258.067
data-analyst-1786004853-b100601d1e33,258.097,258.097
deep-researcher-1786004920-f74165a66351,258.102,593.023
data-analyst-1786004856-7b1a4673c565,258.114,258.115
data-analyst-1786004857-526bc3c943e0,258.142,258.143
data-analyst-1786004920-a56a04a3c5ae,258.156,678.564
data-analyst-1786004844-3538d822128e,258.161,258.161
data-analyst-1786004846-8428eb866474,258.193,258.194
data-analyst-1786004849-17087f875aa4,258.254,258.254
data-analyst-1786004831-4f5a7e6771b7,258.269,258.269
wide-researcher-1786004920-f8df2327b9d9,258.287,625.347
data-analyst-1786004858-a937a32ab6f4,258.348,258.349
reviewer-1786004920-58b304d5cb2c,258.361,612.934
data-analyst-1786004846-e11053987192,258.407,258.408
deep-researcher-1786004921-3d29dff76f09,258.412,702.266
data-analyst-1786004850-243951169263,258.426,258.427
data-analyst-1786004853-4c32a4fc4731,258.442,258.442
data-analyst-1786004921-4701d872ac26,258.457,616.618
data-analyst-1786004849-b9c25f53e84f,258.474,258.475
data-analyst-1786004846-452ee822219e,258.488,258.489
wide-researcher-1786004921-23d8b18fe1d8,258.530,620.591
reviewer-1786004921-cd80f84bbc48,258.579,671.325
deep-researcher-1786004921-12f89290d251,258.624,694.507
data-analyst-1786004921-ab5c0b06c15d,258.644,696.699
data-analyst-1786004854-66ade68d5988,258.682,258.682
data-analyst-1786004854-457f19b7c8b4,258.698,258.698
data-analyst-1786004844-381a2cb467ef,258.759,258.759
wide-researcher-1786004921-b18c673ca23d,258.769,488.465
data-analyst-1786004852-e6add9f87c68,258.779,258.779
reviewer-1786004921-ba5184739d8b,258.788,670.898
deep-researcher-1786004921-361e156c0746,258.832,543.534
data-analyst-1786004921-944b010d4ec2,258.861,671.718
data-analyst-1786004856-78ebf445db87,258.897,258.897
wide-researcher-1786004921-0fd679db5d9b,258.956,640.855
reviewer-1786004921-f248da969e8e,258.998,623.350
data-analyst-1786004841-9182d1b55ab1,259.003,259.003
data-analyst-1786004843-2ff529c51b42,259.061,259.062
data-analyst-1786004849-78470fd84997,259.093,259.094
deep-researcher-1786004921-7e810241665c,259.118,614.103
data-analyst-1786004831-678ed8c179c9,259.129,259.130
data-analyst-1786004857-62f15e275f8f,259.146,259.146
data-analyst-1786004922-24b969942c01,259.146,674.874
data-analyst-1786004862-567cf3c91368,259.259,259.259
wide-researcher-1786004922-e30fad69cbbb,259.269,482.670
data-analyst-1786004824-2cb20910a750,259.278,259.278
data-analyst-1786004835-8a2a9c1def24,259.294,259.295
data-analyst-1786004847-87dd56c240fa,259.308,259.309
reviewer-1786004922-bb6a79dc5640,259.313,673.880
data-analyst-1786004844-c10f75e403c4,259.325,259.326
deep-researcher-1786004922-29ff162fbfa3,259.445,508.655
data-analyst-1786004854-69cb77387cf4,259.487,259.488
data-analyst-1786004839-546c18a8c88c,259.500,259.501
data-analyst-1786004922-9a47731f054d,259.505,619.213
data-analyst-1786004857-5ccd829f9f79,259.568,259.568
wide-researcher-1786004922-67e1a8090943,259.573,694.727
reviewer-1786004922-053befec68e5,259.600,582.998
data-analyst-1786004854-367bb2d7176a,259.666,259.667
data-analyst-1786004848-4cfd3d4c03c1,259.715,259.715
deep-researcher-1786004922-b4da00407efe,259.734,700.365
data-analyst-1786004856-794ea6980eb3,259.780,259.781
data-analyst-1786004922-992df860721a,259.798,522.676
wide-researcher-1786004922-fbeb2ae714b3,259.853,491.370
reviewer-1786004922-415df78c488c,259.873,672.989
deep-researcher-1786004922-287763d35392,259.923,703.421
data-analyst-1786004922-571f6c0b9c76,259.978,682.964
wide-researcher-1786004922-49355c4c9ad1,260.034,526.751
data-analyst-1786004849-b37f59ae6c3e,260.064,260.064
reviewer-1786004923-9b18a7df2d74,260.079,621.044
data-analyst-1786004842-0bab21ff6b5b,260.204,260.205
deep-researcher-1786004923-f7cdfea3df1d,260.270,606.441
data-analyst-1786004923-741b74541e16,260.300,660.376
wide-researcher-1786004923-a9a9d56ee63b,260.345,590.870
reviewer-1786004923-e7d894c834c5,260.373,612.869
data-analyst-1786004861-ff8f0a9a6f1e,260.449,260.449
data-analyst-1786004860-b2447836dcff,260.491,260.492
deep-researcher-1786004923-c4cf5dcafd8f,260.504,380.570
data-analyst-1786004861-8e5a45bbf7ad,260.504,260.508
data-analyst-1786004923-45b7ea6864e9,260.562,626.358
data-analyst-1786004855-6fa9e3e4e6c5,260.572,260.573
data-analyst-1786004846-66d365f0d208,260.588,260.589
data-analyst-1786004844-1a343f228c0a,260.621,260.621
wide-researcher-1786004923-c949c421bd6a,260.626,479.152
reviewer-1786004923-0956ebdca3a4,260.644,631.328
deep-researcher-1786004923-e9f76a4f4474,260.701,475.118
data-analyst-1786004923-aeff10afa830,260.731,617.528
wide-researcher-1786004923-648be47531f7,260.786,499.876
data-analyst-1786004834-283bf65e6517,260.820,260.821
reviewer-1786004923-3bec48817729,260.821,615.572
data-analyst-1786004865-7211a1e4ebe1,260.913,260.913
deep-researcher-1786004923-875832bc807e,260.948,483.439
data-analyst-1786004864-a4a48dd50403,260.977,260.977
data-analyst-1786004923-7d2e15426d56,261.003,673.203
wide-researcher-1786004923-e827fc708a33,261.024,474.221
data-analyst-1786004865-b4fe9f566dae,261.035,261.036
reviewer-1786004923-d343d8490647,261.078,698.822
data-analyst-1786004841-48c9b7d97ea7,261.078,261.083
data-analyst-1786004868-a29e3b9b82fd,261.157,261.157
data-analyst-1786004841-b9500cd62c53,261.171,261.172
data-analyst-1786004847-695deac23763,261.201,261.202
data-analyst-1786004861-6fd509ed1be1,261.214,261.215
deep-researcher-1786004924-1edd37aafbc4,261.256,405.228
data-analyst-1786004858-a56041a5820a,261.275,261.276
data-analyst-1786004924-8d43a4c56a4d,261.284,598.189
data-analyst-1786004868-71ca8de37720,261.337,261.337
wide-researcher-1786004924-17c2219427df,261.373,377.598
data-analyst-1786004857-4c10fff56ff7,261.383,261.384
reviewer-1786004924-1486d3108370,261.411,627.880
data-analyst-1786004868-93d58daf73fe,261.416,261.416
deep-researcher-1786004924-19b65b46585c,261.486,707.798
data-analyst-1786004924-3824905f3766,261.595,609.414
data-analyst-1786004827-0a4e8cd8005b,261.638,261.639
wide-researcher-1786004924-725189027ca0,261.638,618.129
data-analyst-1786004861-7e490c37fae9,261.692,261.692
data-analyst-1786004841-ec7f6fe24407,261.736,261.736
reviewer-1786004924-37ce152aab97,261.796,680.205
deep-researcher-1786004924-5e29ac30d75f,261.827,589.841
data-analyst-1786004924-e146171a8dfa,261.854,605.493
wide-researcher-1786004924-648f178c4502,261.882,476.716
reviewer-1786004924-a2c55572ea3f,261.901,678.468
data-analyst-1786004869-6acb94f96529,261.954,261.954
data-analyst-1786004865-b01b90cafc89,261.967,261.967
deep-researcher-1786004924-8b3f326c10ce,261.968,485.728
data-analyst-1786004865-0a7fa0ae691b,261.985,261.985
data-analyst-1786004832-84c938d001e8,262.055,262.055
data-analyst-1786004924-451c845b98a7,262.081,700.938
data-analyst-1786004839-51310e42a7e3,262.127,262.128
wide-researcher-1786004925-e78bd60468e6,262.136,588.614
data-analyst-1786004849-f1b10fef7154,262.144,262.145
data-analyst-1786004859-8bd093f234e6,262.157,262.158
reviewer-1786004925-d532c8084697,262.166,609.569
data-analyst-1786004866-f5f123f03a8a,262.174,262.174
data-analyst-1786004868-2190c9e678ad,262.187,262.188
data-analyst-1786004840-01c519717b84,262.202,262.202
deep-researcher-1786004925-adc421b6128c,262.219,472.904
data-analyst-1786004925-8fccf38c3245,262.275,612.211
data-analyst-1786004868-e67f384c5d5d,262.318,262.319
wide-researcher-1786004925-f88404d837db,262.349,496.882
data-analyst-1786004841-5cdb752d5203,262.388,262.389
data-analyst-1786004859-36cbbf54a54c,262.402,262.402
data-analyst-1786004853-0a3b8630abcb,262.429,262.430
data-analyst-1786004854-a8d82ac8cac2,262.478,262.478
data-analyst-1786004869-b2bcd4eb9b7c,262.492,262.493
reviewer-1786004925-c9150d7256f7,262.505,598.371
data-analyst-1786004835-b55bd7a9d000,262.522,262.522
data-analyst-1786004872-d4dcc311dce5,262.552,262.552
data-analyst-1786004872-8dd76572f3e9,262.583,262.584
data-analyst-1786004866-7812102400e3,262.600,262.600
data-analyst-1786004870-c7c252621e09,262.628,262.629
deep-researcher-1786004925-064dbca6f30d,262.629,482.541
data-analyst-1786004867-3b0f8445e770,262.678,262.678
data-analyst-1786004925-88807072d67d,262.764,618.995
wide-researcher-1786004925-08914ac71a1a,262.803,628.681
data-analyst-1786004847-2674985dd5d9,262.822,262.823
data-analyst-1786004853-75b5e13d2108,262.862,262.863
reviewer-1786004925-f77532d6f8dd,262.875,706.501
deep-researcher-1786004925-daa937071fa1,262.906,693.702
data-analyst-1786004852-1edebe713bc5,262.970,262.971
data-analyst-1786004925-9bd270473e73,262.984,568.664
data-analyst-1786004872-3b45c72d4c60,263.001,263.002
wide-researcher-1786004925-9922b9ae5a41,263.006,627.601
data-analyst-1786004869-0bb3c2df3b12,263.064,263.065
data-analyst-1786004864-4592758f2ee8,263.105,263.106
reviewer-1786004926-c5001a4f372f,263.312,676.975
deep-researcher-1786004926-e10da8b257b9,263.343,495.162
data-analyst-1786004926-213adb1009ab,263.371,616.059
data-analyst-1786004848-537f3e4d3b39,263.371,369.576
wide-researcher-1786004926-93dacf96318a,263.407,592.377
reviewer-1786004926-acaa77585a70,263.430,667.476
deep-researcher-1786004926-f571a7577f48,263.493,703.830
data-analyst-1786004926-b57b8e19fa8c,263.583,696.984
wide-researcher-1786004926-80745a8797ca,263.644,588.894
reviewer-1786004926-ce7057c0fb40,263.684,597.026
deep-researcher-1786004926-51c742fef290,263.728,431.312
data-analyst-1786004926-ac0a2cd68d02,263.767,647.553
data-analyst-1786004880-c732398e79eb,263.810,424.501
data-analyst-1786004860-7f28fa81bb70,263.853,370.197
wide-researcher-1786004926-4f661b830b99,263.858,613.779
data-analyst-1786004827-38d5e1f2b71b,263.892,359.307
reviewer-1786004926-aced2d2d42a9,263.972,589.899
data-analyst-1786004872-d22ae1d387a4,263.991,263.992
data-analyst-1786004866-e6be9c571242,264.005,264.005
data-analyst-1786004861-85bc4a40d8a5,264.018,264.018
deep-researcher-1786004926-89fcd05101d5,264.027,496.978
data-analyst-1786004845-1405a46dde94,264.052,264.052
data-analyst-1786004926-2a3b6d09b08c,264.125,608.595
wide-researcher-1786004926-befe5c74cde5,264.281,612.604
data-analyst-1786004847-8292be0d0a6c,264.395,264.395
reviewer-1786004927-9ff9ad058b58,264.400,698.806
deep-researcher-1786004927-10e570f4fd0f,264.496,682.180
data-analyst-1786004927-5782c78f851c,264.649,594.295
wide-researcher-1786004927-9e1b14dfcf04,264.773,670.055
data-analyst-1786004874-6d262d0a71be,264.791,264.791
reviewer-1786004927-c68ae9cd6a2f,264.832,677.712
deep-researcher-1786004927-578cce4dfcfc,264.863,589.240
data-analyst-1786004857-65467a0fc882,264.863,264.864
data-analyst-1786004927-27f0d4744405,264.923,646.841
wide-researcher-1786004927-86453da99e52,264.951,588.967
reviewer-1786004927-8a831c028558,264.990,609.267
data-analyst-1786004868-e39a587f750a,264.991,264.995
data-analyst-1786004855-b7c9ac668a6b,265.007,265.007
deep-researcher-1786004928-c3ed61b9ec3f,265.049,414.968
data-analyst-1786004865-e467180ebd40,265.050,265.054
data-analyst-1786004865-3c854835fb46,265.069,265.070
data-analyst-1786004868-9a48f658beda,265.082,265.083
data-analyst-1786004928-b05ae4d16af3,265.087,691.324
data-analyst-1786004871-8ca6088cc28a,265.100,265.101
data-analyst-1786004832-23eaada9dbdb,265.114,265.115
data-analyst-1786004874-8289fb9ed688,265.175,265.176
wide-researcher-1786004928-7fc411c400f5,265.185,587.482
reviewer-1786004928-7f47dc3b4468,265.204,696.796
deep-researcher-1786004928-2219d2aa84e9,265.307,616.914
data-analyst-1786004872-fc99f2c4e90d,265.339,265.339
data-analyst-1786004928-87220b998d84,265.352,593.702
data-analyst-1786004868-77639e13bb7e,265.352,265.356
data-analyst-1786004876-5368c38f916d,265.458,265.459
wide-researcher-1786004928-24b4e25203af,265.600,498.578
reviewer-1786004928-1374a5e4afc9,265.628,676.291
data-analyst-1786004842-1faef4ce0599,265.633,265.633
data-analyst-1786004864-9590bcaed52b,265.673,265.673
data-analyst-1786004875-99c0f5d6f0ab,265.699,265.699
deep-researcher-1786004928-c683ea5330a7,265.784,415.917
data-analyst-1786004842-6a3edd282cf9,265.797,265.798
data-analyst-1786004842-0fc59681e582,265.860,265.861
data-analyst-1786004862-0329c490952d,265.875,265.876
data-analyst-1786004869-813e05e35316,265.891,265.892
data-analyst-1786004928-6c15cb3214e3,265.910,606.888
wide-researcher-1786004928-7f22e90234ec,265.949,472.479
reviewer-1786004928-c389837c9a94,266.003,694.225
deep-researcher-1786004928-7aab1b174722,266.121,619.231
data-analyst-1786004864-a7e322e8ccfa,266.263,266.264
data-analyst-1786004929-4a80bde69651,266.287,673.008
wide-researcher-1786004929-c600a460c7a2,266.333,679.565
reviewer-1786004929-a9887ed715ae,266.375,697.940
deep-researcher-1786004929-ee345d7dbcec,266.436,693.681
data-analyst-1786004929-7b2ab7e58d10,266.465,620.717
wide-researcher-1786004929-f73b72813b80,266.504,495.992
data-analyst-1786004865-962d337b023f,266.508,266.508
data-analyst-1786004882-6d13ffb27ebf,266.542,357.686
reviewer-1786004929-d92c642cf887,266.585,602.729
data-analyst-1786004861-98f460c99836,266.630,266.631
deep-researcher-1786004929-52c8b4ddd3f4,266.653,485.815
data-analyst-1786004874-8e83e0befb3c,266.663,266.664
data-analyst-1786004876-817d695c6298,266.691,266.691
data-analyst-1786004929-31578fcfe75e,266.713,638.509
data-analyst-1786004865-d40abfd50d69,266.723,266.723
wide-researcher-1786004929-745ed2070ac2,266.732,538.127
reviewer-1786004929-65f2517e7631,266.791,603.051
data-analyst-1786004882-f014a989f53f,266.804,361.676
data-analyst-1786004880-7b5821d8616c,266.818,374.027
deep-researcher-1786004929-7e87c22a4704,266.851,438.898
data-analyst-1786004874-3ac38be63b01,266.871,266.872
data-analyst-1786004929-c96f4c4c8d96,266.881,696.715
data-analyst-1786004872-907c930fdbd1,266.891,266.892
wide-researcher-1786004929-180245cb5299,267.060,490.041
data-analyst-1786004869-5d19f325d965,267.095,267.096
data-analyst-1786004866-7939c8c6441b,267.110,267.110
reviewer-1786004929-74289ec8854b,267.115,657.909
data-analyst-1786004845-2dd6cb7e4d91,267.127,360.916
data-analyst-1786004851-e262f8293e93,267.174,267.174
deep-researcher-1786004929-97fa0528a211,267.292,703.636
data-analyst-1786004875-410743cdfc3f,267.317,267.318
data-analyst-1786004869-5d99aac3a0ee,267.361,267.362
data-analyst-1786004930-93975da63e41,267.381,694.175
wide-researcher-1786004930-9437ea6ea83f,267.468,490.236
reviewer-1786004930-528ca97c3fc1,267.515,679.115
deep-researcher-1786004930-c8265c787be6,267.635,447.830
data-analyst-1786004930-cfbf686959fa,267.676,658.513
data-analyst-1786004883-dc9be39545bd,267.801,359.111
wide-researcher-1786004930-fa79558e5d23,267.851,494.155
reviewer-1786004930-53768cc0d9d7,267.891,704.385
deep-researcher-1786004930-cd270877197d,267.935,529.127
data-analyst-1786004930-be6549834f67,267.971,653.714
data-analyst-1786004846-96e6a3dd10fe,267.985,267.985
wide-researcher-1786004930-452f04e0fb28,268.011,494.902
reviewer-1786004931-85075b5ca073,268.071,656.259
deep-researcher-1786004931-12aaaa851047,268.169,679.037
data-analyst-1786004931-858a61ef7211,268.205,604.367
wide-researcher-1786004931-15f669950ce7,268.231,475.565
reviewer-1786004931-1ca0bffb849f,268.302,697.957
data-analyst-1786004843-eadbb0643632,268.357,268.358
deep-researcher-1786004931-4301c98b3da1,268.371,546.924
data-analyst-1786004872-cee0ee4d003d,268.482,268.483
data-analyst-1786004931-4fd104114288,268.556,689.787
data-analyst-1786004846-486496cfa9d2,268.607,268.608
wide-researcher-1786004931-e1f7ff70161d,268.636,700.327
data-analyst-1786004842-b4512dd1cc62,268.655,268.656
reviewer-1786004931-630eef1faece,268.665,697.391
deep-researcher-1786004931-b46bb48800eb,268.808,495.965
data-analyst-1786004931-fa3bd0a2ae71,268.892,605.667
wide-researcher-1786004931-80d13f99df1c,268.950,498.324
reviewer-1786004931-6f7ea2348f29,268.979,671.698
deep-researcher-1786004931-ab2031e3003a,269.022,693.659
data-analyst-1786004932-d244116686a9,269.039,609.680
wide-researcher-1786004932-1f990fef015b,269.121,488.494
reviewer-1786004932-39a159015001,269.148,595.448
deep-researcher-1786004932-7e0cc581df99,269.189,458.231
data-analyst-1786004884-7b48e87b8d3b,269.222,366.204
data-analyst-1786004932-c53fa27ae89a,269.305,615.462
wide-researcher-1786004932-2f79ba7a75e4,269.350,697.371
data-analyst-1786004861-d333a50ee66c,269.364,269.365
reviewer-1786004932-a2839e0686d0,269.369,703.765
data-analyst-1786004830-f6232bb248a6,269.394,269.394
data-analyst-1786004864-7f874bb13d37,269.409,269.410
deep-researcher-1786004932-89200266d062,269.418,688.585
data-analyst-1786004932-0cb9156b21e4,269.446,606.736
wide-researcher-1786004932-7c9489fac7cb,269.485,628.134
reviewer-1786004932-7144375ff215,269.525,688.247
deep-researcher-1786004932-b8343a4e6a74,269.589,593.537
data-analyst-1786004932-013609d99785,269.627,703.272
wide-researcher-1786004932-5cd6ff0ffcb9,269.682,705.737
reviewer-1786004932-5de205f28cab,269.714,601.613
deep-researcher-1786004932-df8f5c1fc557,269.811,411.662
data-analyst-1786004842-225bd0ffd497,269.812,269.812
data-analyst-1786004860-28b813f9b4f3,270.031,270.031
data-analyst-1786004932-30ffbe0ae344,270.039,706.073
wide-researcher-1786004932-242fe3627d9a,270.072,377.962
reviewer-1786004932-3929c20b3f94,270.147,679.522
deep-researcher-1786004932-635803f5e993,270.190,493.283
data-analyst-1786004933-61dbcf23d120,270.318,676.634
data-analyst-1786004884-7507f8eb4837,270.367,360.193
wide-researcher-1786004933-a84547d31691,270.411,477.751
data-analyst-1786004876-15ff86f7703f,270.415,270.415
data-analyst-1786004870-abd5cd0fc8af,270.430,270.431
data-analyst-1786004865-e95464156cc0,270.443,270.444
reviewer-1786004933-17997011f6d0,270.489,703.440
deep-researcher-1786004933-6653424b2534,270.529,479.942
data-analyst-1786004933-8b914c926a15,270.557,594.815
data-analyst-1786004855-e9f74192bfd3,270.557,365.416
data-analyst-1786004837-494126b9ae90,270.589,363.497
data-analyst-1786004831-78ba99a3bee9,270.603,364.750
wide-researcher-1786004933-9a7559c8f7b3,270.629,477.891
reviewer-1786004933-4183deefc476,270.667,645.041
deep-researcher-1786004933-7738f6d9ad7e,270.820,696.200
data-analyst-1786004933-a29f814c4f3b,270.875,672.494
wide-researcher-1786004933-6705b92e09da,270.894,498.384
reviewer-1786004933-855aadcf9275,270.923,695.208
deep-researcher-1786004933-89147fbbeca9,270.965,480.555
data-analyst-1786004934-659e242354f1,270.996,626.545
wide-researcher-1786004934-dd7ce6339a31,271.036,591.552
reviewer-1786004934-8b011b66189f,271.056,659.341
data-analyst-1786004885-230212627beb,271.070,379.139
data-analyst-1786004885-26199ed5ecca,271.084,357.299
deep-researcher-1786004934-d5e29935ca9c,271.098,670.263
data-analyst-1786004934-02f11482f6f1,271.133,620.219
wide-researcher-1786004934-0f696b2d6617,271.198,508.899
reviewer-1786004934-2ee80102ccf0,271.227,698.179
data-analyst-1786004872-e2dd822ce380,271.277,271.277
deep-researcher-1786004934-616d2554ad8b,271.325,494.688
data-analyst-1786004874-e98f5de448aa,271.367,271.367
data-analyst-1786004869-c9468803c71d,271.381,271.381
data-analyst-1786004934-63fa8c5fe946,271.398,696.812
data-analyst-1786004872-0549e5167959,271.440,271.441
wide-researcher-1786004934-48dec1aa1e3a,271.441,641.067
reviewer-1786004934-f40ad287c422,271.553,628.356
deep-researcher-1786004934-2c2508873475,271.648,464.208
data-analyst-1786004934-d2a194b45d27,271.666,677.694
wide-researcher-1786004934-75ee7d972631,271.686,701.058
data-analyst-1786004877-bb3bd3b0804b,271.744,366.964
data-analyst-1786004879-d176803425ea,271.764,271.764
data-analyst-1786004879-e0e4f5c40702,271.791,271.791
data-analyst-1786004832-3c4c3f5763a3,271.806,271.807
reviewer-1786004934-20c1123eb4fd,271.824,686.905
data-analyst-1786004873-8b012c0ed198,271.881,271.882
deep-researcher-1786004934-b7476b040694,271.915,490.679
data-analyst-1786004934-b423c15cf91f,271.994,669.461
wide-researcher-1786004934-0eaa1e22eebd,272.042,681.043
reviewer-1786004934-b740b8c3243a,272.071,619.128
deep-researcher-1786004935-1bb2d673dc7c,272.140,703.308
data-analyst-1786004935-98bb992c0270,272.183,683.061
wide-researcher-1786004935-9b92e42ae5eb,272.320,490.407
reviewer-1786004935-039d5fe22078,272.360,690.292
deep-researcher-1786004935-1a4f3a10e286,272.400,594.373
data-analyst-1786004935-d28f3e6742ab,272.433,700.636
wide-researcher-1786004935-9714da08de2d,272.473,635.615
data-analyst-1786004826-816b6d2096c4,272.562,357.884
reviewer-1786004935-5f5730985f0d,272.567,632.503
deep-researcher-1786004935-f86c2957518b,272.609,476.805
data-analyst-1786004935-e4ddfddbd68b,272.648,681.880
wide-researcher-1786004935-a6b281748f2b,272.748,608.443
data-analyst-1786004860-711e0420ec41,272.807,272.808
reviewer-1786004935-0cf2aedbe38b,272.836,696.572
deep-researcher-1786004935-68428c10e187,272.907,688.047
data-analyst-1786004935-4f74bb2be934,272.957,699.390
data-analyst-1786004824-436069af3553,272.966,272.966
wide-researcher-1786004935-744d52dc928d,272.999,488.861
data-analyst-1786004874-50171d56b402,273.072,273.073
reviewer-1786004935-a5d77b44ac32,273.077,670.021
data-analyst-1786004849-0b83ee9929d7,273.089,273.090
deep-researcher-1786004936-297253817f0f,273.162,509.094
data-analyst-1786004936-6208756cbfe5,273.181,669.857
wide-researcher-1786004936-a87e4857afb1,273.199,486.614
reviewer-1786004936-cf03195f01c8,273.228,694.605
deep-researcher-1786004936-f8db6832e8f0,273.333,393.568
data-analyst-1786004936-730b43636133,273.418,632.178
wide-researcher-1786004936-1e45327ee06a,273.477,598.041
reviewer-1786004936-be5e98f1e688,273.508,650.099
data-analyst-1786004880-9468c17e2b64,273.557,273.557
deep-researcher-1786004936-965b716b505b,273.557,414.469
data-analyst-1786004936-520f16559989,273.590,629.616
wide-researcher-1786004936-340261253859,273.654,493.270
data-analyst-1786004882-b1e7b3c48755,273.713,273.713
data-analyst-1786004865-507c44207736,273.728,273.728
reviewer-1786004936-d7905d245023,273.824,682.911
deep-researcher-1786004936-d19ec52b9bc7,273.865,699.041
data-analyst-1786004936-efe11a27774c,273.882,610.569
wide-researcher-1786004936-a37e481f5a09,273.911,613.462
reviewer-1786004936-45c9a6c884b9,273.957,593.584
deep-researcher-1786004937-6304e08b3600,274.015,603.828
data-analyst-1786004937-5df2de63928d,274.059,688.288
wide-researcher-1786004937-7d7ed826e886,274.084,625.875
reviewer-1786004937-05b8f843ba5c,274.124,679.406
data-analyst-1786004837-edd61d88518b,274.158,274.158
deep-researcher-1786004937-9ba168fedcb1,274.228,496.500
data-analyst-1786004886-5e25a8ea57cb,274.243,366.529
data-analyst-1786004886-2366d9b00821,274.257,423.650
data-analyst-1786004937-1a62a9d9d353,274.267,611.896
data-analyst-1786004880-0ff9781621aa,274.276,274.276
wide-researcher-1786004937-cc947aefd0c6,274.330,508.503
reviewer-1786004937-4d18cf84d68c,274.353,669.611
deep-researcher-1786004937-5668ecd35789,274.403,700.840
data-analyst-1786004937-a1377219db61,274.500,632.355
wide-researcher-1786004937-d5b53ca04564,274.573,695.960
reviewer-1786004937-0798ba561221,274.591,698.162
deep-researcher-1786004937-95b41d41b8c5,274.671,611.614
data-analyst-1786004937-dc597dba9107,274.709,614.548
wide-researcher-1786004937-a3f22d67454f,274.740,604.774
reviewer-1786004937-d33219b5f343,274.934,676.081
data-analyst-1786004869-301bceb899a7,274.971,274.972
deep-researcher-1786004937-ae4c6a7241c9,274.989,696.780
data-analyst-1786004879-59507775e379,275.001,275.001
data-analyst-1786004937-31d6024a7be1,275.028,700.114
wide-researcher-1786004937-d25fcf8e37ba,275.079,616.710
data-analyst-1786004880-04f1712491aa,275.092,392.287
reviewer-1786004938-cddcee4b6f89,275.109,606.997
data-analyst-1786004859-d25bf1125f83,275.140,275.141
data-analyst-1786004860-4a604dc6f13c,275.153,275.154
deep-researcher-1786004938-c70f95e605a6,275.191,608.144
data-analyst-1786004938-59ea50b49c5c,275.333,700.019
wide-researcher-1786004938-bd6ee66ee67a,275.355,607.309
reviewer-1786004938-1e4905565f61,275.385,697.729
deep-researcher-1786004938-f0b1c474e540,275.426,497.975
data-analyst-1786004879-686532835325,275.444,275.445
data-analyst-1786004938-0fe114975131,275.453,645.894
wide-researcher-1786004938-399dc6bd70b4,275.482,420.044
reviewer-1786004938-f357bf46495f,275.527,697.347
data-analyst-1786004843-3aa6fb6f557a,275.561,275.562
deep-researcher-1786004938-5a6eaa522313,275.570,617.961
data-analyst-1786004938-c5c3029a35cf,275.597,636.150
wide-researcher-1786004938-8656af10816c,275.631,480.273
reviewer-1786004938-dc284145a318,275.657,700.210
deep-researcher-1786004938-5cae4acb69e5,275.725,485.067
data-analyst-1786004938-55371464bb1b,275.769,603.023
wide-researcher-1786004938-cbb75ed6bda2,275.872,673.162
reviewer-1786004938-2780cae78518,275.891,601.684
data-analyst-1786004882-e89818a736a6,275.986,275.987
deep-researcher-1786004938-d9b6a66bb6f0,276.018,540.341
data-analyst-1786004938-ced525eed14d,276.084,611.427
wide-researcher-1786004939-cee1df0ff742,276.100,495.315
data-analyst-1786004881-af5b534432ce,276.113,359.340
reviewer-1786004939-dec0422e4ee5,276.181,651.282
deep-researcher-1786004939-d43551a92702,276.223,614.896
data-analyst-1786004939-da1b78bb09d5,276.250,595.330
wide-researcher-1786004939-df5c31da8172,276.452,617.384
reviewer-1786004939-e33080eb2358,276.524,601.958
deep-researcher-1786004939-9127084a2d27,276.584,484.340
data-analyst-1786004939-2d429723a687,276.620,689.044
data-analyst-1786004858-f8475ff73f01,276.620,357.520
wide-researcher-1786004939-5c785dde3b42,276.674,490.886
data-analyst-1786004882-450c5b7775f2,276.697,276.698
data-analyst-1786004879-17c95d65dd5b,276.839,276.840
reviewer-1786004939-0d28fa963b79,276.848,677.834
deep-researcher-1786004939-e43a4857b223,276.896,678.410
data-analyst-1786004850-6e2d90aa8305,276.901,276.901
data-analyst-1786004939-348d645252aa,276.914,613.436
wide-researcher-1786004939-83716641d4db,276.972,587.569
data-analyst-1786004868-8e2477368897,277.031,277.031
reviewer-1786004940-80aea606ef7b,277.039,681.492
deep-researcher-1786004940-b51286104c6a,277.081,512.555
data-analyst-1786004940-148f92f720fa,277.145,677.915
wide-researcher-1786004940-38e201330ac5,277.183,687.916
reviewer-1786004940-5c9aec5ed67b,277.237,686.819
deep-researcher-1786004940-8e02b72b4398,277.359,677.153
data-analyst-1786004940-baccf37b9ed0,277.392,659.239
wide-researcher-1786004940-346cfa1753ac,277.410,680.189
reviewer-1786004940-23e8def4bc6d,277.472,613.449
data-analyst-1786004867-9c6529df3f43,277.523,277.524
deep-researcher-1786004940-89623ade2f53,277.524,476.853
data-analyst-1786004844-9041339ef5ca,277.542,277.543
data-analyst-1786004940-9f190a7b5916,277.592,604.217
wide-researcher-1786004940-0cfe8d1cc8f3,277.694,664.572
reviewer-1786004940-653bc1f35c39,277.731,694.822
data-analyst-1786004888-7279015eac32,277.778,362.425
data-analyst-1786004854-17e9d4d120a2,277.791,277.791
data-analyst-1786004865-65aee6f92af3,277.804,277.805
deep-researcher-1786004940-093060f02e28,277.863,682.298
data-analyst-1786004869-449d1cb18ec6,277.905,361.058
data-analyst-1786004940-e1aa8d43c6c1,277.964,689.375
wide-researcher-1786004940-e07a1c57cc7a,277.993,605.986
reviewer-1786004940-d95336121214,278.011,679.318
deep-researcher-1786004941-f85c2197f29e,278.096,499.973
data-analyst-1786004941-666f0dd85ba1,278.122,610.142
wide-researcher-1786004941-2f13a45bab0e,278.350,688.088
reviewer-1786004941-f03e5c420246,278.414,649.121
deep-researcher-1786004941-d0442f5898dd,278.453,490.842
data-analyst-1786004941-3539d2c29313,278.489,693.946
wide-researcher-1786004941-632b2c061e67,278.530,487.618
reviewer-1786004941-0233e629eb01,278.597,610.280
deep-researcher-1786004941-b9f29a0f4f7c,278.689,483.152
data-analyst-1786004941-0251677e66d2,278.754,609.360
wide-researcher-1786004941-5ea5d5349934,278.859,618.352
data-analyst-1786004828-6d75feae912b,278.863,278.863
reviewer-1786004941-ee0f48173543,278.880,669.755
deep-researcher-1786004941-75b0c3a4961f,278.919,607.184
data-analyst-1786004874-0c9569f71531,278.948,278.948
data-analyst-1786004941-c9010f2acaa8,278.998,706.318
wide-researcher-1786004941-f6323bdf464c,279.033,673.948
reviewer-1786004942-c68e9384dc2f,279.099,624.270
deep-researcher-1786004942-95cedc5e8c9d,279.202,475.825
data-analyst-1786004942-9cf270d49961,279.221,644.832
wide-researcher-1786004942-5da904209ea0,279.248,629.629
reviewer-1786004942-c6001e33b7e9,279.265,610.724
deep-researcher-1786004942-580ab8af43aa,279.372,670.183
data-analyst-1786004942-d0590f739bc5,279.472,592.587
wide-researcher-1786004942-80e223900582,279.518,528.290
reviewer-1786004942-39ae8191b1dd,279.535,693.911
data-analyst-1786004868-a8cdbcd17cb9,279.668,279.668
data-analyst-1786004884-4650e82d10d6,279.721,279.722
data-analyst-1786004875-64b1fbecbcf0,279.855,279.856
deep-researcher-1786004942-6a54e0de52c0,279.860,676.511
data-analyst-1786004879-aea689b8fd6f,279.873,279.874
data-analyst-1786004942-6d45981d70bf,279.936,702.230
wide-researcher-1786004942-e2f6fff23f73,279.967,498.505
reviewer-1786004942-eef2dabff74b,280.010,620.550
data-analyst-1786004873-e224011a30ff,280.033,362.411
deep-researcher-1786004943-53f4864a6116,280.050,474.653
data-analyst-1786004884-5fcf6367e4ab,280.055,280.055
data-analyst-1786004943-f61ff9659b37,280.108,601.569
wide-researcher-1786004943-f5392be39040,280.127,643.040
reviewer-1786004943-0e62dcbb7118,280.162,628.981
data-analyst-1786004889-2e9599d3b6bb,280.218,377.024
data-analyst-1786004886-55af91b6f44f,280.297,362.032
deep-researcher-1786004943-1de71dc3e642,280.334,486.423
data-analyst-1786004943-2514464058e9,280.370,700.003
wide-researcher-1786004943-ccc4ca3d28d2,280.387,685.816
reviewer-1786004943-143df96ac54c,280.433,699.124
deep-researcher-1786004943-bfedb890334b,280.507,678.612
data-analyst-1786004943-7617c28e6a0e,280.546,705.634
wide-researcher-1786004943-81b2b983f37b,280.622,379.617
reviewer-1786004943-d0517c438455,280.725,676.491
deep-researcher-1786004943-ff419748673d,280.766,494.253
data-analyst-1786004943-134f5849c482,280.785,605.575
wide-researcher-1786004943-c3abb39cd596,280.882,476.255
reviewer-1786004943-e4b9ad7f9a8b,280.973,692.236
deep-researcher-1786004943-698a79d913be,281.024,708.996
data-analyst-1786004882-4aeb8692ac76,281.024,281.025
data-analyst-1786004943-85586422f6dd,281.042,701.370
wide-researcher-1786004944-16b172cb6b3f,281.060,675.547
reviewer-1786004944-24bf9e97b9e7,281.144,701.969
deep-researcher-1786004944-d501d8a76f37,281.206,552.778
data-analyst-1786004944-1c830ad54886,281.273,669.674
data-analyst-1786004890-68a97b43d2fe,281.307,365.875
data-analyst-1786004832-15c73dcd918c,281.320,281.321
wide-researcher-1786004944-535ee258b6bb,281.374,619.716
data-analyst-1786004866-b07dbca45226,281.429,281.429
reviewer-1786004944-a54223734e46,281.448,696.907
deep-researcher-1786004944-3b45bd3a630a,281.488,478.551
data-analyst-1786004881-ac6eaed01c50,281.506,281.507
data-analyst-1786004944-3356dbd66538,281.516,675.200
data-analyst-1786004881-0af301eb885f,281.539,360.018
wide-researcher-1786004944-7c7e91521d24,281.564,679.695
reviewer-1786004944-f17b985c990e,281.607,672.446
data-analyst-1786004862-1dd9ce0a9766,281.619,281.619
data-analyst-1786004841-b3cfca2e37f8,281.633,281.634
deep-researcher-1786004944-2a2300828c45,281.643,595.490
data-analyst-1786004944-60f22e1de394,281.682,606.503
data-analyst-1786004861-f825f4d81398,281.710,357.153
wide-researcher-1786004944-6582766543f7,281.719,691.128
data-analyst-1786004846-98b380bae590,281.728,281.729
reviewer-1786004944-4ba7fd3f100f,281.783,700.441
deep-researcher-1786004944-faba24e9b1fe,281.835,491.541
data-analyst-1786004944-978494f0fc70,281.856,660.740
wide-researcher-1786004944-116ed46ec814,281.917,650.522
data-analyst-1786004888-4b59d3b422d4,281.921,359.397
data-analyst-1786004869-d12040503cd8,281.939,281.940
reviewer-1786004944-3daabc5b0303,281.954,611.538
data-analyst-1786004871-767d63b48f4c,282.009,282.009
deep-researcher-1786004944-b9091e524019,282.029,497.246
data-analyst-1786004944-1fdecd89b247,282.064,610.739
wide-researcher-1786004945-07269f74f41a,282.122,599.905
reviewer-1786004945-0175c31867f4,282.224,697.015
data-analyst-1786004880-711cb5585906,282.287,282.288
deep-researcher-1786004945-882a3028341b,282.292,586.715
data-analyst-1786004866-ec09b03469df,282.358,282.359
data-analyst-1786004841-f3dc6668c152,282.371,282.372
data-analyst-1786004945-2cd92c7dcd60,282.497,674.522
data-analyst-1786004836-158aa8c9dd09,282.515,282.516
wide-researcher-1786004945-5508e7502383,282.537,495.146
reviewer-1786004945-7e91be45abd4,282.575,617.868
deep-researcher-1786004945-58f8a63232f5,282.653,598.700
data-analyst-1786004945-ed11f20ffebc,282.702,640.576
wide-researcher-1786004945-ee697ebbc44a,282.880,446.453
reviewer-1786004945-560f99db5cdf,282.978,680.671
deep-researcher-1786004945-ab7175e80b1d,283.038,701.946
data-analyst-1786004945-6629ff03eabe,283.068,699.707
wide-researcher-1786004946-71e01f032c20,283.127,636.988
reviewer-1786004946-b94d705bf06e,283.145,695.386
data-analyst-1786004876-78ee2d1b14d8,283.172,283.172
deep-researcher-1786004946-2fccdcd35d97,283.185,501.954
data-analyst-1786004946-e83f676c81db,283.286,686.565
data-analyst-1786004841-6b643994cee4,283.299,283.300
wide-researcher-1786004946-91851170e191,283.304,486.755
data-analyst-1786004891-342eb2035493,283.389,358.346
data-analyst-1786004891-7b31db612e3b,283.402,358.679
reviewer-1786004946-77104231ded1,283.453,634.347
deep-researcher-1786004946-45a1852aec93,283.526,699.864
data-analyst-1786004844-352a1d92437b,283.599,283.599
data-analyst-1786004946-2a8d93196133,283.638,690.897
wide-researcher-1786004946-4877876ef5f6,283.744,603.896
reviewer-1786004946-c12b21aef6dc,283.781,620.235
deep-researcher-1786004946-8e0f14ad1a6e,283.813,547.513
data-analyst-1786004946-82b5fef7161d,284.082,690.943
wide-researcher-1786004946-855024e10af4,284.101,433.457
reviewer-1786004946-a69a121162e6,284.138,695.258
data-analyst-1786004891-8208a136c309,284.179,367.315
data-analyst-1786004891-9bda1f8351fa,284.193,371.338
deep-researcher-1786004946-9aea4e6d4a35,284.216,489.012
data-analyst-1786004824-a3eb8d0a8599,284.240,284.240
data-analyst-1786004886-902cf77f58c3,284.254,284.254
data-analyst-1786004947-9ed694e41ee3,284.390,676.846
wide-researcher-1786004947-e4f02ec1ca16,284.456,637.236
reviewer-1786004947-23e81d08435a,284.505,593.397
deep-researcher-1786004947-81fca8f60077,284.544,595.977
data-analyst-1786004947-ebd82e749da2,284.587,613.137
wide-researcher-1786004947-e6c5ecea389e,284.626,678.709
reviewer-1786004947-30d54933e575,284.645,696.765
deep-researcher-1786004947-67f913a147f2,284.706,485.951
data-analyst-1786004947-37cca31844df,284.746,695.869
wide-researcher-1786004947-8269a568c541,284.810,476.471
reviewer-1786004947-956876530a1d,284.884,649.351
deep-researcher-1786004947-9cab4cb69501,284.962,695.794
data-analyst-1786004947-f1346166cec0,284.983,612.739
wide-researcher-1786004947-c6c911c8a6ee,285.053,654.724
data-analyst-1786004862-33bf52968186,285.067,366.015
reviewer-1786004948-a0025a852b45,285.092,602.868
deep-researcher-1786004948-5edb844cb325,285.149,673.266
data-analyst-1786004890-4033ca1574ee,285.162,372.329
data-analyst-1786004948-7b66ef10e5eb,285.257,606.795
wide-researcher-1786004948-76c22c66cebf,285.305,480.470
reviewer-1786004948-55937ba94757,285.324,634.935
deep-researcher-1786004948-15b5be8b1dc5,285.516,479.105
data-analyst-1786004948-eb55cc5bb170,285.572,614.031
wide-researcher-1786004948-7445e8c26158,285.603,605.354
reviewer-1786004948-d6c65386a42a,285.623,688.005
data-analyst-1786004849-821235e8fd8e,285.662,285.662
deep-researcher-1786004948-83cbe6a8bed1,285.672,614.737
data-analyst-1786004948-92ada924a447,285.727,702.323
wide-researcher-1786004948-4ad7b9dfbf0b,285.770,496.082
data-analyst-1786004885-d5bc343fa69d,285.816,285.816
reviewer-1786004948-6d77b25e11e1,285.960,699.624
deep-researcher-1786004948-1d96d2889dff,286.014,376.293
data-analyst-1786004948-cd26056fc62d,286.068,695.887
wide-researcher-1786004948-4ca2c73ac2d2,286.160,708.877
reviewer-1786004949-cf0488be7c27,286.180,673.316
data-analyst-1786004831-200b4a44d2dc,286.189,286.190
deep-researcher-1786004949-92934608e93e,286.223,486.670
data-analyst-1786004949-6e132c9fc9f5,286.318,674.259
wide-researcher-1786004949-73e340dd9532,286.357,436.155
data-analyst-1786004857-f563f304133c,286.386,286.386
data-analyst-1786004847-46a84dc98326,286.400,286.401
reviewer-1786004949-54d5f0d864d5,286.405,678.925
deep-researcher-1786004949-fafc8a8ab9a8,286.446,672.557
data-analyst-1786004949-c8994ff56de3,286.476,516.535
data-analyst-1786004886-1a800e4cf1a5,286.503,286.503
wide-researcher-1786004949-2c2074296e7f,286.563,399.869
reviewer-1786004949-cc3b82c0e97b,286.612,697.874
deep-researcher-1786004949-de7a5939ca72,286.657,681.361
data-analyst-1786004949-cc37476fdac5,286.764,600.144
data-analyst-1786004892-033d65720a76,286.779,364.259
wide-researcher-1786004949-bb10bb0f6759,286.825,483.041
reviewer-1786004949-3e97899e5423,287.021,604.172
deep-researcher-1786004949-698d06624d79,287.085,487.277
data-analyst-1786004949-1e82e4873a8c,287.140,587.539
wide-researcher-1786004949-842f115dba9e,287.186,634.050
reviewer-1786004950-7addf3c04734,287.247,641.337
data-analyst-1786004827-24af00253373,287.297,361.967
data-analyst-1786004845-1bb1dda8aade,287.311,357.899
deep-researcher-1786004950-1bcdfa8060e8,287.533,405.063
data-analyst-1786004950-cda4b827c229,287.570,706.186
wide-researcher-1786004950-f1ce9694db4c,287.611,474.360
reviewer-1786004950-ce817bf3d88b,287.642,675.895
deep-researcher-1786004950-58a6886e6105,287.682,555.247
data-analyst-1786004950-5049f4520523,287.700,615.859
wide-researcher-1786004950-d70353551a0d,287.738,697.241
reviewer-1786004950-c5cbcff2bb07,287.833,671.519
deep-researcher-1786004950-1d7788725e41,287.896,701.092
data-analyst-1786004950-fb9a02325137,287.928,586.041
data-analyst-1786004844-cb992f940a0a,287.989,287.990
wide-researcher-1786004950-5d1c4fa2a66b,287.994,465.236
data-analyst-1786004839-5372d9d0787c,288.007,288.008
reviewer-1786004950-d2c5ccf3dd23,288.106,686.988
deep-researcher-1786004951-0e9a8470279d,288.140,489.428
data-analyst-1786004951-fba14cda683d,288.273,675.292
wide-researcher-1786004951-9764b585d96c,288.313,379.393
reviewer-1786004951-2c8d6548257b,288.342,609.694
data-analyst-1786004886-baadf0829275,288.429,288.429
data-analyst-1786004835-7670a5cc1987,288.522,288.523
deep-researcher-1786004951-d089812d93cf,288.609,504.570
data-analyst-1786004951-2efa70c14f2b,288.656,613.882
wide-researcher-1786004951-ac369958507c,288.693,620.124
reviewer-1786004951-73f24d546ca4,288.741,663.037
data-analyst-1786004880-87da6e72000f,288.753,288.754
deep-researcher-1786004951-14c59bcbda17,288.775,513.177
data-analyst-1786004868-92457323432e,288.825,288.825
data-analyst-1786004951-b9418255dbb1,288.878,610.000
data-analyst-1786004872-96f8d4730108,289.016,289.017
wide-researcher-1786004951-0591dd463483,289.034,529.437
reviewer-1786004951-4534011a265f,289.082,703.652
deep-researcher-1786004951-352b2d4985d9,289.127,481.249
data-analyst-1786004952-68fe269fd1cb,289.155,604.158
wide-researcher-1786004952-3ad95dfecf33,289.209,479.525
reviewer-1786004952-7159a0dbe5e5,289.242,495.492
deep-researcher-1786004952-e166e78726ad,289.322,610.475
data-analyst-1786004952-8639ad80211e,289.350,615.907
wide-researcher-1786004952-bbc5cc3ac2ec,289.392,696.525
reviewer-1786004952-80688c733df7,289.432,705.225
deep-researcher-1786004952-66724129c4e2,289.504,533.938
data-analyst-1786004952-f14279c1f4c0,289.577,643.828
wide-researcher-1786004952-642114103ea7,289.615,476.701
reviewer-1786004952-430a0808c9c7,289.633,673.182
data-analyst-1786004885-db9d10de47b0,289.705,289.706
data-analyst-1786004872-2a1a57c194a7,289.719,289.720
deep-researcher-1786004952-6f61ccacb435,289.788,694.567
data-analyst-1786004952-09f785f13ecb,289.825,674.825
wide-researcher-1786004952-bb9adf07b856,289.864,433.588
data-analyst-1786004890-8348aa0bebd1,290.020,357.504
reviewer-1786004952-f96f452fd72f,290.107,698.199
deep-researcher-1786004952-0c56728def9d,290.154,685.964
data-analyst-1786004952-5fa38d6ee218,290.172,636.283
wide-researcher-1786004953-37b002564743,290.207,688.127
data-analyst-1786004846-b31017e56996,290.230,290.231
data-analyst-1786004868-b1c4b7ef9359,290.243,290.244
reviewer-1786004953-562f3974db34,290.256,675.865
data-analyst-1786004888-1061c3f9d647,290.260,290.260
deep-researcher-1786004953-ad0dc7d19b65,290.286,475.640
data-analyst-1786004869-e107b3c9f64d,290.317,290.318
data-analyst-1786004868-7e2c87dcb088,290.427,290.427
data-analyst-1786004953-7ab5c26b1f17,290.493,681.794
data-analyst-1786004865-4b55d02e261f,290.504,370.716
wide-researcher-1786004953-ee45937a5495,290.533,493.977
data-analyst-1786004890-8d665f076b34,290.544,290.544
reviewer-1786004953-fa5a97b7c584,290.553,629.103
data-analyst-1786004877-02ea08a4d234,290.561,290.562
deep-researcher-1786004953-c7b83e9f134b,290.595,600.007
data-analyst-1786004953-f032b9412d4e,290.677,698.993
wide-researcher-1786004953-6f422123f2ac,290.720,697.540
data-analyst-1786004884-f16e8268097f,290.739,290.739
reviewer-1786004953-c26420e11cf5,290.748,636.132
data-analyst-1786004891-5e03def5c340,290.801,359.258
data-analyst-1786004891-ea83f3a7ca48,290.820,357.011
deep-researcher-1786004953-5fbca58b3500,290.859,692.977
data-analyst-1786004953-09d106f39deb,290.896,625.588
wide-researcher-1786004953-90c067158a6b,290.927,690.080
data-analyst-1786004894-17dd84bb601b,290.965,358.079
data-analyst-1786004894-f37c53b60ffb,290.978,480.166
reviewer-1786004953-e322d20a2e19,291.019,678.378
deep-researcher-1786004953-1df279c75755,291.090,549.208
data-analyst-1786004954-7a3eb4ccc1db,291.141,706.266
wide-researcher-1786004954-7db902ea6f2d,291.159,502.595
reviewer-1786004954-c79d54e30ef0,291.187,638.093
deep-researcher-1786004954-d0925c79bee1,291.366,489.328
data-analyst-1786004954-e99de5d35991,291.383,608.475
data-analyst-1786004846-fbb78b594f9a,291.384,291.384
data-analyst-1786004890-5543d4f1afa2,291.400,291.401
wide-researcher-1786004954-b57f5c445bd0,291.621,695.437
reviewer-1786004954-71d833a066a0,291.681,703.862
deep-researcher-1786004954-efc451dfb266,291.721,635.290
data-analyst-1786004954-779794d0fdde,291.758,682.511
wide-researcher-1786004954-f4a3cca60236,292.003,601.510
reviewer-1786004954-a1300bb0c222,292.048,617.352
data-analyst-1786004865-b78ae9b7803f,292.081,357.717
data-analyst-1786004865-0d43e2509a83,292.095,366.220
deep-researcher-1786004954-846e1a478cc9,292.100,482.491
data-analyst-1786004842-2e626dd925df,292.113,369.482
data-analyst-1786004954-40bfaf2a10ba,292.117,614.799
data-analyst-1786004843-f750ad4a1632,292.129,359.149
wide-researcher-1786004955-4e1e1121576e,292.143,493.117
data-analyst-1786004860-07c8e8316928,292.143,356.517
reviewer-1786004955-f6d1a3e3df57,292.178,704.690
deep-researcher-1786004955-98bc892d511d,292.218,472.652
data-analyst-1786004955-a3e095fd1408,292.235,693.515
wide-researcher-1786004955-7bd81a137801,292.275,501.245
reviewer-1786004955-c44b8ea3e515,292.313,600.232
data-analyst-1786004864-48db1ecbee76,292.317,292.317
deep-researcher-1786004955-a255cc66604d,292.356,599.665
data-analyst-1786004955-d199ad7584ec,292.416,614.061
wide-researcher-1786004955-236a6ac08c0b,292.446,604.436
reviewer-1786004955-28861f45dc7c,292.500,675.276
deep-researcher-1786004955-0bdc499acac2,292.541,607.467
data-analyst-1786004955-1048643ad6ab,292.596,595.548
wide-researcher-1786004955-0b6b64d02486,292.676,676.456
reviewer-1786004955-d8db33aa31df,292.706,627.341
data-analyst-1786004855-bc34f49bae23,292.856,292.857
deep-researcher-1786004955-9debe17ace4d,292.875,654.739
data-analyst-1786004955-3c324758311f,292.907,613.795
data-analyst-1786004861-cf799545edc3,293.014,293.014
wide-researcher-1786004955-c96cac9f57a6,293.083,475.060
data-analyst-1786004889-242a8a472146,293.110,361.378
reviewer-1786004955-b09361f2cd1c,293.129,670.295
deep-researcher-1786004956-9f32909d5de8,293.179,707.237
data-analyst-1786004956-91a97712a7b2,293.242,614.673
wide-researcher-1786004956-891dbf23bce7,293.268,491.746
data-analyst-1786004895-79282e82e5a8,293.280,357.185
data-analyst-1786004895-a1059b6b0b1a,293.293,361.952
reviewer-1786004956-ea3eb61cfc5d,293.307,702.596
deep-researcher-1786004956-231547b131d7,293.506,696.384
data-analyst-1786004956-5d287a576815,293.555,696.668
wide-researcher-1786004956-7114ad563acc,293.573,671.485
data-analyst-1786004895-93c8e0b0b33b,293.597,361.864
data-analyst-1786004895-b9552d4c5406,293.611,359.209
reviewer-1786004956-d52078c7d17f,293.616,695.992
deep-researcher-1786004956-fb8997715f3f,293.686,687.616
data-analyst-1786004956-a0c8e8a286be,293.734,689.927
wide-researcher-1786004956-b4cd606ba2bd,293.756,597.823
reviewer-1786004956-f728245b7d38,293.818,688.509
data-analyst-1786004895-6699201cafdf,293.818,374.535
deep-researcher-1786004956-6326f25be8dd,293.929,494.441
data-analyst-1786004956-a0df9948d581,293.958,615.230
data-analyst-1786004891-126aa88117bd,293.986,364.447
wide-researcher-1786004956-3566a3cd384e,294.021,697.302
data-analyst-1786004851-b434bb2d3b77,294.052,294.052
reviewer-1786004956-3fd6bb6fa4e4,294.100,611.147
deep-researcher-1786004957-903f5e636217,294.217,499.311
data-analyst-1786004957-f1ebc758994b,294.387,585.939
wide-researcher-1786004957-160821449aed,294.406,622.648
reviewer-1786004957-c40e3fe9c8cd,294.470,678.771
deep-researcher-1786004957-f1fd30652236,294.551,679.198
data-analyst-1786004957-1b94e90865d2,294.639,673.704
wide-researcher-1786004957-379f5cb44238,294.689,475.704
reviewer-1786004957-11c3dddf976e,294.719,628.073
deep-researcher-1786004957-9b6d13d620b7,294.794,693.455
data-analyst-1786004957-f39007e3e0fe,294.839,617.336
data-analyst-1786004866-42cb56865a76,294.888,358.728
data-analyst-1786004850-293c777aa512,294.987,294.987
wide-researcher-1786004957-507f993449e1,295.014,494.758
reviewer-1786004957-0daa05797923,295.062,681.183
deep-researcher-1786004957-cd1f95798baf,295.093,493.407
data-analyst-1786004957-1cbeadab8b98,295.139,616.494
wide-researcher-1786004958-82ddaa26418e,295.168,491.091
reviewer-1786004958-5336b4776616,295.205,690.031
deep-researcher-1786004958-0944cc5bb844,295.248,498.808
data-analyst-1786004958-3f9b38d07b5d,295.266,687.224
wide-researcher-1786004958-88ac8044757d,295.337,483.487
reviewer-1786004958-0987fb366ae9,295.376,703.137
deep-researcher-1786004958-4d0e99a29f9e,295.428,702.146
data-analyst-1786004958-5218cd783802,295.447,692.190
wide-researcher-1786004958-53d434de05f6,295.474,589.322
reviewer-1786004958-7a82a5a339e6,295.543,615.169
deep-researcher-1786004958-e2ab6646ec60,295.603,477.167
data-analyst-1786004958-b505691f3a8d,295.672,705.837
wide-researcher-1786004958-c1f7e5c7af9f,295.701,558.311
reviewer-1786004958-c1fd99d2ec4d,295.728,696.875
deep-researcher-1786004958-c99b02e02ab8,295.899,651.063
data-analyst-1786004958-50e79810624f,295.983,672.320
wide-researcher-1786004958-74f7b3ba16db,296.060,675.530
reviewer-1786004958-b2178d4cbbb7,296.154,696.124
data-analyst-1786004896-370338063d51,296.154,361.246
deep-researcher-1786004959-01e93db74852,296.198,697.638
data-analyst-1786004959-ff96d4fad879,296.249,600.851
wide-researcher-1786004959-666953b116e3,296.293,485.541
reviewer-1786004959-c3e3e50efa2d,296.540,624.778
data-analyst-1786004896-43daab355a6f,296.548,368.261
deep-researcher-1786004959-8d89a8b3523a,296.580,689.567
data-analyst-1786004959-7a1f6bd2a4f3,296.602,663.101
data-analyst-1786004896-da529183ffc3,296.617,367.016
data-analyst-1786004896-515c7cffad53,296.630,370.000
wide-researcher-1786004959-1b3c297096b8,296.635,698.145
reviewer-1786004959-ef29d26c975d,296.682,695.192
deep-researcher-1786004959-928281d9fe08,296.722,514.391
data-analyst-1786004959-989e25d139e5,296.757,679.096
data-analyst-1786004891-447307c15a54,296.823,367.483
wide-researcher-1786004959-3165e302108a,296.828,592.189
data-analyst-1786004880-2c1492fd96f6,296.845,359.797
reviewer-1786004959-6d83e907c439,296.850,601.767
data-analyst-1786004868-2e4c4ff95e5e,296.862,296.863
deep-researcher-1786004959-d81cd1d0bc7b,296.891,686.612
data-analyst-1786004959-81d13d506d8d,296.935,691.082
wide-researcher-1786004959-7204a5adacb5,297.037,680.052
reviewer-1786004960-cc3d2e1e1306,297.055,531.277
deep-researcher-1786004960-fb8820f9e4f2,297.177,625.974
data-analyst-1786004960-24c74a1b6012,297.213,607.914
wide-researcher-1786004960-5e9f109e8aac,297.260,542.662
reviewer-1786004960-752037e51afc,297.421,693.928
deep-researcher-1786004960-5e9c1c5cf03b,297.491,696.478
data-analyst-1786004960-f2815544d2bf,297.671,693.494
wide-researcher-1786004960-7f4f251df395,297.711,480.780
reviewer-1786004960-9b7a4aa42c7a,297.740,686.344
deep-researcher-1786004960-184a8845993c,297.811,491.702
data-analyst-1786004960-00d8a7d184ff,297.857,628.877
wide-researcher-1786004960-ba84face9c17,298.029,526.393
reviewer-1786004960-3fb9e146fc60,298.061,679.896
data-analyst-1786004897-a9d4ae56edeb,298.078,357.381
deep-researcher-1786004960-d021aa1c5fb8,298.122,693.860
data-analyst-1786004961-51b37c4ee332,298.149,603.781
wide-researcher-1786004961-0cc2d5350263,298.166,629.601
reviewer-1786004961-b27acf223662,298.197,692.762
data-analyst-1786004897-8a674965a172,298.218,379.406
data-analyst-1786004897-5641892f63ea,298.232,363.483
data-analyst-1786004897-a3fdd5bf83b9,298.266,359.427
deep-researcher-1786004961-2f713e21756e,298.284,597.265
data-analyst-1786004961-019650c00a42,298.324,706.137
wide-researcher-1786004961-97378d892fcd,298.370,504.524
data-analyst-1786004897-9c0fe8f31531,298.393,372.023
data-analyst-1786004897-71e363f2c3f8,298.406,358.250
reviewer-1786004961-c59c13014470,298.473,642.448
deep-researcher-1786004961-71fc61995479,298.546,488.209
data-analyst-1786004961-f0f27f609a83,298.564,666.648
wide-researcher-1786004961-3ae297f7451b,298.631,511.160
reviewer-1786004961-f5f12afe233d,298.675,670.215
deep-researcher-1786004961-24571d957525,298.740,482.699
data-analyst-1786004961-441eb35d99ab,298.771,705.614
wide-researcher-1786004961-70dd6fb8ef40,298.891,627.984
reviewer-1786004961-308d3894b6f3,298.922,698.076
deep-researcher-1786004961-c2afb20da70c,298.956,706.623
data-analyst-1786004961-2c3d207110fc,299.007,672.652
wide-researcher-1786004962-238a0971ddbb,299.181,494.855
reviewer-1786004962-4a12004fae96,299.232,697.810
deep-researcher-1786004962-7e8b8bca0858,299.273,673.565
data-analyst-1786004962-4a8f1ce28567,299.313,601.988
wide-researcher-1786004962-c8e6a703407e,299.372,603.841
reviewer-1786004962-d271400a55d0,299.422,705.930
data-analyst-1786004891-7ac20c711f50,299.474,358.862
deep-researcher-1786004962-2530769ce229,299.503,493.352
data-analyst-1786004962-bc573001fcfd,299.541,699.807
wide-researcher-1786004962-0e63228e7f2f,299.572,694.640
reviewer-1786004962-165fdadb0bda,299.591,680.733
deep-researcher-1786004962-38aa2e2bd08f,299.647,601.942
data-analyst-1786004962-f0e1c76aefb1,299.677,702.661
wide-researcher-1786004962-9a7515016755,299.719,502.782
reviewer-1786004962-b177897f3ce9,299.752,706.400
deep-researcher-1786004962-d1fbbb25d801,299.807,692.498
data-analyst-1786004962-9c8321ad814c,299.868,611.992
wide-researcher-1786004962-1ce4d8fc6c77,299.986,590.956
data-analyst-1786004862-a581149bf63e,300.034,300.035
reviewer-1786004962-909b5bf1b7c5,300.039,621.854
deep-researcher-1786004962-dcd499294b2a,300.079,612.674
data-analyst-1786004963-f4ecf109762f,300.097,706.057
wide-researcher-1786004963-015f8d2cd3c2,300.143,583.102
reviewer-1786004963-a6f95a549faf,300.233,671.167
deep-researcher-1786004963-0dadf9a959b7,300.281,706.418
data-analyst-1786004963-a8351eff6e95,300.399,703.326
wide-researcher-1786004963-c24b5f2e62b4,300.447,699.163
reviewer-1786004963-e070d1ec2ddc,300.466,704.565
deep-researcher-1786004963-2e68784795cb,300.680,639.599
data-analyst-1786004963-6822c4519e51,300.730,602.235
wide-researcher-1786004963-0f58fe705309,300.762,479.788
reviewer-1786004963-bdaad08bb538,300.790,690.994
deep-researcher-1786004963-c8b1b2a7dc7c,300.836,499.415
data-analyst-1786004963-ea78ce79f893,300.887,611.133
wide-researcher-1786004963-a89d847ab40d,300.938,593.258
reviewer-1786004963-a70a512e71d9,301.042,604.233
deep-researcher-1786004963-db1512ac8291,301.098,493.555
data-analyst-1786004964-0373c1a0984e,301.158,630.601
wide-researcher-1786004964-ba09af4bcffc,301.187,603.139
data-analyst-1786004880-79ca88771ab4,301.197,358.624
reviewer-1786004964-cf7560e2ae5c,301.236,699.690
deep-researcher-1786004964-6a1648e6d0b4,301.307,497.028
data-analyst-1786004964-1a5bae1c3809,301.336,699.543
wide-researcher-1786004964-3bd8646396ef,301.421,593.614
data-analyst-1786004896-23fdcdd784c1,301.525,360.413
reviewer-1786004964-d12a12c170f3,301.562,618.161
deep-researcher-1786004964-8d8f88920c0e,301.602,476.886
data-analyst-1786004964-1a560e2fa678,301.659,695.849
data-analyst-1786004884-7e7336b8937b,301.686,364.318
data-analyst-1786004865-03797b40e36f,301.704,301.705
wide-researcher-1786004964-d09fd7eda5d0,301.709,590.567
data-analyst-1786004868-8218ae9be1c7,301.722,301.723
reviewer-1786004964-3774f7c6f6ef,301.736,670.366
deep-researcher-1786004964-ebe89b24e477,301.790,597.665
data-analyst-1786004864-5818462f2b16,301.814,301.815
data-analyst-1786004964-3864580ced12,301.916,639.893
wide-researcher-1786004964-7bdffc22e222,301.952,674.858
reviewer-1786004964-534919d07115,301.982,604.511
deep-researcher-1786004964-275b2e13f47a,302.036,380.013
data-analyst-1786004965-af0fb603aabb,302.198,692.844
wide-researcher-1786004965-64ac095de27c,302.278,628.569
reviewer-1786004965-872adab6cef4,302.315,670.088
deep-researcher-1786004965-c1257f75a228,302.388,671.933
data-analyst-1786004965-bf993aa65768,302.557,694.127
wide-researcher-1786004965-3667f871d86a,302.575,533.906
reviewer-1786004965-1318ad03116e,302.622,607.760
deep-researcher-1786004965-0842456df1ce,302.666,475.610
data-analyst-1786004874-dff74c6ce944,302.686,302.687
data-analyst-1786004965-eab85f4f7d7a,302.695,702.612
wide-researcher-1786004965-3a2627984508,302.714,683.449
reviewer-1786004965-57376ce6efe5,302.741,630.659
deep-researcher-1786004965-035b5cb24bd2,302.790,560.881
data-analyst-1786004965-118c9693fd21,302.817,678.644
data-analyst-1786004839-9335a820257e,302.837,421.283
wide-researcher-1786004965-25207e97ae52,302.896,500.560
reviewer-1786004965-3d03541cc52e,302.934,616.043
deep-researcher-1786004965-daf5aa4a00f2,303.016,494.110
data-analyst-1786004965-2526fd71ed4e,303.073,693.378
wide-researcher-1786004966-0bcc05f324d1,303.113,675.310
reviewer-1786004966-e18ad27f5bea,303.161,619.334
data-analyst-1786004872-0b43a939942b,303.201,303.202
deep-researcher-1786004966-4e7ff129a204,303.249,496.865
data-analyst-1786004966-43a63ee07073,303.303,680.369
wide-researcher-1786004966-d22ae468b977,303.455,484.742
reviewer-1786004966-74e4d62de477,303.474,613.067
deep-researcher-1786004966-8401ad9904b3,303.515,699.201
data-analyst-1786004966-0f6815409f6c,303.710,702.728
wide-researcher-1786004966-329104d27228,303.759,544.022
reviewer-1786004966-7a53f9bfe443,303.796,672.276
deep-researcher-1786004966-22f9df13347e,303.836,443.887
data-analyst-1786004966-61163c849f03,303.865,628.556
wide-researcher-1786004966-dff9a57902c1,303.896,680.817
reviewer-1786004966-cd2bf4d57dc6,304.030,697.128
deep-researcher-1786004966-8fcafaeb0e71,304.079,512.295
data-analyst-1786004967-a6a63e8f6778,304.143,666.532
data-analyst-1786004869-1b59a7001fc2,304.157,364.717
wide-researcher-1786004967-5934e92cbb63,304.185,654.613
reviewer-1786004967-ede47973757d,304.218,707.819
deep-researcher-1786004967-c32984c48ac0,304.336,608.928
data-analyst-1786004967-9806c5bbacae,304.396,603.442
wide-researcher-1786004967-4845dc79a94d,304.415,500.792
reviewer-1786004967-70b0536507af,304.447,701.707
deep-researcher-1786004967-ca8b3d47235d,304.501,695.060
data-analyst-1786004967-9ee89cdbe53d,304.559,640.793
data-analyst-1786004891-8c0017da8ed2,304.568,359.164
wide-researcher-1786004967-92f562078013,304.585,426.716
data-analyst-1786004883-e7324075110a,304.619,304.619
reviewer-1786004967-73bd1c0992e2,304.623,702.453
deep-researcher-1786004967-0ba05dfb2d44,304.669,700.423
data-analyst-1786004899-5715bf92e6d4,304.687,485.513
data-analyst-1786004967-e5b51188b40e,304.756,697.280
wide-researcher-1786004967-7a9e3a51de53,304.815,595.792
reviewer-1786004967-49349d8877e9,304.940,671.891
deep-researcher-1786004967-423559626de6,304.984,670.419
data-analyst-1786004967-8c0f8dc2019d,305.025,619.076
wide-researcher-1786004967-7d9cb013fa64,305.219,479.260
reviewer-1786004968-ad7d071080ff,305.301,683.587
deep-researcher-1786004968-185bbf8512ba,305.381,488.480
data-analyst-1786004968-4ec6c7d3e38c,305.410,628.665
data-analyst-1786004899-bddb99d1d9ec,305.507,363.869
data-analyst-1786004899-ec45e2e8c0cc,305.614,368.124
wide-researcher-1786004968-980aedcaf481,305.628,678.344
reviewer-1786004968-ab6e63c5aa3a,305.659,684.724
deep-researcher-1786004968-f5407119b9ca,305.722,673.468
data-analyst-1786004968-fb57d087992c,305.784,648.466
data-analyst-1786004867-28daccd98e3c,305.788,305.788
wide-researcher-1786004968-92307a324ceb,305.823,680.997
reviewer-1786004968-7949703fda00,305.850,708.169
deep-researcher-1786004968-ddccc0dd1841,305.909,484.370
data-analyst-1786004968-7359568f2a50,305.974,619.631
wide-researcher-1786004968-5786e2eefb81,306.012,596.731
reviewer-1786004969-438d15cca739,306.042,694.079
deep-researcher-1786004969-49dfe4d657c0,306.136,591.858
data-analyst-1786004969-5c8a54c906cb,306.154,613.315
wide-researcher-1786004969-4f2f2a7d080e,306.332,483.847
reviewer-1786004969-fbf574fef993,306.462,679.262
data-analyst-1786004874-f66b1ff1b54e,306.471,306.472
deep-researcher-1786004969-146e7ff6b2b2,306.536,708.297
data-analyst-1786004891-16aad3517606,306.550,306.551
data-analyst-1786004969-8bdf59774622,306.568,660.357
data-analyst-1786004846-d3be333f51f8,306.690,368.608
data-analyst-1786004890-d81a2217ffd0,306.708,306.709
wide-researcher-1786004969-5e93f63af6cd,306.717,477.982
reviewer-1786004969-4ecf5d598394,306.773,693.157
deep-researcher-1786004969-72800e9e332a,306.813,616.588
data-analyst-1786004969-92f76d4276f1,306.882,678.034
wide-researcher-1786004969-e848a57b7be2,306.902,676.554
reviewer-1786004969-a25544592dea,306.931,693.966
deep-researcher-1786004969-9588c934e65b,307.094,666.046
data-analyst-1786004970-794c868f3539,307.156,674.712
data-analyst-1786004865-554bc0d4c962,307.212,362.795
wide-researcher-1786004970-5ab92e444ee5,307.243,702.532
reviewer-1786004970-e2c107a43847,307.329,655.876
deep-researcher-1786004970-24bd04ce0a70,307.370,599.475
data-analyst-1786004970-43d10be41741,307.422,676.655
wide-researcher-1786004970-ff9189ffb285,307.462,645.109
reviewer-1786004970-c9009252a6c9,307.479,698.282
deep-researcher-1786004970-1baee228be57,307.522,594.013
data-analyst-1786004970-ad0a5c9e4ac2,307.549,674.734
wide-researcher-1786004970-7ac616335f26,307.599,622.317
data-analyst-1786004893-982901ba3692,307.628,307.628
reviewer-1786004970-d0b17bc7686b,307.642,604.113
data-analyst-1786004885-c1b3f9c72242,307.689,307.689
deep-researcher-1786004970-6e19e51f1b29,307.693,493.200
data-analyst-1786004970-c7afd72a1c85,307.838,625.139
wide-researcher-1786004970-53b692957b83,307.960,612.999
data-analyst-1786004900-dd06a2593fcf,307.997,362.150
data-analyst-1786004900-21fde2f5329b,308.011,370.136
reviewer-1786004970-a9bb11a6d06d,308.019,670.740
deep-researcher-1786004970-b50fc6f2585e,308.060,708.466
data-analyst-1786004897-b3e4b5b426bd,308.244,356.433
data-analyst-1786004970-0ef347b944fe,308.287,619.301
wide-researcher-1786004971-23c6d40f3465,308.324,623.313
reviewer-1786004971-82a33c9ddca6,308.368,630.267
deep-researcher-1786004971-749021deeb20,308.412,482.849
data-analyst-1786004900-1186464e1018,308.435,384.775
data-analyst-1786004900-3a6954a10a64,308.448,371.070
data-analyst-1786004895-cf15a7284612,308.491,308.491
data-analyst-1786004971-9de5435a993c,308.579,689.160
wide-researcher-1786004971-b901d5319fe0,308.606,700.995
reviewer-1786004971-5f60358b7df9,308.644,671.262
deep-researcher-1786004971-5b4ad5a77ed1,308.755,573.057
data-analyst-1786004897-c846c9bac4b0,308.841,362.679
data-analyst-1786004971-6c489420b712,308.846,660.295
data-analyst-1786004889-86f1a3f44e4b,308.864,308.864
data-analyst-1786004896-79ac42ae6ef0,308.878,308.878
wide-researcher-1786004971-2ff2f6dafaa8,308.886,595.669
reviewer-1786004971-1e2b5317a679,308.924,621.270
deep-researcher-1786004971-26e038a56fd5,308.994,707.382
data-analyst-1786004971-8fa5326b3d0c,309.081,658.481
wide-researcher-1786004972-f3bdacc805c7,309.110,651.524
reviewer-1786004972-60007621c224,309.157,696.749
data-analyst-1786004897-91f790daea4f,309.169,359.749
data-analyst-1786004897-5300cec79f74,309.189,361.305
deep-researcher-1786004972-addfe175b049,309.206,609.484
data-analyst-1786004886-ef936be2c293,309.284,361.481
data-analyst-1786004972-3ce75dc84f0f,309.316,671.403
wide-researcher-1786004972-1c1dbb13c282,309.344,702.165
data-analyst-1786004891-07e47f934ac0,309.450,309.451
reviewer-1786004972-c6f5181f737f,309.478,699.956
deep-researcher-1786004972-20052fea5e09,309.799,586.635
data-analyst-1786004972-52e792534f40,309.835,693.722
wide-researcher-1786004972-4e7f1c7d5efc,309.873,603.096
reviewer-1786004972-1ff4cb09cfca,309.890,680.336
deep-researcher-1786004972-53e06ff0fbe2,309.953,484.654
data-analyst-1786004871-4672bd6e66c3,310.034,365.284
data-analyst-1786004972-b7ad458a61c7,310.085,700.678
wide-researcher-1786004973-145b3eea8529,310.115,592.304
reviewer-1786004973-e1237513fba2,310.170,693.416
deep-researcher-1786004973-df5259c5068c,310.259,500.894
data-analyst-1786004893-94e38f502d72,310.277,359.500
data-analyst-1786004973-a539a0550de5,310.346,640.774
data-analyst-1786004899-02932733b922,310.350,358.091
wide-researcher-1786004973-b62c0ed221f9,310.363,587.927
reviewer-1786004973-e62b3f7ce66d,310.398,632.197
deep-researcher-1786004973-ec708526f1ed,310.452,708.724
data-analyst-1786004973-f99637874668,310.492,644.443
wide-researcher-1786004973-2227d73339bf,310.552,679.353
reviewer-1786004973-4f67eb2172d7,310.581,703.479
deep-researcher-1786004973-559e2d3100a6,310.672,605.751
data-analyst-1786004973-dd9e1b3ff231,310.856,677.678
data-analyst-1786004897-4da37a8d686f,310.867,310.868
wide-researcher-1786004973-bfc7433ceb5c,310.977,672.414
reviewer-1786004973-49de745b0e9d,311.008,703.573
data-analyst-1786004897-17b86be5c70e,311.214,311.215
data-analyst-1786004895-886928657be6,311.229,311.229
deep-researcher-1786004973-8dbab258bde9,311.300,494.141
data-analyst-1786004973-1c270996c541,311.353,553.305
wide-researcher-1786004974-95feeea82294,311.387,693.066
reviewer-1786004974-796c4bc6e559,311.408,601.179
deep-researcher-1786004974-e7efb22b8e94,311.472,614.847
data-analyst-1786004974-1067b7c8b88c,311.674,676.533
wide-researcher-1786004974-c2d7ee57a963,311.700,667.971
data-analyst-1786004901-1641734969c9,311.766,365.498
reviewer-1786004974-c3bae762da10,311.775,674.317
deep-researcher-1786004974-f853ea02d362,311.862,608.758
data-analyst-1786004974-222e80eb2fde,311.882,596.702
wide-researcher-1786004974-52db93b14194,311.910,678.787
reviewer-1786004974-2b09921f021c,311.953,705.208
deep-researcher-1786004975-ba1e6205fa2e,311.999,495.553
data-analyst-1786004975-0ac1e3b9af2f,312.045,661.296
wide-researcher-1786004975-0808a04e2898,312.069,495.777
reviewer-1786004975-9a3790f5d712,312.096,703.008
deep-researcher-1786004975-02e5aaaee7a7,312.139,614.116
data-analyst-1786004975-560e71966631,312.178,700.861
wide-researcher-1786004975-a422ada59d5b,312.195,634.537
reviewer-1786004975-3607be4cfa25,312.330,633.574
deep-researcher-1786004975-408dfbba7b99,312.373,494.659
data-analyst-1786004975-a24bd69ac71f,312.504,626.833
wide-researcher-1786004975-44169957b2c5,312.596,480.090
reviewer-1786004975-523ac3cd611d,312.809,695.142
data-analyst-1786004901-980aeeca170a,312.809,359.326
deep-researcher-1786004975-fbeae9e6b94e,312.863,505.650
data-analyst-1786004975-3db2bfbf0e27,312.892,675.985
wide-researcher-1786004975-0d762d8bfa80,313.070,635.707
reviewer-1786004975-57f6d79065ed,313.167,674.407
deep-researcher-1786004976-ac9690224a3c,313.209,700.758
data-analyst-1786004976-100e802e59a3,313.271,640.276
wide-researcher-1786004976-a5dd4bef304c,313.292,516.548
reviewer-1786004976-25607964f322,313.359,709.559
deep-researcher-1786004976-096a756dd62c,313.429,586.993
data-analyst-1786004976-738946d23739,313.447,698.410
wide-researcher-1786004976-55ff60569b78,313.557,484.553
reviewer-1786004976-53223d869a8a,313.576,647.246
deep-researcher-1786004976-d277354e8374,313.620,593.211
data-analyst-1786004976-66a0cb7c3591,313.653,613.081
wide-researcher-1786004976-54317b972c92,313.698,704.366
reviewer-1786004976-a0e6c4de1e68,313.850,707.333
data-analyst-1786004842-12232d9a8af5,313.914,376.822
data-analyst-1786004872-1a0da6cde1b6,313.929,361.025
data-analyst-1786004872-0f7292c08a88,313.944,361.996
data-analyst-1786004865-df0c36185301,313.960,356.069
deep-researcher-1786004976-a7b189a4f2f9,314.014,503.040
data-analyst-1786004976-5defe2142ee3,314.054,672.620
wide-researcher-1786004976-7dc7d45e0d12,314.101,491.280
reviewer-1786004977-7588842d75b4,314.332,698.595
deep-researcher-1786004977-cbd88428bd83,314.403,594.511
data-analyst-1786004977-31ecb9244293,314.443,619.176
wide-researcher-1786004977-02407b50cf7e,314.489,615.478
data-analyst-1786004896-664f0c6a43ba,314.528,314.528
reviewer-1786004977-4adcf5e60216,314.581,693.034
deep-researcher-1786004977-7324daa2aec3,314.649,586.787
data-analyst-1786004977-681c21a5b3a6,314.693,703.081
wide-researcher-1786004977-87566406af10,314.806,589.943
reviewer-1786004977-29b4b09a6758,314.879,684.250
deep-researcher-1786004977-e972ee6ef1b2,314.944,547.814
data-analyst-1786004977-d8fcc6923afe,314.962,656.859
wide-researcher-1786004977-c3167b637afc,315.022,684.202
reviewer-1786004978-1dcc97f8437e,315.068,706.605
deep-researcher-1786004978-50b1c4477ff3,315.204,589.374
data-analyst-1786004978-6ea435a2fbf5,315.221,677.135
data-analyst-1786004844-bc3d48a503f9,315.254,357.088
data-analyst-1786004902-c0e54ec6a74c,315.336,371.776
wide-researcher-1786004978-83fc8437d3b6,315.349,640.045
data-analyst-1786004902-870880d35d84,315.349,379.820
reviewer-1786004978-bd6bba9772e1,315.380,676.787
deep-researcher-1786004978-9615a878fc8f,315.527,606.074
data-analyst-1786004978-0d3990886f20,315.566,590.738
wide-researcher-1786004978-484fd3bfa659,315.830,544.385
reviewer-1786004978-ef4aa12c941a,315.847,703.121
deep-researcher-1786004978-dd0b3e7d08d7,315.914,685.181
data-analyst-1786004978-7c0c37271eb8,315.932,672.947
data-analyst-1786004835-8ea8fd8602dc,315.951,364.042
wide-researcher-1786004978-d82121ecfaef,315.961,487.042
reviewer-1786004979-c7adb4f363e6,316.091,640.262
deep-researcher-1786004979-4d71090d94f8,316.212,497.078
data-analyst-1786004979-aeed174312cf,316.306,706.685
data-analyst-1786004895-1c8e559e51cd,316.371,359.486
wide-researcher-1786004979-d2898686c0ed,316.388,442.439
reviewer-1786004979-1ce8790ec263,316.406,616.664
data-analyst-1786004897-e3f73937b7c8,316.458,361.466
deep-researcher-1786004979-b8ce1cb34333,316.467,545.318
data-analyst-1786004979-204f9f72015b,316.533,677.531
wide-researcher-1786004979-94f9d376c6e1,316.576,626.528
reviewer-1786004979-7690ebd4a1df,316.611,635.486
deep-researcher-1786004979-6c05cd20a626,316.653,677.852
data-analyst-1786004979-756a74212c95,316.708,673.736
wide-researcher-1786004979-7488c9a6ff74,316.724,489.996
reviewer-1786004979-1f7216eb4163,316.863,697.890
deep-researcher-1786004979-d124b22aeea7,316.894,478.196
data-analyst-1786004979-bdedb9b1f7ef,316.939,641.882
wide-researcher-1786004979-d86fb2488c11,317.027,686.134
reviewer-1786004980-0b1d1848ea55,317.044,612.752
data-analyst-1786004873-627bcda8bb0a,317.098,365.103
data-analyst-1786004873-07afbd8e1221,317.111,442.457
data-analyst-1786004873-70e0caaed666,317.125,366.460
deep-researcher-1786004980-019037f9a73a,317.129,483.405
data-analyst-1786004873-a962ecc28d8b,317.141,363.060
data-analyst-1786004890-decac177ecf3,317.334,317.334
data-analyst-1786004980-f296c3310d57,317.352,682.451
wide-researcher-1786004980-cb1ff0fed619,317.410,602.106
reviewer-1786004980-3a33fef18381,317.440,705.014
deep-researcher-1786004980-8969ecd850eb,317.506,614.047
data-analyst-1786004980-22de2e76e160,317.602,706.250
wide-researcher-1786004980-5f43bb270766,317.720,683.537
reviewer-1786004980-4d11d5486ee9,317.790,697.452
deep-researcher-1786004980-9ee5b12cc247,317.845,499.988
data-analyst-1786004980-27c61d8c8810,317.890,611.483
wide-researcher-1786004980-42269c368642,317.907,483.503
reviewer-1786004980-b42d4ca51bcf,317.924,694.321
deep-researcher-1786004980-3430e94be438,317.965,482.759
data-analyst-1786004897-408e7240f4d1,318.001,371.822
data-analyst-1786004862-71019187a850,318.019,375.049
data-analyst-1786004981-594e0d2d1690,318.048,675.656
wide-researcher-1786004981-79735b686b40,318.096,603.345
data-analyst-1786004899-d4c835a749ea,318.101,360.530
reviewer-1786004981-ac3f1fda2726,318.114,612.726
deep-researcher-1786004981-ce229e89f2aa,318.160,598.011
data-analyst-1786004981-58bcd73727df,318.209,635.759
wide-researcher-1786004981-526f743208f2,318.238,599.977
reviewer-1786004981-be0fe4c87947,318.382,649.730
data-analyst-1786004903-4149b975082c,318.413,361.878
deep-researcher-1786004981-31fbe8cb2fe5,318.413,704.486
data-analyst-1786004981-b9ea00c636c4,318.533,642.937
wide-researcher-1786004981-4deeee73b7a2,318.550,492.838
reviewer-1786004981-05f1709ea391,318.569,670.437
deep-researcher-1786004981-ab2871a497fc,318.618,593.674
data-analyst-1786004981-2f9284099306,318.676,685.239
data-analyst-1786004903-10c96df188a1,318.743,376.336
data-analyst-1786004903-2290ced640d1,318.757,367.103
wide-researcher-1786004981-ee7758747948,318.780,486.558
reviewer-1786004981-8e3df516c56b,318.862,706.218
deep-researcher-1786004981-a785e88a64a3,318.946,500.942
data-analyst-1786004981-5e18e26002d2,319.016,630.676
wide-researcher-1786004981-d0bce203d8f8,319.120,606.116
reviewer-1786004982-1ce506afb535,319.238,639.509
deep-researcher-1786004982-ac64cbb7a178,319.312,516.313
data-analyst-1786004982-cee10ce51e91,319.351,614.815
wide-researcher-1786004982-76b0750f20c3,319.429,665.476
reviewer-1786004982-b9c3ffef9e1f,319.447,693.238
deep-researcher-1786004982-cb1696cf4971,319.556,707.191
data-analyst-1786004982-92cab931035c,319.595,699.316
wide-researcher-1786004982-f049d6380b07,319.613,704.724
reviewer-1786004982-c52e16381e0d,319.631,702.484
deep-researcher-1786004982-3a69be58c88c,319.670,702.043
data-analyst-1786004982-d2970f2d261f,319.722,689.261
wide-researcher-1786004982-9bf46b6a5eb7,319.750,697.794
reviewer-1786004982-780201b86442,319.886,677.964
deep-researcher-1786004982-cac9108b4405,319.918,488.997
data-analyst-1786004982-d91fba910f8d,319.964,626.173
data-analyst-1786004900-6f5f059e5805,320.017,362.367
wide-researcher-1786004982-96f238ec2618,320.043,636.672
reviewer-1786004983-f68570b8afaa,320.074,693.399
deep-researcher-1786004983-89bc8d0af65e,320.150,605.006
data-analyst-1786004983-6aeb8aa7f26f,320.187,677.582
wide-researcher-1786004983-c66680380b2c,320.364,480.060
reviewer-1786004983-7181edd135f0,320.384,701.726
deep-researcher-1786004983-d9aee1eb6302,320.460,509.534
data-analyst-1786004983-7be765764698,320.479,681.735
wide-researcher-1786004983-f1afc4986390,320.633,629.432
reviewer-1786004983-05930412f6ae,320.721,609.815
deep-researcher-1786004983-bf7124233e5e,320.767,613.237
data-analyst-1786004983-53354b12ff9c,320.854,689.724
wide-researcher-1786004983-6affcbbdd0fc,320.930,506.005
reviewer-1786004983-f3f9209eb55a,320.948,699.277
deep-researcher-1786004983-65060f3085a0,321.060,616.198
data-analyst-1786004983-08752b0b92fb,321.113,636.819
wide-researcher-1786004984-ca6757918971,321.133,490.011
reviewer-1786004984-bdc426f204b7,321.152,677.186
data-analyst-1786004844-87a874685d07,321.204,368.275
deep-researcher-1786004984-ce6d4317f9f7,321.231,601.840
data-analyst-1786004855-d8edd9928057,321.231,421.705
data-analyst-1786004984-e79c902a481e,321.258,695.905
wide-researcher-1786004984-3af902d0b35f,321.396,493.020
reviewer-1786004984-ef0eef40dcd1,321.417,677.746
deep-researcher-1786004984-f568595f3a9b,321.480,626.303
data-analyst-1786004984-a0e4e85834c5,321.554,677.337
wide-researcher-1786004984-84793bada3f7,321.572,488.984
data-analyst-1786004899-2d65da9aa50e,321.584,321.585
reviewer-1786004984-901d12fcaa84,321.598,707.443
deep-researcher-1786004984-9c805a84f94e,321.664,695.289
data-analyst-1786004893-47c0cfb7ec58,321.690,321.690
data-analyst-1786004847-59c6975df7c2,321.754,321.754
data-analyst-1786004984-4db78387e398,321.857,609.427
wide-researcher-1786004984-29f2b8e7efe3,321.885,491.387
reviewer-1786004984-3f4c6885f69f,321.916,684.986
deep-researcher-1786004984-9b4284ee68d2,321.968,695.224
data-analyst-1786004984-95e9725e88fd,321.996,673.382
data-analyst-1786004854-a1167206261d,322.027,359.368
wide-researcher-1786004985-ceaada557b73,322.035,591.325
data-analyst-1786004846-953df139a5c1,322.049,322.049
reviewer-1786004985-d124155df292,322.143,704.210
deep-researcher-1786004985-7d475068f9db,322.203,695.338
data-analyst-1786004985-f0aec8652420,322.231,694.143
wide-researcher-1786004985-c6abeec99b1a,322.272,641.570
data-analyst-1786004879-5ee60b5941aa,322.285,322.285
reviewer-1786004985-48c4e482844b,322.366,669.552
data-analyst-1786004875-a72671ad9449,322.375,355.849
deep-researcher-1786004985-a8ca5fc2f745,322.434,625.823
data-analyst-1786004985-4ad3f522502f,322.465,687.478
wide-researcher-1786004985-c88d24e9fb56,322.482,610.836
reviewer-1786004985-ba54dd172606,322.577,705.655
deep-researcher-1786004985-3ecd234e0f7d,322.620,531.831
data-analyst-1786004985-d5c44842a58a,322.637,679.375
wide-researcher-1786004985-1a8ee2055ba6,322.659,605.143
reviewer-1786004985-1e3d35118774,322.747,701.354
deep-researcher-1786004985-0dade8a372c6,322.882,704.425
data-analyst-1786004985-03b39e14e6ea,322.899,696.180
wide-researcher-1786004985-ba41f3fc71c8,322.941,496.391
reviewer-1786004985-881e789dba1b,323.081,705.277
data-analyst-1786004899-1c9942393a54,323.380,356.995
deep-researcher-1786004986-8069c200f7bc,323.396,641.709
data-analyst-1786004901-f1bc0bd2a237,323.397,358.658
data-analyst-1786004986-aa739fc2b192,323.413,693.018
data-analyst-1786004899-4b4c522c77af,323.420,360.512
wide-researcher-1786004986-8d97604e6921,323.433,509.450
reviewer-1786004986-88cb50af4779,323.470,608.083
deep-researcher-1786004986-45359d258f92,323.550,595.152
data-analyst-1786004986-7e8061dc79ca,323.633,702.644
wide-researcher-1786004986-dd032bc174e1,323.654,598.647
reviewer-1786004986-169835176248,323.672,619.801
deep-researcher-1786004986-ced0ba7ad0af,323.716,591.828
data-analyst-1786004986-bd18d8495cfa,323.844,612.128
wide-researcher-1786004986-a368c49b7bbb,323.885,703.365
reviewer-1786004986-5423d2a8155e,323.961,673.365
deep-researcher-1786004986-1cc67251931c,323.992,708.630
data-analyst-1786004986-e1f85c9136bf,324.078,696.333
wide-researcher-1786004987-44d5962b1d73,324.100,496.284
reviewer-1786004987-5d455021f0f6,324.130,617.321
deep-researcher-1786004987-c801b5743728,324.162,604.568
data-analyst-1786004904-18974e25dca8,324.213,378.374
data-analyst-1786004899-0e7b3f9009e6,324.226,356.118
data-analyst-1786004987-826f7a0b1b12,324.250,694.691
wide-researcher-1786004987-6ca3cfb3a334,324.283,515.422
reviewer-1786004987-1489a373282a,324.389,707.111
deep-researcher-1786004987-86b7bbd9b484,324.442,630.301
data-analyst-1786004899-1bd2c376720b,324.457,355.803
data-analyst-1786004987-b0b38184f700,324.489,698.390
wide-researcher-1786004987-1f443797302b,324.590,603.767
reviewer-1786004987-58acce2438f5,324.609,697.842
deep-researcher-1786004987-1e6d6d78b0e2,324.718,587.725
data-analyst-1786004987-edb7eb04dddb,324.904,619.043
wide-researcher-1786004987-80626a184ef7,324.921,692.370
reviewer-1786004987-afbeb61e1611,324.939,696.939
deep-researcher-1786004987-b302eed091b0,324.984,540.650
data-analyst-1786004988-f1478b9ca363,325.003,701.849
wide-researcher-1786004988-8135dd6e0887,325.164,552.662
reviewer-1786004988-7d568529721f,325.202,699.464
data-analyst-1786004875-d45f19ec16c1,325.219,359.517
data-analyst-1786004844-e007d4a9f6df,325.233,362.583
deep-researcher-1786004988-69ef5b0ecc67,325.404,487.216
data-analyst-1786004988-aae5e4f21d8c,325.460,622.496
wide-researcher-1786004988-7f93d6d844a3,325.487,501.860
reviewer-1786004988-4ebeec6fc602,325.590,683.363
data-analyst-1786004903-a7c35abde3ef,325.607,362.339
deep-researcher-1786004988-357e3c80a0a8,325.642,534.684
data-analyst-1786004988-865cf432068d,325.664,643.276
wide-researcher-1786004988-07bb5bbda63e,325.683,602.586
reviewer-1786004988-4b15f9079b85,325.742,702.341
deep-researcher-1786004988-672ec304763b,325.783,615.323
data-analyst-1786004988-7a741302b77d,325.803,701.501
data-analyst-1786004903-c42a6d6f0721,325.808,358.184
wide-researcher-1786004988-1c1b6a9011f1,325.913,690.808
reviewer-1786004988-59a774b084dd,325.942,693.258
deep-researcher-1786004988-10296d61f5f4,325.995,688.717
data-analyst-1786004988-60adec4770cc,326.016,621.434
wide-researcher-1786004989-d3ccb8b50212,326.083,609.499
reviewer-1786004989-6c609ffb3cc7,326.104,703.879
data-analyst-1786004901-2cc199bb15fc,326.338,356.164
data-analyst-1786004864-bc7ed64e9a7c,326.358,364.522
deep-researcher-1786004989-41cc0c8f8a07,326.410,487.556
data-analyst-1786004989-9ecb61e85192,326.430,669.442
wide-researcher-1786004989-2ce8039f174b,326.460,694.934
data-analyst-1786004886-a995d67e7e5e,326.493,326.493
reviewer-1786004989-a9028e363b87,326.498,704.063
deep-researcher-1786004989-097f08f5f49c,326.563,536.462
data-analyst-1786004989-7ddf0354795d,326.679,625.155
wide-researcher-1786004989-15dedbac6d9e,326.709,518.680
data-analyst-1786004856-4e3a5d8296c2,326.823,326.823
data-analyst-1786004847-9d5369d1368a,326.836,326.836
reviewer-1786004989-7f011f54e1c2,326.905,707.743
data-analyst-1786004905-44747ef456a5,326.927,399.597
data-analyst-1786004905-1d45a6f6554f,326.941,501.103
deep-researcher-1786004989-0a82de93311d,326.985,650.153
data-analyst-1786004989-f57d87822299,327.004,701.242
wide-researcher-1786004989-36560eea36c4,327.023,678.725
reviewer-1786004990-aef0c7c0c9c6,327.111,670.777
deep-researcher-1786004990-950ffdf12284,327.151,483.600
data-analyst-1786004990-247ba3c4749f,327.171,679.928
wide-researcher-1786004990-993eff1e3c87,327.254,608.354
reviewer-1786004990-823842358a96,327.282,706.768
deep-researcher-1786004990-3143f805f4f6,327.325,493.826
data-analyst-1786004990-c36bc1056606,327.424,696.493
wide-researcher-1786004990-bd2c49d740ea,327.456,590.409
data-analyst-1786004905-d5d91f2c8dfe,327.503,367.329
reviewer-1786004990-08495ef1a09e,327.517,699.143
deep-researcher-1786004990-cdc8f1b20a26,327.605,516.816
data-analyst-1786004899-9e88366ecbc7,327.629,327.630
data-analyst-1786004990-44ee08c480d5,327.639,679.832
data-analyst-1786004902-68e1ad2e0f5d,327.880,327.880
wide-researcher-1786004990-a3aa2cce981e,327.945,591.103
reviewer-1786004990-de16d7f82b68,327.962,623.728
deep-researcher-1786004990-2e5e9c88ab8d,328.004,597.892
data-analyst-1786004990-d0416afb0cc6,328.076,679.767
wide-researcher-1786004991-05d6e0b54976,328.190,504.240
reviewer-1786004991-a11331336a6f,328.220,702.564
deep-researcher-1786004991-a5ca7574a679,328.261,686.093
data-analyst-1786004991-c100c92eb470,328.372,706.727
wide-researcher-1786004991-8b7ada07470b,328.431,643.694
reviewer-1786004991-8a9591d44e75,328.481,692.052
deep-researcher-1786004991-be56ccedd386,328.513,622.125
data-analyst-1786004991-49212c741cbf,328.544,672.147
wide-researcher-1786004991-02519b67078e,328.599,661.374
reviewer-1786004991-3c2da403d9b1,328.626,694.842
deep-researcher-1786004991-e42bd74e4b28,328.667,480.682
data-analyst-1786004991-e33f03b9a3e8,328.699,706.811
wide-researcher-1786004991-0132e8e0f6ac,328.774,595.909
reviewer-1786004991-b9faa17c15b5,328.801,626.796
deep-researcher-1786004991-0b19399c635a,328.833,507.857
data-analyst-1786004991-ceca0d6ea8bf,328.934,647.886
wide-researcher-1786004991-d2094907e4e5,329.013,673.548
reviewer-1786004991-c82d621f79f4,329.031,696.255
deep-researcher-1786004991-76c2fc917f1a,329.109,702.107
data-analyst-1786004992-5695bf316b61,329.137,673.529
wide-researcher-1786004992-fac3160005da,329.165,493.914
data-analyst-1786004876-bc3de834068e,329.237,363.590
reviewer-1786004992-736c7964156f,329.250,687.870
data-analyst-1786004876-f1780e67de86,329.250,363.256
deep-researcher-1786004992-2758466d9e52,329.423,494.717
data-analyst-1786004992-b5bb7c2d8ade,329.462,675.220
wide-researcher-1786004992-877b9b01e4ef,329.479,643.484
reviewer-1786004992-0fcf5805c4f0,329.528,670.247
deep-researcher-1786004992-1cb5c840608e,329.680,610.710
data-analyst-1786004992-c6f981f7576f,329.698,667.773
wide-researcher-1786004992-a9271e8c806a,329.724,590.594
reviewer-1786004992-17db9bddc6d6,329.742,687.556
deep-researcher-1786004992-f1af13c67254,329.916,613.738
data-analyst-1786004992-9c02d5b28335,329.943,695.306
data-analyst-1786004894-b190eca6a2ef,329.947,329.947
wide-researcher-1786004992-b72dc6234e8e,330.000,630.530
reviewer-1786004992-5b83648ad2aa,330.018,627.439
deep-researcher-1786004993-4ec230907937,330.053,526.238
data-analyst-1786004993-79c73cd29bd6,330.142,703.255
wide-researcher-1786004993-efd63901ec22,330.180,663.085
reviewer-1786004993-3bdaa41b2f61,330.199,676.360
deep-researcher-1786004993-0dbcda7566d3,330.278,499.089
data-analyst-1786004993-46990042db25,330.329,677.401
data-analyst-1786004890-a8a3ac155aea,330.383,330.384
wide-researcher-1786004993-88899fba4ec2,330.446,671.151
reviewer-1786004993-b7003430b8ba,330.546,692.539
deep-researcher-1786004993-6cd9696f7c9c,330.644,595.737
data-analyst-1786004993-b19fc9bb3f49,330.682,671.309
wide-researcher-1786004993-03bea914b023,330.931,700.227
reviewer-1786004993-27422dbb8e3a,330.974,688.777
deep-researcher-1786004993-11c3b3573e15,331.025,474.106
data-analyst-1786004993-7c5595d6ad1b,331.047,673.672
wide-researcher-1786004994-8e51ca1bf54d,331.085,501.299
data-analyst-1786004899-64e45ff3b8f4,331.140,331.141
data-analyst-1786004901-0f50eb28c662,331.155,331.155
reviewer-1786004994-e359bcf04648,331.195,707.175
deep-researcher-1786004994-8aff462e7184,331.236,611.175
data-analyst-1786004994-031373ad2328,331.271,705.758
wide-researcher-1786004994-07cfbe0eb030,331.396,608.295
reviewer-1786004994-6f5b75428059,331.463,676.592
deep-researcher-1786004994-c1e63709df27,331.522,707.095
data-analyst-1786004994-4390c1af8138,331.561,672.828
data-analyst-1786004865-9c79ef1a1531,331.641,331.642
wide-researcher-1786004994-bbd2cef9c9d7,331.654,669.401
reviewer-1786004994-cccec6271eb7,331.704,675.771
deep-researcher-1786004994-bd43db5ec11b,331.775,488.699
data-analyst-1786004895-46ebc03be527,331.800,357.824
data-analyst-1786004994-dadacde7a6a8,331.842,611.216
wide-researcher-1786004994-9f2df9c7e867,331.952,608.459
reviewer-1786004994-b455548f9ae5,331.990,695.122
deep-researcher-1786004994-656777bfa403,332.056,485.919
data-analyst-1786004994-57f52179418a,332.134,597.836
wide-researcher-1786004995-f84d5c193432,332.197,698.553
reviewer-1786004995-cc6f925ab886,332.236,638.216
deep-researcher-1786004995-996c57d88ba6,332.287,593.984
data-analyst-1786004995-58dfd89aac07,332.399,613.630
wide-researcher-1786004995-9e205b53dbab,332.443,612.025
reviewer-1786004995-9f9b410dfe09,332.481,692.933
deep-researcher-1786004995-54d48e4be70a,332.547,703.044
data-analyst-1786004897-90f4a89c3a13,332.694,357.702
data-analyst-1786004855-4ae2cf76e0ec,332.711,355.819
data-analyst-1786004995-363a660ba0ff,332.711,701.669
wide-researcher-1786004995-2c5df6dd92a9,332.762,501.799
reviewer-1786004995-87492b9277cd,332.780,676.573
deep-researcher-1786004995-8c15ecd5d679,332.906,523.987
data-analyst-1786004995-4ceb05fb26d6,332.969,681.408
wide-researcher-1786004995-422035641ef0,333.071,619.160
reviewer-1786004995-c0fb8f4e9799,333.114,652.391
deep-researcher-1786004996-0edaf00c0208,333.173,505.556
data-analyst-1786004996-68bd7200bda7,333.203,695.101
wide-researcher-1786004996-4bb24c140a4c,333.223,673.930
reviewer-1786004996-e8adb12d1c0a,333.287,657.346
deep-researcher-1786004996-a38b21f7016e,333.339,587.411
data-analyst-1786004996-f2ff9c1d4bcd,333.458,610.963
wide-researcher-1786004996-e81e35201abc,333.495,613.263
reviewer-1786004996-e9cf97175e4f,333.544,704.741
deep-researcher-1786004996-2bea53096b34,333.642,705.504
data-analyst-1786004996-f9c6eb5cd1e5,333.708,700.481
wide-researcher-1786004996-1e4b083d244f,333.800,677.094
data-analyst-1786004892-16034c099cfe,333.820,333.821
reviewer-1786004996-0774694d69be,333.941,681.226
deep-researcher-1786004996-96d3478b69df,334.011,586.378
data-analyst-1786004996-39dcdd6644ad,334.061,674.772
data-analyst-1786004905-39698ddcd0cc,334.215,355.835
wide-researcher-1786004996-30a6a0245e8f,334.227,682.258
reviewer-1786004997-b86ca469fc0f,334.274,634.952
deep-researcher-1786004997-87887aa5c723,334.307,592.175
data-analyst-1786004997-81be6648933b,334.420,610.354
wide-researcher-1786004997-41ede77f894b,334.458,674.842
reviewer-1786004997-602e51960c90,334.485,676.162
deep-researcher-1786004997-d27251b1dd4c,334.535,606.533
data-analyst-1786004899-26fea10eb8cf,334.544,478.164
data-analyst-1786004997-22f31a54cbab,334.576,688.341
wide-researcher-1786004997-2b2c14c87d2f,334.636,517.833
data-analyst-1786004907-31bf3a9add4f,334.660,357.040
reviewer-1786004997-3d3426ee4113,334.679,683.240
data-analyst-1786004901-21130354a1cf,334.719,334.719
deep-researcher-1786004997-f6a0ae04e580,334.723,695.550
data-analyst-1786004997-f7d890658e30,334.754,706.997
wide-researcher-1786004997-342e2cea56a0,334.793,485.304
reviewer-1786004997-b7963110e0d7,334.813,634.610
data-analyst-1786004905-e77fd50fe309,334.822,357.944
data-analyst-1786004905-c44c4c8d0d48,334.839,357.965
deep-researcher-1786004997-00f86ce9a1f0,334.956,606.611
data-analyst-1786004847-e3ed34d15204,334.980,357.315
data-analyst-1786004997-6ea1362c4ae6,334.980,706.960
wide-researcher-1786004997-0e17bc6f2485,335.020,628.716
reviewer-1786004997-6615bb27eb7e,335.069,676.130
deep-researcher-1786004998-e36f04037502,335.151,487.767
data-analyst-1786004998-4cb3e9c2837d,335.294,624.870
wide-researcher-1786004998-fbd0a46517fa,335.312,544.122
data-analyst-1786004905-c66045f52be9,335.438,357.215
reviewer-1786004998-b0f72b074aff,335.457,700.739
data-analyst-1786004905-5d58165af048,335.457,356.371
data-analyst-1786004831-ae1f7f630439,335.478,356.612
deep-researcher-1786004998-115c5eb64242,335.506,591.075
data-analyst-1786004998-3420fde2e00e,335.527,695.242
data-analyst-1786004883-07317852347b,335.531,356.483
wide-researcher-1786004998-34feffa7ba2d,335.554,674.922
data-analyst-1786004885-cf4e0f586d93,335.688,360.823
deep-researcher-1786004998-fda4c7dc1b27,335.717,592.852
wide-researcher-1786004998-047e61a6b4cb,335.737,590.506
deep-researcher-1786004998-ed3fca75a3b3,335.782,624.186
wide-researcher-1786004998-d1beef5a99b9,335.821,484.832
data-analyst-1786004896-746c5244da92,335.860,335.861
deep-researcher-1786004998-b8764da02dde,335.965,594.526
wide-researcher-1786004998-6107d07b143d,335.992,684.774
deep-researcher-1786004999-601a90b41b76,336.043,705.819
data-analyst-1786004872-68c01f0a32bb,336.122,336.122
wide-researcher-1786004999-223613c787e4,336.130,490.932
data-analyst-1786004899-be5bd6349378,336.138,336.139
deep-researcher-1786004999-282c83f59c3f,336.186,610.949
wide-researcher-1786004999-2390f8535221,336.213,693.556
data-analyst-1786004892-4a230fbe2c70,336.214,336.217
deep-researcher-1786004999-97b3e568e311,336.321,686.383
wide-researcher-1786004999-d833ff158d39,336.339,591.748
deep-researcher-1786004999-71c663873483,336.366,707.063
wide-researcher-1786004999-7d4d9fdbf65e,336.470,498.734
deep-researcher-1786004999-3d1602dc40bb,336.489,606.549
data-analyst-1786004904-9e62c98016b2,336.499,356.419
wide-researcher-1786004999-54f18af577b5,336.517,673.985
data-analyst-1786004901-781e106eae63,336.548,336.548
deep-researcher-1786004999-d66c6e237052,336.566,586.758
wide-researcher-1786004999-f1473786d204,336.598,494.367
data-analyst-1786004870-9a2431b7ebcb,336.670,356.385
deep-researcher-1786004999-2aa0cfffc4c8,336.670,606.721
data-analyst-1786004904-f15649cccada,336.751,381.582
data-analyst-1786004905-6ff2ca6cb305,336.770,355.999
wide-researcher-1786004999-08f2f8465d5d,336.806,703.186
deep-researcher-1786004999-1b9b1252ebf9,336.824,480.875
wide-researcher-1786004999-1228fc694816,336.980,531.608
deep-researcher-1786004999-ce576e9d1265,337.018,488.254
wide-researcher-1786005000-669b920abe63,337.037,670.071
deep-researcher-1786005000-604de38f6a0e,337.081,616.280
data-analyst-1786004840-e8114cdfb9e0,337.118,355.948
wide-researcher-1786005000-3f55d07ccd9c,337.208,591.384
deep-researcher-1786005000-1d9dc3d75a2d,337.304,702.501
data-analyst-1786004899-1204b9b242aa,337.305,337.309
wide-researcher-1786005000-200501dd5022,337.322,690.722
deep-researcher-1786005000-3f624406ebc3,337.433,701.451
wide-researcher-1786005000-5abb06ca699e,337.472,704.835
deep-researcher-1786005000-544e50bfba38,337.508,498.823
wide-researcher-1786005000-b863931f68f2,337.526,606.215
deep-researcher-1786005000-7c4d7190aadf,337.596,695.492
wide-researcher-1786005000-6ec848a0bd03,337.644,609.102
deep-researcher-1786005000-059a9a55caf1,337.663,502.232
wide-researcher-1786005000-74fbb23e46bb,337.722,688.167
deep-researcher-1786005000-fad0042d2bf7,337.771,502.247
wide-researcher-1786005000-7f96407a7f0a,337.824,603.388
deep-researcher-1786005000-e7ffb9e6bed6,337.844,558.396
wide-researcher-1786005000-62f4079665d3,337.974,699.025
deep-researcher-1786005000-ce134f828a37,338.008,585.042
wide-researcher-1786005001-7980cce75d43,338.064,611.553
deep-researcher-1786005001-79bc8a6cc753,338.087,480.419
wide-researcher-1786005001-19d0572200b3,338.107,702.694
deep-researcher-1786005001-36292126ce6e,338.175,501.057
wide-researcher-1786005001-88212585fbb1,338.330,612.646
deep-researcher-1786005001-1619d8ef103d,338.448,591.905
wide-researcher-1786005001-d7b0d29adb96,338.505,499.940
deep-researcher-1786005001-d0f46f58c286,338.563,619.059
wide-researcher-1786005001-4bb5278092cc,338.732,545.011
deep-researcher-1786005001-9a004ecfcf37,338.804,684.379
wide-researcher-1786005001-f488381d6af3,338.834,664.589
deep-researcher-1786005001-b646cef89693,338.950,493.671
wide-researcher-1786005001-da0f3d8b6cea,339.017,679.880
deep-researcher-1786005002-117982bb9f23,339.044,598.026
wide-researcher-1786005002-e91d7a2d0144,339.160,625.225
deep-researcher-1786005002-c0e701cc68db,339.211,607.246
wide-researcher-1786005002-cbc14bb4dedd,339.288,490.828
deep-researcher-1786005002-039e1ebcf2db,339.326,697.777
wide-researcher-1786005002-a0a23b55dfce,339.352,630.016
deep-researcher-1786005002-591ab71ac1f2,339.481,493.186
data-analyst-1786004875-86dd6ba3c984,339.482,339.482
wide-researcher-1786005002-4e15a85c9c1d,339.532,514.063
deep-researcher-1786005002-565f256aa153,339.582,611.397
wide-researcher-1786005002-27bed2763d95,339.621,707.253
deep-researcher-1786005002-f95487cbe8fd,339.688,702.287
wide-researcher-1786005002-cd539211669f,339.821,484.861
deep-researcher-1786005002-3468a57baaf2,339.846,522.528
wide-researcher-1786005002-dcc4a431086f,339.950,695.001
deep-researcher-1786005002-a842af5a7efe,340.027,577.829
wide-researcher-1786005003-d940d5484367,340.233,686.651
data-analyst-1786004866-9c073851f859,340.245,355.927
deep-researcher-1786005003-ca4396d10cd1,340.324,587.082
wide-researcher-1786005003-a9938652d76e,340.351,604.526
deep-researcher-1786005003-9e920e0db9ed,340.470,682.099
wide-researcher-1786005003-cd8ca8095886,340.534,617.306
deep-researcher-1786005003-f1bddce586b0,340.671,495.360
wide-researcher-1786005003-a621f85db2f9,340.721,496.171
deep-researcher-1786005003-828958abaac6,340.815,597.878
wide-researcher-1786005003-0127ad5ea074,340.854,611.242
deep-researcher-1786005003-f8a294f876c9,340.910,554.722
wide-researcher-1786005004-64ebe32b6889,340.964,591.670
deep-researcher-1786005004-a117086a1a86,341.017,497.695
wide-researcher-1786005004-bd3a94175367,341.044,589.973
deep-researcher-1786005004-8263b23a590e,341.122,587.913
wide-researcher-1786005004-b9dfa6201e89,341.221,587.281
deep-researcher-1786005004-52b9f156e1a2,341.340,611.256
wide-researcher-1786005004-3ffba3ac6e72,341.535,495.329
deep-researcher-1786005004-8e0dbe16d86a,341.583,586.240
wide-researcher-1786005004-9bd69b972026,341.704,611.583
deep-researcher-1786005004-b4ac0ee5616d,341.750,708.707
wide-researcher-1786005004-8fa288b32661,341.836,594.588
deep-researcher-1786005004-6c199392f3ea,341.870,605.414
wide-researcher-1786005004-d01dceb588f4,341.962,692.805
deep-researcher-1786005005-1a62159f1cd5,342.084,709.666
wide-researcher-1786005005-a632d3dae53f,342.172,695.572
deep-researcher-1786005005-8e5f8aa7aac5,342.234,704.188
wide-researcher-1786005005-7553be0523c5,342.316,701.387
deep-researcher-1786005005-50eb05dcee65,342.395,483.680
wide-researcher-1786005005-d4028ea229ce,342.473,687.327
deep-researcher-1786005005-bfd9c70dfd50,342.542,704.547
wide-researcher-1786005005-95ad318ae405,342.660,598.062
deep-researcher-1786005005-b492e7f55b50,342.734,709.992
wide-researcher-1786005005-abc5bfccb4e7,342.862,617.544
deep-researcher-1786005005-090264c6cb18,342.991,617.993
data-analyst-1786004890-cf73ca39c550,343.035,343.036
wide-researcher-1786005006-36a8b8fb4297,343.103,693.356
deep-researcher-1786005006-1a570f23ec04,343.184,710.223
wide-researcher-1786005006-ce05f53b21c4,343.268,599.434
deep-researcher-1786005006-2906836d09f9,343.319,503.806
wide-researcher-1786005006-b7cd479d63de,343.362,496.236
deep-researcher-1786005006-c45531247924,343.465,599.365
wide-researcher-1786005006-5981641ffbdc,343.503,531.513
deep-researcher-1786005006-17fc68a1120a,343.613,698.838
data-analyst-1786004908-cf9eb52725e6,343.642,359.472
wide-researcher-1786005006-49814d151d8e,343.682,603.966
data-analyst-1786004908-42725e16538a,343.683,356.962
data-analyst-1786004908-2538d95ac355,343.737,356.981
deep-researcher-1786005006-754d755a31b2,343.750,699.256
wide-researcher-1786005006-b1ea71983474,343.856,671.636
deep-researcher-1786005006-e20298cccfbe,343.908,608.036
wide-researcher-1786005007-53706c7170d0,343.950,538.722
deep-researcher-1786005007-11201a9d7440,343.989,600.867
wide-researcher-1786005007-f21acef797ca,344.053,624.539
deep-researcher-1786005007-0e9f4398f0e8,344.105,695.274
wide-researcher-1786005007-5529a1e13e97,344.184,670.606
deep-researcher-1786005007-823ef8dbd876,344.394,660.210
wide-researcher-1786005007-17e8ca49e8a5,344.491,679.485
deep-researcher-1786005007-1be57c06e78b,344.608,555.313
wide-researcher-1786005007-7bf71a90a731,344.659,694.000
deep-researcher-1786005007-c37c8ab3a136,344.738,610.326
wide-researcher-1786005007-1d9a88ffb043,344.898,589.362
deep-researcher-1786005007-0265d055fcfa,344.979,587.523
wide-researcher-1786005008-7f9178b1b943,345.020,506.113
deep-researcher-1786005008-83b318589e87,345.130,538.371
wide-researcher-1786005008-7c33cfbdfd2e,345.197,591.997
deep-researcher-1786005008-6f3fed30df3f,345.252,501.432
wide-researcher-1786005008-11bbbe1fa709,345.374,483.832
deep-researcher-1786005008-96ef366b5248,345.472,501.331
wide-researcher-1786005008-116855ee90af,345.514,494.498
deep-researcher-1786005008-8f802088a7b2,345.554,704.106
wide-researcher-1786005008-7c35455510e2,345.620,624.336
deep-researcher-1786005008-dc4e22404675,345.712,518.237
wide-researcher-1786005008-37a5becb4431,345.865,632.391
deep-researcher-1786005008-8106917b4b2f,345.916,707.413
data-analyst-1786004900-d71bb0311c5d,346.208,356.099
wide-researcher-1786005009-574d766d4796,346.216,605.326
deep-researcher-1786005009-7ed1071f2b79,346.321,601.281
wide-researcher-1786005009-0aeca41764d8,346.362,499.327
deep-researcher-1786005009-bc576da94153,346.509,605.777
wide-researcher-1786005009-cbc753133e30,346.550,677.115
deep-researcher-1786005009-17df16e383c7,346.647,702.423
wide-researcher-1786005009-d7ece2c398b2,346.716,512.647
deep-researcher-1786005009-5e3ecb53926b,346.774,502.063
wide-researcher-1786005009-f1a11dc20472,346.882,539.670
deep-researcher-1786005009-4854ce72f5b8,346.960,699.825
wide-researcher-1786005010-00249efc6b54,346.982,592.913
deep-researcher-1786005010-f75a9b719643,347.020,587.826
wide-researcher-1786005010-c715d6db593e,347.066,695.322
data-analyst-1786004908-5524a8513b13,347.080,357.055
data-analyst-1786004908-9af7556c4024,347.095,370.340
data-analyst-1786004908-cddf79519573,347.108,380.752
deep-researcher-1786005010-57fb247e2aa6,347.113,547.404
wide-researcher-1786005010-1cf0f6c5a74d,347.130,699.667
deep-researcher-1786005010-13b76f1b466f,347.148,600.504
wide-researcher-1786005010-b74f817634f2,347.198,502.984
deep-researcher-1786005010-14f8c3ed941e,347.226,707.946
wide-researcher-1786005010-05e05982ef4e,347.428,489.169
deep-researcher-1786005010-be34d016117d,347.445,499.056
wide-researcher-1786005010-afe740891e48,347.501,618.415
deep-researcher-1786005010-b0d1b84c2e75,347.733,601.136
wide-researcher-1786005010-c83491bfade1,347.807,627.373
deep-researcher-1786005010-bf90292363b1,347.903,705.857
wide-researcher-1786005010-a20877fce705,347.993,703.153
deep-researcher-1786005011-e63004536caf,348.021,600.037
wide-researcher-1786005011-fd63a0186506,348.161,691.500
deep-researcher-1786005011-0936a825b847,348.235,679.661
wide-researcher-1786005011-5f63d4a10419,348.378,664.173
deep-researcher-1786005011-2c7d65cf9b5b,348.395,592.961
wide-researcher-1786005011-ba065d21ac1a,348.412,670.456
deep-researcher-1786005011-1d06f63b77a7,348.454,599.533
wide-researcher-1786005011-8fa2449756a5,348.482,683.692
deep-researcher-1786005011-7c7aff9d4284,348.500,701.291
wide-researcher-1786005011-a3fcd98219be,348.527,603.184
deep-researcher-1786005011-7514ec9715de,348.569,617.102
wide-researcher-1786005011-a008acfd50ac,348.586,606.318
deep-researcher-1786005011-41eed55da759,348.637,686.223
wide-researcher-1786005011-e05439aa73ee,348.654,501.072
deep-researcher-1786005011-5537533b1355,348.710,510.827
wide-researcher-1786005011-e2d1ddf35478,348.747,590.332
data-analyst-1786004901-81be26da068a,348.911,359.383
data-analyst-1786004901-7728295a6603,348.929,356.150
deep-researcher-1786005011-9693bfd3f6ee,348.938,702.580
wide-researcher-1786005011-a82259f1f059,348.956,606.103
deep-researcher-1786005012-9e44a896fbad,349.045,623.946
data-analyst-1786004903-634cfb1f665f,349.116,356.896
data-analyst-1786004896-8265605b29ff,349.134,356.914
data-analyst-1786004895-d84cf1305b91,349.208,362.199
wide-researcher-1786005012-a4b4dee107c4,349.230,701.418
deep-researcher-1786005012-3556dfe8fd6f,349.248,629.668
data-analyst-1786004877-36b5cebb558a,349.336,349.336
data-analyst-1786004886-1316dfc1f16f,349.349,349.349
data-analyst-1786004866-8da913925077,349.364,349.365
wide-researcher-1786005012-8759e777c430,349.496,595.602
data-analyst-1786004864-e1e165b55dc6,349.555,349.555
deep-researcher-1786005012-bc8a323d15da,349.671,590.047
wide-researcher-1786005012-eafdb5a94cfa,349.885,705.174
deep-researcher-1786005012-d3a9d0862ae5,349.906,698.531
wide-researcher-1786005013-cbd84f9951d4,349.924,487.479
deep-researcher-1786005013-41d5eee6cbba,350.002,484.817
wide-researcher-1786005013-b160956aed93,350.020,676.808
deep-researcher-1786005013-3c483a0ff328,350.051,607.122
wide-researcher-1786005013-3dff5fba0c57,350.081,674.206
deep-researcher-1786005013-7736a2bebb1c,350.137,597.540
wide-researcher-1786005013-cac7026c12ec,350.167,492.037
deep-researcher-1786005013-f97bb5dd9476,350.222,602.499
wide-researcher-1786005013-d981361689be,350.242,601.928
deep-researcher-1786005013-5097e939c818,350.262,698.325
wide-researcher-1786005013-95260acdc719,350.391,645.831
deep-researcher-1786005013-bc5f643d1be0,350.449,696.142
wide-researcher-1786005013-f8548ea2ae9f,350.466,619.665
deep-researcher-1786005013-d3024a86fec7,350.513,678.084
wide-researcher-1786005013-a673097c577b,350.551,675.583
deep-researcher-1786005013-58430b819909,350.646,618.145
data-analyst-1786004879-aad4f1dee341,350.701,366.697
data-analyst-1786004879-24c26f6317da,350.715,374.295
data-analyst-1786004849-953749f88920,350.728,362.597
wide-researcher-1786005013-12f2b420511b,350.741,700.035
deep-researcher-1786005013-9c169f16ecc5,350.763,591.309
wide-researcher-1786005013-8cc54894d929,350.916,499.040
deep-researcher-1786005013-29e92823243b,351.042,593.778
wide-researcher-1786005014-5d4aad4c1e0e,351.249,696.314
deep-researcher-1786005014-211cd0739763,351.290,616.440
wide-researcher-1786005014-97a3a299dacb,351.390,696.108
deep-researcher-1786005014-7fde29ca70b6,351.408,595.574
wide-researcher-1786005014-66508194cb04,351.426,636.619
deep-researcher-1786005014-dfae10c8ab02,351.445,611.763
wide-researcher-1786005014-73bfcb5c8782,351.514,590.117
deep-researcher-1786005014-b6faf31fc29b,351.533,585.980
wide-researcher-1786005014-938b434bf783,351.562,694.764
deep-researcher-1786005014-c9bfc0b72a99,351.599,549.683
wide-researcher-1786005014-7775facfcd67,351.647,684.683
deep-researcher-1786005014-218aefd14abe,351.673,618.592
wide-researcher-1786005014-b33ea8581dd9,351.746,648.538
deep-researcher-1786005014-31ba05223da3,351.764,605.384
wide-researcher-1786005014-717d97208794,351.866,614.369
deep-researcher-1786005014-38184f7ca441,351.897,612.378
wide-researcher-1786005015-d7826ac1c389,351.946,524.002
deep-researcher-1786005015-b60f6479818c,351.968,617.577
wide-researcher-1786005015-3cb6ccd12bac,351.986,595.361
data-analyst-1786004909-6d85cff18241,352.109,358.827
data-analyst-1786004909-c0cfd2493f80,352.122,357.535
data-analyst-1786004909-2143c8db8275,352.135,358.061
deep-researcher-1786005015-2faee2d56768,352.253,553.550
data-analyst-1786004855-9ff5b5ec2502,352.308,352.309
data-analyst-1786004909-e0dbd805e3fb,352.507,375.452
wide-researcher-1786005015-94374b179bc8,352.515,499.372
data-analyst-1786004909-62560194c752,352.519,357.330
data-analyst-1786004909-dda018a167bf,352.535,472.803
deep-researcher-1786005015-cdad97bb56a6,352.557,697.667
wide-researcher-1786005015-1bec1cfd9c6f,352.753,589.958
deep-researcher-1786005015-133c65f04c9b,352.798,627.813
data-analyst-1786004895-8c4e8a0202f1,352.859,356.530
wide-researcher-1786005015-aeb00f2d4735,352.864,588.525
data-analyst-1786004895-9caa547402db,352.892,356.498
deep-researcher-1786005015-3fc1ef5f6cde,352.897,600.188
wide-researcher-1786005016-bff03c00cbca,352.914,498.623
deep-researcher-1786005016-d95d37bd0762,352.952,703.747
wide-researcher-1786005016-5ad1f2898117,353.016,594.138
deep-researcher-1786005016-792f249ea408,353.034,591.655
data-analyst-1786004907-80e27b3c851d,353.039,356.751
data-analyst-1786004907-913762d73e98,353.062,358.749
wide-researcher-1786005016-c9fd87ed6998,353.075,678.252
deep-researcher-1786005016-a96bfd51b232,353.116,708.959
wide-researcher-1786005016-5cd06f334c94,353.242,593.688
deep-researcher-1786005016-39e6eb4ce675,353.261,496.007
wide-researcher-1786005016-333bcd619d80,353.376,698.790
deep-researcher-1786005016-266995cb697f,353.444,617.167
wide-researcher-1786005016-b445447c5383,353.504,671.340
deep-researcher-1786005016-48d80342c35d,353.543,596.761
wide-researcher-1786005016-fa2445baf8a1,353.776,592.363
deep-researcher-1786005016-445400f46b90,353.929,482.171
data-analyst-1786004909-be7b7cae2245,354.122,360.684
data-analyst-1786004909-4c5f929f38f8,354.137,364.731
data-analyst-1786004909-50fd460a747a,354.149,366.298
wide-researcher-1786005016-aa9600b587f5,354.202,649.645
deep-researcher-1786005017-6349380246d2,354.268,573.698
wide-researcher-1786005017-14ce9e4d08fc,354.314,615.706
deep-researcher-1786005017-f5329c91507c,354.379,671.387
wide-researcher-1786005017-995d321d4d87,354.406,516.522
deep-researcher-1786005017-244dc317478b,354.438,709.315
wide-researcher-1786005017-f53476775ef6,354.457,587.266
deep-researcher-1786005017-21624a7ae6e1,354.498,706.544
wide-researcher-1786005017-c45666587c9e,354.529,692.583
deep-researcher-1786005017-40ec58904f27,354.582,500.482
wide-researcher-1786005017-f354a9684453,354.614,607.028
deep-researcher-1786005017-04c8df016f4e,354.778,708.530
wide-researcher-1786005017-dade18738c6a,354.890,599.024
deep-researcher-1786005017-06471d3ca4bb,354.918,693.277
wide-researcher-1786005018-39a9c4bddcba,354.958,607.959
deep-researcher-1786005018-5aa126582f42,354.991,591.400
wide-researcher-1786005018-5f43d60e77ad,355.088,614.641
deep-researcher-1786005018-eaac5d8163b1,355.171,599.993
wide-researcher-1786005018-0738423ec70a,355.276,677.465
deep-researcher-1786005018-4ea1589ea14b,355.397,588.210
wide-researcher-1786005018-e636c33401eb,355.453,628.341
deep-researcher-1786005018-13678a8f2bbb,355.711,529.345
wide-researcher-1786005018-38828a5b6a1b,355.785,590.061
deep-researcher-1786005018-0bd4d1f6db83,355.883,705.031
wide-researcher-1786005018-6558f5fd054c,355.932,589.109
deep-researcher-1786005019-a38e2d354fc0,355.969,600.293
wide-researcher-1786005019-1ae5cf9466d0,355.989,627.056
deep-researcher-1786005019-4622427d748f,356.017,520.296
wide-researcher-1786005019-25578628c2ea,356.057,601.223
deep-researcher-1786005019-556043692c4d,356.107,640.247
wide-researcher-1786005019-d1c2f99ddd88,356.135,533.952
deep-researcher-1786005019-af1e348c16c4,356.177,680.301
wide-researcher-1786005019-5faabe65c5e1,356.209,624.401
deep-researcher-1786005019-87924eceab0b,356.264,708.818
wide-researcher-1786005019-eee05dfec578,356.282,590.780
deep-researcher-1786005019-22b484fcb20e,356.299,702.950
wide-researcher-1786005019-a29ea3e3c7fe,356.399,543.489
deep-researcher-1786005019-ce8035adf143,356.437,502.048
wide-researcher-1786005019-812cd548d68f,356.469,698.885
deep-researcher-1786005019-3b60c8494ee5,356.507,593.731
wide-researcher-1786005019-6ab1a837860d,356.534,694.914
deep-researcher-1786005019-fe6ecfb4f89d,356.562,592.806
wide-researcher-1786005019-90fd4567d811,356.594,702.764
deep-researcher-1786005019-b411225fb81f,356.776,623.551
wide-researcher-1786005019-b53bb3502fe8,356.795,590.927
deep-researcher-1786005019-4e3acfbc4da9,356.910,597.236
wide-researcher-1786005019-ad2043278952,356.948,586.771
deep-researcher-1786005020-d8abf1a804c8,356.967,675.449
wide-researcher-1786005020-c1ec2f2ae5df,357.224,595.062
deep-researcher-1786005020-828565c9bd26,357.330,557.529
wide-researcher-1786005020-f6e280df696f,357.431,708.435
deep-researcher-1786005020-ceb59ed85fda,357.460,603.726
wide-researcher-1786005020-6db8ab555cb5,357.478,593.274
deep-researcher-1786005020-d15cc77bd69c,357.498,497.740
wide-researcher-1786005020-c2f1f2f73ecb,357.569,606.174
deep-researcher-1786005020-6fa949763c3e,357.608,611.089
wide-researcher-1786005020-a5c0245eeb41,357.627,687.115
deep-researcher-1786005020-c1c83f8e9de8,357.721,610.530
wide-researcher-1786005020-97699cbe0622,357.789,589.473
deep-researcher-1786005020-48aee7b3cd20,357.813,708.230
wide-researcher-1786005020-51a1f227ece8,357.944,499.816
deep-researcher-1786005020-1dbacb362109,357.983,637.362
data-analyst-1786004910-ed1224202268,358.041,358.042
wide-researcher-1786005021-b9222f09c9e6,358.046,604.744
deep-researcher-1786005021-ac8b8f7f36f1,358.074,504.539
wide-researcher-1786005021-f9625b7e0163,358.104,500.082
deep-researcher-1786005021-90b878e74d59,358.293,491.876
wide-researcher-1786005021-d536e2c1b6a5,358.316,543.639
deep-researcher-1786005021-6a73d4c724d0,358.366,610.502
wide-researcher-1786005021-de4e965ab7a9,358.406,677.550
deep-researcher-1786005021-5e30dfc591f3,358.427,592.760
wide-researcher-1786005021-fecb3b7b3631,358.457,489.371
deep-researcher-1786005021-0251d94d9bb4,358.487,558.122
wide-researcher-1786005021-6af3d8085d30,358.589,698.260
deep-researcher-1786005021-634170dadb44,358.667,500.574
data-analyst-1786004910-59e0b7fb3f56,358.696,358.697
wide-researcher-1786005021-1e73b4e856d8,358.737,664.662
data-analyst-1786004913-0df80ec91a26,358.764,358.764
data-analyst-1786004910-0cb4aa560683,358.842,358.843
deep-researcher-1786005021-a735f2d3f2aa,358.847,627.795
data-analyst-1786004913-5309d41bd253,358.924,358.924
data-analyst-1786004913-c04b10a8ffa6,358.939,358.939
wide-researcher-1786005021-1fc767bdb98c,358.957,554.838
deep-researcher-1786005021-fafeda28c628,358.980,623.331
wide-researcher-1786005022-1b1258a1c1a1,359.001,601.323
data-analyst-1786004910-b1fe1a703dc6,359.059,359.060
deep-researcher-1786005022-f425cb8bd001,359.080,706.564
wide-researcher-1786005022-aefbfc84c1f5,359.112,586.492
deep-researcher-1786005022-d6b912c682e0,359.133,702.016
data-analyst-1786004913-110d0d714c88,359.179,359.180
data-analyst-1786004913-73809d8fd6b3,359.194,359.195
wide-researcher-1786005022-c8e97c88cc0b,359.244,502.909
data-analyst-1786004911-7449f2edf0b3,359.273,359.274
data-analyst-1786004914-1fdfe5d45fe4,359.288,359.289
deep-researcher-1786005022-bdf22b2ccfe9,359.298,611.309
wide-researcher-1786005022-a502ca05f886,359.316,698.681
data-analyst-1786004914-3c7d4a3d5966,359.441,359.441
deep-researcher-1786005022-7f4601dbacff,359.458,600.067
wide-researcher-1786005022-e0d434105214,359.501,600.806
data-analyst-1786004912-b2289ba4dee4,359.532,359.532
data-analyst-1786004913-2838e8cde2c0,359.546,359.546
deep-researcher-1786005022-d04f781dbbde,359.597,602.365
wide-researcher-1786005022-75975b7d7757,359.625,615.385
deep-researcher-1786005022-7b09f941f1fa,359.816,599.351
wide-researcher-1786005022-0b01ece52fd8,359.873,678.548
deep-researcher-1786005022-bbede9c6bf8d,359.921,500.546
wide-researcher-1786005023-2b6c9a45a685,359.997,609.955
deep-researcher-1786005023-650f3f2c04a4,360.104,592.634
wide-researcher-1786005023-94e30adb949d,360.255,588.586
deep-researcher-1786005023-685af121f087,360.348,694.526
wide-researcher-1786005023-7d4681e37287,360.367,639.658
deep-researcher-1786005023-6a5d6608c2f4,360.417,545.282
wide-researcher-1786005023-d8acec01986a,360.455,616.930
data-analyst-1786004914-7be97d98542e,360.497,360.498
deep-researcher-1786005023-307e31f6f63d,360.516,673.224
wide-researcher-1786005023-cef0a45cb401,360.582,599.298
data-analyst-1786004913-5daa215d368f,360.596,360.596
data-analyst-1786004921-426d78803255,360.655,360.655
data-analyst-1786004912-0c7d2824dc1c,360.669,360.670
deep-researcher-1786005023-ad45c313462f,360.701,504.086
wide-researcher-1786005023-e3a4b642ec21,360.752,697.496
data-analyst-1786004920-68e9818b76e5,360.762,360.762
deep-researcher-1786005023-46168b0c83ef,360.802,534.973
data-analyst-1786004916-4aa0ab331453,360.803,360.807
wide-researcher-1786005023-452eaf1f904d,360.970,678.121
data-analyst-1786004910-e909d19d48a6,360.993,360.993
deep-researcher-1786005023-143710ad23d4,361.015,602.614
data-analyst-1786004921-1935204cbd9e,361.038,361.039
wide-researcher-1786005024-2390011f8c2b,361.043,636.918
deep-researcher-1786005024-8c64f4acc55d,361.094,529.754
wide-researcher-1786005024-50848fd48454,361.112,597.084
deep-researcher-1786005024-2d06afb4647d,361.140,597.965
data-analyst-1786004913-d70b2b1a575b,361.175,361.175
data-analyst-1786004910-07032fe5dd78,361.189,361.190
data-analyst-1786004914-206a41d03901,361.202,361.202
data-analyst-1786004916-c7aaa3ffdce0,361.231,361.232
data-analyst-1786004913-f0bec307a2ca,361.292,361.292
data-analyst-1786004913-f6824a8a7f30,361.319,361.320
data-analyst-1786004913-d9e5a1c28e34,361.364,361.365
data-analyst-1786004922-ecc5fcf6435d,361.420,361.420
wide-researcher-1786005024-9045ebef611f,361.424,678.832
data-analyst-1786004921-0287423cdf9d,361.496,361.497
data-analyst-1786004922-3ae6b2e9bdd4,361.525,361.525
data-analyst-1786004920-e33256eee549,361.540,361.540
data-analyst-1786004922-b957397ffd6f,361.553,361.553
data-analyst-1786004917-dc94eeda5540,361.566,361.566
data-analyst-1786004924-a69d31fcb6d9,361.579,361.579
data-analyst-1786004916-f64cd037be50,361.606,361.607
deep-researcher-1786005024-a84e3fafc8da,361.752,710.299
wide-researcher-1786005024-455ca207296d,361.821,691.789
deep-researcher-1786005024-4ed093d90c9e,361.860,622.076
data-analyst-1786004913-b818b0987ac7,361.982,361.983
wide-researcher-1786005024-22c9fe046bba,362.000,670.723
deep-researcher-1786005025-b97e7b73c0bc,362.040,589.987
wide-researcher-1786005025-13247ef50176,362.101,502.534
data-analyst-1786004922-7e0ad7357920,362.116,362.117
data-analyst-1786004918-3fc08c20f909,362.131,362.132
deep-researcher-1786005025-7a205b42d0db,362.139,656.508
wide-researcher-1786005025-4b1b82b0a691,362.159,680.865
deep-researcher-1786005025-1afca637c32f,362.204,590.971
data-analyst-1786004922-a41ac095b934,362.250,362.251
wide-researcher-1786005025-de688cb186c6,362.259,605.477
deep-researcher-1786005025-759bcd292c44,362.307,591.889
wide-researcher-1786005025-5c33284c40b7,362.327,501.568
data-analyst-1786004922-12e0acc076a3,362.353,362.353
data-analyst-1786004912-0ef6006c0fc6,362.440,362.441
data-analyst-1786004926-d917bc6d5d2b,362.455,362.455
deep-researcher-1786005025-d30e3d2f0510,362.481,613.516
wide-researcher-1786005025-690624b945c5,362.520,675.382
deep-researcher-1786005025-bd94817b0983,362.559,597.279
data-analyst-1786004926-e2ac49d2929f,362.569,362.570
wide-researcher-1786005025-7b2657d23ae8,362.605,539.456
deep-researcher-1786005025-37da590e1b32,362.624,707.301
data-analyst-1786004913-bb3e57f7bd74,362.738,362.739
data-analyst-1786004922-d583bf9eb3af,362.826,362.826
data-analyst-1786004921-ffa59f92717d,362.898,362.899
wide-researcher-1786005025-dbd724c0db02,362.935,609.401
data-analyst-1786004924-6dcbef949518,363.019,363.019
data-analyst-1786004925-320451f002b4,363.033,363.033
data-analyst-1786004927-ee4152817d6b,363.046,363.046
deep-researcher-1786005025-29772da68960,363.125,708.247
wide-researcher-1786005026-4742943eff6a,363.275,615.198
data-analyst-1786004913-e0924b768409,363.319,363.320
deep-researcher-1786005026-a565a018a02a,363.328,705.157
wide-researcher-1786005026-e6e5b02f4744,363.385,694.031
deep-researcher-1786005026-2b2ac6faa889,363.470,607.775
wide-researcher-1786005026-cadc32afe634,363.501,693.877
data-analyst-1786004922-7ef23b290d7f,363.529,363.529
deep-researcher-1786005026-6226a88779ff,363.541,499.758
data-analyst-1786004926-9609b1e7d88c,363.545,363.545
wide-researcher-1786005026-1eaaa0db609c,363.614,559.600
deep-researcher-1786005026-d5c020562d46,363.652,709.510
wide-researcher-1786005026-e485a2e393a4,363.728,699.750
deep-researcher-1786005026-c051d04c8562,363.758,629.899
data-analyst-1786004931-8612611e2bfe,363.773,363.773
wide-researcher-1786005026-80f6b3cd6882,363.777,586.184
data-analyst-1786004918-10b4e186e427,363.790,363.790
deep-researcher-1786005026-2c86646d92fc,363.825,600.082
data-analyst-1786004926-7b3b8cc17fba,363.839,363.840
data-analyst-1786004921-1f995a459d30,363.854,363.854
data-analyst-1786004911-55282ffa3f90,363.900,363.900
wide-researcher-1786005026-c4b3619f2116,363.949,670.104
data-analyst-1786004916-73cd796401d4,363.955,363.955
deep-researcher-1786005026-f0838e5a93da,363.990,702.911
wide-researcher-1786005027-57555d583489,364.032,588.194
deep-researcher-1786005027-ed3ca1935253,364.061,613.545
data-analyst-1786004925-4c028cc26b2c,364.075,364.076
data-analyst-1786004921-eb3406e0c037,364.090,364.090
wide-researcher-1786005027-ea42d1309e4d,364.120,701.468
data-analyst-1786004914-06bdcb7f491e,364.215,364.216
data-analyst-1786004925-c312ff91d2da,364.374,364.374
data-analyst-1786004927-a42bb056ce52,364.388,364.388
data-analyst-1786004933-07ca1da3a0ad,364.506,364.506
deep-researcher-1786005027-7965420472d1,364.530,495.902
data-analyst-1786004922-6ce082d980a4,364.540,364.541
data-analyst-1786004934-9f37b506f82e,364.554,364.554
data-analyst-1786004932-9d878a3e735f,364.567,364.567
data-analyst-1786004910-22f61d63b9b3,364.580,364.580
data-analyst-1786004927-14d49e4f420a,364.607,364.608
data-analyst-1786004916-18c9550612c4,364.621,364.622
wide-researcher-1786005027-8234c086f284,364.630,613.669
data-analyst-1786004922-68c6b1b76e8c,364.701,364.701
deep-researcher-1786005027-201c1d2e01eb,364.736,701.906
wide-researcher-1786005027-54acd980fcd3,364.766,601.293
data-analyst-1786004927-620060cca1f7,364.783,364.783
data-analyst-1786004916-dd7c31a6cc5b,364.798,364.798
data-analyst-1786004925-ed423ea4f7f6,364.811,364.812
deep-researcher-1786005027-4c376b68b5d6,364.828,630.377
data-analyst-1786004926-732384c721a8,364.842,364.842
wide-researcher-1786005027-2ebdb7bd876b,364.883,501.596
deep-researcher-1786005027-4aa4b2b7bc3c,364.901,688.398
wide-researcher-1786005028-2aa3e2bbfdcd,364.976,698.702
deep-researcher-1786005028-74cdc5974373,365.013,604.714
wide-researcher-1786005028-78db9feec4e6,365.046,638.528
deep-researcher-1786005028-ea912824a8bd,365.121,699.354
data-analyst-1786004931-5d4c0923e51c,365.151,365.152
data-analyst-1786004927-224ec86282fb,365.166,365.166
wide-researcher-1786005028-a940e9a7cd27,365.179,588.556
data-analyst-1786004912-737a77e628fa,365.183,365.184
data-analyst-1786004926-d498bee291c0,365.213,365.214
deep-researcher-1786005028-e2776391001e,365.237,556.640
wide-researcher-1786005028-b22d22a84bb4,365.269,553.462
deep-researcher-1786005028-86c430db7903,365.329,696.024
wide-researcher-1786005028-c52b2115ee7a,365.348,620.935
data-analyst-1786004920-e3e581e9b3f2,365.352,365.353
deep-researcher-1786005028-d38490fc1478,365.443,671.246
data-analyst-1786004916-56f3aac7f94a,365.483,365.484
wide-researcher-1786005028-6ccb13852864,365.507,696.922
data-analyst-1786004925-bbc573e439fe,365.518,365.519
deep-researcher-1786005028-a8da09ea61cc,365.537,690.552
wide-researcher-1786005028-24a97e09ec9f,365.554,619.248
data-analyst-1786004920-f925a575fd9a,365.603,365.604
deep-researcher-1786005028-474080331f2a,365.626,676.097
data-analyst-1786004920-afaf7e3dcba1,365.636,365.638
wide-researcher-1786005028-c2e6c258da1f,365.865,679.581
data-analyst-1786004927-e1aaad1b3407,365.890,365.890
data-analyst-1786004913-f9df456fa121,365.905,365.905
deep-researcher-1786005028-b008d926e226,365.928,634.660
data-analyst-1786004920-01f0fa51bae7,365.970,365.971
wide-researcher-1786005029-8f705386152a,366.015,604.324
data-analyst-1786004937-c82f201c510c,366.162,366.163
data-analyst-1786004913-68d61407c7a2,366.176,366.177
data-analyst-1786004911-6587ca7159a7,366.234,366.235
data-analyst-1786004930-656ba089b682,366.249,366.250
deep-researcher-1786005029-936a4144b56a,366.283,698.239
wide-researcher-1786005029-cb7e6e32c610,366.342,610.683
deep-researcher-1786005029-f044dca15695,366.401,605.264
data-analyst-1786004923-8b7911575d09,366.443,366.444
wide-researcher-1786005029-07fcada438b9,366.490,680.140
deep-researcher-1786005029-18e999eb4438,366.543,587.610
data-analyst-1786004934-48e5f39bbbff,366.548,366.548
data-analyst-1786004941-6ec0e3fcc1ac,366.640,366.641
wide-researcher-1786005029-cc91df6aaaf9,366.666,631.546
deep-researcher-1786005029-4ae5d0ed2de5,366.686,708.648
data-analyst-1786004933-5f16e55b5139,366.727,366.727
wide-researcher-1786005029-4543fe0bf1af,366.735,704.883
data-analyst-1786004931-e4431feca9b7,366.759,366.760
data-analyst-1786004920-22ec3872159e,366.822,366.823
deep-researcher-1786005029-745a8b7de13b,366.827,605.942
data-analyst-1786004941-746d9dea0657,366.840,366.840
data-analyst-1786004911-d6e1afcbb21f,366.854,366.854
wide-researcher-1786005029-e8464ae60106,366.862,625.621
data-analyst-1786004939-b86f8a334586,366.889,366.890
data-analyst-1786004931-dedb2dc3a42a,366.904,366.904
data-analyst-1786004934-babb8ddd4ee2,366.949,366.949
deep-researcher-1786005029-02dd3da45609,367.005,503.621
wide-researcher-1786005030-d72d99a270a4,367.025,600.099
data-analyst-1786004941-5bfcd797ab59,367.037,367.038
deep-researcher-1786005030-9429637be2c1,367.055,700.658
wide-researcher-1786005030-57cbb54d2c10,367.073,697.031
data-analyst-1786004941-bc26aad18169,367.088,367.088
data-analyst-1786004910-251ea2c2940a,367.117,367.118
deep-researcher-1786005030-0baff3cbde6b,367.177,696.954
data-analyst-1786004913-0e86514ea7d7,367.181,367.182
data-analyst-1786004913-626ba3896b61,367.242,367.242
data-analyst-1786004939-7a42f8a36bea,367.257,367.258
data-analyst-1786004923-be31a1666929,367.284,367.284
data-analyst-1786004933-812f34da45ad,367.298,367.299
wide-researcher-1786005030-06c168deefad,367.353,594.603
deep-researcher-1786005030-d5169ac08e1a,367.383,608.237
data-analyst-1786004921-1ecc0f52d360,367.428,367.428
wide-researcher-1786005030-f75cd71c6057,367.442,502.609
deep-researcher-1786005030-b4ac4c052d31,367.471,707.672
wide-researcher-1786005030-78b2be092e36,367.531,585.510
deep-researcher-1786005030-62dd6699194a,367.658,701.484
wide-researcher-1786005030-7e6dee37fb61,367.708,627.158
data-analyst-1786004913-d4b855eba78f,367.744,367.744
data-analyst-1786004942-136650979da3,367.758,367.759
deep-researcher-1786005030-ce00a8539ef7,367.794,680.261
wide-researcher-1786005030-9a5d9fe74804,367.852,597.472
data-analyst-1786004931-482fcf98f682,367.856,367.857
deep-researcher-1786005030-fda979a90dee,367.909,498.138
data-analyst-1786004937-0bf0c8bc8e48,367.923,367.925
data-analyst-1786004943-eb043de886d6,367.939,367.940
data-analyst-1786004942-298c39dfdd91,367.970,367.970
wide-researcher-1786005030-563e0f936bee,367.979,598.415
deep-researcher-1786005031-2761f8e78465,368.010,599.132
data-analyst-1786004942-104e15252474,368.025,368.025
wide-researcher-1786005031-f0bd59cf2ed2,368.053,663.556
deep-researcher-1786005031-43f2a57f0490,368.138,589.683
data-analyst-1786004924-fb22ff566b04,368.143,368.143
data-analyst-1786004916-f8193b098073,368.171,368.171
wide-researcher-1786005031-a08c69f27a0c,368.179,616.788
data-analyst-1786004944-d50271209189,368.188,368.189
deep-researcher-1786005031-307baef7c37c,368.197,710.073
wide-researcher-1786005031-a959571fdc59,368.216,627.641
deep-researcher-1786005031-315a198f36f6,368.255,600.277
data-analyst-1786004918-05d277401452,368.289,368.289
wide-researcher-1786005031-04a7007076c8,368.293,704.006
data-analyst-1786004941-2edd679bb554,368.308,368.308
deep-researcher-1786005031-cdd5ef31d743,368.351,704.707
data-analyst-1786004931-94a16fddbfcd,368.357,368.357
wide-researcher-1786005031-9e38fe63dda8,368.370,682.017
data-analyst-1786004937-f311859d04e1,368.375,368.375
data-analyst-1786004913-0b1a3263af48,368.406,368.406
data-analyst-1786004946-2a799489a7ac,368.468,368.468
deep-researcher-1786005031-225be847c4ba,368.505,610.696
wide-researcher-1786005031-1f832235e098,368.526,586.579
deep-researcher-1786005031-a41184f7cb67,368.562,603.526
wide-researcher-1786005031-bfafdc1736dc,368.593,675.108
data-analyst-1786004943-989ea1f0f10d,368.621,368.622
deep-researcher-1786005031-a3bc533ff544,368.689,684.419
data-analyst-1786004942-c4c986b6a62d,368.700,368.700
data-analyst-1786004941-57ac2e02d0eb,368.818,368.819
data-analyst-1786004933-f09446923de4,368.848,368.848
wide-researcher-1786005031-96c5e89b5886,368.956,574.942
deep-researcher-1786005031-123714caf47f,368.989,706.458
data-analyst-1786004936-eb4841aa1a27,369.009,369.010
wide-researcher-1786005032-d1d12df271eb,369.048,589.696
data-analyst-1786004933-50bba4fc7a6b,369.074,369.074
data-analyst-1786004947-34623ad65a8c,369.211,369.211
deep-researcher-1786005032-bf6bc48b439a,369.230,709.336
data-analyst-1786004946-234fd7ed954f,369.275,369.275
data-analyst-1786004948-8899d6db7aad,369.302,369.302
data-analyst-1786004922-7fef37a3404e,369.317,369.317
wide-researcher-1786005032-1990964a615c,369.357,613.342
data-analyst-1786004927-0c2564086b11,369.361,369.362
data-analyst-1786004925-ca5b0bc52f62,369.375,369.376
data-analyst-1786004918-e01fc9f3d6ee,369.388,369.388
deep-researcher-1786005032-78b52390bcb9,369.405,604.310
data-analyst-1786004926-0430833b087b,369.435,369.436
wide-researcher-1786005032-aeaeac74dccf,369.435,533.578
data-analyst-1786004937-623cc97ff3c9,369.454,369.455
data-analyst-1786004941-314130d4c09f,369.468,369.468
data-analyst-1786004947-589ee485047c,369.497,369.498
deep-researcher-1786005032-b19d65b3fa49,369.516,605.901
data-analyst-1786004920-b42894345ff7,369.563,369.563
wide-researcher-1786005032-9b47921f19c1,369.634,625.003
data-analyst-1786004927-d59e797b4cab,369.655,369.655
data-analyst-1786004921-3adaecc38255,369.668,369.668
data-analyst-1786004928-4a8bf50bc7e5,369.684,369.685
deep-researcher-1786005032-291d7e9d3cd3,369.703,707.079
data-analyst-1786004946-7da5ad137159,369.717,369.717
wide-researcher-1786005032-a4bb5c033c7a,369.722,589.225
data-analyst-1786004946-14daf0d65f87,369.737,369.737
deep-researcher-1786005032-e0739ebb44af,369.772,590.464
wide-researcher-1786005032-91eabd1e1a46,369.801,660.655
data-analyst-1786004941-d16b730791f2,369.802,369.806
data-analyst-1786004941-737949fb0e1c,369.840,369.840
deep-researcher-1786005032-30945b3b90bf,369.870,505.196
data-analyst-1786004924-04590e6f462e,369.891,369.892
data-analyst-1786004910-86344344a079,369.985,369.986
wide-researcher-1786005032-e7bca829b0af,370.025,609.800
deep-researcher-1786005033-477bdc0fa0a8,370.045,616.481
data-analyst-1786004928-d7d552626976,370.057,370.057
wide-researcher-1786005033-616532ab084d,370.076,595.709
deep-researcher-1786005033-00e756c786ca,370.100,609.171
data-analyst-1786004927-e0def093472f,370.151,370.152
data-analyst-1786004947-de007cb72537,370.182,370.183
data-analyst-1786004949-9098f4d8156a,370.308,370.309
data-analyst-1786004939-444c6c632dc6,370.355,370.356
data-analyst-1786004951-72e3963f9d9a,370.370,370.370
data-analyst-1786004941-ae2311201ef2,370.476,370.476
wide-researcher-1786005033-cfeb33e0dd4b,370.498,518.015
data-analyst-1786004946-4783234b7605,370.508,370.509
deep-researcher-1786005033-adc8770e3e07,370.563,616.900
data-analyst-1786004942-c161ca6b59db,370.651,370.652
wide-researcher-1786005033-faf16186dad1,370.701,690.244
deep-researcher-1786005033-112faef2e130,370.730,669.735
data-analyst-1786004937-75b935ccf2a3,370.864,370.864
wide-researcher-1786005033-9aa76e9b699d,370.869,608.702
deep-researcher-1786005033-eaa06f737455,370.918,503.959
wide-researcher-1786005034-6470acdb85bb,370.937,702.247
data-analyst-1786004946-2941ce0cf747,371.020,371.020
deep-researcher-1786005034-6bd27192aac5,371.039,709.544
data-analyst-1786004931-8e8e571edf72,371.086,371.086
wide-researcher-1786005034-144a963c7b70,371.145,680.954
deep-researcher-1786005034-2bafd3b4d198,371.186,616.393
wide-researcher-1786005034-f0689cf85b23,371.230,591.920
data-analyst-1786004927-ec2465f6d248,371.235,371.236
data-analyst-1786004913-3a6f9bd4f7e3,371.251,371.252
deep-researcher-1786005034-72492929fbbe,371.281,618.712
data-analyst-1786004952-70acad829229,371.300,371.300
wide-researcher-1786005034-f89a1d9c91cf,371.316,501.984
deep-researcher-1786005034-1a8c089a74ce,371.364,708.314
data-analyst-1786004933-64676b761ccb,371.423,371.424
wide-researcher-1786005034-7629b38b507e,371.487,598.125
data-analyst-1786004954-180b0dbc9b79,371.491,371.492
data-analyst-1786004953-e262243bcfb8,371.508,371.509
deep-researcher-1786005034-d834f645ffc9,371.540,705.067
wide-researcher-1786005034-83d79dacf9da,371.560,607.012
data-analyst-1786004913-9e1d1cb4fa21,371.570,371.571
data-analyst-1786004943-ce03b1bdfdd2,371.584,371.584
deep-researcher-1786005034-d1d0df92655e,371.601,526.223
wide-researcher-1786005034-ce2a6b97e3f0,371.619,608.067
data-analyst-1786004955-9627a5bfa694,371.761,371.762
data-analyst-1786004916-152eea8757be,371.899,371.900
data-analyst-1786004946-96981dacb898,371.915,371.917
deep-researcher-1786005034-5aa067558184,371.976,696.508
wide-researcher-1786005034-954f5d3d5209,372.007,588.762
data-analyst-1786004950-a63420e05323,372.057,372.057
deep-researcher-1786005035-96356eb29c06,372.070,709.620
wide-researcher-1786005035-129860daed4f,372.136,603.882
data-analyst-1786004934-8910da9342ec,372.161,372.161
data-analyst-1786004941-4f563e2c331b,372.203,372.204
deep-researcher-1786005035-e88027534a53,372.216,703.588
wide-researcher-1786005035-349883424cbf,372.247,499.717
data-analyst-1786004942-688c97f83a91,372.248,372.252
data-analyst-1786004916-679c8faa4b6b,372.281,372.282
deep-researcher-1786005035-32e14069ef62,372.294,652.209
data-analyst-1786004941-d5dfdde3f73c,372.344,372.344
wide-researcher-1786005035-af8e335a4d64,372.369,686.008
deep-researcher-1786005035-bb435798a1ce,372.391,613.725
data-analyst-1786004916-8a997f135d69,372.417,372.417
data-analyst-1786004952-4d125cbdfcb5,372.431,372.431
wide-researcher-1786005035-f88bf8b0ae47,372.435,610.626
deep-researcher-1786005035-995e964f2f18,372.456,556.507
data-analyst-1786004920-a1411826e3f7,372.486,372.486
wide-researcher-1786005035-81bf519757fe,372.514,684.154
deep-researcher-1786005035-8763ceee9652,372.555,610.219
data-analyst-1786004924-0c495d0e0a90,372.586,372.586
wide-researcher-1786005035-5e1d143dccc1,372.666,627.473
data-analyst-1786004916-5968ca818065,372.667,372.672
data-analyst-1786004942-daff1d03e28d,372.688,372.688
deep-researcher-1786005035-cc129194c4db,372.697,587.681
data-analyst-1786004924-fa6d2774e0e1,372.706,372.706
wide-researcher-1786005035-1a8256757f2f,372.729,679.723
data-analyst-1786004943-ad8b7e69a4d6,372.754,372.754
data-analyst-1786004946-210c1595ddb6,372.768,372.768
data-analyst-1786004948-11b70ede384e,372.781,372.782
deep-researcher-1786005035-9309e150561b,372.790,596.816
wide-researcher-1786005035-3b365d693736,372.808,609.308
data-analyst-1786004955-212dcd3263f6,372.819,372.819
data-analyst-1786004954-15b370c1116f,372.834,372.834
deep-researcher-1786005035-6dd841430eae,372.877,497.663
data-analyst-1786004945-50743dd98e74,372.942,372.943
wide-researcher-1786005035-d2c3cc770b90,372.992,703.912
deep-researcher-1786005036-f2be40837ca4,373.042,494.674
wide-researcher-1786005036-0720641ec3f7,373.061,596.062
data-analyst-1786004959-ac2948db5d5b,373.107,373.107
deep-researcher-1786005036-95a5da80d87d,373.107,597.636
data-analyst-1786004951-42eb3786fd91,373.124,373.124
wide-researcher-1786005036-105756ce8e8b,373.136,697.654
data-analyst-1786004947-3efbfca5cde7,373.140,373.141
deep-researcher-1786005036-13b6043e41c2,373.174,687.824
wide-researcher-1786005036-1e81f5b8f08f,373.220,618.177
data-analyst-1786004916-8568a0d672ee,373.332,373.333
data-analyst-1786004945-9222db51f67c,373.346,373.346
data-analyst-1786004947-40156afa361f,373.373,373.374
data-analyst-1786004913-0cc28341e03c,373.417,373.418
data-analyst-1786004946-0ede5d964061,373.431,373.431
deep-researcher-1786005036-b6af9d3118ab,373.489,695.772
wide-researcher-1786005036-e41bcde40511,373.530,699.447
deep-researcher-1786005036-0cae77b7139f,373.584,614.289
wide-researcher-1786005036-3225e3ff6a52,373.658,617.946
data-analyst-1786004942-63fd50f42346,373.687,373.687
deep-researcher-1786005036-65f24c2bd51c,373.722,704.773
data-analyst-1786004925-a9d5e353c16b,373.782,373.782
data-analyst-1786004959-f49fd0a90eef,373.829,373.830
data-analyst-1786004912-96533e68247d,373.845,373.846
data-analyst-1786004942-a2e5db2d9958,373.860,373.861
wide-researcher-1786005036-88b8ebb225bc,373.901,532.144
data-analyst-1786004947-05511c7e6ccd,373.912,373.912
data-analyst-1786004942-7944ac5e1e89,373.943,373.943
data-analyst-1786004941-e6da81dffbe1,373.958,373.959
deep-researcher-1786005036-d4eb18b21036,373.971,608.624
wide-researcher-1786005037-dd2393ae2e68,374.026,586.082
deep-researcher-1786005037-769b3d3152b1,374.057,591.717
wide-researcher-1786005037-d26b1d175840,374.177,641.088
data-analyst-1786004946-ac902e14b5b0,374.206,374.206
deep-researcher-1786005037-e0666cdbed48,374.210,564.232
wide-researcher-1786005037-9903d389ae66,374.240,599.762
deep-researcher-1786005037-6359ff11567f,374.261,699.524
wide-researcher-1786005037-c3b730e789f6,374.300,628.843
deep-researcher-1786005037-f2d688130f79,374.323,520.461
data-analyst-1786004913-104999d6765a,374.333,374.334
data-analyst-1786004947-a0ec468cf23a,374.379,374.380
wide-researcher-1786005037-fa85a6a65a0d,374.388,598.386
data-analyst-1786004958-488f4e214fd9,374.398,374.399
data-analyst-1786004913-93cfd8f58577,374.412,374.412
data-analyst-1786004952-4f8cf6c1fb20,374.428,374.428
data-analyst-1786004958-7a47b0290449,374.456,374.456
deep-researcher-1786005037-0bc9cbc06053,374.504,609.760
wide-researcher-1786005037-8151c2e8d301,374.544,622.464
data-analyst-1786004955-d118ab5e95b0,374.554,374.555
deep-researcher-1786005037-a79ff7171bf2,374.563,610.070
wide-researcher-1786005037-8b4de668e42a,374.620,500.516
deep-researcher-1786005037-5a272ff9ce16,374.642,690.638
data-analyst-1786004956-b802886df9ed,374.667,374.667
wide-researcher-1786005037-81d2fdda68b9,374.695,602.177
data-analyst-1786004916-89c9ee10578c,374.746,374.747
data-analyst-1786004956-f3648938563b,374.761,374.761
deep-researcher-1786005037-03b5c33094ae,374.925,586.979
data-analyst-1786004921-b9f505b8140a,374.952,374.952
data-analyst-1786004954-ba16daaad5da,374.967,374.968
wide-researcher-1786005037-bcfea20d23c9,374.980,673.106
data-analyst-1786004943-75e5f9312f25,374.999,375.000
deep-researcher-1786005038-ace748cf6d3a,375.008,588.819
data-analyst-1786004936-06a3ffc524e9,375.033,375.034
data-analyst-1786004945-3ce86d46679b,375.062,375.063
wide-researcher-1786005038-6eda1ff1eaa9,375.075,492.753
data-analyst-1786004913-0a74136d7502,375.139,375.139
deep-researcher-1786005038-e1f5557e9abb,375.182,590.245
wide-researcher-1786005038-aa7c696edd94,375.228,590.478
data-analyst-1786004922-4b3fd68dc988,375.244,375.244
deep-researcher-1786005038-a373a5d3bc40,375.268,679.503
data-analyst-1786004952-8990af01acd2,375.292,375.292
wide-researcher-1786005038-fe9ebe700b7a,375.409,699.107
data-analyst-1786004965-4f74292c513d,375.426,375.426
deep-researcher-1786005038-5d592ab52955,375.490,590.840
wide-researcher-1786005038-4a38e414e548,375.571,620.300
data-analyst-1786004963-9fd712a2f4ee,375.624,375.625
data-analyst-1786004924-558e3339e555,375.639,375.640
deep-researcher-1786005038-43ca66779e22,375.661,709.209
wide-researcher-1786005038-18c718d61049,375.724,679.979
deep-researcher-1786005038-6040e4f600e9,375.753,672.969
data-analyst-1786004969-e040ae08f3b4,375.770,375.770
data-analyst-1786004956-715b9250740a,375.796,375.796
wide-researcher-1786005038-56eac1da7f64,375.804,626.396
data-analyst-1786004965-6b0886a9c935,375.814,375.814
deep-researcher-1786005038-af0ba0dedca4,375.822,709.124
wide-researcher-1786005038-9f5a7cb1d1eb,375.841,672.478
data-analyst-1786004922-04e60369142b,375.881,375.881
deep-researcher-1786005038-471b31ea27ff,375.908,687.375
data-analyst-1786004959-d5ac076d0b40,375.912,375.913
data-analyst-1786004967-d74dd5fb9b0f,375.969,375.969
data-analyst-1786004955-4a8459e402d8,375.982,375.982
wide-researcher-1786005038-959e726a9f58,376.072,634.409
deep-researcher-1786005039-b836a931d37a,376.093,649.544
wide-researcher-1786005039-98579b0b4249,376.130,683.197
deep-researcher-1786005039-afb1b33e6bb1,376.148,489.356
wide-researcher-1786005039-7a833bed8c49,376.194,600.370
data-analyst-1786004952-d68bcc2d19cf,376.212,376.212
data-analyst-1786004957-9b25047d2970,376.239,376.239
data-analyst-1786004969-87c7529a0f42,376.267,376.267
data-analyst-1786004969-1d5cb5701d77,376.280,376.280
data-analyst-1786004967-86e490fa50d4,376.306,376.306
data-analyst-1786004939-644c1b03fdb8,376.321,376.322
data-analyst-1786004970-3953a721be54,376.395,376.396
data-analyst-1786004967-1f8c9708d849,376.424,376.424
deep-researcher-1786005039-ab9edfb1988b,376.432,508.733
data-analyst-1786004969-0513fa17fe7f,376.442,376.443
wide-researcher-1786005039-7924b2c055e0,376.494,622.269
data-analyst-1786004958-ab590cbe2a67,376.504,376.505
data-analyst-1786004967-fea0fc61bda4,376.518,376.519
data-analyst-1786004939-aaa288807ec2,376.558,376.559
deep-researcher-1786005039-420b1bd04149,376.589,691.544
data-analyst-1786004959-959a0f8fad8d,376.615,376.616
data-analyst-1786004966-ec936c81dee2,376.629,376.629
wide-researcher-1786005039-3c4a8f776eb1,376.676,609.986
data-analyst-1786004914-01fcb2bdaacc,376.687,376.687
deep-researcher-1786005039-1dd3a5bbe173,376.695,598.954
data-analyst-1786004961-68e552c702c0,376.719,376.719
data-analyst-1786004926-d21b8495e8fc,376.733,376.734
wide-researcher-1786005039-a6243d2d78ba,376.755,492.737
data-analyst-1786004961-6582986c2f42,376.765,376.766
data-analyst-1786004967-a9c97d49f5bb,376.779,376.779
data-analyst-1786004956-94b23d08830e,376.794,376.794
deep-researcher-1786005039-3b6ca54aa0ba,376.910,682.726
data-analyst-1786004944-949f003da9eb,376.942,376.942
wide-researcher-1786005039-fb4deac25856,376.980,604.555
deep-researcher-1786005040-61973f990ee3,376.999,705.087
wide-researcher-1786005040-c2b4735e7e3d,377.046,588.419
data-analyst-1786004927-de69793092eb,377.070,377.070
data-analyst-1786004961-6a712791ca10,377.084,377.084
deep-researcher-1786005040-dd9638889124,377.088,625.655
wide-researcher-1786005040-a511d112dd2b,377.125,689.218
data-analyst-1786004927-874812dbe43a,377.133,377.133
data-analyst-1786004924-7fee178d65ee,377.160,377.160
deep-researcher-1786005040-f8e65828648f,377.168,707.206
data-analyst-1786004961-3b34d300ea42,377.178,377.178
wide-researcher-1786005040-ef7cfd6ce532,377.196,697.761
deep-researcher-1786005040-8d488504a399,377.245,699.090
data-analyst-1786004930-7deead381829,377.273,377.274
data-analyst-1786004971-a4aed84557d8,377.289,377.290
wide-researcher-1786005040-27fb5fb47100,377.316,677.893
data-analyst-1786004971-33a39b9badee,377.334,377.334
deep-researcher-1786005040-7b5c84be07b5,377.338,677.871
wide-researcher-1786005040-581c4d3f29a7,377.409,614.245
data-analyst-1786004968-4bec53dd6cea,377.448,377.449
data-analyst-1786004951-69f3554f9dd5,377.501,377.501
data-analyst-1786004959-1aa172cd06be,377.514,377.514
deep-researcher-1786005040-4772cc2e5c7a,377.518,613.302
data-analyst-1786004924-5d7b8dc4ad16,377.531,377.531
data-analyst-1786004967-20e7d8fa7086,377.571,377.571
wide-researcher-1786005040-ddc5740e7926,377.611,671.012
data-analyst-1786004942-ca36f8209cc6,377.629,377.630
data-analyst-1786004970-ac4a0f506078,377.642,377.643
deep-researcher-1786005040-4db92360a2a8,377.650,705.377
data-analyst-1786004936-e5587e01561c,377.659,377.660
data-analyst-1786004966-6a861b705e62,377.702,377.703
wide-researcher-1786005040-4b94d339608a,377.708,598.077
data-analyst-1786004937-36c73688786c,377.721,377.722
data-analyst-1786004952-1e1c404dba39,377.735,377.736
data-analyst-1786004939-e3f0ca1420c7,377.748,377.749
deep-researcher-1786005040-ddd31761d9d6,377.748,587.383
data-analyst-1786004951-f962d6b7226c,377.767,377.767
data-analyst-1786004953-21bfee7ce2f8,377.857,377.857
data-analyst-1786004945-efb48ab6ec1f,377.916,377.917
wide-researcher-1786005040-d3042827e680,377.948,695.670
data-analyst-1786004967-bb37803a7ac6,378.014,378.014
deep-researcher-1786005040-08bb28d78375,378.032,645.873
data-analyst-1786004961-3bf592c8bad5,378.064,378.064
data-analyst-1786004917-98967b933a8f,378.093,378.094
wide-researcher-1786005041-3fbb0bd0f6fb,378.106,600.746
deep-researcher-1786005041-948534e3006b,378.174,696.860
wide-researcher-1786005041-9206813cacc1,378.192,600.323
deep-researcher-1786005041-da1f72bdfbf6,378.250,627.914
wide-researcher-1786005041-44e90e517507,378.269,494.542
data-analyst-1786004963-8826868ce87a,378.305,378.306
data-analyst-1786004942-e4aaf69b198e,378.333,378.333
data-analyst-1786004955-9a1186d74220,378.346,378.347
data-analyst-1786004932-09fd490842f5,378.360,378.360
data-analyst-1786004973-6ffc0a088c92,378.387,378.387
data-analyst-1786004972-f671943169cc,378.400,378.401
deep-researcher-1786005041-79ce7df344e4,378.432,591.936
wide-researcher-1786005041-511a1b7122cd,378.485,603.812
deep-researcher-1786005041-cf80bc32c366,378.505,665.323
data-analyst-1786004958-a1f0e581138d,378.543,378.544
wide-researcher-1786005041-a39bedad5040,378.552,615.632
data-analyst-1786004925-ee113af79ab9,378.563,378.564
deep-researcher-1786005041-1b8a81b17d2d,378.602,685.372
wide-researcher-1786005041-05bcdeb43efb,378.630,696.605
data-analyst-1786004951-699904be8f84,378.656,378.656
deep-researcher-1786005041-fde7a0331271,378.679,497.369
wide-researcher-1786005041-808df1816d22,378.716,648.686
deep-researcher-1786005041-aa894566c78e,378.743,710.241
wide-researcher-1786005041-05a949c299a7,378.762,510.797
deep-researcher-1786005041-eb186defddaf,378.793,591.521
wide-researcher-1786005041-be8eaf37f72d,378.834,701.042
deep-researcher-1786005041-c87cffd7712d,378.851,587.052
data-analyst-1786004966-08c3f5a33d1d,378.851,378.855
wide-researcher-1786005041-2fa4493e0050,378.910,603.261
deep-researcher-1786005041-08bfef681452,378.928,619.767
data-analyst-1786004937-78fe67fd9145,378.948,378.950
wide-researcher-1786005042-d0249e54f44c,378.976,493.727
data-analyst-1786004974-c1461aabc4a2,378.996,378.997
data-analyst-1786004955-5064862f4f21,379.010,379.010
data-analyst-1786004974-6a389d1e06d5,379.024,379.024
deep-researcher-1786005042-a390a52ec350,379.032,602.742
data-analyst-1786004966-f89a408077e4,379.043,379.043
data-analyst-1786004910-103ed9fb31a8,379.056,379.056
data-analyst-1786004968-fd486c8b86b5,379.071,379.071
wide-researcher-1786005042-6408e37f570e,379.079,601.078
deep-researcher-1786005042-73805378214b,379.128,501.159
data-analyst-1786004977-ce6d58b6ed57,379.153,379.153
wide-researcher-1786005042-71af495b6d56,379.218,703.501
deep-researcher-1786005042-4b3af94fce5d,379.257,589.929
data-analyst-1786004933-5ce86f01d11b,379.361,379.361
data-analyst-1786004974-029f45c90fc6,379.420,379.421
data-analyst-1786004975-3936aee98795,379.435,379.435
wide-researcher-1786005042-2976c906ca79,379.440,700.917
data-analyst-1786004967-9d42ff2fba00,379.453,379.454
deep-researcher-1786005042-868b61dfe23c,379.462,706.644
wide-researcher-1786005042-4c2c6003da95,379.525,682.666
data-analyst-1786004958-3203b677d473,379.554,379.556
deep-researcher-1786005042-760a48a51cf7,379.602,620.267
wide-researcher-1786005042-bfcb4b2eac97,379.684,607.277
data-analyst-1786004978-ce2a3eb81d09,379.741,379.741
deep-researcher-1786005042-7e3e4ee0f39d,379.775,692.007
data-analyst-1786004956-8f0dc741afbc,379.805,379.806
wide-researcher-1786005042-991689769dc4,379.824,618.658
data-analyst-1786004977-34e4b1cb29d0,379.838,379.838
data-analyst-1786004958-1c91f2e08200,379.901,379.902
deep-researcher-1786005042-205bc16c63f1,379.920,601.037
wide-researcher-1786005042-19a34b109fcc,379.939,642.110
data-analyst-1786004973-44cefe33bf03,380.000,380.000
deep-researcher-1786005043-e845cae9c580,380.017,589.025
wide-researcher-1786005043-271972d62a0a,380.068,708.329
deep-researcher-1786005043-2f3fc8140ed3,380.149,552.821
data-analyst-1786004980-9d8216eeffd8,380.162,380.162
data-analyst-1786004965-40d093f9c1c8,380.175,380.176
wide-researcher-1786005043-5e0b9767586b,380.188,593.085
data-analyst-1786004982-a5cf35151139,380.222,380.223
data-analyst-1786004947-3a96bbaef7de,380.251,380.251
deep-researcher-1786005043-16c0dfe83c85,380.265,677.201
data-analyst-1786004947-d3146a97885d,380.284,380.285
data-analyst-1786004930-6f86e97c4d02,380.298,380.298
wide-researcher-1786005043-f37c26558784,380.302,707.837
data-analyst-1786004981-fbabd4d6fb3c,380.329,380.329
deep-researcher-1786005043-8ef42ffc3a02,380.341,674.337
wide-researcher-1786005043-d7aa44f6b232,380.358,672.190
data-analyst-1786004965-15bf465e06c5,380.378,380.378
data-analyst-1786004917-2da4fd07c4d8,380.392,380.393
deep-researcher-1786005043-40b3000757e0,380.430,547.996
data-analyst-1786004972-203fcb9d68c3,380.459,380.460
data-analyst-1786004969-23cf806b5760,380.601,380.601
wide-researcher-1786005043-39417ce24c3a,380.638,607.395
data-analyst-1786004974-3ee37fc0a880,380.653,380.654
data-analyst-1786004971-59b63ea1a858,380.666,380.666
data-analyst-1786004934-d77126f4e5c9,380.680,380.680
data-analyst-1786004983-fc94593e1582,380.694,380.694
data-analyst-1786004969-49eef04ff9ad,380.710,380.711
deep-researcher-1786005043-0bf2167c5233,380.719,596.117
wide-researcher-1786005043-470652267062,380.739,538.246
deep-researcher-1786005043-c158a7e92ee7,380.771,592.665
wide-researcher-1786005043-fcecb4ddd230,380.952,588.717
deep-researcher-1786005043-90ab87e26cf2,381.031,545.378
data-analyst-1786004941-eb13a93a0eb4,381.093,484.596
data-analyst-1786004953-ea83a26dcdcd,381.106,497.128
wide-researcher-1786005044-0de6d007b4b8,381.124,614.258
data-analyst-1786004949-9572ba4e1928,381.136,475.672
data-analyst-1786004946-9ce08c4e1fbb,381.191,381.192
deep-researcher-1786005044-1733e217774f,381.226,591.702
wide-researcher-1786005044-e06d21725d57,381.265,568.187
deep-researcher-1786005044-f795b1d047d0,381.299,617.900
data-analyst-1786004965-f9843a84e267,381.367,381.367
wide-researcher-1786005044-167198f725d6,381.419,614.992
data-analyst-1786004984-4142def73715,381.494,472.727
deep-researcher-1786005044-7ee2471e84ee,381.511,608.565
wide-researcher-1786005044-23e73b5b03d0,381.529,681.575
deep-researcher-1786005044-e4dcc098fd1a,381.567,708.514
wide-researcher-1786005044-d58ab6fa91d5,381.609,619.318
deep-researcher-1786005044-a66ec97cf7f6,381.626,687.963
wide-researcher-1786005044-60e013028a9e,381.695,699.940
data-analyst-1786004984-7e6b3c911d71,381.723,476.440
deep-researcher-1786005044-c916ceed8906,381.772,627.948
wide-researcher-1786005044-82320977adac,381.814,648.186
deep-researcher-1786005044-1eaf553f71fa,381.845,709.253
wide-researcher-1786005044-45db6fd019fe,381.877,635.861
deep-researcher-1786005044-6edd18e31d6f,381.917,598.563
wide-researcher-1786005045-1099963d52f3,381.997,674.152
deep-researcher-1786005045-990e2f180b9e,382.112,606.201
data-analyst-1786004976-bc8b7335804b,382.149,588.850
wide-researcher-1786005045-4f41b54c4be7,382.153,697.164
deep-researcher-1786005045-5772121932c1,382.181,602.840
wide-researcher-1786005045-17ca91f31638,382.231,600.835
deep-researcher-1786005045-fc73ffafef15,382.279,598.970
wide-researcher-1786005045-432ca95aaff3,382.421,617.461
deep-researcher-1786005045-5ba46bcd8f11,382.470,603.923
wide-researcher-1786005045-599eb8211e58,382.595,626.320
deep-researcher-1786005045-de5ec4bba175,382.638,588.133
wide-researcher-1786005045-f963fe2be087,382.740,602.293
deep-researcher-1786005045-29d87c9945dc,382.799,705.676
wide-researcher-1786005045-f2b3711905f2,382.911,671.071
deep-researcher-1786005045-5fbdc6bb5fac,382.965,707.349
wide-researcher-1786005046-80e0c7c585b9,383.026,625.328
deep-researcher-1786005046-37f44e17b597,383.075,496.375
wide-researcher-1786005046-dbc48d1e6de1,383.094,690.681
deep-researcher-1786005046-eb0b527a5703,383.128,610.641
wide-researcher-1786005046-edbc4ac0388f,383.260,700.797
data-analyst-1786004990-7432aa7c0b08,383.269,526.917
deep-researcher-1786005046-7fb4ea85f43b,383.334,611.188
wide-researcher-1786005046-4bae42ec7595,383.362,707.505
deep-researcher-1786005046-44ab434aab5a,383.419,677.449
wide-researcher-1786005046-07cb8007ebc2,383.456,630.250
deep-researcher-1786005046-6cc83ccc6d7c,383.503,709.729
data-analyst-1786004937-e35cccc1ea1b,383.589,383.589
wide-researcher-1786005046-aad3f43c62bf,383.620,695.082
data-analyst-1786004976-a302bca75cdd,383.647,383.647
deep-researcher-1786005046-dac24e0f4750,383.664,622.906
wide-researcher-1786005046-34db30bb80fd,383.693,682.573
deep-researcher-1786005046-c2e175355105,383.736,549.771
wide-researcher-1786005046-7eb216f4a64b,383.757,697.146
data-analyst-1786004970-b2bce7a2e677,383.768,383.769
data-analyst-1786004971-6c8e569e6314,383.826,383.826
data-analyst-1786004969-792c6ed9be7e,383.841,383.842
deep-researcher-1786005046-dc6ea82585a1,384.027,603.456
wide-researcher-1786005046-b64a9e5cbc7f,384.056,707.397
deep-researcher-1786005047-f24451d93655,384.101,605.310
wide-researcher-1786005047-dd8d8ef8d2dc,384.139,646.717
data-analyst-1786004961-cbaf423d692f,384.154,475.944
data-analyst-1786004931-e932ba045da0,384.167,479.908
deep-researcher-1786005047-adc430c3bff5,384.176,631.980
data-analyst-1786004973-c8baae75d372,384.378,384.379
data-analyst-1786004974-828a6ad7ddcf,384.422,384.422
wide-researcher-1786005047-14ccf58fa9d4,384.472,704.405
deep-researcher-1786005047-6175ccaf401c,384.518,621.174
wide-researcher-1786005047-2b3901ea35ca,384.547,676.113
data-analyst-1786004947-24be5758d76b,384.570,384.570
deep-researcher-1786005047-7dc41f164789,384.583,629.655
wide-researcher-1786005047-3298289dc4b2,384.601,696.637
deep-researcher-1786005047-45e704ebd877,384.637,675.941
wide-researcher-1786005047-1c9ebecf9aec,384.712,624.763
deep-researcher-1786005047-085baaab9969,384.780,627.660
data-analyst-1786004987-deafb8bd066b,384.811,472.962
wide-researcher-1786005047-413f9f3a21ae,384.830,496.361
data-analyst-1786004984-668be6accedb,384.868,384.868
data-analyst-1786004924-bd6634bd2ab4,384.884,384.885
deep-researcher-1786005047-3a176a211f41,384.888,618.674
data-analyst-1786004984-71b0bd2bfb38,384.902,384.902
wide-researcher-1786005047-5da7b5569a0f,384.969,617.368
deep-researcher-1786005048-9a914877a67f,385.023,611.748
wide-researcher-1786005048-d23b28fb301f,385.121,538.231
deep-researcher-1786005048-917ffff2bc73,385.140,492.959
wide-researcher-1786005048-40b33cf5c641,385.254,600.339
data-analyst-1786004940-e5489c0e5794,385.268,385.269
deep-researcher-1786005048-ca6a25c2cb73,385.309,615.525
wide-researcher-1786005048-03e59a67f537,385.509,626.447
deep-researcher-1786005048-4c2ce9d42dab,385.540,598.742
wide-researcher-1786005048-185a9b9b2c2b,385.568,697.000
deep-researcher-1786005048-578dcabecaa1,385.618,702.857
wide-researcher-1786005048-532ebed1c566,385.659,700.720
deep-researcher-1786005048-66c7d6bbbcc0,385.691,605.590
wide-researcher-1786005048-50501a1e383d,385.720,623.902
deep-researcher-1786005048-673d419dc12c,385.758,685.675
wide-researcher-1786005048-83f8fcb2b4f0,385.822,633.540
deep-researcher-1786005048-81910d9184e8,385.855,693.100
wide-researcher-1786005048-d96cf02a1ec7,385.919,612.579
data-analyst-1786004980-a3c752b63618,385.953,385.953
data-analyst-1786004984-77a6c2bfd1e6,386.012,476.150
deep-researcher-1786005048-acd772d6087a,386.023,696.683
wide-researcher-1786005049-2d05822deaa6,386.042,610.877
data-analyst-1786004985-eca1c9210f3a,386.088,386.088
deep-researcher-1786005049-63bfe9acec5d,386.093,625.739
data-analyst-1786004932-0cb10b049025,386.107,386.107
wide-researcher-1786005049-bfa1c8218d9e,386.195,602.440
deep-researcher-1786005049-38346bc6b361,386.226,671.371
wide-researcher-1786005049-3e5edf61fdbf,386.255,615.749
data-analyst-1786004984-e8387de5365c,386.275,386.276
deep-researcher-1786005049-eb1e05b869d1,386.284,654.115
wide-researcher-1786005049-cf9ab5db7caa,386.350,591.431
deep-researcher-1786005049-cd92fb81a75c,386.378,597.418
wide-researcher-1786005049-85c33a23d63e,386.407,626.718
data-analyst-1786004992-bb4dcaffa336,386.426,489.126
deep-researcher-1786005049-7b805fe3a284,386.440,612.632
wide-researcher-1786005049-83fee6658c24,386.476,661.278
deep-researcher-1786005049-dd4709efefa0,386.517,635.599
wide-researcher-1786005049-8b95307ec038,386.541,611.453
deep-researcher-1786005049-4fa7eaad073c,386.640,707.365
wide-researcher-1786005049-79d3d3f4a4d1,386.763,615.260
deep-researcher-1786005049-480ff3121dd1,386.812,592.406
data-analyst-1786004983-e0072610d425,386.918,386.920
wide-researcher-1786005049-da990be0cf6f,386.927,600.308
data-analyst-1786004980-a01ccb7e8c17,386.939,484.610
deep-researcher-1786005049-4d2e73cf4743,386.956,606.380
wide-researcher-1786005050-95010e034783,386.986,644.204
deep-researcher-1786005050-bcf24b27ab19,387.090,705.558
wide-researcher-1786005050-beb14b2ce4fa,387.122,692.888
deep-researcher-1786005050-22f1c12f6705,387.162,590.912
wide-researcher-1786005050-577a35f46c01,387.201,679.280
deep-researcher-1786005050-c40b0ac306d0,387.230,610.126
wide-researcher-1786005050-4013f19252b8,387.261,627.507
deep-researcher-1786005050-c480c1e68996,387.328,705.798
wide-researcher-1786005050-ca5e0631b037,387.368,699.183
data-analyst-1786004984-f45213d6f95b,387.415,387.415
deep-researcher-1786005050-43b29c339b4a,387.437,616.151
wide-researcher-1786005050-1bd753a6d862,387.537,679.676
deep-researcher-1786005050-bc2635574177,387.606,675.692
wide-researcher-1786005050-5ddd863560c1,387.633,631.705
deep-researcher-1786005050-eeda75342342,387.691,701.075
wide-researcher-1786005050-298f8b155d80,387.766,550.595
deep-researcher-1786005050-36a0db406fc4,387.907,597.568
wide-researcher-1786005050-92f1a7dc6457,387.929,702.391
data-analyst-1786004969-28e46032c44c,388.037,388.038
deep-researcher-1786005051-5b9258caf09a,388.046,681.136
wide-researcher-1786005051-a87d89fa3d89,388.149,595.560
deep-researcher-1786005051-8d1128ae3805,388.188,619.931
wide-researcher-1786005051-566618d336e6,388.224,616.756
deep-researcher-1786005051-cec42eb21f26,388.260,606.858
data-analyst-1786004990-a665b9d7f5c1,388.303,483.167
wide-researcher-1786005051-1297f4e620eb,388.330,606.244
data-analyst-1786004981-51a038d429cf,388.388,388.389
deep-researcher-1786005051-ef6314c4a1cc,388.470,702.799
wide-researcher-1786005051-d05e75aecc89,388.503,612.894
data-analyst-1786004967-a9fd1213ac08,388.583,489.228
deep-researcher-1786005051-191e05eb5202,388.599,588.257
wide-researcher-1786005051-102862784164,388.725,616.293
deep-researcher-1786005051-72b66230f2a7,388.779,611.230
wide-researcher-1786005051-a697daef2a0c,388.834,608.098
deep-researcher-1786005051-ac0d892a7548,388.851,701.338
wide-researcher-1786005051-7dc0f1806185,388.881,511.191
deep-researcher-1786005051-8e64b289e3f9,388.946,616.507
data-analyst-1786004950-3bd145d3c015,388.957,476.838
wide-researcher-1786005052-6db9b8e5a80d,389.046,701.870
deep-researcher-1786005052-49faa02033ec,389.122,625.509
wide-researcher-1786005052-1ca7d152986e,389.180,704.868
data-analyst-1786004980-eecc3bb75c7b,389.188,475.045
data-analyst-1786004991-4235878e1699,389.234,473.274
deep-researcher-1786005052-9f2668bca083,389.243,620.140
wide-researcher-1786005052-5f3b71510e9c,389.280,601.482
data-analyst-1786004967-43019f8e3640,389.318,389.318
deep-researcher-1786005052-4dd393c35454,389.366,698.490
wide-researcher-1786005052-6fee36d23638,389.407,639.296
deep-researcher-1786005052-f077708a74dd,389.425,588.834
wide-researcher-1786005052-61bb05dcddb7,389.501,629.031
deep-researcher-1786005052-0fc251de7739,389.552,708.030
data-analyst-1786004926-3a2f8a687cac,389.612,389.612
wide-researcher-1786005052-6c554a254d24,389.696,588.509
data-analyst-1786004994-d6ab07c81f1e,389.730,515.827
data-analyst-1786004994-13d43d3e6619,389.743,494.282
deep-researcher-1786005052-073fcd7869fe,389.746,613.617
wide-researcher-1786005052-a532d7ac1763,389.772,697.517
data-analyst-1786004912-69cf486357c0,389.791,389.791
deep-researcher-1786005052-7a3ab6c192e1,389.830,707.537
data-analyst-1786004989-13cccb51de60,389.977,389.977
wide-researcher-1786005052-d7fd0a7c3c96,389.981,499.562
data-analyst-1786004989-4ab5f0d1d007,389.994,389.994
deep-researcher-1786005052-050020a46562,390.017,705.139
data-analyst-1786004982-769a77b1e970,390.055,481.306
data-analyst-1786004981-ef1a51ebb700,390.072,390.072
wide-researcher-1786005053-f28a1682ee10,390.076,592.650
deep-researcher-1786005053-69ac47dd0738,390.116,675.075
data-analyst-1786004994-40d76dbe714d,390.125,484.138
wide-researcher-1786005053-b00474d923eb,390.145,699.296
deep-researcher-1786005053-e92532e7ee23,390.174,597.582
data-analyst-1786004991-3f0bfddc7ed6,390.244,390.244
wide-researcher-1786005053-593df47f10a3,390.248,676.907
deep-researcher-1786005053-0a1016cd4531,390.390,708.594
wide-researcher-1786005053-d0ce19f69762,390.448,542.153
deep-researcher-1786005053-2c50896869f0,390.525,512.210
wide-researcher-1786005053-853b3220dd97,390.557,542.501
deep-researcher-1786005053-f3f9d37ce3d0,390.620,705.486
wide-researcher-1786005053-5b68cee7dfde,390.665,519.874
deep-researcher-1786005053-7861ce52d0b9,390.789,632.076
wide-researcher-1786005053-e1197a867c66,390.919,623.131
deep-researcher-1786005053-aae678f640c9,390.939,709.849
data-analyst-1786004980-4c87db242ffc,390.949,390.949
wide-researcher-1786005054-68159ea93aef,390.957,694.356
data-analyst-1786004991-d0650fc371e1,391.007,391.008
data-analyst-1786004970-f0b3b7ae7865,391.036,391.036
deep-researcher-1786005054-199e59432259,391.053,699.057
wide-researcher-1786005054-5439db0cca19,391.071,638.280
deep-researcher-1786005054-341eef42854f,391.162,608.192
wide-researcher-1786005054-b4a954151501,391.252,560.299
data-analyst-1786004986-79011a0f7fbc,391.287,391.287
deep-researcher-1786005054-87275c2f0f69,391.288,609.787
data-analyst-1786004984-5c94d24015db,391.304,391.304
wide-researcher-1786005054-f08e8f386de7,391.331,647.811
data-analyst-1786004995-fc0d253d8c36,391.405,473.104
deep-researcher-1786005054-3ac89985ec87,391.470,708.839
wide-researcher-1786005054-6925f05842e1,391.614,657.290
deep-researcher-1786005054-025ab0cd0036,391.661,594.464
wide-researcher-1786005054-221407e87cfc,391.693,693.744
deep-researcher-1786005054-0c58a902dbfb,391.722,500.327
data-analyst-1786004981-656c095812a3,391.757,391.757
wide-researcher-1786005054-baff3337bbe3,391.758,673.433
data-analyst-1786004976-c98ca0a7dd96,391.775,391.775
deep-researcher-1786005054-b6f16a7c9fd7,391.797,595.476
data-analyst-1786004995-1be3acded59b,391.853,494.825
wide-researcher-1786005054-605aefa5c6db,391.861,601.752
deep-researcher-1786005054-c03e52c4fc55,391.898,709.798
wide-researcher-1786005055-098857dd33d7,392.030,589.308
deep-researcher-1786005055-9814e8cf7e9c,392.080,708.687
wide-researcher-1786005055-a11995f9ee86,392.189,675.345
deep-researcher-1786005055-39eeeca38acb,392.238,710.258
data-analyst-1786004986-539a6ddaa5b9,392.256,392.256
wide-researcher-1786005055-86ab486c9257,392.268,627.225
deep-researcher-1786005055-4b17438643aa,392.299,595.991
wide-researcher-1786005055-08ea561600f7,392.435,627.241
deep-researcher-1786005055-ef5fc88369ae,392.453,702.376
wide-researcher-1786005055-bd46bcfeb563,392.471,605.249
deep-researcher-1786005055-a1d967d93b49,392.520,631.607
wide-researcher-1786005055-d2f4c88fba44,392.564,586.011
data-analyst-1786004966-afe1c52e36c9,392.690,473.542
data-analyst-1786004986-1201fdf52ba4,392.703,473.150
data-analyst-1786004910-61190676918d,392.720,579.689
data-analyst-1786004940-09ea080ab9c2,392.733,483.119
deep-researcher-1786005055-9907275f2c1d,392.771,695.651
wide-researcher-1786005055-d6def782279f,392.801,706.338
deep-researcher-1786005055-3402da5c1ac8,392.850,694.047
data-analyst-1786004996-5caf143fb3f6,393.073,491.049
wide-researcher-1786005055-c65ce855a27a,393.126,608.944
deep-researcher-1786005055-ac9636984c83,393.182,620.424
data-analyst-1786004973-8012a348a131,393.223,393.224
wide-researcher-1786005056-d7dad2aea459,393.279,672.718
deep-researcher-1786005056-ffdb328a4f26,393.309,696.432
wide-researcher-1786005056-5f3a6674523f,393.375,704.025
data-analyst-1786004990-96bd0ffe8384,393.395,393.396
deep-researcher-1786005056-78e84fbc0965,393.467,514.432
wide-researcher-1786005056-5dcfd40164b4,393.572,586.865
deep-researcher-1786005056-c1301c13c1a9,393.591,676.827
wide-researcher-1786005056-ddc3b73726d0,393.652,598.328
deep-researcher-1786005056-e126e45a7f03,393.681,597.431
wide-researcher-1786005056-a8cdb0925e06,393.701,623.760
data-analyst-1786004995-e48dd2e1aa64,393.702,479.727
deep-researcher-1786005056-c834a1ec7c21,393.741,708.896
wide-researcher-1786005056-bb132dc5ce41,393.784,608.840
deep-researcher-1786005056-b976b9d1df59,393.815,615.648
wide-researcher-1786005056-cb9ca2b5e239,393.848,604.279
data-analyst-1786004987-90340e20ffe3,393.853,393.853
deep-researcher-1786005056-e5aed4234469,393.925,609.470
data-analyst-1786004991-a1981f04e7e5,393.930,393.931
data-analyst-1786004910-9b7d0fa1902d,393.946,393.946
wide-researcher-1786005056-3ff74d8ced45,393.954,679.645
data-analyst-1786004973-267695dd2118,393.964,393.965
deep-researcher-1786005057-aaf9a0636da7,393.973,623.239
wide-researcher-1786005057-d31429aa998b,394.068,588.908
deep-researcher-1786005057-afdda23024f1,394.088,595.212
wide-researcher-1786005057-defa03c92403,394.191,607.806
data-analyst-1786004982-2af217988cbd,394.232,394.232
deep-researcher-1786005057-54c1223f8a50,394.284,609.638
wide-researcher-1786005057-4db626e2ff5f,394.316,703.344
deep-researcher-1786005057-cb1d61549a78,394.345,603.199
wide-researcher-1786005057-ce173afe3287,394.362,699.074
data-analyst-1786004981-0e9d29a3e1cd,394.413,474.135
data-analyst-1786004974-8344ebcf5c49,394.489,394.489
deep-researcher-1786005057-2b169e6eb4d1,394.635,522.446
wide-researcher-1786005057-e4e2b96b475a,394.694,609.200
data-analyst-1786004967-6efa01541276,394.864,477.492
deep-researcher-1786005057-b1d10f072006,394.890,614.769
data-analyst-1786004913-8bb8f090e52b,394.891,497.567
data-analyst-1786004959-e3e1a5c06747,394.908,478.121
wide-researcher-1786005057-5fa0bfc117fa,394.920,707.927
deep-researcher-1786005058-eafcdfbd81f2,394.958,700.195
wide-researcher-1786005058-2961eb1c355b,395.052,633.158
deep-researcher-1786005058-e658fbfaef7a,395.082,613.410
wide-researcher-1786005058-e27eaa16597b,395.104,563.857
deep-researcher-1786005058-51a5cc42ff59,395.195,707.427
wide-researcher-1786005058-c38fbde689a4,395.331,593.290
data-analyst-1786004946-644ff4b619d3,395.362,395.362
deep-researcher-1786005058-def5e6ef0116,395.362,709.714
data-analyst-1786004983-dc1bb9f0136c,395.380,395.380
wide-researcher-1786005058-9129ee8f0a87,395.405,698.758
deep-researcher-1786005058-4a21c58b7a12,395.465,698.510
wide-researcher-1786005058-605d055262fc,395.552,633.807
data-analyst-1786004980-901a23268bc4,395.557,395.558
deep-researcher-1786005058-fa869ad02eeb,395.594,709.762
wide-researcher-1786005058-be7d3b6fa7c3,395.705,648.375
data-analyst-1786004995-87d791fc5141,395.716,476.164
deep-researcher-1786005058-88681d237411,395.743,696.843
wide-researcher-1786005058-b571db756d40,395.780,600.175
deep-researcher-1786005058-2b0610c13a54,395.798,674.077
data-analyst-1786004993-bd06af1ef37d,395.838,395.838
wide-researcher-1786005058-7b1fa88f880c,395.842,646.900
data-analyst-1786004969-131a584ae753,395.855,395.855
data-analyst-1786004940-9579af8e1345,395.869,395.869
deep-researcher-1786005058-97a382ea347b,395.873,615.153
data-analyst-1786004981-304bf16ed432,395.886,395.886
wide-researcher-1786005058-c44e2ddde7cb,396.109,545.361
deep-researcher-1786005059-98c264212f71,396.151,698.346
data-analyst-1786004990-27bba8266b49,396.178,396.178
data-analyst-1786004989-ed54188330ff,396.191,396.191
wide-researcher-1786005059-6432353ce97e,396.203,612.618
deep-researcher-1786005059-e0bf924da13d,396.303,670.686
wide-researcher-1786005059-8db93d962c49,396.393,669.137
deep-researcher-1786005059-f0300f29299a,396.471,599.078
data-analyst-1786004925-54ac051943da,396.563,477.321
data-analyst-1786004965-eff71ad7c8ba,396.577,472.918
data-analyst-1786004928-f3a7cb00fb40,396.591,477.689
wide-researcher-1786005059-0b7a445e0fc0,396.599,632.316
deep-researcher-1786005059-abeb384925ba,396.629,593.716
data-analyst-1786004967-bd50f6cde647,396.693,396.693
data-analyst-1786004966-27fe50a62568,396.706,396.706
wide-researcher-1786005059-b2c7ea6d7479,396.765,697.697
deep-researcher-1786005059-ba0b12519b2f,396.795,589.754
wide-researcher-1786005059-57a4cce58f66,396.832,664.160
deep-researcher-1786005059-b2ce36b80193,396.851,631.112
wide-researcher-1786005059-59c70336204a,396.917,631.211
deep-researcher-1786005059-04f4e14cdf57,396.969,707.127
data-analyst-1786004998-85778ae7023f,396.978,489.285
data-analyst-1786004998-71275e9dcee9,396.991,493.700
wide-researcher-1786005060-222d4398b065,397.000,630.917
deep-researcher-1786005060-0e4ee832397b,397.067,681.531
wide-researcher-1786005060-41e24de7384c,397.094,616.468
deep-researcher-1786005060-b234349036cf,397.113,684.016
wide-researcher-1786005060-3200d5715058,397.258,612.241
deep-researcher-1786005060-b77e4f4c905b,397.287,618.464
wide-researcher-1786005060-a66b84349fd9,397.306,700.293
deep-researcher-1786005060-36de338c1807,397.335,611.927
wide-researcher-1786005060-6a63bce448b7,397.355,673.912
deep-researcher-1786005060-bda13035a04b,397.386,586.139
wide-researcher-1786005060-bed1c50e06af,397.501,627.583
data-analyst-1786004965-773a2eb6d8f1,397.516,473.304
data-analyst-1786004984-043afb710e00,397.535,397.535
data-analyst-1786004967-14cc550d2f27,397.549,397.550
deep-researcher-1786005060-4f9eaecc5f1d,397.568,502.385
wide-researcher-1786005060-2d8e518fa6cc,397.648,610.543
deep-researcher-1786005060-d2dc3be3bb49,397.695,615.797
wide-researcher-1786005060-97108b4b3fe4,397.716,586.280
data-analyst-1786004998-daa8150b1432,397.736,486.025
deep-researcher-1786005060-372d6311b15e,397.785,532.997
data-analyst-1786004980-89d4251824fe,397.800,397.801
wide-researcher-1786005060-d5287581a186,397.898,643.842
deep-researcher-1786005060-cd48267a5396,397.944,599.311
wide-researcher-1786005061-f6838e5620d4,398.070,696.621
deep-researcher-1786005061-019406bfa82b,398.110,594.753
wide-researcher-1786005061-259c957487ec,398.150,606.472
data-analyst-1786004998-291af7d4af1b,398.238,475.150
data-analyst-1786004998-6c03ab8c5bde,398.253,478.714
deep-researcher-1786005061-0b16af94453c,398.307,698.057
wide-researcher-1786005061-23215e1b25d8,398.363,686.734
deep-researcher-1786005061-bec95b89ebd2,398.391,614.321
wide-researcher-1786005061-5010b0119094,398.421,596.269
deep-researcher-1786005061-df2834ad9c9a,398.487,689.832
wide-researcher-1786005061-35fbb8adf7c5,398.504,616.183
deep-researcher-1786005061-06bb0aa0e8e0,398.604,615.693
wide-researcher-1786005061-14c9932980e5,398.803,612.352
deep-researcher-1786005061-e6ab6b99ee82,398.822,706.378
wide-researcher-1786005061-1cb5d7b78c36,398.849,606.564
deep-researcher-1786005061-c607d836f4d8,398.901,650.556
data-analyst-1786004969-f52ad8065dcf,399.073,493.587
data-analyst-1786004969-88e4b9a953da,399.086,484.092
data-analyst-1786004933-360013976761,399.099,482.835
wide-researcher-1786005061-147de541c8e2,399.160,696.557
deep-researcher-1786005062-20602d7e05a8,399.198,593.007
wide-researcher-1786005062-c6f8800000f7,399.219,501.044
data-analyst-1786004999-ed6eb85cbe6f,399.235,475.090
data-analyst-1786004969-be28e79fed1c,399.278,399.278
deep-researcher-1786005062-310314792a90,399.305,708.482
wide-researcher-1786005062-6d1f40ad73e5,399.425,702.781
deep-researcher-1786005062-df416b5f0fdd,399.465,607.511
wide-researcher-1786005062-a315853fa5b9,399.576,620.662
deep-researcher-1786005062-cf41c0555130,399.616,646.312
wide-researcher-1786005062-76268dfafcb4,399.658,598.445
deep-researcher-1786005062-b746f55a539a,399.724,602.782
data-analyst-1786004993-9ae4fbf7cd95,399.751,399.751
wide-researcher-1786005062-93d05379ce69,399.756,550.352
data-analyst-1786004942-558f60d31598,399.769,399.770
deep-researcher-1786005062-606dd8bfafae,399.820,585.376
wide-researcher-1786005062-7f6e3865c6ed,399.858,690.337
deep-researcher-1786005062-b6aa20a36692,399.879,708.345
wide-researcher-1786005062-2c67e4ab596b,399.950,606.260
data-analyst-1786004942-8d250f593fd8,399.986,399.987
deep-researcher-1786005063-a0471160e005,400.011,593.100
wide-researcher-1786005063-e6d8f8efb597,400.131,703.683
data-analyst-1786004987-2f3a3b183ded,400.232,481.033
deep-researcher-1786005063-cd845cfb164c,400.266,602.967
wide-researcher-1786005063-6a37e1d74db0,400.286,686.947
deep-researcher-1786005063-fc9e75f2a883,400.326,613.603
wide-researcher-1786005063-98787d426cd3,400.345,587.753
data-analyst-1786004978-3d2504e8dfd4,400.375,481.649
deep-researcher-1786005063-16692acc1829,400.384,594.944
wide-researcher-1786005063-163cbb3b93fa,400.417,625.364
data-analyst-1786004965-ebc016e689d9,400.568,400.569
deep-researcher-1786005063-a320523bf81d,400.591,679.597
wide-researcher-1786005063-ec588fd7ccb8,400.684,635.742
data-analyst-1786004999-dc14b3bbe729,400.693,499.473
deep-researcher-1786005063-77a51cbe239a,400.711,603.154
wide-researcher-1786005063-562b115806f8,400.828,699.582
deep-researcher-1786005063-991e9bae86b0,400.910,612.767
wide-researcher-1786005063-8b866ff2fd4e,400.972,678.050
deep-researcher-1786005064-f93f874ea719,401.091,595.615
wide-researcher-1786005064-88af894468a9,401.120,586.226
deep-researcher-1786005064-e6f9e1820cbf,401.174,619.598
wide-researcher-1786005064-6aeb6ca8ce88,401.233,676.886
deep-researcher-1786005064-2b04f1d54ac6,401.261,613.166
data-analyst-1786004963-037f1f8a0d4f,401.271,490.116
data-analyst-1786004967-47927279b060,401.286,473.351
wide-researcher-1786005064-16d2b6952c9a,401.305,526.283
deep-researcher-1786005064-ff9e2213c960,401.368,679.848
wide-researcher-1786005064-b9ce3625e710,401.388,596.144
deep-researcher-1786005064-34e8d62d6fcb,401.417,594.404
wide-researcher-1786005064-c86a02a13acd,401.443,540.281
data-analyst-1786004918-5d80a077eeec,401.521,401.522
deep-researcher-1786005064-d5010c685d90,401.526,602.531
wide-researcher-1786005064-0261a05e0e15,401.599,602.572
deep-researcher-1786005064-7a0c8ccc00fb,401.628,700.879
wide-researcher-1786005064-5c358688c495,401.783,703.715
deep-researcher-1786005064-65a1f8f8d349,401.801,635.567
wide-researcher-1786005064-4868ef6c9c4d,401.832,644.012
deep-researcher-1786005064-1e6b082259a8,401.851,620.881
wide-researcher-1786005064-d376384f365f,401.886,617.509
deep-researcher-1786005064-2d7e9f6836f6,401.906,611.879
data-analyst-1786004941-6ff01eda80d1,401.921,401.921
wide-researcher-1786005065-78c8fcc80f96,402.030,634.220
deep-researcher-1786005065-398f1b3f3e9f,402.092,694.710
wide-researcher-1786005065-3f7201b04dc3,402.191,701.631
data-analyst-1786004988-2384e2e3c15a,402.201,402.201
deep-researcher-1786005065-1d94c5791967,402.224,618.762
wide-researcher-1786005065-e3dc48b601a5,402.244,607.215
deep-researcher-1786005065-f4e324e2e6f0,402.319,601.237
wide-researcher-1786005065-cd01db330f18,402.336,651.855
deep-researcher-1786005065-a27740321f56,402.418,558.412
wide-researcher-1786005065-0e85d7bae210,402.487,620.011
deep-researcher-1786005065-188ffd0a49e0,402.639,635.434
wide-researcher-1786005065-f38653379c03,402.678,573.844
deep-researcher-1786005065-b6aa4a8cfb15,402.809,707.031
data-analyst-1786004925-5ae7dc6e87f1,402.839,402.839
wide-researcher-1786005065-0955d023c8d0,402.888,594.556
deep-researcher-1786005065-e2ef8c89e94f,402.907,596.368
wide-researcher-1786005066-cff2abedc53b,402.957,705.394
deep-researcher-1786005066-31dbe96fed82,402.997,703.523
wide-researcher-1786005066-72b7b0fddbff,403.039,707.636
data-analyst-1786004995-65fb13b58070,403.053,403.053
data-analyst-1786004956-8f46c4cbf785,403.097,403.097
data-analyst-1786004976-6b1e3522762a,403.110,403.110
deep-researcher-1786005066-808e6b590b0a,403.114,603.470
wide-researcher-1786005066-e1636fd0af4d,403.157,701.534
deep-researcher-1786005066-59b89dbb9fad,403.295,652.986
wide-researcher-1786005066-d4ea2ff8f550,403.313,615.966
deep-researcher-1786005066-60b982677171,403.355,641.143
wide-researcher-1786005066-ee3688a26af9,403.376,634.188
deep-researcher-1786005066-1d0610e46dee,403.418,709.494
wide-researcher-1786005066-9ded54add15c,403.548,602.982
deep-researcher-1786005066-b6e46026991b,403.607,641.354
wide-researcher-1786005066-a9b55725c830,403.684,706.298
deep-researcher-1786005066-3237be4be34a,403.744,511.176
wide-researcher-1786005066-3fd401a8644c,403.857,698.977
deep-researcher-1786005066-baeb45642134,403.930,629.122
data-analyst-1786004991-1d3f324229db,403.971,403.972
wide-researcher-1786005066-9a8d94b363d0,403.979,599.504
data-analyst-1786004985-e98f67742e5b,404.115,485.275
deep-researcher-1786005067-d8be59c6c799,404.141,618.496
wide-researcher-1786005067-0a5ec2aa2ba8,404.283,604.264
deep-researcher-1786005067-56f0b414db64,404.340,707.726
wide-researcher-1786005067-397837bade5a,404.395,605.369
deep-researcher-1786005067-e3458f76480a,404.413,707.653
wide-researcher-1786005067-d205132de0ca,404.463,640.380
data-analyst-1786004952-f2656cd8666f,404.502,404.502
deep-researcher-1786005067-d039e21c73e3,404.510,592.075
wide-researcher-1786005067-a9e797d852c4,404.581,675.417
deep-researcher-1786005067-01b7232535dd,404.623,679.158
wide-researcher-1786005067-b19762e773eb,404.744,631.056
data-analyst-1786004966-8f73fb34f7f3,404.749,404.749
deep-researcher-1786005067-5c6f36a5a48f,404.795,596.442
data-analyst-1786004967-38728cccb9e7,404.820,404.820
wide-researcher-1786005067-8f9a245ec3c1,404.825,590.882
deep-researcher-1786005067-9d4832cb9717,404.858,701.591
wide-researcher-1786005067-4cb77db45601,404.882,596.875
deep-researcher-1786005067-82f617161dac,404.933,674.669
wide-researcher-1786005068-81bf09cf5588,405.066,628.895
deep-researcher-1786005068-7da93443cc10,405.118,592.867
wide-researcher-1786005068-48421b68fc46,405.242,706.522
deep-researcher-1786005068-01572e431b2b,405.305,591.610
wide-researcher-1786005068-42ff69f7154c,405.353,632.884
deep-researcher-1786005068-4073e18483ee,405.373,633.750
wide-researcher-1786005068-d799065165eb,405.444,616.327
deep-researcher-1786005068-03a10b5bfe5d,405.493,601.092
wide-researcher-1786005068-ebf2e11a7ef3,405.511,634.717
deep-researcher-1786005068-08823ac80fb4,405.653,631.744
data-analyst-1786004976-97f396abdb91,405.680,405.681
wide-researcher-1786005068-369c0092f881,405.692,687.031
deep-researcher-1786005068-e5effdded88f,405.761,609.044
data-analyst-1786004982-7d3e4f891a53,405.795,405.795
wide-researcher-1786005068-2e9589b17c9a,405.826,695.944
data-analyst-1786004934-5fc15e2e0770,405.854,405.854
deep-researcher-1786005068-f0a56cc96449,405.855,592.775
wide-researcher-1786005068-e040d09e7818,405.890,590.638
deep-researcher-1786005069-1a258ccda084,405.925,704.916
wide-researcher-1786005069-395943d26f87,406.022,607.059
deep-researcher-1786005069-a717d0bb04e7,406.062,592.060
wide-researcher-1786005069-fbb30bd02f1d,406.100,701.145
deep-researcher-1786005069-bdeccfbb8996,406.259,694.804
wide-researcher-1786005069-eeadf11ef9a6,406.324,604.070
deep-researcher-1786005069-3380179e1ae9,406.377,709.682
wide-researcher-1786005069-c02e14b696b7,406.396,588.271
deep-researcher-1786005069-81c2489650d0,406.426,617.626
wide-researcher-1786005069-aac84cf7f32e,406.444,613.013
deep-researcher-1786005069-8e26b63b0418,406.552,626.059
data-analyst-1786004942-53cfc5f80f94,406.566,484.415
data-analyst-1786004972-697b959b9a6d,406.579,530.776
wide-researcher-1786005069-9f10e9c190bc,406.583,594.075
data-analyst-1786004969-6fe60dc2425d,406.596,474.783
data-analyst-1786004968-b60e6a74310f,406.609,474.592
data-analyst-1786004994-54572043590f,406.622,406.622
deep-researcher-1786005069-1908e7b4a242,406.630,644.406
wide-researcher-1786005069-4da3cbdcd360,406.658,661.737
deep-researcher-1786005069-78c004e94790,406.723,610.936
wide-researcher-1786005069-80a3d793d47f,406.773,608.608
data-analyst-1786004933-c1a09192b493,406.803,479.541
deep-researcher-1786005069-ab24dc9a5ef9,406.857,596.354
wide-researcher-1786005069-396112555799,406.880,693.768
deep-researcher-1786005069-9dbb8c219e27,407.007,695.811
wide-researcher-1786005070-09b7bf632187,407.029,605.541
deep-researcher-1786005070-0a21b18f55f0,407.258,685.550
wide-researcher-1786005070-5a12a73829d9,407.300,683.014
deep-researcher-1786005070-c18c88dce249,407.340,606.981
wide-researcher-1786005070-45cd10a95024,407.371,619.683
deep-researcher-1786005070-a12855cbc1a6,407.400,703.798
wide-researcher-1786005070-07cf8b5b841f,407.417,672.909
data-analyst-1786004976-747e51d31b1f,407.519,407.519
deep-researcher-1786005070-5d7011c6df95,407.524,567.871
wide-researcher-1786005070-08c29eed90b7,407.565,609.347
data-analyst-1786004924-f044848f0b56,407.586,407.587
deep-researcher-1786005070-815ca3d1e2b7,407.604,699.564
wide-researcher-1786005070-eb3d02c3957e,407.642,602.191
deep-researcher-1786005070-cba846a55b90,407.673,709.105
data-analyst-1786005002-d22d3d58da61,407.748,487.012
data-analyst-1786005002-b8cec5a9d694,407.761,473.504
wide-researcher-1786005070-f6dcdf140f67,407.773,684.102
deep-researcher-1786005070-e8e7c7ac5f72,407.830,602.306
wide-researcher-1786005070-0aa76f471b5d,407.883,696.891
deep-researcher-1786005070-52c2337e774f,407.947,601.021
data-analyst-1786005002-27c91ac79156,408.033,478.225
data-analyst-1786005002-a16975f107c8,408.048,475.766
wide-researcher-1786005071-27e32b2de746,408.091,663.189
deep-researcher-1786005071-509fb9101920,408.299,594.479
wide-researcher-1786005071-7aa7db675ce7,408.330,596.980
deep-researcher-1786005071-675d8c02b6a3,408.357,645.138
wide-researcher-1786005071-0341396529f9,408.375,604.845
deep-researcher-1786005071-c5936c8ff78f,408.424,545.056
wide-researcher-1786005071-af655ec13f85,408.469,635.503
deep-researcher-1786005071-d9df1c40e77a,408.517,615.069
wide-researcher-1786005071-ceb6a09966f2,408.769,613.328
data-analyst-1786004979-b5203f321e68,408.779,408.780
deep-researcher-1786005071-e9ab3296460d,408.788,600.776
wide-researcher-1786005071-60b320bc47e4,408.847,635.067
deep-researcher-1786005071-360e0ac000d3,408.885,597.112
wide-researcher-1786005071-9ccb16176770,408.928,699.009
deep-researcher-1786005072-51eda5608754,408.946,708.562
wide-researcher-1786005072-a2bfe4a8b285,409.007,702.678
deep-researcher-1786005072-489a3ac6a1c2,409.037,609.707
wide-researcher-1786005072-ecb4165ece3f,409.119,700.597
deep-researcher-1786005072-ac40ef148982,409.160,618.022
wide-researcher-1786005072-cde6b7b48a24,409.189,696.075
deep-researcher-1786005072-013fff2d53d1,409.285,617.070
wide-researcher-1786005072-4ec5d239f0fb,409.340,627.846
deep-researcher-1786005072-4530496b7890,409.395,501.714
wide-researcher-1786005072-79f42b956d9d,409.450,614.705
deep-researcher-1786005072-9a5deeb5b8f7,409.468,628.035
wide-researcher-1786005072-77663fed9928,409.601,682.864
deep-researcher-1786005072-eaba2d0c6009,409.786,698.128
wide-researcher-1786005072-7171251debd8,409.804,650.624
deep-researcher-1786005072-d6788a623a6c,409.908,630.144
wide-researcher-1786005072-2ad6878826a5,409.936,621.985
deep-researcher-1786005073-c771a7adc695,409.964,510.704
wide-researcher-1786005073-95602624ef62,409.983,681.318
deep-researcher-1786005073-520e96db7842,410.043,618.870
data-analyst-1786004984-d6556c140a80,410.234,410.235
wide-researcher-1786005073-40992631c794,410.278,603.332
deep-researcher-1786005073-8ad42b710527,410.296,603.304
wide-researcher-1786005073-b91743c5639e,410.335,605.037
deep-researcher-1786005073-7abb9c6f2847,410.366,626.340
wide-researcher-1786005073-3d8cb4ab27ae,410.393,692.325
deep-researcher-1786005073-6690b548e046,410.422,708.208
wide-researcher-1786005073-e5217e0ed928,410.441,590.985
deep-researcher-1786005073-2d152cc5240c,410.461,709.866
data-analyst-1786005003-24b4b1f788b5,410.508,484.669
wide-researcher-1786005073-cc6dba9aa807,410.512,670.348
deep-researcher-1786005073-cae58c06072d,410.552,701.553
data-analyst-1786004950-42c3ad099c11,410.556,489.082
wide-researcher-1786005073-a0827ac39eef,410.623,597.623
deep-researcher-1786005073-e00fc820e6ae,410.665,638.630
wide-researcher-1786005073-902d4e1716dd,410.702,588.746
deep-researcher-1786005073-a28cc3a889ff,410.779,615.415
wide-researcher-1786005073-16bc42f3c77d,410.892,615.923
deep-researcher-1786005073-3e254f02a1a5,410.959,674.564
wide-researcher-1786005074-5a8a457cd2f4,410.993,708.131
deep-researcher-1786005074-beeed5c4c89e,411.117,619.699
wide-researcher-1786005074-325d68120f21,411.296,609.512
deep-researcher-1786005074-c6ac8dbaeb0d,411.316,593.792
data-analyst-1786004974-f0814eeac8cb,411.350,487.800
data-analyst-1786004941-c6e0cb044339,411.363,479.324
wide-researcher-1786005074-fb3fa9cf7ed7,411.422,703.731
deep-researcher-1786005074-cb9e526a05d9,411.454,710.280
wide-researcher-1786005074-0b3a0958de88,411.494,694.674
deep-researcher-1786005074-e83f2e244e3c,411.547,709.697
wide-researcher-1786005074-a6f2a61674b7,411.565,639.103
deep-researcher-1786005074-6723c0d5ecd1,411.696,709.085
data-analyst-1786004956-7a672a5a2ff9,411.764,411.765
data-analyst-1786004970-a74d9e8847e7,411.780,411.781
wide-researcher-1786005074-c764149582ef,411.789,707.269
deep-researcher-1786005074-e843a04e3e26,411.810,502.795
wide-researcher-1786005074-857278595545,411.841,683.636
deep-researcher-1786005074-d24fbf125755,411.913,611.976
wide-researcher-1786005074-4ffe3609750d,411.944,603.038
deep-researcher-1786005075-32e5d3259b94,411.963,587.326
wide-researcher-1786005075-30e1d46667a2,411.982,598.431
deep-researcher-1786005075-7c256fe65ee5,412.034,702.087
wide-researcher-1786005075-9bf867a6afc8,412.063,607.852
data-analyst-1786004993-8b11a5f5d06f,412.088,412.089
deep-researcher-1786005075-3b9eb1138676,412.103,678.677
wide-researcher-1786005075-bac290fed8f6,412.150,601.628
deep-researcher-1786005075-ef2757d6a479,412.182,608.506
data-analyst-1786004967-59e91d244d58,412.192,412.193
data-analyst-1786004980-957d345b541e,412.208,473.933
wide-researcher-1786005075-7354e5956fdb,412.213,595.850
deep-researcher-1786005075-068fcfc9c7fd,412.291,601.914
data-analyst-1786004999-e232fb1209da,412.303,412.303
wide-researcher-1786005075-ce757ac47750,412.367,707.965
deep-researcher-1786005075-3a77ad74aa32,412.401,699.237
wide-researcher-1786005075-2ffa907dc06c,412.447,596.951
data-analyst-1786004991-be0e5beeab17,412.506,412.507
deep-researcher-1786005075-ea5d160399d8,412.511,502.401
wide-researcher-1786005075-2dea0e13de4c,412.632,672.337
data-analyst-1786004974-b1e8eb8d0b6f,412.731,412.732
deep-researcher-1786005075-5c10063f270f,412.808,705.595
wide-researcher-1786005075-eb122ec47cae,412.842,670.794
deep-researcher-1786005075-732224cf360e,412.936,614.912
data-analyst-1786004993-6bf505c8d368,412.951,478.952
wide-researcher-1786005075-caf22b247f19,412.997,697.591
deep-researcher-1786005076-05eab79ab49c,413.320,643.468
wide-researcher-1786005076-34645b996ab4,413.361,623.930
deep-researcher-1786005076-c702bab623a7,413.463,702.711
wide-researcher-1786005076-b426036e91d2,413.482,606.002
deep-researcher-1786005076-a40e6fcb3b2c,413.530,621.335
wide-researcher-1786005076-c1beebe73fd3,413.605,662.444
deep-researcher-1786005076-2690b3f40292,413.656,610.823
wide-researcher-1786005076-2d3162e2d668,413.697,704.996
deep-researcher-1786005076-7c4cfc188989,413.727,678.484
wide-researcher-1786005076-e9d231574ea4,413.811,607.137
deep-researcher-1786005076-f6c3de823563,413.865,630.547
wide-researcher-1786005076-89249258a69e,413.987,596.889
deep-researcher-1786005077-4fdcde70d173,414.031,627.524
wide-researcher-1786005077-676afceb6991,414.132,595.092
data-analyst-1786004975-d9297e33a69d,414.217,489.651
data-analyst-1786004945-b5cb9981d62d,414.231,484.297
data-analyst-1786004975-d10cf376dce6,414.244,479.803
data-analyst-1786004972-7e770ae5fc63,414.257,476.331
deep-researcher-1786005077-5ed88cad2332,414.266,610.908
wide-researcher-1786005077-f2d4324a652f,414.316,610.311
deep-researcher-1786005077-380d25228649,414.344,674.752
wide-researcher-1786005077-25e041f0524c,414.446,707.984
deep-researcher-1786005077-f56b38db113a,414.479,593.147
data-analyst-1786004916-51aaf8d0a723,414.638,414.639
wide-researcher-1786005077-c8f64ae59894,414.738,612.947
data-analyst-1786004976-60bbdb0c6d9b,414.753,414.753
deep-researcher-1786005077-64cdc5f5d1aa,414.809,616.309
wide-researcher-1786005077-0369552f43b0,414.863,604.025
data-analyst-1786004992-b1ec0f5f872d,414.928,414.929
deep-researcher-1786005077-2a682a1f3612,414.973,618.431
wide-researcher-1786005078-b60409d01eb5,415.004,598.841
deep-researcher-1786005078-5fa3f4099def,415.041,648.858
wide-researcher-1786005078-a7db3c8bfaae,415.125,586.879
deep-researcher-1786005078-be3c08c98370,415.167,699.428
wide-researcher-1786005078-ed944b1f16c9,415.200,680.615
deep-researcher-1786005078-51e180434e64,415.239,616.136
wide-researcher-1786005078-2613b0b2bea8,415.393,682.339
deep-researcher-1786005078-e130764f2dc1,415.426,704.526
wide-researcher-1786005078-c169b233b800,415.473,678.200
deep-researcher-1786005078-785391fcef6b,415.500,704.787
wide-researcher-1786005078-05f50eb7b203,415.532,704.649
deep-researcher-1786005078-a00dbf522b4c,415.553,608.896
wide-researcher-1786005078-cc00abe86716,415.653,614.338
data-analyst-1786004966-e56629298d9e,415.682,415.682
data-analyst-1786004987-b3a97c993a82,415.695,415.696
data-analyst-1786004999-966b2e93c9c4,415.781,415.782
deep-researcher-1786005078-1cc306e07b56,415.809,596.077
wide-researcher-1786005078-f76142b069e6,415.836,588.879
deep-researcher-1786005078-9f952275312b,415.868,689.877
data-analyst-1786004993-3cbd6440e40b,415.935,415.935
wide-researcher-1786005078-85dd5a7f5701,415.950,589.516
deep-researcher-1786005079-45b138ee61b8,416.088,597.153
wide-researcher-1786005079-cb9c510a353b,416.183,628.542
deep-researcher-1786005079-40e269370057,416.247,659.288
wide-researcher-1786005079-ef16a8f9c58c,416.329,597.781
deep-researcher-1786005079-fe884912be0d,416.388,694.063
wide-researcher-1786005079-d1b7b8c009b5,416.491,600.114
deep-researcher-1786005079-7939842533f5,416.514,558.354
data-analyst-1786004976-625ffd13ae58,416.550,487.103
wide-researcher-1786005079-8dbebe3d360d,416.554,670.843
data-analyst-1786004976-ce6c12479e72,416.567,487.817
data-analyst-1786004976-5a29019c54d3,416.580,475.582
data-analyst-1786004976-6bd7c64e31ba,416.595,485.416
data-analyst-1786004976-5434cc486b70,416.608,473.742
data-analyst-1786004998-febdea9454d4,416.621,416.621
deep-researcher-1786005079-294b6a9bd3f7,416.633,677.798
wide-researcher-1786005079-26dfe2007c91,416.660,592.163
deep-researcher-1786005079-cf3410e496a4,416.753,601.783
data-analyst-1786004992-23573c5f2be2,416.770,473.088
data-analyst-1786004988-d8374cd3a584,416.787,416.788
wide-researcher-1786005079-596c7f06330f,416.843,611.676
deep-researcher-1786005079-3f5cf5bc87db,416.883,702.407
data-analyst-1786004993-e646199f98a0,416.900,486.201
data-analyst-1786004937-ccf81fcb3b21,416.918,416.919
wide-researcher-1786005079-583a63181e28,416.990,672.212
deep-researcher-1786005080-e64dc211047d,417.050,564.361
wide-researcher-1786005080-2b5d08919b1a,417.169,604.830
deep-researcher-1786005080-93b53ac38885,417.323,695.925
wide-researcher-1786005080-23e424e493bc,417.365,610.249
deep-researcher-1786005080-3c9af1d53be6,417.383,707.285
wide-researcher-1786005080-308e6d87e40e,417.461,604.451
data-analyst-1786004985-5c5db5c4176f,417.481,417.482
data-analyst-1786005006-4850ca178c16,417.541,474.179
data-analyst-1786005006-1d42fa71cbff,417.554,481.817
data-analyst-1786005006-2d372d33717b,417.567,477.463
data-analyst-1786004995-5cc9c09f8cf0,417.580,417.580
data-analyst-1786004999-3e4707655dc2,417.593,417.593
deep-researcher-1786005080-a40f6b0c9de0,417.610,605.445
wide-researcher-1786005080-2346b9e2e957,417.683,613.250
deep-researcher-1786005080-e7617540b093,417.764,616.455
data-analyst-1786005006-8cf8900de462,417.820,476.687
wide-researcher-1786005080-02c1918036cd,417.832,609.130
data-analyst-1786004988-9a01f947d87e,417.833,417.833
data-analyst-1786004999-705b6773d3df,417.864,417.864
deep-researcher-1786005080-430e2c08e892,417.887,594.154
wide-researcher-1786005080-49933aa8d694,417.908,704.820
deep-researcher-1786005081-35c7dd3a4925,417.945,702.204
wide-researcher-1786005081-63db8e4de042,417.979,698.110
data-analyst-1786004994-a172a7936e15,417.996,417.997
deep-researcher-1786005081-1178421b7b71,418.014,519.611
wide-researcher-1786005081-b480cc5a2255,418.032,703.220
deep-researcher-1786005081-5053b3383215,418.061,634.575
wide-researcher-1786005081-5b8198bb5447,418.151,694.983
deep-researcher-1786005081-7237b3665cd8,418.234,596.675
wide-researcher-1786005081-0d16ced3f56c,418.275,707.014
data-analyst-1786004993-64f25dfd8da2,418.312,418.313
deep-researcher-1786005081-e19909182551,418.347,613.987
wide-researcher-1786005081-f3865788b62d,418.410,672.376
deep-researcher-1786005081-9f2782ef4a53,418.449,609.058
wide-researcher-1786005081-256afcd49068,418.501,620.442
deep-researcher-1786005081-9c046ce22c86,418.552,708.799
data-analyst-1786005006-622b4c185d4d,418.643,486.286
data-analyst-1786005006-842e00de62e3,418.655,481.479
data-analyst-1786005006-b34f8b281a5e,418.668,477.705
wide-researcher-1786005081-c74c8844ec78,418.677,607.898
deep-researcher-1786005081-aca9934a5332,418.841,677.433
wide-researcher-1786005081-b78feaff6e9b,418.881,704.587
deep-researcher-1786005081-c2c2173791d4,418.950,708.361
data-analyst-1786005006-ed0187e0daec,418.969,488.139
data-analyst-1786005006-f485f657b2e1,418.982,490.722
wide-researcher-1786005082-7facfc04bf8e,419.035,591.088
deep-researcher-1786005082-bc0ed3d4181f,419.103,608.428
wide-researcher-1786005082-1472076c6b78,419.122,612.713
deep-researcher-1786005082-3d58022941df,419.267,698.961
wide-researcher-1786005082-462193ee35f6,419.346,591.044
deep-researcher-1786005082-d296f97979cf,419.401,617.493
wide-researcher-1786005082-258913852285,419.451,686.305
deep-researcher-1786005082-55031f346689,419.491,593.999
wide-researcher-1786005082-dc85c8a5c496,419.508,613.039
deep-researcher-1786005082-b9809ee26852,419.525,702.516
wide-researcher-1786005082-506330f5aaf9,419.544,607.731
deep-researcher-1786005082-15bde539633c,419.572,705.962
wide-researcher-1786005082-67d685ec36a8,419.645,701.322
deep-researcher-1786005082-8c15b5b91841,419.664,602.205
wide-researcher-1786005082-1c8d4c08a38b,419.739,615.339
data-analyst-1786004947-eb6f51a86eb7,419.773,485.875
deep-researcher-1786005082-b6b073286d38,419.777,626.888
wide-researcher-1786005082-596ba7b7a029,419.904,612.661
deep-researcher-1786005082-277eb459ceea,420.004,602.897
wide-researcher-1786005083-cdae2f9d0007,420.058,600.021
deep-researcher-1786005083-fbe50866a49e,420.169,618.083
data-analyst-1786004993-839f6fd6625f,420.264,473.760
wide-researcher-1786005083-ee5ef68b2212,420.347,587.023
deep-researcher-1786005083-af9de39219fb,420.375,608.550
data-analyst-1786004993-3c2029bab36c,420.393,473.242
wide-researcher-1786005083-f84e93c4ba3e,420.406,693.178
deep-researcher-1786005083-306dbb10f3c4,420.518,607.230
wide-researcher-1786005083-dc58abfc4c61,420.547,602.600
deep-researcher-1786005083-0c045375565f,420.636,701.209
wide-researcher-1786005083-468f50c797be,420.775,705.913
deep-researcher-1786005083-0f82d0061c35,420.864,701.610
wide-researcher-1786005083-deca4d14e8a1,420.908,620.773
deep-researcher-1786005084-b18bb0aa530d,420.929,701.517
data-analyst-1786004994-af9dc46d1aad,420.955,420.955
wide-researcher-1786005084-87da86f00b06,420.970,702.629
data-analyst-1786004979-dfdb6b01a004,420.987,475.351
deep-researcher-1786005084-9b504179533b,421.004,592.028
wide-researcher-1786005084-c15bc8542f37,421.036,623.855
deep-researcher-1786005084-376b45892c62,421.055,684.924
wide-researcher-1786005084-d508ee5d7439,421.082,617.836
deep-researcher-1786005084-9c5d5f25a8dc,421.171,610.556
wide-researcher-1786005084-1b0b29ea5582,421.246,708.915
deep-researcher-1786005084-f4b45bce284e,421.264,599.962
wide-researcher-1786005084-518aed088835,421.306,597.708
deep-researcher-1786005084-ffec6a5303d2,421.472,699.334
wide-researcher-1786005084-d20512327834,421.503,700.777
deep-researcher-1786005084-36785fd8aad0,421.534,592.541
wide-researcher-1786005084-4213525d6554,421.572,615.829
deep-researcher-1786005084-2bbdbde2997e,421.593,627.194
wide-researcher-1786005084-917c61d765dd,421.678,704.311
deep-researcher-1786005084-050b413944f0,421.696,606.780
wide-researcher-1786005084-cdfd83be730b,421.865,701.127
deep-researcher-1786005084-ca1915309355,421.894,615.763
wide-researcher-1786005085-70a30c482b3b,421.911,631.507
deep-researcher-1786005085-8da036cad246,421.947,706.170
wide-researcher-1786005085-fcd5a7d64555,421.992,590.200
deep-researcher-1786005085-e2d16541e736,422.056,594.974
data-analyst-1786004994-b8baf37db437,422.120,476.456
wide-researcher-1786005085-d1ded35f8f20,422.125,709.295
data-analyst-1786004922-e8bd54bd9420,422.141,422.142
deep-researcher-1786005085-eba089739f15,422.142,590.347
wide-researcher-1786005085-f1c1bbb1bc11,422.217,704.445
deep-researcher-1786005085-cde0c27613b2,422.285,676.993
data-analyst-1786004995-5e37b7afbbf8,422.323,472.889
wide-researcher-1786005085-083d08d68950,422.380,694.095
deep-researcher-1786005085-5eb0d3640ae7,422.442,640.459
data-analyst-1786004994-e258365dec68,422.460,485.585
wide-researcher-1786005085-53c930ae67ae,422.470,599.877
deep-researcher-1786005085-3a3be2489f70,422.529,604.539
wide-researcher-1786005085-0676c0064706,422.551,696.732
deep-researcher-1786005085-8c49a85f4430,422.625,700.979
wide-researcher-1786005085-d287c594c169,422.688,669.878
deep-researcher-1786005085-7f1fd47c9375,422.757,556.402
wide-researcher-1786005085-61e1c556d26c,422.774,689.980
deep-researcher-1786005085-2538a58a5b8b,422.803,707.618
wide-researcher-1786005085-018212eeb16a,422.983,706.706
deep-researcher-1786005085-2992ee5e9cbc,423.011,708.546
data-analyst-1786004978-dbe227aaffd7,423.029,486.783
wide-researcher-1786005086-7eed75f9ec38,423.030,690.197
data-analyst-1786004978-b0096133da2c,423.047,597.484
data-analyst-1786004978-0ca4dcff1eee,423.060,477.796
data-analyst-1786004916-865d0633e872,423.073,484.284
deep-researcher-1786005086-c402e03a8dc4,423.100,709.527
wide-researcher-1786005086-2a82cf61dc20,423.186,594.495
deep-researcher-1786005086-25b6cbe8bfe6,423.324,602.470
wide-researcher-1786005086-76f591d10626,423.374,684.292
deep-researcher-1786005086-179d8718615a,423.405,706.934
wide-researcher-1786005086-23224f4414e9,423.424,616.013
deep-researcher-1786005086-6acf1c4aa3e2,423.465,709.397
wide-researcher-1786005086-84244a170109,423.496,698.093
data-analyst-1786005003-0ff1f8b05439,423.546,423.546
deep-researcher-1786005086-86b015c7d867,423.638,629.981
data-analyst-1786004952-60d2a3b6f629,423.664,423.664
wide-researcher-1786005086-cc42b9f9d226,423.713,675.256
data-analyst-1786004997-d57669c2354d,423.791,423.791
data-analyst-1786004925-613d66fd3fb7,423.910,423.911
deep-researcher-1786005086-749ab79845cf,423.928,600.562
wide-researcher-1786005086-1f797eb3ff7d,423.988,697.923
deep-researcher-1786005087-20a3e17a7e9d,424.027,709.017
wide-researcher-1786005087-fd8be8fd7a08,424.044,677.816
deep-researcher-1786005087-90bb4b18712f,424.063,593.054
wide-researcher-1786005087-9e2162c0f913,424.110,705.894
data-analyst-1786004999-058d98e8786c,424.114,496.317
deep-researcher-1786005087-f9f86eab410c,424.137,589.543
wide-researcher-1786005087-68d2f67fe306,424.165,633.522
deep-researcher-1786005087-f40fb545f7e9,424.272,624.255
wide-researcher-1786005087-475ee984c837,424.293,604.056
data-analyst-1786004985-1f6ca7d0a22e,424.331,424.332
deep-researcher-1786005087-b61276af48e0,424.332,592.555
data-analyst-1786004974-4cd6c0d3cdf8,424.349,424.350
data-analyst-1786004995-d13e7c056c34,424.417,424.418
wide-researcher-1786005087-91cfbf04c285,424.426,701.226
data-analyst-1786004984-41974d205ee3,424.488,424.488
deep-researcher-1786005087-99c21e061e18,424.525,709.815
wide-researcher-1786005087-81ab2c7f6f9e,424.606,632.447
data-analyst-1786004997-dcb11445cc08,424.661,424.662
deep-researcher-1786005087-73ff527a9fc6,424.693,622.942
wide-researcher-1786005087-e4fe249906bd,424.828,704.607
deep-researcher-1786005087-7ada348e80bb,424.878,603.681
wide-researcher-1786005087-d97a07f21647,424.924,602.672
deep-researcher-1786005088-35999988cf42,424.943,586.310
data-analyst-1786005008-3dd6c5c9fd2c,424.952,477.109
wide-researcher-1786005088-53dbb4d48b91,424.974,699.372
deep-researcher-1786005088-879e0c87df35,425.011,625.206
data-analyst-1786004992-47ccfa15fd2a,425.055,425.056
wide-researcher-1786005088-1ff863510ec6,425.078,595.682
data-analyst-1786004991-6cd05d34003a,425.152,487.175
deep-researcher-1786005088-75de7701b732,425.164,598.982
data-analyst-1786005006-20dd923dab20,425.173,507.494
wide-researcher-1786005088-f3a8de915655,425.231,671.293
deep-researcher-1786005088-bf2dd6d8c713,425.314,611.630
wide-researcher-1786005088-e1f2c13995d7,425.488,697.826
deep-researcher-1786005088-cf086a933fee,425.507,675.971
wide-researcher-1786005088-a6ab2d725a4d,425.535,613.276
deep-researcher-1786005088-4390b933620e,425.563,608.223
wide-researcher-1786005088-d289584e6e88,425.587,633.417
deep-researcher-1786005088-0329bf7fd83d,425.616,704.348
wide-researcher-1786005088-f1b247294a08,425.650,698.659
data-analyst-1786004979-4e46d4436340,425.738,480.322
data-analyst-1786004985-c1de4436a513,425.753,425.753
deep-researcher-1786005088-2171a48aa183,425.771,617.669
wide-researcher-1786005088-7a940cb2174c,425.805,690.597
deep-researcher-1786005088-94408da6ec9e,425.834,636.437
wide-researcher-1786005088-9e0c3c56b5ba,425.883,697.745
deep-researcher-1786005088-8aba270ee704,425.947,617.698
wide-researcher-1786005089-c9d2e6d0efd9,426.042,632.161
deep-researcher-1786005089-e4eab6230a0a,426.123,610.189
data-analyst-1786004977-5c459523371d,426.137,473.573
data-analyst-1786004967-64beca96c04f,426.156,426.157
wide-researcher-1786005089-728bb56c8f73,426.216,598.620
data-analyst-1786004976-da944e23d530,426.237,426.238
deep-researcher-1786005089-bc82dd231f55,426.286,644.129
data-analyst-1786004985-394708fe0cf6,426.382,426.382
wide-researcher-1786005089-802618812687,426.391,694.452
data-analyst-1786004984-edcfd9cbe677,426.399,426.399
deep-researcher-1786005089-343c16af3140,426.431,604.422
wide-researcher-1786005089-7b66c333a514,426.450,673.511
deep-researcher-1786005089-c1ada1071b4e,426.494,671.815
wide-researcher-1786005089-224b1624da41,426.523,708.762
data-analyst-1786005003-6ce16a5b4aab,426.552,426.552
deep-researcher-1786005089-9b4023de781a,426.582,630.456
data-analyst-1786004995-b9652d310e5a,426.602,426.602
wide-researcher-1786005089-94d3bfb2a626,426.655,619.369
deep-researcher-1786005089-4f5d93dfefb1,426.674,709.358
wide-researcher-1786005089-eb10cc4baf45,426.730,673.622
deep-researcher-1786005089-d7e473035fa0,426.827,709.051
data-analyst-1786005009-f48677dd0ba7,426.868,480.152
data-analyst-1786005009-fc4a76af1a92,426.883,483.935
data-analyst-1786005009-93a7de8d9925,426.897,493.600
wide-researcher-1786005089-8a651a6c7296,426.959,596.830
data-analyst-1786005009-fa7608e16cd5,426.959,477.399
data-analyst-1786005009-2260dcbb6ba5,426.977,478.318
deep-researcher-1786005089-7a2ced5a64d8,427.010,593.306
wide-researcher-1786005090-70fae5432920,427.050,623.461
deep-researcher-1786005090-bc72a747b5cd,427.080,707.893
wide-researcher-1786005090-9e255571e856,427.099,605.082
deep-researcher-1786005090-06c31e9946a5,427.134,631.171
wide-researcher-1786005090-4b30db3e57a9,427.164,622.434
deep-researcher-1786005090-30f77c794367,427.216,596.296
wide-researcher-1786005090-53dbe1620bdc,427.287,699.900
deep-researcher-1786005090-f823e07e585f,427.307,706.894
wide-researcher-1786005090-f4023b47f669,427.327,619.440
deep-researcher-1786005090-8a81b1391e0f,427.359,590.652
wide-researcher-1786005090-847089609715,427.392,606.579
deep-researcher-1786005090-819c685afdb8,427.514,603.109
data-analyst-1786004992-344e3fc8dc72,427.514,427.515
data-analyst-1786004990-d8c0e651674c,427.534,427.534
wide-researcher-1786005090-bcb20e5f3b55,427.543,618.625
deep-researcher-1786005090-f6f0ad267633,427.563,605.709
wide-researcher-1786005090-f1d4fc8320cd,427.617,617.852
deep-researcher-1786005090-88a5ff9cd651,427.801,620.791
wide-researcher-1786005090-751d8eeaebbc,427.891,700.051
deep-researcher-1786005090-e0ca737e04b9,427.941,709.274
wide-researcher-1786005091-32afb5d8450f,427.963,615.602
deep-researcher-1786005091-5e3602c34edb,428.003,622.418
wide-researcher-1786005091-8b87f0119312,428.034,610.753
deep-researcher-1786005091-f4215b3accfa,428.065,599.607
wide-researcher-1786005091-e2708e8521d9,428.178,674.135
deep-researcher-1786005091-53ac4fe6fe58,428.197,709.588
wide-researcher-1786005091-40944fde8a11,428.330,708.450
deep-researcher-1786005091-3124ed2b321f,428.401,632.484
wide-researcher-1786005091-8f1127c8cdcc,428.432,614.420
deep-researcher-1786005091-5f2b22ebe2ee,428.462,651.506
wide-researcher-1786005091-be6950089ef3,428.567,673.416
deep-researcher-1786005091-8c79e11600a0,428.607,600.547
wide-researcher-1786005091-22b9805305ca,428.729,701.888
deep-researcher-1786005091-2302f1419b73,428.788,606.673
wide-researcher-1786005091-f37e3aa67973,428.828,700.820
deep-researcher-1786005091-78965a7a6e8f,428.847,707.910
wide-researcher-1786005091-e6b5be0cb719,428.906,697.219
deep-researcher-1786005091-091313f5d342,428.964,627.405
wide-researcher-1786005092-d077271af8b9,429.033,604.626
deep-researcher-1786005092-18d5953745b3,429.135,625.990
wide-researcher-1786005092-7afd39c1ddd6,429.243,707.476
deep-researcher-1786005092-2915f6c558a5,429.317,709.574
wide-researcher-1786005092-516fdda8f8bc,429.407,708.405
deep-researcher-1786005092-6aa7df3e5cba,429.454,614.016
wide-researcher-1786005092-517a56200336,429.482,628.403
deep-researcher-1786005092-41ce7f9728f0,429.544,610.849
wide-researcher-1786005092-5e0c0b506a65,429.672,692.099
deep-researcher-1786005092-df3e51888a88,429.706,705.359
wide-researcher-1786005092-b6ca99f72606,429.835,675.880
data-analyst-1786004980-ad96e29cb77d,429.900,478.908
data-analyst-1786004948-1922e9d0ca28,429.913,472.743
deep-researcher-1786005092-c8572243dbad,429.937,625.086
wide-researcher-1786005092-75ddc57fff78,429.985,673.123
deep-researcher-1786005093-edc44b910bce,430.014,709.634
wide-researcher-1786005093-070891d43ec7,430.055,604.802
deep-researcher-1786005093-d0d3f315eef5,430.086,644.785
wide-researcher-1786005093-96ff728b57e3,430.126,704.126
data-analyst-1786005007-819187677507,430.176,473.073
deep-researcher-1786005093-cd12c24b958a,430.185,632.027
data-analyst-1786005007-ce11be5fc1eb,430.224,474.208
wide-researcher-1786005093-7f0a04d6b0be,430.238,699.922
deep-researcher-1786005093-bf66f8317dca,430.303,601.496
wide-researcher-1786005093-daa9bf5c5b44,430.341,707.855
deep-researcher-1786005093-763e1161380c,430.359,617.274
data-analyst-1786004978-18b0433bdc17,430.360,430.364
wide-researcher-1786005093-173cff255aa7,430.388,620.284
deep-researcher-1786005093-6f47bbeb8869,430.479,610.203
wide-researcher-1786005093-1b5d19b3b05c,430.520,605.818
data-analyst-1786005010-79de4ab0aa11,430.535,481.622
deep-researcher-1786005093-e6f62f7bef80,430.548,709.883
wide-researcher-1786005093-09c46db9ac1a,430.588,617.477
data-analyst-1786004985-deb58fd1bebc,430.682,430.683
deep-researcher-1786005093-76473400cc3c,430.739,616.074
data-analyst-1786004991-3e2b56c81c4d,430.801,430.802
wide-researcher-1786005093-94b75c678a9c,430.821,596.157
deep-researcher-1786005093-884a37b8f407,430.965,599.775
wide-researcher-1786005093-f631815c8653,431.001,616.105
data-analyst-1786005010-da2ab93aa744,431.020,475.030
deep-researcher-1786005094-29fe89609bd7,431.033,604.337
data-analyst-1786005010-77ce6da736f5,431.033,479.058
data-analyst-1786005010-0522e4d2a056,431.049,480.244
wide-researcher-1786005094-a60ec820f9b0,431.062,669.774
data-analyst-1786004992-14c81b49a60e,431.142,472.608
deep-researcher-1786005094-fecfec921aee,431.152,601.583
wide-researcher-1786005094-55abf3f132e0,431.194,704.268
deep-researcher-1786005094-9c0f08e6ebc4,431.213,619.011
wide-researcher-1786005094-9e63bdd47620,431.259,606.411
deep-researcher-1786005094-a8bb917d99d0,431.346,618.839
data-analyst-1786004995-a2b70b360feb,431.412,431.412
wide-researcher-1786005094-41da7b172f99,431.451,585.055
deep-researcher-1786005094-2ac27d88ad51,431.487,610.158
data-analyst-1786004992-aeb504ea1d44,431.523,431.524
wide-researcher-1786005094-f82cc741b202,431.528,667.037
data-analyst-1786004993-ddc65a02f145,431.541,431.541
deep-researcher-1786005094-c56d5304434d,431.555,606.349
wide-researcher-1786005094-586f1ee242fe,431.595,607.715
deep-researcher-1786005094-88ebb44c51a1,431.624,708.667
wide-researcher-1786005094-2e3c9b24e802,431.641,617.683
deep-researcher-1786005094-4c8c14e9c0f0,431.711,698.740
wide-researcher-1786005094-3e1b778af0b3,431.808,676.259
deep-researcher-1786005094-753fdf838de7,431.847,707.459
data-analyst-1786005007-f6f6913efb69,431.864,472.622
wide-researcher-1786005094-e992b7bbeedc,431.865,703.948
deep-researcher-1786005094-93431c4efcf4,431.900,705.260
wide-researcher-1786005095-16df7134ab9a,431.932,675.513
deep-researcher-1786005095-762b9da0a2e5,431.992,627.177
wide-researcher-1786005095-d1eb80d04d35,432.039,620.092
deep-researcher-1786005095-958ac68545f8,432.100,650.607
wide-researcher-1786005095-23a49c7f3e35,432.160,612.782
data-analyst-1786005002-f1a1d49daf4d,432.182,485.390
data-analyst-1786004996-fb95c9ce4c36,432.234,432.235
deep-researcher-1786005095-50f2433d120c,432.257,670.647
wide-researcher-1786005095-1d4d61b27a8b,432.336,628.434
deep-researcher-1786005095-390628bd3c33,432.490,680.099
data-analyst-1786005008-2a8dc5f8bc44,432.503,473.903
wide-researcher-1786005095-6bff8299a29e,432.522,708.498
deep-researcher-1786005095-0002d75c7d21,432.552,708.578
wide-researcher-1786005095-f6ada182a460,432.631,602.279
data-analyst-1786005008-7a2c2c87a2b0,432.641,473.726
deep-researcher-1786005095-e65f6eb433db,432.658,617.445
wide-researcher-1786005095-e2746b1bf76f,432.697,690.469
deep-researcher-1786005095-af8c5ad223c6,432.715,709.477
wide-researcher-1786005095-65adaabc3ca6,432.732,648.052
deep-researcher-1786005095-d8c5b5f042af,432.861,704.248
wide-researcher-1786005095-bdb88832eb48,433.003,615.139
deep-researcher-1786005096-46b1a63f8001,433.050,610.264
wide-researcher-1786005096-8d466e898933,433.148,591.506
data-analyst-1786005007-83d4d9a20691,433.165,476.092
deep-researcher-1786005096-a21b040a9934,433.178,707.222
wide-researcher-1786005096-64e7e81b6fd2,433.216,618.778
deep-researcher-1786005096-22916b74aede,433.368,639.986
data-analyst-1786005008-c40f23a9f81d,433.385,485.556
wide-researcher-1786005096-1c5f517c8d98,433.394,610.396
data-analyst-1786005002-f47a3c863a15,433.406,498.123
deep-researcher-1786005096-99d423a915c6,433.423,605.560
data-analyst-1786005002-030548ade872,433.471,506.067
data-analyst-1786005002-e614d1326998,433.490,479.957
wide-researcher-1786005096-2e81aef3cd9c,433.547,702.468
deep-researcher-1786005096-e0acdf581c72,433.593,610.655
wide-researcher-1786005096-5d05736d4c22,433.611,700.962
deep-researcher-1786005096-6a1766770cce,433.674,706.584
wide-researcher-1786005096-95792f11aa3f,433.757,708.068
deep-researcher-1786005096-6628aa4a78f2,433.800,634.520
wide-researcher-1786005096-c123bb61ac35,433.837,612.325
deep-researcher-1786005096-65065423af1c,433.982,620.388
wide-researcher-1786005096-132a25f9d846,434.034,613.560
deep-researcher-1786005097-84c31ab99408,434.076,703.062
wide-researcher-1786005097-1600b8227983,434.139,696.416
deep-researcher-1786005097-eee48584d6b1,434.172,610.175
wide-researcher-1786005097-bd0754a53447,434.212,609.887
data-analyst-1786004967-611867dceb76,434.322,477.031
data-analyst-1786004918-7aba88e92186,434.337,475.075
deep-researcher-1786005097-559fc17043a9,434.375,689.322
wide-researcher-1786005097-4fe45f00be4d,434.439,699.882
deep-researcher-1786005097-38ad56c93b88,434.468,708.111
wide-researcher-1786005097-111fc2931cad,434.512,619.614
deep-researcher-1786005097-580945d12a02,434.552,704.947
wide-researcher-1786005097-a1207d6a2b54,434.570,707.048
deep-researcher-1786005097-0b3aeb9d170d,434.620,597.949
wide-researcher-1786005097-940e6cd4001d,434.650,595.258
deep-researcher-1786005097-892469aed106,434.671,706.358
wide-researcher-1786005097-24cd05ff4985,434.729,595.589
deep-researcher-1786005097-f9c5764bfaff,434.806,673.582
wide-researcher-1786005097-1e0354e05d36,434.835,700.557
deep-researcher-1786005097-059045f5ed93,434.866,558.194
wide-researcher-1786005097-289cbab344da,434.888,653.077
deep-researcher-1786005098-ba505646f554,435.015,708.148
data-analyst-1786004967-4f134f55efd7,435.044,435.044
wide-researcher-1786005098-67f7ee52967a,435.053,703.846
data-analyst-1786005007-fa8f99e834bf,435.115,476.968
deep-researcher-1786005098-63ef6c0c0350,435.120,599.748
wide-researcher-1786005098-0e3087ce04db,435.183,653.975
deep-researcher-1786005098-4161a066f2be,435.276,612.856
data-analyst-1786004997-e591e75cf43c,435.315,435.316
wide-researcher-1786005098-9b3778a7813f,435.452,704.804
data-analyst-1786004995-92090fb26468,435.460,435.461
deep-researcher-1786005098-cee1f7cb7df4,435.545,624.152
data-analyst-1786005006-fb71c1524138,435.562,435.563
wide-researcher-1786005098-caa4d1807a67,435.572,699.972
data-analyst-1786004979-3bd79b813928,435.657,435.658
deep-researcher-1786005098-0bb9c6e61a4c,435.686,708.377
wide-researcher-1786005098-9b175e6cf804,435.755,702.305
deep-researcher-1786005098-74d95d885c02,435.886,606.518
wide-researcher-1786005098-09cb3bacacee,435.948,615.721
deep-researcher-1786005099-bc47ab09b189,435.990,698.914
wide-researcher-1786005099-37743ec1e397,436.020,605.127
deep-researcher-1786005099-7b2796b5d896,436.060,588.703
wide-researcher-1786005099-0351c18dfa40,436.092,647.081
deep-researcher-1786005099-72336d0bf35f,436.159,674.627
wide-researcher-1786005099-c11c07732c32,436.178,702.124
deep-researcher-1786005099-c81fee6ee15a,436.237,704.963
wide-researcher-1786005099-8a1e5f05f9d8,436.326,614.230
deep-researcher-1786005099-736582f04e48,436.383,631.586
wide-researcher-1786005099-4a088292092e,436.412,602.090
deep-researcher-1786005099-d574d247b2bb,436.439,613.643
wide-researcher-1786005099-7aedfa2d9fd0,436.520,702.836
deep-researcher-1786005099-bbe2e5b8c2af,436.626,703.986
wide-researcher-1786005099-c1f9a6383c3e,436.689,693.597
data-analyst-1786005011-c312e5ed05c0,436.742,475.165
data-analyst-1786005011-44826d18a1a1,436.756,474.008
data-analyst-1786005011-b7cb98643841,436.771,482.880
data-analyst-1786005011-f020ec7a9da6,436.784,475.597
data-analyst-1786005011-5cb2dccc885d,436.797,476.567
deep-researcher-1786005099-8a699066e625,436.828,623.976
data-analyst-1786004992-02077438f96c,436.842,475.254
wide-researcher-1786005099-d0e363b90481,437.059,702.745
deep-researcher-1786005099-f471faaf4c88,437.103,606.395
data-analyst-1786005011-72625b4de855,437.161,481.994
data-analyst-1786005011-7c488e12b07b,437.174,474.064
data-analyst-1786005011-724c14cd8f28,437.187,488.224
data-analyst-1786004971-cbff672734f4,437.201,516.788
wide-researcher-1786005100-6e587ca5dfe0,437.206,653.526
deep-researcher-1786005100-a72bed0041e4,437.235,708.090
wide-researcher-1786005100-f70389e1899f,437.403,611.369
deep-researcher-1786005100-a8c627e75a6e,437.460,607.542
wide-researcher-1786005100-0ebe3ba5d81c,437.489,615.779
deep-researcher-1786005100-1215394d19ea,437.533,615.891
wide-researcher-1786005100-cc5dc0f6d2f4,437.600,622.386
deep-researcher-1786005100-6e243b9ed5c5,437.685,596.470
wide-researcher-1786005100-150871a2dd59,437.735,611.778
deep-researcher-1786005100-b7de17300641,437.870,597.750
wide-researcher-1786005100-1fcf57bedf93,437.899,700.520
deep-researcher-1786005101-3dc5cefcb4f5,437.925,586.893
wide-researcher-1786005101-89d5cf6cf60c,437.957,625.383
deep-researcher-1786005101-2f12cd0ff3a9,438.067,633.250
data-analyst-1786004982-0c708560685e,438.117,486.588
wide-researcher-1786005101-bcb5724dfd1c,438.126,686.180
data-analyst-1786004982-1608e07b70a3,438.130,495.224
data-analyst-1786004952-847de2c72833,438.145,486.498
deep-researcher-1786005101-2df7a13b2aba,438.206,673.397
wide-researcher-1786005101-23699fff2f8d,438.473,600.943
deep-researcher-1786005101-1a9c4b87e701,438.503,705.122
wide-researcher-1786005101-71196044d6b8,438.560,654.081
deep-researcher-1786005101-83e762631af4,438.601,710.179
wide-researcher-1786005101-7ea80d8110c6,438.701,705.467
data-analyst-1786005012-05bb6d394d28,438.759,481.547
data-analyst-1786004956-08ae82307000,438.773,438.773
deep-researcher-1786005101-5efcc97ef34d,438.903,709.832
wide-researcher-1786005101-8ac75ffdaabc,438.922,678.628
deep-researcher-1786005102-57603e67bc59,439.011,708.935
data-analyst-1786005012-957d8f451580,439.025,492.932
data-analyst-1786005012-9573e16717e5,439.039,481.151
wide-researcher-1786005102-f5f7e5677c61,439.044,615.037
data-analyst-1786004987-a3075aea18be,439.073,475.015
deep-researcher-1786005102-6927b50bce8f,439.082,679.444
wide-researcher-1786005102-548f270d16f1,439.111,614.753
deep-researcher-1786005102-8ac5e567a6d2,439.140,599.545
wide-researcher-1786005102-d2c9d4e0dd81,439.179,671.183
deep-researcher-1786005102-71895da77b7b,439.198,621.303
wide-researcher-1786005102-95e725350701,439.262,694.587
deep-researcher-1786005102-ef37aed3f549,439.299,599.933
wide-researcher-1786005102-73179d4fd4bd,439.333,553.968
deep-researcher-1786005102-d2dec406dbd7,439.353,635.993
wide-researcher-1786005102-5d33a8e63174,439.415,597.403
data-analyst-1786004994-fe2b41bc2878,439.489,439.490
deep-researcher-1786005102-39515cba9f47,439.545,705.447
wide-researcher-1786005102-071db4dc6d8d,439.585,679.245
deep-researcher-1786005102-e982710fa562,439.626,669.634
wide-researcher-1786005102-169c9c9513bb,439.646,611.512
deep-researcher-1786005102-b79215d68187,439.709,644.257
wide-researcher-1786005102-0007e292511d,439.727,611.661
deep-researcher-1786005102-fe42dc4833e4,439.802,708.857
wide-researcher-1786005102-4c31befc5c3e,439.844,678.426
deep-researcher-1786005102-479e65343332,439.980,625.857
wide-researcher-1786005102-654ea37c713b,440.086,602.075
deep-researcher-1786005103-9053902696fc,440.116,709.417
data-analyst-1786004967-9b27c3813870,440.164,440.165
wide-researcher-1786005103-ab682fcb1da4,440.216,688.984
data-analyst-1786004996-6ef94a9944ca,440.231,440.231
deep-researcher-1786005103-419a51e9eccf,440.255,606.642
wide-researcher-1786005103-07c068054093,440.367,682.141
deep-researcher-1786005103-d4a779deb0f4,440.396,599.010
wide-researcher-1786005103-cbef5b56607c,440.425,677.275
deep-researcher-1786005103-8ce43321abd2,440.485,632.232
wide-researcher-1786005103-932b527a1eca,440.514,678.579
deep-researcher-1786005103-ddc2474b4e04,440.625,613.587
wide-researcher-1786005103-3a148ebe0bdf,440.761,698.217
deep-researcher-1786005103-63577fbee2ac,440.779,618.576
data-analyst-1786004922-6526e8366f04,440.900,440.900
wide-researcher-1786005103-e237f5126f8a,440.935,691.708
deep-researcher-1786005103-e5f4e4bad6e9,441.060,598.204
data-analyst-1786004956-a5dead5347ad,441.087,441.087
wide-researcher-1786005104-6dcfcab3cefd,441.088,671.737
deep-researcher-1786005104-836294b8ff8e,441.131,603.539
data-analyst-1786004941-6d970885d587,441.156,441.157
wide-researcher-1786005104-0ef3b0452658,441.161,611.411
deep-researcher-1786005104-ed6fa542659f,441.219,675.673
wide-researcher-1786005104-4eeda62c7baa,441.305,678.660
deep-researcher-1786005104-dbba65a7aa2c,441.354,704.757
wide-researcher-1786005104-38690e2d251b,441.525,612.282
deep-researcher-1786005104-101a0aa59a93,441.592,611.525
wide-researcher-1786005104-90481e9d4c88,441.724,677.074
deep-researcher-1786005104-83f2f22ac2f4,441.774,676.929
wide-researcher-1786005104-bd52c6e4c657,441.819,628.948
deep-researcher-1786005104-c808ea8185dd,441.893,678.270
wide-researcher-1786005104-80b74138af82,441.942,636.114
deep-researcher-1786005105-dc8ae49d5715,442.006,707.601
wide-researcher-1786005105-3a151e87e8be,442.035,676.864
data-analyst-1786004923-09035af64eda,442.118,591.161
deep-researcher-1786005105-786aa4919cf1,442.131,592.618
data-analyst-1786004911-754bd4fb3f8d,442.131,488.846
data-analyst-1786004967-015d18394cd1,442.147,472.846
wide-researcher-1786005105-7911a7eca256,442.170,614.173
deep-researcher-1786005105-d323d88d37cd,442.219,612.160
wide-researcher-1786005105-8ae99eaa3eca,442.277,625.475
deep-researcher-1786005105-9a3544f2bb61,442.315,608.176
wide-researcher-1786005105-6ae7cde37f88,442.367,597.766
deep-researcher-1786005105-e0a0e9f1e1c3,442.443,691.038
wide-researcher-1786005105-9b163098ef12,442.565,705.309
deep-researcher-1786005105-85334bb019fc,442.597,670.231
wide-researcher-1786005105-77ee0c935c4c,442.671,634.331
deep-researcher-1786005105-295180743d5f,442.706,601.598
wide-researcher-1786005105-205ae5e4ff6e,442.739,703.929
data-analyst-1786004990-136f3461a9f1,442.859,442.860
deep-researcher-1786005105-4d09b0604d40,442.864,633.400
data-analyst-1786004995-3e066c390a2a,442.877,442.878
wide-researcher-1786005105-31a954b35ecd,443.005,701.274
deep-researcher-1786005106-1103aedf59b4,443.067,593.521
wide-researcher-1786005106-42431f11e150,443.137,620.754
deep-researcher-1786005106-ae5ee3952931,443.241,710.116
data-analyst-1786004984-e1910a207ef0,443.258,474.711
wide-researcher-1786005106-568f9cf503df,443.280,671.111
deep-researcher-1786005106-d7f086ff8551,443.326,589.210
wide-researcher-1786005106-e7482597eb57,443.406,638.258
deep-researcher-1786005106-3aeeecb2d02c,443.464,708.419
wide-researcher-1786005106-bd21d068d13f,443.501,599.093
deep-researcher-1786005106-848bbbd63a43,443.552,622.145
wide-researcher-1786005106-54b6d3c84b09,443.610,678.017
deep-researcher-1786005106-e201d46c3843,443.649,626.869
wide-researcher-1786005106-19eb4077b303,443.689,634.264
deep-researcher-1786005106-d744fa75b865,443.730,702.973
wide-researcher-1786005106-82ad1e8faee0,443.799,599.694
deep-researcher-1786005106-6b86d246b529,443.826,708.744
wide-researcher-1786005106-f0ca756d6103,443.860,603.711
deep-researcher-1786005106-5205da82d560,443.882,701.784
wide-researcher-1786005107-5c060d6e8df6,443.959,631.192
deep-researcher-1786005107-ced7deec52f8,444.084,604.931
wide-researcher-1786005107-16345dad42b4,444.116,636.868
data-analyst-1786005013-8e4a3a20062e,444.135,491.340
data-analyst-1786005013-b3bf7fc5f65c,444.148,595.375
deep-researcher-1786005107-556a7e8c0e12,444.157,685.464
data-analyst-1786005013-5b7b5199bd98,444.161,475.972
wide-researcher-1786005107-3fc4619b0c26,444.185,588.478
deep-researcher-1786005107-83b10a21306d,444.333,612.525
wide-researcher-1786005107-26c50079c33c,444.373,643.222
data-analyst-1786004943-5996124dc6c9,444.412,444.412
deep-researcher-1786005107-2fc78fc4658e,444.548,648.823
wide-researcher-1786005107-5f5d1f4cc507,444.610,620.108
deep-researcher-1786005107-a143d015b536,444.649,685.632
data-analyst-1786005013-f75f2d973c3c,444.664,483.696
data-analyst-1786005013-9cc39f661374,444.677,586.662
wide-researcher-1786005107-de1323dc4043,444.791,697.080
deep-researcher-1786005107-acc0ffa29e50,444.830,662.911
wide-researcher-1786005107-135a97528502,444.918,704.291
data-analyst-1786004979-a41a6ac48bc1,444.932,444.933
deep-researcher-1786005107-6637af120aab,444.975,670.973
wide-researcher-1786005108-548ff867d6d6,445.153,672.588
deep-researcher-1786005108-d060e52d97b3,445.191,598.297
wide-researcher-1786005108-c3f0b3059be4,445.319,590.031
deep-researcher-1786005108-046da96d4c0a,445.350,611.691
wide-researcher-1786005108-35bcce8b5c50,445.383,595.285
deep-researcher-1786005108-3d90c3a271a4,445.469,706.874
wide-researcher-1786005108-d765e91cfb53,445.520,678.516
deep-researcher-1786005108-0b4b218ab1cc,445.588,709.460
wide-researcher-1786005108-208d58a93748,445.627,618.544
deep-researcher-1786005108-2f3e4bfa2363,445.656,633.823
wide-researcher-1786005108-fda3f7252d15,445.765,620.811
deep-researcher-1786005108-fddbeb953bf6,445.839,613.711
wide-researcher-1786005108-9c3d5f840097,445.885,686.264
deep-researcher-1786005108-f314ec85f78c,446.030,649.493
wide-researcher-1786005109-f5e3cff7e93f,446.059,629.799
deep-researcher-1786005109-5458576d441e,446.124,690.144
data-analyst-1786004924-77c5ac911b05,446.160,590.215
wide-researcher-1786005109-1158bd451db8,446.165,703.385
data-analyst-1786004984-596d6c888e7d,446.178,482.715
data-analyst-1786004970-bef6d9eba83f,446.193,486.545
data-analyst-1786004944-f06e270d6672,446.206,473.665
deep-researcher-1786005109-891adc4f9388,446.294,607.325
wide-researcher-1786005109-ca50f73454c0,446.313,594.419
deep-researcher-1786005109-22508b58517c,446.416,707.585
wide-researcher-1786005109-c3e39c34fdea,446.433,627.124
data-analyst-1786005010-1cf60ec1ba54,446.468,476.918
data-analyst-1786004951-0c2fcb7f283a,446.486,487.649
deep-researcher-1786005109-ec0d137951e2,446.491,705.521
wide-researcher-1786005109-a1bb9b1abd9a,446.520,678.693
deep-researcher-1786005109-4058f71acc59,446.669,597.055
wide-researcher-1786005109-9036d0007fcc,446.697,675.127
deep-researcher-1786005109-b5edcdecdebb,446.743,603.994
wide-researcher-1786005109-f187381b3be4,446.778,646.296
deep-researcher-1786005109-e1518756a66d,446.816,643.392
wide-researcher-1786005109-6772d6675c45,446.857,613.094
deep-researcher-1786005109-b7ed7473b3ab,446.892,708.007
wide-researcher-1786005109-b4828c62b727,446.934,701.307
data-analyst-1786005014-76bc1466ec49,446.952,473.871
data-analyst-1786005014-8f3adcefa29a,446.966,474.284
deep-researcher-1786005110-89c8bc9cdf3d,446.971,643.744
data-analyst-1786005014-853c115293f3,446.983,497.466
wide-researcher-1786005110-8002c5fdb8b8,446.991,611.568
data-analyst-1786005014-a4763d3c6948,446.999,484.774
data-analyst-1786005014-8ffd693efc07,447.012,479.216
data-analyst-1786005014-208c7d5be263,447.025,591.175
deep-researcher-1786005110-395a6e2de3ea,447.029,621.190
data-analyst-1786004980-93cb61711f83,447.041,480.923
data-analyst-1786004973-3fff8955a80c,447.058,447.058
wide-researcher-1786005110-4647795cc229,447.067,699.646
deep-researcher-1786005110-d0c11ba2eb09,447.096,643.081
wide-researcher-1786005110-d2bfeb6b1ba9,447.134,699.218
deep-researcher-1786005110-7e46341e9eb2,447.173,631.901
data-analyst-1786004998-4a9fa670d320,447.421,473.857
wide-researcher-1786005110-8f9969c99158,447.531,673.348
deep-researcher-1786005110-a6ff7653e3bb,447.571,707.553
data-analyst-1786004971-47ccacba191e,447.611,474.725
wide-researcher-1786005110-bfbefda7cf7b,447.626,655.630
deep-researcher-1786005110-a006dc9d8b12,447.664,616.546
data-analyst-1786004979-8189a7dff688,447.732,474.829
wide-researcher-1786005110-11bdcbb645eb,447.769,628.601
deep-researcher-1786005110-73794818d36d,447.810,604.041
wide-researcher-1786005110-3250ed012dda,447.829,675.600
deep-researcher-1786005110-14f482127b64,447.861,620.172
wide-researcher-1786005110-913f001aa944,447.900,692.458
deep-researcher-1786005111-aeb3590760ae,447.931,639.150
data-analyst-1786005007-50666d8723c9,447.958,447.958
wide-researcher-1786005111-fab307ce9e36,448.036,634.698
deep-researcher-1786005111-7b917a83f4ed,448.175,611.161
wide-researcher-1786005111-3c74253995c1,448.269,710.138
deep-researcher-1786005111-7e30dc0d3ccc,448.321,608.370
wide-researcher-1786005111-768f0c68b495,448.339,673.605
deep-researcher-1786005111-72dbb0623a6e,448.370,613.503
wide-researcher-1786005111-2e5cacefcef7,448.399,703.699
deep-researcher-1786005111-cab0b19f5f69,448.454,707.780
wide-researcher-1786005111-bebe4dfed698,448.487,697.064
deep-researcher-1786005111-55baa556e6ba,448.506,709.746
wide-researcher-1786005111-2d59be682782,448.543,702.548
deep-researcher-1786005111-c07378936552,448.610,709.146
data-analyst-1786004982-5897280da4e3,448.621,448.622
wide-researcher-1786005111-898cedee6382,448.712,608.534
deep-researcher-1786005111-6b7d8b244887,448.778,597.513
wide-researcher-1786005111-471c56ca9b26,448.890,602.395
data-analyst-1786005014-9abf7054d1df,449.031,491.078
deep-researcher-1786005111-ac39bb5c4223,449.040,611.075
data-analyst-1786005014-e6b52504eb00,449.044,484.385
wide-researcher-1786005112-b67d5487ac5d,449.092,677.259
deep-researcher-1786005112-8775c647c312,449.140,709.650
data-analyst-1786004992-7d23f1caeefb,449.173,472.594
wide-researcher-1786005112-4f1b78115be1,449.178,673.283
deep-researcher-1786005112-7d97f9987b58,449.260,617.151
wide-researcher-1786005112-ea0511c25c80,449.315,694.191
deep-researcher-1786005112-384e1f3e29ea,449.371,709.378
wide-researcher-1786005112-95897fee14db,449.439,659.708
deep-researcher-1786005112-4013364c15d1,449.517,591.490
wide-researcher-1786005112-4ec3a13a0cc8,449.555,705.243
deep-researcher-1786005112-cb3ed5266906,449.682,595.300
wide-researcher-1786005112-ac6a3b9a1e77,449.753,709.780
deep-researcher-1786005112-de63663a13ce,449.782,592.260
wide-researcher-1786005112-17386a8e5640,449.829,601.468
deep-researcher-1786005112-6cdf72db7f1e,449.851,709.189
wide-researcher-1786005112-6ca223ace203,449.964,613.895
deep-researcher-1786005112-83f913db6654,449.994,670.860
wide-researcher-1786005113-c993856c005e,450.011,609.858
deep-researcher-1786005113-d63c2c335d45,450.121,621.763
wide-researcher-1786005113-b605fd7f5332,450.188,708.281
deep-researcher-1786005113-eb48edef2637,450.228,710.094
wide-researcher-1786005113-6cafed5b0fa7,450.286,656.457
deep-researcher-1786005113-a7393b5edbae,450.402,705.978
wide-researcher-1786005113-fd0cd06b6d4c,450.557,621.545
deep-researcher-1786005113-6629e5f4c18a,450.586,705.342
wide-researcher-1786005113-5d5671c7f874,450.667,625.605
data-analyst-1786004985-dd1c6f64ba04,450.718,477.553
data-analyst-1786004985-10d8356271c0,450.731,482.819
data-analyst-1786004947-72ed3d64ff80,450.744,473.825
data-analyst-1786004941-5398b2c95586,450.757,502.171
deep-researcher-1786005113-6666649b81c7,450.769,613.530
wide-researcher-1786005113-0715a10ee7eb,450.836,643.021
deep-researcher-1786005113-1a583aa2bd32,450.921,692.718
wide-researcher-1786005113-11f311c271a5,450.962,694.272
deep-researcher-1786005114-43210d36bf4a,451.017,628.236
wide-researcher-1786005114-5a80e13805ba,451.035,697.606
deep-researcher-1786005114-8d7423b83974,451.214,613.696
wide-researcher-1786005114-c3df9c20f239,451.271,607.153
deep-researcher-1786005114-6189f5faaf02,451.296,623.277
wide-researcher-1786005114-0fb872254fd2,451.354,598.592
deep-researcher-1786005114-28e419160e49,451.376,708.612
data-analyst-1786004925-33176b9da864,451.424,483.773
wide-researcher-1786005114-ffc093d15a4f,451.472,675.802
deep-researcher-1786005114-e1a9f5b11a69,451.521,674.502
wide-researcher-1786005114-3f41ae6bfe91,451.559,623.535
deep-researcher-1786005114-e48502427067,451.634,707.159
data-analyst-1786005015-2283772edb51,451.694,484.431
wide-researcher-1786005114-7d72a39fae6c,451.699,623.961
data-analyst-1786005015-cb475da47e5a,451.707,489.313
data-analyst-1786005015-88d07ee1a50f,451.721,490.278
deep-researcher-1786005114-0395d8515030,451.747,672.105
data-analyst-1786004911-ad659f17b62d,451.757,451.758
wide-researcher-1786005114-ca3d22c299fc,451.794,703.781
deep-researcher-1786005114-4d91571ef8a4,451.875,710.201
wide-researcher-1786005114-d0512eea7d0e,451.901,675.060
deep-researcher-1786005115-995b3b373cb0,451.923,710.159
data-analyst-1786004999-82eb08947536,451.979,475.655
wide-researcher-1786005115-a617fd8c703c,452.065,704.899
deep-researcher-1786005115-42605e79ee9f,452.103,603.695
wide-researcher-1786005115-4472b671acd0,452.161,606.689
deep-researcher-1786005115-42a6dc9da7bd,452.343,617.728
wide-researcher-1786005115-35b2ccbe7933,452.362,708.392
deep-researcher-1786005115-9f61b8b91e08,452.432,709.605
wide-researcher-1786005115-bdab2f6ad668,452.472,645.556
deep-researcher-1786005115-fee0204b3208,452.534,596.498
wide-researcher-1786005115-94d71a2f5b21,452.554,618.193
deep-researcher-1786005115-adaa58b754d4,452.625,707.876
data-analyst-1786005012-39b28b97b680,452.656,475.887
wide-researcher-1786005115-ba632fe180a1,452.703,647.102
data-analyst-1786004995-d41093e19e6a,452.758,452.759
deep-researcher-1786005115-57307641f40d,452.786,709.231
wide-researcher-1786005115-b1bff64bcf4d,452.804,665.036
deep-researcher-1786005115-79782945b199,452.851,619.560
wide-researcher-1786005115-298aae386dd8,452.872,697.409
deep-researcher-1786005115-1678299f187e,452.895,709.167
wide-researcher-1786005116-c5c88240d104,452.969,613.151
deep-researcher-1786005116-a99f2019dd5a,453.019,707.521
wide-researcher-1786005116-6f4ec3326827,453.084,696.162
deep-researcher-1786005116-ef72dc11b9f8,453.142,623.823
wide-researcher-1786005116-5202a8eda4bb,453.210,705.876
deep-researcher-1786005116-4b5178119de0,453.250,710.032
wide-researcher-1786005116-9785e389e424,453.299,594.916
deep-researcher-1786005116-783cc1c158e6,453.382,703.604
wide-researcher-1786005116-82b77102c281,453.435,599.406
deep-researcher-1786005116-1c6cafa181d2,453.578,648.670
wide-researcher-1786005116-06f2a80d14c2,453.608,641.677
deep-researcher-1786005116-ab65dfe30842,453.670,634.204
wide-researcher-1786005116-bd1df2b43f47,453.843,623.681
deep-researcher-1786005116-37300c360b5e,453.944,706.977
data-analyst-1786004945-59fb2babc6c9,453.981,453.981
wide-researcher-1786005116-c6b22f4a15bc,453.986,617.561
deep-researcher-1786005117-19fbf2c795f8,454.063,710.051
wide-researcher-1786005117-77a1cbdbbddb,454.139,625.456
deep-researcher-1786005117-8cddec752dc1,454.209,632.282
data-analyst-1786004986-10a192d0b640,454.231,454.231
wide-researcher-1786005117-880290ebddd6,454.285,703.557
data-analyst-1786004980-f7b168386481,454.306,454.306
deep-researcher-1786005117-6c7b2e24bff2,454.360,609.454
wide-researcher-1786005117-6cc62c3e82e5,454.379,599.186
deep-researcher-1786005117-737512061dc3,454.398,609.334
data-analyst-1786005015-67c201840dfb,454.417,496.947
data-analyst-1786005015-f7c13fb85dae,454.432,473.949
wide-researcher-1786005117-4f28e02ed565,454.437,614.784
data-analyst-1786005015-dd2ce34e369b,454.451,490.949
deep-researcher-1786005117-f3f4cf6c8cfa,454.539,596.200
data-analyst-1786004986-3dc19168ec51,454.569,472.667
data-analyst-1786004986-1c28db403176,454.590,454.591
wide-researcher-1786005117-dc64406fb23b,454.600,685.060
deep-researcher-1786005117-371b8de97975,454.938,613.838
wide-researcher-1786005117-f358a069e1c1,455.135,602.826
deep-researcher-1786005118-4de964ce55d7,455.163,672.888
wide-researcher-1786005118-463b955b880e,455.192,677.011
deep-researcher-1786005118-7ae6da23b7f8,455.289,604.991
wide-researcher-1786005118-0354e4576a6c,455.355,608.717
deep-researcher-1786005118-285985d45f6c,455.375,669.383
wide-researcher-1786005118-91932ac17405,455.411,682.618
deep-researcher-1786005118-74d0f69a8db5,455.447,617.259
wide-researcher-1786005118-e22e4ed68f3a,455.467,638.611
deep-researcher-1786005118-968df14b90b5,455.507,644.274
wide-researcher-1786005118-239ca12af306,455.564,599.242
deep-researcher-1786005118-7f2edbbfaf6c,455.583,676.242
wide-researcher-1786005118-fce139b22ea8,455.650,605.204
deep-researcher-1786005118-6635c5693f52,455.727,607.644
wide-researcher-1786005118-6ccc5b65c13e,455.792,702.182
deep-researcher-1786005118-66ee13a1e7d1,455.863,609.185
wide-researcher-1786005118-13f206d5ff0d,455.882,624.971
deep-researcher-1786005119-f9212fb5a6d7,455.902,593.069
wide-researcher-1786005119-9d3c35c9ab2e,455.987,709.900
data-analyst-1786004986-58a487051d0f,456.036,473.413
data-analyst-1786004986-1384ac812243,456.050,475.134
deep-researcher-1786005119-296b9aa44047,456.055,612.269
data-analyst-1786004976-85e2c4f138ae,456.068,476.209
data-analyst-1786004976-6a208f4002a3,456.083,476.179
wide-researcher-1786005119-b849b68c2182,456.100,632.124
deep-researcher-1786005119-3b0e47ce3afd,456.119,605.279
wide-researcher-1786005119-6ae498d0eb00,456.236,681.970
deep-researcher-1786005119-b9e8239a9493,456.267,616.741
wide-researcher-1786005119-58238e9a87e0,456.330,705.715
data-analyst-1786004993-eba4643df033,456.356,474.998
deep-researcher-1786005119-9037f2242ce2,456.445,599.378
data-analyst-1786004972-c2a4129807f1,456.558,456.559
wide-researcher-1786005119-a125bc3c49c2,456.634,683.151
deep-researcher-1786005119-397461394dc9,456.679,704.231
wide-researcher-1786005119-438eefe61864,456.793,620.953
data-analyst-1786004995-45cf5111cf04,456.844,480.651
deep-researcher-1786005119-4586e15383fa,456.861,604.467
wide-researcher-1786005119-a9c8c701461f,456.882,704.085
deep-researcher-1786005120-9582114c4db1,456.928,621.967
wide-researcher-1786005120-5546daa9fd1e,456.959,594.572
deep-researcher-1786005120-704d25205bf7,456.977,633.980
wide-researcher-1786005120-2b7e44aa43e2,457.006,623.568
deep-researcher-1786005120-e6de49cb2b32,457.024,616.121
data-analyst-1786004996-b0176cdbb80e,457.178,481.125
wide-researcher-1786005120-8a78fbb1fee5,457.230,611.203
deep-researcher-1786005120-4ef4f3bedc7b,457.301,670.587
data-analyst-1786004916-7fb9b04e1df2,457.321,457.321
wide-researcher-1786005120-4986ba61406b,457.383,612.908
deep-researcher-1786005120-bf771ef3f735,457.402,637.714
wide-researcher-1786005120-ceb8887eed4f,457.420,693.337
deep-researcher-1786005120-0b30fd99c4dd,457.459,635.212
wide-researcher-1786005120-d26983f7dec3,457.498,703.170
deep-researcher-1786005120-7919c6504f41,457.530,672.736
wide-researcher-1786005120-58f7a6ce031e,457.560,657.124
deep-researcher-1786005120-a36235fd90b9,457.611,610.028
wide-researcher-1786005120-4141be0e2d32,457.629,695.040
deep-researcher-1786005120-9b93397a5bd7,457.705,621.693
wide-researcher-1786005120-dafab0c1d0d4,457.735,595.949
deep-researcher-1786005120-8918e456f89a,457.773,606.031
wide-researcher-1786005120-da01f68f53a8,457.946,621.223
deep-researcher-1786005120-a9a9c1dcb943,458.145,669.815
wide-researcher-1786005121-240015e16335,458.191,602.134
deep-researcher-1786005121-d6e64418e4dc,458.249,612.074
wide-researcher-1786005121-a0c06e7c7754,458.313,706.439
deep-researcher-1786005121-79c894e4ae5a,458.370,706.026
wide-researcher-1786005121-4aeacca40cc1,458.388,606.826
data-analyst-1786004969-5a6e56514294,458.389,458.393
deep-researcher-1786005121-0247aaffd14b,458.467,614.273
wide-researcher-1786005121-0f10867511cf,458.498,606.488
deep-researcher-1786005121-c6a68b5e7b1a,458.523,701.828
wide-researcher-1786005121-bc1a4b7595e6,458.592,602.335
deep-researcher-1786005121-d4617128b0a7,458.733,686.498
wide-researcher-1786005121-d8b01cd7a66d,458.814,621.060
deep-researcher-1786005121-41a99b6a089c,458.876,708.781
wide-researcher-1786005121-f0d8bf72aa49,458.900,631.268
deep-researcher-1786005122-00fa6fe19924,458.920,613.423
wide-researcher-1786005122-09c0df113450,458.976,614.090
deep-researcher-1786005122-f0240d553d9d,459.019,704.043
wide-researcher-1786005122-62db118a8f5b,459.084,622.203
deep-researcher-1786005122-e9d162c07805,459.120,607.199
wide-researcher-1786005122-ea74d3c75f3a,459.140,704.931
data-analyst-1786005011-9289cd954b23,459.145,479.509
deep-researcher-1786005122-63f7e0d2c766,459.206,705.325
wide-researcher-1786005122-8555e1cac12b,459.251,676.274
deep-researcher-1786005122-f3d02cf4471e,459.291,606.188
wide-researcher-1786005122-7fbfcfa877f2,459.331,709.918
data-analyst-1786004986-da1dfc23ff31,459.356,459.356
deep-researcher-1786005122-2378edaffaf6,459.463,629.932
wide-researcher-1786005122-e66a98cb32f7,459.584,707.762
deep-researcher-1786005122-f0341d0d199c,459.646,631.488
wide-researcher-1786005122-208174e707bd,459.669,699.484
data-analyst-1786004969-91b6434af311,459.715,459.715
deep-researcher-1786005122-79da0dc565d3,459.730,620.027
wide-researcher-1786005122-ae509ea97520,459.761,610.056
data-analyst-1786005014-3fc6655f86a0,459.810,475.871
deep-researcher-1786005122-3d274de74401,459.819,706.202
wide-researcher-1786005122-4babdc2dfd04,459.877,611.296
deep-researcher-1786005122-9b86989b7585,459.895,708.977
wide-researcher-1786005123-837884010827,459.985,617.790
deep-researcher-1786005123-5ce0f5daeb3a,460.007,709.960
wide-researcher-1786005123-ad40e79a3173,460.110,631.039
deep-researcher-1786005123-f5fa3e2ea091,460.241,709.068
wide-researcher-1786005123-16dbba69e467,460.330,702.359
deep-researcher-1786005123-907115107776,460.385,674.002
wide-researcher-1786005123-37b3ab6fadae,460.403,694.395
deep-researcher-1786005123-a12fae11e8ac,460.425,595.696
wide-researcher-1786005123-b3d99e0f9728,460.441,632.043
deep-researcher-1786005123-421c58bdc501,460.477,648.806
wide-researcher-1786005123-e26aa089b3e7,460.524,597.554
deep-researcher-1786005123-bd1435faad33,460.590,707.317
wide-researcher-1786005123-091eed6bf918,460.629,706.043
deep-researcher-1786005123-303f3752670d,460.647,610.668
wide-researcher-1786005123-39948761a7d4,460.718,643.637
deep-researcher-1786005123-dfddb329bf72,460.757,705.191
wide-researcher-1786005123-125d12d43c6f,460.835,618.256
deep-researcher-1786005123-0e9fa9360b9b,460.852,622.870
wide-researcher-1786005123-6f9d8e487fd9,460.923,706.832
deep-researcher-1786005123-1fda5adcb0b7,460.951,709.437
wide-researcher-1786005124-06c39ae75693,460.982,596.018
deep-researcher-1786005124-656d8e72765e,461.103,632.249
data-analyst-1786004957-19c0b7d55963,461.164,502.625
wide-researcher-1786005124-765be482011b,461.169,706.852
data-analyst-1786004987-23b64981ed5e,461.181,490.147
deep-researcher-1786005124-78f9b22a1a73,461.217,703.202
wide-researcher-1786005124-49e8c08a2cf0,461.276,624.794
deep-researcher-1786005124-8707b2f59248,461.325,605.067
wide-researcher-1786005124-76183619d5d6,461.388,616.990
deep-researcher-1786005124-ad7445a7081b,461.454,676.178
wide-researcher-1786005124-fc2d2f922212,461.503,671.435
deep-researcher-1786005124-d8d256f70590,461.522,707.569
wide-researcher-1786005124-f7186f92039e,461.618,602.031
deep-researcher-1786005124-07cdb20c3b17,461.765,708.048
wide-researcher-1786005124-905cb079bbe3,461.898,697.200
deep-researcher-1786005124-5bfff1d8ff28,461.927,602.797
wide-researcher-1786005125-4c1fc889ebc5,461.948,619.489
deep-researcher-1786005125-3e167c5713d1,461.998,707.491
data-analyst-1786004999-8683b247dee3,461.999,462.003
wide-researcher-1786005125-bccd531b0a03,462.025,655.376
deep-researcher-1786005125-4394a7c3b984,462.103,704.669
wide-researcher-1786005125-22d8a529c391,462.153,648.025
deep-researcher-1786005125-bf5e5c38a8f6,462.172,606.288
wide-researcher-1786005125-8470ba27e070,462.236,688.451
deep-researcher-1786005125-b4f639a47725,462.265,705.694
wide-researcher-1786005125-201a03009080,462.314,697.474
data-analyst-1786004998-1e794759b5be,462.324,462.325
deep-researcher-1786005125-d76cedcba586,462.353,674.997
data-analyst-1786004998-7a9c9b2c31a4,462.372,472.523
data-analyst-1786005002-c75ebb29d847,462.390,462.391
data-analyst-1786004982-d1ab6ac1b554,462.405,462.406
wide-researcher-1786005125-179c849f2ee6,462.434,648.449
deep-researcher-1786005125-2ce5d09c0b23,462.492,676.741
wide-researcher-1786005125-fc75a914cb87,462.620,703.541
deep-researcher-1786005125-e7367f78de1d,462.672,707.144
wide-researcher-1786005125-651fa4b377c0,462.702,697.096
deep-researcher-1786005125-2e930830fe95,462.731,601.724
wide-researcher-1786005125-9c8637e8e533,462.911,611.324
data-analyst-1786005006-bb33a119fc5d,462.926,462.926
deep-researcher-1786005125-c5f802a68ddd,462.970,669.921
wide-researcher-1786005126-8c9e53a88a15,463.000,652.193
deep-researcher-1786005126-72bc464cc5aa,463.021,615.678
wide-researcher-1786005126-c8a185d0b893,463.040,677.481
deep-researcher-1786005126-401597312184,463.104,606.302
wide-researcher-1786005126-4d93472e57f5,463.134,619.733
data-analyst-1786004916-4129874c1b8c,463.258,481.164
deep-researcher-1786005126-af6e4eddea54,463.274,707.690
data-analyst-1786004996-953228982ca8,463.293,463.294
wide-researcher-1786005126-fe3b473af650,463.320,647.928
deep-researcher-1786005126-479841cf4891,463.349,677.566
wide-researcher-1786005126-25cd554a33f4,463.417,702.929
deep-researcher-1786005126-51d4ba837309,463.436,698.038
data-analyst-1786005009-afa73847b845,463.437,463.441
wide-researcher-1786005126-9a66f1f256da,463.459,703.814
deep-researcher-1786005126-2e31b9a44621,463.515,710.013
wide-researcher-1786005126-f2117cf9af61,463.545,626.618
deep-researcher-1786005126-42c0c0c0d425,463.610,692.673
wide-researcher-1786005126-68c2f588d300,463.657,613.397
deep-researcher-1786005126-cce6f5fde4f1,463.674,605.112
wide-researcher-1786005126-359674c2428c,463.747,672.234
deep-researcher-1786005126-c1db4278aca1,463.775,652.162
wide-researcher-1786005126-08ae7c574624,463.869,603.231
deep-researcher-1786005126-dccb1e07be3c,463.944,616.425
wide-researcher-1786005127-2f535c8479d8,463.979,645.929
deep-researcher-1786005127-0d7996d74127,464.009,631.384
data-analyst-1786004972-dc7d076c5d7c,464.064,512.827
wide-researcher-1786005127-cd5ea53b4126,464.136,643.134
deep-researcher-1786005127-b1134286a23f,464.191,603.415
wide-researcher-1786005127-a2c8bde36aa1,464.212,624.438
deep-researcher-1786005127-29b1e0c50423,464.240,673.046
wide-researcher-1786005127-de0a8542187e,464.414,631.093
deep-researcher-1786005127-5f168d786c69,464.485,605.158
wide-researcher-1786005127-7b5fbfdecdd6,464.527,612.985
deep-researcher-1786005127-db72fd653767,464.550,621.892
wide-researcher-1786005127-2999b1e3dd4f,464.615,703.967
deep-researcher-1786005127-e0506bfde0ef,464.644,629.328
wide-researcher-1786005127-c2fa004f6c8c,464.677,698.450
deep-researcher-1786005127-8c393590b182,464.828,607.928
wide-researcher-1786005127-b288e61b0768,464.859,594.170
data-analyst-1786005010-578b9049ab27,464.903,473.134
deep-researcher-1786005127-1ee41cc3462e,464.915,629.159
wide-researcher-1786005128-6c3f6750d18b,464.949,628.273
deep-researcher-1786005128-461698537db0,464.968,704.329
wide-researcher-1786005128-cd7f42f291b1,465.017,612.493
deep-researcher-1786005128-929c42340cd0,465.063,603.275
wide-researcher-1786005128-83a0dcc93e1c,465.135,640.364
deep-researcher-1786005128-364fe76bf640,465.161,708.265
wide-researcher-1786005128-f432267971bf,465.180,706.105
deep-researcher-1786005128-a8a14f4339d6,465.199,617.246
wide-researcher-1786005128-87956b5a12a5,465.290,600.159
data-analyst-1786005017-f0b8439599e8,465.290,473.589
data-analyst-1786005017-e0c6aa19266b,465.309,479.820
data-analyst-1786005017-c23e410f386d,465.322,524.256
deep-researcher-1786005128-3505d2da600d,465.331,698.900
wide-researcher-1786005128-b0d5354fc88d,465.370,672.848
deep-researcher-1786005128-03758e5c7dcc,465.410,618.964
wide-researcher-1786005128-ea01934a4d5b,465.450,676.720
deep-researcher-1786005128-251d18467d0c,465.499,704.628
data-analyst-1786004995-01a8d5900ee4,465.608,473.258
wide-researcher-1786005128-0250e5dcaef9,465.613,614.305
deep-researcher-1786005128-82707c30ebee,465.642,603.401
wide-researcher-1786005128-c01348559acb,465.712,654.821
deep-researcher-1786005128-44b86653ff90,465.750,673.800
wide-researcher-1786005128-129dca8ccbde,465.809,706.915
deep-researcher-1786005128-1744d8023311,465.932,696.368
wide-researcher-1786005128-76a9dd0bd16e,465.981,636.600
deep-researcher-1786005129-640e119dec6e,466.028,709.937
wide-researcher-1786005129-d4439dea961f,466.048,634.379
deep-researcher-1786005129-47cd5fcc066b,466.130,607.882
wide-researcher-1786005129-d459bb0a8ac8,466.169,669.695
deep-researcher-1786005129-c82e7ed6b871,466.197,709.034
wide-researcher-1786005129-5b193542e263,466.281,693.808
deep-researcher-1786005129-ee8b1860ea6c,466.366,608.130
data-analyst-1786004988-4e0dd1526a00,466.704,486.010
data-analyst-1786004988-b68cc782c5c6,466.718,473.489
data-analyst-1786004988-8daacfb88165,466.733,489.473
data-analyst-1786004982-d98d158bec5d,467.307,467.308
data-analyst-1786005012-314307d915ac,467.322,467.322
data-analyst-1786005012-dfb42df3239d,467.482,472.932
data-analyst-1786004965-5cf6351274f5,467.729,467.730
data-analyst-1786005008-a699fea9c424,467.897,467.897
data-analyst-1786005008-2af35bb4ba2a,467.912,467.912
data-analyst-1786004993-db670073c6b3,468.668,468.668
data-analyst-1786004966-9e0896857ba9,468.836,595.196
data-analyst-1786005013-dde274c71a16,468.916,485.934
data-analyst-1786005018-e72744c41351,469.167,486.601
data-analyst-1786005018-d75a49ff6438,469.181,479.405
data-analyst-1786005018-df850c2762b9,469.194,482.774
data-analyst-1786004980-aa85f19ce32a,469.208,469.209
data-analyst-1786005018-2c5bfc3cb706,469.564,475.105
data-analyst-1786005018-13b028343e2b,469.578,474.267
data-analyst-1786005018-8d576970391f,469.592,473.398
data-analyst-1786004949-79b555aa4843,469.717,469.718
data-analyst-1786004931-75223b6e7110,469.763,469.763
data-analyst-1786004991-c812526fcfd5,469.823,469.824
data-analyst-1786004984-4a0f8d00ec9b,470.521,473.043
data-analyst-1786004957-496892038c06,470.538,470.538
data-analyst-1786005018-49a0a44f9cec,470.835,481.636
data-analyst-1786005018-1826d5380152,470.848,473.557
data-analyst-1786005018-c50f7535cfa6,470.861,473.519
data-analyst-1786004996-d55018cca1bd,471.425,471.425
data-analyst-1786005019-105816cfaa34,473.917,473.917
data-analyst-1786005019-d8ae088f6c16,474.050,474.051
data-analyst-1786005020-9edc2c37d3fd,474.077,474.078
data-analyst-1786005020-0e55d589f7d5,474.495,474.496
data-analyst-1786005021-3bc1c1f4d792,475.196,475.196
data-analyst-1786005019-d226e4fafdd7,475.365,475.365
data-analyst-1786005020-bb97eb9f0849,475.474,475.474
data-analyst-1786005021-8b9a826a30c6,475.625,475.625
data-analyst-1786005022-c4467f144fde,475.780,475.781
data-analyst-1786005022-a1fb311af58d,475.810,475.811
data-analyst-1786005025-cbeb3ddb663c,475.930,475.930
data-analyst-1786005019-b392a161d0ae,475.987,475.987
data-analyst-1786005025-6764ba3077f7,476.136,476.136
data-analyst-1786005027-5cff1e348ebc,476.317,476.317
data-analyst-1786005023-fe4c31b45905,476.731,476.731
data-analyst-1786005027-c3c90728157a,476.901,476.901
data-analyst-1786005023-60e426119f1b,477.539,477.540
data-analyst-1786005025-4e30ca09ce16,477.812,477.812
data-analyst-1786005021-d74b07733400,477.922,477.922
data-analyst-1786005021-922172de8d5c,478.136,478.136
data-analyst-1786005019-6bd52ae67caa,478.210,478.210
data-analyst-1786005019-259d8366e97e,478.333,478.333
data-analyst-1786005020-69883562bf69,478.746,478.747
data-analyst-1786005021-7d21bd574f90,478.922,478.922
data-analyst-1786005020-3baddaabe792,478.982,478.983
data-analyst-1786005030-9c0508f73e35,478.998,478.999
data-analyst-1786005027-0ab0c7ee13bd,479.014,479.015
data-analyst-1786005031-1880306b8ebc,479.030,479.031
data-analyst-1786005023-549c6923d8a1,479.137,479.137
data-analyst-1786005031-21f23ee33753,479.290,479.290
data-analyst-1786005020-dfa9f48630d0,479.452,479.452
data-analyst-1786005032-a88fb5e439e5,479.481,479.481
data-analyst-1786005035-cdf0e48e296e,479.589,479.589
data-analyst-1786005035-1f1eb53a54e4,479.698,479.698
data-analyst-1786005030-b00586b2d659,479.713,479.713
data-analyst-1786005036-f675d8c730da,479.774,479.774
data-analyst-1786005027-76274581dc79,479.835,479.835
data-analyst-1786005021-187da5b95ba2,479.849,479.850
data-analyst-1786005025-e39b8a959fa4,479.988,479.988
data-analyst-1786005027-6c9b0a8c66f3,480.003,480.004
data-analyst-1786005025-e0bbe3c135dc,480.017,480.017
data-analyst-1786005030-8ff28094b79f,480.045,480.045
data-analyst-1786005020-f4546f1696a8,480.138,480.138
data-analyst-1786005035-c1496ee90829,480.259,480.260
data-analyst-1786005027-208b1e3cae0a,480.371,480.372
data-analyst-1786005032-a717031720b6,480.503,480.503
data-analyst-1786005027-4b0aabde4a18,480.587,480.587
data-analyst-1786005032-462aad7004ee,480.636,480.636
data-analyst-1786005019-ed9f1153b381,480.796,480.796
data-analyst-1786005021-aca5d4a7913b,480.953,480.953
data-analyst-1786005019-5943236d1a75,480.985,480.985
data-analyst-1786005032-eacaf2918012,481.018,481.018
data-analyst-1786005019-f84449846ce4,481.097,481.097
data-analyst-1786005042-61d98fc12cf9,481.138,481.138
data-analyst-1786005020-73c0b6c582a4,481.234,481.234
data-analyst-1786005025-4b63e7630d34,481.264,481.264
data-analyst-1786005027-7f43ffc6aaf9,481.320,481.320
data-analyst-1786005031-a4ab8832b387,481.438,481.438
data-analyst-1786005021-66b87cab685f,481.493,481.493
data-analyst-1786005040-15faf4e8e522,481.711,481.711
data-analyst-1786005020-7576bd99142b,481.786,481.786
data-analyst-1786005019-6c7efe4963d1,481.896,481.896
data-analyst-1786005045-690cbf9b6102,482.027,482.027
data-analyst-1786005020-c0625c038137,482.334,482.334
data-analyst-1786005043-19ec7302d73d,482.350,482.350
data-analyst-1786005033-2ec871d1a1d8,482.444,482.444
data-analyst-1786005036-f8111ef4658c,482.460,482.461
data-analyst-1786005021-12ffc6e13fe4,482.653,482.654
data-analyst-1786005020-f527a3f80f8c,482.685,482.685
data-analyst-1786005048-80cb51bf2447,482.731,482.731
data-analyst-1786005045-5feac1de4ec6,482.746,482.746
data-analyst-1786005025-7071e274f683,482.789,482.789
data-analyst-1786005031-9635fc325e6b,482.864,482.864
data-analyst-1786005045-9f6c9d626bfa,482.927,482.928
data-analyst-1786005033-348a43a74d37,483.215,483.216
data-analyst-1786005041-b4baa08e49f7,483.340,483.340
data-analyst-1786005048-9675fcb0545a,483.665,483.665
data-analyst-1786005027-57ec1de184b8,483.710,483.710
data-analyst-1786005051-0e931d73f66e,483.788,483.788
data-analyst-1786005045-ae3c1199d5d9,483.862,483.862
data-analyst-1786005042-2f34266fef30,483.891,483.891
data-analyst-1786005030-92da5df2f209,484.152,484.152
data-analyst-1786005042-358ce3aba28b,484.196,484.196
data-analyst-1786005031-557f03ec5dc2,484.210,484.210
data-analyst-1786005042-acff4585e599,484.224,484.224
data-analyst-1786005048-85619a008984,484.311,484.311
data-analyst-1786005032-14754d4a4570,484.324,484.324
data-analyst-1786005045-c001b0fbff21,484.445,484.445
data-analyst-1786005051-66956da38fa8,484.475,484.476
data-analyst-1786005042-5f66e8338c11,484.491,484.491
data-analyst-1786005041-4a77a8e8e713,484.537,484.538
data-analyst-1786005035-227efb003efc,484.567,484.567
data-analyst-1786005035-08df719df12f,484.729,484.729
data-analyst-1786005045-bc6b3b878edc,484.788,484.789
data-analyst-1786005045-a7545bd71281,484.847,484.847
data-analyst-1786005048-d549c5e5bad8,484.889,484.889
data-analyst-1786005042-07c75dcb0a40,484.904,484.904
data-analyst-1786005053-f9ec26fed3b3,485.083,485.083
data-analyst-1786005025-058a2e03d01f,485.110,485.110
data-analyst-1786005043-b80a03d9c5ce,485.376,485.377
data-analyst-1786005045-a0d12b7f0adf,485.402,485.403
data-analyst-1786005045-96067cf599f1,485.628,485.628
data-analyst-1786005019-d3df7d1367ea,485.700,485.700
data-analyst-1786005056-7362339c42de,485.713,485.714
data-analyst-1786005056-8bdd92bbdb1c,485.742,485.743
data-analyst-1786005056-9939f0957c85,485.787,485.787
data-analyst-1786005054-2d85e24a2063,485.981,485.981
data-analyst-1786005056-27ab79223077,486.099,486.100
data-analyst-1786005033-e9460255f552,486.142,486.143
data-analyst-1786005056-99944b607c58,486.170,486.170
data-analyst-1786005048-9af5834321e7,486.184,486.185
data-analyst-1786005056-f6f32c564c35,486.214,486.214
data-analyst-1786005051-e5a62a7aecd1,486.356,486.356
data-analyst-1786005049-c75cae3632b5,486.369,486.369
data-analyst-1786005023-b488aa4ef7f5,486.382,486.382
data-analyst-1786005054-3e232e86d53b,486.395,486.395
data-analyst-1786005025-2a60e8fd7f41,486.453,486.453
data-analyst-1786005055-3301987ac405,486.483,486.483
data-analyst-1786005053-fdfd1a952655,486.513,486.513
data-analyst-1786005055-79f83ce696b0,486.657,486.657
data-analyst-1786005054-07b4c27374d6,486.698,486.699
data-analyst-1786005056-d467d39c2715,486.714,486.714
data-analyst-1786005056-50482c7896c7,486.740,486.741
data-analyst-1786005032-4ccda087a2c7,486.856,486.856
data-analyst-1786005030-a3fee802e37f,486.869,486.869
data-analyst-1786005023-2201700d1973,486.883,486.883
data-analyst-1786005036-fe4bc6a9c9d0,486.896,486.896
data-analyst-1786005045-147060fa2ff2,486.909,486.909
data-analyst-1786005043-269256517080,486.984,486.985
data-analyst-1786005057-b5630dde8547,487.089,487.089
data-analyst-1786005041-39c1538097ab,487.116,487.117
data-analyst-1786005056-d7f920d3770d,487.231,487.231
data-analyst-1786005055-52c4b30ba41a,487.338,487.339
data-analyst-1786005054-86b44b292358,487.571,487.571
data-analyst-1786005020-73c58240d6da,487.587,487.588
data-analyst-1786005025-93ffa3155977,487.602,487.602
data-analyst-1786005021-e8febd6827b2,487.633,487.633
data-analyst-1786005058-bef82ea5be92,487.724,487.724
data-analyst-1786005051-bcdccd6ecf27,487.898,487.898
data-analyst-1786005019-5cb10bbbbd21,487.926,487.926
data-analyst-1786005030-a350dba3dbfd,487.939,487.939
data-analyst-1786005038-6967afc1d45f,487.966,487.967
data-analyst-1786005050-f8a1f6b9e0f7,487.995,487.996
data-analyst-1786005053-af7d3fb649e6,488.009,488.009
data-analyst-1786005048-4d97cebc6be2,488.023,488.024
data-analyst-1786005063-4d71692ca29e,488.054,488.054
data-analyst-1786005060-9c66373bf671,488.069,488.070
data-analyst-1786005020-4026f09d0d2b,488.112,488.112
data-analyst-1786005035-fa633c3fc8a1,488.168,488.168
data-analyst-1786005059-d7889d56099e,488.194,488.195
data-analyst-1786005045-a9b243774567,488.285,488.285
data-analyst-1786005061-7eae14225ef0,488.313,488.314
data-analyst-1786005019-168a94b39756,488.523,488.523
data-analyst-1786005038-81a0b7c2929b,488.537,488.537
data-analyst-1786005048-ba7ac7b89f91,488.550,488.550
data-analyst-1786005057-9c518f16499f,488.625,488.625
data-analyst-1786005054-846bc2cb86e4,488.758,488.758
data-analyst-1786005060-cc073725410d,488.954,488.955
data-analyst-1786005060-96c43cee6d5d,489.027,489.027
data-analyst-1786005058-e5250aef4ecd,489.040,489.041
data-analyst-1786005036-63e13c753ca8,489.054,489.054
data-analyst-1786005065-c5f15599ff30,489.068,489.069
data-analyst-1786005020-2cc55285b0f6,489.196,489.196
data-analyst-1786005056-318d7c4d59b0,489.242,489.242
data-analyst-1786005025-aa7eed695850,489.257,489.258
data-analyst-1786005056-8986234843d4,489.271,489.271
data-analyst-1786005053-71690239beb0,489.299,489.299
data-analyst-1786005058-b2e41a7719b2,489.553,489.553
data-analyst-1786005048-76e0e3f50b8b,489.580,489.580
data-analyst-1786005062-f39467170a26,489.609,489.609
data-analyst-1786005043-d429e6565230,489.665,489.665
data-analyst-1786005030-028b22dc2441,489.693,489.693
data-analyst-1786005040-c08382e13294,489.707,489.707
data-analyst-1786005066-1f9d381e1a39,489.721,489.722
data-analyst-1786005056-302a2dc2b61e,489.736,489.736
data-analyst-1786005036-af43a46a8870,489.749,489.750
data-analyst-1786005038-8618ac9fd08d,489.840,489.840
data-analyst-1786005056-25f2c3f58c95,489.856,489.856
data-analyst-1786005060-2a21a9c2b64b,489.982,489.982
data-analyst-1786005037-3d112b86a47a,490.027,490.027
data-analyst-1786005042-9092638d31b0,490.056,490.057
data-analyst-1786005060-9a6fc7d7860b,490.164,490.165
data-analyst-1786005056-8ae389fd4eea,490.179,490.180
data-analyst-1786005064-09edcaa3dfcc,490.207,490.207
data-analyst-1786005063-f26d5f57ed2b,490.250,490.250
data-analyst-1786005055-7be2756f246b,490.291,490.291
data-analyst-1786005065-7d20bc9d8dc5,490.305,490.306
data-analyst-1786005065-dc542b36e7eb,490.380,490.380
data-analyst-1786005054-2d11ecc114f4,490.394,490.394
data-analyst-1786005056-ef8b3092a428,490.483,490.483
data-analyst-1786005068-5347cc97cec1,490.562,490.563
data-analyst-1786005036-44adea3e5cbd,490.608,490.608
data-analyst-1786005030-3d46ebeb294c,490.636,490.636
data-analyst-1786005059-4e7b365cd2f8,490.651,490.651
data-analyst-1786005068-dd7cf3c2cf23,490.767,490.767
data-analyst-1786005054-2d1c90eeb86e,490.796,490.796
data-analyst-1786005041-f31ed69fb7e2,490.872,490.872
data-analyst-1786005052-b7ac96e90d85,490.977,490.977
data-analyst-1786005068-9df3d1d91756,491.020,491.020
data-analyst-1786005048-a196e919dced,491.063,491.063
data-analyst-1786005049-4ca754afbef7,491.136,491.136
data-analyst-1786005069-ff1649d34f4c,491.149,491.149
data-analyst-1786005056-e089e21c7b44,491.162,491.162
data-analyst-1786005065-a55c6475b0b3,491.177,491.177
data-analyst-1786005067-8034199dfcc5,491.250,491.250
data-analyst-1786005030-86cb7debbe80,491.296,491.296
data-analyst-1786005025-ded914d06df3,491.310,491.311
data-analyst-1786005036-b7f88b68c6ed,491.324,491.324
data-analyst-1786005062-87185f30e81b,491.403,491.403
data-analyst-1786005053-80badd53a86b,491.418,491.419
data-analyst-1786005069-30c7f55a953b,491.434,491.435
data-analyst-1786005068-5775e665d056,491.499,491.499
data-analyst-1786005038-417649a000ef,491.554,491.555
data-analyst-1786005048-1db91f8bb611,491.647,491.647
data-analyst-1786005052-735fc1ec8430,491.661,491.661
data-analyst-1786005036-3403a13048f1,491.776,491.776
data-analyst-1786005023-1f45d1193ddc,491.840,491.840
data-analyst-1786005067-37979a758b03,491.892,491.892
data-analyst-1786005044-cf597f43ba9b,491.923,491.923
data-analyst-1786005067-93e83b031124,491.938,491.938
data-analyst-1786005066-5081b43b37ec,492.113,492.113
data-analyst-1786005059-8eef6e4a191b,492.204,492.204
data-analyst-1786005065-5963d47d5e4e,492.221,492.223
data-analyst-1786005045-7bf69294b697,492.825,492.825
data-analyst-1786005066-af38053aeb07,492.852,492.852
data-analyst-1786005045-ab294f4c6b67,492.893,492.893
data-analyst-1786005067-3c005ff64601,492.906,492.906
data-analyst-1786005053-953067c538f8,493.076,493.076
data-analyst-1786005060-e3f654aa9cdb,493.104,493.104
data-analyst-1786005069-7b0e106bc885,493.172,493.173
data-analyst-1786005044-9262438fbfde,493.215,493.215
data-analyst-1786005045-e8c98609d776,493.242,493.243
data-analyst-1786005021-b17b59097155,493.257,493.257
data-analyst-1786005071-d7b0fac0957a,493.326,493.326
data-analyst-1786005022-6f02a3a44af2,493.367,493.367
data-analyst-1786005053-9610899a5944,493.381,493.381
data-analyst-1786005065-c7ff108fd162,493.572,493.572
data-analyst-1786005060-3749472879d1,493.643,493.643
data-analyst-1786005065-f1ba842e606b,493.741,493.741
data-analyst-1786005067-3fc89688a359,493.755,493.756
data-analyst-1786005055-cb3f33aeca58,493.799,493.799
data-analyst-1786005068-ab160f35fbcf,493.812,493.812
data-analyst-1786005064-b404527e8832,493.842,493.843
data-analyst-1786005060-62a30eca706c,493.856,493.856
data-analyst-1786005076-c6028017dfae,493.871,493.872
data-analyst-1786005050-00af20d899d0,494.170,494.170
data-analyst-1786005053-fc38c0ab7a08,494.398,494.398
data-analyst-1786005040-dae230ca73d0,494.425,494.425
data-analyst-1786005066-0e8c133a791a,494.455,494.455
data-analyst-1786005049-6178c1e69dfa,494.513,494.513
data-analyst-1786005051-aad69881c6b7,494.629,494.629
data-analyst-1786005046-f7780dc461d9,494.643,494.644
data-analyst-1786005051-be89f09ef0df,494.703,494.704
data-analyst-1786005059-7ab3bebe634c,494.731,494.731
data-analyst-1786005070-e9331f887f31,494.917,494.917
data-analyst-1786005053-2e3b345d694a,495.016,495.016
data-analyst-1786005058-42ef7248e1c6,495.030,495.030
data-analyst-1786005027-9a1ad3f17504,495.045,495.045
data-analyst-1786005045-4b6c845aeeec,495.061,495.061
data-analyst-1786005045-b383034c0ea1,495.254,495.254
data-analyst-1786005038-a9a5cbb96317,495.269,495.269
data-analyst-1786005051-00f300d840f4,495.300,495.300
data-analyst-1786005073-72f6ab91f867,495.569,495.570
data-analyst-1786005049-ab4e6e1595e7,495.584,495.585
data-analyst-1786005045-e99bbf1b4680,495.632,495.632
data-analyst-1786005045-d9a3935ed7f1,495.647,495.647
data-analyst-1786005042-b4f131a174dd,495.690,495.691
data-analyst-1786005021-2754d7ef6263,495.720,495.721
data-analyst-1786005048-2e2a5af3c26e,495.826,495.826
data-analyst-1786005063-42d080c9770a,496.038,496.039
data-analyst-1786005023-6581a2d8c5e2,496.097,496.098
data-analyst-1786005068-615407cba5f3,496.300,496.300
data-analyst-1786005025-6222fe62e536,496.332,496.332
data-analyst-1786005072-86519d1f7111,496.347,496.347
data-analyst-1786005045-80d04165f01c,496.438,496.438
data-analyst-1786005077-4c4c6f1ded82,496.469,496.469
data-analyst-1786005070-d1ee99e46b91,496.566,496.567
data-analyst-1786005082-884793ab3cb1,496.597,496.598
data-analyst-1786005043-ca2113bb2fa5,496.627,496.627
data-analyst-1786005059-d32ee69353c9,496.657,496.657
data-analyst-1786005082-b735c3a0b160,496.673,496.674
data-analyst-1786005072-8c6e711f0777,496.848,496.849
data-analyst-1786005042-937a331c6af2,497.044,497.044
data-analyst-1786005082-e1783c455676,497.295,497.296
data-analyst-1786005056-426b461c595a,497.326,497.326
data-analyst-1786005082-67d04a5322a3,497.340,497.340
data-analyst-1786005041-fec38108037f,497.482,497.482
data-analyst-1786005021-3084ccea0856,497.525,497.525
data-analyst-1786005079-fca83172faaa,497.539,497.539
data-analyst-1786005070-4f70ace19ad4,497.613,497.613
data-analyst-1786005070-fb5ee657717e,497.711,497.711
data-analyst-1786005086-0e0ec5699c7c,497.816,497.817
data-analyst-1786005072-047ef2fb45d5,497.848,497.848
data-analyst-1786005067-b76e831fc850,497.880,497.881
data-analyst-1786005086-408348e05238,497.929,497.929
data-analyst-1786005078-ee040f14e60f,497.959,497.959
data-analyst-1786005089-253510a141cf,497.991,497.992
data-analyst-1786005045-8fb00c19ba1b,498.185,498.185
data-analyst-1786005082-9dba268d70a8,498.251,498.251
data-analyst-1786005089-0a297baf0b2e,498.265,498.265
data-analyst-1786005069-f0147441a823,498.340,498.341
data-analyst-1786005089-014837a0eae0,498.355,498.355
data-analyst-1786005080-a68d94de23e1,498.400,498.401
data-analyst-1786005027-0bf6376683c4,498.416,498.417
data-analyst-1786005089-406bab17f317,498.477,498.477
data-analyst-1786005043-0bd81a80ec37,498.491,498.491
data-analyst-1786005067-875454d02eee,498.536,498.536
data-analyst-1786005050-d415dc80f650,498.549,498.550
data-analyst-1786005068-bb21493760fb,498.638,498.639
data-analyst-1786005086-2216e4505229,498.667,498.667
data-analyst-1786005051-bba230ff8ed1,498.681,498.681
data-analyst-1786005080-ae9daa5b0c7f,498.694,498.694
data-analyst-1786005076-577ed2d99ed9,498.707,498.707
data-analyst-1786005086-65b495bc201c,498.720,498.721
data-analyst-1786005072-ccf3c5f21a86,498.918,498.918
data-analyst-1786005065-58df734b00b9,498.979,498.979
data-analyst-1786005050-6d5121c58df3,499.135,499.135
data-analyst-1786005051-0b80ba68b7ea,499.240,499.241
data-analyst-1786005077-790375d1008b,499.297,499.297
data-analyst-1786005070-887371cb6c90,499.386,499.386
data-analyst-1786005089-941626759af2,499.400,499.400
data-analyst-1786005056-54f267c4ddaa,499.488,499.488
data-analyst-1786005075-daa97cad5513,499.607,499.607
data-analyst-1786005060-5d2d3ac0b2b6,499.621,499.622
data-analyst-1786005089-6bdcb131f551,499.635,499.635
data-analyst-1786005072-ec130ee8fd47,499.648,499.648
data-analyst-1786005059-2f635e04cb5e,499.676,499.676
data-analyst-1786005079-1a9f209e8dd4,499.689,499.689
data-analyst-1786005061-ad27ee06a2c0,499.732,499.732
data-analyst-1786005062-e0aae17dbe1d,499.745,499.745
data-analyst-1786005072-1231555aec90,499.772,499.772
data-analyst-1786005087-d2d3e53f91ca,499.802,499.802
data-analyst-1786005086-ddc0eb52af82,499.831,499.832
data-analyst-1786005081-2bc27b21429c,499.891,499.891
data-analyst-1786005092-d9e7ce4645ce,499.908,499.909
data-analyst-1786005086-17b4f94a87bb,500.034,500.035
data-analyst-1786005092-2f454fe40f5f,500.141,500.141
data-analyst-1786005053-7d9ab108c3ab,500.155,500.156
data-analyst-1786005025-ed6149a9b0f2,500.169,500.169
data-analyst-1786005082-174036b4e76b,500.196,500.196
data-analyst-1786005050-3c43e98581c4,500.268,500.268
data-analyst-1786005065-d1ffcfe96d93,500.616,500.616
data-analyst-1786005076-874812c80110,500.630,500.630
data-analyst-1786005048-d97f2d2470e4,500.717,500.717
data-analyst-1786005094-d2931ace68da,500.748,500.748
data-analyst-1786005066-8aa161e33c1a,500.836,500.836
data-analyst-1786005043-cc6d21fe430e,500.849,500.849
data-analyst-1786005092-6f93eb8c123e,500.987,500.987
data-analyst-1786005086-c91cc57144d8,501.001,501.002
data-analyst-1786005092-03f6a476d34b,501.016,501.016
data-analyst-1786005093-4caa9fead221,501.029,501.029
data-analyst-1786005090-f0b32705c2fd,501.119,501.119
data-analyst-1786005091-8617090e803f,501.203,501.203
data-analyst-1786005092-b53243bfba1a,501.231,501.231
data-analyst-1786005089-4083e0564dc2,501.273,501.273
data-analyst-1786005057-d7bbe573fb20,501.286,501.286
data-analyst-1786005086-f338bedbbe50,501.362,501.362
data-analyst-1786005066-76d3f21135cf,501.376,501.376
data-analyst-1786005095-d558d03c8fd8,501.525,501.525
data-analyst-1786005092-56dcb8bf563f,501.539,501.540
data-analyst-1786005097-eec7a394defb,501.555,501.555
data-analyst-1786005044-f6e8fb87eec1,501.672,501.672
data-analyst-1786005080-4dc97bda5adb,501.786,501.786
data-analyst-1786005076-e40288faa34c,501.814,501.814
data-analyst-1786005095-ec80ae0644d3,501.876,501.876
data-analyst-1786005092-43b2183e26db,501.923,501.924
data-analyst-1786005092-3a7ed88b5a50,502.000,502.000
data-analyst-1786005097-3b553bedf393,502.032,502.032
data-analyst-1786005025-04d153d9a4fa,502.109,502.109
data-analyst-1786005043-3123aeebe468,502.187,502.187
data-analyst-1786005096-da7899024347,502.357,502.357
data-analyst-1786005076-f442d274db82,502.372,502.372
data-analyst-1786005082-b0a24f667c12,502.416,502.416
data-analyst-1786005094-e8232db89579,502.445,502.445
data-analyst-1786005086-efedf376969a,502.581,502.582
data-analyst-1786005082-ad225a3fb3f2,502.640,502.640
data-analyst-1786005080-a0eb23dbd9ee,502.654,502.655
data-analyst-1786005044-967a69f33e63,502.668,502.668
data-analyst-1786005097-481d91d1f837,502.696,502.696
data-analyst-1786005094-7baf829e0175,502.710,502.710
data-analyst-1786005090-a6e97da52b24,502.723,502.724
data-analyst-1786005097-e0e67d2175ac,502.752,502.752
data-analyst-1786005056-047c3a49dea8,502.867,502.868
data-analyst-1786005080-194c20011ac9,502.939,502.939
data-analyst-1786005078-1a723fc28b85,502.954,502.954
data-analyst-1786005067-b43ef94229b2,502.999,502.999
data-analyst-1786005043-8305172c27e2,503.013,503.013
data-analyst-1786005031-dc4e31a1ba0d,503.026,503.027
data-analyst-1786005076-22df7c0c38cb,503.322,591.810
data-analyst-1786005076-5cd83a3ec2b1,503.337,590.681
data-analyst-1786005076-6167709d564a,503.350,599.037
data-analyst-1786005098-ef2a3b41e456,503.545,503.546
data-analyst-1786005092-34e8149f68f0,503.561,503.561
data-analyst-1786005065-ff4093e7dc79,504.038,504.038
data-analyst-1786005095-63c33c307366,504.255,504.256
data-analyst-1786005068-afb0451b73eb,504.270,504.270
data-analyst-1786005086-d892fdc37e76,504.417,504.418
data-analyst-1786005106-66fa2305562d,504.508,591.416
data-analyst-1786005097-adc02f6ec900,504.647,504.648
data-analyst-1786005103-5acbc164e1a6,504.718,602.755
data-analyst-1786005077-567e2f352587,504.974,601.384
data-analyst-1786005062-eac040796853,504.988,603.951
data-analyst-1786005068-e4c4e227599e,505.001,596.995
data-analyst-1786005041-a2e53c6c4709,505.014,592.120
data-analyst-1786005037-d6d1904d463e,505.116,586.606
data-analyst-1786005089-8e062a8c22c1,505.240,505.241
data-analyst-1786005091-7b583deae638,505.254,505.255
data-analyst-1786005092-5c5ee5c0ec73,505.776,505.776
data-analyst-1786005086-8270ffa475bc,505.896,505.896
data-analyst-1786005070-7110c18af5f8,506.443,586.067
data-analyst-1786005082-daa2453dc95b,506.582,506.582
data-analyst-1786005097-7ee0f98a2e3b,506.655,506.656
data-analyst-1786005098-bdf238bd4afc,506.671,506.672
data-analyst-1786005076-ef6434023f2a,506.700,506.700
data-analyst-1786005108-4394184aa38c,506.836,598.093
data-analyst-1786005076-35821f57be7c,506.895,506.896
data-analyst-1786005067-e76119f1d1f0,506.952,506.952
data-analyst-1786005082-9e0a9991c9c7,506.966,506.966
data-analyst-1786005046-6c154a365616,506.980,506.980
data-analyst-1786005081-fa6d02b361b2,507.007,507.007
data-analyst-1786005097-ed187b1745f2,507.126,507.126
data-analyst-1786005055-0c3093ed4b7f,507.466,507.466
data-analyst-1786005044-784d3696a4f6,507.676,507.677
data-analyst-1786005055-8cfab6931ad6,507.783,507.783
data-analyst-1786005106-73c17523bdaf,507.873,600.928
data-analyst-1786005027-76e70d2a46e1,508.460,508.460
data-analyst-1786005091-d53f645a063a,508.793,508.793
data-analyst-1786005092-4cad045b26c8,508.854,508.854
data-analyst-1786005053-310a2691c519,508.929,508.929
data-analyst-1786005059-39c4ced1d6ec,509.246,509.246
data-analyst-1786005063-330ceb079ff9,509.327,509.327
data-analyst-1786005049-e7882d484018,509.418,509.418
data-analyst-1786005077-fc0a2a73f5ff,510.051,588.448
data-analyst-1786005105-dc58f3e724a8,510.158,510.158
data-analyst-1786005082-0b4eb92b7c9f,510.172,510.173
data-analyst-1786005105-ef1dee17408b,510.204,510.205
data-analyst-1786005073-88ad3135aa97,510.352,510.352
data-analyst-1786005095-1fef3f08859d,510.429,510.429
data-analyst-1786005065-9195b60759f2,510.521,510.521
data-analyst-1786005075-9bf24769ebed,510.661,510.662
data-analyst-1786005093-cb53655e48f3,510.842,595.936
data-analyst-1786005066-bb41bed45d3e,510.960,510.960
data-analyst-1786005051-6501ba7fced4,511.981,589.857
data-analyst-1786005067-bbc9b6148feb,512.109,512.109
data-analyst-1786005094-47c429bb8f20,512.354,512.355
data-analyst-1786005072-96a7b02141e7,513.590,586.422
data-analyst-1786005098-cf1dfd0bec9a,513.780,513.781
data-analyst-1786005091-32a60837ec29,513.885,513.886
data-analyst-1786005099-5f94cadb2106,514.286,514.287
data-analyst-1786005049-45636ad1533e,514.533,514.533
data-analyst-1786005105-4bef6396eb4a,514.620,514.621
data-analyst-1786005095-a3621ac5b42b,514.649,514.650
data-analyst-1786005100-f65674477dd2,514.677,514.678
data-analyst-1786005075-59056113b1e2,515.296,595.405
data-analyst-1786005095-c07856fbeb28,515.395,515.396
data-analyst-1786005066-7aa44859d023,515.811,515.812
data-analyst-1786005103-0a64b08873cc,516.210,516.211
data-analyst-1786005076-1e098ed1f76b,516.285,516.286
data-analyst-1786005096-74100299bbeb,516.495,516.496
data-analyst-1786005108-3c0e2f16095c,516.561,516.562
data-analyst-1786005077-12631667b209,516.674,516.674
data-analyst-1786005058-d91d8f104541,516.713,516.713
data-analyst-1786005054-baef0a3c9cf1,517.199,592.231
data-analyst-1786005050-abd809f3094b,517.212,588.225
data-analyst-1786005101-adeb1c02836c,517.267,517.268
data-analyst-1786005100-bd1f5fbb606e,517.282,517.282
data-analyst-1786005096-4f7030954fc9,517.506,517.506
data-analyst-1786005106-fac1ff60c51d,517.547,517.547
data-analyst-1786005097-c959e7024b17,517.589,517.590
data-analyst-1786005101-716101dee2c8,518.002,518.002
data-analyst-1786005112-7b8e43e865be,518.115,588.179
data-analyst-1786005114-21c26aa7f7c7,518.439,595.506
data-analyst-1786005091-be2bccdd26ac,518.637,518.637
data-analyst-1786005066-fe0f1ca6daaa,518.836,518.837
data-analyst-1786005055-b6267926b189,519.261,611.354
data-analyst-1786005065-bc1825bf27c8,519.746,519.747
data-analyst-1786005065-d6f0cdfa26a1,519.902,519.902
data-analyst-1786005111-cc4d618b1e2c,520.033,591.475
data-analyst-1786005055-7a104296eb3b,520.084,520.084
data-analyst-1786005020-2afba988a0ac,520.388,520.388
data-analyst-1786005019-ffb838461783,520.403,520.403
data-analyst-1786005090-c22809086a4a,520.673,520.674
data-analyst-1786005082-80d2a3ac42ec,520.848,520.848
data-analyst-1786005051-9497a56e9d9a,520.889,520.890
data-analyst-1786005051-dc1ccac430ce,521.516,588.329
data-analyst-1786005042-f999595b927b,521.529,591.133
data-analyst-1786005092-866c33d5d8c4,521.967,521.967
data-analyst-1786005043-528637aaa29f,522.061,522.062
data-analyst-1786005105-fdcb35d6d338,522.262,522.262
data-analyst-1786005110-31c6b80bd93d,522.492,587.739
data-analyst-1786005053-768761816d89,522.790,522.791
data-analyst-1786005087-5dcfa89167a3,523.765,609.526
data-analyst-1786005106-ea2e7a3cadea,523.935,593.837
data-analyst-1786005043-548899320fba,524.160,524.161
data-analyst-1786005089-cf7d332b527f,524.273,524.274
data-analyst-1786005060-bd0f0a599f06,524.336,524.336
data-analyst-1786005091-7f484ac24a72,524.350,524.350
data-analyst-1786005082-e3ab842e9275,524.365,524.365
data-analyst-1786005080-1206ef7f580d,524.449,524.449
data-analyst-1786005077-9f9d7c95186c,524.806,524.806
data-analyst-1786005111-429c7add9740,525.069,586.352
data-analyst-1786005092-61ed8fb34550,525.976,525.977
data-analyst-1786005095-ac43d293b2bc,525.992,525.993
data-analyst-1786005118-d8368b7b79da,526.834,589.872
data-analyst-1786005118-4f34bcfa9918,526.847,595.778
data-analyst-1786005071-1b426f7e478b,526.860,526.860
data-analyst-1786005072-9f19b3cf4162,527.485,527.485
data-analyst-1786005059-92abcaa0f6be,528.044,604.857
data-analyst-1786005060-b9b0a60a915a,528.453,528.453
data-analyst-1786005048-e23177efc564,528.740,528.741
data-analyst-1786005119-89b29089fab6,528.773,599.862
data-analyst-1786005119-eb670909d901,528.786,604.295
data-analyst-1786005119-71b9f648603e,528.799,629.483
data-analyst-1786005111-4896f31c66ab,528.869,528.869
data-analyst-1786005077-d6937c655f3d,528.924,528.925
data-analyst-1786005119-52ded7339427,529.285,598.660
data-analyst-1786005119-ef4435f718d8,529.608,586.621
data-analyst-1786005060-771f0d78b930,530.183,599.892
data-analyst-1786005086-716c534c6442,530.195,587.156
data-analyst-1786005111-f80da81aa694,530.617,530.617
data-analyst-1786005112-0abb4bcfb893,530.761,530.761
data-analyst-1786005104-4592c5de642c,530.944,530.944
data-analyst-1786005077-e27110da7629,531.084,531.084
data-analyst-1786005021-169b1d5c5458,531.101,531.101
data-analyst-1786005068-a6cb0a765b7b,531.130,531.130
data-analyst-1786005037-ac2c7a8988c8,532.260,532.260
data-analyst-1786005101-d4032ec370b6,532.327,587.171
data-analyst-1786005042-e9048a0abd49,532.348,532.349
data-analyst-1786005091-12660134d7b5,532.786,642.248
data-analyst-1786005071-2f5e40471c76,532.923,532.923
data-analyst-1786005111-af481cef6f8b,532.938,532.938
data-analyst-1786005105-3d7b571e258c,533.011,598.687
data-analyst-1786005098-7e0011b11c89,533.592,533.593
data-analyst-1786005121-cea62cd63786,534.371,587.227
data-analyst-1786005121-c6249dad7d66,534.385,588.240
data-analyst-1786005046-f688e734175d,534.399,534.399
data-analyst-1786005121-6e80b7b974cb,534.501,596.310
data-analyst-1786005121-7d76227f2236,534.514,590.753
data-analyst-1786005082-18e2b3aebb32,534.699,534.700
data-analyst-1786005111-ed657d612cf2,535.774,535.774
data-analyst-1786005045-67123bee80eb,536.123,536.123
data-analyst-1786005119-38d25572572e,536.225,587.354
data-analyst-1786005119-4dddb0f746e2,536.411,587.457
data-analyst-1786005048-278d927bcad5,536.757,536.757
data-analyst-1786005119-7901e11914a8,537.494,588.070
data-analyst-1786005063-e969c85c664b,537.814,593.195
data-analyst-1786005097-7c8f94004190,538.158,538.159
data-analyst-1786005120-78ce5fb1e3e1,539.150,587.624
data-analyst-1786005063-9ae17f882760,540.107,588.000
data-analyst-1786005061-58af1376df8e,540.122,589.182
data-analyst-1786005091-46e0cc1d9560,540.135,586.745
data-analyst-1786005119-e0191fd3863f,540.356,591.015
data-analyst-1786005118-1a7a3fcc6670,540.375,591.219
data-analyst-1786005059-bb2cb4becfba,540.696,540.696
data-analyst-1786005043-ce6b90592705,540.887,540.888
data-analyst-1786005124-7dd925f062c9,541.207,588.462
data-analyst-1786005086-7612b5aed82a,541.319,541.319
data-analyst-1786005093-c8edad5999eb,541.822,541.822
data-analyst-1786005112-e51fdc6649d9,541.927,541.927
data-analyst-1786005065-7bb0cdf8f630,543.210,588.358
data-analyst-1786005077-0578fa070689,543.224,601.411
data-analyst-1786005019-d8e3755de87f,543.239,594.710
data-analyst-1786005120-656a866767c8,543.912,590.795
data-analyst-1786005045-5e499484578c,543.930,543.930
data-analyst-1786005111-cd7a0bc7cb2d,544.211,588.923
data-analyst-1786005125-612d12e26c95,544.500,614.944
data-analyst-1786005125-9cb9aecf3e54,544.512,599.721
data-analyst-1786005095-301db7c56a83,544.669,544.670
data-analyst-1786005110-05bb3b8f86a6,544.834,544.834
data-analyst-1786005068-21ccadf606e0,545.123,545.124
data-analyst-1786005078-05695382045b,545.432,586.477
data-analyst-1786005056-ebab52914e67,546.165,594.874
data-analyst-1786005062-94baa68c28e5,546.180,593.807
data-analyst-1786005093-e33d7014163c,546.194,588.997
data-analyst-1786005124-723eed8b9061,547.227,587.340
data-analyst-1786005106-ed75543c2a83,547.619,547.619
data-analyst-1786005110-5cb5c05628ce,548.010,548.011
data-analyst-1786005086-fb21638e65d1,548.025,548.025
data-analyst-1786005121-4a5e0b2745ec,548.210,589.151
data-analyst-1786005067-084c15bf9fc7,548.977,595.963
data-analyst-1786005052-4f812d92c1e1,548.990,600.416
data-analyst-1786005048-363f5c57e167,549.003,603.908
data-analyst-1786005092-67c31b1fa4dc,549.018,587.441
data-analyst-1786005099-ad6fb2abd1df,549.031,549.032
data-analyst-1786005127-fa44bd7d9bf1,549.125,587.554
data-analyst-1786005127-68cc0f232915,549.138,588.687
data-analyst-1786005038-c788117e8e3a,549.381,549.381
data-analyst-1786005098-1ae5be4ac2b0,550.630,550.631
data-analyst-1786005119-c320e833d2ef,551.029,551.029
data-analyst-1786005072-0221f941ec7e,551.044,551.044
data-analyst-1786005068-ec80a577d178,552.481,588.041
data-analyst-1786005036-6bbe649ab4d0,552.510,594.888
data-analyst-1786005092-ced915b99c89,552.525,588.540
data-analyst-1786005118-334579a4ee8e,552.986,552.986
data-analyst-1786005092-a0dad9cdc861,553.726,553.726
data-analyst-1786005042-f521784e7251,553.834,553.834
data-analyst-1786005105-3fc4dc684dcd,555.058,555.058
data-analyst-1786005069-5a17238672f7,556.074,588.674
data-analyst-1786005110-65b4917bda4a,556.088,556.088
data-analyst-1786005073-f57145ec3bf4,556.272,556.272
data-analyst-1786005076-02e527f53e0c,556.779,556.779
data-analyst-1786005129-12d2e9b7c4e3,557.026,591.763
data-analyst-1786005129-131887a66776,557.038,620.899
data-analyst-1786005103-d2d5b337d627,557.274,557.275
data-analyst-1786005129-32decd653d14,557.482,593.955
data-analyst-1786005129-9f36ea4864a3,557.497,586.462
data-analyst-1786005110-bfdf3dbb29e6,557.511,587.368
data-analyst-1786005093-84f6a13f2f94,557.542,593.970
data-analyst-1786005087-470db69f7e2b,557.624,557.624
data-analyst-1786005098-3a7a9f160b04,558.023,558.023
data-analyst-1786005119-3023cf86f6cf,559.436,559.436
data-analyst-1786005118-9baba325ed1e,559.643,559.644
data-analyst-1786005103-20332b4f571b,559.659,559.660
data-analyst-1786005114-e3068ffe2953,560.448,560.448
data-analyst-1786005105-2c0d42cf570f,560.658,560.659
data-analyst-1786005111-bfdc1fd4f981,560.820,560.820
data-analyst-1786005058-072554a1e315,560.895,560.896
data-analyst-1786005082-f51378f516ab,561.028,561.029
data-analyst-1786005119-63c91a1f7261,561.500,561.500
data-analyst-1786005095-ad0245a0ed5d,562.028,562.029
data-analyst-1786005092-c895d275118b,562.042,562.043
data-analyst-1786005099-a80e75332564,563.209,599.623
data-analyst-1786005023-6d10e8d97bc4,563.222,598.939
data-analyst-1786005081-3357a5fcdbde,563.235,589.429
data-analyst-1786005111-08ae4344f750,563.663,586.393
data-analyst-1786005131-7390b2d3ed83,564.042,608.253
data-analyst-1786005131-19c06e73b34e,564.056,594.739
data-analyst-1786005062-7eb0c682346d,564.069,564.069
data-analyst-1786005125-1fd22e273148,564.097,564.098
data-analyst-1786005129-570065c2d04c,564.531,594.123
data-analyst-1786005131-1fd14cb9d608,564.694,608.882
data-analyst-1786005119-96b7dfb5cb20,564.836,564.836
data-analyst-1786005121-1fcda822bff3,565.867,565.868
data-analyst-1786005108-66fb5afb6db6,566.601,586.436
data-analyst-1786005023-2f2c5e2d31e2,567.422,591.461
data-analyst-1786005091-eade685b525b,567.437,602.954
data-analyst-1786005100-986683755080,567.451,590.766
data-analyst-1786005054-c0c2368855e0,567.553,567.554
data-analyst-1786005093-ccb5d93ed52f,568.201,568.201
data-analyst-1786005105-103d1125c33f,568.214,568.214
data-analyst-1786005103-6ffd9384e514,571.540,605.860
data-analyst-1786005094-7e4e0dd98421,572.123,572.123
data-analyst-1786005065-b4978467edc9,572.454,572.454
data-analyst-1786005131-d5efdb0bf72b,572.949,587.183
data-analyst-1786005086-bd4b51f967b3,573.477,573.478
data-analyst-1786005069-f16f4ae89cea,573.627,573.627
data-analyst-1786005064-db72431833dd,573.974,573.975
data-analyst-1786005110-9cf1550cd98c,573.987,573.987
data-analyst-1786005104-497464fa2cc9,574.195,574.196
data-analyst-1786005114-01014d744a3d,575.308,588.027
data-analyst-1786005106-889d56d11dee,575.591,587.495
data-analyst-1786005119-2e92fdb68473,575.797,593.600
data-analyst-1786005104-8326f792d6ce,576.865,601.641
data-analyst-1786005092-6f1933699895,576.878,591.234
data-analyst-1786005079-fe03cb151a66,576.891,587.311
data-analyst-1786005134-3651b964177e,577.179,588.013
data-analyst-1786005134-99437bc7b76d,577.193,586.703
data-analyst-1786005134-b612eaa46eda,577.206,587.241
data-analyst-1786005118-961e705d5c56,578.673,587.212
data-analyst-1786005120-3a30402628d1,578.936,578.937
data-analyst-1786005134-fc5a289836da,579.186,592.350
data-analyst-1786005134-76abc82c05d1,579.199,591.447
data-analyst-1786005134-fcae374843a1,579.213,620.609
data-analyst-1786005129-199191569ea2,579.430,579.430
data-analyst-1786005103-15d664727bca,580.594,596.661
data-analyst-1786005045-85d0ac6fc93c,582.176,619.947
data-analyst-1786005045-41e88a333cde,582.192,596.689
data-analyst-1786005105-5dd9288390e6,582.208,595.315
data-analyst-1786005021-20a4d52f36eb,582.226,590.001
data-analyst-1786005135-c745454d5b28,583.288,589.402
data-analyst-1786005135-07e22f3c84a9,583.301,586.965
data-analyst-1786005135-2bb593608398,583.313,596.787
data-analyst-1786005127-071eba026af7,583.443,583.444
data-analyst-1786005056-5913205c7fee,583.742,583.742
data-analyst-1786005124-0a2420649887,584.045,594.450
data-analyst-1786005119-32fd4658521e,584.062,586.817
data-analyst-1786005135-1eaa90fcff4a,584.828,595.643
data-analyst-1786005135-0cb375fe328e,584.841,587.712
data-analyst-1786005135-db4e8eec4bbb,584.854,593.910
data-analyst-1786005131-e132df471a19,584.868,589.349
data-analyst-1786005044-87275546f9ba,584.885,584.885
data-analyst-1786005094-a315455be71e,585.089,585.090
data-analyst-1786005131-a3854c23220b,585.558,586.936
data-analyst-1786005067-c744a19c93f8,585.633,585.633
data-analyst-1786005135-bcec4aa479fe,587.796,587.797
data-analyst-1786005135-5cf3040d15ea,589.670,589.670
data-analyst-1786005139-d71582fcd215,589.739,589.740
data-analyst-1786005135-6672d92bffe3,590.665,590.666
data-analyst-1786005135-d73333c383f0,591.204,591.205
data-analyst-1786005141-c199946f0ada,592.246,592.247
data-analyst-1786005143-b400e91fd100,592.468,592.469
data-analyst-1786005141-287834ecb371,592.525,592.526
data-analyst-1786005144-3a93710b5836,592.977,592.977
data-analyst-1786005144-31a240415750,593.383,593.383
data-analyst-1786005135-6754f7d4304f,593.568,593.568
data-analyst-1786005144-7be02a4438a8,593.852,593.853
data-analyst-1786005154-5c54c84f4daf,594.091,594.091
data-analyst-1786005155-d8c79f9998f9,594.201,594.201
data-analyst-1786005143-fb9accf54c13,594.389,594.389
data-analyst-1786005153-4dba772acbd3,594.434,594.435
data-analyst-1786005149-df4f81125660,595.533,595.534
data-analyst-1786005149-023c1fe9a144,596.227,596.228
data-analyst-1786005149-0dfde4b19288,596.483,596.484
data-analyst-1786005146-890d4d66825a,596.513,596.513
data-analyst-1786005150-43f677f4bff9,596.526,596.527
data-analyst-1786005150-cc1c053b3f45,596.746,596.747
data-analyst-1786005160-b7992af48d3d,596.801,596.801
data-analyst-1786005141-774973a95aa7,597.795,597.796
data-analyst-1786005141-75df4ecba6d7,598.401,598.401
data-analyst-1786005160-47db20f911dd,598.579,598.579
data-analyst-1786005157-ba8bc9ee09c1,598.673,598.674
data-analyst-1786005153-0bfd9aca2ab9,599.228,599.228
data-analyst-1786005143-ff246d1d4f02,599.679,599.680
data-analyst-1786005167-afe2731301b4,601.151,601.151
data-analyst-1786005135-080eba94c138,601.267,601.267
data-analyst-1786005141-2fee842118fb,601.398,601.399
data-analyst-1786005141-1469e6240f3c,601.453,601.454
data-analyst-1786005155-8d76d4f0f0f8,601.697,601.698
data-analyst-1786005141-f5fa8a1dd321,602.250,602.251
data-analyst-1786005175-9ce01fb771c3,602.558,602.558
data-analyst-1786005154-8ba87050b8a0,602.854,602.855
data-analyst-1786005153-1c7d8a196997,602.995,602.996
data-analyst-1786005175-bab00bf7bf21,603.317,603.318
data-analyst-1786005160-a4f7db9f9bf6,603.358,603.359
data-analyst-1786005141-80c4edc4ccee,603.639,603.639
data-analyst-1786005170-516c782f025e,603.741,603.742
data-analyst-1786005141-f296e5c3e059,603.855,603.855
data-analyst-1786005169-848d0915126e,603.937,603.937
data-analyst-1786005168-abcb21a02898,604.380,604.381
data-analyst-1786005146-928868354517,604.672,604.672
data-analyst-1786005179-d05aff1b60a8,605.097,605.097
data-analyst-1786005167-41b94f96ddc8,605.340,605.341
data-analyst-1786005147-452b3639a910,605.399,605.399
data-analyst-1786005155-d15521e752b1,605.737,605.737
data-analyst-1786005182-22c027919366,606.230,606.231
data-analyst-1786005182-5d71fe5dfca6,606.658,606.658
data-analyst-1786005153-3da7f2cff82e,606.766,606.766
data-analyst-1786005169-a08a466d19e8,606.874,606.874
data-analyst-1786005170-443bfbe35025,607.339,607.339
data-analyst-1786005170-5f9f76d53394,607.660,607.660
data-analyst-1786005186-0e5bf5382ef7,607.687,607.688
data-analyst-1786005141-2422856368fd,608.268,608.268
data-analyst-1786005139-abc94ad522e2,608.281,608.282
data-analyst-1786005154-fcf65b4d1aff,608.581,608.581
data-analyst-1786005157-ad869837c49e,608.729,608.730
data-analyst-1786005139-9a7f6aede17d,608.826,608.827
data-analyst-1786005169-99a37fa7d841,609.001,609.001
data-analyst-1786005146-73cef276d880,609.143,609.144
data-analyst-1786005168-ec1be73d8b0e,609.280,609.281
data-analyst-1786005185-3a96ef9d3ea8,609.612,609.612
data-analyst-1786005147-ec2c497cfe13,609.652,609.652
data-analyst-1786005184-287924f0d33f,609.941,609.942
data-analyst-1786005176-11a6eed88ba6,610.040,610.041
data-analyst-1786005186-a724f8d12c0f,610.296,610.296
data-analyst-1786005155-ad0dadf4de98,610.408,610.409
data-analyst-1786005141-04f37897eb8d,610.448,610.449
data-analyst-1786005168-9145326605d5,610.892,610.892
data-analyst-1786005182-73acb739ac1b,611.383,611.383
data-analyst-1786005141-40f34fe4cfed,611.794,611.794
data-analyst-1786005153-0b2848a7eef6,611.809,611.809
data-analyst-1786005186-0ec82a7997e2,611.960,611.960
data-analyst-1786005172-827efaa216a8,612.042,612.042
data-analyst-1786005184-6c1240ee5742,612.110,612.111
data-analyst-1786005185-368a68ab6fbe,612.552,612.553
data-analyst-1786005176-3443bdf9b1e3,613.052,613.052
data-analyst-1786005150-c70702d0f1c6,613.383,613.383
data-analyst-1786005167-b6592d918283,613.655,613.656
data-analyst-1786005203-0961fb955127,613.750,613.751
data-analyst-1786005167-2721f68629d4,613.868,613.868
data-analyst-1786005172-89444e2396e5,613.959,613.959
data-analyst-1786005193-e25f70a19fb8,614.189,614.189
data-analyst-1786005155-c094aa862c2a,614.501,614.501
data-analyst-1786005155-f87dd094bae2,614.531,614.532
data-analyst-1786005205-c9073811b261,614.579,614.579
data-analyst-1786005193-37bc377866db,615.022,615.022
data-analyst-1786005170-56e04438a5ea,615.938,615.938
data-analyst-1786005185-ab3b4c86bf2f,615.952,615.952
data-analyst-1786005185-835ae9494afe,616.974,616.974
data-analyst-1786005176-1a7ac95ef79e,617.400,617.400
data-analyst-1786005203-0b63ee3ab5cd,617.416,617.417
data-analyst-1786005170-f68bf95f231a,618.038,618.038
data-analyst-1786005182-74b9a2aad624,618.115,618.115
data-analyst-1786005203-0bd1b07263fd,618.335,618.335
data-analyst-1786005211-38b96044bcb5,618.641,618.641
data-analyst-1786005157-7e27365d2cdd,619.422,619.422
data-analyst-1786005213-70db0ec58776,619.851,619.852
data-analyst-1786005213-8e0281c01bc7,619.884,619.884
data-analyst-1786005168-d7e1f197116e,620.043,620.044
data-analyst-1786005179-3ee0ffde2042,620.338,620.339
data-analyst-1786005184-7193d635e48d,621.026,621.027
data-analyst-1786005172-cdee19440c1f,621.157,621.158
data-analyst-1786005218-4990f6ae7c73,621.727,621.728
data-analyst-1786005205-74379ef43135,621.803,621.804
data-analyst-1786005215-860b6aadc930,622.220,622.220
data-analyst-1786005147-d8d0ec4298da,622.615,622.615
data-analyst-1786005185-fa167e44e7d6,624.352,624.352
data-analyst-1786005215-872eb5606270,624.656,624.657
data-analyst-1786005215-d9207e7da4fd,624.673,624.674
data-analyst-1786005167-f036449c65a6,624.691,624.692
data-analyst-1786005193-03f264a81c1b,624.747,624.747
data-analyst-1786005160-c1398faedff8,624.826,624.826
data-analyst-1786005210-f97ababa10ae,625.261,625.262
data-analyst-1786005217-e3f0d09658bb,625.722,625.722
data-analyst-1786005205-32aa110e6c83,625.892,625.893
data-analyst-1786005167-63b42864379c,625.925,625.925
data-analyst-1786005210-c406e12b71aa,627.072,627.073
data-analyst-1786005182-61e7933c518d,627.930,627.931
data-analyst-1786005222-aa8031a7e37f,629.517,629.517
data-analyst-1786005168-d79810071335,629.851,629.851
data-analyst-1786005218-f2f1b8f56d25,630.126,630.127
data-analyst-1786005160-dddcac602fc3,630.178,630.179
data-analyst-1786005160-f5e93043c837,630.357,630.358
data-analyst-1786005224-4fc95d5bf4a5,630.392,630.393
data-analyst-1786005203-6473142f4ffd,630.409,630.410
data-analyst-1786005228-0cce1d2cb7e7,630.490,671.960
data-analyst-1786005210-85304b341769,631.917,631.917
data-analyst-1786005175-35a2e0e0e1cf,632.951,632.951
data-analyst-1786005170-047211554a6c,633.715,633.716
data-analyst-1786005179-49c8d896e563,634.627,634.628
data-analyst-1786005203-2b2d3bda9dd2,634.968,634.969
data-analyst-1786005217-75d0531b6711,635.195,635.196
data-analyst-1786005218-015c1d836976,636.247,636.248
data-analyst-1786005224-d415c770b746,636.456,636.457
data-analyst-1786005226-1f77c2075122,638.745,638.746
data-analyst-1786005213-d6ed7a06b3ff,639.699,639.700
data-analyst-1786005226-01fa64d5085e,639.716,639.717
data-analyst-1786005168-f9c46713d1e7,640.200,640.201
data-analyst-1786005223-cec4cd1ce599,640.681,640.682
data-analyst-1786005223-4fb376c8e0a1,641.419,641.419
data-analyst-1786005222-83f15d39ee14,641.586,641.586
data-analyst-1786005182-9fe65d3c1b83,642.270,642.271
data-analyst-1786005225-7a72bf0e8c7a,642.429,642.430
data-analyst-1786005224-79fbb23f55de,644.525,644.525
data-analyst-1786005225-21ba402c5a26,644.801,644.801
data-analyst-1786005217-486926382142,645.410,645.412
data-analyst-1786005225-312845d7bd94,645.483,645.484
data-analyst-1786005228-fd3ceda2c6b9,645.590,645.591
data-analyst-1786005185-b28f15cd9a5e,646.251,646.251
data-analyst-1786005223-77e6335c9c68,646.376,646.376
data-analyst-1786005226-79bf546e1ef1,649.512,649.512
data-analyst-1786005153-c55dc2ee85b6,650.452,650.453
data-analyst-1786005228-c6725fa727bb,650.801,650.803
data-analyst-1786005203-3de7d0e77d17,653.133,653.134
data-analyst-1786005211-dfb14f40faba,657.717,673.655
data-analyst-1786005211-0c34c672e369,662.268,673.639
data-analyst-1786005248-a41d2fd528e5,662.715,671.214
data-analyst-1786005248-a49e0f45d75a,662.731,676.001
data-analyst-1786005248-ae1de9926614,662.747,673.768
data-analyst-1786005222-435db21edcc4,662.927,662.927
data-analyst-1786005250-d30405f29d08,674.223,674.224
data-analyst-1786005250-341e8e963f30,675.757,675.757
data-analyst-1786005250-48083c584330,676.342,676.343
