run_id,start_seconds,end_seconds
deep-researcher-1785987713-9bc27f1db8c5,1.838,125.452
wide-researcher-1785987713-0507bf75d4af,1.848,34.224
reviewer-1785987713-18ad1ca2e99c,1.923,232.888
data-analyst-1785987713-d10aa190fc8d,1.948,294.425
deep-researcher-1785987713-64d2f2099354,1.956,35.254
wide-researcher-1785987713-6e1e8d9b101c,1.964,142.962
reviewer-1785987713-3f9caeefee31,1.972,84.943
data-analyst-1785987713-1a870b8200e3,1.996,298.914
deep-researcher-1785987713-eb7a3bbdd319,2.004,64.780
wide-researcher-1785987713-5fd7a788b12b,2.012,37.793
reviewer-1785987713-88a3bc21569c,2.020,518.599
data-analyst-1785987713-264bca930b32,2.044,290.678
deep-researcher-1785987713-e2c10785f1b1,2.052,401.788
wide-researcher-1785987713-e3fc9d095db0,2.061,36.687
reviewer-1785987713-61666b0d9d7b,2.070,300.671
data-analyst-1785987713-4f4fcf367ab4,2.095,298.853
deep-researcher-1785987713-d945416261fa,2.101,34.299
wide-researcher-1785987713-33ce9963dade,2.115,36.604
reviewer-1785987713-8a3a4d063380,2.124,334.198
data-analyst-1785987713-efa83707a45a,2.142,291.112
deep-researcher-1785987713-46edec5963d0,2.151,65.696
wide-researcher-1785987713-3bfc8cf86bda,2.161,475.005
reviewer-1785987713-bb50fceee387,2.169,199.013
data-analyst-1785987713-4e4e617f1020,2.186,453.976
deep-researcher-1785987713-0bf8e8df98e3,2.197,105.203
wide-researcher-1785987713-8058c6df3fa4,2.206,34.404
reviewer-1785987713-de56fd4f956f,2.215,304.815
data-analyst-1785987713-a502d33d2388,2.237,292.392
deep-researcher-1785987713-d9746b219de5,2.245,312.398
wide-researcher-1785987713-bd25f07a1953,2.253,309.489
reviewer-1785987713-693db27317b2,2.262,425.348
data-analyst-1785987713-a01bc119d9b2,2.287,205.918
deep-researcher-1785987713-35b0897df1f3,2.297,445.515
wide-researcher-1785987713-22ea58ca41e2,2.306,34.729
reviewer-1785987713-65e9de7fc411,2.316,320.230
data-analyst-1785987713-46ffffbcd53c,2.341,120.043
deep-researcher-1785987713-c0b091bb99c7,2.351,44.974
wide-researcher-1785987713-4d515edccbf3,2.361,66.064
reviewer-1785987713-4444a5baafa2,2.371,292.665
data-analyst-1785987713-2cf92f5ab4fd,2.396,290.102
deep-researcher-1785987713-627496740394,2.406,135.629
wide-researcher-1785987713-e4fbe4329eb0,2.416,203.206
reviewer-1785987713-119e4d462e48,2.425,214.480
data-analyst-1785987713-07ee0c388dd7,2.448,320.373
deep-researcher-1785987713-4a49a447c8e1,2.457,35.225
wide-researcher-1785987713-1f522f7d5bc3,2.467,36.418
reviewer-1785987713-7f0613194166,2.477,308.734
data-analyst-1785987713-eb72cb2d5c2d,2.502,424.617
deep-researcher-1785987713-dd5c44d6ea6d,2.511,35.087
wide-researcher-1785987713-107fc1ccbcfc,2.521,35.738
reviewer-1785987713-251b23c04499,2.531,264.608
data-analyst-1785987713-787daa7f075f,2.556,421.902
deep-researcher-1785987713-847807734ad3,2.566,305.700
wide-researcher-1785987713-f41be0c9e9dc,2.576,306.875
reviewer-1785987713-7204fe0ffa86,2.586,370.082
data-analyst-1785987713-6703dc94807d,2.611,399.591
deep-researcher-1785987713-e0cddb5c18f1,2.621,117.429
wide-researcher-1785987713-d9434ce66de3,2.631,33.477
reviewer-1785987713-8aa7b59ba359,2.641,414.959
data-analyst-1785987713-371827f8b285,2.666,321.503
deep-researcher-1785987713-2831bb0f4263,2.676,419.905
wide-researcher-1785987713-86da1d01b613,2.686,80.014
reviewer-1785987713-78ca9c80b3e9,2.696,409.983
data-analyst-1785987713-5a745387a31e,2.720,121.390
deep-researcher-1785987713-a90fe2524049,2.730,37.754
wide-researcher-1785987713-139d3f9ea2f5,2.740,33.062
reviewer-1785987713-ad95a520a35c,2.749,303.226
data-analyst-1785987713-28a40367162d,2.775,421.328
deep-researcher-1785987713-05db657d8cef,2.784,426.698
wide-researcher-1785987713-910d9fb602dc,2.797,36.401
reviewer-1785987713-14e0fa461a62,2.805,302.277
data-analyst-1785987713-a634ec81919c,2.828,200.179
deep-researcher-1785987713-e3999d36db7b,2.838,42.318
wide-researcher-1785987713-4c08dd7d160c,2.846,263.561
reviewer-1785987713-bc026912db4d,2.856,134.826
data-analyst-1785987714-5446c6138cec,2.881,302.264
deep-researcher-1785987714-07b8a7f70222,2.890,368.760
wide-researcher-1785987714-e8cd1c9de579,2.896,299.059
reviewer-1785987714-1bdd22f0cf77,2.910,292.206
data-analyst-1785987714-742b86cb3cf9,2.938,193.806
deep-researcher-1785987714-369a90ba1bfd,2.947,35.629
wide-researcher-1785987714-4c8b78e02ee7,2.957,120.307
reviewer-1785987714-4f3e1aafad3c,2.967,403.478
data-analyst-1785987714-9dc1328e8b0a,2.992,295.812
deep-researcher-1785987714-b4e200255c25,2.998,33.094
wide-researcher-1785987714-ea0e39e4ae6b,3.012,201.690
reviewer-1785987714-f15703b800b4,3.021,431.682
data-analyst-1785987714-54afc3d4e2f7,3.045,194.715
deep-researcher-1785987714-4e49ea135a57,3.054,33.463
wide-researcher-1785987714-815a72b601a7,3.062,34.062
reviewer-1785987714-0e9aded7157a,3.072,524.153
data-analyst-1785987714-a2270a1eab5a,3.097,415.832
deep-researcher-1785987714-5e580a8ad79c,3.107,34.888
wide-researcher-1785987714-a2ac7c6f42f3,3.117,414.730
reviewer-1785987714-fc62201191b3,3.127,297.643
data-analyst-1785987714-4c4f6fb0de08,3.150,295.847
deep-researcher-1785987714-8202353c6a94,3.159,299.234
wide-researcher-1785987714-d794ba1c9730,3.168,78.011
reviewer-1785987714-1f38be88a487,3.177,293.015
data-analyst-1785987714-3fcdfce2611d,3.199,300.266
deep-researcher-1785987714-67a5192b8ad1,3.207,33.167
wide-researcher-1785987714-50d169fd0b4b,3.217,200.327
reviewer-1785987714-1b426fcd59e1,3.227,290.788
data-analyst-1785987714-37cc976e621d,3.251,419.117
deep-researcher-1785987714-3c465901d613,3.259,235.766
wide-researcher-1785987714-8adbea571f69,3.269,33.764
reviewer-1785987714-b596680d3f16,3.279,407.743
data-analyst-1785987714-4e61bfd8c545,3.302,292.316
deep-researcher-1785987714-bf2c1a53ba0e,3.310,34.667
wide-researcher-1785987714-410817bd47e5,3.320,121.616
reviewer-1785987714-3e4402f69173,3.330,408.535
data-analyst-1785987714-b029d0669b8a,3.355,197.361
deep-researcher-1785987714-be9fc1da489f,3.364,39.287
wide-researcher-1785987714-f4ecff78dcf9,3.370,34.955
reviewer-1785987714-3d40beb09439,3.384,299.679
data-analyst-1785987714-292e0f0019a7,3.407,303.980
deep-researcher-1785987714-163f406d00a0,3.423,85.281
wide-researcher-1785987714-070fcd426747,3.433,47.181
reviewer-1785987714-d0c3cc59183a,3.448,402.483
data-analyst-1785987714-10129dc629c3,3.472,119.769
deep-researcher-1785987714-aca86f6dfd42,3.481,529.444
wide-researcher-1785987714-7c3f4f848bcd,3.491,106.709
reviewer-1785987714-ae41500aab67,3.501,440.029
data-analyst-1785987714-cc71a6a1fc4f,3.525,470.301
deep-researcher-1785987714-12a479ac2342,3.535,70.785
wide-researcher-1785987714-e6afd9502bbd,3.545,205.319
reviewer-1785987714-09ec94ac513b,3.555,150.106
data-analyst-1785987714-8bd7557f0690,3.580,297.147
deep-researcher-1785987714-b5579cfe6628,3.590,33.446
wide-researcher-1785987714-9cd0577a2f22,3.600,237.538
reviewer-1785987714-ef046107bddb,3.610,202.452
data-analyst-1785987714-e76ecf0014c8,3.635,130.467
deep-researcher-1785987714-50affa9bd44d,3.644,52.708
wide-researcher-1785987714-4b4569740b54,3.654,39.317
reviewer-1785987714-b4650e36ace4,3.664,338.932
data-analyst-1785987714-d5f08f8496ec,3.689,195.964
deep-researcher-1785987714-70540dab0932,3.699,52.500
wide-researcher-1785987714-200b950f241b,3.709,33.657
reviewer-1785987714-009a3ccce221,3.719,411.182
data-analyst-1785987714-dc5305425db1,3.744,200.421
deep-researcher-1785987714-8d9a52989244,3.753,543.892
wide-researcher-1785987714-fd5dc0666802,3.763,35.237
reviewer-1785987714-2c00c71507b5,3.772,290.215
data-analyst-1785987714-665d6f98d940,3.796,298.631
deep-researcher-1785987714-e85dd752d010,3.810,33.725
wide-researcher-1785987714-5ed596b39347,3.820,33.496
reviewer-1785987714-259f4dce2058,3.830,195.334
data-analyst-1785987714-ecf8ccc922c4,3.856,252.185
deep-researcher-1785987714-35856274709d,3.870,33.847
wide-researcher-1785987714-7d01793e910f,3.879,517.492
reviewer-1785987715-0c870d171eea,3.889,285.238
data-analyst-1785987715-71433624261e,3.915,307.071
deep-researcher-1785987715-72643d327010,3.925,35.984
wide-researcher-1785987715-387d0bdec11b,3.935,193.391
reviewer-1785987715-bf5a68e7c4c9,3.944,529.972
data-analyst-1785987715-1b868f0c8032,3.969,421.016
deep-researcher-1785987715-94dfa1a7b7c5,3.978,408.116
wide-researcher-1785987715-8efc387ad38d,3.988,33.678
reviewer-1785987715-ce015e80d62a,3.998,293.541
data-analyst-1785987715-f035b561bbde,4.023,201.262
deep-researcher-1785987715-0b22abb2065f,4.032,34.090
wide-researcher-1785987715-9d647696bf79,4.041,230.985
reviewer-1785987715-fd1f89568c03,4.051,442.201
data-analyst-1785987715-6d331dd3648a,4.075,160.925
deep-researcher-1785987715-78047e354810,4.084,34.990
wide-researcher-1785987715-f417e2954e5f,4.094,34.283
reviewer-1785987715-f48b85ce18d5,4.103,414.562
data-analyst-1785987715-1ae84e852b01,4.128,227.351
deep-researcher-1785987715-0075c0060187,4.138,33.594
wide-researcher-1785987715-d3a1b7c1ba5c,4.148,34.154
reviewer-1785987715-81cb6cf0b8a2,4.158,416.797
data-analyst-1785987715-7e9eb7b58589,4.183,271.647
deep-researcher-1785987715-72b9cd6e192b,4.192,419.711
wide-researcher-1785987715-479402593f24,4.201,220.595
reviewer-1785987715-5fb0d862a9f6,4.210,123.197
data-analyst-1785987715-3a1ec0ea0579,4.228,193.788
deep-researcher-1785987715-45e1b2781cbe,4.236,64.216
wide-researcher-1785987715-ce57480137b5,4.244,134.843
reviewer-1785987715-fbd90ae8841b,4.252,155.826
data-analyst-1785987715-1b58878d4d67,4.276,301.835
deep-researcher-1785987715-ddfcc223880e,4.284,379.136
wide-researcher-1785987715-12a424b336e1,4.292,106.827
reviewer-1785987715-b90f2b41af4c,4.300,305.323
data-analyst-1785987715-c011bb373c25,4.320,191.998
deep-researcher-1785987715-5ed6a9fa56f6,4.328,408.085
wide-researcher-1785987715-c388260b1348,4.338,302.404
reviewer-1785987715-643bef9c0b50,4.347,196.765
data-analyst-1785987715-b05f7529d3ad,4.372,415.177
deep-researcher-1785987715-2bdc3da9c0b5,4.380,157.884
wide-researcher-1785987715-438066c6d8d9,4.390,35.129
reviewer-1785987715-a8801ca67bd8,4.399,192.189
data-analyst-1785987715-a627ba64fa56,4.423,169.380
deep-researcher-1785987715-ac6c54b393cc,4.431,383.526
wide-researcher-1785987715-16ec380023f3,4.440,341.179
reviewer-1785987715-da69735d936c,4.449,297.916
data-analyst-1785987715-1e3d54332dde,4.469,529.319
deep-researcher-1785987715-51dea9fb02ad,4.483,34.024
wide-researcher-1785987715-90085572e343,4.493,127.870
reviewer-1785987715-681e2a864686,4.503,423.275
data-analyst-1785987715-299305d43124,4.526,202.071
deep-researcher-1785987715-653103350079,4.535,424.150
wide-researcher-1785987715-165856615033,4.544,34.906
reviewer-1785987715-0f5c7cb05cf4,4.551,295.572
data-analyst-1785987715-539673ffc734,4.583,155.811
deep-researcher-1785987715-57b439a7dd2d,4.593,37.272
wide-researcher-1785987715-5e3f06d1ae53,4.604,84.636
reviewer-1785987715-e70cc6d03c12,4.614,346.325
data-analyst-1785987715-751e7e5cb38b,4.639,200.486
deep-researcher-1785987715-e2d3f7e05e9e,4.649,416.657
wide-researcher-1785987715-d46375e9db53,4.659,300.126
reviewer-1785987715-9099f7bedecd,4.669,299.611
data-analyst-1785987715-26d35262bc38,4.694,299.448
deep-researcher-1785987715-a7e79a980898,4.705,40.258
wide-researcher-1785987715-9e5a507e9ae5,4.712,140.742
reviewer-1785987715-d5f4c4d047d6,4.727,199.515
data-analyst-1785987715-635362c97768,4.754,405.968
deep-researcher-1785987715-1279fcbffec2,4.764,519.820
wide-researcher-1785987715-85edb47df9d8,4.775,35.358
reviewer-1785987715-3e65663f803c,4.786,199.304
data-analyst-1785987715-1de95fb4eb06,4.813,308.594
deep-researcher-1785987715-d2ffc9750420,4.823,117.222
wide-researcher-1785987715-cc0da5b04414,4.833,34.041
reviewer-1785987715-3f1072eb102c,4.843,526.845
data-analyst-1785987715-6c3ce4976377,4.869,201.535
deep-researcher-1785987716-bb9f21cb27e2,4.879,65.336
wide-researcher-1785987716-eae7fe2ac4e3,4.889,65.395
reviewer-1785987716-a81d72e165b1,4.898,399.872
data-analyst-1785987716-a9d65ec2fb55,4.919,419.726
deep-researcher-1785987716-e7235efd5883,4.933,34.370
wide-researcher-1785987716-8e41b0601caf,4.943,37.340
reviewer-1785987716-1953ffd46cf8,4.953,484.052
data-analyst-1785987716-966fff9fc7a9,4.973,307.138
deep-researcher-1785987716-ff1b40ae5ab0,4.987,36.078
wide-researcher-1785987716-65abad89ca32,4.997,47.128
reviewer-1785987716-fbf0096abbd1,5.011,392.945
data-analyst-1785987716-5d380c2fb6b8,5.033,418.565
deep-researcher-1785987716-cf876e0f9cb6,5.043,34.976
wide-researcher-1785987716-c0150d138b38,5.052,34.810
reviewer-1785987716-d478f3d493d1,5.062,300.798
data-analyst-1785987716-aae477df9380,5.087,628.581
deep-researcher-1785987716-6784c4e7c33f,5.096,35.789
wide-researcher-1785987716-51fa4ee31d2b,5.106,120.995
reviewer-1785987716-6eddecd302d7,5.116,206.479
data-analyst-1785987716-c3b3185d30c1,5.141,201.501
deep-researcher-1785987716-5c2f4b456e05,5.151,34.555
wide-researcher-1785987716-a7a6a7da1538,5.161,436.143
reviewer-1785987716-d9e38626b9d5,5.171,469.170
data-analyst-1785987716-124d5d4e9053,5.197,308.149
deep-researcher-1785987716-a2d859c7cd22,5.207,67.833
wide-researcher-1785987716-1e601c188590,5.217,328.351
reviewer-1785987716-1377f6870a64,5.227,406.359
data-analyst-1785987716-8a3f2b14d433,5.251,546.342
deep-researcher-1785987716-fa476131af3e,5.260,92.669
wide-researcher-1785987716-4105d72c6af2,5.269,204.697
reviewer-1785987716-e84d877ae127,5.277,518.712
data-analyst-1785987716-a14738fced2f,5.300,630.853
deep-researcher-1785987716-0cb4dcc8dcd3,5.309,37.129
wide-researcher-1785987716-79ccfc612309,5.318,34.713
reviewer-1785987716-049175741030,5.327,405.722
data-analyst-1785987716-ec27d3e42ccc,5.347,194.400
deep-researcher-1785987716-80f811677cd9,5.356,34.650
wide-researcher-1785987716-3ba11cec2f09,5.366,38.992
reviewer-1785987716-93ae09edb2e8,5.376,121.850
data-analyst-1785987716-6ceca9f5765b,5.401,159.834
deep-researcher-1785987716-3401c7cbc870,5.411,38.054
wide-researcher-1785987716-3fb111e6e194,5.422,45.053
reviewer-1785987716-b41dd9202798,5.432,537.833
data-analyst-1785987716-3c4356df89f9,5.457,201.247
deep-researcher-1785987716-693509e9f05d,5.466,156.903
wide-researcher-1785987716-0dac27d8a618,5.476,92.990
reviewer-1785987716-fd566120792a,5.486,539.626
data-analyst-1785987716-758574c1e94f,5.511,331.539
deep-researcher-1785987716-a794168a7699,5.521,202.623
wide-researcher-1785987716-db3ed36e3531,5.531,52.681
reviewer-1785987716-9df8742b49a5,5.540,200.401
data-analyst-1785987716-b6fa4e5c68f8,5.565,120.170
deep-researcher-1785987716-c72d14ffd317,5.574,422.142
wide-researcher-1785987716-9a4823b1df10,5.589,124.811
reviewer-1785987716-c5ed1a62275e,5.598,482.241
data-analyst-1785987716-bd61fee74fe0,5.624,417.760
deep-researcher-1785987716-ec80ca8f9042,5.634,130.338
wide-researcher-1785987716-07abe8547fbe,5.645,124.667
reviewer-1785987716-73c4286338c9,5.655,476.456
data-analyst-1785987716-e060d105e645,5.680,301.851
deep-researcher-1785987716-267f6a57e14d,5.689,656.374
wide-researcher-1785987716-06f22757f42a,5.698,66.161
reviewer-1785987716-0d8932b6bc64,5.708,426.530
data-analyst-1785987716-246570aaf842,5.732,195.351
deep-researcher-1785987716-6296812d192a,5.741,517.015
wide-researcher-1785987716-28eaa0560bb5,5.750,409.914
reviewer-1785987716-84c8c2d733be,5.758,404.301
data-analyst-1785987716-7ea06856cb2f,5.780,420.576
deep-researcher-1785987716-75724835cde8,5.794,90.114
wide-researcher-1785987716-683eddbdd5b4,5.804,66.341
reviewer-1785987716-181d1edffd02,5.814,531.194
data-analyst-1785987716-21878248c2c8,5.841,299.431
deep-researcher-1785987716-bd96f2ccd500,5.851,474.549
wide-researcher-1785987716-5078313e8fa6,5.860,119.754
reviewer-1785987717-a00540ab1896,5.870,566.787
data-analyst-1785987717-47253d99d7bb,5.894,409.946
deep-researcher-1785987717-dddcc8a608c3,5.903,64.308
wide-researcher-1785987717-b3f77aab4a5e,5.912,38.686
reviewer-1785987717-5c9f8771a618,5.921,272.376
data-analyst-1785987717-502293d1da7d,5.944,542.746
deep-researcher-1785987717-30e842aff33a,5.954,527.057
wide-researcher-1785987717-36e0ef16041c,5.963,65.727
reviewer-1785987717-29e8fa92becf,5.968,299.779
data-analyst-1785987717-8c94ac1378ac,5.996,421.284
deep-researcher-1785987717-a85230de955f,6.005,137.589
wide-researcher-1785987717-3f63574295c8,6.014,450.527
reviewer-1785987717-388c8ec6564a,6.024,353.146
data-analyst-1785987717-f41c0171990c,6.050,399.629
deep-researcher-1785987717-2527022804c8,6.060,104.698
wide-researcher-1785987717-7733618f1078,6.069,412.677
reviewer-1785987717-0f6243e53262,6.079,305.071
data-analyst-1785987717-bce776312175,6.104,407.263
deep-researcher-1785987717-2d784f7ba98f,6.113,76.571
wide-researcher-1785987717-5d2d3a78c4d7,6.123,119.029
reviewer-1785987717-d3741569deca,6.133,457.055
data-analyst-1785987717-1888091211c9,6.160,302.250
deep-researcher-1785987717-2c4f7203ad3b,6.169,36.435
wide-researcher-1785987717-7489691f51c9,6.179,78.046
reviewer-1785987717-f5116eff5aee,6.189,290.661
data-analyst-1785987717-1326d15b58b4,6.214,292.220
deep-researcher-1785987717-f2390169ece4,6.224,193.251
wide-researcher-1785987717-c5f36ef801e4,6.234,203.406
reviewer-1785987717-c1f71661dd2c,6.244,290.389
data-analyst-1785987717-2d7c3e76ad7a,6.268,292.596
deep-researcher-1785987717-d42e6bc97dc4,6.277,424.986
wide-researcher-1785987717-c3d418d5b73a,6.285,123.429
reviewer-1785987717-d7389f52fe4d,6.294,192.407
data-analyst-1785987717-d2b7f59a3b2a,6.313,308.815
deep-researcher-1785987717-2bc5dbd09bee,6.321,116.537
wide-researcher-1785987717-85b7a27a1933,6.329,121.160
reviewer-1785987717-3793d03484d0,6.337,298.597
data-analyst-1785987717-a3a70bec7ab4,6.354,242.394
deep-researcher-1785987717-d5006bdb4bd2,6.362,46.642
wide-researcher-1785987717-c4894ca2d1d0,6.370,302.620
reviewer-1785987717-1fde3e9c9fa4,6.378,404.128
data-analyst-1785987717-61498958df5d,6.401,176.079
deep-researcher-1785987717-018b0aec1e1d,6.411,36.179
wide-researcher-1785987717-7a6e0229ae5e,6.420,198.668
reviewer-1785987717-98dc260e4c43,6.429,477.937
data-analyst-1785987717-6789cfd200bc,6.452,259.425
deep-researcher-1785987717-eb6d946ffc3c,6.461,116.903
wide-researcher-1785987717-285830cb39b9,6.470,120.625
reviewer-1785987717-2685a80b9b4f,6.478,201.325
data-analyst-1785987717-0795b56a08c8,6.499,403.196
deep-researcher-1785987717-fbf51ed5ee04,6.507,79.452
wide-researcher-1785987717-e1652c918a56,6.517,39.476
reviewer-1785987717-bb844b312db2,6.527,290.121
data-analyst-1785987717-6f79f2f9781c,6.549,328.661
deep-researcher-1785987717-eb821f6c80b5,6.561,406.390
wide-researcher-1785987717-91b6b7610600,6.569,526.787
reviewer-1785987717-a660db715565,6.578,247.426
data-analyst-1785987717-40906d90480a,6.603,294.223
deep-researcher-1785987717-d1d9626b9161,6.611,470.603
wide-researcher-1785987717-3d95c1ca0a22,6.625,71.645
reviewer-1785987717-c3620cce8c8c,6.635,308.863
data-analyst-1785987717-9d463f101a34,6.660,297.510
deep-researcher-1785987717-c1bcb01902bb,6.670,299.730
wide-researcher-1785987717-23bb6e5b1ab4,6.680,290.182
reviewer-1785987717-8a80ad1795f4,6.690,427.942
data-analyst-1785987717-b07fa25d0e68,6.715,422.026
deep-researcher-1785987717-4f59d5fdeef8,6.724,54.468
wide-researcher-1785987717-e22882e3575b,6.733,64.289
reviewer-1785987717-18e7c3db6d31,6.743,445.966
data-analyst-1785987717-15eb3bfc567c,6.769,537.307
deep-researcher-1785987717-30cec833e8d4,6.778,518.872
wide-researcher-1785987717-479a7df27a7f,6.788,116.998
reviewer-1785987717-9ad0dd06021d,6.798,307.040
data-analyst-1785987717-c30a92ea3e13,6.823,417.053
deep-researcher-1785987717-20069dfe2e72,6.832,39.079
wide-researcher-1785987717-4e721819d233,6.841,36.669
reviewer-1785987717-786377702e45,6.850,304.349
data-analyst-1785987717-cfc8a7826162,6.876,302.370
deep-researcher-1785987718-09bff9516b5c,6.885,119.160
wide-researcher-1785987718-271ae07257b3,6.894,536.626
reviewer-1785987718-c9c6c0bc32fb,6.904,513.168
data-analyst-1785987718-e00a39c8ab3c,6.930,291.422
deep-researcher-1785987718-e2672a0cd521,6.940,562.599
wide-researcher-1785987718-b3e7f2563cbc,6.950,425.262
reviewer-1785987718-0bfcde613d4b,6.961,390.704
data-analyst-1785987718-2a8aca42ec48,6.986,224.971
deep-researcher-1785987718-07e3fd32a54c,6.996,135.291
wide-researcher-1785987718-c9838970726e,7.005,64.397
reviewer-1785987718-695e4221d7f8,7.014,200.370
data-analyst-1785987718-724bb164da47,7.032,293.476
deep-researcher-1785987718-98a85fbee456,7.041,516.836
wide-researcher-1785987718-18b834fe06d5,7.050,194.634
reviewer-1785987718-a91e8b5be84a,7.059,539.221
data-analyst-1785987718-322b83888ba2,7.083,404.963
deep-researcher-1785987718-f389b38b3593,7.092,77.495
wide-researcher-1785987718-bd1f95e37de1,7.101,346.988
reviewer-1785987718-5260055d3b4f,7.110,434.998
data-analyst-1785987718-76a7c986f8d4,7.134,301.342
deep-researcher-1785987718-ad30303ab8bd,7.143,59.800
wide-researcher-1785987718-7cb4b55e6ac3,7.153,96.200
reviewer-1785987718-5cc770fe736e,7.163,456.978
data-analyst-1785987718-1012d63622b2,7.187,405.417
deep-researcher-1785987718-2cc9eca700bf,7.197,518.614
wide-researcher-1785987718-263e69031036,7.207,38.037
reviewer-1785987718-5f9a4f5c457b,7.221,400.823
data-analyst-1785987718-3666d0d75f60,7.246,453.809
deep-researcher-1785987718-547fb5d17318,7.255,182.098
wide-researcher-1785987718-ac608e7bab14,7.265,41.777
reviewer-1785987718-20065c6c939f,7.275,300.407
data-analyst-1785987718-c9be41744585,7.302,408.788
deep-researcher-1785987718-134fb27d241d,7.312,248.230
wide-researcher-1785987718-48fbcc96d4ce,7.321,200.629
reviewer-1785987718-079c8452b675,7.330,290.137
data-analyst-1785987718-9b95ef87ff52,7.350,314.017
deep-researcher-1785987718-e8d74560f114,7.359,529.148
wide-researcher-1785987718-ba9de04e50f8,7.368,353.016
reviewer-1785987718-a4a6b2b2ba4b,7.376,261.560
data-analyst-1785987718-4060c773ec08,7.394,292.329
deep-researcher-1785987718-2f1a0f204c7a,7.403,128.285
wide-researcher-1785987718-852fe62fd767,7.413,399.954
reviewer-1785987718-b93637237a80,7.422,301.932
data-analyst-1785987718-fcdc29c42960,7.442,336.352
deep-researcher-1785987718-9922caa6505a,7.452,115.621
wide-researcher-1785987718-a67a9670a193,7.462,118.636
reviewer-1785987718-6e27970b9dc1,7.469,237.424
data-analyst-1785987718-b334bd56e249,7.498,246.380
deep-researcher-1785987718-4105c89e197f,7.508,220.884
wide-researcher-1785987718-fa6740cd9040,7.518,65.105
reviewer-1785987718-5b694c286151,7.528,551.665
data-analyst-1785987718-6c2c3ce64571,7.553,358.752
deep-researcher-1785987718-fbcfab4cb194,7.562,67.195
wide-researcher-1785987718-4722fc90e677,7.572,200.163
reviewer-1785987718-5ec4b3f9460d,7.582,416.995
data-analyst-1785987718-735944965f01,7.606,517.766
deep-researcher-1785987718-4467f387f5fd,7.616,64.166
wide-researcher-1785987718-27ee5bbd4e25,7.626,193.869
reviewer-1785987718-f34307746e41,7.636,197.234
data-analyst-1785987718-2ec010d1079e,7.659,118.815
deep-researcher-1785987718-606c686a4d44,7.668,85.892
wide-researcher-1785987718-c21af436cbfb,7.678,120.200
reviewer-1785987718-4f60f6a68e8b,7.693,311.531
data-analyst-1785987718-e04e0495af51,7.718,409.180
deep-researcher-1785987718-85d38cea91df,7.727,401.879
wide-researcher-1785987718-dc8e40665465,7.737,120.185
reviewer-1785987718-278f54bcf7b0,7.747,140.096
data-analyst-1785987718-4a1762bef9ab,7.774,302.058
deep-researcher-1785987718-2708d9626dc2,7.784,404.286
wide-researcher-1785987718-8d6618983336,7.794,79.999
reviewer-1785987718-01d11cdc2cfd,7.804,300.902
data-analyst-1785987718-0ec160703d6e,7.830,303.600
deep-researcher-1785987718-c7a1ad443de5,7.839,120.384
wide-researcher-1785987718-84d2bdcd3d53,7.850,64.462
reviewer-1785987718-9e3ca23074ed,7.859,526.573
data-analyst-1785987719-f54564aa042b,7.885,408.803
deep-researcher-1785987719-2234e7dbff43,7.897,117.444
wide-researcher-1785987719-7f5d49d7efb5,7.907,116.856
reviewer-1785987719-39f3d7bb91ac,7.916,624.234
data-analyst-1785987719-c491d554ef35,7.937,259.711
deep-researcher-1785987719-674c82afcb9d,7.946,221.731
wide-researcher-1785987719-401292e7f022,7.955,199.081
reviewer-1785987719-4330183cfa29,7.965,201.407
data-analyst-1785987719-3d66c1fb5518,7.988,393.298
deep-researcher-1785987719-31ecc9ee8d24,8.002,99.098
wide-researcher-1785987719-5edba1e08eba,8.011,66.097
reviewer-1785987719-1d412059caad,8.021,295.616
data-analyst-1785987719-a1ff1d16be8e,8.046,117.499
deep-researcher-1785987719-4ef4b539d065,8.060,74.593
wide-researcher-1785987719-ae5894f9ab89,8.070,118.520
reviewer-1785987719-1b760dd0d6d9,8.081,523.614
data-analyst-1785987719-8e94cefb6a58,8.105,655.366
deep-researcher-1785987719-bb1295d18821,8.114,70.289
wide-researcher-1785987719-afda373d29a0,8.124,330.754
reviewer-1785987719-5ee3f07226df,8.134,644.428
data-analyst-1785987719-6a861a9eeaee,8.161,330.827
deep-researcher-1785987719-6c210836956b,8.171,68.955
wide-researcher-1785987719-19a27592855a,8.185,119.011
reviewer-1785987719-aeafe3345f8e,8.194,301.773
data-analyst-1785987719-5e2a8cc638a6,8.220,297.493
deep-researcher-1785987719-6d5fc4c1204b,8.230,46.190
wide-researcher-1785987719-f4d2759eda64,8.240,191.897
reviewer-1785987719-30f845d1c198,8.251,306.339
data-analyst-1785987719-f9b2eae768ca,8.277,201.579
deep-researcher-1785987719-127cb8daf1eb,8.286,534.156
wide-researcher-1785987719-7c4edc6878e9,8.296,142.008
reviewer-1785987719-7e0a3988ef6c,8.306,320.890
data-analyst-1785987719-f448572d69a0,8.330,300.231
deep-researcher-1785987719-0f12263f6778,8.340,51.101
wide-researcher-1785987719-a83871113b7f,8.350,403.642
reviewer-1785987719-d181824d7bc9,8.364,485.505
data-analyst-1785987719-eee09f4b36a1,8.390,294.192
deep-researcher-1785987719-7b3af749dda5,8.399,39.007
wide-researcher-1785987719-cb8c2494cb90,8.408,66.117
reviewer-1785987719-9f46ef9859e9,8.417,202.354
data-analyst-1785987719-78524d357ce7,8.435,301.551
deep-researcher-1785987719-68b235dc18f4,8.444,146.218
wide-researcher-1785987719-1bf55544447e,8.453,197.265
reviewer-1785987719-a62aa3de8a6b,8.462,640.239
data-analyst-1785987719-cf06126a15b1,8.479,198.795
deep-researcher-1785987719-8a75b6c09afa,8.492,89.716
wide-researcher-1785987719-fdf248a8d366,8.500,304.915
reviewer-1785987719-cfcf0664a170,8.508,242.439
data-analyst-1785987719-d534317ca51d,8.534,304.303
deep-researcher-1785987719-84a0d6ed6fb0,8.546,198.809
wide-researcher-1785987719-8a992833fd13,8.555,299.980
reviewer-1785987719-83f124fd39ac,8.564,303.894
data-analyst-1785987719-c40d04d9393b,8.584,308.831
deep-researcher-1785987719-7ebc2a88da4d,8.598,245.536
wide-researcher-1785987719-96f27aa55dc2,8.607,92.687
reviewer-1785987719-71d2677ed092,8.616,307.698
data-analyst-1785987719-2cccaf0e5866,8.636,305.538
deep-researcher-1785987719-be5e3ac483f4,8.645,120.337
wide-researcher-1785987719-137357f7f6fd,8.655,67.066
reviewer-1785987719-93fe3b372b56,8.669,412.940
data-analyst-1785987719-e04fb514b17a,8.695,407.953
deep-researcher-1785987719-e07d68ef7022,8.711,154.001
wide-researcher-1785987719-1f86fa1831fb,8.721,64.343
reviewer-1785987719-e54e30867c08,8.731,194.155
data-analyst-1785987719-5f3527498211,8.756,406.530
deep-researcher-1785987719-4b8e1be6fa1f,8.766,67.267
wide-researcher-1785987719-927303c7e882,8.775,119.416
reviewer-1785987719-f55cff60b87d,8.785,323.513
data-analyst-1785987719-fbdb0de435d7,8.810,126.113
deep-researcher-1785987719-292e238c2f21,8.819,126.981
wide-researcher-1785987719-628db20f2f70,8.829,196.820
reviewer-1785987719-f5f627bc2a59,8.839,489.669
data-analyst-1785987719-75b11704adb5,8.865,290.759
deep-researcher-1785987719-3945d8e076cb,8.875,400.337
wide-researcher-1785987720-6f835dab8338,8.885,403.911
reviewer-1785987720-e7c2cb7c8d35,8.894,144.314
data-analyst-1785987720-291f7ae5f321,8.919,415.417
deep-researcher-1785987720-17bfa95488dd,8.928,166.127
wide-researcher-1785987720-0d9a1051747e,8.937,418.189
reviewer-1785987720-dff727c901c1,8.948,349.138
data-analyst-1785987720-c8357ba8af50,8.973,409.165
deep-researcher-1785987720-9eb1869728db,8.983,117.976
wide-researcher-1785987720-ad417f321b63,8.993,117.569
reviewer-1785987720-a319e58b3f3d,9.003,402.068
data-analyst-1785987720-18b4336befd5,9.030,418.732
deep-researcher-1785987720-b99e75310f0e,9.040,38.259
wide-researcher-1785987720-34020b588e20,9.050,120.215
reviewer-1785987720-8ba0f9dc113e,9.060,540.777
data-analyst-1785987720-3a621d081f5d,9.086,525.422
deep-researcher-1785987720-133472d266d0,9.095,400.570
wide-researcher-1785987720-a8dc9e3e13cf,9.105,105.854
reviewer-1785987720-9504bd3ca3b0,9.115,370.097
data-analyst-1785987720-6bfb67e0280c,9.138,150.480
deep-researcher-1785987720-08f42c6359bf,9.147,527.196
wide-researcher-1785987720-dfb22d332ae2,9.156,90.531
reviewer-1785987720-95500929d307,9.165,204.108
data-analyst-1785987720-932d7097628e,9.188,406.420
deep-researcher-1785987720-9e5c990569b0,9.197,61.887
wide-researcher-1785987720-eaac9657cfd9,9.206,297.563
reviewer-1785987720-c1874085fb8d,9.215,419.398
data-analyst-1785987720-bb9068bdd489,9.238,351.501
deep-researcher-1785987720-060ff379ee81,9.248,121.428
wide-researcher-1785987720-ce360628f877,9.257,299.575
reviewer-1785987720-806e832216c4,9.271,305.522
data-analyst-1785987720-df3b50a91b09,9.295,470.206
deep-researcher-1785987720-3cab95ebb732,9.303,102.658
wide-researcher-1785987720-da64713a1dcf,9.313,80.504
reviewer-1785987720-91f67f3f822f,9.323,228.227
data-analyst-1785987720-ce9211a05402,9.347,290.507
deep-researcher-1785987720-639e49405ba2,9.357,513.816
wide-researcher-1785987720-f3d362f97197,9.367,154.558
reviewer-1785987720-0bfe5616964b,9.376,341.300
data-analyst-1785987720-9c2943819618,9.401,197.313
deep-researcher-1785987720-974f48e6093b,9.411,203.357
wide-researcher-1785987720-6b2389d8d247,9.420,120.789
reviewer-1785987720-2013f53440a8,9.430,528.684
data-analyst-1785987720-c06f014fbb19,9.454,412.030
deep-researcher-1785987720-17da0c5482a5,9.467,105.607
wide-researcher-1785987720-a47a9d3e3c42,9.476,141.991
reviewer-1785987720-b793543f28a9,9.485,400.618
data-analyst-1785987720-71db01925e7e,9.504,451.064
deep-researcher-1785987720-52cd7f3386f9,9.513,416.381
wide-researcher-1785987720-b63ea5dd9375,9.521,222.582
reviewer-1785987720-a5c0ea405d82,9.534,420.135
data-analyst-1785987720-5687f3aba6ba,9.559,202.595
deep-researcher-1785987720-082474ba50f2,9.573,199.068
wide-researcher-1785987720-87443414ca91,9.582,422.908
reviewer-1785987720-cdffcd68aee1,9.592,322.656
data-analyst-1785987720-324c9ec94d8e,9.617,292.844
deep-researcher-1785987720-fc76474573f2,9.626,421.784
wide-researcher-1785987720-e5e60854e635,9.635,402.590
reviewer-1785987720-555d241172ed,9.645,216.751
data-analyst-1785987720-55503f8a0e5e,9.669,521.357
deep-researcher-1785987720-225ffd125a6a,9.679,144.392
wide-researcher-1785987720-16bb42c670ed,9.689,77.610
reviewer-1785987720-25621d462034,9.698,526.893
data-analyst-1785987720-eed05367679c,9.726,305.573
deep-researcher-1785987720-5a22f1f01b13,9.734,520.267
wide-researcher-1785987720-38f3fbc3e168,9.743,66.391
reviewer-1785987720-490fb713ca19,9.753,308.883
data-analyst-1785987720-bf7f1cd580d3,9.778,419.133
deep-researcher-1785987720-8ae125105470,9.792,74.396
wide-researcher-1785987720-dbb6402f322d,9.802,118.849
reviewer-1785987720-192c94ec1a03,9.811,307.523
data-analyst-1785987720-1cf2f275cb5d,9.835,400.322
deep-researcher-1785987720-69b8707252db,9.844,294.627
wide-researcher-1785987720-085b2186cb65,9.857,64.181
reviewer-1785987720-53ff15cb2ba3,9.867,197.138
data-analyst-1785987721-31914c41dfed,9.895,388.997
deep-researcher-1785987721-5cb7350cf5cb,9.904,77.129
wide-researcher-1785987721-8a2f341b1131,9.912,49.475
reviewer-1785987721-a9e8ecf33c40,9.925,378.873
data-analyst-1785987721-959bd260f7b8,9.951,520.386
deep-researcher-1785987721-04bcd33d3a10,9.963,77.461
wide-researcher-1785987721-02ffeae657f1,9.971,122.753
reviewer-1785987721-5093223c90bd,9.981,357.268
data-analyst-1785987721-3c4110781a4e,10.004,402.953
deep-researcher-1785987721-68aa1424e64d,10.018,54.423
wide-researcher-1785987721-9eab660fe79a,10.027,67.778
reviewer-1785987721-581c1acfb3eb,10.036,265.541
data-analyst-1785987721-cd7013684359,10.067,235.533
deep-researcher-1785987721-fbd2636c2fc9,10.081,64.269
wide-researcher-1785987721-aff3fd55834f,10.090,84.186
reviewer-1785987721-f5043370de96,10.099,291.393
data-analyst-1785987721-ef6264ed3b7a,10.128,332.774
deep-researcher-1785987721-ce3950f58b92,10.136,42.371
wide-researcher-1785987721-f7fe15128b6e,10.146,47.493
reviewer-1785987721-1b4b36d68872,10.155,413.687
data-analyst-1785987721-801d59497c13,10.180,290.426
deep-researcher-1785987721-16ee54a2532e,10.190,200.851
wide-researcher-1785987721-288dfc0a1c66,10.200,248.490
reviewer-1785987721-14b108c87ee1,10.209,191.751
data-analyst-1785987721-4db7dd35e641,10.234,202.560
deep-researcher-1785987721-914402ab658b,10.242,83.676
wide-researcher-1785987721-ff16ee190e38,10.250,300.010
reviewer-1785987721-716aeaa0419a,10.258,404.024
data-analyst-1785987721-9a8c75752b97,10.287,328.756
deep-researcher-1785987721-8565e53796d6,10.296,66.945
wide-researcher-1785987721-df3899db09fe,10.307,293.918
reviewer-1785987721-51a8108c1e53,10.317,525.862
data-analyst-1785987721-2aff013a859d,10.343,335.628
deep-researcher-1785987721-c2aa8af2c225,10.352,70.340
wide-researcher-1785987721-f0e54ea3eec5,10.361,121.253
reviewer-1785987721-bb2033fd9cc7,10.370,539.177
data-analyst-1785987721-3ec7eb627836,10.394,303.616
deep-researcher-1785987721-45995fd7696d,10.403,205.159
wide-researcher-1785987721-027c98d4b3ee,10.412,121.320
reviewer-1785987721-fc05f0310b72,10.422,307.551
data-analyst-1785987721-6b78f331ee57,10.446,305.929
deep-researcher-1785987721-e5d90cf3959a,10.455,315.480
wide-researcher-1785987721-74c27dc19adc,10.465,48.027
reviewer-1785987721-e58eb477ae6e,10.476,300.568
data-analyst-1785987721-2a821489658e,10.503,201.925
deep-researcher-1785987721-2fd7251cff1d,10.511,119.305
wide-researcher-1785987721-f7bd0512fff2,10.520,85.633
reviewer-1785987721-a3601270347e,10.529,319.848
data-analyst-1785987721-84b83f450f7a,10.550,122.126
deep-researcher-1785987721-27199f57dbb0,10.559,648.261
wide-researcher-1785987721-ed84e5746d56,10.567,121.176
reviewer-1785987721-bbb86a9e660b,10.575,302.307
data-analyst-1785987721-ff79cc2a413c,10.593,624.506
deep-researcher-1785987721-7084668205b3,10.601,122.046
wide-researcher-1785987721-6158391f6472,10.615,298.995
reviewer-1785987721-ce18a9d5a84c,10.624,293.492
data-analyst-1785987721-609e11be388a,10.645,198.578
deep-researcher-1785987721-dd0b84bbd1f8,10.654,65.258
wide-researcher-1785987721-1f0e738f5dc4,10.663,121.410
reviewer-1785987721-1ccef325eb1a,10.672,257.451
data-analyst-1785987721-2aa7ef4e3c76,10.696,296.152
deep-researcher-1785987721-f20d74025e8c,10.705,568.595
wide-researcher-1785987721-dec369eff5d9,10.715,117.271
reviewer-1785987721-5f3d31c5241a,10.730,430.644
data-analyst-1785987721-4ac244d6b66b,10.754,349.457
deep-researcher-1785987721-7eda4f0bbc72,10.763,415.278
wide-researcher-1785987721-f8b6c7fad7e1,10.772,64.992
reviewer-1785987721-ce655f2b6132,10.782,293.150
data-analyst-1785987721-ea2e87163384,10.809,579.144
deep-researcher-1785987721-0a9078eec157,10.818,132.317
wide-researcher-1785987721-49a5ecb14b6a,10.827,65.839
reviewer-1785987721-04e21c54717e,10.836,542.964
data-analyst-1785987721-eaca54253ad8,10.862,198.900
deep-researcher-1785987721-7325d2af988f,10.871,83.980
wide-researcher-1785987722-975ebac10d38,10.881,343.568
reviewer-1785987722-6582e7514b62,10.890,542.302
data-analyst-1785987722-bef644e0ca82,10.914,235.932
deep-researcher-1785987722-2e60237b7a59,10.922,193.564
wide-researcher-1785987722-f055dbfe7ee6,10.931,121.835
reviewer-1785987722-594c3963e4c4,10.940,416.618
data-analyst-1785987722-bfadcdeed4d5,10.960,307.391
deep-researcher-1785987722-df337c6d14a5,10.968,69.552
wide-researcher-1785987722-c8a865bb13f2,10.976,69.648
reviewer-1785987722-807ba0004248,10.988,300.485
data-analyst-1785987722-df94c3ce74f7,11.009,379.385
deep-researcher-1785987722-6a8fff8cca06,11.017,94.187
wide-researcher-1785987722-015c34340cd8,11.029,421.832
reviewer-1785987722-2ff3cb890aac,11.037,199.499
data-analyst-1785987722-95bf1f3ab57a,11.059,405.265
deep-researcher-1785987722-ac860ebcb438,11.068,118.916
wide-researcher-1785987722-9097bfd59235,11.083,45.763
reviewer-1785987722-414f4f176a6d,11.092,294.132
data-analyst-1785987722-a914c995c985,11.116,201.564
deep-researcher-1785987722-f278e88f67d6,11.129,65.292
wide-researcher-1785987722-8890688b3b91,11.138,125.964
reviewer-1785987722-a9451b3335fb,11.153,410.134
data-analyst-1785987722-befaccb2ce7a,11.176,293.617
deep-researcher-1785987722-1c5a87fe7efb,11.185,47.667
wide-researcher-1785987722-c0e0b9f94e6b,11.194,197.906
reviewer-1785987722-47161730500a,11.208,383.218
data-analyst-1785987722-35e4721f5cf7,11.231,528.780
deep-researcher-1785987722-d8b8a535ed0f,11.240,535.584
wide-researcher-1785987722-1425a945ba7c,11.251,95.393
reviewer-1785987722-3192d42e7bd1,11.260,308.651
data-analyst-1785987722-02ac39711978,11.287,401.399
deep-researcher-1785987722-5fed25a2fad0,11.301,193.107
wide-researcher-1785987722-c666f63ce6d4,11.311,57.577
reviewer-1785987722-2837ab55b747,11.320,305.009
data-analyst-1785987722-046dd25456a3,11.344,522.106
deep-researcher-1785987722-4fe2e6b4c57e,11.352,119.453
wide-researcher-1785987722-7983284b93a0,11.360,477.411
reviewer-1785987722-0abfb0eadc29,11.369,202.721
data-analyst-1785987722-0c1f0c3868c2,11.390,409.833
deep-researcher-1785987722-d75a6161d4f9,11.398,198.931
wide-researcher-1785987722-093abeb195c8,11.407,101.474
reviewer-1785987722-8d7973e9c130,11.421,234.063
data-analyst-1785987722-c10a6e576fb9,11.441,299.247
deep-researcher-1785987722-a7cd636653cb,11.450,192.700
wide-researcher-1785987722-abf5d6f6a113,11.459,87.731
reviewer-1785987722-9746835b90a1,11.469,386.894
data-analyst-1785987722-2e8e1f4b3b8f,11.496,524.739
deep-researcher-1785987722-0bd5a890de8e,11.510,121.662
wide-researcher-1785987722-c2b71722549c,11.519,96.658
reviewer-1785987722-c4126e15036d,11.529,558.414
data-analyst-1785987722-20752597477e,11.549,532.421
deep-researcher-1785987722-386ee0167e96,11.559,517.518
wide-researcher-1785987722-08e0040a4089,11.569,122.206
reviewer-1785987722-3869c4919792,11.583,202.889
data-analyst-1785987722-57397984de75,11.603,207.082
deep-researcher-1785987722-e137fe2ca377,11.616,125.748
wide-researcher-1785987722-035c7458d0dc,11.625,414.136
reviewer-1785987722-581693ac3d90,11.635,410.321
data-analyst-1785987722-8ba7c5138725,11.655,534.660
deep-researcher-1785987722-e6e3eaf31fe0,11.665,106.451
wide-researcher-1785987722-bfacd83f0896,11.679,177.834
reviewer-1785987722-bd38ffd3cf43,11.689,484.126
data-analyst-1785987722-2711af9193b2,11.714,412.486
deep-researcher-1785987722-fa8becdebfb9,11.724,195.399
wide-researcher-1785987722-2c2cc7698fb1,11.739,117.064
reviewer-1785987722-39d9e0c95b2d,11.753,453.381
data-analyst-1785987722-61db815f96af,11.777,424.293
deep-researcher-1785987722-6eb42a3dbdcf,11.787,197.511
wide-researcher-1785987722-2e6670266fa1,11.802,117.660
reviewer-1785987722-467e42b519d9,11.812,535.912
data-analyst-1785987722-cb5ee568e3d3,11.833,298.581
deep-researcher-1785987722-de26dce8cbd9,11.847,70.177
wide-researcher-1785987722-b1566e9b7151,11.861,525.964
reviewer-1785987723-0e9fbfe5ad4f,11.870,516.626
data-analyst-1785987723-19cd279df436,11.895,402.791
deep-researcher-1785987723-884e42b78af3,11.905,71.169
wide-researcher-1785987723-046a8e1ea56c,11.920,145.855
reviewer-1785987723-8c779afe3126,11.933,298.818
data-analyst-1785987723-ae12098f9db5,11.957,293.684
deep-researcher-1785987723-d38cdda83b06,11.966,85.213
wide-researcher-1785987723-c1ea9cef2d2a,11.976,138.115
reviewer-1785987723-94c3d7f362df,11.986,420.767
data-analyst-1785987723-348fbd9158d3,12.011,415.508
deep-researcher-1785987723-8d2c0865f256,12.021,161.321
wide-researcher-1785987723-ed15850850fa,12.034,161.161
reviewer-1785987723-82f15ac23401,12.044,531.091
data-analyst-1785987723-70b686e1e6a8,12.072,303.117
deep-researcher-1785987723-f7d10b2f3f5f,12.087,64.146
wide-researcher-1785987723-eb38aaec5fac,12.099,488.213
reviewer-1785987723-ebd9ef64dbf7,12.109,318.878
data-analyst-1785987723-631b21774c11,12.139,199.795
deep-researcher-1785987723-c4d221633765,12.149,72.809
wide-researcher-1785987723-d46281185017,12.167,68.336
reviewer-1785987723-d6c2ea82c760,12.177,291.300
data-analyst-1785987723-d74c283ddd01,12.204,402.440
deep-researcher-1785987723-d0f55a853c9f,12.212,302.551
wide-researcher-1785987723-b3681eda9da1,12.225,72.880
reviewer-1785987723-ed389fa38243,12.237,420.687
data-analyst-1785987723-8c2fdd87207b,12.261,407.377
deep-researcher-1785987723-263ab7582509,12.274,120.532
wide-researcher-1785987723-38e3ef1d7f3e,12.283,82.660
reviewer-1785987723-e268ce020e8b,12.293,356.154
data-analyst-1785987723-8b43d54d23e9,12.316,450.895
deep-researcher-1785987723-53e03a3b7968,12.324,149.600
wide-researcher-1785987723-387d61d6f364,12.332,62.309
reviewer-1785987723-1418d72bc43d,12.340,489.652
data-analyst-1785987723-90ea7e317be8,12.363,293.132
deep-researcher-1785987723-d93beed4a491,12.376,324.424
wide-researcher-1785987723-4818485c92c3,12.388,118.782
reviewer-1785987723-98e4caa537ad,12.397,197.956
data-analyst-1785987723-79261cb046a1,12.420,294.866
deep-researcher-1785987723-43b0dd68cf10,12.433,66.405
wide-researcher-1785987723-4436f044871d,12.442,93.147
reviewer-1785987723-3f959ab0a75b,12.452,320.246
data-analyst-1785987723-c4b92c8a3742,12.477,296.587
deep-researcher-1785987723-a3f1a4d0b343,12.493,46.298
wide-researcher-1785987723-d21dc9c6f82c,12.502,119.726
reviewer-1785987723-fbbe6a2c304d,12.514,421.468
data-analyst-1785987723-b12e572b6621,12.535,334.544
deep-researcher-1785987723-0cf405c9a67a,12.544,480.388
wide-researcher-1785987723-d53181c057fd,12.552,121.926
reviewer-1785987723-92094dbc6c0e,12.560,408.466
data-analyst-1785987723-eaeebacd8ab1,12.583,416.708
deep-researcher-1785987723-3fae60870861,12.596,626.591
wide-researcher-1785987723-0ee8c3cf4128,12.605,74.148
reviewer-1785987723-f0c640198bd0,12.613,416.516
data-analyst-1785987723-5a08b7c677ea,12.639,481.468
deep-researcher-1785987723-582af2b005e4,12.648,73.470
wide-researcher-1785987723-634d94f895d4,12.660,119.805
reviewer-1785987723-c31f188d97c0,12.668,338.758
data-analyst-1785987723-c5e8f01c5e25,12.689,295.421
deep-researcher-1785987723-6c1c3e5d8757,12.697,158.058
wide-researcher-1785987723-56b25b447627,12.714,257.465
reviewer-1785987723-8b780a7953cc,12.723,411.847
data-analyst-1785987723-00bfb8292c03,12.753,307.009
deep-researcher-1785987723-9ac2872d4d9d,12.766,65.274
wide-researcher-1785987723-33dae182ee3e,12.776,374.347
reviewer-1785987723-ed1f1e7daf37,12.785,543.611
data-analyst-1785987723-f96d140630fb,12.809,414.747
deep-researcher-1785987723-7470608fc7e2,12.822,88.009
wide-researcher-1785987723-18bdb2c9518f,12.832,122.157
reviewer-1785987723-58ec2040232d,12.841,202.381
data-analyst-1785987723-fbc3778a910f,12.865,570.648
deep-researcher-1785987723-21952da6c874,12.883,196.352
wide-researcher-1785987724-1a15f4f296a8,12.896,192.667
reviewer-1785987724-b143318b5e91,12.910,400.990
data-analyst-1785987724-8a0c1083590c,12.935,292.646
deep-researcher-1785987724-31ca98c7c94c,12.944,130.932
wide-researcher-1785987724-ba0ac47a475f,12.953,74.522
reviewer-1785987724-c0667fdc56ee,12.963,320.432
data-analyst-1785987724-58e6cf128ddc,12.988,424.115
deep-researcher-1785987724-9f09c59cb76f,12.996,541.234
wide-researcher-1785987724-54caac200a59,13.006,192.906
reviewer-1785987724-9ceecf77bcd9,13.021,402.218
data-analyst-1785987724-b62ed492748c,13.045,306.289
deep-researcher-1785987724-d918ff600ce0,13.055,650.758
wide-researcher-1785987724-9388cb3a4cf9,13.065,129.286
reviewer-1785987724-df05f8a1af0a,13.075,407.523
data-analyst-1785987724-c555be54386d,13.100,294.580
deep-researcher-1785987724-0750f5ed36a1,13.114,54.716
wide-researcher-1785987724-90595b130c4c,13.128,68.869
reviewer-1785987724-9913086544c1,13.138,403.058
data-analyst-1785987724-5a1828879c07,13.166,318.610
deep-researcher-1785987724-0a2a7ed41d81,13.176,70.008
wide-researcher-1785987724-d431935826fe,13.191,384.993
reviewer-1785987724-a7b45b608743,13.207,448.407
data-analyst-1785987724-cd59c86781d4,13.233,410.490
deep-researcher-1785987724-b46a2c75b9e6,13.248,118.438
wide-researcher-1785987724-154dc9d16391,13.262,335.814
reviewer-1785987724-82fb5e4ed38d,13.272,436.376
data-analyst-1785987724-4519ac7551f2,13.298,531.015
deep-researcher-1785987724-fb79dc9cad0b,13.311,130.863
wide-researcher-1785987724-484ad9399e43,13.325,303.454
reviewer-1785987724-7ed877f67f18,13.334,292.109
data-analyst-1785987724-e99cad745eaa,13.369,524.395
deep-researcher-1785987724-75bb98c8c8fc,13.379,120.772
wide-researcher-1785987724-f70e8449da4a,13.390,477.985
reviewer-1785987724-6353a9d6a5d1,13.399,418.749
data-analyst-1785987724-a416a6554005,13.422,556.223
deep-researcher-1785987724-749c29303abe,13.433,533.886
wide-researcher-1785987724-108301d862be,13.445,111.899
reviewer-1785987724-dc1724e48541,13.455,304.830
data-analyst-1785987724-bd8d1a2a7e4d,13.478,403.870
deep-researcher-1785987724-f76f2abf83da,13.492,539.314
wide-researcher-1785987724-0609e55700e9,13.506,118.657
reviewer-1785987724-626efc97e318,13.516,517.880
data-analyst-1785987724-4dfe33f7967c,13.539,306.104
deep-researcher-1785987724-1275d7f2e992,13.552,118.007
wide-researcher-1785987724-df9b207cf38f,13.566,162.951
reviewer-1785987724-b79a6939e5d4,13.576,292.941
data-analyst-1785987724-77084a0e6580,13.606,335.583
deep-researcher-1785987724-83a15857a44b,13.616,410.399
wide-researcher-1785987724-f69d6917b86e,13.630,192.941
reviewer-1785987724-70c3d30d09cb,13.641,411.926
data-analyst-1785987724-b55796707a61,13.671,200.471
deep-researcher-1785987724-3f490b51d152,13.681,176.425
wide-researcher-1785987724-8dddf66f9f80,13.690,421.373
reviewer-1785987724-cce363da46e7,13.699,451.548
data-analyst-1785987724-301c5165f2ee,13.722,289.993
deep-researcher-1785987724-7b24db413f52,13.739,531.655
wide-researcher-1785987724-399a9450c3b2,13.748,200.118
reviewer-1785987724-2734bb7c6749,13.763,340.268
data-analyst-1785987724-ea378d1cc418,13.785,490.201
deep-researcher-1785987724-40be8b9eaf6b,13.796,191.508
wide-researcher-1785987724-7af5d742eaf8,13.807,299.914
reviewer-1785987724-dfb4a31e7518,13.818,321.473
data-analyst-1785987724-b65d1c638e87,13.846,303.772
deep-researcher-1785987724-84e7036dc6bd,13.855,192.728
wide-researcher-1785987724-0da794beccfa,13.868,120.057
reviewer-1785987725-fbedfa0e7433,13.881,416.762
data-analyst-1785987725-2760f2bca695,13.902,425.275
deep-researcher-1785987725-e4feca95fd47,13.911,648.599
wide-researcher-1785987725-6b8baec04e0f,13.929,400.420
reviewer-1785987725-9b3476dfe806,13.941,165.266
data-analyst-1785987725-695ff28e4490,13.964,403.985
deep-researcher-1785987725-e0c3b668e5de,13.972,162.529
wide-researcher-1785987725-4f2f3040d286,13.980,405.434
reviewer-1785987725-351a5bf6d3e8,13.989,518.528
data-analyst-1785987725-feca4072a9f6,14.017,421.566
deep-researcher-1785987725-7921fef47869,14.029,64.710
wide-researcher-1785987725-18b77fac7bd9,14.047,502.181
reviewer-1785987725-ae28f6ad7310,14.057,310.637
data-analyst-1785987725-bc71ee15d303,14.081,554.167
deep-researcher-1785987725-706d19728e6c,14.099,130.195
wide-researcher-1785987725-99fd03e6700c,14.113,199.633
reviewer-1785987725-568c8ed5613e,14.128,518.934
data-analyst-1785987725-6d32535e4883,14.157,532.953
deep-researcher-1785987725-246407add23b,14.170,308.086
wide-researcher-1785987725-36ef00281443,14.180,65.821
reviewer-1785987725-e7a825cd3106,14.192,415.192
data-analyst-1785987725-7e0f4448e9da,14.217,299.951
deep-researcher-1785987725-cde8462acaa6,14.231,147.233
wide-researcher-1785987725-c2e009df9174,14.241,64.200
reviewer-1785987725-acc3fb9cb803,14.250,322.003
data-analyst-1785987725-5c227abc3da5,14.278,381.511
deep-researcher-1785987725-63f97e00284c,14.291,117.625
wide-researcher-1785987725-18e799923ffe,14.301,119.865
reviewer-1785987725-1dda97734935,14.310,415.904
data-analyst-1785987725-99e629b9e294,14.334,635.163
deep-researcher-1785987725-f120ead0fb4d,14.342,414.232
wide-researcher-1785987725-1e2672c96c4d,14.355,299.148
reviewer-1785987725-b4dcf7087628,14.364,541.713
data-analyst-1785987725-19db71d1fa08,14.388,407.486
deep-researcher-1785987725-4c988a5f706c,14.398,535.023
wide-researcher-1785987725-b350551dfb80,14.411,167.356
reviewer-1785987725-88155f3cdcdf,14.421,272.979
data-analyst-1785987725-29cd05cce759,14.448,405.247
deep-researcher-1785987725-2264c2e2ca19,14.457,528.301
wide-researcher-1785987725-7e194ab52875,14.466,299.742
reviewer-1785987725-826577b2917f,14.479,290.571
data-analyst-1785987725-2ae2ed823338,14.502,203.658
deep-researcher-1785987725-b78511d7392b,14.521,64.232
wide-researcher-1785987725-a0a247cde87d,14.535,430.490
reviewer-1785987725-deceb48d8218,14.545,424.534
data-analyst-1785987725-fdedf701c603,14.573,520.917
deep-researcher-1785987725-9a3e33004a51,14.582,119.108
wide-researcher-1785987725-b3c71b3b91b3,14.596,121.503
reviewer-1785987725-922017caf5d6,14.606,401.227
data-analyst-1785987725-2d9e1fb32d9e,14.630,193.534
deep-researcher-1785987725-3ff93b883ac7,14.644,527.583
wide-researcher-1785987725-471a9097fcd3,14.657,200.833
reviewer-1785987725-4392980348c3,14.671,305.637
data-analyst-1785987725-a4abf27292c3,14.693,400.476
deep-researcher-1785987725-5c07233c6ae8,14.703,549.085
wide-researcher-1785987725-3c2d70a6eb37,14.717,74.506
reviewer-1785987725-e72ab02e805a,14.725,430.574
data-analyst-1785987725-91f0d7369065,14.751,134.434
deep-researcher-1785987725-e56b44897c1e,14.765,520.801
wide-researcher-1785987725-9aa2b30e8da8,14.779,378.858
reviewer-1785987725-0c649132e068,14.791,296.519
data-analyst-1785987725-0dfb83663832,14.817,400.714
deep-researcher-1785987725-93cdbf2fd70e,14.825,147.580
wide-researcher-1785987725-001a21643b0c,14.834,192.013
reviewer-1785987725-d5903ffd3c66,14.846,410.414
data-analyst-1785987725-2763d8b10b85,14.877,434.309
deep-researcher-1785987726-686c5704aae5,14.889,173.455
wide-researcher-1785987726-0a2e4836e3c8,14.897,68.212
reviewer-1785987726-18acee3a915b,14.906,532.551
data-analyst-1785987726-5ca3dea4f157,14.927,410.972
deep-researcher-1785987726-f332c4bc5391,14.935,296.436
wide-researcher-1785987726-904e4d90d7c1,14.944,61.986
reviewer-1785987726-bccb43979d13,14.957,414.183
data-analyst-1785987726-e5b34694a8df,14.979,414.608
deep-researcher-1785987726-28605a642c85,14.987,529.413
wide-researcher-1785987726-c334b408bda5,14.999,299.403
reviewer-1785987726-9d134a4d22c8,15.020,199.241
data-analyst-1785987726-05d8c414d6da,15.040,234.873
deep-researcher-1785987726-39d354b2f933,15.052,194.730
wide-researcher-1785987726-aadd77cecef9,15.065,90.145
reviewer-1785987726-fef74742ea7c,15.074,420.717
data-analyst-1785987726-45be177d5898,15.101,297.130
deep-researcher-1785987726-6be25c3d0ab7,15.113,196.497
wide-researcher-1785987726-126775a0286f,15.123,351.690
reviewer-1785987726-c4196fbf449f,15.137,420.382
data-analyst-1785987726-6e9bcf62c629,15.161,388.853
deep-researcher-1785987726-6959054e2c70,15.178,191.704
wide-researcher-1785987726-181fa81aeea5,15.187,120.104
reviewer-1785987726-8c48fc79bd36,15.201,467.719
data-analyst-1785987726-01839761c9c2,15.223,198.158
deep-researcher-1785987726-4c1324a75c11,15.236,119.141
wide-researcher-1785987726-5a8a12ab868e,15.248,295.519
reviewer-1785987726-795b70f12565,15.257,225.036
data-analyst-1785987726-ec105ce98b18,15.284,299.134
deep-researcher-1785987726-f6a6507bc297,15.293,448.360
wide-researcher-1785987726-3cf72aa45731,15.311,121.302
reviewer-1785987726-fd0c2781c3af,15.325,556.161
data-analyst-1785987726-8687475a9cfc,15.353,297.707
deep-researcher-1785987726-6a4aca864a70,15.361,131.513
wide-researcher-1785987726-8c6d51ef0dcf,15.374,68.272
reviewer-1785987726-0d255cd1d868,15.389,310.651
data-analyst-1785987726-b6b0dc123512,15.410,300.626
deep-researcher-1785987726-e8d55010dbee,15.422,423.216
wide-researcher-1785987726-cab3e406cbff,15.434,180.750
reviewer-1785987726-f404277b6112,15.451,453.732
data-analyst-1785987726-488b3d4cf020,15.476,151.787
deep-researcher-1785987726-624417d8c4bd,15.484,118.070
wide-researcher-1785987726-78a5e33cd891,15.492,195.114
reviewer-1785987726-903d7836a156,15.501,203.341
data-analyst-1785987726-62d2000fb07a,15.526,514.517
deep-researcher-1785987726-e53c0f75195e,15.538,83.110
wide-researcher-1785987726-ad7b37d95eba,15.551,202.967
reviewer-1785987726-4731a5e418f2,15.563,365.135
data-analyst-1785987726-a2481fb32889,15.583,537.378
deep-researcher-1785987726-3401de26c82d,15.596,68.888
wide-researcher-1785987726-13a7f8c92724,15.612,118.943
reviewer-1785987726-a8be79bd5784,15.624,320.464
data-analyst-1785987726-9c631b162e7c,15.645,511.416
deep-researcher-1785987726-eb4f87aeced4,15.662,543.491
wide-researcher-1785987726-ba125d4d80c4,15.674,348.498
reviewer-1785987726-88a855a442c7,15.687,201.343
data-analyst-1785987726-6f177ee1732c,15.708,423.173
deep-researcher-1785987726-94c25d7aad3e,15.716,73.401
wide-researcher-1785987726-c8ab2262e404,15.737,191.603
reviewer-1785987726-ff3ebd9dcff6,15.745,421.887
data-analyst-1785987726-d5541ad14ac6,15.770,404.742
deep-researcher-1785987726-ce900e41a2e6,15.778,90.766
wide-researcher-1785987726-44ecb236f0fb,15.791,401.678
reviewer-1785987726-fae3cd8d3916,15.799,293.313
data-analyst-1785987726-8a9936326de3,15.828,302.221
deep-researcher-1785987726-c391a2e93245,15.836,119.953
wide-researcher-1785987726-8369deed523d,15.848,202.813
reviewer-1785987726-dc9e8aca3c5a,15.860,405.892
data-analyst-1785987727-b00324288cc1,15.882,294.297
deep-researcher-1785987727-8d8e6e184e16,15.890,407.713
wide-researcher-1785987727-7756cfabd2b4,15.906,118.235
reviewer-1785987727-f60f648389dd,15.922,308.390
data-analyst-1785987727-02cf5b6a5e2e,15.947,401.322
deep-researcher-1785987727-bbad7aa8c908,15.961,87.797
wide-researcher-1785987727-c532d01eb425,15.978,529.783
reviewer-1785987727-5569ef70d7aa,15.991,279.781
data-analyst-1785987727-ae9aa53ce792,16.017,197.396
deep-researcher-1785987727-30b536038522,16.030,222.791
wide-researcher-1785987727-8cbcdd22fe8c,16.042,80.312
reviewer-1785987727-b7bbc0ccfe2d,16.050,568.555
data-analyst-1785987727-7f615ed96b1c,16.071,481.972
deep-researcher-1785987727-4229772c2044,16.088,520.033
wide-researcher-1785987727-1b4ad5dc8721,16.096,104.442
reviewer-1785987727-251c3ba40653,16.104,535.540
data-analyst-1785987727-29deb90c1d16,16.129,294.376
deep-researcher-1785987727-032ce5ee4f6c,16.145,123.817
wide-researcher-1785987727-a1ff9976075a,16.157,143.320
reviewer-1785987727-41f8f7475bdb,16.170,587.828
data-analyst-1785987727-f8c433422753,16.196,294.986
deep-researcher-1785987727-beda2aac53ff,16.212,644.175
wide-researcher-1785987727-20c378d59ad7,16.220,98.307
reviewer-1785987727-6d5bbc3dbfdf,16.237,207.533
data-analyst-1785987727-2980627ba836,16.263,419.853
deep-researcher-1785987727-7b529c16a534,16.275,417.216
wide-researcher-1785987727-13920b2cf344,16.288,278.292
reviewer-1785987727-5ecd24e10991,16.296,424.097
data-analyst-1785987727-aac9a5a2c616,16.317,530.404
deep-researcher-1785987727-34dcf3b73f59,16.329,119.529
wide-researcher-1785987727-9f8f8f3108db,16.338,99.687
reviewer-1785987727-797b1bd19b68,16.350,412.534
data-analyst-1785987727-cd23a5a5f70e,16.371,191.881
deep-researcher-1785987727-71080ab6bf49,16.384,425.562
wide-researcher-1785987727-88d6ee9a6c9d,16.393,496.995
reviewer-1785987727-6c9d4ed129c2,16.409,516.895
data-analyst-1785987727-19965de164fd,16.430,304.571
deep-researcher-1785987727-1236cde62bae,16.442,139.443
wide-researcher-1785987727-b60598ea97e0,16.454,64.957
reviewer-1785987727-70ee9a4c4a12,16.462,423.427
data-analyst-1785987727-ee49abbbb39d,16.487,535.287
deep-researcher-1785987727-dd136be069a8,16.500,135.575
wide-researcher-1785987727-d3de83003977,16.508,79.120
reviewer-1785987727-5f5e5bc85e09,16.521,298.773
data-analyst-1785987727-32725c6775eb,16.542,290.167
deep-researcher-1785987727-3a1bbc2cad30,16.550,77.480
wide-researcher-1785987727-058ed4e2ef01,16.566,160.812
reviewer-1785987727-720d08a92694,16.578,413.997
data-analyst-1785987727-312a463bc9f9,16.599,193.995
deep-researcher-1785987727-21a31ba08adf,16.611,541.138
wide-researcher-1785987727-65f47ecc7107,16.620,518.918
reviewer-1785987727-75da5cfda271,16.641,303.927
data-analyst-1785987727-5ec6f6d22551,16.680,298.498
deep-researcher-1785987727-767d021394b2,16.696,67.118
wide-researcher-1785987727-c21e125e26ef,16.704,140.971
reviewer-1785987727-553006326437,16.716,506.509
data-analyst-1785987727-9067c2214f09,16.751,635.909
deep-researcher-1785987727-abfcdf922769,16.763,121.456
wide-researcher-1785987727-901f6be910ca,16.775,118.266
reviewer-1785987727-e3ac86b37bf4,16.788,578.822
data-analyst-1785987727-6de6b876f6fb,16.813,296.535
deep-researcher-1785987727-82eed1a98bda,16.825,127.102
wide-researcher-1785987727-2fcf3b916e61,16.838,536.507
reviewer-1785987727-1b8c70d0dc74,16.850,422.530
data-analyst-1785987727-27a5c5ba3526,16.885,495.300
deep-researcher-1785987727-d595a0234ccf,16.898,119.193
wide-researcher-1785987728-040307f5bc94,16.914,99.176
reviewer-1785987728-583212062a34,16.922,224.755
data-analyst-1785987728-8fad9c182cb1,16.953,610.242
deep-researcher-1785987728-e175bf905631,16.965,433.651
wide-researcher-1785987728-60a1049673e5,16.973,117.359
reviewer-1785987728-c6cc05423206,16.990,359.739
data-analyst-1785987728-e6da6d37194a,17.012,408.584
deep-researcher-1785987728-d48cb14d4152,17.025,71.493
wide-researcher-1785987728-d49346903072,17.037,227.175
reviewer-1785987728-ee89b150b2e8,17.049,422.610
data-analyst-1785987728-a5c5b2ce47f6,17.075,200.132
deep-researcher-1785987728-030b8608c545,17.083,291.918
wide-researcher-1785987728-f201662e6f6e,17.091,411.593
reviewer-1785987728-bbfb9c272d0d,17.107,415.012
data-analyst-1785987728-4e86289df96f,17.133,296.087
deep-researcher-1785987728-bc7af9d26551,17.150,122.170
wide-researcher-1785987728-bb4f2efc4d16,17.163,72.034
reviewer-1785987728-6e6cc1bb127d,17.175,416.943
data-analyst-1785987728-6fa4922f20a0,17.200,290.981
deep-researcher-1785987728-e5c12b1af2a2,17.208,102.104
wide-researcher-1785987728-b3d031cd35c0,17.220,118.962
reviewer-1785987728-3ccc6e65d546,17.241,399.905
data-analyst-1785987728-069f52cf4114,17.270,328.181
deep-researcher-1785987728-8df86c938f15,17.282,148.419
wide-researcher-1785987728-3f99063b6242,17.290,316.534
reviewer-1785987728-a3d7f4261f32,17.302,311.343
data-analyst-1785987728-1081b1eda3be,17.332,306.024
deep-researcher-1785987728-326e5046cce4,17.340,79.304
wide-researcher-1785987728-78600f7b1df1,17.352,299.340
reviewer-1785987728-bc21c9448473,17.365,415.319
data-analyst-1785987728-9a6ceb69c21e,17.396,556.002
deep-researcher-1785987728-76803fb99db3,17.421,418.005
wide-researcher-1785987728-4c3441f64991,17.433,117.676
reviewer-1785987728-a05ffdab4a33,17.446,406.987
data-analyst-1785987728-6f03c40d830b,17.472,217.561
deep-researcher-1785987728-2965f0178bd8,17.493,195.949
wide-researcher-1785987728-f9887851de46,17.505,118.752
reviewer-1785987728-0a31464615a1,17.513,355.877
data-analyst-1785987728-253197e677f1,17.538,474.288
deep-researcher-1785987728-85ede9dc511e,17.550,117.606
wide-researcher-1785987728-346906e3efbe,17.563,622.297
reviewer-1785987728-74e83fb046d2,17.571,540.582
data-analyst-1785987728-8f2eda3c9d35,17.598,297.546
deep-researcher-1785987728-b1510eba36f2,17.610,68.652
wide-researcher-1785987728-922957c69a9e,17.622,410.925
reviewer-1785987728-91d6bfbdc144,17.635,525.466
data-analyst-1785987728-760266de41c9,17.661,524.616
deep-researcher-1785987728-04fb67afca3b,17.674,628.809
wide-researcher-1785987728-c7d9d983b1ff,17.682,88.600
reviewer-1785987728-e7c849a17584,17.691,197.087
data-analyst-1785987728-68789b8ef4cc,17.723,251.062
deep-researcher-1785987728-41581db5b67b,17.747,654.243
wide-researcher-1785987728-cd729ccbbd4a,17.765,121.340
reviewer-1785987728-52f07ef42e53,17.778,586.084
data-analyst-1785987728-80b48923e5bb,17.805,303.299
deep-researcher-1785987728-1ed4d62a9c6c,17.818,187.738
wide-researcher-1785987728-5c44b71df943,17.836,230.488
reviewer-1785987728-2656d00467b6,17.844,477.970
data-analyst-1785987728-dbda27a65d39,17.872,477.508
deep-researcher-1785987728-0a7f94bacb85,17.895,118.054
wide-researcher-1785987729-432de05c05ef,17.908,121.789
reviewer-1785987729-282e89675a41,17.921,308.719
data-analyst-1785987729-4634006e1981,17.944,301.789
deep-researcher-1785987729-50580bcd3987,17.961,118.897
wide-researcher-1785987729-363e0b4eb064,17.971,411.048
reviewer-1785987729-39dbffd34b48,17.987,306.827
data-analyst-1785987729-2bbf8e77f354,18.012,308.458
deep-researcher-1785987729-2fb97c03b931,18.020,144.033
wide-researcher-1785987729-587461714907,18.032,195.415
reviewer-1785987729-5223343dd373,18.041,393.451
data-analyst-1785987729-ae5b80c13b2f,18.067,345.961
deep-researcher-1785987729-00440f94d67b,18.088,67.689
wide-researcher-1785987729-a6bf43494fac,18.097,301.271
reviewer-1785987729-b44a82a900fa,18.105,338.370
data-analyst-1785987729-2315c0cecfff,18.127,295.440
deep-researcher-1785987729-06a15efa5f28,18.143,120.910
wide-researcher-1785987729-1a8e8709b895,18.155,121.690
reviewer-1785987729-75a20375cdd4,18.163,291.671
data-analyst-1785987729-ec6ffd9b9ed6,18.192,403.578
deep-researcher-1785987729-852f19525a21,18.200,87.457
wide-researcher-1785987729-b3e93629309f,18.208,88.129
reviewer-1785987729-a30374df6820,18.225,406.405
data-analyst-1785987729-84dd21b00d2f,18.246,420.496
deep-researcher-1785987729-e73250c8f025,18.258,626.995
wide-researcher-1785987729-b384e2a69960,18.271,127.531
reviewer-1785987729-357066f2cdcf,18.288,415.972
data-analyst-1785987729-b865d9837cf1,18.309,305.109
deep-researcher-1785987729-4a3a6dc9b7bb,18.330,131.962
wide-researcher-1785987729-f5a35cebf018,18.338,117.303
reviewer-1785987729-8f1ad5c69621,18.359,422.159
data-analyst-1785987729-329a96e3fbff,18.385,293.839
deep-researcher-1785987729-63867364905c,18.402,116.777
wide-researcher-1785987729-f2be1c4d314d,18.418,201.487
reviewer-1785987729-cdb14810413a,18.426,531.482
data-analyst-1785987729-684178b6cd3a,18.447,468.435
deep-researcher-1785987729-f7a55196e1e0,18.460,410.155
wide-researcher-1785987729-276ec08043e9,18.472,79.952
reviewer-1785987729-d6c9236202b0,18.480,358.048
data-analyst-1785987729-7ab35a6a2159,18.502,224.016
deep-researcher-1785987729-b2592d4ade94,18.514,67.643
wide-researcher-1785987729-9d3d514716c5,18.526,119.695
reviewer-1785987729-930b40dc8e71,18.551,425.791
data-analyst-1785987729-1262f4c6783b,18.572,196.803
deep-researcher-1785987729-aafad2511b84,18.592,91.379
wide-researcher-1785987729-aa60e0379f17,18.617,95.584
reviewer-1785987729-d3ec8a8209fc,18.625,636.878
data-analyst-1785987729-ca734ee29606,18.651,400.354
deep-researcher-1785987729-666145b8dbae,18.664,66.964
wide-researcher-1785987729-a343c13dcc61,18.681,196.872
reviewer-1785987729-72516c4e7e7c,18.689,203.717
data-analyst-1785987729-86fc6b5e73a2,18.714,468.344
deep-researcher-1785987729-e4481b53a6f2,18.722,192.518
wide-researcher-1785987729-f8e0abbd6627,18.735,406.725
reviewer-1785987729-910f1fcf4803,18.752,361.722
data-analyst-1785987729-64f7c0fc7ff8,18.773,389.157
deep-researcher-1785987729-823b57c96ce5,18.790,191.940
wide-researcher-1785987729-26798f19d341,18.807,296.236
reviewer-1785987729-fde15026c988,18.824,400.730
data-analyst-1785987729-54237a33d0ab,18.850,297.864
deep-researcher-1785987729-fb3a08666062,18.862,419.072
wide-researcher-1785987729-87cc893745ca,18.874,117.394
reviewer-1785987730-a83a7ea94698,18.890,419.970
data-analyst-1785987730-47cddb8a3653,18.920,540.298
deep-researcher-1785987730-d551404d08b1,18.933,383.430
wide-researcher-1785987730-6c142f05076d,18.945,297.968
reviewer-1785987730-a597d6701640,18.957,324.555
data-analyst-1785987730-39398d067344,18.977,386.638
deep-researcher-1785987730-ea00efaa6a20,18.994,593.735
wide-researcher-1785987730-d7ae59793ce4,19.002,339.331
reviewer-1785987730-01ed23f3b1b7,19.014,445.743
data-analyst-1785987730-08fbcaaaf8fc,19.035,308.683
deep-researcher-1785987730-d68d592ee122,19.056,69.476
wide-researcher-1785987730-ee4e230ff7ec,19.069,76.374
reviewer-1785987730-3fcf4f6bfa80,19.081,305.607
data-analyst-1785987730-5cb0019f5391,19.110,303.245
deep-researcher-1785987730-c8aad92be030,19.118,560.721
wide-researcher-1785987730-7aebdffd08d3,19.130,530.038
reviewer-1785987730-edd2df685948,19.146,524.093
data-analyst-1785987730-2c10b5544396,19.171,582.500
deep-researcher-1785987730-3e25edb5eca8,19.184,541.031
wide-researcher-1785987730-3e98a8242237,19.196,79.550
reviewer-1785987730-f6d5d51ae349,19.226,524.693
data-analyst-1785987730-1e4f1ef47ea5,19.251,426.805
deep-researcher-1785987730-9751612a8b24,19.264,119.470
wide-researcher-1785987730-15c3a3fc56ad,19.280,195.196
reviewer-1785987730-ac3e8995dd22,19.288,608.778
data-analyst-1785987730-1bea9981285b,19.318,292.972
deep-researcher-1785987730-9fe487aa3569,19.335,121.358
wide-researcher-1785987730-a6c69910fe98,19.348,118.037
reviewer-1785987730-8d87a9615aea,19.356,420.593
data-analyst-1785987730-055f90059263,19.382,242.424
deep-researcher-1785987730-f700ca710396,19.399,299.043
wide-researcher-1785987730-31f5a529bf2c,19.411,119.652
reviewer-1785987730-73228bb2b26e,19.432,333.147
data-analyst-1785987730-3266a0a81b6d,19.454,235.335
deep-researcher-1785987730-1198884d3116,19.471,121.647
wide-researcher-1785987730-2a063910abd5,19.488,105.749
reviewer-1785987730-485919314055,19.501,572.875
data-analyst-1785987730-47a8988dc218,19.522,307.311
deep-researcher-1785987730-d4b2c17cff2b,19.538,120.139
wide-researcher-1785987730-c257f2fe5e19,19.554,137.569
reviewer-1785987730-7430e8f01506,19.562,402.807
data-analyst-1785987730-ea5a1eee03a4,19.583,242.819
deep-researcher-1785987730-18a303b44d5b,19.601,124.166
wide-researcher-1785987730-b479eeff774c,19.614,292.875
reviewer-1785987730-a458e999c9af,19.622,321.914
data-analyst-1785987730-003b5a479c93,19.648,551.693
deep-researcher-1785987730-9051b0b6beb8,19.660,634.873
wide-researcher-1785987730-eaf8962ca0c8,19.673,116.981
reviewer-1785987730-cc072a9f6c43,19.685,419.694
data-analyst-1785987730-0d65cc944542,19.715,475.148
deep-researcher-1785987730-83b07ed6df05,19.728,94.442
wide-researcher-1785987730-39452ad62da1,19.741,107.134
reviewer-1785987730-0f69f044c02c,19.753,295.097
data-analyst-1785987730-9148a6faed7d,19.783,404.941
deep-researcher-1785987730-fd6a239e5e53,19.796,419.608
wide-researcher-1785987730-035128210605,19.817,533.367
reviewer-1785987730-e3c23f1c72de,19.839,521.531
data-analyst-1785987730-1c780a93b154,19.865,295.829
deep-researcher-1785987730-d7a856510f55,19.873,519.003
wide-researcher-1785987730-8332337697cc,19.895,123.261
reviewer-1785987731-00f5f84a5f3b,19.914,355.430
data-analyst-1785987731-2f9526d02a6e,19.941,417.808
deep-researcher-1785987731-a2b81bf63b5e,19.972,203.040
wide-researcher-1785987731-792091150820,19.984,423.834
reviewer-1785987731-0a6b489be570,20.011,422.847
data-analyst-1785987731-f4749696eeea,20.038,420.512
deep-researcher-1785987731-98745eed2ee1,20.046,202.922
wide-researcher-1785987731-fc86be1a4c91,20.063,191.953
reviewer-1785987731-5e682061fcc4,20.071,542.831
data-analyst-1785987731-f80ae1fade08,20.100,413.302
deep-researcher-1785987731-5c919832a5c5,20.126,296.568
wide-researcher-1785987731-978b5243057b,20.134,296.693
reviewer-1785987731-481babae75ef,20.142,518.336
data-analyst-1785987731-53f4d6707b23,20.164,438.277
deep-researcher-1785987731-1dbb73adc677,20.186,413.106
wide-researcher-1785987731-d34ee15c7343,20.199,427.893
reviewer-1785987731-d4a674fdffb7,20.207,401.692
data-analyst-1785987731-1b096ffe66b4,20.232,202.149
deep-researcher-1785987731-ded4ccca2abd,20.259,166.933
wide-researcher-1785987731-1ef6122c23d8,20.267,539.252
reviewer-1785987731-fba7ecdd290d,20.275,519.353
data-analyst-1785987731-783ffc18c99b,20.300,405.589
deep-researcher-1785987731-0addaa8b5b45,20.317,505.673
wide-researcher-1785987731-beec4dd361ce,20.330,355.289
reviewer-1785987731-9d79f6b8f848,20.338,530.373
data-analyst-1785987731-37f2d077c585,20.368,416.893
deep-researcher-1785987731-0845493624f1,20.376,171.038
wide-researcher-1785987731-c5a34fa668bb,20.389,67.100
reviewer-1785987731-cd5125d31dbb,20.401,458.491
data-analyst-1785987731-6147623a195d,20.431,301.060
deep-researcher-1785987731-5f07e1f29fb5,20.439,117.846
wide-researcher-1785987731-d7d192be6db8,20.465,119.681
reviewer-1785987731-77e1ccf3d57d,20.473,520.049
data-analyst-1785987731-a99f0d2fdab8,20.498,300.535
deep-researcher-1785987731-b3b92945cbb0,20.519,121.009
wide-researcher-1785987731-ddc88bc9decc,20.532,527.904
reviewer-1785987731-c8c86ce0f9d3,20.550,647.682
data-analyst-1785987731-d1376beb80b7,20.576,341.856
deep-researcher-1785987731-48bdc4097842,20.584,282.268
wide-researcher-1785987731-91f12d3da6bd,20.597,537.157
reviewer-1785987731-d1df0298d13a,20.610,370.863
data-analyst-1785987731-b632547995d2,20.636,401.565
deep-researcher-1785987731-66acfd07a355,20.644,98.024
wide-researcher-1785987731-e169bc55fd1e,20.657,374.696
reviewer-1785987731-ab6a9e6c40a2,20.665,413.056
data-analyst-1785987731-be7e893b5c48,20.695,229.525
deep-researcher-1785987731-c8c674a37a31,20.708,308.280
wide-researcher-1785987731-b2274f4f77a8,20.720,459.359
reviewer-1785987731-6513856f9412,20.733,521.459
data-analyst-1785987731-d07db57b64ca,20.754,292.186
deep-researcher-1785987731-7a98e8de2114,20.767,200.453
wide-researcher-1785987731-702488155b10,20.779,154.369
reviewer-1785987731-dff6a156d9ed,20.791,422.512
data-analyst-1785987731-51cd8390d9b4,20.825,300.295
deep-researcher-1785987731-cf2182e7efa6,20.833,196.579
wide-researcher-1785987731-5953e1408672,20.850,378.966
reviewer-1785987731-63e5eda4c22e,20.867,359.477
data-analyst-1785987731-08e7879c5944,20.891,420.300
deep-researcher-1785987732-0df82a238628,20.913,124.181
wide-researcher-1785987732-227e1807f75f,20.930,415.616
reviewer-1785987732-8578539be5d1,20.943,417.892
data-analyst-1785987732-e0a359ab92da,20.964,522.865
deep-researcher-1785987732-61f9a96a2b96,20.977,629.783
wide-researcher-1785987732-6c9c5596e903,20.995,77.778
reviewer-1785987732-423f7343823f,21.012,424.715
data-analyst-1785987732-979100c4ee1a,21.034,292.034
deep-researcher-1785987732-d6677956f4c5,21.047,159.605
wide-researcher-1785987732-d84c70ac3ebd,21.060,120.938
reviewer-1785987732-4cd96e3d0b92,21.069,405.039
data-analyst-1785987732-19bbd4e4b5d2,21.093,411.530
deep-researcher-1785987732-163c8a2478b4,21.106,196.368
wide-researcher-1785987732-1ef441b5aa53,21.127,423.066
reviewer-1785987732-cd368d54db03,21.135,308.750
data-analyst-1785987732-f235cef14986,21.183,303.632
deep-researcher-1785987732-80dd00dff0f6,21.195,118.173
wide-researcher-1785987732-d4c5289a9e07,21.212,408.438
reviewer-1785987732-21c90f642ca5,21.226,298.130
data-analyst-1785987732-1b34e5d5a88d,21.252,400.603
deep-researcher-1785987732-75f864a9d8aa,21.260,151.926
wide-researcher-1785987732-e92c3e20e6be,21.268,119.338
reviewer-1785987732-57be8ac81acc,21.276,336.316
data-analyst-1785987732-6c9d0b46c78a,21.307,307.355
deep-researcher-1785987732-a3fb57f29d34,21.315,119.126
wide-researcher-1785987732-3afdf5042053,21.341,137.410
reviewer-1785987732-ed37f75a3674,21.353,569.175
data-analyst-1785987732-290522539a22,21.378,242.836
deep-researcher-1785987732-d4a49b7b2fa2,21.386,120.369
wide-researcher-1785987732-086d31fd8b52,21.408,119.822
reviewer-1785987732-82fadcb663fe,21.421,316.860
data-analyst-1785987732-1a9477b2792b,21.446,406.862
deep-researcher-1785987732-ed4584c29643,21.459,132.685
wide-researcher-1785987732-ba15741f7200,21.480,585.937
reviewer-1785987732-73eaa3225704,21.506,297.049
data-analyst-1785987732-21e738b3af4c,21.530,306.606
deep-researcher-1785987732-1bc0cf967851,21.539,407.537
wide-researcher-1785987732-975311adf487,21.552,306.522
reviewer-1785987732-1c018058a383,21.565,382.461
data-analyst-1785987732-1261236481ad,21.586,251.573
deep-researcher-1785987732-5b9be4c075b3,21.617,137.797
wide-researcher-1785987732-f2fc84929acd,21.629,87.036
reviewer-1785987732-53323aea71c6,21.637,624.905
data-analyst-1785987732-0bb96f341028,21.662,359.243
deep-researcher-1785987732-ba099959743a,21.675,134.389
wide-researcher-1785987732-cfc8d502ad4a,21.696,193.422
reviewer-1785987732-750e6194c90a,21.709,303.402
data-analyst-1785987732-15c4eb60ae5b,21.743,411.251
deep-researcher-1785987732-559ab8ba15be,21.755,302.389
wide-researcher-1785987732-b6e61a3cb43b,21.771,300.346
reviewer-1785987732-56cea11ec9d4,21.779,418.137
data-analyst-1785987732-8e4cbbde4913,21.805,408.769
deep-researcher-1785987732-226638270b83,21.818,117.554
wide-researcher-1785987732-62c3812438f9,21.835,522.015
reviewer-1785987732-0c5cf28c1ca0,21.848,294.342
data-analyst-1785987732-b0b0d2cf93c9,21.879,199.809
deep-researcher-1785987732-9e3cf4d201d7,21.887,626.796
wide-researcher-1785987733-ece801b72deb,21.905,527.803
reviewer-1785987733-713c1bf1230e,21.913,414.762
data-analyst-1785987733-fe2f53df9940,21.939,648.740
deep-researcher-1785987733-2dfe527c1bd9,21.946,519.545
wide-researcher-1785987733-802c24b15cfa,21.955,101.896
reviewer-1785987733-63e6e82340e5,21.972,301.307
data-analyst-1785987733-c128a4723c68,22.007,583.009
deep-researcher-1785987733-34390fe91cfe,22.041,159.375
wide-researcher-1785987733-837245059fa5,22.062,96.643
reviewer-1785987733-2ddc883b071f,22.073,421.342
data-analyst-1785987733-18b80b565e7d,22.123,631.882
deep-researcher-1785987733-c51990d9a980,22.131,133.102
wide-researcher-1785987733-3637ed03b690,22.152,489.424
reviewer-1785987733-b988bc6c43f8,22.165,300.392
data-analyst-1785987733-9813052e68a7,22.186,403.772
deep-researcher-1785987733-666d4121f294,22.207,321.593
wide-researcher-1785987733-754320168241,22.232,120.672
reviewer-1785987733-f2e5705e42e2,22.244,566.350
data-analyst-1785987733-82702b0d4327,22.268,342.352
deep-researcher-1785987733-2750c97783ef,22.281,445.758
wide-researcher-1785987733-349ffe368cc6,22.294,375.408
reviewer-1785987733-546fbd018610,22.311,549.849
data-analyst-1785987733-fea066e795d9,22.341,199.827
deep-researcher-1785987733-55e7c424f909,22.367,111.500
wide-researcher-1785987733-207d95713156,22.378,537.275
reviewer-1785987733-917af66780ab,22.400,538.449
data-analyst-1785987733-997ce1820dfa,22.425,403.261
deep-researcher-1785987733-c93ca4ca356a,22.458,507.418
wide-researcher-1785987733-fe48aec0a34e,22.471,193.302
reviewer-1785987733-fc6843fd4a40,22.479,406.174
data-analyst-1785987733-57680d9ab956,22.504,408.267
deep-researcher-1785987733-376d3b3d73ba,22.517,528.347
wide-researcher-1785987733-40c8ca8e643a,22.529,198.127
reviewer-1785987733-713f34dcdb92,22.563,531.554
data-analyst-1785987733-85e975796c2b,22.588,456.252
deep-researcher-1785987733-14ec6971f6df,22.596,195.079
wide-researcher-1785987733-ff9e83703798,22.608,412.334
reviewer-1785987733-4bb75e085263,22.625,410.801
data-analyst-1785987733-47ffa95cf7ce,22.655,298.837
deep-researcher-1785987733-db8034d354ea,22.663,216.493
wide-researcher-1785987733-73f220dfb379,22.693,400.021
reviewer-1785987733-026223092884,22.706,563.909
data-analyst-1785987733-98a2a6a27536,22.740,401.370
deep-researcher-1785987733-99a2d7f7e79a,22.748,130.353
wide-researcher-1785987733-ea2a0f957bc0,22.761,416.349
reviewer-1785987733-11752a9035e6,22.769,532.174
data-analyst-1785987733-0416c0b39774,22.795,637.877
deep-researcher-1785987733-4f22e6117477,22.816,421.802
wide-researcher-1785987733-6db724ec2ab0,22.824,72.084
reviewer-1785987733-3d62d9a967f2,22.841,249.452
data-analyst-1785987733-2ff356dd1df8,22.867,297.580
deep-researcher-1785987733-e50af081d482,22.880,544.555
wide-researcher-1785987733-b9d9d0648ae7,22.898,626.717
reviewer-1785987734-88918a11394b,22.910,412.986
data-analyst-1785987734-7f658d825687,22.938,320.481
deep-researcher-1785987734-6b78bc38f0d0,22.952,301.233
wide-researcher-1785987734-bef39d8d6dab,22.965,121.710
reviewer-1785987734-018d1165f3f7,22.977,473.013
data-analyst-1785987734-86ad9d087e5b,23.002,305.286
deep-researcher-1785987734-61100461709a,23.015,646.818
wide-researcher-1785987734-2786fdd4990d,23.023,117.251
reviewer-1785987734-9c6e5da58d72,23.036,636.822
data-analyst-1785987734-e1da724cabc8,23.057,539.452
deep-researcher-1785987734-0ba080a17b1c,23.071,521.372
wide-researcher-1785987734-6c4a12bd9532,23.080,131.891
reviewer-1785987734-f01124561285,23.088,418.889
data-analyst-1785987734-3cc8445ac018,23.132,292.379
deep-researcher-1785987734-5c60c965e021,23.144,536.365
wide-researcher-1785987734-cb8b653b3885,23.152,199.977
reviewer-1785987734-859ba4ab114c,23.160,291.855
data-analyst-1785987734-04fff4da8ba9,23.190,530.420
deep-researcher-1785987734-18f810ef3347,23.207,119.275
wide-researcher-1785987734-2301a428d095,23.219,401.125
reviewer-1785987734-38885b1bfcbf,23.231,655.421
data-analyst-1785987734-59d03e8c53d7,23.264,247.516
deep-researcher-1785987734-93f4f85bd650,23.281,116.681
wide-researcher-1785987734-23eb94046143,23.289,293.810
reviewer-1785987734-57ef50aa0bf2,23.314,197.070
data-analyst-1785987734-e6bc8788aac6,23.339,536.031
deep-researcher-1785987734-186f61c3447d,23.352,174.726
wide-researcher-1785987734-ecddc7a8cb4c,23.369,297.329
reviewer-1785987734-4ac761f0db62,23.388,406.130
data-analyst-1785987734-30cc70a31ecb,23.422,300.110
deep-researcher-1785987734-2f6db1c77fec,23.430,82.719
wide-researcher-1785987734-be9744dcc3df,23.452,94.123
reviewer-1785987734-e5daf786a996,23.460,434.984
data-analyst-1785987734-6f60597287b2,23.491,530.181
deep-researcher-1785987734-9b36f850c1b3,23.513,631.670
wide-researcher-1785987734-804175a57906,23.551,124.294
reviewer-1785987734-c6313f641150,23.568,452.743
data-analyst-1785987734-9e6ef3e76b22,23.598,400.884
deep-researcher-1785987734-d42866a066a1,23.630,121.565
wide-researcher-1785987734-53593baf0ddb,23.643,400.871
reviewer-1785987734-782000c1fbd6,23.679,407.088
data-analyst-1785987734-5aa9d8d0bb0d,23.714,311.580
deep-researcher-1785987734-9a8baacd3225,23.736,307.295
wide-researcher-1785987734-8ff8e791d872,23.753,120.738
reviewer-1785987734-238b71806b5e,23.761,383.417
data-analyst-1785987734-36d216ad813b,23.797,415.937
deep-researcher-1785987734-0a9ad2373896,23.806,142.524
wide-researcher-1785987734-c7f93cba4c9c,23.825,195.263
reviewer-1785987734-bc602e0022a4,23.833,538.994
data-analyst-1785987734-90c6e5b42796,23.874,230.830
deep-researcher-1785987734-56d14be59d05,23.886,119.089
wide-researcher-1785987735-5c88f251700c,23.900,421.045
reviewer-1785987735-b665aa62c5be,23.914,414.874
data-analyst-1785987735-fde277ce4fdc,23.940,355.121
deep-researcher-1785987735-70b557bcebeb,23.971,92.600
wide-researcher-1785987735-4a38879b7424,23.984,116.758
reviewer-1785987735-15c0ff05d8ec,23.992,344.941
data-analyst-1785987735-8f3a8b83a463,24.031,218.275
deep-researcher-1785987735-13dd5052add2,24.070,198.949
wide-researcher-1785987735-c0813f9ed713,24.079,119.785
reviewer-1785987735-14c26eb76cf9,24.101,545.070
data-analyst-1785987735-cde572caeaa5,24.126,401.356
deep-researcher-1785987735-d947653869e6,24.139,130.227
wide-researcher-1785987735-0bc9ae6de516,24.162,80.849
reviewer-1785987735-0d0b5ca1a8c6,24.170,358.737
data-analyst-1785987735-7bd7b4febeb7,24.194,293.001
deep-researcher-1785987735-8024cf929a53,24.216,162.827
wide-researcher-1785987735-cc8ccb3c5ee7,24.230,403.825
reviewer-1785987735-eb30b369217f,24.247,308.036
data-analyst-1785987735-2b6d27551351,24.273,403.026
deep-researcher-1785987735-a0c5bc6f75a8,24.282,124.826
wide-researcher-1785987735-a64c9cbd46da,24.295,93.966
reviewer-1785987735-2c3889f5a8fc,24.303,303.729
data-analyst-1785987735-d79a510f74ff,24.332,534.172
deep-researcher-1785987735-6aab74ca09c9,24.344,119.514
wide-researcher-1785987735-b7ad0c4d0bf7,24.370,193.770
reviewer-1785987735-c844b56cb8b7,24.387,443.253
data-analyst-1785987735-ee547de9c23a,24.413,423.989
deep-researcher-1785987735-0cf66663343f,24.429,123.366
wide-researcher-1785987735-87be517718c2,24.450,297.879
reviewer-1785987735-48e844d4df1b,24.466,516.336
data-analyst-1785987735-f78e942b4cc5,24.492,294.529
deep-researcher-1785987735-ce0c94a99c27,24.504,111.535
wide-researcher-1785987735-524881027050,24.522,69.684
reviewer-1785987735-7b5811588012,24.530,307.941
data-analyst-1785987735-336ce91a871b,24.558,407.116
deep-researcher-1785987735-53b744cfa8f2,24.567,325.112
wide-researcher-1785987735-a078329b9963,24.585,196.446
reviewer-1785987735-c46aa17ffd49,24.593,532.577
data-analyst-1785987735-b5e686fe7860,24.633,406.913
deep-researcher-1785987735-636d2844bb66,24.641,121.206
wide-researcher-1785987735-58c7b564c65c,24.659,118.361
reviewer-1785987735-7180f28ba5b9,24.672,402.827
data-analyst-1785987735-d76608dea0c5,24.698,530.567
deep-researcher-1785987735-7768214b304e,24.706,198.192
wide-researcher-1785987735-488053eb6495,24.728,305.666
reviewer-1785987735-3c8ecc3ca66f,24.742,330.942
data-analyst-1785987735-9cb6fbde2029,24.776,523.214
deep-researcher-1785987735-978bdf0998cd,24.793,552.514
wide-researcher-1785987735-31cab3944429,24.801,408.163
reviewer-1785987735-f574eb086235,24.819,657.714
data-analyst-1785987735-2b1db7816ef5,24.855,408.645
deep-researcher-1785987735-26189553ea89,24.867,75.935
wide-researcher-1785987735-e02b8be2b147,24.879,76.506
reviewer-1785987736-eec1c6e2c531,24.896,412.728
data-analyst-1785987736-6af6d1df7f2f,24.917,521.746
deep-researcher-1785987736-1eff85473ad1,24.930,134.416
wide-researcher-1785987736-257464bf2d54,24.939,423.202
reviewer-1785987736-85386fb935be,24.962,525.569
data-analyst-1785987736-4e22d3fe2c2e,24.986,305.553
deep-researcher-1785987736-7347945df068,25.006,92.526
wide-researcher-1785987736-f09461935a90,25.034,117.464
reviewer-1785987736-f87bc51dcf39,25.058,298.897
data-analyst-1785987736-0e5a5f627e8b,25.085,411.268
deep-researcher-1785987736-2ee694ae7fa5,25.093,298.347
wide-researcher-1785987736-76c2575fb95d,25.138,75.518
reviewer-1785987736-8fe10bc1ee66,25.151,222.744
data-analyst-1785987736-9ff18aa3c5a0,25.179,365.899
deep-researcher-1785987736-78a462988bae,25.194,117.711
wide-researcher-1785987736-3ccbc8c6aa14,25.203,121.879
reviewer-1785987736-f9d56d9e5172,25.222,555.018
data-analyst-1785987736-d75693201521,25.264,307.467
deep-researcher-1785987736-5bfae0d4028c,25.273,97.787
wide-researcher-1785987736-67360b426876,25.304,171.423
reviewer-1785987736-658d54362bbf,25.312,300.250
data-analyst-1785987736-4e6d396ba310,25.341,374.285
deep-researcher-1785987736-8da72f5534cc,25.354,194.975
wide-researcher-1785987736-a20133e81a87,25.382,403.790
reviewer-1785987736-a92a6337643c,25.400,417.017
data-analyst-1785987736-a9ac0ebe7a98,25.472,293.300
deep-researcher-1785987736-fa23e03601aa,25.486,118.189
wide-researcher-1785987736-935dc41ffa1e,25.499,298.416
reviewer-1785987736-7c33739293ab,25.513,538.827
data-analyst-1785987736-83f795fa2815,25.544,528.451
deep-researcher-1785987736-e8b442df8925,25.562,76.295
wide-researcher-1785987736-1fba8cb21bf1,25.580,429.573
reviewer-1785987736-fae0818f4c41,25.589,419.413
data-analyst-1785987736-a03d100b91dd,25.617,304.496
deep-researcher-1785987736-7d6a622d47e2,25.635,111.513
wide-researcher-1785987736-0ec6115d6517,25.653,126.098
reviewer-1785987736-a0a779fd8125,25.671,402.412
data-analyst-1785987736-688cc149b49e,25.695,302.027
deep-researcher-1785987736-2bd7ec8768ef,25.718,135.304
wide-researcher-1785987736-7b21ff6581a3,25.741,201.674
reviewer-1785987736-86920aaa8ebd,25.758,416.209
data-analyst-1785987736-ce4b4eba9504,25.789,306.218
deep-researcher-1785987736-3b21f4525d85,25.807,527.523
wide-researcher-1785987736-8b4194f64713,25.816,171.239
reviewer-1785987736-356d7a0bce9e,25.832,521.199
data-analyst-1785987736-831bdb77a2eb,25.867,143.877
deep-researcher-1785987736-1a8772a2a426,25.887,227.575
wide-researcher-1785987736-68aaca6d1b1d,25.899,305.764
reviewer-1785987737-3488bc326773,25.938,529.752
data-analyst-1785987737-39b126a8101a,25.969,324.370
deep-researcher-1785987737-d80b322b8fd7,25.987,199.222
wide-researcher-1785987737-e6eda98b40f5,26.010,241.773
reviewer-1785987737-bb05176e9e2a,26.018,314.354
data-analyst-1785987737-a1dafbd43644,26.049,517.123
deep-researcher-1785987737-1d7e7a0f2a83,26.067,622.437
wide-researcher-1785987737-c9a70203fe4a,26.080,120.469
reviewer-1785987737-5a53e6512cc7,26.095,409.361
data-analyst-1785987737-dcc5290f4240,26.120,300.376
deep-researcher-1785987737-10ebc9923f65,26.138,99.191
wide-researcher-1785987737-cdf9d267e709,26.150,127.923
reviewer-1785987737-13ff8ee6ff29,26.158,635.749
data-analyst-1785987737-7766853a5bde,26.185,298.401
deep-researcher-1785987737-e5b84fc9ecf5,26.194,627.396
wide-researcher-1785987737-2487cd0399dc,26.207,299.658
reviewer-1785987737-8b33401abbf7,26.237,307.604
data-analyst-1785987737-b9c19d3b6d9c,26.269,411.031
deep-researcher-1785987737-9c900c54c8cd,26.282,131.454
wide-researcher-1785987737-d8272b9edacd,26.296,166.146
reviewer-1785987737-5da3edfd95aa,26.310,459.708
data-analyst-1785987737-4a4750f663ef,26.338,298.298
deep-researcher-1785987737-1c79792af266,26.362,139.349
wide-researcher-1785987737-27ce1adeb5ae,26.380,337.934
reviewer-1785987737-e8cdc7dffe92,26.407,330.738
data-analyst-1785987737-b5bf2e409d59,26.430,195.935
deep-researcher-1785987737-e65e2c908b2e,26.443,455.952
wide-researcher-1785987737-4333c9120bf3,26.452,121.040
reviewer-1785987737-7d8de347fa90,26.471,453.396
data-analyst-1785987737-c4c7ef83f31e,26.498,303.791
deep-researcher-1785987737-d2c4a0e86f4e,26.511,156.735
wide-researcher-1785987737-b31a2d886efb,26.535,329.924
reviewer-1785987737-118a3dcb4aca,26.568,401.842
data-analyst-1785987737-4bb955c21d72,26.600,553.011
deep-researcher-1785987737-8a64f31a5d7f,26.613,528.762
wide-researcher-1785987737-9e9895fb1690,26.641,307.056
reviewer-1785987737-35f65ff50525,26.655,530.864
data-analyst-1785987737-9bbd963612a1,26.676,538.634
deep-researcher-1785987737-1450ce21297b,26.706,123.047
wide-researcher-1785987737-ed673f3c184b,26.718,120.155
reviewer-1785987737-a1af50916468,26.735,293.326
data-analyst-1785987737-e8b6cdeef0b1,26.770,534.388
deep-researcher-1785987737-5afab6d3fc05,26.778,120.438
wide-researcher-1785987737-d5ae11d2a3cd,26.803,299.641
reviewer-1785987737-214411246b66,26.824,539.916
data-analyst-1785987737-acb7054a65b2,26.845,421.531
deep-researcher-1785987737-0331a9f5f80e,26.859,138.483
wide-researcher-1785987737-792ce8b3f6b0,26.871,299.528
reviewer-1785987738-c6c8669f1c6d,26.888,656.964
data-analyst-1785987738-a80113bfc792,26.913,303.516
deep-researcher-1785987738-aaacf14d0b05,26.921,162.813
wide-researcher-1785987738-ed6bb308e325,26.944,146.578
reviewer-1785987738-ecefd228b364,26.974,418.085
data-analyst-1785987738-f6d01ad3fee6,27.008,424.598
deep-researcher-1785987738-114fbb816ae3,27.018,133.115
wide-researcher-1785987738-86512f7856ea,27.038,117.202
reviewer-1785987738-1247bf357657,27.056,401.757
data-analyst-1785987738-8016aaf411b6,27.081,304.421
deep-researcher-1785987738-51050349c8dc,27.097,95.570
wide-researcher-1785987738-faba5378bd41,27.106,493.550
reviewer-1785987738-2502b379da8f,27.128,295.222
data-analyst-1785987738-5890894b8034,27.162,425.462
deep-researcher-1785987738-0f379d24e9ff,27.179,119.208
wide-researcher-1785987738-d7a40ed6f88e,27.191,194.312
reviewer-1785987738-5a2be964e6ad,27.199,401.727
data-analyst-1785987738-52382d775031,27.229,581.776
deep-researcher-1785987738-6d74b4af108e,27.240,191.685
wide-researcher-1785987738-4ba0b7c8d58a,27.256,122.723
reviewer-1785987738-1ac1263b80ea,27.269,546.183
data-analyst-1785987738-16f4a40475a9,27.303,410.893
deep-researcher-1785987738-ff4dae2eaa5c,27.319,617.463
wide-researcher-1785987738-d09a99b0ea3d,27.336,118.767
reviewer-1785987738-309cd1cb3245,27.345,663.273
data-analyst-1785987738-50255127f20c,27.384,502.087
deep-researcher-1785987738-4b6fc1b26e10,27.396,582.011
wide-researcher-1785987738-4dcef729fce3,27.417,193.231
reviewer-1785987738-69ff7fce2c09,27.443,424.083
data-analyst-1785987738-746d3a4406aa,27.478,401.294
deep-researcher-1785987738-3dcfb88cce14,27.494,100.218
wide-researcher-1785987738-f9cc7ec587ba,27.517,533.244
reviewer-1785987738-8b7ec142e305,27.534,419.363
data-analyst-1785987738-19077eadcf0e,27.571,400.037
deep-researcher-1785987738-a2ef4aeeaadd,27.583,118.547
wide-researcher-1785987738-211b35d2daf9,27.602,519.497
reviewer-1785987738-c1d4eefa70df,27.623,296.739
data-analyst-1785987738-fc5e28ff37a7,27.660,534.646
deep-researcher-1785987738-397d63079ca6,27.670,443.824
wide-researcher-1785987738-ee14fc212c1d,27.692,414.623
reviewer-1785987738-c46775ff030b,27.718,237.821
data-analyst-1785987738-3fd5c8357b78,27.748,421.719
deep-researcher-1785987738-f468063f6d7c,27.756,197.155
wide-researcher-1785987738-64e52ea1fc1e,27.782,123.319
reviewer-1785987738-3d9df3690139,27.806,419.538
data-analyst-1785987738-ab07ebbe9903,27.836,418.666
deep-researcher-1785987738-bcb6b96b3c02,27.853,194.297
wide-researcher-1785987738-368bae530aff,27.892,423.865
reviewer-1785987738-3a3923eddc47,27.911,301.148
data-analyst-1785987739-d78b167adcb0,27.936,198.838
deep-researcher-1785987739-528bf947c1ac,27.954,117.696
wide-researcher-1785987739-4ad6ed113f5d,27.969,423.035
reviewer-1785987739-1b21a91f50c5,27.987,525.036
data-analyst-1785987739-d3bf0163d8be,28.015,306.321
deep-researcher-1785987739-130f1f4f4f2d,28.027,184.078
wide-researcher-1785987739-4c7c32ed3336,28.044,120.452
reviewer-1785987739-984ccb78679b,28.078,400.383
data-analyst-1785987739-1dc055dec431,28.117,517.709
deep-researcher-1785987739-ce7a9af5694f,28.128,153.796
wide-researcher-1785987739-5d682e67b41f,28.146,198.045
reviewer-1785987739-34d96b246f9c,28.155,467.061
data-analyst-1785987739-bcfa21a78bbc,28.203,220.816
deep-researcher-1785987739-bb3330de0c8b,28.215,118.141
wide-researcher-1785987739-a76d324a26da,28.240,148.960
reviewer-1785987739-547d9dc3d46c,28.253,520.583
data-analyst-1785987739-3c18228728c9,28.282,429.821
deep-researcher-1785987739-f0d2b81a443c,28.312,307.634
wide-researcher-1785987739-d682d2eefec6,28.337,407.501
reviewer-1785987739-a27e9968e827,28.346,320.308
data-analyst-1785987739-22fcfd69ac19,28.372,539.113
deep-researcher-1785987739-2fe5b0576468,28.386,282.287
wide-researcher-1785987739-a2e8c6f660fc,28.403,121.630
reviewer-1785987739-94338ec7dbbe,28.416,516.273
data-analyst-1785987739-fe0819c38e16,28.454,413.021
deep-researcher-1785987739-d3211cf97f14,28.481,340.147
wide-researcher-1785987739-d475fc28469a,28.517,423.458
reviewer-1785987739-a17756de5e01,28.529,318.484
data-analyst-1785987739-867dd9261dc1,28.565,520.251
deep-researcher-1785987739-aa6f2940cfd1,28.578,147.499
wide-researcher-1785987739-ca2c70754264,28.598,521.623
reviewer-1785987739-d1f18bbef1b5,28.615,320.446
data-analyst-1785987739-8f62d07c8905,28.641,307.406
deep-researcher-1785987739-d39f1422d3ea,28.653,80.390
wide-researcher-1785987739-e688420e4151,28.675,97.908
reviewer-1785987739-6d28eeec3eae,28.687,308.767
data-analyst-1785987739-732f6fda0b88,28.712,659.297
deep-researcher-1785987739-ce4c6a867c75,28.728,122.059
wide-researcher-1785987739-3c546de8e224,28.741,640.382
reviewer-1785987739-bea1ced200ba,28.757,306.400
data-analyst-1785987739-87e16742b8f1,28.785,404.317
deep-researcher-1785987739-e20851a1599b,28.817,120.546
wide-researcher-1785987739-afcbef4d5bc1,28.830,304.245
reviewer-1785987739-6a4155e11be7,28.846,407.159
data-analyst-1785987739-b0343ead7ddd,28.884,532.740
deep-researcher-1785987739-fe778ddf6e40,28.904,156.168
wide-researcher-1785987740-aafc95b33e64,28.926,303.651
reviewer-1785987740-f1c76437177a,28.951,503.784
data-analyst-1785987740-fbd04352e96b,28.985,420.478
deep-researcher-1785987740-1a56048ac486,28.998,661.890
wide-researcher-1785987740-f18f8f9c2a5c,29.011,120.072
reviewer-1785987740-16ca095345ec,29.029,529.195
data-analyst-1785987740-097d5a090fa8,29.050,296.938
deep-researcher-1785987740-e855a38eb602,29.059,307.024
wide-researcher-1785987740-94381abfdc23,29.076,182.082
reviewer-1785987740-f32486dbc302,29.084,418.857
data-analyst-1785987740-c2269317103a,29.112,401.823
deep-researcher-1785987740-71a8edefc311,29.124,651.119
wide-researcher-1785987740-a9db5c8e5b7d,29.141,128.204
reviewer-1785987740-29bd6563226d,29.167,417.532
data-analyst-1785987740-d51fc5154d7c,29.198,669.337
deep-researcher-1785987740-fbac54346fbf,29.232,118.863
wide-researcher-1785987740-4bf6a744dbbe,29.247,112.456
reviewer-1785987740-eda997ae771e,29.263,528.699
data-analyst-1785987740-7fbacc4d7ab4,29.293,201.390
deep-researcher-1785987740-b9c3b6570651,29.308,673.417
wide-researcher-1785987740-433f29843c4a,29.325,196.594
reviewer-1785987740-2118191523c7,29.367,368.947
data-analyst-1785987740-4bc5615d6909,29.401,402.052
deep-researcher-1785987740-04c69084fedf,29.425,94.362
wide-researcher-1785987740-35bc57257ffd,29.438,340.018
reviewer-1785987740-3cde2c3f6ef0,29.467,411.385
data-analyst-1785987740-ff8a3d326c0e,29.495,536.756
deep-researcher-1785987740-a9c9da0abc66,29.508,627.500
wide-researcher-1785987740-74539c5459cc,29.540,195.383
reviewer-1785987740-9b0e517a8662,29.559,415.700
data-analyst-1785987740-90e0299f10f1,29.589,408.943
deep-researcher-1785987740-c15d91cc8945,29.625,139.429
wide-researcher-1785987740-5f0f1908d638,29.637,135.157
reviewer-1785987740-c3ac26975731,29.660,658.472
data-analyst-1785987740-7fb85410b1b3,29.699,316.593
deep-researcher-1785987740-305075e44697,29.721,578.596
wide-researcher-1785987740-744b01dd5208,29.746,297.295
reviewer-1785987740-5f6508cfcb1f,29.760,670.102
data-analyst-1785987740-b7c799f85c75,29.800,308.491
deep-researcher-1785987740-4943e08a41ef,29.823,197.462
wide-researcher-1785987740-40ccd5e981ee,29.854,297.181
reviewer-1785987740-0113d8441fbe,29.869,405.653
data-analyst-1785987740-5a9befe31a92,29.911,305.202
deep-researcher-1785987741-3503fc4dbc4f,29.928,632.096
wide-researcher-1785987741-8b2b44f89692,29.964,119.042
reviewer-1785987741-eaaaa5055d0d,29.986,366.815
data-analyst-1785987741-646a13a9d727,30.024,301.251
deep-researcher-1785987741-9036d73d1ee9,30.036,401.648
wide-researcher-1785987741-38aacf1b7684,30.049,393.853
reviewer-1785987741-6d6e4d0d47b9,30.068,405.738
data-analyst-1785987741-10b63a27d8a7,30.093,410.574
deep-researcher-1785987741-e8e5c45d62cc,30.105,196.730
wide-researcher-1785987741-d2db158d3be7,30.125,201.789
reviewer-1785987741-e7d90a9112b0,30.140,335.876
data-analyst-1785987741-f5a73b50f122,30.167,335.924
deep-researcher-1785987741-a37950fa7eef,30.180,209.432
wide-researcher-1785987741-fd4a4c3df68c,30.205,289.441
reviewer-1785987741-3a4be6d7d061,30.226,537.004
data-analyst-1785987741-4d531fee3773,30.255,292.537
deep-researcher-1785987741-97fc68dbe3fd,30.273,121.238
wide-researcher-1785987741-dd44e6ba8df9,30.289,87.994
reviewer-1785987741-f7d617eaf2a3,30.306,413.982
data-analyst-1785987741-877ea3851a9a,30.342,403.961
deep-researcher-1785987741-1f7929beda23,30.359,119.667
wide-researcher-1785987741-9445f68aff62,30.372,117.288
reviewer-1785987741-cd45ca253cef,30.404,423.650
data-analyst-1785987741-fa52b488436b,30.433,349.472
deep-researcher-1785987741-b18785dceb90,30.462,119.972
wide-researcher-1785987741-bfe9a17fd876,30.471,203.605
reviewer-1785987741-bb6b40afadcf,30.496,581.432
data-analyst-1785987741-061cdbd6760e,30.526,295.001
deep-researcher-1785987741-34f1b9f77672,30.539,473.798
wide-researcher-1785987741-dd1b8cfe61a0,30.554,137.532
reviewer-1785987741-d0b859fb34e1,30.563,336.183
data-analyst-1785987741-cacd19af61f9,30.598,295.032
deep-researcher-1785987741-d231d0b4fdd4,30.610,87.221
wide-researcher-1785987741-01ac3f977052,30.626,119.239
reviewer-1785987741-4412807a472b,30.639,357.474
data-analyst-1785987741-9541556d63ac,30.680,395.646
deep-researcher-1785987741-a77b558fe329,30.712,306.792
wide-researcher-1785987741-8102315b0733,30.731,581.372
reviewer-1785987741-a0f99a782e4c,30.747,423.505
data-analyst-1785987741-bf903f029c0a,30.777,304.364
deep-researcher-1785987741-c2239cb436bd,30.793,123.246
wide-researcher-1785987741-8e7c7dd1e11c,30.809,119.061
reviewer-1785987741-e6a0523e89cb,30.834,533.098
data-analyst-1785987741-62120f553bdc,30.878,293.044
deep-researcher-1785987741-4a686b9e690f,30.894,154.014
wide-researcher-1785987741-6696ef4d2bd9,30.910,121.580
reviewer-1785987742-924cf3a1fa90,30.931,447.959
data-analyst-1785987742-7937fc25a7ff,30.973,375.423
deep-researcher-1785987742-cd94f6fbd6f6,30.989,355.512
wide-researcher-1785987742-e32ddc615dae,31.011,85.081
reviewer-1785987742-9ff0d1b48f30,31.023,528.466
data-analyst-1785987742-23661bbf3b59,31.054,514.285
deep-researcher-1785987742-739d827290a3,31.071,119.259
wide-researcher-1785987742-db834597aa27,31.083,183.131
reviewer-1785987742-abad6746315c,31.103,420.410
data-analyst-1785987742-7f366f5adbdd,31.133,421.302
deep-researcher-1785987742-9071d5252e25,31.145,201.195
wide-researcher-1785987742-4075afe9f54a,31.166,148.351
reviewer-1785987742-03875b713475,31.178,375.692
data-analyst-1785987742-38938ba019fd,31.214,426.594
deep-researcher-1785987742-0e5767d09c59,31.230,121.288
wide-researcher-1785987742-1c00372d324f,31.256,414.792
reviewer-1785987742-2b7ad05cd92a,31.268,414.696
data-analyst-1785987742-7856597f30a4,31.299,419.007
deep-researcher-1785987742-3a1c18295d82,31.335,119.848
wide-researcher-1785987742-c465c465f352,31.360,294.462
reviewer-1785987742-9afd9ab4c871,31.373,462.260
data-analyst-1785987742-10f9c7d03169,31.400,527.458
deep-researcher-1785987742-70cd297363f5,31.429,416.396
wide-researcher-1785987742-719e21ce4a93,31.442,274.199
reviewer-1785987742-922f9284ac57,31.455,411.019
data-analyst-1785987742-5038d21067d5,31.498,297.311
deep-researcher-1785987742-b6d5b7626ad7,31.514,120.015
wide-researcher-1785987742-482582cd10de,31.539,282.035
reviewer-1785987742-a77f9f7c92bc,31.562,378.047
data-analyst-1785987742-92121af2d6aa,31.605,674.488
deep-researcher-1785987742-02ca9dddb7c3,31.621,195.980
wide-researcher-1785987742-40e45a017685,31.638,202.394
reviewer-1785987742-f6a3b1a3d076,31.651,654.764
data-analyst-1785987742-f53cd4876f78,31.690,307.683
deep-researcher-1785987742-abf7bc0abdcf,31.734,191.911
wide-researcher-1785987742-7b51d443d479,31.747,518.628
reviewer-1785987742-2bafbec2e1fe,31.763,543.531
data-analyst-1785987742-b59ed6f29865,31.793,198.228
deep-researcher-1785987742-74a098bb09a7,31.805,657.109
wide-researcher-1785987742-c5875878de27,31.818,86.554
reviewer-1785987742-84057b704dd7,31.829,235.678
data-analyst-1785987742-14ef68ab2904,31.859,296.119
deep-researcher-1785987742-8d7bba03bcdd,31.886,238.534
wide-researcher-1785987742-71851e9bfc9d,31.917,298.742
reviewer-1785987743-cf6e04d1a49b,31.929,300.812
data-analyst-1785987743-4cbcdfa44c62,31.974,639.402
deep-researcher-1785987743-43173b19e79d,31.986,543.299
wide-researcher-1785987743-469451cb3a80,31.999,150.866
reviewer-1785987743-37b0324f1b8c,32.012,518.130
data-analyst-1785987743-4d682e653217,32.051,292.020
deep-researcher-1785987743-ec9e3076f47d,32.068,396.876
wide-researcher-1785987743-3cbc43ee234c,32.084,84.619
reviewer-1785987743-d9d2048e99a8,32.106,317.234
data-analyst-1785987743-f58f902547d6,32.141,312.178
deep-researcher-1785987743-bf02c6ea6382,32.150,636.220
wide-researcher-1785987743-9ed2d0778fee,32.185,127.334
reviewer-1785987743-fd7b599eed3c,32.215,471.535
data-analyst-1785987743-3ebfb3753e67,32.259,541.651
deep-researcher-1785987743-6119673fe0ca,32.271,135.359
wide-researcher-1785987743-ff5867453c62,32.288,196.305
reviewer-1785987743-3ea8f9520530,32.344,416.409
data-analyst-1785987743-4ff1dbea4c39,32.378,428.778
deep-researcher-1785987743-b20c38cf0d24,32.390,217.494
wide-researcher-1785987743-2e9e1f351913,32.410,202.875
reviewer-1785987743-8e108d6cf02a,32.436,461.683
data-analyst-1785987743-3758484a2818,32.481,332.646
deep-researcher-1785987743-e59971083a2c,32.503,624.560
wide-researcher-1785987743-c9361b230b11,32.524,196.782
reviewer-1785987743-67e36b6301ce,32.537,298.047
data-analyst-1785987743-79e64f2ebcd5,32.562,405.232
deep-researcher-1785987743-95dd9c2305cc,32.581,120.275
wide-researcher-1785987743-f40d2e038585,32.610,119.075
reviewer-1785987743-cafc7d06c2e1,32.620,402.469
data-analyst-1785987743-d08e111d2301,32.653,530.388
deep-researcher-1785987743-0c8a3cc98631,32.675,333.698
wide-researcher-1785987743-cb8bfc387fbe,32.684,279.767
reviewer-1785987743-ccee708729c8,32.718,651.555
data-analyst-1785987743-8a1f3527a8b0,32.767,625.180
deep-researcher-1785987743-8a8e6bcd4237,32.789,668.722
wide-researcher-1785987743-ae3bb68e1185,32.800,302.493
reviewer-1785987743-ac854c5c97ed,32.841,402.006
data-analyst-1785987743-7654bafd5857,32.875,414.848
deep-researcher-1785987743-60d794e1d58c,32.893,133.500
wide-researcher-1785987743-48033379c022,32.906,121.373
reviewer-1785987744-293610ba8d36,32.929,406.242
data-analyst-1785987744-842d32317d0e,32.958,540.313
deep-researcher-1785987744-f29fca9960cc,32.972,638.543
wide-researcher-1785987744-2faf3cef7145,33.003,203.672
reviewer-1785987744-2fc096070a53,33.019,409.676
data-analyst-1785987744-08a59d561b80,33.045,516.716
deep-researcher-1785987744-9ae2c8eb7062,33.086,118.622
wide-researcher-1785987744-df37825c8947,33.120,528.420
reviewer-1785987744-850c8ddd362a,33.150,574.627
data-analyst-1785987744-ef6b4957f585,33.209,653.028
deep-researcher-1785987744-8efb6bb08365,33.241,449.844
wide-researcher-1785987744-4fa9733357a3,33.253,308.847
reviewer-1785987744-c3776f4e5925,33.278,623.971
data-analyst-1785987744-afd0b9da8acf,33.304,659.702
deep-researcher-1785987744-f0c231c199c1,33.321,412.000
wide-researcher-1785987744-4707e79b32c9,33.339,125.467
reviewer-1785987744-cfb43eef7ca9,33.350,419.103
data-analyst-1785987744-91ef41efdccf,33.394,443.710
deep-researcher-1785987744-d9de4ab37ae4,33.420,117.339
wide-researcher-1785987744-2551b0025bf9,33.434,192.055
reviewer-1785987744-9f7618be822e,33.451,407.874
data-analyst-1785987744-8622317d2a54,33.487,418.823
deep-researcher-1785987744-3cfee6c282f7,33.505,174.987
wide-researcher-1785987744-3b8f25ad098f,33.521,522.437
reviewer-1785987744-a8f66a67140d,33.542,406.546
data-analyst-1785987744-292de286bf39,33.568,580.441
deep-researcher-1785987744-0cc65b540905,33.582,93.841
wide-researcher-1785987744-0cb15e9f0baa,33.594,124.715
reviewer-1785987744-44f30a4930e4,33.616,400.052
data-analyst-1785987744-ae2906d20214,33.637,445.179
deep-researcher-1785987744-0fbe32769f72,33.657,291.887
wide-researcher-1785987744-ea44825a7ee4,33.669,550.906
reviewer-1785987744-e5a433718a56,33.692,424.264
data-analyst-1785987744-20f8a3fd7857,33.725,417.581
deep-researcher-1785987744-ac520e25e69c,33.737,536.582
wide-researcher-1785987744-9417207e1a84,33.759,125.547
reviewer-1785987744-9283468e4e66,33.798,399.713
data-analyst-1785987744-116fe0fce245,33.859,301.181
deep-researcher-1785987744-034e4bc054fb,33.871,192.550
wide-researcher-1785987744-748b151a3031,33.889,135.278
reviewer-1785987744-58a2a334a91c,33.902,418.023
data-analyst-1785987745-13fdd412b11e,33.949,510.684
deep-researcher-1785987745-f7434733ab5c,33.962,131.441
wide-researcher-1785987745-01a0fe0751f8,33.984,203.424
reviewer-1785987745-a93aa83ed562,33.997,425.116
data-analyst-1785987745-0fd136943f3c,34.032,417.673
deep-researcher-1785987745-bbd43ce34626,34.046,201.549
wide-researcher-1785987745-663e16b89bba,34.057,218.335
reviewer-1785987745-596d36718c5d,34.074,550.133
data-analyst-1785987745-e7e5a9c18d9e,34.108,634.893
deep-researcher-1785987745-a55fcbb27fdd,34.126,198.885
wide-researcher-1785987745-664f02973582,34.137,86.847
reviewer-1785987745-1e37fbfa3e68,34.163,528.285
data-analyst-1785987745-fdc0c63f84fa,34.195,295.710
deep-researcher-1785987745-0b9fa80ea508,34.228,84.464
wide-researcher-1785987745-8f2060adf8a2,34.240,526.938
reviewer-1785987745-afda9fde6af6,34.295,630.428
data-analyst-1785987745-58a7c1c77be5,34.349,405.450
deep-researcher-1785987745-87fcb29fe158,34.361,428.707
wide-researcher-1785987745-4b4aa26fd373,34.383,121.821
reviewer-1785987745-c7c8a42e81f3,34.395,425.145
data-analyst-1785987745-2ce3f8c393f6,34.436,528.376
deep-researcher-1785987745-e97ecf598931,34.476,423.781
wide-researcher-1785987745-ebdcdc3761e3,34.492,196.645
reviewer-1785987745-a39f49b7c183,34.517,409.475
data-analyst-1785987745-5ca6e33fa2e3,34.559,485.581
deep-researcher-1785987745-6e0178674a05,34.572,120.821
wide-researcher-1785987745-e52f3d888a6a,34.593,201.985
reviewer-1785987745-b9347b881192,34.614,614.005
data-analyst-1785987745-1ac5b2d6ce56,34.662,487.924
deep-researcher-1785987745-4d0d2a537c27,34.674,194.040
wide-researcher-1785987745-87b84ed8aa19,34.705,120.403
reviewer-1785987745-7935e58b4c76,34.720,633.720
data-analyst-1785987745-90820aadf05e,34.755,419.659
deep-researcher-1785987745-33be9c74ca95,34.767,140.241
wide-researcher-1785987745-3c9db09f7264,34.784,524.027
reviewer-1785987745-32ba029388a8,34.797,309.649
data-analyst-1785987745-51789490d128,34.823,548.692
deep-researcher-1785987745-64e3c9cfaad8,34.854,652.964
wide-researcher-1785987745-d1dbc4e51a08,34.866,247.872
reviewer-1785987745-54270a7e5117,34.888,655.850
data-analyst-1785987746-2343ed4c5e62,34.925,408.566
deep-researcher-1785987746-d00dee6cc087,34.942,118.533
wide-researcher-1785987746-12cbfd8f5bd4,34.954,157.290
reviewer-1785987746-8825f327d002,34.967,293.273
data-analyst-1785987746-0bcddb316b52,35.012,306.008
deep-researcher-1785987746-3d28a22bedfc,35.036,532.189
wide-researcher-1785987746-a9c648625bb5,35.057,199.436
reviewer-1785987746-999a8b83de61,35.074,518.585
data-analyst-1785987746-c0888b028332,35.112,525.021
deep-researcher-1785987746-7206b98d7d12,35.128,195.866
wide-researcher-1785987746-213695e3798c,35.140,283.303
reviewer-1785987746-0123fddff570,35.171,366.640
data-analyst-1785987746-4d227a4ef88f,35.204,443.891
deep-researcher-1785987746-8c2c7b3a3e8d,35.220,125.598
wide-researcher-1785987746-1b9f72611954,35.241,201.705
reviewer-1785987746-7e62888c81ea,35.266,316.833
data-analyst-1785987746-028f22b37b4b,35.300,526.459
deep-researcher-1785987746-9504e9c0f4c9,35.317,127.941
wide-researcher-1785987746-f830d796950d,35.363,526.954
reviewer-1785987746-89e8a44fa4bf,35.380,423.713
data-analyst-1785987746-825d5674432d,35.406,291.706
deep-researcher-1785987746-01fcb0efbe0a,35.454,194.781
wide-researcher-1785987746-3652fba7a4c2,35.471,428.017
reviewer-1785987746-d6cdf03bf969,35.497,413.920
data-analyst-1785987746-88bb49b72691,35.543,623.773
deep-researcher-1785987746-1d393aa6e19d,35.553,401.663
wide-researcher-1785987746-fbdfe67ae0be,35.569,306.637
reviewer-1785987746-7287ef376b6a,35.585,569.029
data-analyst-1785987746-af358b99a08c,35.620,421.217
deep-researcher-1785987746-f98705e4bbbe,35.638,639.087
wide-researcher-1785987746-db057508e29b,35.653,203.989
reviewer-1785987746-26768939e433,35.671,660.760
data-analyst-1785987746-ad912decae31,35.698,336.629
deep-researcher-1785987746-1989c833b8bb,35.737,404.112
wide-researcher-1785987746-cc2d15b55e16,35.749,254.963
reviewer-1785987746-a1d6f9f820ae,35.771,371.212
data-analyst-1785987746-bd7ce25919f4,35.805,302.463
deep-researcher-1785987746-4f980a62ef8b,35.857,643.103
wide-researcher-1785987746-96736fa43a00,35.873,419.334
reviewer-1785987746-89f8cb9f5126,35.892,315.727
data-analyst-1785987746-44c54f83ec86,35.919,308.631
deep-researcher-1785987747-dfa34e5501ed,35.937,415.787
wide-researcher-1785987747-5e9464e8d7ad,35.994,290.360
reviewer-1785987747-83e826b162b5,36.022,378.160
data-analyst-1785987747-6a91be4bbb1c,36.069,415.040
deep-researcher-1785987747-2229484a786b,36.103,639.513
wide-researcher-1785987747-74ec76b17905,36.126,119.563
reviewer-1785987747-754ef09384fd,36.140,502.814
data-analyst-1785987747-6534f38ebbcb,36.171,403.226
deep-researcher-1785987747-5678051c4389,36.184,195.701
wide-researcher-1785987747-ae59330fcb4e,36.217,197.524
reviewer-1785987747-24fc9f5e7edd,36.230,413.491
data-analyst-1785987747-90b1206f0e7e,36.251,304.146
deep-researcher-1785987747-1a326e544f5e,36.269,536.094
wide-researcher-1785987747-d91a9da026ce,36.297,198.916
reviewer-1785987747-14302e3dec09,36.313,323.047
data-analyst-1785987747-414b8b3d8425,36.339,403.180
deep-researcher-1785987747-bd97d4a8816b,36.357,421.641
wide-researcher-1785987747-791a364c53b1,36.376,196.399
reviewer-1785987747-26e5aba9d150,36.405,353.064
data-analyst-1785987747-7882c51d4f6c,36.436,526.543
deep-researcher-1785987747-c9fbe7e69ede,36.453,661.737
wide-researcher-1785987747-c1730feb0cd4,36.484,522.719
reviewer-1785987747-3ce642b90a39,36.496,526.445
data-analyst-1785987747-91b3c977f1eb,36.523,290.967
deep-researcher-1785987747-d6c1a1f0f605,36.548,193.031
wide-researcher-1785987747-e316e27dfdc4,36.575,157.431
reviewer-1785987747-4cc2f46c592e,36.591,310.486
data-analyst-1785987747-c00e7b85c75a,36.626,222.729
deep-researcher-1785987747-1d2eb51d6195,36.639,133.063
wide-researcher-1785987747-981085fbb542,36.657,208.723
reviewer-1785987747-e7adde2535a0,36.674,404.710
data-analyst-1785987747-0cf2cf9ff2e5,36.710,410.219
deep-researcher-1785987747-15f8ce8f5473,36.732,119.879
data-analyst-1785987730-f8a2943424a0,36.736,67.166
wide-researcher-1785987747-2bf796ce6a54,36.749,229.454
reviewer-1785987747-65ab083fa41b,36.776,411.471
data-analyst-1785987733-c210a0c872e0,36.791,91.829
data-analyst-1785987733-af4e7c75d015,36.806,64.477
data-analyst-1785987747-068070818c6c,36.810,412.839
deep-researcher-1785987747-179a1a2b6786,36.826,163.866
wide-researcher-1785987747-2af9ca826bf7,36.875,187.754
reviewer-1785987747-bb7668b7a0e5,36.893,519.133
data-analyst-1785987747-6af6230d6cd1,36.933,554.096
deep-researcher-1785987748-f79f8a9f6e39,36.964,196.838
wide-researcher-1785987748-04674dc866cf,36.981,118.205
reviewer-1785987748-510836af2d0b,37.008,655.528
data-analyst-1785987728-bdc47504ea57,37.016,37.016
data-analyst-1785987748-56349540a7c6,37.052,204.519
deep-researcher-1785987748-fb3e4c70d52d,37.066,290.405
wide-researcher-1785987748-7ed229e625e6,37.103,202.181
reviewer-1785987748-74ca8f60623e,37.117,296.970
data-analyst-1785987748-c42fbd8c64b2,37.150,581.608
deep-researcher-1785987748-f3845d815e01,37.164,641.946
wide-researcher-1785987748-8bdac94651ad,37.188,517.977
reviewer-1785987748-9336129d7dea,37.202,517.678
data-analyst-1785987748-d5a82878bccf,37.244,419.319
deep-researcher-1785987748-acd3ae7259b4,37.263,406.275
wide-researcher-1785987748-60382f3f6ff6,37.282,140.879
reviewer-1785987748-e35cfa0fdb8b,37.296,253.862
data-analyst-1785987748-eb27004f1778,37.370,300.437
deep-researcher-1785987748-06b995b8a6a1,37.406,293.571
wide-researcher-1785987748-9da2e4e39152,37.439,410.939
reviewer-1785987748-67f557aa8b7d,37.495,414.350
data-analyst-1785987748-fc2eb575c547,37.530,445.319
deep-researcher-1785987748-582578515444,37.544,92.399
wide-researcher-1785987748-d0a3c4a36669,37.558,518.572
reviewer-1785987748-b855d864cb4b,37.577,225.197
data-analyst-1785987748-d51658f46e1f,37.612,413.332
deep-researcher-1785987748-d9fa6debccba,37.646,554.872
wide-researcher-1785987748-21a0061a44d4,37.660,508.342
reviewer-1785987748-caae8eef4b88,37.679,293.652
data-analyst-1785987748-89e0b7665da2,37.703,294.358
deep-researcher-1785987748-6f5cef76e99f,37.722,116.885
wide-researcher-1785987748-f07c0c61e540,37.741,191.297
reviewer-1785987748-97f57b51479e,37.754,523.738
data-analyst-1785987748-6e97f988d265,37.784,312.194
deep-researcher-1785987748-b98f998b8988,37.803,521.777
wide-researcher-1785987748-131b45a4e111,37.817,521.853
reviewer-1785987748-f26afb770f0f,37.835,330.784
data-analyst-1785987728-559c3fbd4444,37.867,116.967
data-analyst-1785987748-ce70a10b662a,37.876,472.966
data-analyst-1785987730-da9bbee70cd9,37.889,114.858
deep-researcher-1785987748-d5b7f08a70ca,37.894,447.887
wide-researcher-1785987748-a141f8980005,37.911,124.098
reviewer-1785987749-ca10a45ff74c,37.924,413.672
data-analyst-1785987749-f8975b6b6cd4,37.953,401.502
deep-researcher-1785987749-959ffdb27c52,37.971,290.342
wide-researcher-1785987749-a1012dfdac74,37.990,203.699
reviewer-1785987749-f429082fd25d,38.008,346.772
data-analyst-1785987749-da740947382b,38.079,271.015
data-analyst-1785987729-c086f31deab5,38.089,38.089
deep-researcher-1785987749-b60b599b5e33,38.107,120.292
wide-researcher-1785987749-3b3e7845433d,38.130,195.634
reviewer-1785987749-943cd2dd1900,38.154,520.857
data-analyst-1785987749-13159352a33b,38.185,416.441
deep-researcher-1785987749-0827da6cf4ba,38.199,124.636
wide-researcher-1785987749-318748746ff4,38.232,173.390
reviewer-1785987749-4ce88f6a39b3,38.251,525.539
data-analyst-1785987749-62296f7af615,38.278,533.027
deep-researcher-1785987749-92a709e5d34c,38.296,198.781
wide-researcher-1785987749-0baf4e7ed61e,38.315,194.888
reviewer-1785987749-516ce0210a02,38.385,511.697
data-analyst-1785987749-3f239b46bdd4,38.409,408.960
deep-researcher-1785987749-63d2a0b564b2,38.421,199.601
data-analyst-1785987728-752c9363029d,38.431,38.431
wide-researcher-1785987749-2c175d432783,38.443,168.911
reviewer-1785987749-1ea22030e92c,38.471,565.925
data-analyst-1785987749-fd31bb86b3e1,38.500,497.520
deep-researcher-1785987749-1e206c1cdfe2,38.519,675.044
wide-researcher-1785987749-a0d7b39ca983,38.533,408.055
reviewer-1785987749-303d4bfe43f1,38.548,551.708
data-analyst-1785987749-70f529a563ad,38.577,498.342
deep-researcher-1785987749-184fa58b46d6,38.596,178.482
data-analyst-1785987728-a6386a0b503e,38.610,38.611
wide-researcher-1785987749-225f4c692612,38.610,120.565
reviewer-1785987749-8e866756f358,38.629,481.187
data-analyst-1785987749-7d6d71743636,38.663,469.008
deep-researcher-1785987749-42e02d2e1bf8,38.677,197.298
wide-researcher-1785987749-d187bdb75f01,38.696,151.942
reviewer-1785987749-9177a13cad9c,38.710,632.808
data-analyst-1785987749-b4d62334fd27,38.749,419.678
deep-researcher-1785987749-bbe2224b9b44,38.763,120.322
wide-researcher-1785987749-d6589dfa0bf3,38.792,121.675
reviewer-1785987749-f653e8deca8a,38.806,642.456
data-analyst-1785987749-447a61654ba7,38.877,268.636
deep-researcher-1785987749-fc4c14d3f258,38.916,118.560
wide-researcher-1785987749-eb32e49b2e3a,38.930,469.252
reviewer-1785987749-8673921bee04,39.006,577.887
data-analyst-1785987750-10613e9055ed,39.035,408.425
deep-researcher-1785987750-7aa1429e1419,39.049,199.340
wide-researcher-1785987750-fdc68b107792,39.070,156.652
reviewer-1785987750-02828ffe0dc9,39.088,538.570
data-analyst-1785987750-6b818ae46d59,39.122,537.035
deep-researcher-1785987750-8ff432764385,39.153,117.187
wide-researcher-1785987750-b9d3dd8b3d76,39.167,120.593
reviewer-1785987750-d6a8de7d9f44,39.196,294.104
data-analyst-1785987750-a389b6b838cb,39.220,410.187
deep-researcher-1785987750-a52b42cd24c3,39.243,552.048
wide-researcher-1785987750-99c053ae3a91,39.256,146.172
reviewer-1785987750-ef2a79e15202,39.274,514.782
data-analyst-1785987750-2382a735c107,39.301,292.760
deep-researcher-1785987750-21f3c83c46b0,39.327,118.453
wide-researcher-1785987750-161e2b988d95,39.344,300.767
reviewer-1785987750-651958505d07,39.359,412.110
data-analyst-1785987750-f0707f058bbd,39.387,655.808
deep-researcher-1785987750-9a2574997713,39.401,208.207
wide-researcher-1785987750-50b554b726ee,39.423,536.410
reviewer-1785987750-4ba16a0185a0,39.436,410.169
data-analyst-1785987750-63af094191c4,39.463,410.681
deep-researcher-1785987750-6d70ecd3957d,39.481,665.516
wide-researcher-1785987750-9cd5ffe57e3b,39.506,99.565
reviewer-1785987750-3bac2eb7ec0d,39.523,517.325
data-analyst-1785987750-44833db39c9a,39.552,305.155
deep-researcher-1785987750-6bd36f51740c,39.593,413.936
wide-researcher-1785987750-fdb314b8897a,39.615,420.670
data-analyst-1785987729-022774e96c27,39.624,39.624
reviewer-1785987750-08a71584c6aa,39.641,655.192
data-analyst-1785987750-013de4343b3d,39.670,335.248
deep-researcher-1785987750-7663c11e840e,39.698,123.336
wide-researcher-1785987750-6a6e380eeee8,39.712,271.001
reviewer-1785987750-61f73ca8217f,39.735,623.241
data-analyst-1785987750-f993f73dd644,39.764,235.705
deep-researcher-1785987750-25df7846c8be,39.795,196.713
wide-researcher-1785987750-cb436a7292d9,39.812,400.194
reviewer-1785987750-14f834e7d26f,39.830,489.958
data-analyst-1785987750-778c7126f5fc,39.884,464.643
deep-researcher-1785987750-bc9985ce71d0,39.900,207.965
wide-researcher-1785987750-e6737aa7b7fb,39.912,149.308
reviewer-1785987751-2c67d95923e5,39.925,420.338
data-analyst-1785987751-c0842abb6a47,39.954,292.699
deep-researcher-1785987751-9ac4ecab7787,39.978,204.809
wide-researcher-1785987751-34cb9a470fa4,39.991,201.075
reviewer-1785987751-3bf2ffbcf199,40.003,528.211
data-analyst-1785987751-072985f06156,40.036,424.938
deep-researcher-1785987751-4ba7247c1635,40.048,144.282
wide-researcher-1785987751-f8f99447eb66,40.069,552.838
reviewer-1785987751-ff8982caf154,40.094,624.100
data-analyst-1785987751-88bdd451f1e4,40.124,303.841
deep-researcher-1785987751-cc64088b1f3b,40.137,535.358
wide-researcher-1785987751-9690b7cf58bb,40.151,409.547
reviewer-1785987751-1572863c5b67,40.176,443.453
data-analyst-1785987751-51584b015451,40.211,417.405
deep-researcher-1785987751-7967cfbd4a68,40.223,541.696
wide-researcher-1785987751-78132bb397fd,40.235,201.441
reviewer-1785987751-c31ac74e49e5,40.258,420.846
data-analyst-1785987751-14b563c626f8,40.309,279.309
deep-researcher-1785987751-75df34b74cd3,40.321,538.618
wide-researcher-1785987751-fe870928f635,40.334,200.342
reviewer-1785987751-8fc3dbdb9610,40.384,424.048
data-analyst-1785987751-7d4b5a94590e,40.420,309.505
deep-researcher-1785987751-7fc138869ad8,40.441,127.995
wide-researcher-1785987751-053a6458f8ff,40.459,304.589
reviewer-1785987751-cd06e9cba5f7,40.502,294.177
data-analyst-1785987751-3ec606de9e21,40.535,652.932
data-analyst-1785987732-c18202124925,40.536,119.922
deep-researcher-1785987751-8e6b8b1e57fb,40.551,146.518
wide-researcher-1785987751-1f286c46d3c1,40.564,299.559
reviewer-1785987751-b493d9713655,40.580,320.721
data-analyst-1785987751-2c12e8625aa5,40.614,526.279
deep-researcher-1785987751-404b3fdc576f,40.632,665.639
wide-researcher-1785987751-1bb3454f1e63,40.658,143.798
reviewer-1785987751-9b7f6f856851,40.670,522.850
data-analyst-1785987751-029aff5a8c45,40.705,444.091
deep-researcher-1785987751-38aa9dcb6dce,40.718,557.850
wide-researcher-1785987751-f817281309c3,40.730,507.435
reviewer-1785987751-3af6e61296e4,40.747,607.567
data-analyst-1785987751-6a759d39bea5,40.773,509.210
deep-researcher-1785987751-6ac478994212,40.792,202.421
wide-researcher-1785987751-9098e0922b13,40.821,195.145
reviewer-1785987751-39530e09b211,40.841,636.311
data-analyst-1785987751-657ab966d474,40.876,366.535
deep-researcher-1785987751-9fb39fa710d1,40.899,298.613
wide-researcher-1785987751-c5d00dffcd28,40.917,307.568
reviewer-1785987752-23d5e3f9aff2,40.939,424.518
data-analyst-1785987734-2e7840a63e20,40.970,69.169
data-analyst-1785987752-62711c7d2982,40.979,518.006
deep-researcher-1785987752-b2ba597e02f5,40.996,622.313
wide-researcher-1785987752-d89ae5f7286d,41.013,670.996
reviewer-1785987752-a110e6e7442c,41.025,355.784
data-analyst-1785987752-0309d2ef4a43,41.096,299.120
deep-researcher-1785987752-03c1fe37bab1,41.153,652.055
wide-researcher-1785987752-d960d6bdff7d,41.184,192.027
reviewer-1785987752-e7e0d5a49045,41.201,322.295
data-analyst-1785987752-4330da05b5c5,41.231,307.375
deep-researcher-1785987752-54cdb43985d4,41.248,138.324
wide-researcher-1785987752-83d9fb442346,41.284,200.613
reviewer-1785987752-1aa60b1b11ba,41.306,550.344
data-analyst-1785987752-8c62dcac8328,41.341,452.778
deep-researcher-1785987752-b1662cdcb0c2,41.357,409.250
wide-researcher-1785987752-3d5b26e329f4,41.386,196.852
reviewer-1785987752-34781ac7b858,41.415,300.611
data-analyst-1785987752-b10b0301472e,41.449,557.012
deep-researcher-1785987752-896057ac08d6,41.466,518.102
wide-researcher-1785987752-6a3f9515c3e1,41.497,525.124
reviewer-1785987752-e865874e1857,41.528,519.365
data-analyst-1785987752-87ae32812a4a,41.577,400.165
deep-researcher-1785987752-5fe32a8289b2,41.603,194.466
wide-researcher-1785987752-9d74f5fdb889,41.615,168.891
reviewer-1785987752-a2eca26473fe,41.635,623.640
data-analyst-1785987752-86451973a916,41.666,558.727
deep-researcher-1785987752-28552fcc3c3c,41.687,191.654
wide-researcher-1785987752-d27043d59730,41.700,306.271
reviewer-1785987752-585248170950,41.717,623.526
data-analyst-1785987752-f273823cdec6,41.742,291.824
deep-researcher-1785987752-75488cd8baba,41.769,515.383
wide-researcher-1785987752-b56944f953df,41.784,251.618
reviewer-1785987752-fc5003f41b5c,41.816,550.744
data-analyst-1785987752-90124a77ef1f,41.838,259.879
deep-researcher-1785987752-9a45f967fe4c,41.850,193.124
wide-researcher-1785987752-76a999c50847,41.876,314.370
reviewer-1785987753-abaa039b4ada,41.893,544.299
data-analyst-1785987753-394fd893aa8f,41.932,408.723
deep-researcher-1785987753-2f7cfd7f107a,41.944,293.089
wide-researcher-1785987753-6bd60072403a,41.974,191.526
data-analyst-1785987737-bc889388fc64,41.996,121.489
data-analyst-1785987737-cdf4ec83febf,42.009,129.221
reviewer-1785987753-7155927fd632,42.013,522.567
data-analyst-1785987753-9d19778ead4e,42.043,303.499
deep-researcher-1785987753-2c8ebab71ff3,42.064,294.280
wide-researcher-1785987753-6f74f82dedca,42.093,464.288
reviewer-1785987753-5e586181795f,42.123,405.055
data-analyst-1785987753-ff277f15127e,42.169,673.545
deep-researcher-1785987753-5293198b4f75,42.192,272.478
wide-researcher-1785987753-974c6082bcbe,42.217,117.320
reviewer-1785987753-9095267e41f3,42.245,403.755
data-analyst-1785987753-188d7ca0c692,42.278,330.139
deep-researcher-1785987753-b18ec003341c,42.292,354.424
wide-researcher-1785987753-3d5a02954673,42.322,133.375
reviewer-1785987753-fcf18ea01baa,42.357,218.094
data-analyst-1785987753-1137b43e02fe,42.386,533.128
deep-researcher-1785987753-f14c6e0e55d9,42.411,216.308
wide-researcher-1785987753-39415fd4479d,42.449,207.008
reviewer-1785987753-a87f0f02553b,42.463,419.087
data-analyst-1785987753-ba702fdd6f70,42.491,314.897
deep-researcher-1785987753-0914313003cb,42.525,193.453
wide-researcher-1785987753-e7b619366412,42.541,191.737
data-analyst-1785987737-36a000ad10be,42.542,87.081
reviewer-1785987753-049e61fcf4dd,42.553,522.405
data-analyst-1785987737-b1698eaaec30,42.562,80.761
data-analyst-1785987737-25cbf44d48bb,42.574,73.889
data-analyst-1785987753-ae43d5d924a5,42.582,539.528
deep-researcher-1785987753-cd5e537ec2eb,42.606,407.006
wide-researcher-1785987753-9d89b5c4dc2d,42.656,198.965
reviewer-1785987753-094fe057d621,42.673,425.870
data-analyst-1785987753-19a97e6cf518,42.703,302.478
deep-researcher-1785987753-c993e83609c8,42.720,193.549
wide-researcher-1785987753-c13ff3c65149,42.732,220.443
reviewer-1785987753-5a6d780f5d37,42.749,545.329
data-analyst-1785987753-20ce38cc6f9f,42.789,301.165
deep-researcher-1785987753-c89fbf6bbe02,42.802,163.601
wide-researcher-1785987753-1079a2b5ab13,42.818,121.268
reviewer-1785987753-cab1e8b49f5b,42.856,400.802
data-analyst-1785987753-f08ed89acf45,42.886,507.081
deep-researcher-1785987753-73e97c2d3945,42.915,226.826
wide-researcher-1785987753-c4228cc47c47,42.927,524.426
reviewer-1785987754-4fef6e0324d8,42.940,531.715
data-analyst-1785987754-7a7c7fdbdec5,42.978,298.963
data-analyst-1785987730-1df8afc214b6,42.979,42.982
deep-researcher-1785987754-110ffd35c2c1,43.040,454.481
wide-researcher-1785987754-6339fef228cb,43.085,118.930
reviewer-1785987754-20142b31415b,43.110,536.000
data-analyst-1785987754-d34a80bbbcb7,43.135,255.738
deep-researcher-1785987754-39087ca17464,43.156,418.320
wide-researcher-1785987754-969faa738305,43.193,192.220
reviewer-1785987754-1fdb7ce9b7e6,43.206,409.035
data-analyst-1785987754-91dab068fb47,43.236,534.690
deep-researcher-1785987754-160f82ee12b8,43.248,669.815
wide-researcher-1785987754-eb8acc120681,43.322,251.838
reviewer-1785987754-ec3b9e829328,43.335,425.085
data-analyst-1785987754-c7ed271c26bc,43.386,518.467
deep-researcher-1785987754-4254b9896861,43.408,200.580
wide-researcher-1785987754-2bfe90d6c255,43.442,418.905
reviewer-1785987754-1f6814e3f91e,43.483,570.073
data-analyst-1785987738-7daaf1d05d2d,43.518,98.777
data-analyst-1785987754-e354611cd1b9,43.522,302.651
data-analyst-1785987738-b2346e9ee182,43.535,64.926
deep-researcher-1785987754-197b9eda5435,43.555,475.270
wide-researcher-1785987754-504d44ee7818,43.577,117.017
data-analyst-1785987738-fcc0db966531,43.586,118.423
reviewer-1785987754-a4c38f58772c,43.598,308.194
data-analyst-1785987738-423853431767,43.599,67.415
data-analyst-1785987738-463f2d5530f1,43.615,70.096
data-analyst-1785987754-f91d3999a906,43.631,519.030
deep-researcher-1785987754-b543ddafb10c,43.648,195.008
wide-researcher-1785987754-c90b42354057,43.679,199.145
reviewer-1785987754-050a7bcb7cd6,43.723,497.853
data-analyst-1785987754-15cf1ded385f,43.761,292.684
deep-researcher-1785987754-66df5ac1fe78,43.775,131.405
wide-researcher-1785987754-0bb0cfd34d57,43.792,217.193
reviewer-1785987754-27a9cdb1252e,43.839,425.547
data-analyst-1785987754-e73faafd0815,43.875,433.475
deep-researcher-1785987754-6ddaa185078a,43.897,549.540
wide-researcher-1785987754-4a6cf5319e51,43.918,318.836
reviewer-1785987755-f82de8686dfb,43.944,587.871
data-analyst-1785987755-fad1b0d64a95,43.978,296.956
deep-researcher-1785987755-a899bec9a187,43.991,638.283
wide-researcher-1785987755-7ee248159690,44.029,302.583
reviewer-1785987755-1a3ee8302053,44.045,585.546
data-analyst-1785987755-acdfbf29502c,44.167,547.970
deep-researcher-1785987755-34af89a70b1d,44.188,196.075
wide-researcher-1785987755-2cee86495e3c,44.213,668.434
reviewer-1785987755-4efcabf9ff8c,44.234,301.884
data-analyst-1785987732-db9c4b61db80,44.251,71.110
data-analyst-1785987755-9d153bb6f322,44.267,645.558
deep-researcher-1785987755-0414e1af22ed,44.279,120.001
wide-researcher-1785987755-c28e648f91f2,44.297,195.319
data-analyst-1785987728-339331cb2fb8,44.306,44.306
reviewer-1785987755-76034539db52,44.315,437.826
data-analyst-1785987755-61d121acb16f,44.369,623.755
data-analyst-1785987732-8bd0ded263f7,44.373,64.910
deep-researcher-1785987755-bf479f140727,44.381,291.497
wide-researcher-1785987755-74cf06cb1be9,44.402,557.358
reviewer-1785987755-8684779f2190,44.434,656.768
data-analyst-1785987755-ebfc9b07bd8b,44.468,532.606
deep-researcher-1785987755-59b8a9a5098d,44.489,195.601
wide-researcher-1785987755-c2ca97e612a0,44.520,302.520
reviewer-1785987755-f5d22a07b104,44.546,531.046
data-analyst-1785987755-7b2d816cd8d8,44.597,403.210
deep-researcher-1785987755-b0b7af894ca6,44.620,192.297
wide-researcher-1785987755-dd3d34b360bb,44.637,193.079
reviewer-1785987755-a4af8e12b1d6,44.668,646.520
data-analyst-1785987755-deca8917dcf9,44.695,625.649
deep-researcher-1785987755-381511117b1a,44.718,342.671
wide-researcher-1785987755-7f24b63ee9b1,44.730,208.707
reviewer-1785987755-6aad4e668741,44.752,423.288
data-analyst-1785987728-e4d2be5605a7,44.765,44.765
data-analyst-1785987755-4e069ed3137e,44.790,421.516
deep-researcher-1785987755-c06ab77eba87,44.825,126.596
wide-researcher-1785987755-d0def3640366,44.838,405.178
reviewer-1785987755-0dc65567d456,44.850,324.338
data-analyst-1785987755-b565587d8395,44.876,516.566
deep-researcher-1785987756-ec2a4970c914,44.903,191.571
wide-researcher-1785987756-ac41126477e5,44.924,533.172
reviewer-1785987756-190bcaaf7f36,44.949,422.259
data-analyst-1785987756-55648a4828de,45.001,401.281
deep-researcher-1785987756-9607aea3db25,45.013,201.723
wide-researcher-1785987756-460641fb5e4a,45.039,300.423
reviewer-1785987756-4f5a5d37e6b5,45.069,645.830
data-analyst-1785987756-eb5f0e7cfa7c,45.120,453.101
deep-researcher-1785987756-c50d1950702c,45.156,164.834
wide-researcher-1785987756-988e51144e09,45.187,525.299
reviewer-1785987756-2a22e79a94f8,45.245,529.005
data-analyst-1785987756-9ac5c3bd92ee,45.277,523.122
deep-researcher-1785987756-76da8da7ddbf,45.295,204.047
wide-researcher-1785987756-82b700a57453,45.312,406.577
reviewer-1785987756-b782b1a64c18,45.342,525.787
data-analyst-1785987756-0621c0581327,45.364,535.388
deep-researcher-1785987756-d9aa5724c6a5,45.385,117.414
wide-researcher-1785987756-0a0e71a33adc,45.425,120.653
reviewer-1785987756-cc93704976d3,45.451,408.178
data-analyst-1785987756-233d35ca5341,45.488,425.408
deep-researcher-1785987756-72eca88b755d,45.541,634.667
data-analyst-1785987729-c6125e2ad6ca,45.555,45.555
wide-researcher-1785987756-5226714dcfac,45.559,119.432
reviewer-1785987756-4b3ad5f45348,45.571,537.769
data-analyst-1785987739-e6ab04e20673,45.629,112.688
data-analyst-1785987739-741369cd1654,45.643,66.376
data-analyst-1785987756-3618620d7492,45.690,304.679
deep-researcher-1785987756-0cb60a852bec,45.704,198.176
wide-researcher-1785987756-34d89324f3d8,45.746,297.737
reviewer-1785987756-bae923db31d2,45.759,421.626
data-analyst-1785987756-3792c42d98e1,45.790,401.385
deep-researcher-1785987756-2178e4a3a483,45.813,191.669
wide-researcher-1785987756-b74550c123c6,45.825,292.729
reviewer-1785987756-91091e72b281,45.877,410.749
data-analyst-1785987756-9613edded0a8,45.912,305.778
deep-researcher-1785987756-9aa4035b92c2,45.944,219.188
wide-researcher-1785987757-bb14ddc4e9b4,45.971,383.034
reviewer-1785987757-b59140de37e1,45.998,533.435
data-analyst-1785987734-57a1e1410f12,46.016,46.016
data-analyst-1785987757-5b4449f3fbdd,46.048,401.483
deep-researcher-1785987757-9a8a6ac9939b,46.069,216.817
wide-researcher-1785987757-91d2fd084522,46.100,192.714
reviewer-1785987757-c8c2f3048f37,46.130,533.611
data-analyst-1785987757-2147f38ab481,46.164,413.753
deep-researcher-1785987757-7bfb085a7676,46.186,134.206
wide-researcher-1785987757-eff3ccc10f50,46.198,133.347
reviewer-1785987757-a7a087ae2003,46.240,530.552
data-analyst-1785987757-5b914b546688,46.271,306.699
deep-researcher-1785987757-d4545589ec75,46.302,118.671
wide-researcher-1785987757-33791314a849,46.333,195.230
reviewer-1785987757-596fa53afecc,46.345,526.108
data-analyst-1785987757-ec4769c0254f,46.380,529.477
deep-researcher-1785987757-7f517aa418c9,46.392,156.749
wide-researcher-1785987757-619b740e8160,46.409,197.636
reviewer-1785987757-b9797236db3f,46.431,472.899
data-analyst-1785987757-7857887a47f9,46.466,304.109
deep-researcher-1785987757-3126cdcfeba5,46.478,238.986
wide-researcher-1785987757-45df1e994962,46.501,126.550
reviewer-1785987757-476687e84528,46.518,622.712
data-analyst-1785987757-29f98ec285b3,46.556,521.515
deep-researcher-1785987757-dcb73d8e7b11,46.573,202.050
wide-researcher-1785987757-fcbd1af5d953,46.586,409.086
reviewer-1785987757-6f0a12f78f72,46.694,625.897
data-analyst-1785987757-52066b83fb58,46.748,345.184
deep-researcher-1785987757-4b2ff576d549,46.765,194.906
wide-researcher-1785987757-47448559c5fa,46.791,192.622
reviewer-1785987757-e8d11e608132,46.803,553.750
data-analyst-1785987757-bd0a44e7553c,46.855,418.583
deep-researcher-1785987757-75c412b1af20,46.867,192.138
wide-researcher-1785987757-401ef557850a,46.879,528.228
reviewer-1785987757-21ccf24e0310,46.896,416.147
data-analyst-1785987758-6f4a744233e3,46.963,414.593
deep-researcher-1785987758-8f8e6fd76c78,46.976,662.711
wide-researcher-1785987758-f5e8c6aa598f,46.993,441.464
reviewer-1785987758-66f641d8eaab,47.010,305.233
data-analyst-1785987758-8a7be1cd2a59,47.068,594.288
deep-researcher-1785987758-242d980f4f44,47.085,649.642
wide-researcher-1785987758-8864f8fef524,47.097,188.242
reviewer-1785987758-bfe4a7931ddb,47.194,306.840
data-analyst-1785987739-99ff447a537d,47.211,99.472
data-analyst-1785987758-b28864c30948,47.254,425.497
deep-researcher-1785987758-c03906cc34e6,47.267,650.935
wide-researcher-1785987758-d317f2f93fd3,47.285,304.647
reviewer-1785987758-806aee51f9b0,47.326,410.307
data-analyst-1785987758-052b3f773f1c,47.391,629.009
deep-researcher-1785987758-ee67c1447173,47.403,379.577
wide-researcher-1785987758-4a746c3d6aa5,47.425,444.171
reviewer-1785987758-5038ccc6fc65,47.452,518.019
data-analyst-1785987758-75c3392701a9,47.484,298.178
deep-researcher-1785987758-df62bd47e7eb,47.508,529.366
wide-researcher-1785987758-e5578394a697,47.524,134.556
reviewer-1785987758-390f40a2bf7d,47.556,625.245
data-analyst-1785987758-ef28ae5619c8,47.603,304.783
deep-researcher-1785987758-b6af3f75c850,47.641,194.941
wide-researcher-1785987758-bed7ec6f4c6b,47.658,306.039
reviewer-1785987758-d7eec9495bad,47.676,532.592
data-analyst-1785987758-99d014f5cf30,47.706,526.687
deep-researcher-1785987758-be952602b7ba,47.733,368.992
wide-researcher-1785987758-720a08e4bfda,47.763,382.477
reviewer-1785987758-316c31f4cdf0,47.784,418.649
data-analyst-1785987758-abebe1b966e0,47.846,502.071
deep-researcher-1785987758-4377403ab8c5,47.858,123.118
wide-researcher-1785987758-7fb89aac4333,47.874,425.367
reviewer-1785987758-9e703acb6d35,47.892,630.493
data-analyst-1785987759-be5cd9f39f83,47.926,343.656
deep-researcher-1785987759-5d93a6a2b9ba,47.944,548.569
wide-researcher-1785987759-e6ff6618aca8,47.956,150.310
reviewer-1785987759-7b2c5414b2c8,47.973,264.278
data-analyst-1785987759-67b489552468,48.018,294.881
deep-researcher-1785987759-652a666a4d7e,48.062,121.223
wide-researcher-1785987759-b786d4f51d0b,48.089,195.881
reviewer-1785987759-cddb7de309d7,48.106,520.192
data-analyst-1785987759-bd7fd7be32f2,48.160,400.098
deep-researcher-1785987759-57578e262416,48.205,616.520
wide-researcher-1785987759-2a64e98ced71,48.217,537.939
reviewer-1785987759-bccdfb863869,48.254,539.765
data-analyst-1785987759-91fbdedd188c,48.284,632.451
deep-researcher-1785987759-aa81f212c585,48.301,121.099
data-analyst-1785987740-670afe359a35,48.305,121.535
wide-researcher-1785987759-3136a07f8b8d,48.318,299.261
data-analyst-1785987740-7d9c861e9d6e,48.319,70.898
reviewer-1785987759-aa331525290e,48.330,551.327
data-analyst-1785987759-e679e0df3b94,48.364,304.631
deep-researcher-1785987759-e94174ddfdbb,48.377,204.795
wide-researcher-1785987759-3e7a19507e40,48.394,201.773
reviewer-1785987759-5edf5103be1f,48.410,407.571
data-analyst-1785987759-e262ac5eb96f,48.472,416.502
deep-researcher-1785987759-528125038079,48.489,298.384
wide-researcher-1785987759-b6153f0c7406,48.506,312.368
reviewer-1785987759-8fc0320f4a29,48.524,551.237
data-analyst-1785987740-ceaac698f96d,48.537,101.320
data-analyst-1785987740-f694584d8d10,48.550,96.987
data-analyst-1785987740-b85460c6617e,48.563,64.877
data-analyst-1785987759-eaed55bc2d05,48.580,471.201
deep-researcher-1785987759-037f344fd766,48.596,176.093
wide-researcher-1785987759-9540917e3e3f,48.614,286.637
reviewer-1785987759-303b078a6f42,48.681,477.954
data-analyst-1785987759-dcb2794705cd,48.713,521.488
deep-researcher-1785987759-5a9031e11d1d,48.726,162.669
wide-researcher-1785987759-7d4353f00fb0,48.753,122.188
reviewer-1785987759-140684daab2e,48.778,640.944
data-analyst-1785987759-4f7376b2d4ab,48.838,417.708
deep-researcher-1785987759-8a8f821257ac,48.878,404.641
wide-researcher-1785987759-0c7e70d8430b,48.897,194.842
reviewer-1785987759-9d68de872382,48.914,422.206
data-analyst-1785987760-db8dfb581787,48.956,300.197
deep-researcher-1785987760-3cefc6cb8496,48.969,121.807
wide-researcher-1785987760-1e5cd1aa8a94,48.999,302.104
reviewer-1785987760-28b7fcc0b2d9,49.029,528.081
data-analyst-1785987760-c1ba510b2628,49.064,540.809
deep-researcher-1785987760-74d3e1f19d43,49.082,198.244
wide-researcher-1785987760-7898506cfc81,49.109,193.180
reviewer-1785987760-f41e0c080559,49.144,516.208
data-analyst-1785987760-2c038653f0e0,49.194,334.231
deep-researcher-1785987760-4624a113cda1,49.206,305.859
wide-researcher-1785987760-58bbc6e31d9a,49.271,528.111
reviewer-1785987760-f06655c131be,49.293,637.680
data-analyst-1785987760-5aa422c9cf8f,49.357,425.205
deep-researcher-1785987760-151b08198f22,49.373,191.456
wide-researcher-1785987760-fc8dc24f2e54,49.399,570.634
reviewer-1785987760-aa74205e19bc,49.413,319.120
data-analyst-1785987760-3a80eee47f5d,49.444,641.628
deep-researcher-1785987760-7e62a43d2d34,49.461,656.947
wide-researcher-1785987760-26c3c18c9322,49.484,299.820
reviewer-1785987760-d1e511157b45,49.506,539.657
data-analyst-1785987734-67a91fb15ce8,49.541,49.541
data-analyst-1785987760-fb47428d6e40,49.549,535.717
deep-researcher-1785987760-61000ab087d8,49.576,135.042
wide-researcher-1785987760-7d3098a4a989,49.597,198.730
reviewer-1785987760-f8ab9d70a3cf,49.619,418.355
data-analyst-1785987760-23f53a7a1e74,49.686,418.975
deep-researcher-1785987760-4233b5329af2,49.712,535.762
wide-researcher-1785987760-b368a652a26f,49.729,420.194
reviewer-1785987760-dd726f6d1c06,49.766,636.591
data-analyst-1785987760-467aabab8a5e,49.795,624.149
deep-researcher-1785987760-3d5a7adafc4d,49.822,194.614
wide-researcher-1785987760-862cade67758,49.836,350.758
reviewer-1785987760-0ce562dddfd0,49.850,552.314
data-analyst-1785987760-fc9775b495c0,49.886,525.167
deep-researcher-1785987760-48c677b842c0,49.901,258.974
wide-researcher-1785987761-c581fb810a4c,49.930,202.529
data-analyst-1785987734-5fa62a942249,49.978,64.510
reviewer-1785987761-1e405b42de8c,49.987,551.548
data-analyst-1785987761-a28ba3d9e011,50.014,301.357
deep-researcher-1785987761-e0771d5ebd5a,50.031,310.504
wide-researcher-1785987761-f26564bf7641,50.071,194.365
reviewer-1785987761-9f34a455a6ad,50.094,299.374
data-analyst-1785987734-9f88f29acd4b,50.104,50.104
data-analyst-1785987761-5a0e3d621851,50.127,474.097
deep-researcher-1785987761-5fdc05651911,50.159,246.006
wide-researcher-1785987761-4cc9408baff8,50.195,310.693
reviewer-1785987761-cb966c95f106,50.209,412.643
data-analyst-1785987761-fdafafab3ac9,50.254,421.257
deep-researcher-1785987761-5736478434ae,50.274,205.267
wide-researcher-1785987761-02ebf46e47d7,50.289,301.519
reviewer-1785987761-b445aed8012a,50.327,433.759
data-analyst-1785987761-52f9306b814b,50.355,647.386
deep-researcher-1785987761-20a81d9aa018,50.390,641.312
wide-researcher-1785987761-b2ada209f276,50.413,120.980
reviewer-1785987761-37ec1e16695d,50.428,522.896
data-analyst-1785987761-d8ec0035c47b,50.466,588.206
deep-researcher-1785987761-638047d32161,50.502,644.074
wide-researcher-1785987761-414557e2337b,50.541,195.686
reviewer-1785987761-ba8d238fe853,50.555,421.270
data-analyst-1785987761-9cd5870b6bdb,50.583,393.042
deep-researcher-1785987761-5bdcb3891730,50.656,645.814
wide-researcher-1785987761-8d465422a989,50.669,351.205
reviewer-1785987761-529dff1b187c,50.693,300.698
data-analyst-1785987761-776700e6f1d9,50.723,625.511
deep-researcher-1785987761-e931875c6084,50.748,201.280
wide-researcher-1785987761-8e17acf044df,50.765,292.626
reviewer-1785987761-77b975bea3d3,50.781,527.474
data-analyst-1785987761-20c3bd584146,50.810,290.280
deep-researcher-1785987761-7e8ab1cdf581,50.827,118.157
wide-researcher-1785987761-a24dc85c25e3,50.854,293.555
reviewer-1785987761-462b92c89464,50.872,407.846
data-analyst-1785987761-99e3ac535bc3,50.909,362.098
deep-researcher-1785987762-1f38544e2556,50.922,420.051
wide-researcher-1785987762-0948e5653144,50.935,630.046
reviewer-1785987762-20719a7cbaeb,50.954,536.744
data-analyst-1785987762-5dc6882153c6,50.991,564.409
deep-researcher-1785987762-33f02347ef54,51.017,202.843
wide-researcher-1785987762-73beec1d9ba1,51.029,193.137
reviewer-1785987762-80f1fde0114c,51.080,401.771
data-analyst-1785987762-aef4166875fc,51.121,524.281
deep-researcher-1785987762-662f13ce943f,51.141,649.022
wide-researcher-1785987762-e716be627480,51.170,195.447
reviewer-1785987762-ba821d398b86,51.198,645.360
data-analyst-1785987762-e157b29469f8,51.245,428.499
deep-researcher-1785987762-d594215bfab1,51.278,494.268
wide-researcher-1785987762-96364aee035b,51.304,629.864
reviewer-1785987762-e5071f1b92fc,51.341,404.870
data-analyst-1785987762-5e07c7e020fc,51.369,524.504
deep-researcher-1785987762-80beecfd4579,51.383,528.877
wide-researcher-1785987762-abaa328f444b,51.402,192.503
reviewer-1785987762-4921cb7855dd,51.416,347.870
data-analyst-1785987762-ddd5ce1dbc65,51.451,419.476
deep-researcher-1785987762-88aaa729673c,51.493,202.546
wide-researcher-1785987762-2590daf8090d,51.508,148.780
reviewer-1785987762-03efac143ff0,51.527,531.412
data-analyst-1785987762-d5f7cdfb47d5,51.553,519.629
deep-researcher-1785987762-0bbbdce09a44,51.587,651.946
wide-researcher-1785987762-df7ba2c63eae,51.611,411.978
reviewer-1785987762-bcbfe343ae11,51.638,633.911
data-analyst-1785987739-be8da363d1fd,51.639,117.535
data-analyst-1785987762-e3b26191b005,51.670,195.028
deep-researcher-1785987762-e346bb9ddec6,51.707,420.527
wide-researcher-1785987762-140cb492d9f6,51.724,517.431
reviewer-1785987762-cff4cc9ff505,51.764,524.879
data-analyst-1785987762-65fad72d0804,51.804,526.758
deep-researcher-1785987762-15cc68cee12c,51.840,192.313
wide-researcher-1785987762-84fdb5500b12,51.853,194.575
reviewer-1785987762-925f5bfbee56,51.884,621.432
data-analyst-1785987762-4b2c4039c6ce,51.924,424.480
deep-researcher-1785987763-0a9bf818c901,51.937,650.583
wide-researcher-1785987763-0201534c4f74,51.950,305.714
reviewer-1785987763-f9deb7e9d63d,51.981,332.706
data-analyst-1785987763-6c57ea55eb0f,52.012,646.632
deep-researcher-1785987763-348626e334e9,52.048,184.064
wide-researcher-1785987763-6afcf6af71b7,52.066,308.799
data-analyst-1785987737-cff9e524de93,52.089,64.323
reviewer-1785987763-7f34ec66c089,52.174,525.081
data-analyst-1785987763-10219f3a8797,52.205,631.603
deep-researcher-1785987763-7ba334082fa2,52.219,242.589
wide-researcher-1785987763-44ce32686bc3,52.231,521.715
reviewer-1785987763-2fdfffcf41d7,52.253,634.815
data-analyst-1785987763-cd0ae33c262c,52.277,290.088
deep-researcher-1785987763-009ebe0438b1,52.299,532.842
wide-researcher-1785987763-35adc1fe1911,52.326,250.959
reviewer-1785987763-15e12ee275f3,52.343,445.194
data-analyst-1785987763-df4713c01101,52.401,540.643
deep-researcher-1785987763-3197b7177086,52.418,668.353
wide-researcher-1785987763-c9c4a9ec1fa1,52.435,192.829
reviewer-1785987763-a40b4da7f365,52.448,197.003
data-analyst-1785987763-9f40e259e732,52.482,658.391
deep-researcher-1785987763-efaea5978e4c,52.504,293.060
data-analyst-1785987741-3525217c52f8,52.517,80.562
data-analyst-1785987741-90c87117efdf,52.530,107.006
wide-researcher-1785987763-f59b1c2bece7,52.535,625.842
data-analyst-1785987741-27d0d7c6bc2d,52.547,73.044
data-analyst-1785987741-a7ccc821e5a6,52.561,65.306
reviewer-1785987763-0d6cccc1f67c,52.569,520.884
data-analyst-1785987741-fcdf6400ff8a,52.577,64.892
data-analyst-1785987741-8a13c645e138,52.589,112.196
data-analyst-1785987763-a25fb06c3981,52.602,400.115
deep-researcher-1785987763-5946efca6b99,52.624,164.075
wide-researcher-1785987763-2412492f2a46,52.660,308.265
reviewer-1785987763-dd038158c40c,52.677,409.962
data-analyst-1785987763-6aa56c3d2783,52.707,416.120
deep-researcher-1785987763-745ca693e2b3,52.719,195.746
wide-researcher-1785987763-1e725636674d,52.756,298.249
reviewer-1785987763-532f1e231058,52.784,599.350
data-analyst-1785987763-baba0639b65b,52.815,414.199
deep-researcher-1785987763-64eb477c29ec,52.851,199.288
data-analyst-1785987733-656815764679,52.855,133.333
wide-researcher-1785987763-fdb82c24e2b2,52.869,195.517
reviewer-1785987763-bff89ddebd45,52.887,525.643
data-analyst-1785987763-6e7a2f1acc6e,52.922,421.435
data-analyst-1785987734-e7dac441c928,52.948,52.948
deep-researcher-1785987764-dfdd65f6052f,52.956,303.147
wide-researcher-1785987764-3a60e5ac6154,53.006,303.912
data-analyst-1785987739-1bb1902f3d15,53.007,82.824
reviewer-1785987764-b84ac1ef0795,53.018,420.702
data-analyst-1785987764-ef3eb134ff43,53.054,302.353
deep-researcher-1785987764-bfda65f9360b,53.090,132.173
wide-researcher-1785987764-e51e1ec681f5,53.118,198.112
reviewer-1785987764-104a6cbf5a5f,53.146,538.031
data-analyst-1785987764-5d1c77f47db8,53.191,291.559
deep-researcher-1785987764-6482550097ca,53.218,177.239
wide-researcher-1785987764-4d8c76c87d95,53.235,144.626
reviewer-1785987764-480daaabc3fc,53.280,404.565
data-analyst-1785987764-367c16bf9ca7,53.309,326.121
deep-researcher-1785987764-01e0b0164c44,53.321,528.652
wide-researcher-1785987764-1ebcab5e42e1,53.348,195.043
reviewer-1785987764-cb04316adb5d,53.360,537.785
data-analyst-1785987764-9512e6563f2f,53.399,226.342
deep-researcher-1785987764-72bb089cd135,53.412,660.536
wide-researcher-1785987764-0c18e1790d46,53.430,218.199
reviewer-1785987764-923e42a463b5,53.448,535.702
data-analyst-1785987764-e23d6604ba4b,53.497,290.294
deep-researcher-1785987764-ebc2f781aca3,53.509,626.623
wide-researcher-1785987764-5bb8512383bd,53.526,200.910
reviewer-1785987764-0c0621c9f775,53.553,537.468
data-analyst-1785987740-bcaa82fe9734,53.574,64.253
data-analyst-1785987764-2223645b3884,53.679,295.725
deep-researcher-1785987764-452db89c3eb4,53.720,163.041
wide-researcher-1785987764-31aa484f28af,53.741,653.380
reviewer-1785987764-a95ca58083cc,53.763,526.044
data-analyst-1785987764-7410056003de,53.806,304.290
deep-researcher-1785987764-2a7d01ec712f,53.818,192.608
wide-researcher-1785987764-99f2d872996c,53.841,121.944
reviewer-1785987764-a6f77f31c7b2,53.858,409.534
data-analyst-1785987764-a6c59116c758,53.903,293.670
deep-researcher-1785987764-7093c8317949,53.938,192.565
wide-researcher-1785987765-8f56d3ef8235,53.964,202.133
reviewer-1785987765-31050571c67c,53.976,474.679
data-analyst-1785987765-dfd2ece94075,54.014,399.608
deep-researcher-1785987765-f9524e83c703,54.045,199.660
wide-researcher-1785987765-a827bfd63a6e,54.057,134.309
reviewer-1785987765-5dad4226afc9,54.097,456.938
data-analyst-1785987765-2fe2f3de0d12,54.176,672.884
deep-researcher-1785987765-bc4ddb4382f4,54.202,194.667
wide-researcher-1785987765-532956c8b1e4,54.219,532.218
reviewer-1785987765-ea6794959fe0,54.267,306.958
data-analyst-1785987765-4b57d47ee786,54.303,399.936
deep-researcher-1785987765-880fc53d1b9c,54.331,215.498
wide-researcher-1785987765-08732f82aa64,54.353,533.070
reviewer-1785987765-11e80ee63cee,54.384,306.927
data-analyst-1785987765-50790d66368b,54.414,416.977
deep-researcher-1785987765-767991a4af86,54.431,516.777
wide-researcher-1785987765-a0d49d6bf526,54.510,197.870
reviewer-1785987765-31d09d626f12,54.527,409.797
data-analyst-1785987765-de497c46a131,54.563,408.884
deep-researcher-1785987765-bfa57e5caa8c,54.575,183.116
wide-researcher-1785987765-e6510439657c,54.598,196.749
reviewer-1785987765-5856c7fd4aca,54.610,404.762
data-analyst-1785987765-13d7c0a05f51,54.654,395.633
deep-researcher-1785987765-3752d25e5795,54.725,574.341
wide-researcher-1785987765-cd4c95e56354,54.785,249.363
reviewer-1785987765-3f3b83969b11,54.798,419.428
data-analyst-1785987765-e7ba3807ea2e,54.830,551.345
deep-researcher-1785987765-fb0f03262f67,54.859,659.144
wide-researcher-1785987765-91ed3d5c7f9f,54.878,235.547
reviewer-1785987765-00e2ab82e908,54.912,671.076
data-analyst-1785987766-63aec1dd2538,54.943,411.786
deep-researcher-1785987766-a290c211715c,54.956,567.326
wide-researcher-1785987766-c5abd06a464a,54.970,194.281
reviewer-1785987766-70092b92ba04,54.993,526.998
data-analyst-1785987766-696adbc67807,55.019,418.516
deep-researcher-1785987766-7fe209e278dd,55.066,423.766
wide-researcher-1785987766-64e8bf0a41e0,55.195,196.383
reviewer-1785987766-62ff9ac72c39,55.217,422.861
data-analyst-1785987766-95becec0a778,55.252,651.170
deep-researcher-1785987766-ac5d602cb5d3,55.283,292.714
wide-researcher-1785987766-6bf26d332354,55.317,588.420
reviewer-1785987766-a67dbfecd5a9,55.329,299.625
data-analyst-1785987766-abcda54f15f0,55.369,593.075
deep-researcher-1785987766-2e43d820da5a,55.383,519.741
wide-researcher-1785987766-6df6d4bff16c,55.413,151.189
data-analyst-1785987742-f2f92eb31c25,55.426,118.977
reviewer-1785987766-877749d1c39e,55.440,664.213
data-analyst-1785987742-194ef5ba2785,55.440,65.576
data-analyst-1785987742-86bd749c34d9,55.456,69.127
data-analyst-1785987766-03c14d6cc5a1,55.475,680.618
deep-researcher-1785987766-a61a6dc6ab86,55.488,437.260
wide-researcher-1785987766-69a03c214ce1,55.501,125.288
reviewer-1785987766-9584ead41db4,55.547,296.790
data-analyst-1785987766-ced6565d8eaa,55.604,407.859
deep-researcher-1785987766-edabc78a1188,55.620,199.481
wide-researcher-1785987766-3222779675f2,55.642,433.837
reviewer-1785987766-a5b7dcd982b2,55.692,562.815
data-analyst-1785987766-d132242ccf27,55.731,403.296
deep-researcher-1785987766-9bca79e9f275,55.758,199.747
wide-researcher-1785987766-28f42fc09fd8,55.778,533.974
reviewer-1785987766-ed53d371ea47,55.873,408.928
data-analyst-1785987766-fa020a70e108,55.903,421.243
deep-researcher-1785987766-430b5787a1a6,55.930,131.753
wide-researcher-1785987766-c1c9216a5066,55.985,201.845
reviewer-1785987767-a45dfd12f33d,56.003,401.924
data-analyst-1785987767-1f1cbb6b7cb3,56.039,557.298
deep-researcher-1785987767-c3a4e502a4e8,56.051,197.478
wide-researcher-1785987767-2d2dfc6d5672,56.077,146.595
reviewer-1785987767-5db939aa8101,56.089,517.091
data-analyst-1785987767-ef54099a75d8,56.119,422.123
deep-researcher-1785987767-aa298c16baa8,56.172,154.771
wide-researcher-1785987767-d391575dd070,56.237,291.408
reviewer-1785987767-6041a39c96cf,56.301,348.836
data-analyst-1785987767-367e28a38ca8,56.329,520.948
deep-researcher-1785987767-3b0544c7265e,56.348,467.403
wide-researcher-1785987767-b6bf050646b1,56.375,296.215
reviewer-1785987767-e412c1886b7e,56.388,316.818
data-analyst-1785987767-815f24712658,56.423,535.796
deep-researcher-1785987767-8ec2dd38891b,56.436,198.264
wide-researcher-1785987767-bc7b68e4da68,56.458,528.541
reviewer-1785987767-07edbc5226f5,56.470,303.438
data-analyst-1785987767-bd68b041dd33,56.504,270.580
deep-researcher-1785987767-0e9bacc88c76,56.546,454.405
wide-researcher-1785987767-b588b5d62f0c,56.577,203.117
reviewer-1785987767-08cce6c5719e,56.590,293.208
data-analyst-1785987767-dcd6d47c690a,56.661,293.384
deep-researcher-1785987767-e79cd0eeacb2,56.705,135.345
wide-researcher-1785987767-dba4d4af21ef,56.734,204.963
reviewer-1785987767-6e94b1be17cf,56.747,664.149
data-analyst-1785987742-6c3b12f225be,56.779,70.609
data-analyst-1785987742-b2d0a400a084,56.792,66.440
data-analyst-1785987767-10f51de1adde,56.796,531.151
data-analyst-1785987742-90fda376826d,56.808,119.987
deep-researcher-1785987767-4ec3aec1cf1e,56.831,408.817
wide-researcher-1785987767-c528375d9874,56.845,480.238
reviewer-1785987767-189ed881be1f,56.857,333.684
data-analyst-1785987767-39f52148df00,56.888,333.452
deep-researcher-1785987768-08839f388a2e,56.925,401.181
wide-researcher-1785987768-a3ac27ad850a,56.962,416.960
reviewer-1785987768-bc96aa65348a,56.984,632.722
data-analyst-1785987768-0ebf50ad6023,57.014,418.289
deep-researcher-1785987768-0e63f7ae465e,57.032,405.368
wide-researcher-1785987768-8eecedb14ba0,57.063,341.940
reviewer-1785987768-d0ce6475bf78,57.076,413.657
data-analyst-1785987768-fcbba6a7c7d0,57.117,648.842
deep-researcher-1785987768-2ba32f33761e,57.130,192.102
wide-researcher-1785987768-986948389b38,57.201,198.717
reviewer-1785987768-3327568a0e57,57.213,538.602
data-analyst-1785987768-4b4f8f1074c4,57.283,307.584
deep-researcher-1785987768-0b4fb892d7fd,57.326,291.841
wide-researcher-1785987768-5411ba19a313,57.345,291.758
reviewer-1785987768-70a281ce5e2e,57.381,639.739
data-analyst-1785987768-b260f24bf439,57.417,541.279
deep-researcher-1785987768-b08486e6255e,57.449,146.561
wide-researcher-1785987768-c5cb359d97dd,57.471,200.311
reviewer-1785987768-5150ebaef801,57.517,306.054
data-analyst-1785987768-bb81e35f7de7,57.552,399.467
deep-researcher-1785987768-bd569c069200,57.586,234.859
wide-researcher-1785987768-356b5259ee72,57.605,418.338
reviewer-1785987768-d7a423b888cd,57.628,526.028
data-analyst-1785987768-1c0bc723a402,57.672,299.013
deep-researcher-1785987768-8943114e1965,57.690,195.829
wide-researcher-1785987768-d1600d47f324,57.749,293.636
reviewer-1785987768-dc4e18ef7620,57.809,518.230
data-analyst-1785987768-b5ca769d01f9,57.840,542.371
deep-researcher-1785987768-019a6cfbf521,57.888,525.907
wide-researcher-1785987768-9736ee88b8b3,57.901,542.019
reviewer-1785987768-14e6127891b8,57.913,415.306
data-analyst-1785987769-b2c86b29fd34,57.950,522.135
deep-researcher-1785987769-85c7035b9c4b,57.974,528.183
wide-researcher-1785987769-101d045d3ac1,57.986,146.657
reviewer-1785987769-70ceb0f9275c,58.013,425.395
data-analyst-1785987769-7888ff8d3aee,58.053,291.379
deep-researcher-1785987769-e29cd8788046,58.087,547.006
wide-researcher-1785987769-d80d28606e53,58.100,202.510
reviewer-1785987769-40aebfb01bec,58.112,389.479
data-analyst-1785987769-e2d24cce4b5e,58.240,528.557
deep-researcher-1785987769-b6d60708673a,58.258,313.879
wide-researcher-1785987769-1d12ae8f1002,58.270,550.624
data-analyst-1785987743-492524d736ba,58.271,113.058
data-analyst-1785987743-8ba66963c55c,58.288,92.931
data-analyst-1785987743-b9aa6386d5cc,58.300,94.624
reviewer-1785987769-d52047d9bde1,58.309,534.097
data-analyst-1785987769-11562df56533,58.341,368.933
deep-researcher-1785987769-6bc23c2968aa,58.360,420.120
wide-researcher-1785987769-afe4c169c4b0,58.373,518.116
reviewer-1785987769-663c4e4b1e9f,58.385,417.101
data-analyst-1785987769-a03957d78390,58.435,424.067
deep-researcher-1785987769-c414a13cfbb4,58.459,215.389
wide-researcher-1785987769-2ff12dbd74ee,58.471,521.731
reviewer-1785987769-4a838661ae3a,58.497,650.710
data-analyst-1785987769-5df8ef625fcd,58.522,520.990
deep-researcher-1785987769-f7d65750c854,58.576,199.675
wide-researcher-1785987769-37cff11aec5c,58.589,203.762
reviewer-1785987769-08383c8cfec2,58.601,441.801
data-analyst-1785987769-52cb3e9338cc,58.631,318.135
deep-researcher-1785987769-2037cbbb3cf4,58.648,156.542
wide-researcher-1785987769-831eb369ccc0,58.711,162.625
reviewer-1785987769-dd2ae52677a4,58.724,415.477
data-analyst-1785987769-2a90aad4dde2,58.755,422.390
deep-researcher-1785987769-be2e37593803,58.796,201.752
wide-researcher-1785987769-f4d1a1f958ef,58.831,233.936
reviewer-1785987769-34270df82f38,58.854,534.034
data-analyst-1785987769-4911ecbd87e8,58.885,403.530
deep-researcher-1785987769-c5e68406f3dd,58.899,197.377
wide-researcher-1785987770-93dcab438518,58.927,419.593
reviewer-1785987770-532cdfaa09ee,58.947,672.663
data-analyst-1785987770-f58cf40d9f61,58.979,400.399
deep-researcher-1785987770-8198d63aa548,59.017,195.299
wide-researcher-1785987770-2e9c70c6dcc4,59.046,634.219
reviewer-1785987770-875429b1b4e6,59.102,423.098
data-analyst-1785987770-12095f8e82cf,59.147,402.606
deep-researcher-1785987770-73f3db51c221,59.186,163.762
wide-researcher-1785987770-241eef5114c0,59.256,423.080
reviewer-1785987770-e12383cfabff,59.317,561.069
data-analyst-1785987770-eca713d278e7,59.342,622.219
deep-researcher-1785987770-d90fb013588c,59.374,406.115
wide-researcher-1785987770-db1610cc77d4,59.398,244.829
reviewer-1785987770-537e2575ee5d,59.411,426.353
data-analyst-1785987770-3b6d1caaa5fc,59.437,623.339
deep-researcher-1785987770-378c43903da8,59.455,193.217
wide-researcher-1785987770-c2b07a4deae5,59.486,432.282
reviewer-1785987770-b64d1ba6a68b,59.499,413.842
data-analyst-1785987770-a75ee966929d,59.539,429.856
data-analyst-1785987743-d9ef63bad062,59.551,69.072
data-analyst-1785987743-c11127b3b968,59.564,64.976
deep-researcher-1785987770-414c466b611f,59.565,655.114
data-analyst-1785987743-d494021e4c84,59.582,69.301
wide-researcher-1785987770-9593a42ce42e,59.605,225.018
reviewer-1785987770-49aacb3f545c,59.618,538.797
data-analyst-1785987770-6788056acddc,59.714,514.501
deep-researcher-1785987770-701a61644acd,59.742,320.767
wide-researcher-1785987770-7ee989af44ae,59.765,518.144
reviewer-1785987770-9a700adc3854,59.777,402.162
data-analyst-1785987770-78d333bc6f69,59.820,646.051
deep-researcher-1785987770-1bab1afae97f,59.863,224.637
wide-researcher-1785987770-89892226dc32,59.889,300.279
reviewer-1785987770-12c0105ade9e,59.903,548.356
data-analyst-1785987770-092935ad4cd0,59.969,625.569
deep-researcher-1785987771-e8d102e12fe8,59.999,192.487
wide-researcher-1785987771-d5f2dbda160e,60.012,451.960
reviewer-1785987771-787a2740b1ac,60.025,529.768
data-analyst-1785987771-60b7f687e7b2,60.055,437.277
deep-researcher-1785987771-94361079e718,60.074,472.914
data-analyst-1785987743-78228c49ca5f,60.078,66.512
data-analyst-1785987743-bd9abd5b49c3,60.090,65.856
wide-researcher-1785987771-ff6a224bf3da,60.095,202.702
reviewer-1785987771-75156d10b353,60.107,348.872
data-analyst-1785987743-1dd1ef6b6342,60.107,65.148
data-analyst-1785987771-dec46213ec0f,60.131,516.442
deep-researcher-1785987771-1f5f193b6d86,60.160,422.973
wide-researcher-1785987771-d96144f26332,60.226,529.054
reviewer-1785987771-f38f26096079,60.238,568.692
data-analyst-1785987771-f9487b1bd4b2,60.291,533.293
deep-researcher-1785987771-990ddb26218f,60.309,147.453
wide-researcher-1785987771-3a10fb0f181a,60.340,526.717
reviewer-1785987771-2517d765b9d1,60.371,412.552
data-analyst-1785987771-dd46db442218,60.406,303.996
deep-researcher-1785987771-21c73017b9d9,60.435,196.104
wide-researcher-1785987771-4a9a41622952,60.459,518.323
reviewer-1785987771-f4d3d2e3e806,60.472,544.678
data-analyst-1785987771-532f7d146887,60.532,627.044
deep-researcher-1785987771-e96cb4ccee81,60.545,563.680
wide-researcher-1785987771-0fb64c647869,60.605,536.108
reviewer-1785987771-43acd2dc2709,60.619,668.374
data-analyst-1785987771-723eb85b176a,60.659,534.674
deep-researcher-1785987771-8bf110e29ec3,60.672,135.781
wide-researcher-1785987771-d354330a50f0,60.690,197.553
reviewer-1785987771-0a3bce215a71,60.713,497.419
data-analyst-1785987771-39fc40fc635d,60.765,510.395
deep-researcher-1785987771-6a94a5069f67,60.823,227.305
wide-researcher-1785987771-4f9bdd6d9dee,60.835,431.477
reviewer-1785987771-34f08f0cc9bb,60.847,409.375
data-analyst-1785987771-ad605e119097,60.893,520.681
data-analyst-1785987738-16f056031839,60.902,64.433
deep-researcher-1785987771-cc6950902301,60.911,133.166
wide-researcher-1785987772-60b71298d0af,60.923,521.546
reviewer-1785987772-42c2eff9b5c9,60.940,444.186
data-analyst-1785987772-7fefbfeba69f,60.970,635.770
deep-researcher-1785987772-607e77531b7b,60.997,298.513
wide-researcher-1785987772-7bfdfc1405a1,61.010,229.242
reviewer-1785987772-e229953b58dd,61.022,404.266
data-analyst-1785987772-39eb4f9f93fa,61.052,421.670
deep-researcher-1785987772-aa947b00ed97,61.108,393.603
wide-researcher-1785987772-cdc687b25615,61.127,306.943
reviewer-1785987772-f69bd75f537e,61.164,611.980
data-analyst-1785987772-f0d20421e507,61.252,338.899
deep-researcher-1785987772-392682850be6,61.265,519.773
wide-researcher-1785987772-48346bdf6c5a,61.277,639.706
reviewer-1785987772-e6ca42680e43,61.289,408.914
data-analyst-1785987772-22639c2a4e8b,61.332,627.818
deep-researcher-1785987772-a8b304c8bafd,61.346,296.071
wide-researcher-1785987772-d5d1ed421582,61.365,191.816
reviewer-1785987772-1dc85e9c304c,61.393,526.968
data-analyst-1785987772-6cbc63d727fc,61.478,522.420
deep-researcher-1785987772-af6f4720fe08,61.513,294.901
wide-researcher-1785987772-4ffeb313731f,61.527,195.648
reviewer-1785987772-38771e8bb7de,61.567,415.435
data-analyst-1785987772-ba92f4412afc,61.613,537.111
deep-researcher-1785987772-323a8805ad85,61.626,293.506
wide-researcher-1785987772-ef823589cc43,61.640,123.168
reviewer-1785987772-64f487919662,61.669,446.577
data-analyst-1785987772-c7505fe8d9e1,61.739,531.609
deep-researcher-1785987772-7701a3afaafc,61.753,203.297
wide-researcher-1785987772-845d936cb7ee,61.793,401.067
reviewer-1785987772-3cf2558b4823,61.877,538.201
data-analyst-1785987772-4b49a8ed535d,61.915,536.214
deep-researcher-1785987772-504e0c916caf,61.939,302.953
wide-researcher-1785987772-bebdbc666cd4,61.976,407.832
reviewer-1785987773-dc44c13a3f27,61.995,551.798
data-analyst-1785987773-e293a17af82e,62.043,405.840
deep-researcher-1785987773-aa769908c6e9,62.057,526.430
data-analyst-1785987743-4c64f830f67b,62.112,79.501
wide-researcher-1785987773-5d57647e71c5,62.116,200.925
data-analyst-1785987743-6587f1e7a56c,62.129,69.905
data-analyst-1785987743-d2d88574693e,62.144,70.883
reviewer-1785987773-717e1015dcdb,62.152,422.406
data-analyst-1785987773-8bf72e8f534a,62.183,516.397
deep-researcher-1785987773-d364d06d2c0c,62.202,223.164
wide-researcher-1785987773-51dda20b9bcb,62.231,419.286
data-analyst-1785987739-cdbcc63e2983,62.337,67.010
reviewer-1785987773-052c81374087,62.341,408.836
data-analyst-1785987773-43cbc2a24cdd,62.367,234.890
deep-researcher-1785987773-85289ec4eba0,62.393,192.073
wide-researcher-1785987773-70f92a383155,62.411,146.339
reviewer-1785987773-c4afaac2148d,62.433,401.085
data-analyst-1785987773-eebb4204f1bd,62.456,434.337
deep-researcher-1785987773-475936d040e5,62.469,236.580
wide-researcher-1785987773-858a84ece5fd,62.505,422.041
reviewer-1785987773-b72df57404c6,62.523,539.704
data-analyst-1785987773-ddf8212aef39,62.553,631.785
deep-researcher-1785987773-df9f1ae2368f,62.582,141.132
wide-researcher-1785987773-a7ba064b7ed9,62.622,410.428
reviewer-1785987773-8098e1d89521,62.640,410.650
data-analyst-1785987773-a31e88c723d6,62.679,521.331
deep-researcher-1785987773-8014153b1512,62.762,528.813
wide-researcher-1785987773-175138f8fab8,62.790,182.722
reviewer-1785987773-61794c9c9ff7,62.814,457.568
data-analyst-1785987773-71c0b61fe475,62.850,551.268
deep-researcher-1785987773-4467fb9a5d5e,62.877,201.810
wide-researcher-1785987773-25473fa008a4,62.901,436.208
reviewer-1785987774-8c1a8904902e,62.915,630.759
data-analyst-1785987774-882d78f8f051,62.998,540.983
deep-researcher-1785987774-9feecd17dcbd,63.023,276.272
wide-researcher-1785987774-4fb543563f3b,63.040,201.628
reviewer-1785987774-09316db29eb5,63.085,528.271
data-analyst-1785987774-47319c95dadb,63.121,643.488
deep-researcher-1785987774-49a6f52f9d8e,63.145,301.900
wide-researcher-1785987774-628a0b185a03,63.185,297.408
reviewer-1785987774-2d9ae94102a9,63.199,526.364
data-analyst-1785987774-83b2f5acdcdb,63.243,406.928
deep-researcher-1785987774-bbe9b4a7b5e8,63.257,307.154
wide-researcher-1785987774-de07acce1e1b,63.312,202.784
reviewer-1785987774-2048fd03dc02,63.355,390.857
data-analyst-1785987774-c116c89d83e7,63.387,674.815
deep-researcher-1785987774-b3a0d56c1b7e,63.434,299.499
wide-researcher-1785987774-e551521ab9f2,63.454,199.546
reviewer-1785987774-b290b9c13a6d,63.484,520.100
data-analyst-1785987774-beb7c8989d58,63.517,661.269
deep-researcher-1785987774-8c2473838d37,63.561,293.796
wide-researcher-1785987774-b3667741ffbb,63.574,292.743
reviewer-1785987774-6fd91e1e41d7,63.623,516.611
data-analyst-1785987774-2cd1082c0eb0,63.670,540.840
deep-researcher-1785987774-5760f7ada094,63.694,209.092
wide-researcher-1785987774-ddf958338f10,63.713,409.212
reviewer-1785987774-aacf797dcb96,63.780,642.249
data-analyst-1785987774-7f304ecd4781,63.844,660.398
deep-researcher-1785987774-0556eebc25ec,63.865,532.157
data-analyst-1785987744-011d703e9249,63.894,86.666
data-analyst-1785987744-5575bd827301,63.908,66.654
wide-researcher-1785987774-6ea54d7f2219,63.913,314.760
reviewer-1785987774-7cdb4df69b7a,63.925,443.739
data-analyst-1785987744-e6e37ad36e22,63.925,73.736
data-analyst-1785987775-cc1f0a1707e6,63.961,413.281
deep-researcher-1785987775-26bf47c9af3b,63.974,654.403
wide-researcher-1785987775-c4d0bbc67828,64.018,197.177
reviewer-1785987775-80d8b3067a9a,64.032,518.270
data-analyst-1785987775-9ccad0f45d0a,64.058,527.342
deep-researcher-1785987775-0c249144e126,64.087,299.417
wide-researcher-1785987775-30beb117f819,64.101,291.096
reviewer-1785987775-4c41062f4c2a,64.151,411.443
data-analyst-1785987775-7a4d166e529e,64.190,414.069
deep-researcher-1785987775-b972e2b24517,64.243,639.932
wide-researcher-1785987775-000fd7b57ea7,64.273,552.132
reviewer-1785987775-6fdfc930bb45,64.298,517.460
data-analyst-1785987775-07421ddbc723,64.332,564.476
deep-researcher-1785987775-b2ef702cf1b4,64.357,404.979
wide-researcher-1785987775-fc52d7034877,64.387,295.158
reviewer-1785987775-42cadc9aa766,64.411,641.895
data-analyst-1785987775-151a54783107,64.501,524.722
deep-researcher-1785987775-cbf30ff7ff8a,64.534,590.707
wide-researcher-1785987775-0e264ac22e78,64.547,419.460
reviewer-1785987775-4999b28182f8,64.560,484.111
data-analyst-1785987775-299b80f39fac,64.593,421.421
deep-researcher-1785987775-5b910f3fb2fc,64.606,233.317
wide-researcher-1785987775-376119cbc735,64.634,196.512
reviewer-1785987775-8b26e1b30a72,64.657,633.127
data-analyst-1785987775-057644895b57,64.687,202.999
deep-researcher-1785987775-6290818d93ea,64.705,298.061
wide-researcher-1785987775-809e75b25e35,64.719,193.502
reviewer-1785987775-a007136d2054,64.765,549.371
data-analyst-1785987775-95b51512ecb5,64.822,400.230
deep-researcher-1785987775-c6faf007783a,64.867,147.098
wide-researcher-1785987775-16fde4feac9b,64.906,434.047
reviewer-1785987775-120ad93d4bca,64.930,565.353
data-analyst-1785987775-b7052c4bd5b3,64.966,304.480
deep-researcher-1785987776-189a3a176c07,64.996,203.509
wide-researcher-1785987776-8b598c57fdfa,65.010,316.506
reviewer-1785987776-a055ba174c8b,65.028,412.052
data-analyst-1785987776-82b547562c78,65.071,410.033
deep-researcher-1785987776-01fb8c235010,65.084,146.156
wide-researcher-1785987776-02b33341b13e,65.114,197.587
reviewer-1785987776-2762420de782,65.134,562.495
data-analyst-1785987776-cf7bc39fd299,65.176,532.564
deep-researcher-1785987776-61b9a7e34b30,65.203,649.708
wide-researcher-1785987776-b5d3d3ef0b10,65.253,201.294
reviewer-1785987776-b9f27b8261a8,65.288,540.136
data-analyst-1785987776-5c00394d44ec,65.356,307.169
deep-researcher-1785987776-d6eb85e31558,65.376,524.047
wide-researcher-1785987776-abe25042dcbb,65.399,203.462
reviewer-1785987776-d0d63e602e8c,65.430,403.363
data-analyst-1785987776-812064ab0b8b,65.471,409.426
data-analyst-1785987748-662ad05da1d7,65.507,290.200
deep-researcher-1785987776-11888e210e14,65.524,270.564
wide-researcher-1785987776-0eb0fb802dfb,65.542,293.763
reviewer-1785987776-9dd794758a45,65.554,649.880
data-analyst-1785987776-49003fbba065,65.602,540.414
deep-researcher-1785987776-dd5c997408f5,65.616,290.802
wide-researcher-1785987776-f25ffb33e9a9,65.682,548.769
reviewer-1785987776-2d52870ef168,65.775,641.120
data-analyst-1785987776-94cf37cbcfa5,65.807,448.649
deep-researcher-1785987776-3daec4866b20,65.825,203.524
wide-researcher-1785987776-304f075db119,65.877,160.509
reviewer-1785987776-e4b731b8ca37,65.905,378.768
data-analyst-1785987776-4750cb05787d,65.992,320.097
deep-researcher-1785987777-183f22aeab61,66.015,334.087
wide-researcher-1785987777-532e722497ea,66.039,290.644
reviewer-1785987777-b5ea590a4465,66.052,309.355
data-analyst-1785987777-d6ba07739699,66.077,564.393
deep-researcher-1785987777-fed7eb951ca4,66.101,191.769
wide-researcher-1785987777-e89bbe1a7917,66.113,192.089
reviewer-1785987777-11ec61ff430e,66.125,450.309
data-analyst-1785987777-f8b1051e5c43,66.176,301.129
deep-researcher-1785987777-a8d5bbf60b74,66.205,669.767
wide-researcher-1785987777-365c02df6a11,66.218,291.079
reviewer-1785987777-b184328bbaaf,66.236,614.397
data-analyst-1785987777-bf03ab5f2cdb,66.267,414.973
deep-researcher-1785987777-c742aa61df67,66.284,659.372
wide-researcher-1785987777-fa2f22283b8d,66.321,198.998
reviewer-1785987777-ded1b24e9731,66.350,649.393
data-analyst-1785987777-d4cb8436309f,66.409,672.485
deep-researcher-1785987777-2654e25d8a92,66.444,203.577
wide-researcher-1785987777-89cc025d30bb,66.478,397.513
reviewer-1785987777-4d749544294d,66.502,538.966
data-analyst-1785987777-5833c32fca68,66.545,526.348
deep-researcher-1785987777-c6934eb776e3,66.588,291.062
wide-researcher-1785987777-50735854416c,66.644,305.024
reviewer-1785987777-685b0fcd2503,66.658,521.897
data-analyst-1785987777-7864cebcf5b0,66.689,374.078
deep-researcher-1785987777-7bd6472b2c24,66.798,417.724
wide-researcher-1785987777-647cf55f174e,66.812,560.778
data-analyst-1785987748-90e09454166f,66.863,66.863
reviewer-1785987777-9c6490ce8ba6,66.876,551.578
data-analyst-1785987777-e464d4b164a0,66.911,425.777
deep-researcher-1785987777-80f0b3ed8491,66.935,262.837
wide-researcher-1785987777-6b765efe17ab,66.949,414.714
reviewer-1785987778-c031055570d9,66.978,540.793
data-analyst-1785987778-9970327a4cb5,67.035,345.615
deep-researcher-1785987778-9308feea7949,67.048,193.196
wide-researcher-1785987778-158b10ea4369,67.062,254.577
reviewer-1785987778-fef25a34bbf9,67.075,648.406
data-analyst-1785987778-d858bc5b2f0a,67.113,401.005
deep-researcher-1785987778-6ae5d425d230,67.126,192.579
wide-researcher-1785987778-e488ce755e3e,67.290,198.748
reviewer-1785987778-b85eaf8d1607,67.324,622.785
data-analyst-1785987778-65ec0919545a,67.357,439.509
data-analyst-1785987749-7f668a485c0c,67.371,117.079
deep-researcher-1785987778-9852022f87ce,67.380,178.279
data-analyst-1785987748-2e5199219c41,67.394,118.411
wide-researcher-1785987778-efc8ea44feda,67.411,522.344
reviewer-1785987778-dfa668508666,67.423,418.683
data-analyst-1785987778-82588d4728bb,67.489,680.402
data-analyst-1785987748-c1bfee09bcb2,67.490,121.724
deep-researcher-1785987778-0bea8f581036,67.507,667.537
wide-researcher-1785987778-1f02b961450c,67.528,195.278
reviewer-1785987778-9d6b3bac7ff4,67.554,421.916
data-analyst-1785987744-86c7e6c2c967,67.575,67.575
data-analyst-1785987778-869c53ede6ed,67.583,599.823
deep-researcher-1785987778-5f9ce8385833,67.619,192.783
wide-researcher-1785987778-fd07e1b6cabb,67.634,197.250
reviewer-1785987778-39f4259623cc,67.647,414.514
data-analyst-1785987778-9cdd725fe397,67.693,404.494
deep-researcher-1785987778-885c616f8d56,67.713,639.752
data-analyst-1785987747-be52731941a0,67.745,67.745
wide-researcher-1785987778-fcb6466a5df1,67.749,301.947
reviewer-1785987778-84d1c3cc9a0d,67.761,422.644
data-analyst-1785987746-4fc13301c45b,67.765,67.765
data-analyst-1785987750-477b15bb225a,67.792,118.502
data-analyst-1785987778-5772ee8c0303,67.797,562.735
deep-researcher-1785987778-1a294e85bd4d,67.825,678.444
data-analyst-1785987748-8d51ad37b8cd,67.847,136.888
wide-researcher-1785987778-0ef32f4f2f9d,67.865,418.385
data-analyst-1785987745-f5e3c6b6f419,67.870,67.870
reviewer-1785987778-a6bc8875711b,67.929,585.721
data-analyst-1785987778-be0cd9fb8e36,67.960,535.301
deep-researcher-1785987779-f1ca74a532ed,67.985,634.239
wide-researcher-1785987779-c52318ce0dd8,68.011,528.005
reviewer-1785987779-b47f07c7896f,68.025,402.974
data-analyst-1785987779-cd2c4d94eeaa,68.065,403.242
deep-researcher-1785987779-d000f8810811,68.090,386.603
data-analyst-1785987752-c931880a226a,68.133,118.220
wide-researcher-1785987779-b4a30f3840c1,68.164,410.509
data-analyst-1785987747-2acf76cc0f5e,68.173,117.992
reviewer-1785987779-82811de478b6,68.177,464.306
data-analyst-1785987779-db0037e927b4,68.207,303.665
data-analyst-1785987748-66afc865e922,68.301,68.301
deep-researcher-1785987779-6aa99075a29a,68.310,641.151
wide-researcher-1785987779-baf18562292e,68.327,282.020
reviewer-1785987779-65e6d5ba394e,68.350,541.171
data-analyst-1785987779-67a625ce48d2,68.385,609.569
deep-researcher-1785987779-fce3d673681e,68.403,339.017
wide-researcher-1785987779-6872222b25af,68.426,135.906
data-analyst-1785987753-b4a929cd265c,68.441,119.625
data-analyst-1785987753-33c2a8b1ed0a,68.455,121.970
reviewer-1785987779-3873aa784c4c,68.456,543.570
data-analyst-1785987753-ee8192fc7eff,68.472,190.400
data-analyst-1785987779-c5bab241018d,68.490,532.102
deep-researcher-1785987779-34e5f4cbaafd,68.503,247.887
data-analyst-1785987753-4898afe171d6,68.512,118.303
wide-researcher-1785987779-1ad63137cd84,68.527,519.298
data-analyst-1785987753-3f80d0b7afe3,68.527,129.005
reviewer-1785987779-b01951b5e25a,68.552,407.923
data-analyst-1785987779-c34f17abcddc,68.580,566.697
deep-researcher-1785987779-9b2147568f98,68.592,293.029
wide-researcher-1785987779-e6cc9762595f,68.606,159.969
reviewer-1785987779-80cdf512d570,68.624,669.864
data-analyst-1785987779-99d54abb6235,68.656,519.043
data-analyst-1785987745-1a99e15158fe,68.671,68.671
data-analyst-1785987748-c542585d6b32,68.686,68.686
deep-researcher-1785987779-32535274b0db,68.695,231.328
data-analyst-1785987753-bb8c1477a3dd,68.720,131.099
data-analyst-1785987753-343e44863226,68.734,117.958
wide-researcher-1785987779-d0103556a21c,68.791,291.967
reviewer-1785987779-6f2117213a43,68.817,647.515
data-analyst-1785987779-bc859c3bae37,68.873,630.723
deep-researcher-1785987779-c75d21ab2b95,68.892,632.642
wide-researcher-1785987779-fc4914a7f2c9,68.926,553.396
reviewer-1785987780-49573040e9c0,68.938,524.940
data-analyst-1785987780-bde66453054c,68.999,660.333
deep-researcher-1785987780-f4989ecbe37d,69.062,543.765
wide-researcher-1785987780-3b4a2d0a6a83,69.077,633.571
reviewer-1785987780-31bbce8ccddf,69.091,622.996
data-analyst-1785987747-cdb016bd141a,69.111,69.112
data-analyst-1785987780-12325b78358f,69.131,576.993
deep-researcher-1785987780-9b3da4fdc85d,69.145,280.504
wide-researcher-1785987780-37df3c23ad2d,69.160,407.968
reviewer-1785987780-bdeb22ecb117,69.194,530.788
data-analyst-1785987780-916452c0b812,69.230,523.972
deep-researcher-1785987780-46c7e727994b,69.269,200.881
wide-researcher-1785987780-98bc3c1e11e3,69.282,290.233
reviewer-1785987780-f76b02a7af7e,69.314,305.910
data-analyst-1785987780-ff43e39cb1e0,69.382,565.602
data-analyst-1785987744-4e73bc320899,69.426,116.698
deep-researcher-1785987780-82a782b34ef6,69.435,201.891
wide-researcher-1785987780-a6c636ede91e,69.452,197.104
reviewer-1785987780-a5b8d023a98b,69.470,646.236
data-analyst-1785987780-da23264f50f1,69.566,522.195
data-analyst-1785987748-f25d1e57ec40,69.586,69.587
deep-researcher-1785987780-9fdfd3b4173a,69.604,193.582
wide-researcher-1785987780-abfbfd8eb1d2,69.652,521.240
data-analyst-1785987744-cd4622c7991f,69.667,69.668
reviewer-1785987780-fca842d82ab7,69.680,529.583
data-analyst-1785987780-7228b4b54ba2,69.721,420.458
deep-researcher-1785987780-2cbd13017745,69.744,296.251
wide-researcher-1785987780-23a879021cd7,69.763,476.802
data-analyst-1785987754-36d721c897c3,69.812,122.027
reviewer-1785987780-45415c1d0221,69.813,623.084
data-analyst-1785987780-f2176ac69a16,69.841,302.179
deep-researcher-1785987780-7ef1d23254c4,69.860,326.290
wide-researcher-1785987780-d3f724b79b5e,69.915,425.528
reviewer-1785987781-beb5ceb56f6b,69.939,622.802
data-analyst-1785987781-e7214ca677dd,70.003,551.505
deep-researcher-1785987781-2028f0c2a82c,70.017,643.520
wide-researcher-1785987781-1fc1d792f145,70.063,231.104
reviewer-1785987781-d66c3eb57e4a,70.077,637.112
data-analyst-1785987781-11c4c389d664,70.105,425.855
deep-researcher-1785987781-2f129d831c3d,70.135,611.707
wide-researcher-1785987781-2cb1e9a039ef,70.148,320.291
reviewer-1785987781-8effc7576985,70.167,413.318
data-analyst-1785987748-46ed29de34b9,70.191,70.191
data-analyst-1785987781-031cebebe927,70.200,514.933
deep-researcher-1785987781-2a5ac2b3f320,70.314,593.351
data-analyst-1785987755-c4fb9fc1f221,70.355,117.759
data-analyst-1785987755-a43759bf40db,70.367,162.965
wide-researcher-1785987781-acb7bf69f4f4,70.380,229.052
reviewer-1785987781-a9e35556e7da,70.403,587.675
data-analyst-1785987781-3f230ce289be,70.436,499.718
deep-researcher-1785987781-926e7af6f557,70.449,297.018
data-analyst-1785987744-a9ca3d7622f0,70.464,70.465
data-analyst-1785987748-dcf3d34072fa,70.496,70.496
wide-researcher-1785987781-02678b2680b6,70.504,296.313
reviewer-1785987781-7a015abeadd1,70.566,516.984
data-analyst-1785987781-3b46295c8a30,70.594,555.203
deep-researcher-1785987781-fa2e13e59466,70.609,658.906
wide-researcher-1785987781-d8e415380371,70.633,291.028
reviewer-1785987781-d3157548b099,70.671,440.079
data-analyst-1785987744-b09af6ee1d8b,70.677,70.678
data-analyst-1785987781-91f5197bb890,70.706,308.667
deep-researcher-1785987781-15b91499950c,70.719,538.854
wide-researcher-1785987781-056f6ec44f70,70.766,304.130
reviewer-1785987781-e6b914e02f52,70.780,531.626
data-analyst-1785987781-06d7a1af91a3,70.824,635.116
deep-researcher-1785987781-ad37dccf3085,70.938,402.131
data-analyst-1785987747-89ff47398297,70.948,70.948
wide-researcher-1785987781-7d85e37f7228,70.967,409.000
reviewer-1785987781-03852c799eca,70.987,526.877
data-analyst-1785987782-f494dee09e48,71.105,649.041
deep-researcher-1785987782-5f46f2d47fb7,71.173,199.032
wide-researcher-1785987782-7f45fd722f4c,71.197,191.967
reviewer-1785987782-40b7f60b061b,71.231,636.550
data-analyst-1785987782-9bfa0725f16f,71.274,651.708
deep-researcher-1785987782-65a07eaf2ae6,71.319,193.517
wide-researcher-1785987782-cac392b7fa20,71.333,630.971
reviewer-1785987782-ce408aa00bed,71.352,625.772
data-analyst-1785987782-e5f51e49d2bf,71.456,533.010
deep-researcher-1785987782-1d5b35b53552,71.519,194.513
wide-researcher-1785987782-444656502237,71.533,424.783
reviewer-1785987782-e9fda3ac798d,71.585,553.055
data-analyst-1785987747-7e13afddd8df,71.612,71.613
data-analyst-1785987782-6f805b4972cd,71.625,414.917
deep-researcher-1785987782-103bc1d750de,71.645,417.907
wide-researcher-1785987782-915e1fc9bb3c,71.658,334.180
reviewer-1785987782-11d34f82eedf,71.678,634.026
data-analyst-1785987782-378e34108173,71.714,406.034
deep-researcher-1785987782-59c3b9106f4b,71.812,538.755
wide-researcher-1785987782-5f2cbd6f1ae9,71.825,408.660
reviewer-1785987782-b2133304c576,71.850,416.175
data-analyst-1785987748-3a78bfda18b3,71.863,71.863
data-analyst-1785987782-efb5242d1cfe,71.891,417.182
deep-researcher-1785987782-e3d9128c63b8,71.918,406.189
wide-researcher-1785987783-32aebb54f67f,71.951,199.131
reviewer-1785987783-a6228fffa97f,72.047,648.106
data-analyst-1785987783-e0e3af61c19e,72.079,647.614
deep-researcher-1785987783-7de0af535ce1,72.098,307.734
wide-researcher-1785987783-32e977681640,72.112,194.203
reviewer-1785987783-762e520582af,72.126,490.738
data-analyst-1785987783-a180f327150d,72.173,520.667
deep-researcher-1785987783-7a91a30c21dd,72.194,291.810
wide-researcher-1785987783-53b3282231a6,72.217,641.480
data-analyst-1785987757-05e31b8a1c3d,72.242,129.443
reviewer-1785987783-090d541aac4a,72.250,625.681
data-analyst-1785987783-31d67e811d09,72.287,397.670
deep-researcher-1785987783-a5e09f36cf2f,72.327,195.499
wide-researcher-1785987783-8ceb49076dde,72.346,394.841
data-analyst-1785987745-d0bd4212981d,72.379,72.379
reviewer-1785987783-634c540dc962,72.462,404.849
data-analyst-1785987783-21a825dd7aa5,72.500,519.406
deep-researcher-1785987783-8dbf7fd2c6c7,72.566,526.413
wide-researcher-1785987783-1333ac9234db,72.684,192.770
data-analyst-1785987758-1b7af7f21d9c,72.703,119.400
reviewer-1785987783-c86ec3f76631,72.712,651.836
data-analyst-1785987783-3c2b4eabbfa5,72.747,530.683
deep-researcher-1785987783-ea03808d4097,72.760,245.217
wide-researcher-1785987783-51fe64695afb,72.784,304.767
reviewer-1785987783-01c2f736703a,72.830,676.676
data-analyst-1785987744-0d402eb673d6,72.844,72.844
data-analyst-1785987783-7aa468961206,72.863,539.750
deep-researcher-1785987783-25e2c66f53ef,72.875,297.933
data-analyst-1785987758-e989461f5922,72.896,122.788
wide-researcher-1785987783-3d1fab81c36b,72.968,292.520
reviewer-1785987784-eb82b90c8260,73.030,430.590
data-analyst-1785987784-05f1c07ebc0e,73.080,587.950
deep-researcher-1785987784-53b4075dc0a6,73.104,293.780
wide-researcher-1785987784-c5b46d15a915,73.126,200.894
reviewer-1785987784-75934ebef4ed,73.156,538.694
data-analyst-1785987784-f36a27f01fd1,73.193,431.429
deep-researcher-1785987784-a12ba62dbe72,73.206,305.792
wide-researcher-1785987784-6a4067f1092f,73.224,202.656
data-analyst-1785987750-b042b4d29ff4,73.276,73.277
data-analyst-1785987758-0a68aca6a6d2,73.290,117.862
reviewer-1785987784-a2861acef380,73.325,552.006
data-analyst-1785987753-5eff743bd769,73.338,73.338
data-analyst-1785987784-c38936b69f75,73.364,584.462
deep-researcher-1785987784-bb8e1ab7c7e5,73.376,195.432
wide-researcher-1785987784-3199b1bed891,73.405,201.458
data-analyst-1785987754-5da78726a374,73.420,73.420
reviewer-1785987784-def857e6f7fc,73.430,544.438
data-analyst-1785987784-08ad5924c4d8,73.461,569.056
data-analyst-1785987758-5cfe7b0bfd48,73.485,117.745
data-analyst-1785987747-f83dbcc89a65,73.519,73.520
deep-researcher-1785987784-01f274153fc6,73.524,516.256
data-analyst-1785987748-e1c4d4cbdac6,73.539,73.539
wide-researcher-1785987784-405d4c02124c,73.548,303.335
reviewer-1785987784-c918a79a2e57,73.570,622.486
data-analyst-1785987784-f9fc58628274,73.609,451.102
data-analyst-1785987755-341c02dc7b11,73.625,73.625
deep-researcher-1785987784-c86b95cc3e30,73.629,298.312
wide-researcher-1785987784-8d87523c143f,73.642,646.312
data-analyst-1785987753-5550e2b4bfc0,73.646,73.646
reviewer-1785987784-9966878abbfe,73.670,531.441
data-analyst-1785987784-122d0c04a86f,73.704,533.261
deep-researcher-1785987784-c59f66f34a02,73.731,354.946
wide-researcher-1785987784-b6d12c50a652,73.770,552.020
reviewer-1785987784-178308a05ffc,73.791,536.729
data-analyst-1785987750-615c241b673d,73.801,73.801
data-analyst-1785987784-4546d1381c51,73.842,666.023
data-analyst-1785987747-02d43c92049a,73.938,73.938
deep-researcher-1785987784-d1ad7cf71daf,73.984,307.422
data-analyst-1785987759-69d9eb7cdedb,74.029,145.797
data-analyst-1785987744-a46f040f6fe4,74.044,74.044
wide-researcher-1785987784-f5f58be6c7e1,74.083,200.101
reviewer-1785987784-158833a99065,74.118,642.510
data-analyst-1785987785-b74d4981a057,74.191,541.106
data-analyst-1785987750-3d30b48b7b58,74.191,74.192
deep-researcher-1785987785-1e399fbe0a16,74.220,296.823
wide-researcher-1785987785-609dad9e80d0,74.233,316.625
reviewer-1785987785-9ec4e4ac2287,74.246,534.630
data-analyst-1785987754-202343cff572,74.329,149.465
data-analyst-1785987785-79c7e1748f62,74.345,414.808
deep-researcher-1785987785-facb6d3e6778,74.375,203.934
wide-researcher-1785987785-3160e28678aa,74.446,192.796
reviewer-1785987785-501694c8845d,74.474,414.638
data-analyst-1785987785-b7b9e8e16224,74.543,532.266
deep-researcher-1785987785-d092a88fe7f3,74.589,199.531
wide-researcher-1785987785-218d9662f7fd,74.615,227.670
reviewer-1785987785-1a8bbf7d6cf3,74.684,553.470
data-analyst-1785987785-f3372f77c344,74.716,305.091
deep-researcher-1785987785-66b58fcb75fd,74.742,423.520
wide-researcher-1785987785-fcbfd0541a32,74.836,525.801
reviewer-1785987785-f1adfeb3da0c,74.850,525.627
data-analyst-1785987785-dd3f68064e48,74.890,333.128
deep-researcher-1785987785-d4cba3645b6b,74.910,138.040
wide-researcher-1785987786-36b101722e05,74.944,290.263
reviewer-1785987786-7d85f1c8327c,74.979,349.651
data-analyst-1785987758-dbd77099d1d6,74.993,117.640
data-analyst-1785987786-2e588d1a4559,75.030,424.701
deep-researcher-1785987786-cb3af71dd261,75.043,192.280
wide-researcher-1785987786-75f4cf5a5310,75.067,195.534
reviewer-1785987786-097c20cdde55,75.080,663.635
data-analyst-1785987758-a0bf5e710bc1,75.129,193.376
data-analyst-1785987786-43ac5b19a57b,75.146,418.052
deep-researcher-1785987786-5017114a1d73,75.160,668.052
wide-researcher-1785987786-852aea609469,75.183,205.900
reviewer-1785987786-96e5719befa5,75.197,345.595
data-analyst-1785987786-b63d1bb701cc,75.240,649.441
deep-researcher-1785987786-37364de981c1,75.254,295.276
wide-researcher-1785987786-0bd6c13e2531,75.274,458.455
reviewer-1785987786-f56ec4612b9b,75.304,640.874
data-analyst-1785987757-c60ca223de0b,75.344,117.774
data-analyst-1785987786-a0b84ba9bfab,75.349,405.501
deep-researcher-1785987786-f07665f300ee,75.366,559.538
wide-researcher-1785987786-9c18bdfe20fd,75.393,180.649
reviewer-1785987786-264f8c6c65cd,75.428,651.376
data-analyst-1785987786-da6ad6b5cecb,75.462,402.887
deep-researcher-1785987786-c2dd738de1ea,75.486,178.070
wide-researcher-1785987786-4f8ea777255c,75.505,407.145
reviewer-1785987786-36502dde7628,75.586,643.242
data-analyst-1785987786-25fe93f44216,75.630,651.153
deep-researcher-1785987786-7765d9a74bc0,75.649,318.801
data-analyst-1785987752-6b28e0a76431,75.681,117.895
wide-researcher-1785987786-467208cedae7,75.696,266.557
reviewer-1785987786-3fe106b45e81,75.725,542.599
data-analyst-1785987749-323158971027,75.738,117.812
data-analyst-1785987786-7716ae738d8e,75.760,540.888
deep-researcher-1785987786-5c4e862f32a6,75.773,178.004
data-analyst-1785987757-ab979261f0a1,75.835,118.883
wide-researcher-1785987786-2b1433ab86b0,75.851,402.713
reviewer-1785987786-17516ff494b2,75.876,551.313
data-analyst-1785987754-9e44e4d29b31,75.889,75.889
data-analyst-1785987786-fd10eef08edc,75.956,548.187
deep-researcher-1785987786-b4489b6d42c1,75.980,630.253
data-analyst-1785987746-e4b676224c61,75.989,121.052
wide-researcher-1785987787-1f2209be30f9,75.994,400.914
reviewer-1785987787-b04b3b84f046,76.058,423.884
data-analyst-1785987787-46dde8551d4a,76.121,623.193
deep-researcher-1785987787-cc45b213a8c2,76.161,200.647
data-analyst-1785987756-053418032907,76.175,118.703
wide-researcher-1785987787-22c29e758d94,76.193,518.242
data-analyst-1785987752-1cd7fe9b835f,76.194,76.197
reviewer-1785987787-adc393fe147d,76.206,403.348
data-analyst-1785987787-8e4b36a5414e,76.237,315.604
data-analyst-1785987753-0cced3b6773d,76.279,76.280
deep-researcher-1785987787-67c4e57c0dd8,76.333,306.537
wide-researcher-1785987787-79e8f6fe70f1,76.355,417.290
reviewer-1785987787-0d04b80b42cd,76.369,671.618
data-analyst-1785987787-3a8b3c31fbda,76.410,358.781
deep-researcher-1785987787-eae1133c8432,76.431,296.404
wide-researcher-1785987787-07ddf1145a7f,76.467,657.731
reviewer-1785987787-8493261fbf84,76.486,537.065
data-analyst-1785987787-71f0be4a92c2,76.545,403.165
deep-researcher-1785987787-2d80ba285720,76.576,517.835
wide-researcher-1785987787-fca547824873,76.601,199.047
data-analyst-1785987761-03ff522343d5,76.611,143.935
reviewer-1785987787-7b3969e8fa4e,76.621,573.872
data-analyst-1785987761-bef4cc3966ab,76.629,118.592
data-analyst-1785987787-8f64b197ba7f,76.662,660.781
deep-researcher-1785987787-95f634892483,76.676,272.362
wide-researcher-1785987787-a8989cc6ba45,76.695,199.901
reviewer-1785987787-70771aaef8d2,76.714,664.348
data-analyst-1785987787-b48da9237961,76.752,677.557
deep-researcher-1785987787-38453c3d83f4,76.802,679.771
wide-researcher-1785987787-9629cbe0637d,76.826,405.569
data-analyst-1785987750-2df2a1180077,76.845,76.845
reviewer-1785987787-c7854f9623e5,76.855,552.501
data-analyst-1785987761-97475cb89580,76.897,195.568
data-analyst-1785987787-91510e27fd53,76.932,406.344
deep-researcher-1785987787-ae024073abf2,76.975,192.363
wide-researcher-1785987788-fbdcf6b476e4,77.018,229.001
reviewer-1785987788-af62aae55055,77.103,422.545
data-analyst-1785987788-66f08f5a2f1e,77.138,401.585
deep-researcher-1785987788-1abf46c88059,77.157,218.363
data-analyst-1785987759-51a9e693d2eb,77.171,119.939
wide-researcher-1785987788-4478a84f51ab,77.211,294.312
reviewer-1785987788-8ad8b8b054d6,77.237,418.172
data-analyst-1785987788-5ee2ed76796a,77.268,402.762
deep-researcher-1785987788-b7dcae9cbc10,77.370,292.452
wide-researcher-1785987788-f9ec4ede7745,77.396,193.850
reviewer-1785987788-12409f1dc0a8,77.470,587.660
data-analyst-1785987788-236ed431382e,77.563,650.032
deep-researcher-1785987788-28527e8d1783,77.581,218.109
wide-researcher-1785987788-341847ab3c18,77.606,255.721
reviewer-1785987788-809b106a7a2a,77.636,380.890
data-analyst-1785987756-123a892f719c,77.646,77.646
data-analyst-1785987788-e9f41ff5ee99,77.668,393.114
deep-researcher-1785987788-798fccafd934,77.709,681.869
wide-researcher-1785987788-5253195a4019,77.723,194.991
reviewer-1785987788-c41650a7ae9a,77.737,538.525
data-analyst-1785987788-d35ce98712c5,77.840,476.728
deep-researcher-1785987788-a638ca1b1c60,77.855,662.727
wide-researcher-1785987788-d1878863cfbf,77.879,296.421
reviewer-1785987788-6ad3d39112ff,77.893,633.738
data-analyst-1785987789-028687dd4dc1,77.945,425.435
deep-researcher-1785987789-20a8e6d7b771,77.996,539.008
wide-researcher-1785987789-7180747d3e0e,78.015,547.129
reviewer-1785987789-7e94d03a9708,78.045,414.577
data-analyst-1785987789-f7ca07aeb557,78.083,647.237
deep-researcher-1785987789-ec97d62daac9,78.109,268.985
wide-researcher-1785987789-62e35d41c4a7,78.149,633.517
reviewer-1785987789-cef4f957be5b,78.170,329.484
data-analyst-1785987789-230f42865e9c,78.229,537.393
deep-researcher-1785987789-b17d64154cba,78.260,645.304
wide-researcher-1785987789-da0219609441,78.284,222.185
reviewer-1785987789-0f6889965be3,78.317,627.974
data-analyst-1785987789-e2c06cf5eeb2,78.367,423.601
deep-researcher-1785987789-bcaf28990d22,78.380,203.494
wide-researcher-1785987789-2b079c31629c,78.452,194.920
reviewer-1785987789-dd25cb74e946,78.489,640.607
data-analyst-1785987789-fc158d0be92b,78.528,450.513
deep-researcher-1785987789-1bee2a816cc9,78.618,425.192
wide-researcher-1785987789-4338fa55b5ff,78.631,291.982
reviewer-1785987789-ce48e0a4948e,78.648,562.719
data-analyst-1785987789-6362385c5589,78.724,413.429
deep-researcher-1785987789-2c11cb90dce0,78.749,308.179
wide-researcher-1785987789-5d8ca915250d,78.761,203.147
data-analyst-1785987758-b8ca600a3988,78.774,131.482
reviewer-1785987789-8e703b08cc1c,78.782,520.567
data-analyst-1785987789-f79310db1d3e,78.873,530.263
deep-researcher-1785987789-9634b2eb66b9,78.886,200.147
wide-researcher-1785987789-0f66329d2de5,78.904,143.223
reviewer-1785987789-5284fff7eb65,78.972,589.141
data-analyst-1785987790-78f889648e82,79.070,300.167
deep-researcher-1785987790-dbc1d82cd0c5,79.083,533.057
wide-researcher-1785987790-6a90ecb6a4de,79.112,590.015
reviewer-1785987790-02d69c27adc4,79.140,416.876
data-analyst-1785987790-7a35bc2f8bd0,79.185,443.058
deep-researcher-1785987790-9d86946ca8c1,79.204,291.166
wide-researcher-1785987790-1970a17b8658,79.226,417.199
reviewer-1785987790-9c2cc0ebb43c,79.245,419.627
data-analyst-1785987748-453186574083,79.332,118.286
data-analyst-1785987790-936ba2dac01a,79.349,533.825
data-analyst-1785987755-6632bd16a448,79.353,120.607
deep-researcher-1785987790-2182381598bd,79.382,600.160
data-analyst-1785987758-8c3c79278001,79.382,118.690
wide-researcher-1785987790-14fb53dcb6aa,79.407,299.324
reviewer-1785987790-dc15c91202bc,79.456,523.364
data-analyst-1785987790-db188665dc43,79.510,628.248
deep-researcher-1785987790-8fe05e908c55,79.533,524.785
wide-researcher-1785987790-b8f67c082ae8,79.558,306.747
reviewer-1785987790-3486ad2050bf,79.571,418.765
data-analyst-1785987790-d1fbcbfbe1c2,79.607,410.339
deep-researcher-1785987790-b42dcfd2bfdc,79.625,419.215
wide-researcher-1785987790-f39ba6affa5d,79.648,650.598
reviewer-1785987790-5ede528f7ee9,79.692,571.874
data-analyst-1785987790-dd57c8a10b3d,79.741,643.803
data-analyst-1785987747-1a4c29044fa1,79.741,79.745
deep-researcher-1785987790-b74cd30ee76b,79.753,532.482
wide-researcher-1785987790-5f80766b6eae,79.779,539.496
data-analyst-1785987760-0abad9f13d7d,79.792,79.792
reviewer-1785987790-f9901ff3630b,79.818,450.606
data-analyst-1785987790-8863665a8955,79.843,422.357
deep-researcher-1785987790-18e35a59d90c,79.871,203.070
wide-researcher-1785987790-0e91aa9ddb94,79.893,169.260
data-analyst-1785987752-75ab9fdde18f,79.921,79.921
reviewer-1785987791-43c7b0c2cccd,79.922,580.994
data-analyst-1785987791-c1ff86133d93,79.960,666.467
deep-researcher-1785987791-d6aae837747d,79.995,644.909
wide-researcher-1785987791-58edf4421a23,80.041,519.912
data-analyst-1785987755-ac47791ee992,80.078,80.079
data-analyst-1785987761-9ea0f0146a5b,80.092,130.729
reviewer-1785987791-6e1a2e975d8f,80.123,303.549
data-analyst-1785987791-65d0c466606b,80.148,568.735
deep-researcher-1785987791-acbd2ff07ab8,80.165,200.022
data-analyst-1785987748-9b2814dda9d9,80.189,80.189
data-analyst-1785987755-e329c9c5847e,80.248,80.248
wide-researcher-1785987791-5e16cbcf9b81,80.266,195.063
reviewer-1785987791-f696ae32dded,80.299,654.339
data-analyst-1785987791-3b3f431fb6f3,80.380,451.133
deep-researcher-1785987791-0490427fe636,80.394,303.586
data-analyst-1785987761-382536babbab,80.466,116.828
wide-researcher-1785987791-091a352a7f1a,80.471,408.133
reviewer-1785987791-1535c72f23ea,80.492,654.164
data-analyst-1785987761-65785016578a,80.541,116.841
data-analyst-1785987791-0c4d1090b3e8,80.546,554.034
deep-researcher-1785987791-8f548a761437,80.580,237.686
wide-researcher-1785987791-70bd05cd063d,80.592,386.910
reviewer-1785987791-0f1c6fde3ae4,80.623,544.239
data-analyst-1785987762-b30335e33326,80.640,116.743
data-analyst-1785987791-effad3f65035,80.657,407.698
deep-researcher-1785987791-95e5cee78546,80.678,532.117
data-analyst-1785987762-8def352069cb,80.692,122.243
wide-researcher-1785987791-594979df272d,80.720,291.790
reviewer-1785987791-e3d50e96135d,80.733,532.649
data-analyst-1785987791-e6c05eadff74,80.829,676.841
deep-researcher-1785987791-9efb21819267,80.863,199.272
wide-researcher-1785987791-787c76ee680b,80.882,195.900
reviewer-1785987791-67e77b346bd8,80.912,542.789
data-analyst-1785987792-129d61f74cf4,80.970,523.860
deep-researcher-1785987792-2b8ad8480025,81.045,432.333
wide-researcher-1785987792-2be0deaae1ff,81.078,666.139
reviewer-1785987792-c347471599f4,81.091,548.731
data-analyst-1785987792-57d26b428335,81.134,514.063
deep-researcher-1785987792-d6e8cc433d34,81.170,423.262
wide-researcher-1785987792-dda152717051,81.189,652.722
reviewer-1785987792-e75a3152011e,81.207,554.772
data-analyst-1785987792-256a3f4143a1,81.239,298.197
deep-researcher-1785987792-b1a5b66711c7,81.252,631.063
wide-researcher-1785987792-1139bbe7b12f,81.266,524.267
data-analyst-1785987748-01e4adf4309d,81.274,81.275
reviewer-1785987792-19796ef2883d,81.344,630.396
data-analyst-1785987792-93bba7975c70,81.388,300.549
deep-researcher-1785987792-295061f6e81f,81.407,474.801
wide-researcher-1785987792-25c60eef8bf1,81.430,314.853
reviewer-1785987792-840d9eea877d,81.444,622.623
data-analyst-1785987792-0482f76fd762,81.506,257.600
deep-researcher-1785987792-5cfdfd9f124f,81.548,233.804
wide-researcher-1785987792-5bcbc2a6ba8b,81.631,516.489
reviewer-1785987792-1f23b1ff1130,81.649,523.152
data-analyst-1785987759-5da97322e1ab,81.715,118.736
data-analyst-1785987792-be46e7b81a1b,81.720,522.091
deep-researcher-1785987792-6071325f5ef6,81.741,536.439
wide-researcher-1785987792-eb71d346e0c5,81.768,196.256
reviewer-1785987792-358987421be5,81.781,578.156
data-analyst-1785987792-aa33fc60ebf4,81.812,530.804
data-analyst-1785987765-f3ed713909f0,81.837,120.639
deep-researcher-1785987792-42aca23d2bb1,81.913,219.202
wide-researcher-1785987792-052335b6fcc8,81.995,517.724
reviewer-1785987792-1f952d04d449,82.012,635.811
data-analyst-1785987763-5b808ae2dd73,82.054,121.520
data-analyst-1785987792-705c93690642,82.084,399.660
deep-researcher-1785987793-a9543a2ab97e,82.096,355.350
wide-researcher-1785987793-891e136a7950,82.136,217.512
reviewer-1785987793-16c7a0c36d26,82.148,654.355
data-analyst-1785987765-dc12e9204211,82.215,129.668
data-analyst-1785987793-b82ae8ed1817,82.235,518.988
deep-researcher-1785987793-03238ab0c18e,82.252,145.084
data-analyst-1785987765-5c151424bd0e,82.317,156.444
data-analyst-1785987765-8794f8356e2a,82.330,122.569
wide-researcher-1785987793-7efef0a8a4e3,82.368,198.763
reviewer-1785987793-478cb05933d6,82.381,635.515
data-analyst-1785987793-ab49e81b23b6,82.425,531.836
deep-researcher-1785987793-62357d56046c,82.480,400.788
data-analyst-1785987763-a8b438d8c0f2,82.498,120.849
wide-researcher-1785987793-7ce4d6e72cc0,82.561,204.458
reviewer-1785987793-51183e77c1eb,82.579,664.721
data-analyst-1785987793-91c2afe5a9d2,82.614,531.992
deep-researcher-1785987793-f946cfe34a44,82.633,646.786
wide-researcher-1785987793-fcfc834637b3,82.700,227.320
reviewer-1785987793-a55c0f61d440,82.723,539.040
data-analyst-1785987793-8c0f2cab1002,82.754,527.741
deep-researcher-1785987793-d5dd3dcef95c,82.775,627.146
wide-researcher-1785987793-e1248e267a59,82.842,291.774
reviewer-1785987793-0269a157172a,82.854,523.335
data-analyst-1785987793-c5902cf7adb3,82.896,661.491
deep-researcher-1785987793-f68dabdf4b1d,82.910,207.501
wide-researcher-1785987794-ada3c6c79b85,82.923,408.344
reviewer-1785987794-1705e707ecd6,82.950,629.593
data-analyst-1785987794-427d2ea9f148,83.006,411.961
deep-researcher-1785987794-0358274ec5f7,83.083,539.544
wide-researcher-1785987794-a4148f5f1372,83.141,203.251
reviewer-1785987794-a3a0f276f18b,83.158,412.715
data-analyst-1785987794-1e946a114af1,83.196,606.428
deep-researcher-1785987794-25c09ba49572,83.225,321.489
wide-researcher-1785987794-e61353fb417d,83.257,196.904
reviewer-1785987794-7e4d5cf9698d,83.276,650.318
data-analyst-1785987765-0f2547c09c67,83.289,124.328
data-analyst-1785987765-079ca0b7a683,83.354,118.251
data-analyst-1785987765-a4d91bc1d9d3,83.369,119.322
data-analyst-1785987794-e03be73e1ba6,83.414,413.211
deep-researcher-1785987794-e53521554d19,83.428,255.897
wide-researcher-1785987794-342cbaea786c,83.485,290.477
reviewer-1785987794-c7d1848819cf,83.508,417.990
data-analyst-1785987794-cf75b76a10d4,83.593,547.303
deep-researcher-1785987794-48382e00590b,83.610,292.774
wide-researcher-1785987794-309ee635e640,83.647,563.893
reviewer-1785987794-621b89a2b78e,83.664,558.297
data-analyst-1785987794-665102fd0d0f,83.701,536.641
deep-researcher-1785987794-dd9ab7bae311,83.737,652.703
wide-researcher-1785987794-c861c32ebf58,83.750,294.444
reviewer-1785987794-b2232ae2cd07,83.772,540.356
data-analyst-1785987794-3828fa176fe9,83.877,335.768
deep-researcher-1785987794-68e79bd98d49,83.891,177.848
wide-researcher-1785987794-936e52054d42,83.910,447.994
reviewer-1785987794-73ae173cfe58,83.933,633.863
data-analyst-1785987795-42d5a28770d7,83.975,413.613
deep-researcher-1785987795-23f778c88913,84.067,661.604
wide-researcher-1785987795-6a9d447b8cc1,84.102,298.097
reviewer-1785987795-a51394685956,84.143,516.366
data-analyst-1785987795-665b6dd4a636,84.190,416.106
data-analyst-1785987766-f64c5d2c0c0c,84.205,196.060
deep-researcher-1785987795-95ac4d5e045d,84.214,308.359
wide-researcher-1785987795-982b77c1780a,84.236,517.076
reviewer-1785987795-c50bbdd8111c,84.253,537.020
data-analyst-1785987795-01b6f85faefb,84.284,519.615
deep-researcher-1785987795-db58fff85072,84.364,300.597
wide-researcher-1785987795-a65b437da1b1,84.380,400.306
reviewer-1785987795-e582ffa70746,84.401,529.687
data-analyst-1785987795-b0564f354d95,84.427,414.887
deep-researcher-1785987795-32ead29c62ad,84.459,622.175
data-analyst-1785987766-044252efe513,84.510,120.261
data-analyst-1785987766-5c8b5c0e4827,84.522,117.586
wide-researcher-1785987795-caadda2987fd,84.569,291.194
reviewer-1785987795-ef4ad36b1983,84.649,514.980
data-analyst-1785987795-5ea5e58ef7d4,84.680,656.656
deep-researcher-1785987795-7f4d84e49516,84.707,402.872
wide-researcher-1785987795-0cc8c1c4da33,84.745,290.742
reviewer-1785987795-0f9d9a3daf09,84.772,622.235
data-analyst-1785987795-7674b129be71,84.833,629.729
data-analyst-1785987766-98a8ca70e341,84.875,120.867
data-analyst-1785987766-a719f99b3aeb,84.890,136.147
deep-researcher-1785987795-0f11fe4088da,84.933,194.349
wide-researcher-1785987795-36076ad64f28,85.000,538.217
reviewer-1785987795-2b4275d582fa,85.023,545.285
data-analyst-1785987755-6f6182abc3cf,85.096,85.096
data-analyst-1785987796-3a7c45223767,85.105,414.999
data-analyst-1785987758-761cde0cd05d,85.114,85.114
deep-researcher-1785987796-16f25ac77be8,85.119,195.667
wide-researcher-1785987796-9877aa652f63,85.150,196.336
data-analyst-1785987763-e5dce3ccda77,85.166,85.167
reviewer-1785987796-575378eebf5b,85.171,583.466
data-analyst-1785987796-f587ead2d41f,85.244,422.937
deep-researcher-1785987796-e03ec297f9e3,85.267,359.753
wide-researcher-1785987796-6c8418f13528,85.295,436.571
data-analyst-1785987766-ceb98dbf3cad,85.318,132.249
data-analyst-1785987755-0f7ef88c60bb,85.350,85.350
reviewer-1785987796-a78aeefcbbe9,85.382,540.519
data-analyst-1785987796-7ecb06cde133,85.408,441.213
deep-researcher-1785987796-2a3c3cc69f26,85.421,192.920
wide-researcher-1785987796-b898bdeddb93,85.450,194.592
reviewer-1785987796-f788d42dcfc9,85.488,548.313
data-analyst-1785987796-04f3ac61e266,85.541,304.226
deep-researcher-1785987796-22508ca5f422,85.580,176.412
wide-researcher-1785987796-8547deaf9ee6,85.611,326.787
reviewer-1785987796-05cb5671a49e,85.624,555.512
data-analyst-1785987796-8cbcc3202f8e,85.665,518.742
deep-researcher-1785987796-213625c64c02,85.689,518.257
wide-researcher-1785987796-151a4e76740d,85.702,299.468
reviewer-1785987796-f4912601bd76,85.721,669.984
data-analyst-1785987796-0f7e496e193a,85.761,421.818
deep-researcher-1785987796-f36120efb450,85.775,240.734
wide-researcher-1785987796-779499af5f58,85.795,292.502
reviewer-1785987796-369595096917,85.856,645.475
data-analyst-1785987796-4bdea8c481c7,85.887,400.957
deep-researcher-1785987796-43e737278845,85.912,241.903
wide-researcher-1785987796-707e4d5575cc,85.925,202.324
reviewer-1785987797-2b7f26b9d46c,85.969,590.365
data-analyst-1785987797-48013e9d7c73,86.106,448.711
deep-researcher-1785987797-1f0f81b4bdfb,86.176,668.125
data-analyst-1785987762-6f7da4b2e71d,86.224,119.710
wide-researcher-1785987797-62a8a5d8a473,86.254,528.258
reviewer-1785987797-15cffc747565,86.285,558.713
data-analyst-1785987797-605bedaa5927,86.343,649.242
deep-researcher-1785987797-cdf1835226a8,86.410,659.486
wide-researcher-1785987797-8114316a8b57,86.443,200.438
reviewer-1785987797-d9e735094a43,86.456,305.170
data-analyst-1785987758-89a6313076fc,86.500,116.952
data-analyst-1785987797-428bae1d2c26,86.514,354.666
deep-researcher-1785987797-0008695b5ef1,86.536,403.459
wide-researcher-1785987797-d04a02c999a6,86.558,644.590
reviewer-1785987797-59d4e9b1f6f1,86.583,623.389
data-analyst-1785987797-13583dd85737,86.626,544.126
deep-researcher-1785987797-4aaabd225a75,86.671,198.870
wide-researcher-1785987797-ce6d62af94cd,86.685,560.008
reviewer-1785987797-914ed735b72c,86.698,422.560
data-analyst-1785987761-1f9944b7ea9c,86.706,86.706
data-analyst-1785987797-9f07d4251a61,86.765,451.642
deep-researcher-1785987797-4be75439a4ea,86.778,414.397
wide-researcher-1785987797-5196d37cf2bc,86.809,343.672
reviewer-1785987797-a5d70b748d06,86.862,517.694
data-analyst-1785987767-ba4a49ef1e63,86.866,196.610
data-analyst-1785987797-c70902ca1cf6,86.896,644.669
data-analyst-1785987758-b80a84382a20,86.896,116.728
deep-researcher-1785987797-b26f3a57e2ee,86.909,377.490
wide-researcher-1785987797-7a70e9eb84ac,86.922,441.539
reviewer-1785987798-853c3eb3d15f,86.952,422.876
data-analyst-1785987798-71a9413482be,87.000,420.089
deep-researcher-1785987798-637965881fed,87.118,533.840
wide-researcher-1785987798-672186867556,87.132,328.583
reviewer-1785987798-ab38307c8465,87.165,652.365
data-analyst-1785987798-62f0894afbe5,87.204,319.788
deep-researcher-1785987798-738266283e1b,87.238,291.266
wide-researcher-1785987798-854a447b0257,87.270,198.703
reviewer-1785987798-c8849f9be477,87.288,518.379
data-analyst-1785987798-e6b10af5a323,87.375,402.022
deep-researcher-1785987798-0304673c9b6a,87.401,323.768
wide-researcher-1785987798-d66ac9990820,87.425,292.407
reviewer-1785987798-b0d726997d18,87.477,633.801
data-analyst-1785987798-5b9cdb54c0dc,87.560,627.196
deep-researcher-1785987798-176a4db5b183,87.578,201.940
wide-researcher-1785987798-4b92acf22133,87.597,450.706
reviewer-1785987798-1d6b7d5eee1f,87.616,445.234
data-analyst-1785987798-649495cbcb76,87.683,565.629
deep-researcher-1785987798-d38f094082ed,87.711,644.479
wide-researcher-1785987798-3c5c3572b3c3,87.767,205.220
reviewer-1785987798-23b0bc11e7b6,87.793,664.906
data-analyst-1785987798-429d7e0c7aec,87.842,649.490
deep-researcher-1785987798-3e6aab015a60,87.917,298.213
wide-researcher-1785987798-d97bda9c1ac3,87.946,295.016
reviewer-1785987798-60599974ad07,87.970,519.803
data-analyst-1785987799-7ec90ff5a516,88.031,622.375
deep-researcher-1785987799-87c79017ab9c,88.062,293.699
wide-researcher-1785987799-df5400a473e5,88.105,462.810
reviewer-1785987799-fee82ffac36e,88.130,519.728
data-analyst-1785987799-ba3d5d5b6a43,88.181,412.825
deep-researcher-1785987799-c2ec5fdd73b9,88.201,399.744
wide-researcher-1785987799-738c2513a566,88.225,206.199
reviewer-1785987799-dd8969ae7210,88.271,551.724
data-analyst-1785987799-70c747c17b26,88.298,408.898
deep-researcher-1785987799-b27dbef76f88,88.379,642.976
wide-researcher-1785987799-8a94fa6f9b0a,88.418,193.956
data-analyst-1785987746-ba15e47b83e6,88.442,121.191
reviewer-1785987799-8d5aed4f807d,88.446,601.921
data-analyst-1785987799-cca511ec1bab,88.507,379.413
deep-researcher-1785987799-061fb5264cc8,88.628,521.059
wide-researcher-1785987799-1e7ef0e5d23e,88.642,535.431
reviewer-1785987799-28ddf5c7ceaa,88.655,409.459
data-analyst-1785987799-01ce5b24e2b0,88.720,458.145
deep-researcher-1785987799-55d8f31a0a53,88.774,628.562
wide-researcher-1785987799-0194f09ff904,88.795,424.166
reviewer-1785987799-e920aac2bfa9,88.807,640.853
data-analyst-1785987799-21fc7c01a387,88.885,636.061
deep-researcher-1785987799-6eb26ea1eb30,88.898,650.793
wide-researcher-1785987799-7b8c456733fb,88.916,461.651
reviewer-1785987799-8b4e3011d872,88.935,518.202
data-analyst-1785987800-cca1dab95d6a,88.990,516.550
deep-researcher-1785987800-91b48ccbd250,89.004,415.291
wide-researcher-1785987800-1a8577eacb81,89.079,303.029
data-analyst-1785987768-eb48e258d635,89.098,120.244
data-analyst-1785987768-6c3efbe76c79,89.110,122.226
reviewer-1785987800-edffa83d4b9a,89.129,428.746
data-analyst-1785987800-089b9ec0d025,89.232,529.865
deep-researcher-1785987800-7f0b4f0f3c2e,89.259,609.672
wide-researcher-1785987800-a07e386372a6,89.296,639.477
reviewer-1785987800-6985a450ec0a,89.323,672.721
data-analyst-1785987800-ba6b949d265d,89.357,308.295
deep-researcher-1785987800-bf5acd262e00,89.418,631.587
wide-researcher-1785987800-23481e79c6bb,89.432,638.067
reviewer-1785987800-f3cec9feaea6,89.468,623.868
data-analyst-1785987768-48cced1dcb11,89.472,118.378
data-analyst-1785987768-4f7cc573376b,89.485,203.793
data-analyst-1785987800-0660178a9b7c,89.543,420.786
deep-researcher-1785987800-d2a762dcefe5,89.578,292.830
wide-researcher-1785987800-a1ad76e25b0a,89.603,300.857
reviewer-1785987800-9e0d005cd684,89.618,640.044
data-analyst-1785987800-c4ba0002d90a,89.657,533.946
deep-researcher-1785987800-a126a593407e,89.682,637.518
wide-researcher-1785987800-f5a0872d02fa,89.696,193.976
reviewer-1785987800-ebba639baa08,89.716,653.692
data-analyst-1785987800-b1d1dcb7bdc1,89.782,523.670
deep-researcher-1785987800-2409973eae4d,89.802,340.046
data-analyst-1785987768-4f3fcfcb19c3,89.852,120.725
data-analyst-1785987768-a38512de3d41,89.866,192.121
data-analyst-1785987768-b593b9b970c4,89.880,246.162
wide-researcher-1785987800-d4ea70b54b84,89.895,301.702
reviewer-1785987800-eda106b3e853,89.930,444.305
data-analyst-1785987800-29af12ad4326,89.970,534.969
data-analyst-1785987763-1de2493ed9de,89.991,89.992
deep-researcher-1785987800-b63e34048629,90.006,291.726
wide-researcher-1785987801-7fcf80b16ba9,90.029,408.069
data-analyst-1785987752-8c94f7d0c8b2,90.049,90.050
reviewer-1785987801-df25b06313ca,90.092,559.862
data-analyst-1785987801-c0fd2a0c09e3,90.149,350.937
deep-researcher-1785987801-48aaf60cf7ae,90.165,671.226
wide-researcher-1785987801-6e2077966c65,90.178,299.712
reviewer-1785987801-531a1a0be522,90.234,649.658
data-analyst-1785987801-c5fe58d53a69,90.287,644.731
deep-researcher-1785987801-ad1c05998b6b,90.309,624.266
wide-researcher-1785987801-40ebd6a5f3e4,90.323,403.560
reviewer-1785987801-a40b5e853e3b,90.384,575.825
data-analyst-1785987801-03cefedff914,90.453,352.378
deep-researcher-1785987801-0d486cd8c939,90.478,653.139
wide-researcher-1785987801-158b8f4a8342,90.507,646.899
reviewer-1785987801-f6d08f891109,90.539,539.056
data-analyst-1785987801-a297aab830a9,90.599,342.789
deep-researcher-1785987801-1c2e0d746683,90.638,618.747
wide-researcher-1785987801-4042f73004d2,90.653,204.128
reviewer-1785987801-231edf5a4ed7,90.713,541.438
data-analyst-1785987801-2ced0ebc91b4,90.766,411.357
deep-researcher-1785987801-40a248f06a92,90.813,466.030
wide-researcher-1785987801-d9feab8e24f4,90.833,407.188
reviewer-1785987801-9d53dc3b0398,90.938,523.807
data-analyst-1785987801-8f04f1f61c91,90.977,530.834
deep-researcher-1785987801-be2dc61bdcad,90.997,301.755
wide-researcher-1785987802-95a82e9feae5,91.061,201.472
reviewer-1785987802-09e8a109aed1,91.081,551.520
data-analyst-1785987802-04dc478f1255,91.121,420.179
deep-researcher-1785987802-553455028dd8,91.140,598.307
data-analyst-1785987769-b65347e7f821,91.141,119.290
data-analyst-1785987769-78b37fffbf0a,91.158,122.859
wide-researcher-1785987802-f9d842e6e8aa,91.163,298.163
data-analyst-1785987769-7d2f5a3edbcc,91.177,242.472
reviewer-1785987802-7bc70385786b,91.188,648.971
data-analyst-1785987769-1ae340f38668,91.196,120.752
data-analyst-1785987769-7835e1c09419,91.209,117.942
data-analyst-1785987802-563ab30c8be6,91.224,331.387
deep-researcher-1785987802-ed4d60e1647e,91.238,519.850
wide-researcher-1785987802-d64ff11b4575,91.297,402.777
reviewer-1785987802-6ddb8b8d2e45,91.311,290.817
data-analyst-1785987802-a26826dd6b09,91.393,439.618
deep-researcher-1785987802-bc66c08c154d,91.429,195.851
data-analyst-1785987765-54fc90345233,91.430,130.644
wide-researcher-1785987802-565a137f7864,91.443,314.148
reviewer-1785987802-bb0616449a25,91.455,530.005
data-analyst-1785987802-5c60f7b85ddc,91.531,420.813
data-analyst-1785987761-e8af72405c32,91.553,91.554
deep-researcher-1785987802-0b23d755670c,91.589,536.140
wide-researcher-1785987802-4706643c9f7f,91.609,369.078
reviewer-1785987802-24efb52ddaa9,91.654,523.273
data-analyst-1785987802-6674faf88683,91.680,551.926
deep-researcher-1785987802-2edca49eb7c1,91.694,400.899
wide-researcher-1785987802-9f26c0c8b75f,91.734,406.794
reviewer-1785987802-f8811f0d9c05,91.749,528.731
data-analyst-1785987802-e27d57a1a052,91.798,416.845
deep-researcher-1785987802-a0a0da358d61,91.820,196.528
wide-researcher-1785987802-ffa730c93905,91.838,412.661
reviewer-1785987802-f0e15a62a237,91.869,626.434
data-analyst-1785987802-3acaf1e5a8fc,91.928,403.628
deep-researcher-1785987802-6966045feb4e,91.955,407.056
data-analyst-1785987769-0821559cb3a1,91.963,121.757
data-analyst-1785987769-6863d7fd8f11,91.977,119.577
wide-researcher-1785987803-c8aeb0e592c9,92.019,412.014
reviewer-1785987803-bb1ce97dac03,92.053,665.342
data-analyst-1785987803-1e1b82257659,92.101,519.058
deep-researcher-1785987803-61401c7bd793,92.153,649.825
wide-researcher-1785987803-d9bdb931d45e,92.232,566.871
reviewer-1785987803-471be6d77b61,92.246,415.218
data-analyst-1785987803-19dae8499424,92.278,634.091
deep-researcher-1785987803-8158331499cb,92.317,650.224
wide-researcher-1785987803-ebd9915fcd8c,92.355,224.485
reviewer-1785987803-f43926bcb24d,92.378,647.445
data-analyst-1785987803-6ce0952b4f31,92.437,497.885
deep-researcher-1785987803-eec463792a35,92.454,402.371
wide-researcher-1785987803-14e773768153,92.491,310.617
reviewer-1785987803-962ba964657f,92.504,458.432
data-analyst-1785987803-6140a52ae9cc,92.544,637.278
deep-researcher-1785987803-641fd003075b,92.565,294.781
wide-researcher-1785987803-76eb40e1cf20,92.591,297.949
reviewer-1785987803-3a2dfc67c7a8,92.630,519.393
data-analyst-1785987803-fb456c970e18,92.673,520.433
deep-researcher-1785987803-baf59d76e307,92.697,537.706
wide-researcher-1785987803-83e32349f4e1,92.746,291.934
reviewer-1785987803-b4ade3c4f24c,92.793,425.673
data-analyst-1785987803-1fe533544ca6,92.828,626.963
data-analyst-1785987749-5872178bae16,92.880,92.881
deep-researcher-1785987803-b941abcac71a,92.905,314.729
wide-researcher-1785987803-9f7ffae4681b,92.918,402.575
reviewer-1785987803-3c76a003a48e,92.960,567.609
data-analyst-1785987748-0260c267f278,93.005,120.484
data-analyst-1785987752-f0c6bfafc046,93.025,93.026
data-analyst-1785987804-f04fae43e182,93.045,541.076
deep-researcher-1785987804-7caffd7ddf02,93.104,301.076
wide-researcher-1785987804-512efa72a596,93.125,657.073
reviewer-1785987804-030f3cd3263c,93.152,666.040
data-analyst-1785987804-3d9f7177ef9b,93.182,626.748
deep-researcher-1785987804-24ea993c8533,93.194,642.000
wide-researcher-1785987804-46329ae438b6,93.208,592.400
reviewer-1785987804-9bb1db60bdb6,93.249,555.190
data-analyst-1785987804-3691d74d6a81,93.274,527.757
deep-researcher-1785987804-4fd7b9f40cb7,93.307,295.207
wide-researcher-1785987804-18fe12f116e6,93.331,290.773
reviewer-1785987804-751b39599032,93.344,432.155
data-analyst-1785987804-fdaacbb3914c,93.375,523.932
deep-researcher-1785987804-1ceb1aa07758,93.391,631.950
wide-researcher-1785987804-e353d56bca81,93.417,651.756
data-analyst-1785987756-53a569f11737,93.443,93.444
reviewer-1785987804-acaa5b94fb78,93.448,404.529
data-analyst-1785987765-fae0aee9c1d3,93.460,93.461
data-analyst-1785987769-1187e08784d9,93.475,120.090
data-analyst-1785987804-511274c880a0,93.523,624.886
deep-researcher-1785987804-3bac59fd0dc8,93.537,382.313
wide-researcher-1785987804-7e8327d673a7,93.560,535.197
reviewer-1785987804-85549fc3ab8c,93.601,574.984
data-analyst-1785987804-231c624e0af8,93.650,421.063
deep-researcher-1785987804-24fbd1edddb4,93.669,228.488
wide-researcher-1785987804-c5eb2be0225b,93.731,202.196
reviewer-1785987804-ef91cba4a4fa,93.752,415.570
data-analyst-1785987804-3e3e3fd7c2a9,93.790,413.902
deep-researcher-1785987804-4821177912e4,93.831,653.839
wide-researcher-1785987804-755b20ae5e81,93.854,405.621
reviewer-1785987804-1b0656b323df,93.888,670.392
data-analyst-1785987804-60ce8041d1f5,93.947,495.142
deep-researcher-1785987805-d4dce7cbff39,94.000,243.594
wide-researcher-1785987805-8344fcd65903,94.022,295.291
reviewer-1785987805-76d6edb7a6bf,94.035,533.395
data-analyst-1785987805-2195f086d20a,94.073,451.451
deep-researcher-1785987805-3790bccac1c0,94.102,195.618
wide-researcher-1785987805-3619c1521f8e,94.146,519.311
reviewer-1785987805-543f664f5fee,94.179,624.644
data-analyst-1785987805-0d793afc38ed,94.252,631.238
deep-researcher-1785987805-cf191775fb0d,94.306,346.862
wide-researcher-1785987805-f9cd8b367b89,94.339,517.374
reviewer-1785987805-06b6fbb922a4,94.420,446.256
data-analyst-1785987805-b3abcfa6ae63,94.467,478.797
deep-researcher-1785987805-37c260e0e9b5,94.514,199.324
wide-researcher-1785987805-c18d764fbd67,94.552,279.751
reviewer-1785987805-a7485e6348ba,94.611,648.390
data-analyst-1785987805-b64b4a431908,94.664,303.099
deep-researcher-1785987805-df227b8a3dc7,94.689,195.916
wide-researcher-1785987805-9af1c10c0dd3,94.702,198.095
reviewer-1785987805-2d0dc3978e4c,94.717,413.227
data-analyst-1785987805-43138f0b58c5,94.755,294.481
deep-researcher-1785987805-416c7ed52eab,94.775,627.785
wide-researcher-1785987805-c0c6d7bc9b7d,94.818,647.499
reviewer-1785987805-492737f69b8f,94.846,631.333
data-analyst-1785987805-aca0d0968840,94.898,452.763
deep-researcher-1785987805-92314732f7d5,94.911,665.475
wide-researcher-1785987805-6e97299e7431,94.949,316.428
reviewer-1785987806-cf76fc015ce6,94.970,677.223
data-analyst-1785987754-f437ec973de0,95.014,95.015
data-analyst-1785987758-b417b6fdc68c,95.027,95.028
data-analyst-1785987806-6476d064ea4e,95.041,639.037
deep-researcher-1785987806-188bb6361d76,95.068,536.552
wide-researcher-1785987806-9bd0f3f229b9,95.082,249.467
reviewer-1785987806-f7f78901a2a3,95.113,425.806
data-analyst-1785987806-8fa064e61fe5,95.251,425.289
deep-researcher-1785987806-bad62c78d502,95.264,197.763
wide-researcher-1785987806-e9a81e17f067,95.277,662.988
reviewer-1785987806-9f19c3853f2a,95.301,632.313
data-analyst-1785987806-54766cf9edec,95.363,406.311
deep-researcher-1785987806-22db678477d7,95.397,260.038
wide-researcher-1785987806-4aae563d9195,95.457,196.888
reviewer-1785987806-b0ee9597f810,95.507,528.973
data-analyst-1785987806-971ed98e28d7,95.548,458.712
deep-researcher-1785987806-a909c2a5887d,95.562,294.935
wide-researcher-1785987806-833a05cc3f4e,95.588,298.075
reviewer-1785987806-317c717003bd,95.614,520.933
data-analyst-1785987806-965d984226f8,95.649,534.805
deep-researcher-1785987806-bcc4b088c76a,95.662,199.994
data-analyst-1785987770-d3a5f6e2d429,95.681,118.393
wide-researcher-1785987806-ec03d9bb62ee,95.685,207.776
reviewer-1785987806-c3a502ea5358,95.699,627.110
data-analyst-1785987770-a5b338ab1a3f,95.720,126.462
data-analyst-1785987806-b0292ad52175,95.846,534.295
deep-researcher-1785987806-9468e081bb55,95.861,248.476
wide-researcher-1785987806-299af50459f8,95.922,298.947
reviewer-1785987806-7d06e452eadf,95.934,308.410
data-analyst-1785987763-8e4901c68697,95.996,95.996
data-analyst-1785987807-53c5dfe19cea,96.001,656.075
deep-researcher-1785987807-bf3f43ead3b1,96.030,299.292
wide-researcher-1785987807-35a1d2ff332f,96.064,208.422
data-analyst-1785987754-6ac653f5e267,96.098,120.804
reviewer-1785987807-dec2caf69034,96.121,624.972
data-analyst-1785987807-132639f68a8d,96.179,666.631
deep-researcher-1785987807-f0169dcee518,96.204,649.377
wide-researcher-1785987807-74c09151f64c,96.217,290.919
reviewer-1785987807-83724b554cdc,96.230,629.554
data-analyst-1785987807-733580e4d074,96.295,409.607
deep-researcher-1785987807-b1ff3b3c38e3,96.317,552.300
wide-researcher-1785987807-48b809307bae,96.342,243.115
data-analyst-1785987759-9bcafe42cd8e,96.365,120.834
reviewer-1785987807-e3a9eee6148c,96.370,375.841
data-analyst-1785987807-29f0d83161f6,96.409,525.704
deep-researcher-1785987807-5b4789ea0472,96.441,291.364
wide-researcher-1785987807-e0cfc06cfaff,96.460,303.350
data-analyst-1785987761-e6423539aa07,96.464,133.531
reviewer-1785987807-f046d428239d,96.483,516.656
data-analyst-1785987807-4a94b316ec9f,96.549,562.644
deep-researcher-1785987807-e47422bdbaf4,96.588,655.512
wide-researcher-1785987807-34ffbbb4f9f0,96.635,405.283
reviewer-1785987807-406468845f65,96.673,657.630
data-analyst-1785987807-76145881c00f,96.726,660.194
deep-researcher-1785987807-3da133c4c564,96.756,648.018
wide-researcher-1785987807-773d3b62fd30,96.770,323.663
reviewer-1785987807-1d448c5fe76a,96.792,626.383
data-analyst-1785987807-69cc718a385e,96.824,409.268
deep-researcher-1785987807-0c059d21ab11,96.851,610.708
wide-researcher-1785987807-52e21708b1bf,96.915,200.055
reviewer-1785987807-57a85d9d41b1,97.020,674.358
data-analyst-1785987807-b90f77c1bf94,97.062,635.682
deep-researcher-1785987808-aa551c2c3e2b,97.124,532.074
wide-researcher-1785987808-5240ba066c2d,97.138,623.849
reviewer-1785987808-f08335782d76,97.167,637.716
data-analyst-1785987808-d8dc0dcbb483,97.200,537.439
deep-researcher-1785987808-fcc69b1ea2cc,97.276,292.347
wide-researcher-1785987808-f69f02cd6501,97.334,193.468
reviewer-1785987808-2d77d311c1e9,97.367,421.189
data-analyst-1785987771-6a8b1e45bf42,97.421,117.128
data-analyst-1785987771-f05039e7dd55,97.435,197.617
data-analyst-1785987808-bc679d45a770,97.440,418.304
data-analyst-1785987771-91350a2a093c,97.452,122.921
deep-researcher-1785987808-4504cdaa7a30,97.457,402.749
wide-researcher-1785987808-af0278f797b2,97.485,203.477
reviewer-1785987808-1a0f9e33e16b,97.513,506.525
data-analyst-1785987808-cc77ff2fbadb,97.570,661.722
deep-researcher-1785987808-28af7baeb939,97.629,627.300
wide-researcher-1785987808-3904b432f9a4,97.652,238.103
reviewer-1785987808-33cee5148af7,97.687,653.251
data-analyst-1785987808-8693c71002af,97.712,534.310
deep-researcher-1785987808-abbda16f2f89,97.725,659.887
wide-researcher-1785987808-4dbef7ca775c,97.740,294.238
reviewer-1785987808-fbfa39ffe917,97.778,519.699
data-analyst-1785987808-05e3936e48f9,97.832,535.183
deep-researcher-1785987808-ff755f70daf2,97.852,295.391
wide-researcher-1785987808-56cf9bca6e93,97.885,201.229
reviewer-1785987808-18a674e5c62c,97.899,414.932
data-analyst-1785987809-00c2aa4701fe,97.977,647.977
deep-researcher-1785987809-664f966eee1a,98.005,659.018
wide-researcher-1785987809-0a83985c6cab,98.049,263.544
reviewer-1785987809-2bf143233fe5,98.073,518.644
data-analyst-1785987809-60f760137ea4,98.135,568.945
deep-researcher-1785987809-320f13a9549d,98.185,529.241
wide-researcher-1785987809-1664b0837bdd,98.199,199.115
reviewer-1785987809-0e5a87b4f08b,98.271,539.829
data-analyst-1785987809-d49039a412a3,98.302,533.714
deep-researcher-1785987809-16d613665c45,98.336,199.256
wide-researcher-1785987809-6f9f8f3e00d6,98.426,408.102
reviewer-1785987809-c4c205f15c25,98.476,580.532
data-analyst-1785987809-010149b26d67,98.528,402.103
deep-researcher-1785987809-7f99d869e639,98.548,302.938
wide-researcher-1785987809-6f83d99dd2d2,98.572,299.545
reviewer-1785987809-8c72c79e85dd,98.640,631.707
data-analyst-1785987809-5a20609168f2,98.677,419.446
data-analyst-1785987771-807534c31ba1,98.711,203.312
deep-researcher-1785987809-1e4a267ea856,98.716,547.929
data-analyst-1785987771-65c072a3061f,98.729,120.580
data-analyst-1785987771-a6b29294ff63,98.744,118.348
wide-researcher-1785987809-2ec2541287d1,98.787,297.998
data-analyst-1785987760-af8f425bcc77,98.825,98.826
reviewer-1785987809-567a19404c5b,98.871,517.793
data-analyst-1785987809-df1201c2acc5,98.934,533.792
data-analyst-1785987760-368793c702f3,98.958,98.959
data-analyst-1785987754-c65c187901e3,98.972,98.973
data-analyst-1785987759-15ef84af844c,98.987,98.988
deep-researcher-1785987809-6c4faa0a0564,99.025,207.263
wide-researcher-1785987809-006e1ffa998f,99.038,637.094
reviewer-1785987810-dd4f604f22cf,99.077,524.663
data-analyst-1785987810-7eac9c765a94,99.146,525.746
deep-researcher-1785987810-b0f2c7dfce97,99.196,493.093
wide-researcher-1785987810-d1200e1b944f,99.226,203.559
reviewer-1785987810-0c016a81fc36,99.240,525.437
data-analyst-1785987810-484144edffd0,99.268,520.343
deep-researcher-1785987810-a8f607b53c3a,99.297,417.389
wide-researcher-1785987810-ed2e5008a9cc,99.344,201.612
reviewer-1785987810-8cd21618e2b4,99.367,420.910
data-analyst-1785987810-c6f9bda76a8f,99.406,510.772
deep-researcher-1785987810-0d591c7ac000,99.420,222.279
wide-researcher-1785987810-3da2f04309c6,99.464,359.493
reviewer-1785987810-fb653a9d4693,99.487,405.706
data-analyst-1785987767-3b25b9512c67,99.491,99.491
data-analyst-1785987810-363b627200e5,99.566,413.090
deep-researcher-1785987810-72a3ed4301fc,99.592,533.409
wide-researcher-1785987810-727663cbdc3c,99.642,410.082
reviewer-1785987810-d342e85cedbd,99.687,459.757
data-analyst-1785987810-218bad63c006,99.751,682.428
deep-researcher-1785987810-1adf65e375f6,99.786,531.806
wide-researcher-1785987810-94c26b655faf,99.814,406.003
reviewer-1785987810-e7c93c0e7c10,99.871,542.699
data-analyst-1785987810-9cf51aefde4a,99.923,417.503
deep-researcher-1785987810-251a2908def3,99.938,202.861
wide-researcher-1785987810-374f2d1904f0,99.985,201.658
reviewer-1785987811-64bcc8b042ce,100.011,441.882
data-analyst-1785987811-02a44ff1ce5a,100.059,414.464
deep-researcher-1785987811-7c2dee4bec53,100.090,637.078
wide-researcher-1785987811-ccd910ceab63,100.118,301.979
reviewer-1785987811-1319c83e240f,100.145,425.053
data-analyst-1785987811-a4ff1f465a42,100.189,552.328
deep-researcher-1785987811-ed9d99e0df4b,100.203,307.956
wide-researcher-1785987811-3705587b437d,100.222,299.192
reviewer-1785987811-914679d5929a,100.284,592.758
data-analyst-1785987811-6d6cab54b90f,100.352,530.457
deep-researcher-1785987811-b54a727a03f1,100.371,583.788
wide-researcher-1785987811-cf52601eedfd,100.389,399.645
reviewer-1785987811-8c1a4274528e,100.447,536.858
data-analyst-1785987811-f122fbf789b0,100.508,485.899
data-analyst-1785987766-83d945312d20,100.521,100.522
deep-researcher-1785987811-0dac6e5c9cf1,100.536,303.857
wide-researcher-1785987811-a9b92d4b70a8,100.586,291.013
reviewer-1785987811-080d2ea28307,100.603,652.682
data-analyst-1785987811-e8f3c4c79090,100.649,411.234
deep-researcher-1785987811-2df71f571b60,100.706,664.841
wide-researcher-1785987811-641847839a21,100.733,450.273
reviewer-1785987811-345046710f43,100.755,639.549
data-analyst-1785987811-871e1965d2e7,100.807,405.522
deep-researcher-1785987811-6ab9c4616bb5,100.851,296.200
wide-researcher-1785987811-453aabbda275,100.886,522.000
reviewer-1785987811-94dc56b04a92,100.910,412.381
data-analyst-1785987763-c7ea0da30977,100.950,120.030
data-analyst-1785987811-9faeea9358be,100.974,416.335
deep-researcher-1785987812-91deb6f0732c,100.986,665.285
wide-researcher-1785987812-4eddbf36fbb4,101.011,410.018
reviewer-1785987812-8a2366d4bc73,101.080,564.293
data-analyst-1785987772-7765501be82f,101.100,119.544
data-analyst-1785987772-b44a87b85ca6,101.113,118.799
data-analyst-1785987812-c4e0350ff5bf,101.118,665.109
data-analyst-1785987772-87f1e3c3ecd7,101.131,117.926
data-analyst-1785987772-af0af99d5112,101.144,117.911
data-analyst-1785987772-a3b657515827,101.159,124.781
deep-researcher-1785987812-5189bad2d4ff,101.200,647.547
wide-researcher-1785987812-d73ce81c2e64,101.218,290.905
reviewer-1785987812-4bbf6defc872,101.266,528.989
data-analyst-1785987812-942facccce81,101.311,625.377
deep-researcher-1785987812-926615dda87d,101.361,631.917
wide-researcher-1785987812-12864e33769a,101.395,304.093
data-analyst-1785987769-4b7fe4cd229b,101.405,116.871
reviewer-1785987812-27a93e5e7136,101.443,484.849
data-analyst-1785987753-f8492abedec4,101.457,101.458
data-analyst-1785987812-d17e7507aa50,101.513,516.289
deep-researcher-1785987812-c87792354e20,101.542,639.766
wide-researcher-1785987812-6de98c38cd39,101.572,296.367
reviewer-1785987812-60cb12e0d977,101.602,578.681
data-analyst-1785987812-f4f7410002c7,101.656,419.378
data-analyst-1785987744-e5a552bbe66a,101.675,101.676
deep-researcher-1785987812-c3aa7ebacefb,101.701,631.158
wide-researcher-1785987812-7a57fdd12ad2,101.715,247.586
reviewer-1785987812-d6ab3f1858fc,101.792,641.563
data-analyst-1785987812-7daa27cdaf78,101.892,431.393
deep-researcher-1785987812-e71d2bf3b67f,102.021,236.218
wide-researcher-1785987812-edb829f01d65,102.049,526.772
reviewer-1785987812-97d8ac8c4ae6,102.092,651.512
data-analyst-1785987813-1b2f4e8fc890,102.126,420.210
data-analyst-1785987744-1144923b37a2,102.135,102.135
deep-researcher-1785987813-acb7f4cfa4b2,102.165,635.308
wide-researcher-1785987813-0bfab60fa7d3,102.225,238.713
reviewer-1785987813-91cf0a8e0cb1,102.262,569.228
data-analyst-1785987813-62169432d883,102.287,407.020
data-analyst-1785987761-db799226e92c,102.310,102.310
deep-researcher-1785987813-c63d716bf476,102.319,643.055
wide-researcher-1785987813-276f8893d8d1,102.352,203.279
data-analyst-1785987768-2b0b22aa82af,102.361,235.625
reviewer-1785987813-5b05f4a1043f,102.366,525.154
data-analyst-1785987813-fb60f3a7e7ba,102.422,403.381
deep-researcher-1785987813-a4a107dcb8c7,102.465,622.640
data-analyst-1785987755-8e166434f6e6,102.482,102.483
wide-researcher-1785987813-1d0d9b2515c8,102.487,292.859
reviewer-1785987813-88ea72124d14,102.508,461.792
data-analyst-1785987813-d8499f90a223,102.588,408.737
deep-researcher-1785987813-6dd7ff14793f,102.601,520.540
wide-researcher-1785987813-ae8cdbc5aadf,102.615,623.937
reviewer-1785987813-8e5dca90ad00,102.703,464.972
data-analyst-1785987813-0ea24ec4c3a2,102.772,652.281
deep-researcher-1785987813-b5f625b911b5,102.787,292.582
data-analyst-1785987754-af8bf2331a8b,102.827,116.714
data-analyst-1785987759-bb48ba4ca109,102.846,102.847
wide-researcher-1785987813-a501fc56583f,102.873,645.392
reviewer-1785987813-3aacc4fdb673,102.910,642.706
data-analyst-1785987769-e68be6fe4cb2,102.923,117.518
data-analyst-1785987754-5c899f96d7d5,102.941,121.550
data-analyst-1785987813-694ed1981fc0,102.946,523.321
deep-researcher-1785987813-c8111aca9790,102.965,531.978
wide-researcher-1785987814-7e094db897a4,103.020,346.904
data-analyst-1785987753-2693aca8d36d,103.036,103.036
reviewer-1785987814-ee5727ed9f8a,103.047,631.294
data-analyst-1785987814-dfcd1d4261dc,103.107,627.896
data-analyst-1785987755-15429956ab8f,103.175,117.049
data-analyst-1785987765-487317dca8cc,103.195,118.831
data-analyst-1785987769-6b5840fc532f,103.215,132.022
deep-researcher-1785987814-017d94b79160,103.220,216.536
wide-researcher-1785987814-008060cf5264,103.253,292.140
reviewer-1785987814-cf3b72946af3,103.307,552.865
data-analyst-1785987814-84c32b53d3d0,103.410,354.703
deep-researcher-1785987814-61719ce1d7fe,103.469,647.787
wide-researcher-1785987814-719a963c028a,103.534,199.886
reviewer-1785987814-fefcf6a4c792,103.553,538.741
data-analyst-1785987814-74171d742015,103.614,578.736
deep-researcher-1785987814-dc1e4ff65885,103.627,297.691
wide-researcher-1785987814-9317dd16ab02,103.640,355.543
reviewer-1785987814-544fc138d9c0,103.666,422.291
data-analyst-1785987814-83a7150500e3,103.730,568.424
deep-researcher-1785987814-3128c63d1d2b,103.766,295.325
wide-researcher-1785987814-6cf62a4110fd,103.782,638.380
reviewer-1785987814-e754746f617f,103.797,529.943
data-analyst-1785987814-99d2629733e4,103.830,643.601
deep-researcher-1785987814-f19b1739ff40,103.866,227.189
wide-researcher-1785987814-0481e8074785,103.883,299.966
reviewer-1785987814-e062137a3d2d,103.932,527.817
data-analyst-1785987815-f1943338a686,104.009,643.194
deep-researcher-1785987815-ae772be57d6a,104.024,303.209
wide-researcher-1785987815-9f37ab71c98d,104.112,307.246
reviewer-1785987815-a1088fc0d8e0,104.126,522.270
data-analyst-1785987815-b7d7ed9b3f9c,104.175,401.741
data-analyst-1785987769-8c90ff8a48b2,104.195,150.377
deep-researcher-1785987815-0acf5fa09ebd,104.219,297.613
wide-researcher-1785987815-8398c89bbf81,104.233,250.318
reviewer-1785987815-ed8b055ce235,104.283,521.430
data-analyst-1785987815-486ed1e73cc2,104.334,521.170
deep-researcher-1785987815-a6db18a23fbe,104.380,202.578
wide-researcher-1785987815-ff86cf6d9c69,104.410,203.591
reviewer-1785987815-a378915d33b0,104.434,551.812
data-analyst-1785987815-dafae72a0cab,104.466,299.834
deep-researcher-1785987815-873f7be5d154,104.486,302.798
wide-researcher-1785987815-9c9aad516ba4,104.540,522.299
reviewer-1785987815-d747d66ba253,104.563,574.569
data-analyst-1785987815-638e21fbe470,104.689,421.405
deep-researcher-1785987815-744422ebb7c5,104.721,293.720
wide-researcher-1785987815-df10839980ef,104.809,207.026
reviewer-1785987815-c75d2000d5e2,104.823,533.325
data-analyst-1785987815-3159f18383f6,104.918,304.211
deep-researcher-1785987815-5e2d643d7da4,104.985,303.714
wide-researcher-1785987815-97e7bce40407,105.040,290.599
data-analyst-1785987766-e6641f1e348a,105.050,105.050
reviewer-1785987816-410e88443664,105.069,644.796
data-analyst-1785987816-be3e9d20fba7,105.112,510.170
deep-researcher-1785987816-f0902aff53c6,105.125,304.550
wide-researcher-1785987816-16cc5c4d8887,105.181,518.843
reviewer-1785987816-5fb21f6a0084,105.251,636.659
data-analyst-1785987816-575de0aa67e1,105.297,410.558
deep-researcher-1785987816-c3e9431daf1b,105.311,293.074
wide-researcher-1785987816-4ad6c0cc8857,105.350,418.920
reviewer-1785987816-7988fbb4ea03,105.378,679.384
data-analyst-1785987816-30bf2dfbea38,105.409,643.087
deep-researcher-1785987816-b1f66ab8fafb,105.442,207.124
wide-researcher-1785987816-880d15de7d20,105.490,520.651
reviewer-1785987816-4bb8e2d5b8e6,105.521,666.884
data-analyst-1785987816-b9dab5e40964,105.610,421.611
deep-researcher-1785987816-1fadb444d846,105.624,534.263
data-analyst-1785987770-8ae9a3ce3769,105.625,117.113
wide-researcher-1785987816-04c63fa5d931,105.641,198.608
reviewer-1785987816-46c54b0a7536,105.654,643.785
data-analyst-1785987816-f8ed4645152f,105.736,302.090
deep-researcher-1785987816-02036184c558,105.753,411.862
data-analyst-1785987773-bcfd308ee5bb,105.768,193.752
data-analyst-1785987773-8a30712d1c9f,105.781,118.716
data-analyst-1785987773-a0574889c99a,105.795,118.609
wide-researcher-1785987816-19a6f3d87a9e,105.795,400.274
data-analyst-1785987770-b9a605e0b414,105.832,119.607
reviewer-1785987816-fb38cccc94f8,105.838,664.805
data-analyst-1785987766-85a669cda2ee,105.882,119.369
data-analyst-1785987816-90534318320b,105.886,518.295
deep-researcher-1785987816-87e008f42f17,105.928,196.477
wide-researcher-1785987816-847a689db2e2,105.942,294.735
reviewer-1785987817-4110f71ceb8d,105.983,585.965
data-analyst-1785987817-0cd4135f268c,106.043,539.398
deep-researcher-1785987817-6564dfd192be,106.055,665.941
wide-researcher-1785987817-4134d25090bb,106.078,540.872
data-analyst-1785987765-be55652eda4c,106.104,106.105
reviewer-1785987817-eacd52c81c29,106.229,531.077
data-analyst-1785987817-0758b2327683,106.331,655.750
deep-researcher-1785987817-917e7cfb0be9,106.344,296.985
wide-researcher-1785987817-f2e0ed48ccae,106.391,298.758
reviewer-1785987817-43cf80cfdc7a,106.493,548.055
data-analyst-1785987817-63a9468e2c18,106.547,326.303
deep-researcher-1785987817-d35ac15e8ebb,106.576,554.481
wide-researcher-1785987817-118dd78dd16a,106.615,306.233
reviewer-1785987817-0171371921a6,106.630,484.644
data-analyst-1785987817-51becf31a95e,106.696,341.704
deep-researcher-1785987817-ff8947f9add5,106.763,626.654
data-analyst-1785987761-b29ad25e42ff,106.764,106.768
wide-researcher-1785987817-54533066f2aa,106.812,299.484
reviewer-1785987817-1e98d30feaa4,106.835,530.054
data-analyst-1785987817-48baab1862d1,106.881,504.369
deep-researcher-1785987817-7efaf24c2da1,106.899,671.788
wide-researcher-1785987817-c08984817317,106.912,201.643
reviewer-1785987818-9ff63aa1cf18,106.970,519.896
data-analyst-1785987748-3ca5bcd1037b,107.022,107.023
data-analyst-1785987818-769dbb647e98,107.028,458.859
deep-researcher-1785987818-cf9128933718,107.044,295.258
wide-researcher-1785987818-66181a562540,107.058,203.445
reviewer-1785987818-e4957e64ccdc,107.111,645.457
data-analyst-1785987818-65f69becadbd,107.154,579.491
deep-researcher-1785987818-b55c1307c2d5,107.167,291.043
wide-researcher-1785987818-e04f64906d80,107.202,295.647
reviewer-1785987818-92f42bae07fa,107.225,413.721
data-analyst-1785987773-ae943067ad3c,107.255,146.862
data-analyst-1785987773-29f10b07b71b,107.268,121.131
data-analyst-1785987773-b265ce62ca07,107.281,189.662
data-analyst-1785987818-b2889cce8064,107.321,417.083
deep-researcher-1785987818-35ffbc98e328,107.343,668.657
wide-researcher-1785987818-5cbf571cf730,107.360,242.701
reviewer-1785987818-7c93ce8e9070,107.394,638.848
data-analyst-1785987818-55afb74a759b,107.429,311.212
deep-researcher-1785987818-21fcb56e9772,107.458,293.165
wide-researcher-1785987818-49abf40d8d26,107.485,207.514
reviewer-1785987818-aff26b0aea54,107.506,404.074
data-analyst-1785987818-901bfe398ef5,107.561,424.952
deep-researcher-1785987818-bb3a1558ede5,107.590,399.693
wide-researcher-1785987818-6c5359cdccc8,107.717,518.699
data-analyst-1785987773-80c2335cd724,107.736,191.866
reviewer-1785987818-1890b44676c9,107.741,547.748
data-analyst-1785987773-c481d56b0e85,107.753,118.111
data-analyst-1785987773-5d7813a0a470,107.768,117.793
data-analyst-1785987818-a069d3010d2e,107.780,535.209
deep-researcher-1785987818-e72e33605860,107.834,680.332
wide-researcher-1785987818-8d873bce5887,107.858,553.782
reviewer-1785987818-6e07b0364141,107.971,537.143
data-analyst-1785987818-fee824f42bc9,108.005,522.688
deep-researcher-1785987819-2c9e837303f6,108.018,302.570
wide-researcher-1785987819-cf36747b389b,108.098,422.174
reviewer-1785987819-bb69c6899296,108.137,404.250
data-analyst-1785987819-1c9760fadedd,108.163,655.092
data-analyst-1785987765-2237301b6d97,108.167,145.323
deep-researcher-1785987819-9f3ceb512f33,108.199,207.561
wide-researcher-1785987819-890f3ea67a74,108.268,334.213
reviewer-1785987819-55bd1d813e0f,108.282,533.185
data-analyst-1785987819-28b006903920,108.321,413.265
deep-researcher-1785987819-af049c8dbe0f,108.345,307.788
wide-researcher-1785987819-616b1ec5a645,108.359,522.836
reviewer-1785987819-d102da188617,108.405,536.656
data-analyst-1785987819-1708934be4de,108.484,468.212
deep-researcher-1785987819-c8864b7dc9e1,108.502,642.593
wide-researcher-1785987819-0c0b36df1666,108.536,296.723
reviewer-1785987819-eaa79d405a11,108.553,637.331
data-analyst-1785987819-80fbd15dcdc7,108.634,518.658
deep-researcher-1785987819-7cf0aae03044,108.656,358.147
wide-researcher-1785987819-ed41799286bb,108.677,468.759
reviewer-1785987819-3008fe33d896,108.690,652.036
data-analyst-1785987770-fba5a7e66065,108.722,117.876
data-analyst-1785987765-d07175c53c71,108.740,117.166
data-analyst-1785987819-14d45119cab5,108.744,340.032
data-analyst-1785987766-e55cbe50a9a7,108.762,117.034
deep-researcher-1785987819-f588ec9d155c,108.772,553.813
data-analyst-1785987755-fb1cd653eec2,108.785,116.796
wide-researcher-1785987819-338f8c20e35a,108.822,563.394
reviewer-1785987819-281206bf3584,108.857,637.149
data-analyst-1785987819-12273b228e5e,108.897,419.022
deep-researcher-1785987819-d7151ab2521b,108.915,631.619
wide-researcher-1785987819-07122000f136,108.964,233.743
reviewer-1785987820-29750876dc0b,108.999,658.801
data-analyst-1785987820-bc6bfbd60ccf,109.068,635.851
data-analyst-1785987770-4d919e0e0826,109.180,117.236
data-analyst-1785987758-90135ecade78,109.200,109.201
deep-researcher-1785987820-6e24f6f4957f,109.224,202.261
data-analyst-1785987763-7aac430bd616,109.247,117.151
wide-researcher-1785987820-561078c49d03,109.255,292.299
reviewer-1785987820-d210a149518f,109.290,665.581
data-analyst-1785987755-425b460da86f,109.325,116.810
data-analyst-1785987750-d1a18b2574e7,109.342,109.342
data-analyst-1785987820-79fb326f5af1,109.346,415.585
deep-researcher-1785987820-2cc233cbcb24,109.360,680.737
data-analyst-1785987768-9c94237cd177,109.437,109.438
wide-researcher-1785987820-117420e234bd,109.494,294.259
reviewer-1785987820-c1db036eb3b3,109.523,532.437
data-analyst-1785987820-bbbaef6a3c55,109.598,576.400
deep-researcher-1785987820-240f31f6d6a0,109.639,227.091
wide-researcher-1785987820-157b354833de,109.662,531.311
reviewer-1785987820-95a663171a66,109.680,541.455
data-analyst-1785987820-e2b81b59bb50,109.764,351.674
deep-researcher-1785987820-40d5a62dae0f,109.777,637.474
wide-researcher-1785987820-46e7becfe5b7,109.790,307.768
reviewer-1785987820-382c7c2e4443,109.804,483.547
data-analyst-1785987766-44751df7775f,109.840,109.841
data-analyst-1785987820-03a143e8d946,109.859,402.037
deep-researcher-1785987820-f5f1deb1c300,109.915,631.349
wide-researcher-1785987820-9a59b38ebf46,109.928,298.144
reviewer-1785987820-f2162235fff4,109.988,637.347
data-analyst-1785987821-4c94a70713e5,110.016,533.776
deep-researcher-1785987821-3205645cd5a4,110.052,353.344
wide-researcher-1785987821-0c52daac1e61,110.069,474.367
reviewer-1785987821-89f200bf1acb,110.083,525.949
data-analyst-1785987821-7170bd6561de,110.131,529.460
deep-researcher-1785987821-892d467183f8,110.165,293.824
wide-researcher-1785987821-2d0acf4116b4,110.187,661.768
reviewer-1785987821-fbd25aa75310,110.202,417.132
data-analyst-1785987821-233d9b2d44cb,110.257,416.427
deep-researcher-1785987821-1909b1abc971,110.294,298.868
wide-researcher-1785987821-1c962ac3c6f3,110.339,239.933
reviewer-1785987821-93da82d92aa2,110.367,571.107
data-analyst-1785987821-c61442c7c329,110.406,415.246
deep-researcher-1785987821-4e4fa5456b29,110.424,227.594
data-analyst-1785987766-62f7de09d608,110.477,117.098
wide-researcher-1785987821-cc5d6cb0076c,110.482,427.420
reviewer-1785987821-2af6182fecbf,110.512,524.706
data-analyst-1785987821-853b21017c8b,110.579,410.788
data-analyst-1785987774-8d6f6ceb7615,110.679,200.198
data-analyst-1785987774-261aaf125023,110.692,120.967
data-analyst-1785987774-fd6f0926d9e0,110.705,124.309
deep-researcher-1785987821-819bed7a2bd0,110.742,306.685
wide-researcher-1785987821-a2ef6be64606,110.764,522.749
reviewer-1785987821-08713631a4b9,110.777,551.460
data-analyst-1785987821-adc857e2f687,110.813,563.585
deep-researcher-1785987821-5f40a1297a8d,110.847,242.250
data-analyst-1785987763-71a5d1fb6754,110.856,117.484
data-analyst-1785987758-bcb8bfb6b68d,110.874,110.875
wide-researcher-1785987821-913bd198be02,110.874,318.849
reviewer-1785987821-90f71efb6d10,110.909,517.947
data-analyst-1785987763-97993a86557e,110.982,116.918
data-analyst-1785987821-ea7200bc2680,110.991,403.737
data-analyst-1785987769-36bb4657bc54,111.004,116.933
deep-researcher-1785987822-5f86382856c8,111.036,645.942
wide-researcher-1785987822-f11655b76e9f,111.110,408.311
reviewer-1785987822-c47904f14c36,111.163,423.490
data-analyst-1785987822-05ce187b5e3f,111.189,661.332
deep-researcher-1785987822-9ba7632d6246,111.204,291.873
wide-researcher-1785987822-ad04f501cf2e,111.277,655.904
reviewer-1785987822-0c41651a1586,111.298,494.298
data-analyst-1785987822-e826192d5b16,111.366,530.757
deep-researcher-1785987822-f65720767d45,111.420,290.153
wide-researcher-1785987822-7e1c3aad645c,111.434,628.769
reviewer-1785987822-f8de28274ab0,111.448,308.475
data-analyst-1785987822-6ef06e161e0f,111.495,421.655
deep-researcher-1785987822-bf1eb5f7cd45,111.517,293.857
wide-researcher-1785987822-b5512d2f53ec,111.531,302.120
data-analyst-1785987765-95f5a8d36c7e,111.564,111.565
reviewer-1785987822-1d7691f525fc,111.564,555.120
data-analyst-1785987822-461ff677ae1f,111.596,529.508
deep-researcher-1785987822-0456ea0059f7,111.643,375.620
wide-researcher-1785987822-cb9b570f0f87,111.672,412.456
reviewer-1785987822-d2cd04622dd7,111.692,622.608
data-analyst-1785987822-73d83ce71333,111.724,642.295
deep-researcher-1785987822-d5bf76fd65fd,111.764,414.481
data-analyst-1785987767-02d8241e2abc,111.792,122.770
wide-researcher-1785987822-a1f32a936cab,111.802,300.362
reviewer-1785987822-a2c02cca8d18,111.883,589.128
data-analyst-1785987822-b816a905619e,111.936,521.608
deep-researcher-1785987822-37c0c5dacad5,111.991,303.566
wide-researcher-1785987822-878d172096f5,112.018,236.074
reviewer-1785987823-9855fc0e5f86,112.041,663.026
data-analyst-1785987823-95f5057dd538,112.082,415.631
deep-researcher-1785987823-b901bbfb3c1e,112.106,296.184
wide-researcher-1785987823-78c29b77fc71,112.248,300.317
reviewer-1785987823-8418b756ac37,112.277,486.420
data-analyst-1785987774-e709d5ee44c0,112.304,130.210
data-analyst-1785987823-417a59d9af7a,112.318,663.082
data-analyst-1785987774-62955ab7c7c7,112.318,200.072
data-analyst-1785987774-601c72a45969,112.337,117.378
deep-researcher-1785987823-c75818acd547,112.358,670.769
wide-researcher-1785987823-1841ab683393,112.380,555.484
reviewer-1785987823-b0bf6e880f36,112.418,674.424
data-analyst-1785987823-29b91105993a,112.555,549.413
deep-researcher-1785987823-bc98ee05c95d,112.611,410.472
data-analyst-1785987765-683cd950909d,112.666,134.640
wide-researcher-1785987823-ca1181f17ffd,112.683,306.717
reviewer-1785987823-3dc72454ec45,112.696,436.256
data-analyst-1785987823-06665ffc152e,112.722,539.206
deep-researcher-1785987823-62cc90c70896,112.789,202.467
wide-researcher-1785987823-28a81ee877fa,112.816,201.907
reviewer-1785987823-f150eab6cd53,112.865,538.709
data-analyst-1785987823-c9bc97edffd7,112.923,643.273
deep-researcher-1785987823-f1acf9dd694a,112.936,303.315
wide-researcher-1785987823-5d5c5aaf54df,112.950,402.523
reviewer-1785987824-ee2700f2da8a,112.963,526.251
data-analyst-1785987824-d42fd0818bf3,113.009,446.741
deep-researcher-1785987824-545ad1715fec,113.026,631.413
wide-researcher-1785987824-35053f684312,113.062,238.972
data-analyst-1785987761-f903248e1590,113.078,113.079
reviewer-1785987824-90ee6f17a676,113.113,632.196
data-analyst-1785987824-7adf9b471201,113.153,637.298
deep-researcher-1785987824-e96c7f5c9650,113.188,408.675
wide-researcher-1785987824-04b8e88e64ae,113.212,299.179
reviewer-1785987824-098baa03a064,113.236,463.206
data-analyst-1785987824-41e1b9c456e2,113.273,634.521
data-analyst-1785987774-f0944be353aa,113.298,118.473
deep-researcher-1785987824-214ce2c38e2e,113.302,404.583
data-analyst-1785987774-bfc2e6f3be20,113.317,192.893
wide-researcher-1785987824-a62539244149,113.317,626.701
data-analyst-1785987774-ff14e505fd55,113.335,117.731
reviewer-1785987824-57e85ef659fc,113.351,421.597
data-analyst-1785987772-6ab7e439d47d,113.369,117.826
data-analyst-1785987824-dc455bb10689,113.400,552.637
deep-researcher-1785987824-6ef38c49bcee,113.479,299.693
wide-researcher-1785987824-22cf24655909,113.509,294.766
reviewer-1785987824-e65365814da6,113.543,522.643
data-analyst-1785987824-460c4b61d34e,113.587,603.723
deep-researcher-1785987824-19643d4185db,113.600,536.842
wide-researcher-1785987824-487630de36dd,113.758,557.145
reviewer-1785987824-a20a4cc15397,113.794,400.369
data-analyst-1785987747-af66c0ed77ba,113.817,113.817
data-analyst-1785987824-65dc465fc18d,113.835,629.393
deep-researcher-1785987824-154af4150542,113.865,220.427
wide-researcher-1785987824-73056dacbf9c,113.895,435.689
reviewer-1785987824-44c354115a0d,113.930,648.489
data-analyst-1785987825-c3ecb05aed19,114.044,550.094
deep-researcher-1785987825-82b269e48e5f,114.122,629.883
data-analyst-1785987769-544e26b3604e,114.136,114.136
wide-researcher-1785987825-4e57728f4e18,114.137,411.150
reviewer-1785987825-310c90068d0c,114.207,636.005
data-analyst-1785987769-547c3a556b42,114.211,133.903
data-analyst-1785987825-3289d2c30282,114.233,536.048
deep-researcher-1785987825-809c1372bae3,114.343,292.361
wide-researcher-1785987825-4c9d3419d3f3,114.382,596.182
reviewer-1785987825-83d136de4261,114.442,643.289
data-analyst-1785987825-d411a29adbf9,114.469,623.792
deep-researcher-1785987825-028ae7b732d5,114.493,351.590
wide-researcher-1785987825-58a79b17821e,114.517,465.430
reviewer-1785987825-32af0e31d1f2,114.578,536.786
data-analyst-1785987825-61ea734091fc,114.620,495.283
deep-researcher-1785987825-09c01b797951,114.634,382.441
wide-researcher-1785987825-b9b9462f7440,114.659,529.492
reviewer-1785987825-494c1be8444b,114.698,535.884
data-analyst-1785987825-1efc3d61f5c9,114.756,401.153
deep-researcher-1785987825-f113259f2875,114.814,292.610
wide-researcher-1785987825-c05deb1d8605,114.940,565.801
reviewer-1785987825-1723c33d4aa9,115.012,645.003
data-analyst-1785987825-3777104087c4,115.051,682.451
deep-researcher-1785987825-a4f738c40fb1,115.067,377.890
wide-researcher-1785987826-0b357006f208,115.263,297.801
reviewer-1785987826-b4993107d485,115.295,445.392
data-analyst-1785987826-e4fef3b58294,115.344,574.044
deep-researcher-1785987826-126a8f222fd1,115.374,299.880
wide-researcher-1785987826-8fdb8295ad2d,115.388,301.915
reviewer-1785987826-0c03b35dc611,115.433,593.748
data-analyst-1785987748-000618b95023,115.492,115.492
data-analyst-1785987826-37078a669fa5,115.577,467.243
deep-researcher-1785987826-3573aaa810f7,115.629,294.327
wide-researcher-1785987826-a85dbc2e102d,115.645,645.613
reviewer-1785987826-121c38e5b52b,115.663,522.552
data-analyst-1785987826-91ad5aa95a9d,115.713,546.262
deep-researcher-1785987826-349fd11815aa,115.728,401.711
wide-researcher-1785987826-b0623738d20a,115.742,291.952
reviewer-1785987826-035bfcafd71d,115.815,491.414
data-analyst-1785987826-3a435402996b,115.851,535.779
deep-researcher-1785987826-bcb322f36dbb,115.896,292.550
wide-researcher-1785987826-23368185c3de,115.935,417.627
reviewer-1785987827-5d8a422af4c0,115.949,541.205
data-analyst-1785987827-c8fa0eb00fca,115.996,413.347
deep-researcher-1785987827-eb90c835123b,116.026,481.987
data-analyst-1785987758-b4740aaaef6b,116.026,116.030
wide-researcher-1785987827-a982be8a1317,116.094,450.993
reviewer-1785987827-431d60b0bef1,116.124,445.159
data-analyst-1785987827-793aa6705315,116.182,631.492
deep-researcher-1785987827-7b84379bb4b6,116.218,565.337
wide-researcher-1785987827-434947cb5b9d,116.259,473.236
reviewer-1785987827-b9ada7b159b1,116.293,520.756
data-analyst-1785987827-50066d058bf2,116.328,628.419
deep-researcher-1785987827-ee9b262dea7b,116.365,642.812
wide-researcher-1785987827-0727efaa28d1,116.416,308.560
reviewer-1785987827-369b1f043d37,116.455,422.831
data-analyst-1785987827-6a6edd9d8c6d,116.497,415.986
deep-researcher-1785987827-1f77e484798a,116.527,306.447
wide-researcher-1785987827-e8981d439e9c,116.557,558.948
reviewer-1785987827-f826945323e1,116.571,455.462
data-analyst-1785987827-f1de6a891ca0,116.607,359.228
deep-researcher-1785987827-54d67a79c3dd,116.771,639.809
wide-researcher-1785987827-98951f86f8f9,116.790,203.326
reviewer-1785987827-7f4e31976323,116.820,446.626
data-analyst-1785987827-e6529ccd2f5a,116.886,636.474
deep-researcher-1785987827-ad096eafc261,116.948,409.489
wide-researcher-1785987827-df2b29bc912b,117.003,531.031
reviewer-1785987828-6ee368404aa5,117.088,624.250
data-analyst-1785987828-2c9b970cfa36,117.133,553.070
deep-researcher-1785987828-bf41d81b828b,117.147,305.475
wide-researcher-1785987828-4a08234245fc,117.170,231.688
reviewer-1785987828-3f322631d13a,117.211,517.505
data-analyst-1785987828-83ca6c999aba,117.256,551.784
deep-researcher-1785987828-8bb3a0314c07,117.324,302.162
wide-researcher-1785987828-d6212f32240b,117.338,411.325
reviewer-1785987828-007a8d795931,117.363,516.504
data-analyst-1785987828-2c0526f9494f,117.409,539.383
deep-researcher-1785987828-31adab35a511,117.449,305.959
wide-researcher-1785987828-73d30c1cfdf2,117.474,318.419
reviewer-1785987828-b1635e3bc380,117.504,677.065
data-analyst-1785987828-38b5ecd41f01,117.549,445.581
deep-researcher-1785987828-ea1de36b8c13,117.591,298.981
wide-researcher-1785987828-924b60b45cc8,117.610,643.175
reviewer-1785987828-0c8ea4ffa5ed,117.650,652.260
data-analyst-1785987828-65defdfab27a,117.686,443.545
deep-researcher-1785987828-d2eb73435425,117.721,413.243
wide-researcher-1785987828-30c030f623aa,117.778,530.599
reviewer-1785987828-efcf4a9407af,117.802,575.809
data-analyst-1785987828-cd3c0a06e262,117.841,404.677
deep-researcher-1785987828-19687168ee43,117.880,239.843
wide-researcher-1785987828-f261e0a2b2b6,117.961,322.586
data-analyst-1785987776-0c80a9abd0b0,118.022,118.022
reviewer-1785987828-bb128b6970af,118.038,409.813
data-analyst-1785987829-ae8c33185a02,118.075,533.277
deep-researcher-1785987829-f86c6627e8b8,118.089,299.106
data-analyst-1785987776-871b458d8795,118.089,118.090
wide-researcher-1785987829-b9435380b9ac,118.103,533.353
data-analyst-1785987776-eabe2365e8cd,118.124,118.124
reviewer-1785987829-18a8f6cebb01,118.128,651.297
data-analyst-1785987829-c3facec0c297,118.280,528.363
deep-researcher-1785987829-f592f734b51a,118.298,649.261
data-analyst-1785987777-de006f1b2421,118.316,118.317
data-analyst-1785987776-96e90a72aaaf,118.330,118.331
wide-researcher-1785987829-86b546233e01,118.343,296.104
reviewer-1785987829-1028ff752291,118.406,527.072
data-analyst-1785987829-1f8fbb9f8e6c,118.457,400.744
data-analyst-1785987777-092bb548eb4c,118.488,118.488
deep-researcher-1785987829-390797da810e,118.515,401.987
wide-researcher-1785987829-d9854e932754,118.565,614.192
data-analyst-1785987778-ba311c97c820,118.578,118.579
reviewer-1785987829-a9bd0644a3c0,118.605,552.243
data-analyst-1785987829-8f575bb37d23,118.646,537.096
deep-researcher-1785987829-0fd75fc986ce,118.681,662.102
wide-researcher-1785987829-207082e087a8,118.720,407.232
reviewer-1785987829-c033f5669aa2,118.735,420.737
data-analyst-1785987829-92ec7191ae07,118.827,429.840
deep-researcher-1785987829-19b762f1b0b5,118.841,646.614
wide-researcher-1785987829-74881c835ad2,118.871,673.529
reviewer-1785987829-b1b6205401f6,118.907,520.553
data-analyst-1785987830-fc566974f4d7,118.957,530.293
deep-researcher-1785987830-1ad98dcea59c,118.978,202.907
data-analyst-1785987780-7235cfb885c0,118.996,118.997
wide-researcher-1785987830-5b7e19f5eae2,119.024,308.340
reviewer-1785987830-e45297d6deed,119.051,529.553
data-analyst-1785987830-c8f7d0deb7d6,119.103,672.580
deep-researcher-1785987830-bca36e581092,119.117,409.898
wide-researcher-1785987830-698879f9fedd,119.151,304.868
reviewer-1785987830-bdd0b940efa1,119.169,644.653
data-analyst-1785987779-bb3d036b3afe,119.179,119.179
data-analyst-1785987776-5f073cd5cac0,119.222,119.222
data-analyst-1785987830-0d102dfee3c3,119.226,640.962
deep-researcher-1785987830-763bf02c5e59,119.243,465.725
wide-researcher-1785987830-ef06593d9da4,119.308,295.632
data-analyst-1785987778-853ccf1003b0,119.352,119.352
reviewer-1785987830-e8f244d3c0c2,119.353,681.904
data-analyst-1785987779-9970279a0c64,119.383,119.383
data-analyst-1785987830-02aad36a1ad3,119.392,662.143
deep-researcher-1785987830-bc57fdb149bd,119.466,443.028
data-analyst-1785987777-4f0699d5cded,119.484,119.485
data-analyst-1785987779-7ce7aaabe471,119.499,119.500
wide-researcher-1785987830-0a320b1ec7e9,119.549,305.218
reviewer-1785987830-30ff7474f720,119.590,432.443
data-analyst-1785987778-7616f21c7c58,119.594,119.595
data-analyst-1785987830-60025d744930,119.616,522.255
data-analyst-1785987777-9e9b5774b319,119.638,119.638
deep-researcher-1785987830-15749c4ab2a4,119.642,307.231
data-analyst-1785987783-b55957bd9684,119.740,119.740
wide-researcher-1785987830-b134c2c31d95,119.799,291.254
reviewer-1785987830-c69d1da5edb2,119.814,419.037
data-analyst-1785987777-95dc85484d21,119.835,119.835
data-analyst-1785987830-dfda885d23b1,119.861,631.524
data-analyst-1785987781-17da12bdaa39,119.894,119.894
data-analyst-1785987781-9e2fe7259727,119.907,119.907
deep-researcher-1785987830-6598e051ae30,119.934,650.126
wide-researcher-1785987830-d465af258bad,119.963,622.854
reviewer-1785987831-2b510e0a6c4b,120.085,680.908
data-analyst-1785987785-3c895cc89cae,120.119,120.119
data-analyst-1785987831-069df684545d,120.128,533.553
deep-researcher-1785987831-1192b03a88ba,120.151,635.195
data-analyst-1785987785-4bba260f4c4a,120.230,120.230
wide-researcher-1785987831-17eba0184f9b,120.257,290.888
reviewer-1785987831-18424669d214,120.279,624.421
data-analyst-1785987831-e0cd72944907,120.350,640.814
data-analyst-1785987777-3a91d737fa25,120.351,120.355
deep-researcher-1785987831-471920732ace,120.388,274.184
data-analyst-1785987777-5b3166e0b630,120.417,120.418
wide-researcher-1785987831-8728a2c5f9b1,120.422,303.261
reviewer-1785987831-eba82702f187,120.456,637.410
data-analyst-1785987831-3eab1544d212,120.492,622.407
data-analyst-1785987785-c23c5aec1233,120.502,120.502
data-analyst-1785987780-c13fc4e61d9c,120.515,120.516
deep-researcher-1785987831-09bb3590fe4a,120.528,406.228
wide-researcher-1785987831-7d0833b87905,120.556,306.202
reviewer-1785987831-fa85b8d21905,120.611,524.770
data-analyst-1785987831-21cc4cdf7332,120.657,423.346
deep-researcher-1785987831-ccaff0f88c25,120.681,326.232
data-analyst-1785987783-80fd22ef2e65,120.691,120.691
wide-researcher-1785987831-a1eca10aeec3,120.695,304.851
data-analyst-1785987777-8f1017c35980,120.708,120.708
reviewer-1785987831-428af4df7716,120.716,538.937
data-analyst-1785987831-9d8965863a1e,120.761,352.593
deep-researcher-1785987831-a075735d62c8,120.785,261.782
wide-researcher-1785987831-a25c4157fb9c,120.808,201.426
reviewer-1785987831-c96469f0ce9d,120.863,631.842
data-analyst-1785987777-975490fbc964,120.880,120.880
data-analyst-1785987781-3d3064c1b785,120.894,120.895
data-analyst-1785987831-4108bcb19aa5,120.906,640.893
data-analyst-1785987779-5f18cbd5f8f8,120.925,120.925
data-analyst-1785987783-2f62c243e599,120.953,120.953
deep-researcher-1785987831-aed8bbef77f4,121.022,299.307
data-analyst-1785987775-79183f61b20c,121.026,121.027
wide-researcher-1785987831-2e08b18f4a67,121.056,359.771
data-analyst-1785987785-087631d4bf2f,121.069,121.069
data-analyst-1785987786-b545cbd9271f,121.082,121.082
reviewer-1785987832-6a6e4090a84c,121.086,561.934
data-analyst-1785987779-7d37b7a82fe6,121.115,121.115
data-analyst-1785987832-d8637fd46701,121.127,377.870
data-analyst-1785987788-65b5281516c2,121.147,121.147
deep-researcher-1785987832-f3f6115bd272,121.155,674.126
wide-researcher-1785987832-4f9fe92da5c1,121.268,302.714
reviewer-1785987832-ee42c6ed37a7,121.306,656.837
data-analyst-1785987832-75f11f156e91,121.334,416.486
deep-researcher-1785987832-95e6e10b5073,121.349,251.633
wide-researcher-1785987832-79785f2593b6,121.394,303.067
reviewer-1785987832-5916d67e5617,121.419,634.480
data-analyst-1785987788-36e8ec8bf277,121.442,121.442
data-analyst-1785987786-281a814a17eb,121.471,121.471
data-analyst-1785987832-46e6a1e83919,121.484,518.903
deep-researcher-1785987832-fd5ef32c373d,121.590,551.826
data-analyst-1785987788-b1f4d3156778,121.599,121.599
wide-researcher-1785987832-c2b9c703b57c,121.611,305.877
reviewer-1785987832-9e223ba848f8,121.634,621.931
data-analyst-1785987832-80809ac2316d,121.698,526.830
data-analyst-1785987786-66d7929a860e,121.739,121.739
deep-researcher-1785987832-32228fe25562,121.752,403.660
data-analyst-1785987781-51514a46b2a2,121.771,121.772
wide-researcher-1785987832-a0f789150024,121.776,290.043
reviewer-1785987832-80a7d3e8bfc0,121.798,552.795
data-analyst-1785987832-663a742f8fb0,121.866,498.937
data-analyst-1785987780-74a47ffb9eee,121.894,121.894
deep-researcher-1785987832-fa9545d719ca,121.898,305.592
data-analyst-1785987780-4f523663a849,121.912,121.913
wide-researcher-1785987832-1f9ee3f4bc36,121.930,409.229
data-analyst-1785987789-42c4af25e4f5,121.957,121.957
reviewer-1785987832-8f32d46c7c13,121.974,523.381
data-analyst-1785987786-7fa43744f433,121.987,121.987
data-analyst-1785987788-cd87c7164dcb,122.000,122.001
data-analyst-1785987786-0c5a31127796,122.013,122.014
data-analyst-1785987833-54ded8bc8e36,122.027,671.354
deep-researcher-1785987833-4aa2ece6bad3,122.063,305.893
data-analyst-1785987789-3341d5ca88c5,122.078,122.078
data-analyst-1785987778-d8caf6f8a94c,122.092,122.093
data-analyst-1785987788-32d0b8b75733,122.108,122.109
wide-researcher-1785987833-ae4aa51216ad,122.122,307.718
reviewer-1785987833-ade320f08e54,122.136,648.904
data-analyst-1785987789-748e7a7d21fc,122.144,122.144
data-analyst-1785987833-d5bdd26c1259,122.174,303.082
deep-researcher-1785987833-02de7525c04d,122.188,367.239
wide-researcher-1785987833-669bb2f688ba,122.210,205.871
reviewer-1785987833-ec8ab363b1bc,122.239,527.569
data-analyst-1785987833-850f298499c6,122.275,563.816
deep-researcher-1785987833-8a0219a7e53c,122.305,662.615
wide-researcher-1785987833-8c818be2833b,122.340,308.070
reviewer-1785987833-12a1d391a940,122.370,622.730
data-analyst-1785987833-f30fcb27fe77,122.418,677.478
data-analyst-1785987791-77e36f3b1b4a,122.442,122.442
data-analyst-1785987790-51dd9f2ebc4a,122.485,122.485
deep-researcher-1785987833-1ee8eec07ffa,122.493,652.525
data-analyst-1785987787-bb7d93b41427,122.503,191.477
data-analyst-1785987788-7c2100d8fc53,122.523,203.054
wide-researcher-1785987833-03b01f798bd5,122.573,543.133
reviewer-1785987833-42c98dd7d8c8,122.628,412.471
data-analyst-1785987833-66960d7ed2f3,122.663,552.764
deep-researcher-1785987833-799faaf57223,122.778,292.467
data-analyst-1785987786-3426c99c9e0f,122.803,122.803
wide-researcher-1785987833-abe3cc5a1d4c,122.811,307.216
data-analyst-1785987779-39de25e64103,122.821,122.822
reviewer-1785987833-b0c9a31231ec,122.840,539.796
data-analyst-1785987791-a9c42915bf69,122.890,122.890
data-analyst-1785987833-d915ba4a65fd,122.908,535.478
deep-researcher-1785987833-52fd32644109,122.940,261.766
wide-researcher-1785987833-37ab2f871c15,122.987,258.066
reviewer-1785987834-006d2adbe3de,123.001,636.203
data-analyst-1785987834-8a38077e11a2,123.047,303.132
deep-researcher-1785987834-a72ac81be004,123.093,273.145
wide-researcher-1785987834-bf6d48e15178,123.146,220.735
reviewer-1785987834-cad8f6687265,123.160,628.207
data-analyst-1785987834-19853f67edfb,123.212,535.599
data-analyst-1785987779-3163e87a0d39,123.291,123.292
deep-researcher-1785987834-c6c8835d112c,123.318,403.497
wide-researcher-1785987834-27be496e3f64,123.361,534.326
reviewer-1785987834-b6748f3c4a81,123.375,552.971
data-analyst-1785987834-9e6431b6e144,123.438,529.351
deep-researcher-1785987834-ace9ba89905e,123.481,242.671
wide-researcher-1785987834-5c574de4c38a,123.520,203.238
reviewer-1785987834-8ab9759ae487,123.544,590.560
data-analyst-1785987787-eaea820fbdc6,123.566,123.567
data-analyst-1785987834-3c85f5380623,123.579,422.694
data-analyst-1785987791-c6bafd8226f0,123.583,123.584
deep-researcher-1785987834-ae68e6a4e653,123.637,671.191
wide-researcher-1785987834-5f8f6da21396,123.651,433.538
reviewer-1785987834-ab9a3291b320,123.665,616.977
data-analyst-1785987834-858f3846bb9b,123.708,522.180
deep-researcher-1785987834-788e79a6ee45,123.722,320.210
wide-researcher-1785987834-d16fb36d9cee,123.755,644.606
reviewer-1785987834-7888b7a73a39,123.808,639.885
data-analyst-1785987834-e0798cf52087,123.890,637.663
deep-researcher-1785987834-4728ba922f64,123.992,403.042
data-analyst-1785987800-c451a0ad66b0,124.047,246.132
wide-researcher-1785987834-a62dedeb862c,124.081,365.119
reviewer-1785987834-61cc7db612b3,124.102,671.092
data-analyst-1785987835-facddb00a802,124.136,521.656
deep-researcher-1785987835-abde42864e44,124.159,304.192
wide-researcher-1785987835-b3cfc589b408,124.185,305.354
reviewer-1785987835-dd5fc2f4c285,124.233,626.899
data-analyst-1785987797-a77f72346749,124.246,194.055
data-analyst-1785987835-833dfc54fed4,124.313,583.754
deep-researcher-1785987835-1955f1826e3a,124.355,302.321
wide-researcher-1785987835-eda856a96000,124.372,231.588
reviewer-1785987835-b20f0a1fbf71,124.438,561.055
data-analyst-1785987835-fa473a7d77e7,124.489,520.477
deep-researcher-1785987835-3cbf23a8f73c,124.503,624.389
wide-researcher-1785987835-03fa23d11736,124.517,612.306
data-analyst-1785987800-54cf74f5dce9,124.550,192.681
reviewer-1785987835-84e5b0235926,124.558,523.916
data-analyst-1785987798-88df539a25cf,124.599,192.267
data-analyst-1785987835-f2eee198d30f,124.612,534.342
deep-researcher-1785987835-43128feb6764,124.681,299.849
wide-researcher-1785987835-5f8f6c4676bc,124.719,520.299
reviewer-1785987835-4c6cc2ce3701,124.841,638.766
data-analyst-1785987789-6258fe4eaac7,124.858,192.969
data-analyst-1785987788-2192437aa735,124.876,124.876
data-analyst-1785987835-ce1204d46f66,124.880,521.562
deep-researcher-1785987835-6f6cdbdb3ec9,124.902,329.314
wide-researcher-1785987835-4edc27cb96ac,124.951,548.401
reviewer-1785987836-4fc78847655c,125.010,595.773
data-analyst-1785987836-8fb2663057b0,125.054,408.328
deep-researcher-1785987836-58a8d2997ff5,125.092,304.161
data-analyst-1785987777-f507d3b805eb,125.138,125.138
wide-researcher-1785987836-17d819d7a9d1,125.142,646.367
reviewer-1785987836-42b5020fb9d8,125.156,528.910
data-analyst-1785987801-dcd5a20e2362,125.173,273.987
data-analyst-1785987836-65b1d8fd52e8,125.190,651.435
deep-researcher-1785987836-9b7002aa92e9,125.222,307.536
wide-researcher-1785987836-2f4eb170d2df,125.241,646.275
reviewer-1785987836-265ce3ee6cec,125.292,661.044
data-analyst-1785987836-119b073a17b1,125.326,664.596
deep-researcher-1785987836-898c12e2df07,125.363,336.052
wide-researcher-1785987836-cf9ea2c462a2,125.438,517.532
reviewer-1785987836-f87a44705051,125.506,642.218
data-analyst-1785987836-ec6cd8f094ec,125.546,670.263
deep-researcher-1785987836-eca824aa31ba,125.564,346.468
wide-researcher-1785987836-288e1bfaa131,125.597,523.541
reviewer-1785987836-9307a880d7e2,125.611,524.536
data-analyst-1785987796-86ec014b6acb,125.648,125.648
data-analyst-1785987836-8e8d2312050a,125.649,653.442
deep-researcher-1785987836-83efe8bb509d,125.669,304.664
wide-researcher-1785987836-d0c938c686ee,125.756,227.073
reviewer-1785987836-f0bbe675cc49,125.851,623.026
data-analyst-1785987781-05cd456ccc62,125.889,125.889
data-analyst-1785987780-e1f275ca6d14,125.918,125.918
data-analyst-1785987836-2ceabc0025fc,125.957,399.854
deep-researcher-1785987836-38d154b1b27b,125.997,632.234
wide-researcher-1785987836-53353bb9c76b,126.016,408.616
reviewer-1785987837-d7cde936d4d2,126.030,539.328
data-analyst-1785987797-cf5990ca1642,126.061,126.061
data-analyst-1785987837-2c9a77a04e59,126.073,550.218
deep-researcher-1785987837-fda1d41129ad,126.199,413.005
wide-researcher-1785987837-690721f971b4,126.230,406.256
data-analyst-1785987791-1c6ee567a21f,126.231,126.234
data-analyst-1785987791-3d9e12f4455a,126.248,126.248
reviewer-1785987837-5ebaf0a966b0,126.288,517.605
data-analyst-1785987786-4eddd4c9cc47,126.324,126.324
data-analyst-1785987837-a66002cee353,126.358,404.090
data-analyst-1785987787-693efdd8f963,126.378,126.379
deep-researcher-1785987837-68214d40f454,126.402,518.421
data-analyst-1785987788-ce3493cdf7eb,126.412,126.413
data-analyst-1785987795-220b185c4d42,126.428,222.680
wide-researcher-1785987837-33fa6fbdac78,126.466,294.118
reviewer-1785987837-dc5d95ca4351,126.509,531.946
data-analyst-1785987788-a4bf74226281,126.565,126.565
data-analyst-1785987837-bb0e871ec1d7,126.569,672.147
data-analyst-1785987788-232914291b26,126.583,126.583
deep-researcher-1785987837-bba9fa71fcaa,126.654,519.575
wide-researcher-1785987837-87e39c1f2e13,126.675,430.663
reviewer-1785987837-698744ced011,126.693,675.515
data-analyst-1785987837-99681644feb1,126.731,412.270
deep-researcher-1785987837-a64842c736cb,126.754,295.376
data-analyst-1785987787-eb759037ac9c,126.783,126.784
wide-researcher-1785987837-5fd88c05cfd4,126.815,631.460
data-analyst-1785987802-d53fc7746108,126.888,193.285
reviewer-1785987837-13349a1364df,126.907,579.099
data-analyst-1785987837-4e7a428fe8d9,127.019,667.520
deep-researcher-1785987837-dee3c652cbde,127.037,541.121
wide-researcher-1785987837-caec6f5c70a0,127.064,536.243
reviewer-1785987838-8a80608c0dd8,127.101,519.450
data-analyst-1785987838-8047e608e75c,127.128,627.566
deep-researcher-1785987838-fb019b49411a,127.169,442.027
wide-researcher-1785987838-46e3fd954c09,127.269,318.185
data-analyst-1785987803-761b11759527,127.349,193.409
reviewer-1785987838-38f4c2e5c43e,127.373,546.142
data-analyst-1785987838-de6c02c89520,127.472,600.392
deep-researcher-1785987838-609f5e898c1f,127.513,306.994
wide-researcher-1785987838-98252c611f9a,127.530,308.507
reviewer-1785987838-052a11df9a80,127.553,637.832
data-analyst-1785987838-026386b7fec2,127.590,534.706
deep-researcher-1785987838-f0ee3eb769c2,127.685,643.455
data-analyst-1785987782-dc9f2815b9f6,127.710,127.710
wide-researcher-1785987838-27e7b4b0d79a,127.743,630.561
data-analyst-1785987791-97bc3ee60cf6,127.792,127.792
reviewer-1785987838-dac6f85d526b,127.801,530.536
data-analyst-1785987786-0f02caa40233,127.808,127.809
data-analyst-1785987790-a83f0a5fc8ee,127.851,127.851
data-analyst-1785987838-2c470eb3fc55,127.865,450.619
deep-researcher-1785987838-4acea5c999f1,127.883,220.459
wide-researcher-1785987838-0ce6e08a579f,127.908,626.931
reviewer-1785987838-7b389a464ce1,127.975,626.186
data-analyst-1785987796-863201bb96ac,128.025,128.025
data-analyst-1785987839-24d5bc542dce,128.029,643.377
deep-researcher-1785987839-2e2612197f08,128.118,330.957
data-analyst-1785987789-6544946fac5c,128.122,128.123
data-analyst-1785987791-a596d9d192e4,128.138,128.138
data-analyst-1785987798-f4f7788ab413,128.169,128.170
wide-researcher-1785987839-6e21e6e466c8,128.189,304.930
reviewer-1785987839-1d726d39805d,128.213,651.724
data-analyst-1785987839-2924b5c67b74,128.248,456.792
deep-researcher-1785987839-f4f583767e57,128.319,402.455
data-analyst-1785987778-4947d4d5c089,128.370,128.370
wide-researcher-1785987839-6e476e2f2e69,128.389,247.440
reviewer-1785987839-66838b45627f,128.419,639.568
data-analyst-1785987839-bcfbf7bed35e,128.529,594.356
deep-researcher-1785987839-c884576e09c5,128.571,666.747
wide-researcher-1785987839-91b592c29559,128.586,302.732
reviewer-1785987839-65867c0731d9,128.624,681.852
data-analyst-1785987839-97f5a43a9daf,128.676,448.378
data-analyst-1785987797-bd46638a7776,128.705,128.705
deep-researcher-1785987839-36f4c7c54641,128.766,353.128
data-analyst-1785987804-128ed1b32b01,128.807,293.340
data-analyst-1785987800-d1d435fdfc0f,128.841,128.842
wide-researcher-1785987839-4faaef85acf6,128.880,335.828
reviewer-1785987839-f790c4921a06,128.969,646.540
data-analyst-1785987839-f4580d0dac00,129.015,633.439
data-analyst-1785987785-db3815ab9a6c,129.023,129.024
deep-researcher-1785987839-e75808f22128,129.042,654.964
wide-researcher-1785987840-3b41699cb71b,129.056,302.336
reviewer-1785987840-09f6498f1434,129.103,663.562
data-analyst-1785987801-44dd6d379900,129.121,208.538
data-analyst-1785987777-f303e4710f6c,129.139,196.462
data-analyst-1785987797-90eb8fddfe64,129.157,129.158
data-analyst-1785987840-598509bb3694,129.190,654.054
data-analyst-1785987793-87f373d03e79,129.205,129.206
deep-researcher-1785987840-0ef146fe9f47,129.245,521.226
wide-researcher-1785987840-464f8a5a41bd,129.290,621.414
reviewer-1785987840-af00b4a8c006,129.315,623.040
data-analyst-1785987840-d8f54c400e77,129.380,488.314
data-analyst-1785987799-72633acd2902,129.390,205.734
deep-researcher-1785987840-1b51eeb455bc,129.428,206.765
wide-researcher-1785987840-415763c7943e,129.482,302.984
reviewer-1785987840-d191b959cc89,129.498,542.229
data-analyst-1785987802-f3d7d0a8c9e7,129.518,198.464
data-analyst-1785987840-6f760deb98bd,129.543,581.623
deep-researcher-1785987840-0a46a63f37cb,129.594,303.045
wide-researcher-1785987840-7810416ef7d3,129.682,418.469
data-analyst-1785987788-e98883377f11,129.683,129.688
reviewer-1785987840-eab8c01a18b8,129.712,545.558
data-analyst-1785987840-1db9241d7615,129.741,635.931
deep-researcher-1785987840-d0b1f81a976b,129.820,300.711
wide-researcher-1785987840-6179faea2206,129.843,627.866
data-analyst-1785987802-3c5aace90120,129.863,201.044
reviewer-1785987840-0c75372309a2,129.897,668.451
data-analyst-1785987840-a6f81fb0058d,129.943,534.615
deep-researcher-1785987840-ba38a2b34c59,129.974,673.615
wide-researcher-1785987841-7e60498e3706,130.028,304.946
data-analyst-1785987779-f8d6ebc00b98,130.048,130.048
reviewer-1785987841-0a37fda687a6,130.059,598.154
data-analyst-1785987787-ccda837e5758,130.068,130.068
data-analyst-1785987786-a4d7b7e6f257,130.081,130.081
data-analyst-1785987841-da7f41f01eb9,130.123,543.727
deep-researcher-1785987841-1f209d6e7521,130.138,415.956
data-analyst-1785987791-759d046d9d42,130.178,130.178
wide-researcher-1785987841-c5ee482782f2,130.186,298.724
reviewer-1785987841-e841b69ff3a5,130.220,520.493
data-analyst-1785987841-d663cf16a0a9,130.273,626.310
deep-researcher-1785987841-542a9f43ed41,130.357,637.458
wide-researcher-1785987841-ac7539b4e77a,130.389,626.849
reviewer-1785987841-cce7b5b59db3,130.490,432.634
data-analyst-1785987841-07401ef81e3e,130.546,534.247
deep-researcher-1785987841-b917dc8a296f,130.563,237.971
wide-researcher-1785987841-8792d3e331b3,130.611,633.398
reviewer-1785987841-31e6b5505665,130.627,532.467
data-analyst-1785987841-63e9b1659c26,130.683,647.221
deep-researcher-1785987841-9fc7f99220ed,130.709,645.781
data-analyst-1785987803-b57f5aaaa77c,130.744,194.528
wide-researcher-1785987841-deddfa8ed3e5,130.753,630.028
data-analyst-1785987795-993dd8dd7aaa,130.828,130.828
reviewer-1785987841-a8914878b45b,130.838,602.397
data-analyst-1785987841-80c748d2bc18,130.893,528.391
deep-researcher-1785987841-4631dbce840d,130.908,355.136
wide-researcher-1785987841-c27ba9295109,130.936,332.603
reviewer-1785987842-54b37e1b8ae2,130.995,529.429
data-analyst-1785987842-9f8db965c305,131.023,552.823
deep-researcher-1785987842-828d1de2d08e,131.051,498.719
data-analyst-1785987803-7cab92f6d9d8,131.065,199.762
wide-researcher-1785987842-b457fa323f2b,131.107,307.089
reviewer-1785987842-a62ac278c644,131.128,540.196
data-analyst-1785987798-d2a0edd1c010,131.129,131.132
data-analyst-1785987800-343008f34fef,131.145,131.145
data-analyst-1785987842-9c22c6f4b4f1,131.217,525.355
deep-researcher-1785987842-f4dd658afe60,131.243,357.755
wide-researcher-1785987842-c1ba9d06e333,131.275,539.947
reviewer-1785987842-896aff1192b5,131.303,648.090
data-analyst-1785987842-c7bdf3b8000e,131.347,427.026
data-analyst-1785987776-17afc3f77243,131.364,203.864
deep-researcher-1785987842-a604d3a292d9,131.404,308.021
wide-researcher-1785987842-bee7974e85d8,131.428,527.264
data-analyst-1785987786-63dc43f59d03,131.469,131.469
reviewer-1785987842-16a1703438c1,131.486,525.094
data-analyst-1785987842-4f46d92120a0,131.550,405.196
data-analyst-1785987788-bdb41fb5ec8b,131.560,194.099
deep-researcher-1785987842-a6dafefad85f,131.573,425.098
wide-researcher-1785987842-d3e28aa1d421,131.639,540.253
reviewer-1785987842-ff111dca6bcb,131.656,414.122
data-analyst-1785987798-b92d93b7da94,131.673,131.673
data-analyst-1785987842-3421cecf89f6,131.705,639.054
deep-researcher-1785987842-848175c95125,131.732,603.352
wide-researcher-1785987842-9c51c1a21675,131.748,537.631
data-analyst-1785987799-afea1d8ce179,131.781,131.781
reviewer-1785987842-3d29227efcb4,131.790,415.524
data-analyst-1785987842-8140375ae3b0,131.895,520.598
data-analyst-1785987782-9b53c6bc054f,131.908,131.908
deep-researcher-1785987842-f21ab2488cbd,132.003,406.627
wide-researcher-1785987842-e3ccf6c4f985,132.041,532.281
reviewer-1785987842-76dacbe84dbe,132.076,669.928
data-analyst-1785987843-440128b2b0a3,132.122,531.905
deep-researcher-1785987843-34070e199a63,132.145,338.154
wide-researcher-1785987843-4b0ebe518959,132.159,625.986
reviewer-1785987843-dc4e0e4fe44e,132.187,543.174
data-analyst-1785987805-c39262b5b984,132.332,202.408
data-analyst-1785987843-db538e784c27,132.345,649.538
deep-researcher-1785987843-a53d7464f062,132.365,414.320
wide-researcher-1785987843-d1d6c69016c3,132.389,323.845
reviewer-1785987843-f3619314d991,132.412,526.206
data-analyst-1785987802-4addb11763ca,132.439,132.440
data-analyst-1785987791-42d20a152b79,132.454,132.454
data-analyst-1785987843-285acdaff558,132.454,639.440
deep-researcher-1785987843-b0253d70de13,132.494,477.654
data-analyst-1785987789-67d80ffa2f23,132.518,132.518
wide-researcher-1785987843-fb1697af5ef1,132.522,517.559
reviewer-1785987843-afa145818fe2,132.536,518.215
data-analyst-1785987801-16e5cb728240,132.553,132.553
data-analyst-1785987843-69393b8c7767,132.621,522.805
data-analyst-1785987801-ba9e6bb1f4ca,132.699,132.699
deep-researcher-1785987843-c6d0c736c73b,132.713,648.954
wide-researcher-1785987843-ee31b2b5bdf1,132.749,303.419
reviewer-1785987843-706709f5c8e7,132.790,525.612
data-analyst-1785987843-ce32eb0e65ce,132.826,538.060
deep-researcher-1785987843-4d062dc9bd89,132.852,674.549
wide-researcher-1785987843-122d0dba5a68,132.869,301.642
reviewer-1785987843-f497af551a69,132.919,418.225
data-analyst-1785987844-aa1405f15ee9,132.946,405.214
deep-researcher-1785987844-2d5bce4ccd02,132.998,647.580
wide-researcher-1785987844-723e0fc0ac69,133.020,319.024
reviewer-1785987844-0e4c0a9e1bd0,133.059,607.553
data-analyst-1785987785-ca3685056f56,133.076,133.076
data-analyst-1785987802-8fd4855434ee,133.089,133.089
data-analyst-1785987844-1c550ca8b1d7,133.124,528.589
deep-researcher-1785987844-18f98c3075cd,133.146,647.075
wide-researcher-1785987844-260f869f1cd2,133.162,411.548
reviewer-1785987844-636e139f39eb,133.184,628.709
data-analyst-1785987844-d0c2768a6881,133.240,596.634
deep-researcher-1785987844-5b78c05adf7b,133.299,671.427
wide-researcher-1785987844-3c00f75b641f,133.408,303.805
reviewer-1785987844-c84fd715eb66,133.477,647.203
data-analyst-1785987844-ee256e1440ab,133.513,551.297
deep-researcher-1785987844-447efcd26092,133.585,292.094
wide-researcher-1785987844-ac73b92d9410,133.602,633.379
reviewer-1785987844-0bb8f624f801,133.658,652.342
data-analyst-1785987844-7317e3172ba3,133.710,560.592
data-analyst-1785987802-a865d0864a30,133.715,133.716
data-analyst-1785987802-db9d0cdba650,133.731,133.731
data-analyst-1785987797-22af012a8f10,133.863,133.863
deep-researcher-1785987844-de80cc460403,133.867,305.729
wide-researcher-1785987844-d2c9688ef619,133.899,654.291
reviewer-1785987844-1cc913750d5b,133.932,652.643
data-analyst-1785987844-b386916e520e,134.007,623.132
deep-researcher-1785987845-b79076bbf6cc,134.059,658.611
data-analyst-1785987780-527cd434a964,134.120,134.120
wide-researcher-1785987845-dbc1113552e1,134.124,411.105
data-analyst-1785987802-88192ad3fb18,134.137,134.137
data-analyst-1785987798-b3ce975b7e20,134.163,134.163
data-analyst-1785987803-101c672fe1c8,134.176,201.596
reviewer-1785987845-32caf2bc7e59,134.214,414.682
data-analyst-1785987795-0f8726395254,134.237,134.237
data-analyst-1785987801-c79c8350abb3,134.250,134.250
data-analyst-1785987797-e8bd2ed62cfe,134.290,134.290
data-analyst-1785987845-362d3e0adae4,134.299,423.364
deep-researcher-1785987845-9b519267fb45,134.318,341.719
wide-researcher-1785987845-840dddef2553,134.359,626.832
reviewer-1785987845-7e7d56388937,134.376,516.239
data-analyst-1785987845-fa2b45c31c83,134.420,520.727
deep-researcher-1785987845-02996b28ad43,134.438,264.263
data-analyst-1785987803-dc8a5cdc1628,134.453,197.021
wide-researcher-1785987845-1961aaa12d6d,134.454,342.656
data-analyst-1785987787-5819087e3b02,134.492,134.492
reviewer-1785987845-16181c855a11,134.510,657.574
data-analyst-1785987845-d2b64ce9b79a,134.537,666.234
deep-researcher-1785987845-b56c9deaef53,134.560,663.216
wide-researcher-1785987845-d133e63142ec,134.574,297.770
data-analyst-1785987806-ef3ca7879559,134.621,192.392
reviewer-1785987845-9e717afeb8e3,134.665,528.434
data-analyst-1785987787-c856d226c393,134.672,134.672
data-analyst-1785987802-2f6de99e99b4,134.699,134.700
data-analyst-1785987805-490f97482830,134.729,194.070
data-analyst-1785987806-9f2a7af3f4c6,134.747,196.547
data-analyst-1785987845-58bab6a8e0d8,134.808,653.918
deep-researcher-1785987845-671f84c7900b,134.891,415.232
wide-researcher-1785987845-4e17c11d16b4,134.914,445.775
reviewer-1785987845-78b153c2e672,134.932,538.418
data-analyst-1785987845-740e448dc1e1,134.997,535.102
deep-researcher-1785987846-0d1f10394745,135.067,632.214
wide-researcher-1785987846-f806d988552d,135.092,409.624
data-analyst-1785987796-2e45b8cb5129,135.172,135.172
reviewer-1785987846-bc2350ed2802,135.177,639.154
data-analyst-1785987846-149528f5d953,135.221,643.148
data-analyst-1785987789-42d14482b6bb,135.262,135.262
deep-researcher-1785987846-e487736a8ea4,135.274,345.006
wide-researcher-1785987846-2c1a39c04f82,135.385,292.157
reviewer-1785987846-1eac93174517,135.419,530.134
data-analyst-1785987846-a1762be050c4,135.462,638.961
data-analyst-1785987802-70afb219e166,135.529,192.334
deep-researcher-1785987846-f59cb86e30cf,135.545,407.727
wide-researcher-1785987846-41690d91e733,135.647,293.748
reviewer-1785987846-e29ec6cb5e98,135.696,435.837
data-analyst-1785987801-059210ec8a44,135.727,135.727
data-analyst-1785987846-b947022e8017,135.732,502.198
data-analyst-1785987802-5d8d23ca9077,135.745,191.985
deep-researcher-1785987846-2ccd24654547,135.768,320.749
data-analyst-1785987779-68d4008dfcd1,135.795,135.795
wide-researcher-1785987846-99a570b98837,135.809,417.566
reviewer-1785987846-75aea30c0f7f,135.826,654.825
data-analyst-1785987846-ea875a17a56c,135.875,433.775
deep-researcher-1785987846-721e5e107223,135.893,308.374
wide-researcher-1785987846-8a48889c274c,135.930,662.928
reviewer-1785987847-c644f3fc7391,135.947,650.166
data-analyst-1785987802-4036f65100fa,135.973,196.271
data-analyst-1785987847-c9aae80daef7,135.973,539.266
deep-researcher-1785987847-7b275d53b38d,136.030,675.875
data-analyst-1785987797-f020053e5574,136.040,136.040
wide-researcher-1785987847-689b74bb5fa8,136.048,413.573
reviewer-1785987847-7bd2a1f4d155,136.071,645.074
data-analyst-1785987847-bff669831ec1,136.105,656.091
deep-researcher-1785987847-a489648f7053,136.146,530.278
wide-researcher-1785987847-1b9a6f294d85,136.178,305.808
reviewer-1785987847-e288d437ce5e,136.210,640.910
data-analyst-1785987847-1cae251527ae,136.259,585.418
deep-researcher-1785987847-714f81ea2836,136.315,673.577
wide-researcher-1785987847-5c9bba009474,136.392,295.241
reviewer-1785987847-291887df2feb,136.433,632.904
data-analyst-1785987809-3b0309d5ae85,136.485,211.020
data-analyst-1785987809-e224759b0248,136.521,201.311
data-analyst-1785987795-7dfc27ca6f61,136.557,136.558
data-analyst-1785987847-7938e3a0ab33,136.585,665.539
deep-researcher-1785987847-4573484a99cd,136.617,311.782
wide-researcher-1785987847-74f1594803e8,136.664,296.759
reviewer-1785987847-31d19bab1620,136.696,676.920
data-analyst-1785987847-ead08c322dcf,136.731,642.577
deep-researcher-1785987847-afb02d870870,136.783,682.735
data-analyst-1785987805-194357d993f4,136.788,192.594
wide-researcher-1785987847-1a946c1dd2a6,136.919,434.280
reviewer-1785987847-c6f6ee6de8ae,136.933,674.533
data-analyst-1785987788-afcae375a650,137.039,137.040
data-analyst-1785987847-97eca135ad11,137.078,415.360
deep-researcher-1785987847-9e35420644b5,137.135,303.368
wide-researcher-1785987848-0d09dab415f1,137.164,307.496
data-analyst-1785987806-59453c7c28a2,137.169,137.170
reviewer-1785987848-18614b768785,137.213,652.783
data-analyst-1785987848-9bee84ee00cb,137.277,672.322
deep-researcher-1785987848-e5408e7d72d6,137.314,290.631
wide-researcher-1785987848-832b8b2b39d7,137.332,412.500
reviewer-1785987848-b7d7a2ca3c36,137.383,650.014
data-analyst-1785987803-b3d1340ca5e5,137.395,137.396
data-analyst-1785987848-21c6b8b108ed,137.410,422.376
deep-researcher-1785987848-1909162eb72a,137.448,303.680
wide-researcher-1785987848-350cc4de0786,137.463,345.310
reviewer-1785987848-0efa2fb43e48,137.481,631.025
data-analyst-1785987848-072786e64ae2,137.536,527.246
deep-researcher-1785987848-69af408e67bf,137.551,296.298
wide-researcher-1785987848-309106799061,137.578,553.608
data-analyst-1785987810-3bf22f3bbdfd,137.604,193.611
reviewer-1785987848-5f3f6ea0b684,137.608,522.314
data-analyst-1785987810-61ae1f906289,137.620,302.860
data-analyst-1785987848-7b2e53d3dcc9,137.646,300.330
deep-researcher-1785987848-ccfa20cf518a,137.684,535.658
wide-researcher-1785987848-dadb7c2cbeb0,137.740,622.591
reviewer-1785987848-50adef9e8dc1,137.769,680.477
data-analyst-1785987848-79aa2424113a,137.817,551.965
data-analyst-1785987803-7b8dde247f2e,137.832,137.832
deep-researcher-1785987848-6e5f774c7273,137.836,657.091
wide-researcher-1785987848-473c1f835d0e,137.941,427.615
reviewer-1785987848-4ead7459859b,137.960,672.306
data-analyst-1785987848-dae912a32261,138.005,478.783
deep-researcher-1785987849-2c4ee6915386,138.027,533.731
wide-researcher-1785987849-cd3d48b83b9c,138.093,655.351
reviewer-1785987849-d80450b6c527,138.119,662.464
data-analyst-1785987849-8d3455d7c31e,138.208,650.742
data-analyst-1785987783-8ca5eea78433,138.296,138.296
data-analyst-1785987788-e64d31b25b23,138.338,192.469
deep-researcher-1785987849-0de9bfbf69dc,138.373,673.433
wide-researcher-1785987849-4b916c4a2ae3,138.401,291.903
reviewer-1785987849-cb2a98cf3504,138.435,587.703
data-analyst-1785987786-40e8a0cc02d0,138.498,138.498
data-analyst-1785987849-7057ad27469b,138.590,428.320
data-analyst-1785987802-0a2e215e379c,138.647,225.696
deep-researcher-1785987849-bed9394721fa,138.655,306.777
data-analyst-1785987782-da667a852353,138.670,138.670
data-analyst-1785987796-43cc6d9abacf,138.698,195.585
wide-researcher-1785987849-143486d28e96,138.726,519.324
data-analyst-1785987797-be813028232b,138.736,193.361
reviewer-1785987849-d426e3fafd28,138.741,431.542
data-analyst-1785987849-0c52c5e3e59f,138.785,384.086
deep-researcher-1785987849-109d16ec2124,138.822,346.790
wide-researcher-1785987849-29e9c5bbc9b5,138.840,313.187
reviewer-1785987849-adeb901a4140,138.862,631.123
data-analyst-1785987780-193582e3b035,138.882,138.883
data-analyst-1785987849-95fd8df3ecce,138.897,631.103
deep-researcher-1785987849-971a91b2c393,138.915,647.294
wide-researcher-1785987850-4833a52b185a,138.947,324.213
reviewer-1785987850-bd0739027128,138.965,627.881
data-analyst-1785987850-9dc96074692d,139.004,641.877
deep-researcher-1785987850-0434ffaf8dde,139.041,307.107
wide-researcher-1785987850-652a575c1e94,139.062,328.910
reviewer-1785987850-835a6a5641a4,139.091,522.226
data-analyst-1785987850-0503ec8fbade,139.134,653.234
deep-researcher-1785987850-b552f773199f,139.172,422.659
wide-researcher-1785987850-063284b75905,139.194,519.118
reviewer-1785987850-cf89f94cd533,139.279,626.575
data-analyst-1785987850-7d7da96cb015,139.345,529.102
deep-researcher-1785987850-09ab95e8fd75,139.415,454.304
wide-researcher-1785987850-367696a547f8,139.452,623.717
reviewer-1785987850-d61283442e3c,139.473,639.103
data-analyst-1785987803-b6a17f15348d,139.492,139.492
data-analyst-1785987850-14be9b87d8b1,139.519,652.239
deep-researcher-1785987850-479ed1e27414,139.542,678.838
wide-researcher-1785987850-652c4e2274f2,139.602,410.067
reviewer-1785987850-eb23f40f6deb,139.631,533.701
data-analyst-1785987850-a17bd76611ec,139.671,532.144
deep-researcher-1785987850-40475cc7e8c8,139.716,641.606
wide-researcher-1785987850-2228a3b18417,139.755,328.786
reviewer-1785987850-e86e237d69bf,139.801,530.435
data-analyst-1785987782-dfe39a9f6f9e,139.839,203.734
data-analyst-1785987781-9ed210cc0c93,139.870,200.277
data-analyst-1785987850-1cb0a95fbc7c,139.884,524.254
deep-researcher-1785987850-2a47d170f30b,139.911,628.320
wide-researcher-1785987850-8a8ea72ad50b,139.944,644.372
reviewer-1785987850-d8118d2444ba,139.962,551.562
data-analyst-1785987851-0ad1e92d1c7c,139.997,421.687
deep-researcher-1785987851-23e8a5e6e0a3,140.101,656.983
wide-researcher-1785987851-6509cf5182fc,140.167,263.576
reviewer-1785987851-eda0e27e0e60,140.237,635.642
data-analyst-1785987851-60c38a71f06b,140.263,668.966
data-analyst-1785987812-9664b05a0eb4,140.271,259.222
deep-researcher-1785987851-7eb3b6528e64,140.305,238.028
wide-researcher-1785987851-ce9a5f80fdda,140.355,562.028
reviewer-1785987851-c0f535ceb65d,140.369,535.927
data-analyst-1785987851-c465c1de1628,140.409,406.609
data-analyst-1785987787-f979ca39b072,140.423,140.423
deep-researcher-1785987851-591c1ec9f0a8,140.423,670.710
wide-researcher-1785987851-eb65ea68aaa1,140.465,412.131
reviewer-1785987851-b5228f9fd523,140.499,536.610
data-analyst-1785987851-e1a3963db90b,140.551,646.146
data-analyst-1785987810-12f2b1898744,140.552,268.476
deep-researcher-1785987851-f3178792c60a,140.612,332.691
wide-researcher-1785987851-b8c304e47311,140.643,668.758
reviewer-1785987851-25cb6717e679,140.681,642.960
data-analyst-1785987800-929f7294cbc0,140.727,140.727
data-analyst-1785987851-0f335d08bcfb,140.771,400.081
deep-researcher-1785987851-e7d637d521a4,140.795,559.461
wide-researcher-1785987851-09b380467af4,140.864,239.954
data-analyst-1785987805-1055a5e8b091,140.924,140.925
reviewer-1785987851-de920c2f452f,140.967,623.011
data-analyst-1785987851-b7ed3c02d252,140.994,682.105
deep-researcher-1785987851-aa6b080a45ac,141.028,667.041
wide-researcher-1785987852-e89c19c9ecb0,141.050,307.123
reviewer-1785987852-f498e84152be,141.117,641.213
data-analyst-1785987852-26453b5754c8,141.157,583.540
deep-researcher-1785987852-247c544c8fc1,141.229,290.024
wide-researcher-1785987852-53e3a1f02a9d,141.261,412.284
reviewer-1785987852-b52c82a91a71,141.312,645.764
data-analyst-1785987852-f0218d46129e,141.395,634.442
data-analyst-1785987802-34b9939b8896,141.399,141.399
deep-researcher-1785987852-5110ce4896a6,141.480,307.802
wide-researcher-1785987852-8de8be1bfa62,141.505,656.333
reviewer-1785987852-30c9c26c3bcb,141.591,627.801
data-analyst-1785987852-42f7998a5284,141.666,413.706
deep-researcher-1785987852-a4eea50a9592,141.684,416.260
data-analyst-1785987783-526e414e155e,141.721,198.009
wide-researcher-1785987852-e96e0d684631,141.730,290.009
data-analyst-1785987783-7b0725cf71b4,141.738,198.500
reviewer-1785987852-d319ed1f485f,141.759,522.955
data-analyst-1785987797-7fe3d0fded33,141.796,141.797
data-analyst-1785987852-d5270361b692,141.809,473.188
deep-researcher-1785987852-4c6c7bff5897,141.846,677.953
wide-researcher-1785987852-4aa3448985ad,141.878,622.281
data-analyst-1785987809-be700af5d8d4,141.892,194.561
reviewer-1785987852-3a400dcf542a,141.892,570.120
data-analyst-1785987852-6fc79c94673e,141.940,537.925
deep-researcher-1785987853-40006a7eaee5,141.968,335.598
wide-researcher-1785987853-1e2222eb6461,142.004,460.120
data-analyst-1785987788-cba2bbb2b903,142.023,142.023
reviewer-1785987853-b4f63b2af8fc,142.028,660.034
data-analyst-1785987791-b050c2e245bd,142.041,142.041
data-analyst-1785987803-aecd996bd3fc,142.055,142.055
data-analyst-1785987853-39aeb98853c1,142.148,535.049
deep-researcher-1785987853-f44d60411ca4,142.194,298.934
wide-researcher-1785987853-ee4422213870,142.239,411.169
data-analyst-1785987813-62d703b6b0bc,142.268,200.805
reviewer-1785987853-ba837f861880,142.272,533.930
data-analyst-1785987813-daf89decc6b1,142.284,196.210
data-analyst-1785987853-ac5bd2f26ad0,142.311,667.173
data-analyst-1785987779-7261cc7ee322,142.322,142.323
deep-researcher-1785987853-e625fa28f149,142.342,336.723
wide-researcher-1785987853-4d8a4b880398,142.372,291.208
reviewer-1785987853-8ed9c02b2f82,142.406,626.400
data-analyst-1785987853-460d5859c845,142.495,409.392
deep-researcher-1785987853-5d712ea9dd7b,142.543,292.987
wide-researcher-1785987853-4bbc1e4eb907,142.577,250.974
reviewer-1785987853-9b7afad61364,142.633,545.955
data-analyst-1785987811-76a2e3bfe7bc,142.647,198.561
data-analyst-1785987853-81450e03bffe,142.691,638.452
deep-researcher-1785987853-4d111439794c,142.732,296.486
wide-researcher-1785987853-26cfccc72796,142.829,355.663
reviewer-1785987853-6e26831d2544,142.892,530.773
data-analyst-1785987853-abb983ca46fc,142.941,405.000
deep-researcher-1785987853-b0c72ac15730,142.987,518.076
wide-researcher-1785987854-43113d970b05,143.016,421.931
data-analyst-1785987810-4d7fa6573145,143.047,194.956
reviewer-1785987854-9af7cfa5c745,143.111,443.309
data-analyst-1785987854-5af3f8d1f217,143.179,537.190
deep-researcher-1785987854-cff7893cb77e,143.198,302.665
wide-researcher-1785987854-5ade775dc4e4,143.271,305.140
reviewer-1785987854-a0c553970267,143.319,581.892
data-analyst-1785987854-cd194236713a,143.360,570.587
deep-researcher-1785987854-027ec9f34821,143.392,628.371
data-analyst-1785987813-8cd61dd31b1d,143.406,201.121
wide-researcher-1785987854-8c03e128d15a,143.411,476.568
data-analyst-1785987797-129cc7fe5c06,143.445,143.445
reviewer-1785987854-022b5ffa0e18,143.454,643.347
data-analyst-1785987854-a692c7eeb9f2,143.491,436.633
deep-researcher-1785987854-02bcb52283a6,143.514,294.207
wide-researcher-1785987854-61c820f0970c,143.542,303.697
reviewer-1785987854-fa76f563c1f9,143.575,590.122
data-analyst-1785987854-4b0c93a77ba3,143.621,659.097
deep-researcher-1785987854-081fbfe22862,143.638,306.859
wide-researcher-1785987854-5473528e8f9b,143.662,293.412
reviewer-1785987854-9732f5644d7b,143.699,538.479
data-analyst-1785987854-003ab52c2b74,143.788,623.621
deep-researcher-1785987854-10732337c081,143.807,549.002
wide-researcher-1785987854-0c51808c39f1,143.881,525.313
reviewer-1785987854-ec1c78deb7cf,143.922,557.371
data-analyst-1785987854-ad07384fe1aa,143.981,434.026
deep-researcher-1785987854-886e91d430a0,144.004,671.044
wide-researcher-1785987855-3786191f7af0,144.055,253.963
reviewer-1785987855-6a245590b6ad,144.084,510.265
data-analyst-1785987855-59579ee0bd72,144.143,655.544
deep-researcher-1785987855-008ae40ea8b7,144.177,657.322
data-analyst-1785987809-aca99c2197e9,144.207,191.784
wide-researcher-1785987855-6d8290d2b8a0,144.211,402.990
data-analyst-1785987799-233cf50e981d,144.229,144.230
reviewer-1785987855-e3ad35d36263,144.249,668.928
data-analyst-1785987809-3631c277b1b9,144.298,144.298
data-analyst-1785987803-70d848c14917,144.329,144.329
data-analyst-1785987855-28fb3e1142f2,144.333,526.333
deep-researcher-1785987855-23932e1d74c0,144.405,298.882
data-analyst-1785987803-e99d87ea3313,144.410,144.411
wide-researcher-1785987855-17cb2c3ff87b,144.444,401.240
reviewer-1785987855-09b21ca690c2,144.477,521.639
data-analyst-1785987855-79ceda7c67c3,144.608,651.007
deep-researcher-1785987855-d329d5fa7c84,144.626,627.028
wide-researcher-1785987855-cd578f421a55,144.692,634.042
reviewer-1785987855-bf5e9743e7a1,144.714,536.930
data-analyst-1785987855-9e67e97aa993,144.825,547.849
deep-researcher-1785987855-e37a79b3bdd7,144.869,416.304
wide-researcher-1785987855-d1302c152f03,144.898,547.416
reviewer-1785987855-ff54a5ebda31,144.929,625.148
data-analyst-1785987805-01a4cb98b7a9,144.954,144.955
data-analyst-1785987856-314101be0fbc,144.976,548.011
deep-researcher-1785987856-ac0b67ce865a,144.999,666.202
wide-researcher-1785987856-174883817a56,145.038,296.452
reviewer-1785987856-c1a7d9676832,145.063,524.320
data-analyst-1785987856-9bfb944cc241,145.134,552.102
deep-researcher-1785987856-00d0c0d1034a,145.148,394.554
wide-researcher-1785987856-dfa3a3e921da,145.174,400.509
data-analyst-1785987786-6b830e37e292,145.174,196.147
reviewer-1785987856-c18fece8dfc9,145.206,586.596
data-analyst-1785987856-8f54773664a8,145.233,625.968
deep-researcher-1785987856-bf0ecd390e40,145.264,304.043
wide-researcher-1785987856-89f091982b2a,145.289,311.565
reviewer-1785987856-f57defba54bb,145.315,565.842
data-analyst-1785987856-fa7e0cf19c59,145.369,310.167
data-analyst-1785987779-1aca75c893ce,145.413,145.414
deep-researcher-1785987856-5f5bbe456964,145.448,301.325
wide-researcher-1785987856-d045d41f0ed6,145.516,299.595
reviewer-1785987856-5ed5bf43708f,145.554,424.583
data-analyst-1785987856-813fc58b6c50,145.607,587.633
data-analyst-1785987785-9c0dc7c99204,145.699,207.341
deep-researcher-1785987856-87869b217dd2,145.850,670.451
data-analyst-1785987790-449ba179e8ff,145.868,145.868
wide-researcher-1785987856-d9e0df950301,145.913,293.871
reviewer-1785987856-f72eed100266,145.965,656.311
data-analyst-1785987856-ba7c42852482,146.005,642.898
deep-researcher-1785987857-8fb0854e56b1,146.118,622.070
wide-researcher-1785987857-58f89d155730,146.135,425.307
reviewer-1785987857-5aa083cc56ae,146.178,629.140
data-analyst-1785987857-2154e2b6aa77,146.236,644.009
deep-researcher-1785987857-c40aeadab6dc,146.298,521.184
data-analyst-1785987813-fe697e83527a,146.354,200.385
wide-researcher-1785987857-bcace0da2c55,146.382,354.929
reviewer-1785987857-4b65f05e548c,146.410,678.753
data-analyst-1785987857-ec0511d9229f,146.455,645.862
deep-researcher-1785987857-23211b9534d5,146.485,654.747
wide-researcher-1785987857-88cee7e35a17,146.574,416.602
reviewer-1785987857-e899bf0e6ed4,146.591,425.513
data-analyst-1785987800-46b8d0664da4,146.638,146.639
data-analyst-1785987857-be9ed5ce2a00,146.643,517.477
deep-researcher-1785987857-91d8fb0995b0,146.740,656.593
wide-researcher-1785987857-48098d2c564b,146.800,304.028
reviewer-1785987857-fde6b0030d98,146.830,637.813
data-analyst-1785987857-91f20d0ee714,146.875,407.939
data-analyst-1785987791-1fb3404eaeff,146.909,277.651
deep-researcher-1785987857-4cccb394e13f,146.960,651.930
data-analyst-1785987801-94ba3931bdbd,146.979,146.979
wide-researcher-1785987857-b909875cf5bc,146.992,534.436
data-analyst-1785987812-eb116c183804,146.996,191.846
reviewer-1785987858-493d2bbed094,147.022,624.218
data-analyst-1785987858-03932b40f99f,147.062,417.550
deep-researcher-1785987858-216cd5e0fdb9,147.102,421.979
wide-researcher-1785987858-f4950be759f7,147.116,365.054
data-analyst-1785987803-34dd8e6e6259,147.162,147.163
data-analyst-1785987798-da75c2e56af1,147.295,147.296
reviewer-1785987858-5cde77c17062,147.351,413.594
data-analyst-1785987804-153d8425df0a,147.420,147.421
data-analyst-1785987858-d3341eceb062,147.429,425.067
deep-researcher-1785987858-8648e0e2e9a4,147.470,623.470
wide-researcher-1785987858-c7f72eebd2ef,147.513,530.197
reviewer-1785987858-2ef90a60f913,147.546,522.762
data-analyst-1785987858-88ad20b4615c,147.636,523.953
deep-researcher-1785987858-d1011eff8811,147.652,298.329
wide-researcher-1785987858-85c900f55c58,147.690,632.756
reviewer-1785987858-08915860280b,147.705,517.933
data-analyst-1785987815-adc5eb8bd03a,147.720,196.042
data-analyst-1785987858-1495803e635a,147.744,416.910
deep-researcher-1785987858-084911bab0a0,147.816,306.977
wide-researcher-1785987858-66d1086897e4,147.840,646.770
data-analyst-1785987814-9271fb7ae670,147.878,194.184
reviewer-1785987858-811914479b84,147.927,644.149
data-analyst-1785987858-09c710d2f67f,147.974,530.325
deep-researcher-1785987858-0041f2b90b97,148.006,666.817
wide-researcher-1785987859-2955b06d4d85,148.049,532.524
reviewer-1785987859-f9934f711828,148.066,667.439
data-analyst-1785987859-adb260d19317,148.111,555.974
deep-researcher-1785987859-c975039cefe8,148.148,661.946
wide-researcher-1785987859-c6482757b18f,148.228,326.346
reviewer-1785987859-744973729208,148.254,636.895
data-analyst-1785987812-27fd00e1edd4,148.254,192.252
data-analyst-1785987801-297bb2504339,148.276,148.276
data-analyst-1785987859-97f34076cb31,148.355,523.244
deep-researcher-1785987859-9c78023eb036,148.389,402.289
data-analyst-1785987788-dbf361e14f4d,148.402,148.403
wide-researcher-1785987859-60aa4e5acd89,148.471,304.612
reviewer-1785987859-34f48a93a845,148.503,624.326
data-analyst-1785987859-cbb15e61a229,148.589,420.072
deep-researcher-1785987859-14bb970768ec,148.611,320.530
data-analyst-1785987809-ddd8aacfc5ef,148.738,148.739
data-analyst-1785987809-2d02344e0b57,148.767,148.767
data-analyst-1785987814-d88129e7a6eb,148.850,196.430
wide-researcher-1785987859-11871aa746a7,148.881,422.448
reviewer-1785987859-994116ee9f7a,148.933,647.187
data-analyst-1785987859-7b1bbc492b7f,148.972,411.713
data-analyst-1785987786-51b75b6f4a26,149.020,149.021
deep-researcher-1785987859-713d32ac8534,149.030,299.995
wide-researcher-1785987860-1a71da018345,149.054,378.066
reviewer-1785987860-c18a23cb366c,149.071,628.598
data-analyst-1785987795-9fca8bb837c6,149.087,149.088
data-analyst-1785987860-a494dfde999c,149.148,532.712
deep-researcher-1785987860-fc844f183482,149.164,582.940
wide-researcher-1785987860-4b1191cf38a4,149.228,405.537
data-analyst-1785987810-19c0f9bedf91,149.245,149.246
reviewer-1785987860-9eaeffd35f1a,149.250,655.713
data-analyst-1785987795-d1a67569534d,149.262,149.263
data-analyst-1785987803-f1804aa41373,149.291,149.292
data-analyst-1785987860-8076b92da91b,149.317,414.777
deep-researcher-1785987860-0f6726fe1678,149.332,535.523
data-analyst-1785987783-c201e16f764c,149.347,149.347
data-analyst-1785987805-4123ecba27f5,149.430,149.431
wide-researcher-1785987860-b81d597566e3,149.439,416.829
data-analyst-1785987787-7c1e7b930219,149.447,149.447
reviewer-1785987860-df7f3914fe65,149.461,602.539
data-analyst-1785987809-963955724da3,149.509,192.999
data-analyst-1785987785-efca76b6bef7,149.527,191.541
data-analyst-1785987860-3448cbcf8c07,149.539,428.367
deep-researcher-1785987860-7ce6723a8135,149.568,684.084
wide-researcher-1785987860-29b7aeb78042,149.583,302.506
reviewer-1785987860-1ff1aba0cdcb,149.619,528.958
data-analyst-1785987805-ceb3bdd3ff7c,149.633,149.633
data-analyst-1785987809-02cb8864bbd0,149.647,149.647
data-analyst-1785987860-b926a53e00c8,149.656,631.429
deep-researcher-1785987860-2c2fdb18f314,149.683,465.204
wide-researcher-1785987860-ae716f7640ad,149.759,404.041
reviewer-1785987860-597cb43e000e,149.777,572.775
data-analyst-1785987860-1b68c48a710d,149.866,664.516
deep-researcher-1785987860-3d336c82a3c0,149.888,294.952
data-analyst-1785987787-c76b2ed30ece,149.995,257.553
data-analyst-1785987785-b1a6d39f5ec1,150.008,194.860
wide-researcher-1785987860-cb43a9ad6a50,150.095,565.815
reviewer-1785987860-e9f22d8bb038,150.136,627.483
data-analyst-1785987810-23c8bd6e06c1,150.175,150.175
data-analyst-1785987811-3384d88a79ba,150.190,150.191
data-analyst-1785987787-a9514483db48,150.358,192.533
data-analyst-1785987861-394ad3d219d2,150.385,551.840
deep-researcher-1785987861-384b32690dd1,150.446,651.820
wide-researcher-1785987861-59a941fce519,150.462,562.228
reviewer-1785987861-0f5338e33ff5,150.488,586.266
data-analyst-1785987861-a5894bad9d78,150.547,526.076
deep-researcher-1785987861-d490dc9d6d9d,150.581,407.453
wide-researcher-1785987861-dd50ccefafcb,150.662,521.004
reviewer-1785987861-7017f6bb4504,150.731,407.038
data-analyst-1785987802-4e324f1cc4b5,150.768,150.768
data-analyst-1785987861-d2ed33da0e73,150.768,421.173
data-analyst-1785987798-1719bb8a4496,150.799,150.800
deep-researcher-1785987861-2cc2ad3782ba,150.823,419.571
data-analyst-1785987805-513b908d4f66,150.940,150.940
wide-researcher-1785987861-431848db12dd,150.952,676.520
reviewer-1785987861-0942e8b7c24a,150.969,557.281
data-analyst-1785987802-8f4dcc451b49,150.990,192.844
data-analyst-1785987802-5425c242e1fa,151.009,151.009
data-analyst-1785987787-83667b38c629,151.024,151.025
data-analyst-1785987861-0e148a2878d4,151.033,521.302
deep-researcher-1785987861-159719e22c76,151.056,412.093
wide-researcher-1785987862-57b8707f011a,151.089,270.550
reviewer-1785987862-b0f3d8a9aadd,151.125,517.752
data-analyst-1785987791-1eb5601eb102,151.157,151.158
data-analyst-1785987862-6644426f733b,151.171,655.131
deep-researcher-1785987862-8854c9a306c5,151.193,413.191
wide-researcher-1785987862-cafecbe69345,151.241,403.674
data-analyst-1785987783-b35ebc83db23,151.255,195.177
reviewer-1785987862-3aaa2628970f,151.264,532.035
data-analyst-1785987862-96fe4003b56c,151.295,672.162
deep-researcher-1785987862-a34c51af842a,151.376,301.965
wide-researcher-1785987862-674d58309288,151.406,631.862
data-analyst-1785987802-2a47c711f50a,151.421,151.421
data-analyst-1785987803-99924df3ea9b,151.509,151.510
reviewer-1785987862-1b6f5913c26b,151.531,401.534
data-analyst-1785987862-8e2d87d012bf,151.593,633.663
deep-researcher-1785987862-2584e6419330,151.642,304.992
wide-researcher-1785987862-35fdf1642e9c,151.661,327.095
reviewer-1785987862-b0fb3d473f07,151.878,670.431
data-analyst-1785987805-3c69065088e1,151.957,151.958
data-analyst-1785987862-944dde38dc6d,151.966,640.259
deep-researcher-1785987862-fcb0e0366554,151.981,412.584
wide-researcher-1785987862-7b409cce49f8,152.010,576.819
reviewer-1785987863-00a6d7540651,152.047,629.813
data-analyst-1785987863-f0a92f3c67b1,152.091,538.015
data-analyst-1785987785-860e7ff66de8,152.119,152.119
deep-researcher-1785987863-3c3bacd44f2e,152.160,416.814
wide-researcher-1785987863-d3eb4d4458aa,152.242,406.710
reviewer-1785987863-57168695b67c,152.288,578.398
data-analyst-1785987804-4c39a6ed3394,152.325,152.325
data-analyst-1785987797-f0af3a2f917a,152.339,152.340
data-analyst-1785987863-b06406d19d92,152.344,540.856
deep-researcher-1785987863-11b18c4cb836,152.454,298.031
wide-researcher-1785987863-a72fc9463ddd,152.473,420.625
reviewer-1785987863-2303c1aa4c9c,152.490,664.419
data-analyst-1785987863-82c8ceea032f,152.533,652.485
deep-researcher-1785987863-94ae4e53c9f7,152.606,297.597
wide-researcher-1785987863-255af88785d2,152.628,627.990
reviewer-1785987863-7a8ce7f151c4,152.651,532.884
data-analyst-1785987788-3f389b4bbdee,152.668,197.671
data-analyst-1785987788-f30518434cd7,152.682,203.026
data-analyst-1785987863-a50cc8042c37,152.708,518.174
deep-researcher-1785987863-bc5e6792c330,152.785,661.555
wide-researcher-1785987863-4500762b43f2,152.801,519.834
reviewer-1785987863-f6cb42599c8d,152.817,488.133
data-analyst-1785987863-3a6ab639ddcc,152.878,661.285
deep-researcher-1785987863-374479017156,152.919,447.873
wide-researcher-1785987863-33bfaa49c6ac,153.002,297.068
reviewer-1785987864-709d95085cd9,153.030,652.431
data-analyst-1785987864-f9f07a023dc8,153.110,417.438
deep-researcher-1785987864-2e58923a2ced,153.149,304.010
wide-researcher-1785987864-efd7214b163c,153.166,294.916
data-analyst-1785987816-ed8b194940bf,153.269,204.978
data-analyst-1785987797-aa786bd63a00,153.373,153.373
reviewer-1785987864-03e611b7bad3,153.386,586.112
data-analyst-1785987813-b60c19c83012,153.431,153.432
data-analyst-1785987778-49c334230789,153.447,153.447
data-analyst-1785987864-12eff786dacd,153.475,570.486
deep-researcher-1785987864-abe848e32343,153.492,403.411
wide-researcher-1785987864-595a3b9307ae,153.524,430.200
reviewer-1785987864-190b451a01bb,153.561,637.895
data-analyst-1785987864-80e9e9e3512c,153.598,528.096
data-analyst-1785987789-4509ce45dd01,153.639,192.158
deep-researcher-1785987864-0a5ed45b896d,153.669,518.887
data-analyst-1785987797-4bf323fabc2a,153.673,153.674
wide-researcher-1785987864-6fde7c5c2938,153.686,649.998
data-analyst-1785987813-5df3fc5c8f7e,153.734,153.734
reviewer-1785987864-01be6317a6e1,153.787,589.198
data-analyst-1785987818-6f08011290f4,153.826,193.693
data-analyst-1785987864-7fafabbac171,153.850,576.133
deep-researcher-1785987864-11bdfbcadfed,153.869,300.783
data-analyst-1785987788-68871395b522,153.939,153.939
wide-researcher-1785987864-0583bee52350,153.966,408.003
reviewer-1785987864-72e62d63dba0,153.992,531.367
data-analyst-1785987865-1d65f7ae2ff8,154.043,521.807
deep-researcher-1785987865-481ba23f4d22,154.060,306.304
wide-researcher-1785987865-679a92a3a1a7,154.083,306.126
reviewer-1785987865-d4ff8eedfe83,154.106,533.477
data-analyst-1785987865-c4561c8cbbd9,154.159,418.370
data-analyst-1785987777-cc7cdd8547c9,154.174,193.658
deep-researcher-1785987865-191ca1defea2,154.183,352.640
wide-researcher-1785987865-6e1d3ebeba8e,154.221,302.827
reviewer-1785987865-bb156b42dbb4,154.288,598.322
data-analyst-1785987865-5eef88b64522,154.319,643.618
deep-researcher-1785987865-206e6a289261,154.339,305.125
wide-researcher-1785987865-5210cfbe42f5,154.398,642.391
reviewer-1785987865-477df0927985,154.548,659.447
data-analyst-1785987865-d675f725f025,154.620,637.001
data-analyst-1785987798-1c85cd6261ea,154.651,154.651
deep-researcher-1785987865-02b7bc0440ef,154.655,390.682
data-analyst-1785987815-b8c4dc6c5459,154.668,154.668
wide-researcher-1785987865-4dd2170d0f82,154.681,307.279
reviewer-1785987865-20a9d15273aa,154.900,654.212
data-analyst-1785987865-33ba874ded5b,154.998,406.777
deep-researcher-1785987865-1dd08dc7760b,155.016,372.136
wide-researcher-1785987865-902623869bf7,155.065,649.132
reviewer-1785987866-fc7c4d5c2e2b,155.115,536.014
data-analyst-1785987866-d53e36d67983,155.176,519.683
deep-researcher-1785987866-87e48e2ad2b2,155.194,413.952
data-analyst-1785987789-fd09ec5920bd,155.280,194.450
wide-researcher-1785987866-de89cda3709e,155.366,663.685
reviewer-1785987866-fdc04bad27b1,155.490,419.181
data-analyst-1785987866-013fba04baab,155.555,661.928
deep-researcher-1785987866-defd01abedd9,155.572,519.789
wide-researcher-1785987866-ea1be1942f1b,155.596,300.217
reviewer-1785987866-7ee44ebc5dba,155.629,473.303
data-analyst-1785987866-a3f69ccb01f0,155.681,477.669
deep-researcher-1785987866-c09afb57cd15,155.696,418.038
wide-researcher-1785987866-33f5f1f586e7,155.731,425.821
reviewer-1785987866-a65ac7cd78e9,155.801,661.475
data-analyst-1785987866-daeb60d5af59,155.831,593.497
deep-researcher-1785987866-adc82a5fbf60,155.847,306.432
data-analyst-1785987803-dbbe80e54b86,155.865,155.865
wide-researcher-1785987866-9e9cc17ae9a8,155.899,389.537
reviewer-1785987866-267a358d3963,155.939,462.826
data-analyst-1785987867-ec5e308e005f,156.016,551.400
deep-researcher-1785987867-5b761028e6d0,156.047,408.282
wide-researcher-1785987867-79e3abecf4f4,156.071,536.904
reviewer-1785987867-66edc3a06aaf,156.132,649.783
data-analyst-1785987798-e548a5066da2,156.152,156.152
data-analyst-1785987867-84024b2c7741,156.172,536.273
data-analyst-1785987810-a7b04b307eda,156.220,156.220
deep-researcher-1785987867-6ccd31311fa0,156.414,645.648
wide-researcher-1785987867-336fabcf1d6b,156.521,316.653
reviewer-1785987867-a170982e4b8c,156.577,551.938
data-analyst-1785987867-d3d8319c65c9,156.621,442.959
deep-researcher-1785987867-ab34eba311ff,156.637,417.116
wide-researcher-1785987867-885ebf9d12ef,156.685,654.134
reviewer-1785987867-3589774d13ce,156.713,654.118
data-analyst-1785987867-21399317474f,156.806,555.453
deep-researcher-1785987867-04993682da5b,156.830,427.113
wide-researcher-1785987867-d32dbf551885,156.876,301.112
data-analyst-1785987819-1dcd4a7c173d,156.933,194.331
data-analyst-1785987819-ec51b5245fe8,156.948,193.596
data-analyst-1785987819-c296fdfa7b7f,156.962,228.956
reviewer-1785987867-cbf89cab317d,156.967,517.865
data-analyst-1785987867-5aaae05d4c50,157.014,559.434
deep-researcher-1785987868-dce7bec507ed,157.061,516.879
data-analyst-1785987779-01bad53029e6,157.062,157.065
wide-researcher-1785987868-6258fa4da3cc,157.089,440.261
reviewer-1785987868-089cec1026a1,157.129,667.138
data-analyst-1785987868-d2f9d47e78a3,157.158,624.201
deep-researcher-1785987868-d5e84110e4ec,157.184,405.675
wide-researcher-1785987868-0030f8765a54,157.209,295.587
reviewer-1785987868-11a47e753937,157.234,408.493
data-analyst-1785987868-d49bffe34609,157.304,544.792
data-analyst-1785987801-145778d038c3,157.326,157.327
deep-researcher-1785987868-0aac4e04cb41,157.341,434.449
wide-researcher-1785987868-ad618a3f3807,157.361,404.725
reviewer-1785987868-40efc4f8c2c1,157.411,655.560
data-analyst-1785987868-54bfdf1106ec,157.461,422.922
deep-researcher-1785987868-567cd9a1ab56,157.533,385.214
wide-researcher-1785987868-d47790d7dfb1,157.643,544.075
data-analyst-1785987819-c61d86948f5c,157.678,194.084
reviewer-1785987868-c6cf0d14c3c6,157.692,668.468
data-analyst-1785987819-7a8dca8a84b5,157.768,231.958
data-analyst-1785987815-5bcde72f16ba,157.900,192.636
data-analyst-1785987816-5eadb2b657a0,157.966,203.632
data-analyst-1785987868-1a1b935f7672,157.998,421.946
deep-researcher-1785987868-d7d15718e58a,158.039,306.651
wide-researcher-1785987868-c87e6669482f,158.087,405.871
data-analyst-1785987809-aa9d093984a6,158.088,191.493
reviewer-1785987868-3193c938cc9a,158.105,635.324
data-analyst-1785987819-b878464814d8,158.128,195.462
data-analyst-1785987869-6196a6a6b8d4,158.143,622.520
deep-researcher-1785987869-d8af666d46ed,158.161,303.824
wide-researcher-1785987869-6054005c9aa6,158.195,642.093
reviewer-1785987869-01e03e77c51e,158.209,627.834
data-analyst-1785987869-acfb0f5faf18,158.343,521.257
deep-researcher-1785987869-014029860adb,158.367,297.785
wide-researcher-1785987869-7eb285efd044,158.451,662.967
reviewer-1785987869-e0940d06c39c,158.480,531.165
data-analyst-1785987869-d8e8e3df0069,158.532,635.260
deep-researcher-1785987869-0ba3cce44558,158.572,431.523
wide-researcher-1785987869-d4d1e626ec96,158.589,300.583
reviewer-1785987869-be36ff9ad7b1,158.641,538.312
data-analyst-1785987869-c1e96843ce75,158.673,633.008
data-analyst-1785987790-21aa01493a91,158.695,198.080
deep-researcher-1785987869-424f1b5903b3,158.704,657.452
data-analyst-1785987790-49472d0f21cd,158.708,204.091
wide-researcher-1785987869-543719b1a8a6,158.724,445.561
data-analyst-1785987775-b7ac1b4731ce,158.724,192.859
data-analyst-1785987775-103086aa8f32,158.756,199.179
reviewer-1785987869-b9e0d366bb17,158.757,548.143
data-analyst-1785987869-dac300d4c12a,158.819,549.810
deep-researcher-1785987869-1c0b13d9b06a,158.849,679.448
wide-researcher-1785987869-1cae4e8c84f7,158.916,421.551
reviewer-1785987869-3733b119e436,158.933,650.397
data-analyst-1785987869-a619d6642f52,158.977,678.389
data-analyst-1785987810-3788135c74ad,159.031,159.032
data-analyst-1785987816-df20867b95a8,159.057,159.057
deep-researcher-1785987870-b93726a05de4,159.156,652.544
wide-researcher-1785987870-dc4a38c049ea,159.193,300.139
reviewer-1785987870-7a5034469eb7,159.218,675.845
data-analyst-1785987870-448b0548a53e,159.335,585.592
data-analyst-1785987817-15eac2601e8e,159.390,198.316
deep-researcher-1785987870-502c1a2ebfb3,159.394,405.636
wide-researcher-1785987870-4b564f039058,159.440,409.442
reviewer-1785987870-b794817db729,159.544,572.063
data-analyst-1785987870-3c70302899e9,159.609,521.143
deep-researcher-1785987870-08ed894f513f,159.628,403.091
wide-researcher-1785987870-941d86ca82a3,159.653,296.134
reviewer-1785987870-6f547c4b8520,159.671,639.383
data-analyst-1785987817-9a5c3ae6baf6,159.679,191.800
data-analyst-1785987870-2eec9f1f7028,159.720,674.610
deep-researcher-1785987870-fd0756395130,159.830,295.190
data-analyst-1785987788-ac2a2779b8d3,159.847,159.848
wide-researcher-1785987870-bfcffb3b3dbd,159.866,405.156
reviewer-1785987870-f823f1cffce7,159.893,405.465
data-analyst-1785987788-394d95b5c2c9,159.925,159.925
data-analyst-1785987870-8e5197dfa8a6,159.987,525.773
deep-researcher-1785987871-9192c3cd0116,160.006,305.446
wide-researcher-1785987871-eac53699ab00,160.077,315.193
reviewer-1785987871-e10c7afede17,160.106,650.869
data-analyst-1785987797-89b9a864d27f,160.118,160.119
data-analyst-1785987814-77ea00a70335,160.132,160.133
data-analyst-1785987871-4718450c87dd,160.150,636.842
deep-researcher-1785987871-e94e579c23bf,160.177,625.497
wide-researcher-1785987871-73aaaee56d43,160.209,663.891
reviewer-1785987871-322275cc1841,160.226,533.084
data-analyst-1785987871-91b531904425,160.262,642.472
deep-researcher-1785987871-af8fd711c4bf,160.277,676.053
wide-researcher-1785987871-3f8928ade914,160.380,422.724
data-analyst-1785987798-b423a3944025,160.381,160.381
reviewer-1785987871-23ba554d5590,160.429,657.763
data-analyst-1785987871-44a51d273514,160.474,627.599
deep-researcher-1785987871-1df74a26c665,160.660,299.514
wide-researcher-1785987871-618e687ec1ec,160.716,538.245
reviewer-1785987871-819c384d9d0e,160.735,671.446
data-analyst-1785987788-fba9c490bbee,160.827,160.827
data-analyst-1785987871-cc9024175db8,160.841,443.905
deep-researcher-1785987871-0d83a8161458,160.855,635.377
wide-researcher-1785987871-17a260d7faeb,160.910,529.087
reviewer-1785987871-d570026649cc,160.933,557.027
data-analyst-1785987798-7223f362e262,160.975,160.976
data-analyst-1785987872-c772dd32d2f5,161.040,402.384
data-analyst-1785987817-91952a88d7bb,161.083,191.925
deep-researcher-1785987872-66df27113c30,161.103,299.359
wide-researcher-1785987872-a331ac2e364d,161.140,425.320
reviewer-1785987872-caf459d4117a,161.165,665.804
data-analyst-1785987872-de11b6c43ffa,161.194,630.120
data-analyst-1785987820-c79f6a314c0d,161.199,197.602
deep-researcher-1785987872-d03d4c4094aa,161.229,300.988
wide-researcher-1785987872-01fec1cbf6a1,161.244,412.519
reviewer-1785987872-79481ab92204,161.341,665.824
data-analyst-1785987872-5ae82b0ce471,161.387,530.488
deep-researcher-1785987872-6d0f5e19cb87,161.411,302.599
wide-researcher-1785987872-65079889814c,161.502,421.002
reviewer-1785987872-3f6c615d1bbd,161.590,638.153
data-analyst-1785987872-463bef00342d,161.628,671.865
deep-researcher-1785987872-fbcdf25771ce,161.660,354.438
wide-researcher-1785987872-55390029d2d4,161.723,308.164
reviewer-1785987872-1a423cdd047e,161.741,533.580
data-analyst-1785987872-c3eb72cd1f45,161.780,541.000
deep-researcher-1785987872-d97edd29294c,161.894,657.698
data-analyst-1785987791-2418e725a0e9,161.907,207.619
data-analyst-1785987791-43e2a4443a5d,161.920,202.830
data-analyst-1785987786-089e7f661261,161.933,194.683
wide-researcher-1785987872-63d8e1b40d62,161.942,516.017
reviewer-1785987872-eecf7f38b841,161.960,540.342
data-analyst-1785987872-d88d21b589dd,161.995,654.323
data-analyst-1785987800-b172ac9e4923,162.097,162.098
deep-researcher-1785987873-cbd086729620,162.176,675.242
wide-researcher-1785987873-11856ca69885,162.205,678.148
reviewer-1785987873-299e7e6b6819,162.224,455.968
data-analyst-1785987873-39b89673749f,162.255,539.511
deep-researcher-1785987873-34d9e24a9c8f,162.353,517.445
wide-researcher-1785987873-cb3465791daa,162.370,303.963
reviewer-1785987873-64fb2027a665,162.417,553.513
data-analyst-1785987873-196fe9b81914,162.454,527.553
deep-researcher-1785987873-4df087be9ee7,162.471,524.521
wide-researcher-1785987873-a27ddd6313c4,162.554,552.958
data-analyst-1785987817-7f9c082e8ab0,162.564,192.234
reviewer-1785987873-ba2980816c79,162.577,518.366
data-analyst-1785987873-747c88d54477,162.621,546.647
deep-researcher-1785987873-b91a01af17c5,162.656,666.781
wide-researcher-1785987873-0c12dffd8e64,162.689,423.247
reviewer-1785987873-a261acec7956,162.731,519.670
data-analyst-1785987821-9f0cc85cc34b,162.748,197.717
data-analyst-1785987873-4c310d9d3d5b,162.762,568.635
deep-researcher-1785987873-82735d24511d,162.847,400.212
data-analyst-1785987798-42da5b33cbb4,162.860,162.861
wide-researcher-1785987873-09543b68b13e,162.888,344.014
reviewer-1785987873-def3164661fc,162.977,528.036
data-analyst-1785987873-6e3cbd142715,163.026,413.527
data-analyst-1785987815-45be55ae765f,163.054,163.055
deep-researcher-1785987874-1c0214d9d8a9,163.097,648.639
wide-researcher-1785987874-594df519c3ed,163.112,630.285
reviewer-1785987874-d6bcc87b4f6f,163.184,649.506
data-analyst-1785987874-28b2316859c2,163.220,655.694
deep-researcher-1785987874-4d5c3200dd42,163.236,295.306
wide-researcher-1785987874-a5d9f70d72bd,163.265,394.992
data-analyst-1785987817-06fb2c6d42ae,163.275,200.535
reviewer-1785987874-0e4627d94bbe,163.288,417.840
data-analyst-1785987874-73bf1a303b7e,163.392,628.944
data-analyst-1785987819-ae01c7b29e0a,163.433,192.653
deep-researcher-1785987874-750b96afb418,163.448,348.635
wide-researcher-1785987874-74f0d482edf0,163.464,409.638
reviewer-1785987874-4d3981080875,163.506,515.842
data-analyst-1785987780-7ed73e969d81,163.616,163.616
data-analyst-1785987874-37d0f1adfdca,163.671,656.108
data-analyst-1785987819-e26b2bc8dc33,163.680,193.333
deep-researcher-1785987874-3a807f174f05,163.697,303.879
data-analyst-1785987809-3d3462fa0130,163.701,163.701
wide-researcher-1785987874-3f1ea4be3f34,163.724,641.385
reviewer-1785987874-4ad5efdd9b22,163.741,568.663
data-analyst-1785987874-723dfb57d187,163.872,523.497
data-analyst-1785987795-f6a800cf6c3a,163.890,163.890
deep-researcher-1785987874-fcb236a6f6a3,163.945,407.364
wide-researcher-1785987874-47aab9587658,163.980,637.756
reviewer-1785987874-5ff77afe5c96,164.067,551.979
data-analyst-1785987875-86d689c2f86e,164.105,645.343
deep-researcher-1785987875-69acc825cb9c,164.130,676.249
wide-researcher-1785987875-b84825468947,164.174,642.689
reviewer-1785987875-9f3ca1e55505,164.202,417.518
data-analyst-1785987875-2b8e0a15fd75,164.239,537.569
deep-researcher-1785987875-9ebadc88b97c,164.263,534.910
wide-researcher-1785987875-5f323f3dcb82,164.297,529.569
reviewer-1785987875-d84eb2ff8e24,164.493,649.005
data-analyst-1785987875-072bddaeae62,164.530,658.062
deep-researcher-1785987875-2318b0479fee,164.616,593.968
wide-researcher-1785987875-05d524cf1ef1,164.632,409.869
reviewer-1785987875-ab711cf881a0,164.692,551.195
data-analyst-1785987875-8556123b748c,164.746,516.925
deep-researcher-1785987875-5a9d63ce9bdf,164.761,407.775
wide-researcher-1785987875-384ee26193aa,164.800,568.818
reviewer-1785987875-687ea767749e,164.818,525.760
data-analyst-1785987875-f7fbd07b3d7e,164.879,524.584
data-analyst-1785987803-1ce421e7922c,164.956,164.957
deep-researcher-1785987875-e03f15f75d15,164.961,417.367
wide-researcher-1785987875-b209644dfb40,164.980,411.745
reviewer-1785987876-527a6cbea653,165.027,635.664
data-analyst-1785987788-1f635cb7f292,165.093,165.093
data-analyst-1785987876-4e152a4b434e,165.186,538.358
deep-researcher-1785987876-49351a446a9b,165.266,300.182
wide-researcher-1785987876-9fdc8330418d,165.289,525.478
reviewer-1785987876-28d419812dec,165.423,535.462
data-analyst-1785987876-ed5d7c5a8e7d,165.458,660.662
deep-researcher-1785987876-9018748426e2,165.483,305.974
data-analyst-1785987817-b73a79e6cbed,165.529,281.016
wide-researcher-1785987876-e2a9b1b8a90b,165.586,349.124
reviewer-1785987876-f0fa1b02b066,165.623,627.011
data-analyst-1785987876-0f3d7dcd4e12,165.674,660.070
deep-researcher-1785987876-c43552f2e36f,165.749,678.036
wide-researcher-1785987876-a7535769116e,165.785,398.297
data-analyst-1785987802-1ad325ca70e6,165.834,165.835
reviewer-1785987876-d43d2e754ba5,165.912,628.791
data-analyst-1785987876-a95ad7627691,166.015,623.209
deep-researcher-1785987876-505b27817a90,166.039,305.745
wide-researcher-1785987876-b8d3ba87d65d,166.131,644.252
reviewer-1785987877-f13dec75693d,166.150,634.336
data-analyst-1785987877-947617e47ac4,166.197,646.218
deep-researcher-1785987877-a0e484f8a2c6,166.215,675.001
data-analyst-1785987819-a054662064f7,166.228,233.877
wide-researcher-1785987877-7b40b2e48862,166.247,408.851
data-analyst-1785987820-a87bd81cccfe,166.247,197.193
reviewer-1785987877-d5edc5398f14,166.264,559.728
data-analyst-1785987877-ce37753e5d02,166.312,321.535
deep-researcher-1785987877-b20f6cda39e0,166.331,665.190
wide-researcher-1785987877-112f8d472b7f,166.388,433.459
reviewer-1785987877-ff50b8ffb1c6,166.412,539.465
data-analyst-1785987877-2bb3d9dec71a,166.449,537.896
deep-researcher-1785987877-3cf9384a7f7a,166.473,537.348
wide-researcher-1785987877-9a2b6ae687b0,166.501,431.962
reviewer-1785987877-2def0517b970,166.533,640.177
data-analyst-1785987877-6242bef47625,166.564,664.132
deep-researcher-1785987877-95485d357b26,166.781,682.551
wide-researcher-1785987877-ae4afead6dde,166.947,316.359
data-analyst-1785987803-c1d2caecc374,166.982,166.983
reviewer-1785987877-e79eb6637d74,166.995,625.585
data-analyst-1785987809-9fca11cc55bb,167.081,167.082
data-analyst-1785987877-b5c1514751b8,167.086,527.296
deep-researcher-1785987877-1e3710d43f97,167.107,297.673
wide-researcher-1785987878-ed57a3d9e88f,167.143,416.092
data-analyst-1785987782-e0eb1a3d0da2,167.173,167.174
reviewer-1785987878-03d8737eb26a,167.216,646.033
data-analyst-1785987878-97798e503f17,167.261,426.824
data-analyst-1785987817-f6301476992b,167.280,167.280
deep-researcher-1785987878-7a12396f7b34,167.352,516.999
wide-researcher-1785987878-d4f21d2aa84c,167.426,325.735
reviewer-1785987878-905653215c76,167.512,656.128
data-analyst-1785987878-1d868c8e9174,167.549,418.715
deep-researcher-1785987878-426189e412e5,167.647,659.192
wide-researcher-1785987878-83be397dd212,167.665,652.622
reviewer-1785987878-f0e2f85c69a7,167.683,559.903
data-analyst-1785987814-5dc9486b2fcc,167.706,167.706
data-analyst-1785987786-8e7499d44f8d,167.720,167.721
data-analyst-1785987878-f73c0de3bb07,167.730,669.359
data-analyst-1785987813-093abdedae1a,167.738,167.738
deep-researcher-1785987878-036da6dc70b2,167.756,408.039
wide-researcher-1785987878-8ecf4e6748db,167.775,478.573
reviewer-1785987878-c1c63ceea6ec,167.819,623.810
data-analyst-1785987878-68553a708b42,167.894,659.605
deep-researcher-1785987878-b2ab084c4f8f,167.936,636.634
wide-researcher-1785987878-188a08ef2c4a,167.975,404.833
reviewer-1785987879-fa62a7a4bbc0,168.009,414.103
data-analyst-1785987879-5535c30b6c36,168.057,526.983
deep-researcher-1785987879-13d814959dae,168.072,693.759
wide-researcher-1785987879-d35b804433d9,168.131,357.905
reviewer-1785987879-baa345e8b9af,168.232,567.736
data-analyst-1785987879-afa667fcd524,168.288,663.850
deep-researcher-1785987879-6db3d48aeb5c,168.307,305.652
data-analyst-1785987793-30afce678494,168.322,168.322
wide-researcher-1785987879-c6ff948961b7,168.444,639.608
data-analyst-1785987803-2182a5f4b574,168.449,168.449
data-analyst-1785987782-cfdb8c3b4df9,168.464,168.465
reviewer-1785987879-1deda124479b,168.489,552.062
data-analyst-1785987879-b59b8ad413bb,168.608,640.499
deep-researcher-1785987879-8066f789c551,168.649,642.561
wide-researcher-1785987879-27565f103452,168.695,534.819
reviewer-1785987879-df7ce6e4e7ec,168.742,415.374
data-analyst-1785987817-a0e29f78f4e6,168.764,202.766
data-analyst-1785987879-9d7d763b20aa,168.887,541.756
deep-researcher-1785987879-1d4fe3b50c3e,168.905,660.086
wide-researcher-1785987879-f6d8837c0339,168.940,656.624
reviewer-1785987879-a186ff3dee0f,168.979,659.176
data-analyst-1785987823-19dbbcb81d1b,169.020,245.610
data-analyst-1785987880-9b83ac315e37,169.020,424.881
data-analyst-1785987823-e3d3f185ebbe,169.038,283.119
deep-researcher-1785987880-df4fa76d1f11,169.141,341.418
data-analyst-1785987823-4acb8f385aad,169.154,194.169
data-analyst-1785987823-b8c3bad56647,169.167,198.514
wide-researcher-1785987880-88b7c09abebd,169.172,305.504
reviewer-1785987880-4fd6bb711e3c,169.189,637.489
data-analyst-1785987880-a344ebd9a76f,169.235,631.688
deep-researcher-1785987880-f02a57fc8805,169.270,420.034
wide-researcher-1785987880-a359460f3ac6,169.288,624.868
reviewer-1785987880-f116725b0f46,169.333,644.353
data-analyst-1785987880-0b2a92502337,169.411,670.279
deep-researcher-1785987880-aafda1aed52d,169.436,491.400
wide-researcher-1785987880-029cf151cd5a,169.477,654.906
reviewer-1785987880-4cb7f5a5db1e,169.530,643.652
data-analyst-1785987880-7557ffbc827d,169.569,568.860
deep-researcher-1785987880-3e8dee903948,169.594,414.900
data-analyst-1785987823-ed7f74c21b57,169.627,195.161
wide-researcher-1785987880-2b554ba5fd76,169.642,299.278
data-analyst-1785987823-6dc2afb39fdf,169.642,193.268
data-analyst-1785987823-3e2742f1791e,169.662,196.191
reviewer-1785987880-7b1cb60a9688,169.743,657.306
data-analyst-1785987880-e8a606c7a038,169.793,624.132
data-analyst-1785987823-02f5a4ef1a96,169.798,198.213
data-analyst-1785987800-ca668759bb57,169.834,169.834
data-analyst-1785987823-428b9f10bbe7,169.912,200.246
deep-researcher-1785987880-9bb2521dbbd8,169.949,401.208
wide-researcher-1785987880-971ee7f81dc5,170.001,502.622
reviewer-1785987880-49504a6c9fc9,170.021,658.451
data-analyst-1785987880-7ee9ecd17876,170.073,552.721
deep-researcher-1785987881-43dd80940dcd,170.112,669.249
wide-researcher-1785987881-d6aaae38b892,170.193,413.074
reviewer-1785987881-0d2592b32cc0,170.213,517.060
data-analyst-1785987881-45013527638a,170.251,641.859
deep-researcher-1785987881-895bc92099c0,170.317,675.781
wide-researcher-1785987881-f8913643c98f,170.376,410.907
reviewer-1785987881-fec738c1d314,170.451,633.458
data-analyst-1785987814-7708a811e702,170.489,170.489
data-analyst-1785987881-225ed3290837,170.528,467.165
data-analyst-1785987820-b847a1c5eaf5,170.538,197.835
deep-researcher-1785987881-c57c131b697f,170.547,402.653
wide-researcher-1785987881-ac1ec12747c4,170.662,670.668
reviewer-1785987881-9ad134cca8ac,170.681,662.946
data-analyst-1785987881-cd5b92bc9456,170.710,668.873
deep-researcher-1785987881-b8e375478452,170.744,646.596
wide-researcher-1785987881-d164ff4c2c67,170.779,457.585
reviewer-1785987881-f7736d720b0b,170.800,655.380
data-analyst-1785987819-a2b8cfde6a96,170.800,191.555
data-analyst-1785987801-69cfd5937f3d,170.823,170.824
data-analyst-1785987881-c155b20eecb7,170.858,629.689
data-analyst-1785987820-c957abca9c25,170.872,170.873
deep-researcher-1785987881-113befac3c6b,170.923,413.462
wide-researcher-1785987881-39ef9aea7b67,170.956,384.708
reviewer-1785987881-b293f628c263,170.980,647.091
data-analyst-1785987882-4c58854e139c,171.042,406.053
deep-researcher-1785987882-547d14fb2dfe,171.082,350.891
wide-researcher-1785987882-b939e07a81eb,171.106,413.377
reviewer-1785987882-3cfadf9ebe68,171.146,535.156
data-analyst-1785987882-db463c48bcdc,171.474,627.582
deep-researcher-1785987882-246a96475762,171.507,392.276
wide-researcher-1785987882-4f28a5ecb136,171.538,374.680
reviewer-1785987882-15f16c7e79be,171.557,649.745
data-analyst-1785987882-9941679cb5cd,171.663,656.736
deep-researcher-1785987882-2afa534b63f1,171.719,682.570
wide-researcher-1785987882-da54621ab4e1,171.769,296.873
data-analyst-1785987780-359ceaa64b0e,171.803,171.803
data-analyst-1785987814-b879c9196e23,171.817,171.817
reviewer-1785987882-d2b203b7ff77,171.959,567.382
data-analyst-1785987882-61fe0ea46e2e,172.018,521.671
deep-researcher-1785987882-82ee6b2b2a82,172.045,675.829
wide-researcher-1785987882-9d0544990222,172.172,658.986
reviewer-1785987883-666c61d19db5,172.190,535.508
data-analyst-1785987883-7f4045fad53b,172.231,614.047
deep-researcher-1785987883-e8b7bf11cb95,172.267,408.149
wide-researcher-1785987883-a93015752974,172.294,402.621
reviewer-1785987883-57a7f9effb9f,172.312,671.156
data-analyst-1785987790-3352b3770ce3,172.340,200.212
data-analyst-1785987791-b52e3c2e1053,172.355,192.378
data-analyst-1785987883-4736c0eb77c1,172.359,539.992
deep-researcher-1785987883-ffc09d206f27,172.418,302.698
wide-researcher-1785987883-f509e0486164,172.436,660.285
reviewer-1785987883-61f42a5d34c3,172.469,651.135
data-analyst-1785987883-4426d2fc1578,172.513,548.963
deep-researcher-1785987883-f9826faf9ec2,172.556,462.109
wide-researcher-1785987883-92c8142fad24,172.589,619.599
reviewer-1785987883-92f4900373c3,172.622,668.738
data-analyst-1785987883-e8035ea257c0,172.659,532.089
deep-researcher-1785987883-008f61f5e386,172.679,683.206
data-analyst-1785987821-0b435a0e10f8,172.684,192.041
data-analyst-1785987819-3203ba491541,172.829,172.829
wide-researcher-1785987883-62248ef81e66,172.959,329.638
reviewer-1785987883-f94b0614d56c,173.030,574.779
data-analyst-1785987883-333c622f0726,173.060,549.166
data-analyst-1785987824-9f7bfc7d061b,173.079,194.546
deep-researcher-1785987883-dc28b968bf44,173.079,413.177
data-analyst-1785987824-14d28ae09f03,173.097,193.063
data-analyst-1785987824-e47434c2c217,173.111,199.451
data-analyst-1785987795-d3da74d44935,173.124,173.124
wide-researcher-1785987884-a9abbdc1b00d,173.141,587.990
reviewer-1785987884-5af0d64d1ffc,173.229,519.379
data-analyst-1785987884-1d7a73f906d1,173.274,343.228
deep-researcher-1785987884-13acb51b32f4,173.333,659.620
wide-researcher-1785987884-847cece924ae,173.395,433.428
reviewer-1785987884-fec75861a293,173.469,556.327
data-analyst-1785987884-ff51d8415a2a,173.557,606.887
data-analyst-1785987788-74cd3ec59dfe,173.595,173.595
deep-researcher-1785987884-541dd9dc1ffd,173.697,675.261
wide-researcher-1785987884-672c060b1a07,173.714,403.397
reviewer-1785987884-19076196d327,173.732,625.296
data-analyst-1785987801-b41aa673f13d,173.733,173.734
data-analyst-1785987884-c2a9f6ace6a7,173.784,635.000
deep-researcher-1785987884-2db5aef2a042,173.809,652.198
data-analyst-1785987817-e9474761ffdd,173.818,194.698
wide-researcher-1785987884-101389477fbb,173.871,307.834
reviewer-1785987884-c6c06507e4c5,173.925,591.254
data-analyst-1785987884-490856a4ceea,173.973,524.077
deep-researcher-1785987884-881f1bb690e1,173.991,530.982
wide-researcher-1785987885-4646b23f00e4,174.024,669.896
reviewer-1785987885-a23c615edfd6,174.055,649.280
data-analyst-1785987885-dda4a87c577c,174.103,631.084
deep-researcher-1785987885-245203d7da12,174.129,658.891
wide-researcher-1785987885-4a3f8a8ff37f,174.146,403.945
reviewer-1785987885-194099632d8d,174.171,551.415
data-analyst-1785987885-202c76001e47,174.276,638.046
deep-researcher-1785987885-d82ada5bca27,174.337,674.796
data-analyst-1785987821-3980a7696888,174.346,193.013
wide-researcher-1785987885-91c0b65f57dd,174.480,455.736
reviewer-1785987885-f6ba5005b78f,174.532,629.095
data-analyst-1785987812-f86020d5a09a,174.532,191.722
data-analyst-1785987885-2301f1e04cbd,174.571,535.255
deep-researcher-1785987885-69f8dcd80c8e,174.591,412.146
wide-researcher-1785987885-5f4b09639094,174.717,655.994
reviewer-1785987885-eea4d1d719e1,174.746,661.507
data-analyst-1785987819-13f70a887d08,174.760,174.761
data-analyst-1785987885-12ab81f66feb,174.846,451.202
deep-researcher-1785987885-a52961b29f4e,174.909,606.100
wide-researcher-1785987885-c2b56581ed08,174.975,440.061
reviewer-1785987885-c1f3188d1771,175.002,553.542
data-analyst-1785987785-43dded570401,175.064,175.065
data-analyst-1785987886-8d296ea8e7c2,175.069,414.544
data-analyst-1785987801-986194858fa2,175.143,245.233
deep-researcher-1785987886-0b7e93f3b506,175.192,416.027
wide-researcher-1785987886-6c6a392deee8,175.209,533.566
reviewer-1785987886-2b9da3f17fa7,175.236,537.481
data-analyst-1785987886-d202bbfa444d,175.285,518.062
deep-researcher-1785987886-eeca3b0800df,175.304,399.577
wide-researcher-1785987886-1b5ab8da4527,175.384,517.170
reviewer-1785987886-27a6fc5b73dc,175.436,443.435
data-analyst-1785987886-c2fa552ca070,175.482,650.338
deep-researcher-1785987886-bb3141a9aacc,175.503,434.247
wide-researcher-1785987886-8e52fb5f6427,175.535,531.851
reviewer-1785987886-f1e20e6520e0,175.568,666.729
data-analyst-1785987886-eb984833f642,175.611,640.282
deep-researcher-1785987886-ec78df8863c6,175.646,334.405
wide-researcher-1785987886-23ec45cc8a7e,175.685,304.316
reviewer-1785987886-bb2de6ef68ab,175.782,582.845
data-analyst-1785987886-7ebf9eb26291,175.847,661.425
deep-researcher-1785987886-d7819a5249de,175.976,420.545
wide-researcher-1785987886-1253f194fb31,176.037,665.157
reviewer-1785987886-14fe077b1b5a,176.056,638.399
data-analyst-1785987887-3c64c491e50d,176.098,443.091
deep-researcher-1785987887-a9832eb3d593,176.164,416.041
wide-researcher-1785987887-3e55669be78d,176.190,405.756
reviewer-1785987887-0413b89bbbb6,176.222,626.062
data-analyst-1785987887-3e494281647c,176.261,660.053
deep-researcher-1785987887-30f8dc9f03be,176.304,493.822
wide-researcher-1785987887-b45974e6c1b0,176.347,411.876
reviewer-1785987887-e0bb5a2889a2,176.364,634.796
data-analyst-1785987887-1ac5ecf96e52,176.506,534.050
deep-researcher-1785987887-2e807b38c1c2,176.525,425.249
wide-researcher-1785987887-8a116694199f,176.710,517.138
reviewer-1785987887-66eece492334,176.744,582.995
data-analyst-1785987887-dff3dde87daa,176.774,454.321
deep-researcher-1785987887-0f97b1a9883f,176.797,309.957
wide-researcher-1785987887-5258d5534ee6,176.814,637.038
reviewer-1785987887-dd4bfe60c82a,176.890,622.250
data-analyst-1785987887-fd3e6b017569,176.956,627.959
deep-researcher-1785987887-0de9d944c251,176.987,417.975
wide-researcher-1785987887-5c1b89ff3e6c,177.014,405.553
reviewer-1785987888-fb655b3ed071,177.089,548.886
data-analyst-1785987888-75972e4fce28,177.146,518.393
deep-researcher-1785987888-661bccee742b,177.192,420.105
data-analyst-1785987803-c4a1c8b31d7b,177.254,191.622
wide-researcher-1785987888-f3a2d3053613,177.290,649.425
reviewer-1785987888-554434ebab57,177.365,538.284
data-analyst-1785987888-321b6d51045b,177.544,633.198
deep-researcher-1785987888-9077e2fa9a46,177.575,398.897
wide-researcher-1785987888-e328900e8f99,177.592,375.237
reviewer-1785987888-de6bbde98ef8,177.606,540.487
data-analyst-1785987888-02880a3872de,177.670,643.226
data-analyst-1785987819-a561bb6af03f,177.681,177.681
data-analyst-1785987820-646189e66aeb,177.696,177.697
deep-researcher-1785987888-225b34ee61c1,177.705,682.919
wide-researcher-1785987888-766e02a676f6,177.771,644.636
reviewer-1785987888-87248545cd04,177.808,675.142
data-analyst-1785987888-27af0c9a09f6,177.856,576.251
deep-researcher-1785987888-f074820626b0,177.882,402.357
data-analyst-1785987819-510f4c1083d1,177.917,177.917
data-analyst-1785987783-d2bc198c2f06,177.976,177.977
wide-researcher-1785987888-6d67940e6f3d,178.017,658.631
reviewer-1785987888-1a8c669763ff,178.083,628.689
data-analyst-1785987889-c78507b176a3,178.207,570.328
deep-researcher-1785987889-c71189511e18,178.241,419.799
wide-researcher-1785987889-799a9ddf0ca8,178.257,639.668
reviewer-1785987889-bd6ed3b64d1d,178.274,631.177
data-analyst-1785987822-93a7ec6d7b09,178.291,191.638
data-analyst-1785987889-aba3a2771e44,178.314,418.699
deep-researcher-1785987889-6345495ebb1d,178.331,667.913
wide-researcher-1785987889-fe57912561ae,178.357,436.665
reviewer-1785987889-8fc80ef3a37c,178.380,660.590
data-analyst-1785987889-4303aaf94412,178.465,525.394
deep-researcher-1785987889-e96de314e8a5,178.492,676.098
wide-researcher-1785987889-67ede9c68a2a,178.508,444.271
data-analyst-1785987815-ec8705510ac0,178.522,178.523
reviewer-1785987889-7632e5db6cda,178.558,631.315
data-analyst-1785987825-ab12e7643868,178.571,193.165
data-analyst-1785987825-949a249398d7,178.584,194.142
data-analyst-1785987825-a531b1b34cf1,178.598,203.391
data-analyst-1785987889-1f57cdf2beab,178.610,605.407
data-analyst-1785987795-d7412a6a760b,178.633,178.633
deep-researcher-1785987889-4473f9d812a1,178.665,455.539
data-analyst-1785987825-58909713094f,178.692,196.415
data-analyst-1785987825-878536745a7f,178.707,203.545
wide-researcher-1785987889-a09e017c2af5,178.717,413.966
data-analyst-1785987825-30e88e23bf89,178.727,203.220
reviewer-1785987889-74b898f23ba6,178.803,624.185
data-analyst-1785987825-3a49a73a685f,178.808,217.404
data-analyst-1785987825-bd5cbe02c3fd,178.822,201.827
data-analyst-1785987825-cca2e2e78f6e,178.835,195.794
data-analyst-1785987889-ae6a69b69b8b,178.866,535.643
deep-researcher-1785987889-49a1992f7834,178.882,532.049
wide-researcher-1785987889-e154cd508f6c,178.899,305.271
data-analyst-1785987822-6a5957298a76,178.919,178.919
reviewer-1785987889-3cc3f96cb2b2,179.021,645.092
data-analyst-1785987890-a16d1a13be7f,179.071,426.414
deep-researcher-1785987890-599281ec328a,179.089,375.394
wide-researcher-1785987890-3c511b8d2de1,179.116,479.089
reviewer-1785987890-40cfa6c60b43,179.146,646.499
data-analyst-1785987821-f7018a79cadb,179.189,191.585
data-analyst-1785987890-2646891c4b22,179.219,633.182
deep-researcher-1785987890-ed637df763af,179.277,497.010
wide-researcher-1785987890-89dc0e01aed0,179.364,521.941
reviewer-1785987890-66a3d214c4c3,179.397,659.522
data-analyst-1785987822-4d4296eedf72,179.430,198.284
data-analyst-1785987890-2755f37d2b3c,179.442,521.911
data-analyst-1785987813-de5f3ead644f,179.451,193.732
deep-researcher-1785987890-0871545b6632,179.509,680.975
wide-researcher-1785987890-427c2e7da948,179.526,429.718
data-analyst-1785987825-372ed522ccc0,179.536,236.319
data-analyst-1785987825-6a3dec603016,179.549,193.347
data-analyst-1785987825-5be21bc5aeac,179.562,208.436
reviewer-1785987890-d95b7472162e,179.598,647.405
data-analyst-1785987821-ad60ce92601e,179.624,192.984
data-analyst-1785987823-de1f0053c333,179.684,191.832
data-analyst-1785987822-7bbe889bb185,179.701,198.026
data-analyst-1785987890-fa1c5abd4d39,179.726,578.442
deep-researcher-1785987890-4c112894f078,179.753,643.823
wide-researcher-1785987890-cb7f973207cf,179.771,409.283
data-analyst-1785987811-226f43704a88,179.784,197.886
reviewer-1785987890-29ce5af9571c,179.788,527.491
data-analyst-1785987890-8273b09f0dbc,179.829,642.233
deep-researcher-1785987890-5f188c3cd67b,179.845,401.194
data-analyst-1785987818-33423c90729a,179.877,195.094
wide-researcher-1785987890-bd3daf46a651,179.901,603.338
reviewer-1785987890-1255ddc780bf,179.929,638.798
data-analyst-1785987891-79798bbc6260,179.966,522.121
deep-researcher-1785987891-bcce2fc911a8,180.003,663.730
wide-researcher-1785987891-f2364cbe50e3,180.019,533.228
reviewer-1785987891-593496b5b79f,180.075,504.516
data-analyst-1785987891-ace40faaa80d,180.111,653.707
deep-researcher-1785987891-348dd51b9f92,180.129,445.500
wide-researcher-1785987891-247e57f5422c,180.215,408.212
reviewer-1785987891-fee80d33a166,180.323,649.345
data-analyst-1785987891-ec47aeace5f9,180.379,473.586
deep-researcher-1785987891-00d08ceadcae,180.410,345.659
wide-researcher-1785987891-580d6a25d527,180.510,299.931
data-analyst-1785987796-98d6afe9c3f4,180.588,200.711
data-analyst-1785987796-016d14a22589,180.603,203.375
reviewer-1785987891-a1d89c18c963,180.607,550.583
data-analyst-1785987891-2e0b68369e79,180.653,422.466
data-analyst-1785987821-bc678b0d8fcd,180.667,180.668
deep-researcher-1785987891-e555b54cffdc,180.696,316.847
data-analyst-1785987817-3266dca25a35,180.701,192.757
wide-researcher-1785987891-8d9f4e022b55,180.737,379.426
data-analyst-1785987817-0e85369c4f5a,180.780,192.423
reviewer-1785987891-e30bad867c39,180.788,627.697
data-analyst-1785987817-fd8a94c2e415,180.864,210.516
data-analyst-1785987891-1ce2264fbe26,180.872,632.887
deep-researcher-1785987891-1675e58c301c,180.909,322.279
wide-researcher-1785987891-1b272f79f9bc,180.960,467.577
reviewer-1785987891-98758c3f6b95,181.038,643.962
data-analyst-1785987892-d33cbf198410,181.108,565.058
deep-researcher-1785987892-2a8e5019b00f,181.228,678.229
wide-researcher-1785987892-0ea4e582f7df,181.259,586.582
reviewer-1785987892-ed16034e1634,181.276,682.264
data-analyst-1785987826-998e5b8fbd55,181.294,195.996
data-analyst-1785987892-db5bc116178a,181.307,552.175
data-analyst-1785987826-8737b1ccec45,181.308,318.323
data-analyst-1785987826-007a16919642,181.324,228.411
deep-researcher-1785987892-8aa4a36078dd,181.348,522.627
data-analyst-1785987813-e3c7ba791c5a,181.362,192.744
wide-researcher-1785987892-8294cb7bfcb0,181.410,297.721
reviewer-1785987892-b5b973200faa,181.430,667.871
data-analyst-1785987892-3284bbf5a909,181.474,423.538
deep-researcher-1785987892-dd3eaede0df6,181.510,414.448
wide-researcher-1785987892-3c044e6e3fd1,181.548,423.410
reviewer-1785987892-d7d6f4e9ecb3,181.572,660.226
data-analyst-1785987892-d1ba42f0115c,181.635,656.546
deep-researcher-1785987892-44895ac5ffdd,181.654,415.845
wide-researcher-1785987892-064a83b1515b,181.696,641.136
reviewer-1785987892-57b39a301b71,181.741,662.165
data-analyst-1785987826-7c7c42177deb,181.786,194.827
data-analyst-1785987826-4d11c1539515,181.801,197.799
data-analyst-1785987826-770f08676051,181.816,197.214
data-analyst-1785987892-e59a1372c684,181.831,536.456
deep-researcher-1785987892-bfea43a1cf47,181.860,413.805
wide-researcher-1785987892-ad1360699c55,181.907,357.282
reviewer-1785987892-f585fc2f1221,181.964,635.360
data-analyst-1785987893-d641a1f57236,182.019,535.732
deep-researcher-1785987893-8aaee30a6b0a,182.047,409.194
wide-researcher-1785987893-e3a81c452b03,182.119,520.018
reviewer-1785987893-f2043126a568,182.158,462.749
data-analyst-1785987826-54426b911f06,182.168,194.010
data-analyst-1785987826-50c154b33c13,182.181,207.740
data-analyst-1785987826-79b335a3e38f,182.195,193.645
data-analyst-1785987893-269f89743766,182.212,660.802
deep-researcher-1785987893-808a9e58c195,182.251,357.491
wide-researcher-1785987893-cbbb42dad1a5,182.303,399.486
reviewer-1785987893-2f8a4ddebacd,182.354,667.988
data-analyst-1785987893-62ad49100077,182.409,650.297
deep-researcher-1785987893-9d7bc5c0c46e,182.437,430.063
wide-researcher-1785987893-f67881e4a7dc,182.471,420.827
reviewer-1785987893-1320dc5c6d05,182.528,627.180
data-analyst-1785987893-55612bcb4a3a,182.565,658.842
deep-researcher-1785987893-94574f784e02,182.607,416.161
wide-researcher-1785987893-a6930d1206c7,182.737,330.228
reviewer-1785987893-54e1c6885252,182.775,666.905
data-analyst-1785987893-3e324ffe51f3,182.807,520.872
deep-researcher-1785987893-9cea1138a50a,182.827,314.386
wide-researcher-1785987893-fed6d8f68bdc,182.852,662.695
reviewer-1785987893-0fc94c41ed2e,182.871,635.244
data-analyst-1785987893-8bec933b7ca0,182.920,524.139
deep-researcher-1785987894-ea86cca3184b,182.936,356.207
wide-researcher-1785987894-aab730358334,182.991,642.529
reviewer-1785987894-5bad896d4494,183.023,527.400
data-analyst-1785987894-84528c9fdb4f,183.084,649.474
deep-researcher-1785987894-951ffa31ad74,183.101,662.583
wide-researcher-1785987894-e6eb163cf5bc,183.135,587.434
reviewer-1785987894-ca7cf5d2c4c2,183.161,646.717
data-analyst-1785987821-523ccbd11c9e,183.170,183.171
data-analyst-1785987821-7cc3d7c10da1,183.186,183.186
data-analyst-1785987894-d9de9e4bf54b,183.236,569.215
deep-researcher-1785987894-16b492f655ac,183.270,447.858
wide-researcher-1785987894-833fbfd0a1d0,183.361,422.737
reviewer-1785987894-8cb9df18ca6c,183.396,637.736
data-analyst-1785987815-2acff989ca50,183.470,183.471
data-analyst-1785987894-003f37e845ef,183.486,664.040
deep-researcher-1785987894-9af8175243eb,183.560,683.721
wide-researcher-1785987894-3529629e2ef8,183.644,408.867
reviewer-1785987894-90ba6cc64f40,183.668,573.299
data-analyst-1785987894-a50b13b60cf5,183.725,535.446
deep-researcher-1785987894-4e4615c8f021,183.869,424.768
wide-researcher-1785987894-8db5b16aba3f,183.925,490.110
reviewer-1785987894-feb9edd59b1d,183.950,663.103
data-analyst-1785987894-b29bc0f0a396,184.059,649.844
deep-researcher-1785987895-59d5ea2d5d11,184.087,305.375
data-analyst-1785987810-0d9560788a03,184.099,184.099
wide-researcher-1785987895-f228aa914a57,184.141,653.012
reviewer-1785987895-c17bc4dad7c5,184.252,633.322
data-analyst-1785987895-9ea2cc022776,184.292,637.315
deep-researcher-1785987895-4f6db1237e13,184.311,433.791
wide-researcher-1785987895-eaef29e601c7,184.330,655.868
reviewer-1785987895-52f804703640,184.375,652.602
data-analyst-1785987895-8c8706f3f1c4,184.430,664.966
deep-researcher-1785987895-8e64b01beb2f,184.456,526.489
wide-researcher-1785987895-b3bfd15523d3,184.544,650.678
data-analyst-1785987826-55e55c1e50ef,184.584,193.677
data-analyst-1785987826-f84076629046,184.599,196.984
reviewer-1785987895-43933e2f2071,184.603,556.251
data-analyst-1785987826-5db01ba34d27,184.616,290.073
data-analyst-1785987895-4f1b16a51e6b,184.649,623.488
deep-researcher-1785987895-f15245b79d7c,184.667,411.650
wide-researcher-1785987895-72dbd939323d,184.692,403.440
reviewer-1785987895-8866abc7a4b3,184.762,624.771
data-analyst-1785987812-2eb6916b75da,184.827,184.827
data-analyst-1785987895-92238fb597d9,184.879,678.020
deep-researcher-1785987895-c18e04f15665,184.918,632.674
wide-researcher-1785987895-8491e59cb80a,184.988,421.230
data-analyst-1785987823-fe860413fd26,185.039,204.033
reviewer-1785987895-50af6271e3d7,185.072,529.700
data-analyst-1785987896-e9a290ffb69d,185.155,418.205
deep-researcher-1785987896-82fbd1e6a168,185.196,680.267
wide-researcher-1785987896-cf2013938299,185.242,503.800
reviewer-1785987896-261dc3210afe,185.373,672.006
data-analyst-1785987802-e631e55c184a,185.409,185.410
data-analyst-1785987896-acfdcfc8d41b,185.441,623.322
data-analyst-1785987826-189db9398c6f,185.455,201.876
deep-researcher-1785987896-2eebade7a0a9,185.467,409.504
data-analyst-1785987826-fcca03d8dc68,185.468,194.498
data-analyst-1785987826-447a794f307a,185.486,194.129
wide-researcher-1785987896-2933a068e36e,185.542,627.212
reviewer-1785987896-c2650bbf0453,185.560,632.115
data-analyst-1785987896-d0064d357ca1,185.654,549.330
deep-researcher-1785987896-d7faded24183,185.717,415.070
wide-researcher-1785987896-37dc95ee82b0,185.767,414.151
reviewer-1785987896-c8cef814532a,185.794,586.069
data-analyst-1785987896-95c8882a19ff,185.825,642.311
deep-researcher-1785987896-cee16e39c52f,185.893,320.497
data-analyst-1785987823-caed2febeb89,185.894,193.318
data-analyst-1785987823-387c7b3d4a37,185.917,192.441
wide-researcher-1785987896-d479fa78f3cc,185.969,645.994
reviewer-1785987896-f574e261dfed,186.010,524.168
data-analyst-1785987897-f4c13516c311,186.059,531.251
deep-researcher-1785987897-472a7787facd,186.085,369.633
wide-researcher-1785987897-4ea0d2f246a4,186.122,411.062
reviewer-1785987897-5b9168063dce,186.159,624.489
data-analyst-1785987897-a7f98afdb306,186.189,629.339
deep-researcher-1785987897-6219c0a1efbc,186.212,627.927
wide-researcher-1785987897-87e0fd7054af,186.256,439.633
reviewer-1785987897-52d297923dd2,186.274,552.892
data-analyst-1785987826-ed408135c559,186.306,201.955
data-analyst-1785987826-072276367c60,186.319,197.937
data-analyst-1785987826-b0ba8cdca797,186.333,200.042
data-analyst-1785987822-5afeba06486e,186.367,195.129
data-analyst-1785987897-a88c7e1d3aab,186.384,677.344
deep-researcher-1785987897-6e12f3e618f6,186.418,524.647
wide-researcher-1785987897-6e12076b1185,186.435,411.679
reviewer-1785987897-dba788ff2f4a,186.581,657.593
data-analyst-1785987897-2dcb0b7e7380,186.659,409.849
deep-researcher-1785987897-1512a7f98f84,186.695,636.945
wide-researcher-1785987897-59da14fde497,186.740,539.671
reviewer-1785987897-e085ea3f9e1c,186.793,541.819
data-analyst-1785987897-5d9fb69ca297,186.875,530.699
deep-researcher-1785987897-c5166e881e08,186.894,680.682
wide-researcher-1785987897-6a2eae35da35,186.941,299.899
reviewer-1785987897-bf7679e07dd2,186.984,630.742
data-analyst-1785987898-782ac460edf1,187.054,525.066
deep-researcher-1785987898-f13b4756ed9a,187.070,323.497
wide-researcher-1785987898-b1d02a858b63,187.090,539.341
reviewer-1785987898-ca87ab379ba7,187.172,667.487
data-analyst-1785987898-f3c0a1660413,187.222,620.964
deep-researcher-1785987898-e5ecfe46e4ef,187.321,635.888
wide-researcher-1785987898-a1a63718fb0d,187.355,429.560
reviewer-1785987898-df9b519e61d4,187.383,660.178
data-analyst-1785987898-2e6d9834d183,187.413,632.577
deep-researcher-1785987898-f4dd4ff23e2d,187.449,308.101
wide-researcher-1785987898-5c6ec4612c76,187.474,523.895
reviewer-1785987898-0192a889ae91,187.521,630.083
data-analyst-1785987898-b3ece54905b1,187.573,640.671
data-analyst-1785987797-2b5ccbea89d2,187.611,194.811
data-analyst-1785987793-2fca6abf03a3,187.624,193.093
deep-researcher-1785987898-fd60ba119b43,187.628,402.177
data-analyst-1785987785-346c845a81ab,187.640,194.875
wide-researcher-1785987898-2a04c5e6d3f0,187.662,374.151
reviewer-1785987898-dbbe1a01c744,187.694,631.445
data-analyst-1785987898-57a44fe502a0,187.726,538.495
deep-researcher-1785987898-965f32e7e39d,187.763,406.761
data-analyst-1785987820-0160c36c6fee,187.773,192.814
wide-researcher-1785987898-93fc1cb7bbcd,187.790,300.970
data-analyst-1785987821-2e5f69420a5e,187.794,192.174
data-analyst-1785987823-41871a8d21a8,187.812,222.862
reviewer-1785987898-5fa02487d390,187.895,624.358
data-analyst-1785987898-5ac6fd2ceb6d,187.945,517.893
deep-researcher-1785987898-9de7fb0e7bc2,187.997,421.582
wide-researcher-1785987898-231dd638d40d,188.093,655.661
reviewer-1785987899-7ea87338ecd3,188.110,684.919
data-analyst-1785987899-c3991ae589dc,188.206,680.876
deep-researcher-1785987899-b11f80413423,188.251,335.800
wide-researcher-1785987899-9864a5287178,188.308,408.693
reviewer-1785987899-f82929e84817,188.389,684.791
data-analyst-1785987899-4fbe7968860c,188.453,665.045
deep-researcher-1785987899-5a12f5af3106,188.488,346.626
wide-researcher-1785987899-cbae8fe24e37,188.516,358.354
data-analyst-1785987827-d8e56c8f23b4,188.546,198.450
data-analyst-1785987827-46d98a0f3255,188.559,301.868
data-analyst-1785987827-6cd04f4624de,188.572,202.609
reviewer-1785987899-3c31b73e25c1,188.580,652.075
data-analyst-1785987899-2134b007e42a,188.677,680.959
deep-researcher-1785987899-17a349186b87,188.701,423.899
wide-researcher-1785987899-63aa1209d852,188.831,583.869
reviewer-1785987899-80f2d450c6a4,188.867,574.938
data-analyst-1785987827-2bcdc9b59d70,188.894,193.934
data-analyst-1785987827-f01811723042,188.908,192.955
data-analyst-1785987899-182238f05415,188.915,648.325
data-analyst-1785987827-4b6ce05acbdb,188.928,192.349
deep-researcher-1785987899-807ebbea54a0,188.949,413.738
data-analyst-1785987803-6f8b6be0c047,188.963,197.818
wide-researcher-1785987900-4b21265854a1,188.967,382.298
reviewer-1785987900-68c3ec64cff3,189.040,666.447
data-analyst-1785987900-b1a3a447497a,189.091,541.575
deep-researcher-1785987900-a63ce2b97f32,189.137,661.157
wide-researcher-1785987900-457bf9018620,189.170,580.951
reviewer-1785987900-32f5d8e81082,189.188,630.065
data-analyst-1785987900-e2296e755866,189.218,654.945
deep-researcher-1785987900-b3f486a810da,189.271,662.326
wide-researcher-1785987900-4f1f988d8476,189.305,425.334
reviewer-1785987900-7f537e9e515c,189.407,542.871
data-analyst-1785987900-6bbc7d157885,189.448,655.320
deep-researcher-1785987900-95777c04b828,189.511,680.754
wide-researcher-1785987900-0d40675d46b6,189.555,438.604
reviewer-1785987900-70d50e31be71,189.603,548.100
data-analyst-1785987803-25bec73fb226,189.616,189.616
data-analyst-1785987900-4dfd39b31d7a,189.638,538.782
data-analyst-1785987802-2a30c861b6c6,189.648,189.649
deep-researcher-1785987900-7c8baeda5248,189.675,423.818
wide-researcher-1785987900-8963af9a2638,189.811,539.193
reviewer-1785987900-67904288b7a3,189.829,676.559
data-analyst-1785987900-b9f2a2f5f94b,189.917,664.181
deep-researcher-1785987900-73476394db8d,190.020,639.214
wide-researcher-1785987900-a70eda9ca834,190.101,686.505
data-analyst-1785987827-e6b0f9498a66,190.121,194.418
data-analyst-1785987827-e39c51dd193e,190.134,196.699
data-analyst-1785987827-1580618805a6,190.147,193.435
reviewer-1785987901-f392fa499f0b,190.188,642.280
data-analyst-1785987901-9e447bf3a9ac,190.247,540.444
deep-researcher-1785987901-0377d8ecabdc,190.345,368.832
data-analyst-1785987822-35743e952ac0,190.346,196.939
data-analyst-1785987818-ad40e76a6d9a,190.367,192.204
data-analyst-1785987812-58d74a7a57b6,190.385,190.385
wide-researcher-1785987901-bd6c187d0ba8,190.425,653.490
reviewer-1785987901-eaf924c45c91,190.461,672.258
data-analyst-1785987901-945b2cdd589b,190.538,530.118
deep-researcher-1785987901-114240ecfa37,190.555,322.669
wide-researcher-1785987901-e2470631c916,190.605,433.807
reviewer-1785987901-355e15fa4024,190.638,684.228
data-analyst-1785987901-b1803ee2b3e0,190.688,628.470
deep-researcher-1785987901-845f9c280123,190.706,410.634
wide-researcher-1785987901-77a5e282debc,190.735,424.686
data-analyst-1785987823-50ae6a34f818,190.750,194.222
reviewer-1785987901-b063a8d67180,190.777,633.304
data-analyst-1785987901-c999aca93b02,190.823,692.718
data-analyst-1785987800-24dfb8c50cb9,190.894,190.894
deep-researcher-1785987901-9b34c29f1a1a,190.933,414.415
wide-researcher-1785987901-50242e5ff0fd,190.960,629.204
data-analyst-1785987819-539cdd0294e3,191.008,199.164
reviewer-1785987901-82d0079804f0,191.016,668.108
data-analyst-1785987901-636437db00c3,191.117,656.433
deep-researcher-1785987902-34c4821c915a,191.145,420.244
wide-researcher-1785987902-9c6f068d6c55,191.192,537.050
reviewer-1785987902-901fb4d517f0,191.279,637.534
data-analyst-1785987902-7a1ff2843a84,191.331,534.924
deep-researcher-1785987902-f49d5a3d3204,191.350,409.746
wide-researcher-1785987902-d60a87ae7de1,191.422,354.532
reviewer-1785987902-d6e4c7bc1ac5,191.512,654.651
data-analyst-1785987902-5bf83cde459d,191.589,532.967
deep-researcher-1785987902-88eeeac726f6,191.617,490.446
wide-researcher-1785987902-48eca5d9adb5,191.692,373.853
reviewer-1785987902-c93970d7027c,191.709,536.080
data-analyst-1785987902-0ce1d6610aa3,191.755,668.641
deep-researcher-1785987902-e94cbc922c9b,191.846,671.392
wide-researcher-1785987902-e8ec74038041,191.975,662.001
reviewer-1785987902-83700b583fa0,192.064,634.689
data-analyst-1785987902-10e313c8c35c,192.116,520.402
deep-researcher-1785987903-6917f0f5d9f3,192.153,311.283
wide-researcher-1785987903-21f38937c4ac,192.170,408.984
reviewer-1785987903-71b6485e90d7,192.208,552.918
data-analyst-1785987903-d49af1ac30ba,192.242,535.746
deep-researcher-1785987903-b07124db7961,192.293,670.562
wide-researcher-1785987903-99ee9544bda0,192.323,440.245
reviewer-1785987903-5d43c7ec1e3b,192.428,652.155
data-analyst-1785987828-ed9a784a936a,192.455,192.456
data-analyst-1785987903-4e7109e12172,192.483,420.890
deep-researcher-1785987903-924d2b60d4b8,192.636,663.791
wide-researcher-1785987903-77abd0c9432b,192.689,308.426
reviewer-1785987903-6a47f0a83556,192.804,672.466
data-analyst-1785987903-88d69218636d,192.863,422.677
data-analyst-1785987828-efae00f5c847,192.878,192.879
deep-researcher-1785987903-ebe8722b6c7e,192.929,540.686
wide-researcher-1785987903-d7eff91d67b2,193.026,553.143
data-analyst-1785987828-c3a71b471524,193.047,193.047
reviewer-1785987903-b5a7a44a9bfd,193.120,525.847
data-analyst-1785987828-4fb9d0f2a1dc,193.151,193.151
data-analyst-1785987904-1ea29514247e,193.205,682.031
deep-researcher-1785987904-3f83be6be69a,193.235,405.073
wide-researcher-1785987904-13270d7df815,193.264,404.056
reviewer-1785987904-5bfbb1a15995,193.404,641.366
data-analyst-1785987904-9f0b9632675e,193.448,441.930
deep-researcher-1785987904-209a046ad023,193.477,655.304
data-analyst-1785987832-2a33f3205f94,193.488,193.489
wide-researcher-1785987904-776c33e959ba,193.497,629.750
reviewer-1785987904-1258defcaf00,193.574,538.259
data-analyst-1785987904-e29983502081,193.616,521.444
data-analyst-1785987828-977c38e6e2c7,193.630,193.630
deep-researcher-1785987904-e06e586459c2,193.662,629.054
wide-researcher-1785987904-a34f0855f14c,193.707,410.986
data-analyst-1785987828-ee13d5c75bd9,193.713,193.713
reviewer-1785987904-e727b4cb63b0,193.733,648.938
data-analyst-1785987831-4d0eb79d2838,193.827,193.828
data-analyst-1785987828-58de4a3bc368,193.885,193.886
data-analyst-1785987828-93951b0b9d22,193.902,193.903
data-analyst-1785987828-e79295b86747,193.918,193.918
data-analyst-1785987904-d5ba1c00d0fc,193.956,560.183
deep-researcher-1785987904-e822a2fdc6eb,193.980,629.274
data-analyst-1785987831-54b128d43a4d,194.026,194.026
data-analyst-1785987830-57803ac5185b,194.114,194.115
wide-researcher-1785987904-de47084093cc,194.198,416.691
reviewer-1785987904-f6d83149c40c,194.217,648.863
data-analyst-1785987834-49f6f5d43956,194.235,194.235
data-analyst-1785987828-b922a8a4403c,194.251,194.251
data-analyst-1785987831-d851eebe1aaf,194.264,194.264
data-analyst-1785987905-b84787a27b5b,194.316,675.639
deep-researcher-1785987905-d7752e600832,194.369,420.368
data-analyst-1785987831-2ccbebf1ca92,194.384,194.385
data-analyst-1785987830-ffdb817d7b5e,194.432,194.432
wide-researcher-1785987905-4f587e9b3946,194.432,400.130
data-analyst-1785987835-2d2fa73b5566,194.482,194.482
reviewer-1785987905-3473c4f96a03,194.532,669.211
data-analyst-1785987905-f70530b80bd6,194.597,420.320
deep-researcher-1785987905-6ed0a65a0f41,194.628,595.923
wide-researcher-1785987905-aba438dcaf4b,194.647,414.530
data-analyst-1785987834-e7bb3f9ec75f,194.648,194.652
reviewer-1785987905-d7ac70839cf7,194.699,407.588
data-analyst-1785987905-7f8c53fd963d,194.740,519.864
data-analyst-1785987831-005c3e1b5c4c,194.749,194.749
data-analyst-1785987835-32d6849f404e,194.764,194.764
deep-researcher-1785987905-d0aaf2bed5df,194.777,637.934
data-analyst-1785987831-2502f3768b6f,194.797,194.797
wide-researcher-1785987905-5579e8c56c56,194.929,365.592
reviewer-1785987905-b94ecb5d7683,194.966,659.652
data-analyst-1785987905-dc5179360d53,195.013,530.071
deep-researcher-1785987905-be35b3fcde38,195.057,304.264
wide-researcher-1785987906-bfed17cc38b9,195.108,401.308
reviewer-1785987906-904e619f53ff,195.186,662.083
data-analyst-1785987834-e4a3d4c467dd,195.212,195.212
data-analyst-1785987834-57f15dcbc6aa,195.244,195.245
data-analyst-1785987906-eb4b8d2e05a9,195.258,522.048
deep-researcher-1785987906-29c9fa73f3c6,195.283,400.929
wide-researcher-1785987906-e959d9c5073e,195.313,519.018
data-analyst-1785987836-6481f491176b,195.367,195.368
reviewer-1785987906-390c429cfe2c,195.466,691.808
data-analyst-1785987834-ec5515b70ed3,195.481,195.481
data-analyst-1785987835-81726573313f,195.549,195.549
data-analyst-1785987906-f5c1b1d44ee2,195.553,541.620
deep-researcher-1785987906-c5a731540be4,195.652,327.422
wide-researcher-1785987906-820eb4fe7edd,195.671,537.817
data-analyst-1785987830-0c240d5ff463,195.716,195.716
reviewer-1785987906-ec5fb97f9911,195.717,572.428
data-analyst-1785987831-d15e080b3983,195.733,195.733
data-analyst-1785987834-f54cd48e5c68,195.762,195.762
data-analyst-1785987836-051f3affade6,195.776,195.777
data-analyst-1785987834-53c721f90899,195.809,195.810
data-analyst-1785987906-dcb9d49ffec8,195.818,422.226
deep-researcher-1785987906-8918eb1b5d22,195.839,659.774
wide-researcher-1785987906-70bea3012a7b,195.885,632.545
reviewer-1785987906-95c57c5afe6c,195.921,532.372
data-analyst-1785987834-f69f731aefa9,196.011,196.012
data-analyst-1785987828-0a3233cfad94,196.028,196.028
data-analyst-1785987906-ddc448e2faca,196.046,665.741
data-analyst-1785987841-3143b75a8a2f,196.089,196.090
data-analyst-1785987841-1fd4436ec47e,196.117,196.117
deep-researcher-1785987907-6b34b6850431,196.121,638.511
data-analyst-1785987838-28ccdeb55726,196.134,196.134
wide-researcher-1785987907-1c904a3934c2,196.147,411.893
data-analyst-1785987831-e80d9fd26e37,196.164,196.164
data-analyst-1785987832-617b1587fc35,196.178,196.178
reviewer-1785987907-457690379b39,196.204,532.725
data-analyst-1785987834-eb3723a7b8cf,196.222,196.222
data-analyst-1785987907-84d864558a98,196.236,644.527
data-analyst-1785987841-141e5775aeca,196.240,196.241
data-analyst-1785987828-e66002f972d7,196.286,196.287
deep-researcher-1785987907-8a783b7c61eb,196.291,678.370
data-analyst-1785987835-ff51ee32cd0d,196.320,196.320
wide-researcher-1785987907-e592bda9f22a,196.478,681.921
reviewer-1785987907-7dc1eae6912a,196.537,440.471
data-analyst-1785987836-507ddeb9cdfc,196.563,196.563
data-analyst-1785987907-6aabce54b220,196.624,645.542
data-analyst-1785987835-3ab29d24f9ae,196.629,196.630
deep-researcher-1785987907-8336f936778e,196.654,414.666
data-analyst-1785987830-41e8e6fa5690,196.667,196.667
data-analyst-1785987842-e8311bfe08df,196.681,196.681
wide-researcher-1785987907-ca54abbb8887,196.681,627.381
reviewer-1785987907-80a4f9f45807,196.739,537.262
data-analyst-1785987907-6ad03415540e,196.791,658.163
deep-researcher-1785987907-19c670055164,196.856,641.011
data-analyst-1785987834-84aebbc9940b,196.921,196.922
data-analyst-1785987841-123a6f0849f6,196.955,196.955
wide-researcher-1785987907-71c0622a5010,196.963,419.494
data-analyst-1785987828-53455471bf10,196.969,196.970
reviewer-1785987907-5bcf3f0b5051,196.988,675.226
data-analyst-1785987841-888e188c25da,197.037,197.038
data-analyst-1785987835-ab3197ab5ef0,197.053,197.053
data-analyst-1785987842-e7a9ce4875bd,197.121,197.121
data-analyst-1785987907-bc7798d493ad,197.164,532.405
deep-researcher-1785987908-4f18434fef28,197.193,645.894
wide-researcher-1785987908-3b56725e7c8d,197.219,643.391
data-analyst-1785987834-19ab1e6e1306,197.281,197.282
reviewer-1785987908-cc2e6471dfec,197.327,663.543
data-analyst-1785987838-aaef3b9d17c8,197.332,197.333
data-analyst-1785987844-b02f8f5b3b07,197.346,197.346
data-analyst-1785987908-eb178ecbe4c8,197.391,540.565
data-analyst-1785987828-56711afc6f80,197.411,197.412
deep-researcher-1785987908-374089351a70,197.425,602.085
data-analyst-1785987835-afc63c801d81,197.429,197.430
wide-researcher-1785987908-895a38eb0b4b,197.443,402.503
data-analyst-1785987838-fa56c6b03af4,197.448,197.449
data-analyst-1785987834-3d9f68e5d909,197.493,197.493
reviewer-1785987908-f75302137a97,197.507,581.188
data-analyst-1785987846-b451ec56fa75,197.539,197.540
data-analyst-1785987908-49f1dfa418d3,197.566,582.154
data-analyst-1785987842-8902bd1d77f5,197.571,197.572
deep-researcher-1785987908-48cbb5e9a271,197.621,677.753
wide-researcher-1785987908-f8755c8740ed,197.640,399.970
data-analyst-1785987844-2d8496d05d4a,197.655,197.655
data-analyst-1785987846-e4525e9c0eab,197.686,197.687
data-analyst-1785987832-eb512377237f,197.702,197.703
reviewer-1785987908-2f02cc4884ff,197.721,523.288
data-analyst-1785987846-7a848b1df697,197.734,197.734
data-analyst-1785987836-a7233862152f,197.748,197.749
data-analyst-1785987908-6b268ea4e6ce,197.772,675.536
data-analyst-1785987846-1dedb099067d,197.785,197.785
deep-researcher-1785987908-2e4cf141119c,197.803,422.108
data-analyst-1785987838-d02412863d8d,197.852,197.853
wide-researcher-1785987908-30fddeb4cc72,197.895,307.453
data-analyst-1785987838-713fce888981,197.922,197.922
reviewer-1785987908-41bd68d8402a,197.941,655.270
data-analyst-1785987846-a21691469dfb,197.971,197.972
data-analyst-1785987908-7c775425c7ab,197.982,649.080
data-analyst-1785987828-4567bd898e12,197.992,197.992
deep-researcher-1785987908-ea4974bedd7c,198.040,624.593
wide-researcher-1785987909-d68264d47443,198.058,541.882
data-analyst-1785987834-331e4187e23f,198.059,198.064
data-analyst-1785987847-418d1dcd7b48,198.142,198.142
reviewer-1785987909-d814e3ae803b,198.163,522.658
data-analyst-1785987909-aa41ead70def,198.207,657.995
deep-researcher-1785987909-4a8fc9d4c19c,198.253,384.101
wide-researcher-1785987909-525ae5cc2925,198.273,625.951
data-analyst-1785987844-4b68719d4df5,198.299,198.299
reviewer-1785987909-691957b5d806,198.300,630.445
data-analyst-1785987842-0be1c989f042,198.330,198.330
data-analyst-1785987838-197bea5f506d,198.345,198.345
data-analyst-1785987842-24721c7cceaf,198.359,198.360
data-analyst-1785987838-e8873d4a17db,198.374,198.374
data-analyst-1785987831-76c48ae85294,198.389,198.389
data-analyst-1785987844-71d8e61deb3d,198.403,198.403
data-analyst-1785987838-5ed7c1b3e50f,198.418,198.418
data-analyst-1785987909-9cc8a73d1783,198.431,636.344
data-analyst-1785987842-e77822d2d673,198.435,198.436
deep-researcher-1785987909-a435ea335d62,198.464,448.456
data-analyst-1785987847-b18a374353b1,198.482,198.482
wide-researcher-1785987909-dcf256ff27b4,198.494,658.938
reviewer-1785987909-7692d843a035,198.523,625.665
data-analyst-1785987846-6413c97eed0c,198.533,198.533
data-analyst-1785987841-a5e094e4224a,198.547,198.548
data-analyst-1785987839-60559583523d,198.593,198.593
data-analyst-1785987846-0f3493672a99,198.623,198.624
data-analyst-1785987842-a11699d66847,198.641,198.641
data-analyst-1785987846-6a4e14d7ece4,198.654,198.654
data-analyst-1785987909-1847f5babeef,198.683,659.854
data-analyst-1785987846-d4df1b979101,198.683,198.687
deep-researcher-1785987909-f43021e2ba18,198.699,645.185
wide-researcher-1785987909-215c95a6e670,198.734,604.138
reviewer-1785987909-027eae935eeb,198.764,614.173
data-analyst-1785987832-79714858dc38,198.823,198.823
data-analyst-1785987839-02e262e9067b,198.852,198.852
data-analyst-1785987909-87d7fc997592,198.857,659.353
deep-researcher-1785987909-5ac2b153b074,198.944,411.665
data-analyst-1785987842-aba5b92ebf3e,198.982,198.982
wide-researcher-1785987909-fcfc980390be,199.017,332.538
reviewer-1785987909-baa208b6bd29,199.062,524.363
data-analyst-1785987846-ca1b126f9ff0,199.097,199.097
data-analyst-1785987910-e895190dadd5,199.149,638.494
data-analyst-1785987842-e06a0ec0bf11,199.193,199.193
data-analyst-1785987835-704fcbb09ed2,199.207,199.208
deep-researcher-1785987910-f12d6b4ee050,199.232,308.579
wide-researcher-1785987910-50a147602b14,199.312,330.372
data-analyst-1785987834-6f525bcb4058,199.357,199.358
data-analyst-1785987848-ea43ad3b736e,199.373,199.374
data-analyst-1785987840-bcaaa5ee9c90,199.389,199.391
reviewer-1785987910-3cf2736dfc92,199.398,574.356
data-analyst-1785987841-270f52599b40,199.407,199.407
data-analyst-1785987839-b266b0fd1977,199.421,199.422
data-analyst-1785987834-09995df9697d,199.465,199.465
data-analyst-1785987910-786bf4e0ea6a,199.494,692.289
deep-researcher-1785987910-824409f501d0,199.555,409.300
data-analyst-1785987839-d50fd86e489f,199.566,199.567
wide-researcher-1785987910-14e9e5147a79,199.572,516.412
data-analyst-1785987840-b9794b5937d2,199.586,199.586
data-analyst-1785987838-87998cb85ec0,199.617,199.618
data-analyst-1785987842-6acce9da2b79,199.647,199.647
reviewer-1785987910-48d50f9a591d,199.679,651.772
data-analyst-1785987850-af67731cb44f,199.692,199.692
data-analyst-1785987850-c1baad00a3f9,199.708,199.710
data-analyst-1785987828-355b1038fb34,199.724,199.724
data-analyst-1785987910-c600591a93d8,199.729,540.121
deep-researcher-1785987910-30369faef73a,199.766,517.358
data-analyst-1785987842-8bf9c359f70b,199.780,199.780
wide-researcher-1785987910-7548d29798bb,199.813,346.611
data-analyst-1785987844-68b1837663dd,199.842,199.842
data-analyst-1785987849-fa493f14aa7c,199.857,199.857
data-analyst-1785987842-1b3ef4d26b0f,199.871,199.872
data-analyst-1785987841-653f74f772f5,199.917,199.918
data-analyst-1785987834-939720e29935,199.933,199.934
data-analyst-1785987848-b81afafc93b2,199.948,199.948
data-analyst-1785987842-2331057c07a6,199.963,199.964
reviewer-1785987910-fe3773dcb11a,199.981,545.830
data-analyst-1785987840-cc0c88081e1c,200.008,200.008
data-analyst-1785987910-48d998138954,200.031,632.971
data-analyst-1785987836-d5f193852e7b,200.086,200.086
deep-researcher-1785987910-100d7311f0d8,200.193,681.939
wide-researcher-1785987910-0d270b0a20c9,200.221,629.830
data-analyst-1785987846-13d21ef3ae6d,200.233,200.233
reviewer-1785987911-99ff13b93360,200.246,651.676
data-analyst-1785987842-ff4c040bd82d,200.263,200.263
data-analyst-1785987911-8b04e40be3e2,200.291,648.309
data-analyst-1785987834-891e8390f6cc,200.295,200.296
data-analyst-1785987851-109403a4b6d4,200.355,200.356
deep-researcher-1785987911-8dd3438238d0,200.410,633.683
wide-researcher-1785987911-585115fadecf,200.457,456.923
data-analyst-1785987835-88ea65db02a3,200.502,200.502
data-analyst-1785987843-5b78e15a98ea,200.518,200.518
reviewer-1785987911-5533d536d0e2,200.526,665.701
data-analyst-1785987838-ed1dd0cc52f9,200.549,200.550
data-analyst-1785987847-6020c691720d,200.566,200.566
data-analyst-1785987911-0df475a582df,200.584,535.630
data-analyst-1785987852-df51d1b29bba,200.598,200.599
deep-researcher-1785987911-5bf5022e96df,200.642,558.887
wide-researcher-1785987911-e7c97382ae60,200.660,402.555
data-analyst-1785987846-f9e1d11465b6,200.664,200.664
data-analyst-1785987854-d2094d487a8a,200.679,200.679
reviewer-1785987911-89c811540d12,200.687,642.944
data-analyst-1785987853-de6b114abfe6,200.696,200.696
data-analyst-1785987853-a4464e97b3c3,200.726,200.727
data-analyst-1785987828-963cddde5da8,200.740,200.740
data-analyst-1785987911-b15e1db62a2e,200.744,663.937
data-analyst-1785987846-0fdacf269056,200.758,200.759
data-analyst-1785987856-3199723bc7cf,200.773,200.774
data-analyst-1785987856-d8aa2efd0088,200.787,200.787
deep-researcher-1785987911-01f0a2f74408,200.791,633.590
data-analyst-1785987849-69b55e09bdb7,200.820,200.820
wide-researcher-1785987911-bc8cecbf1337,200.837,661.458
data-analyst-1785987850-f4201894f27b,200.867,200.867
data-analyst-1785987855-283b589c1636,200.940,200.941
data-analyst-1785987855-e4e202429598,200.954,200.954
data-analyst-1785987855-44b90d12d108,200.969,200.969
data-analyst-1785987853-a38371193eae,200.983,200.984
data-analyst-1785987857-3f531baaf40f,200.999,201.000
data-analyst-1785987835-e68d2b1df0c9,201.014,201.014
data-analyst-1785987835-902819e2590f,201.028,201.028
reviewer-1785987911-a5adfb4d6bdb,201.057,650.630
data-analyst-1785987856-b219e1f1b487,201.058,201.062
data-analyst-1785987911-f78e4ec56649,201.088,498.075
data-analyst-1785987834-35e4e7034b98,201.089,201.092
data-analyst-1785987834-5ea8568f0473,201.106,201.107
data-analyst-1785987855-5c416ad7b189,201.134,201.134
data-analyst-1785987853-75cb4e019a0c,201.151,201.152
data-analyst-1785987858-7824fcdb67a8,201.166,201.167
data-analyst-1785987856-705d739f384f,201.181,201.181
deep-researcher-1785987911-0c7171d65089,201.195,393.266
data-analyst-1785987853-ec73889eff2b,201.215,201.216
wide-researcher-1785987912-86965baaed40,201.233,416.013
reviewer-1785987912-10607922b878,201.270,671.060
data-analyst-1785987912-6dd770cf016c,201.326,645.037
data-analyst-1785987854-aefe65c4bdde,201.357,201.357
deep-researcher-1785987912-bbdb0dd0f06c,201.370,675.065
data-analyst-1785987846-36919bc08a8c,201.374,201.375
wide-researcher-1785987912-b5cf997fd4a1,201.421,523.305
reviewer-1785987912-b14085deefa0,201.454,661.588
data-analyst-1785987912-e58784262c48,201.505,680.892
data-analyst-1785987855-daaa1301b923,201.519,201.519
deep-researcher-1785987912-09eae14a7f60,201.531,406.296
wide-researcher-1785987912-4eef361fe7c9,201.592,416.000
reviewer-1785987912-903c56f36174,201.719,664.277
data-analyst-1785987858-b0adcce7ac61,201.736,201.736
data-analyst-1785987912-103d405d2ef1,201.761,427.128
deep-researcher-1785987912-444f8f4ccc2e,201.798,635.147
data-analyst-1785987856-78e7dff35c6f,201.861,201.862
wide-researcher-1785987912-c18eff69380a,201.959,623.054
data-analyst-1785987851-cc329b1c1832,201.972,201.972
reviewer-1785987912-a211a64fe1ba,201.976,661.802
data-analyst-1785987858-c5776af48b1b,202.000,202.001
data-analyst-1785987852-bf319b2ce577,202.016,202.017
data-analyst-1785987849-37cfe12fecb6,202.031,202.031
data-analyst-1785987912-7a68f47ad6e1,202.035,680.650
deep-researcher-1785987912-17a92b9c760b,202.059,342.882
data-analyst-1785987831-ca5d118c986e,202.088,202.088
data-analyst-1785987853-e3af324409b8,202.104,202.105
data-analyst-1785987854-98923dde2182,202.118,202.118
data-analyst-1785987849-8a1bd00c4cc2,202.164,202.164
wide-researcher-1785987913-791d95e6e41c,202.168,673.385
reviewer-1785987913-c1a694d16c87,202.200,664.765
data-analyst-1785987861-2be4db9c03a2,202.215,202.215
data-analyst-1785987861-2b96fe2b10cf,202.228,202.228
data-analyst-1785987913-cfcab3ef478c,202.240,539.578
data-analyst-1785987861-433160bdae06,202.244,202.244
deep-researcher-1785987913-3217cbbecdca,202.257,441.140
data-analyst-1785987862-154fdcc42651,202.277,202.277
data-analyst-1785987843-113dc9521761,202.292,202.292
wide-researcher-1785987913-c83bdc9252db,202.300,640.588
data-analyst-1785987847-2e73bb895b8f,202.310,202.310
reviewer-1785987913-e09a3b948eca,202.337,570.935
data-analyst-1785987862-de506b6a0397,202.341,202.341
data-analyst-1785987859-e34cf98d3880,202.367,202.368
data-analyst-1785987913-944db0560960,202.430,527.357
data-analyst-1785987850-83d89b544f3a,202.439,202.439
data-analyst-1785987853-2b8b204495fe,202.483,202.483
data-analyst-1785987858-57501f872b67,202.496,202.496
deep-researcher-1785987913-c2210fd62195,202.519,438.175
wide-researcher-1785987913-698897ba0f9e,202.561,610.040
reviewer-1785987913-34ec30830811,202.582,541.635
data-analyst-1785987846-ffd85b0dc7ed,202.638,202.639
data-analyst-1785987855-4bfb00b4779c,202.669,202.670
data-analyst-1785987861-4b6508c5c2b5,202.683,202.683
data-analyst-1785987913-f2a6ebe21a4d,202.687,541.667
deep-researcher-1785987913-4f9f1f76006c,202.710,544.739
data-analyst-1785987851-40bdf9a979b9,202.734,202.734
wide-researcher-1785987913-bf535817d1bf,202.738,418.240
data-analyst-1785987853-2f1ab5734f50,202.752,202.752
reviewer-1785987913-2b4d03242e34,202.780,544.637
data-analyst-1785987839-8559e75edcf5,202.797,202.797
data-analyst-1785987913-fb958d50260d,202.826,643.333
deep-researcher-1785987913-306148a7defb,202.843,548.924
wide-researcher-1785987913-9597f409f2b7,202.890,414.086
reviewer-1785987913-74ec961d5605,202.927,672.558
data-analyst-1785987863-11d3ac9e0f2a,202.939,202.939
data-analyst-1785987861-9b3fe4999544,202.953,202.954
data-analyst-1785987914-c1db70d9734d,202.971,597.192
data-analyst-1785987858-7507923d7fe2,202.984,202.984
deep-researcher-1785987914-c44e750e08d7,202.988,536.974
data-analyst-1785987844-bf90e5855d06,203.012,203.012
wide-researcher-1785987914-5095a9674eed,203.079,435.083
data-analyst-1785987839-2dbfdea1cadc,203.089,203.090
data-analyst-1785987859-abe2e1aa53ac,203.103,203.103
data-analyst-1785987831-f379e0c018bb,203.131,203.133
data-analyst-1785987849-40315d51ccb8,203.161,203.161
data-analyst-1785987850-2f18354bae1e,203.175,203.175
data-analyst-1785987850-c2d936a163e7,203.191,203.191
reviewer-1785987914-6f177d5e4b26,203.224,657.649
data-analyst-1785987853-fcde6ea780e0,203.264,203.265
data-analyst-1785987914-693e8e401f66,203.283,425.382
deep-researcher-1785987914-0aa04c811cb5,203.371,331.144
wide-researcher-1785987914-4de3e26c2525,203.433,402.274
reviewer-1785987914-487049a531ff,203.481,623.679
data-analyst-1785987914-7e32262bdd8d,203.533,560.126
deep-researcher-1785987914-3031e69c2eaa,203.563,414.031
data-analyst-1785987852-9901c71afb2f,203.618,203.618
data-analyst-1785987864-c78ea0ce20fe,203.645,203.645
data-analyst-1785987864-292466cce45e,203.686,203.686
wide-researcher-1785987914-998bec193c8b,203.708,566.815
reviewer-1785987914-bb2f2dab8444,203.725,648.922
data-analyst-1785987847-4f37afc62bc3,203.748,203.749
data-analyst-1785987914-14eb995ea071,203.766,432.079
data-analyst-1785987839-56c88574d334,203.780,203.780
data-analyst-1785987865-7803570723b5,203.806,203.807
data-analyst-1785987860-6e4b9cf44d9d,203.820,203.820
data-analyst-1785987866-dc2ca000187f,203.833,203.833
data-analyst-1785987855-d413287ec536,203.846,203.846
deep-researcher-1785987914-7650bb220a19,203.850,408.506
data-analyst-1785987844-2273418b85d5,203.879,203.879
data-analyst-1785987866-2b76a8f841dd,203.893,203.894
data-analyst-1785987865-ad519c17476e,203.907,203.907
data-analyst-1785987861-82924173028e,203.920,203.921
data-analyst-1785987866-47256fc596bc,203.949,203.949
data-analyst-1785987863-6c6e075c5a09,203.963,203.963
data-analyst-1785987865-758a388cbb54,203.976,203.976
data-analyst-1785987844-e17964750318,204.003,204.004
data-analyst-1785987844-65e270d78074,204.017,204.017
wide-researcher-1785987914-ca6b7ba9e866,204.029,351.289
data-analyst-1785987850-e6a9e45ae9d0,204.061,204.061
reviewer-1785987914-a715b9c81455,204.073,640.159
data-analyst-1785987852-20436b1e415f,204.077,204.078
data-analyst-1785987914-b9b9f6a25f36,204.112,527.213
deep-researcher-1785987915-7b047a1df680,204.201,670.901
wide-researcher-1785987915-5128802578e0,204.226,644.967
reviewer-1785987915-bbb2da1e777c,204.254,676.231
data-analyst-1785987915-81b315eecf8f,204.302,655.886
deep-researcher-1785987915-838fbcc25869,204.347,694.717
wide-researcher-1785987915-77f5ddb48ade,204.394,640.548
data-analyst-1785987843-de94a6815186,204.411,377.083
reviewer-1785987915-0302ec5e0c7a,204.435,529.071
data-analyst-1785987851-50d4248e5918,204.472,204.472
data-analyst-1785987915-2d1fae7ddb2c,204.484,643.362
deep-researcher-1785987915-c45d1d3db66b,204.527,451.947
data-analyst-1785987848-246f92fae3f0,204.538,204.539
wide-researcher-1785987915-85e5239c2c6b,204.586,655.496
reviewer-1785987915-d4660b4e9a14,204.614,639.328
data-analyst-1785987915-e9e88cff5220,204.728,671.028
deep-researcher-1785987915-1045e22b2006,204.758,659.574
wide-researcher-1785987915-9d7f5b6e666a,204.785,663.743
reviewer-1785987915-72fc58f9e54e,204.823,663.837
data-analyst-1785987915-178551ebe2e9,204.883,478.604
deep-researcher-1785987915-c394945bdfaa,204.951,414.286
wide-researcher-1785987915-94adc7549c95,204.982,553.354
data-analyst-1785987841-2bab17934b94,204.998,204.998
reviewer-1785987916-8e4601fba41d,205.011,667.471
data-analyst-1785987916-09195dd80673,205.050,627.516
deep-researcher-1785987916-091e108e4229,205.078,532.020
wide-researcher-1785987916-b1a75b4d0ef8,205.145,667.391
reviewer-1785987916-0cbedcb1c855,205.233,563.477
data-analyst-1785987865-ab578a56cf70,205.237,205.238
data-analyst-1785987916-e5b41bcc4443,205.281,630.380
deep-researcher-1785987916-b567abcb9b1b,205.359,519.757
wide-researcher-1785987916-f135414e009e,205.450,626.509
reviewer-1785987916-6aa9c590e172,205.486,424.815
data-analyst-1785987916-83efdf90d653,205.579,641.544
deep-researcher-1785987916-1f70370f9867,205.603,408.709
data-analyst-1785987844-7f591e00f0f8,205.640,305.040
data-analyst-1785987844-5577d1c79e5c,205.653,292.269
data-analyst-1785987850-886847c5c7e4,205.701,205.701
wide-researcher-1785987916-d6210909bbf8,205.701,402.638
reviewer-1785987916-1acff0885476,205.763,532.981
data-analyst-1785987916-4f4d808b8705,205.802,538.342
deep-researcher-1785987916-5e083d0c3786,205.905,435.972
data-analyst-1785987874-ea2e8cd6cdcc,205.933,302.999
wide-researcher-1785987916-748f171196cb,205.945,628.355
data-analyst-1785987870-ff15cfef8e92,205.968,205.969
data-analyst-1785987850-44bee9ab160d,205.982,205.982
reviewer-1785987916-c4e4032c20dc,205.990,649.592
data-analyst-1785987916-51c7387c1574,206.049,578.941
deep-researcher-1785987917-7fa96193cb4f,206.094,409.659
data-analyst-1785987866-2d07f9792e17,206.121,206.122
wide-researcher-1785987917-c65318304f41,206.141,411.580
reviewer-1785987917-34fcd62cea4c,206.238,605.439
data-analyst-1785987917-1a5c5a8dec55,206.304,573.814
deep-researcher-1785987917-83805d602458,206.335,407.989
data-analyst-1785987832-8d965c28a086,206.386,206.386
wide-researcher-1785987917-b943a18f1c8a,206.390,416.192
data-analyst-1785987836-b808a7528336,206.432,206.433
reviewer-1785987917-c01537b33fa0,206.470,653.285
data-analyst-1785987874-06d13d4496de,206.493,297.530
data-analyst-1785987917-0cf9e91f6a4c,206.624,530.473
data-analyst-1785987863-a9649116295a,206.644,206.644
deep-researcher-1785987917-e6448fe8bd83,206.652,436.525
wide-researcher-1785987917-f88e490b9ddf,206.688,404.906
reviewer-1785987917-aaa6769cb538,206.752,635.598
data-analyst-1785987917-598348c670be,206.884,677.185
data-analyst-1785987875-f3b824123ba0,206.898,293.901
deep-researcher-1785987917-99327bf1036a,206.962,410.722
wide-researcher-1785987917-60b4901dff00,206.999,524.007
reviewer-1785987917-31efd193a47d,207.018,559.277
data-analyst-1785987918-125c6aa9ebac,207.128,552.145
deep-researcher-1785987918-2fcc37021ada,207.185,418.418
wide-researcher-1785987918-ee3adc44148f,207.212,418.616
data-analyst-1785987861-62d17e827539,207.248,207.248
data-analyst-1785987862-6c6205b451eb,207.292,207.293
data-analyst-1785987851-e4993cdc5b80,207.308,207.309
reviewer-1785987918-1314224d5924,207.314,654.926
data-analyst-1785987863-5d433126cf6a,207.326,207.326
data-analyst-1785987830-1c33611499f1,207.404,207.404
data-analyst-1785987834-3ccdef812ff0,207.419,207.419
data-analyst-1785987918-420c95f75fe3,207.423,525.689
data-analyst-1785987867-cc4479c6e93d,207.437,207.437
deep-researcher-1785987918-cb8f4f044453,207.468,406.435
wide-researcher-1785987918-75f7ce1c7711,207.497,643.585
reviewer-1785987918-d78ed3977f61,207.524,562.704
data-analyst-1785987862-fa7cb52dd267,207.576,207.576
data-analyst-1785987862-ac0bb9a7fcb8,207.602,207.602
data-analyst-1785987918-75982423e0e4,207.606,529.180
data-analyst-1785987862-c2aa38238a59,207.632,207.632
deep-researcher-1785987918-89f7c370cb38,207.641,669.703
data-analyst-1785987852-44c5ba445e92,207.688,207.688
data-analyst-1785987853-17074964300e,207.726,207.727
wide-researcher-1785987918-fa1029820c1b,207.748,407.070
reviewer-1785987918-85bb8486bec1,207.767,641.040
data-analyst-1785987870-662316b43962,207.804,207.804
data-analyst-1785987861-7a3159666224,207.830,207.831
data-analyst-1785987918-6f6811271a99,207.849,678.084
data-analyst-1785987875-ce2a76572372,207.862,292.063
deep-researcher-1785987918-e43fa9b0cbb6,207.867,422.075
wide-researcher-1785987918-b073406712ed,207.905,459.843
reviewer-1785987918-e66ed60444ae,207.965,550.664
data-analyst-1785987919-feb9044d46a0,208.083,647.922
deep-researcher-1785987919-5f8029d86fa7,208.110,525.181
wide-researcher-1785987919-dc384d5bcf2f,208.137,412.629
reviewer-1785987919-447fabe2070d,208.271,655.464
data-analyst-1785987846-bb3a77d300a9,208.322,343.585
data-analyst-1785987844-b22a26c5e5d0,208.336,290.249
data-analyst-1785987919-b9f674630a09,208.514,549.892
data-analyst-1785987831-825db583c39b,208.524,208.525
deep-researcher-1785987919-bb8cab87d9a7,208.548,516.746
wide-researcher-1785987919-cc4fdd0b5871,208.606,453.307
data-analyst-1785987852-416162739cc4,208.618,300.502
reviewer-1785987919-dde720ae9616,208.632,650.147
data-analyst-1785987864-296eaf1a40f3,208.670,208.670
data-analyst-1785987919-3daf7c5de4a6,208.701,622.930
deep-researcher-1785987919-31ec8d8ee2cd,208.727,523.453
wide-researcher-1785987919-e0cb754ef8bf,208.756,471.326
reviewer-1785987919-65debf25541f,208.786,654.709
data-analyst-1785987869-6f09194cc9da,208.791,208.791
data-analyst-1785987864-c13e3a873785,208.804,208.804
data-analyst-1785987919-9e615171dec6,208.824,663.062
deep-researcher-1785987919-a3746b0e2507,208.847,393.953
wide-researcher-1785987919-47f79a44b191,208.873,410.954
reviewer-1785987919-b44077a1e3fb,208.919,535.899
data-analyst-1785987920-9193e92fb00c,208.968,645.666
data-analyst-1785987874-27ba36cc25cd,208.969,291.149
deep-researcher-1785987920-f6a80d3bea39,208.986,419.270
wide-researcher-1785987920-6d7fd18772d1,209.016,534.955
reviewer-1785987920-e4a498f8f76c,209.050,660.242
data-analyst-1785987920-5547d1eb7412,209.111,653.857
deep-researcher-1785987920-ce5aacdf1aad,209.151,461.617
data-analyst-1785987862-90717e78e6ef,209.161,209.162
data-analyst-1785987838-ba59ad6e497b,209.188,209.188
wide-researcher-1785987920-708dc366c0fd,209.276,529.734
reviewer-1785987920-3a5b1e4d0b48,209.360,645.224
data-analyst-1785987920-76ae51eaa9ad,209.489,523.200
deep-researcher-1785987920-fe7d40c5a9f9,209.551,399.886
wide-researcher-1785987920-3a98bacaa41a,209.624,306.910
reviewer-1785987920-00e6ea4a84c0,209.708,469.113
data-analyst-1785987866-ccfe236600dc,209.722,209.722
data-analyst-1785987920-374786dfb510,209.765,525.327
deep-researcher-1785987920-a3b8a119e516,209.809,666.712
wide-researcher-1785987920-89639771b4a4,209.912,630.222
reviewer-1785987920-ca2be479ffed,209.966,533.447
data-analyst-1785987920-376f91b777bc,210.075,645.021
data-analyst-1785987861-7d65a5e82147,210.115,210.115
deep-researcher-1785987920-e9367563ec5b,210.220,682.698
data-analyst-1785987866-1a891ed26984,210.248,210.249
wide-researcher-1785987921-bb84ec1ba206,210.343,632.149
reviewer-1785987921-de393c2bdb65,210.395,627.445
data-analyst-1785987842-c873c417b750,210.473,210.473
data-analyst-1785987921-c6f0b898c2fd,210.529,629.613
deep-researcher-1785987921-9680011d3805,210.568,667.121
wide-researcher-1785987921-03e5fef9b4b4,210.686,415.347
reviewer-1785987921-231962e41926,210.771,664.981
data-analyst-1785987921-e1760b3c9499,210.837,521.577
deep-researcher-1785987921-beab32590237,210.891,668.947
wide-researcher-1785987921-d4d0255e0d5d,210.929,409.068
reviewer-1785987921-0804e17dec8f,210.967,607.581
data-analyst-1785987844-25eba7c719d3,210.968,297.845
data-analyst-1785987922-d7fa6022efd2,211.032,653.427
deep-researcher-1785987922-1d5b19ce7a1b,211.072,409.709
wide-researcher-1785987922-dc4224c78ff0,211.138,640.794
reviewer-1785987922-b542c466ce13,211.245,677.328
data-analyst-1785987853-f4b279ae57f3,211.308,211.309
data-analyst-1785987922-54c852ae008f,211.335,648.565
deep-researcher-1785987922-33826fe75488,211.431,673.465
wide-researcher-1785987922-b26ef85ec9ae,211.490,659.955
reviewer-1785987922-ecec240de85f,211.598,629.974
data-analyst-1785987922-1023c3e9e20a,211.666,421.387
deep-researcher-1785987922-062789d4a8f3,211.748,643.318
wide-researcher-1785987922-64f7bd48e38a,211.845,547.655
reviewer-1785987922-6fd6161865a5,211.872,617.981
data-analyst-1785987922-7408e5681711,211.993,535.089
deep-researcher-1785987922-6ac4a37792d4,212.049,657.535
wide-researcher-1785987923-61d28e87f16f,212.090,643.258
data-analyst-1785987873-3d69f095ffd6,212.120,212.120
reviewer-1785987923-1d6ea4202044,212.131,671.108
data-analyst-1785987923-b1369e04536e,212.187,681.031
data-analyst-1785987860-b1690fd6c557,212.272,212.272
deep-researcher-1785987923-f4e963b8531d,212.299,352.657
wide-researcher-1785987923-40c028c70772,212.356,400.244
reviewer-1785987923-b622275ff38b,212.431,675.382
data-analyst-1785987923-7c1d50cf55e6,212.512,677.896
deep-researcher-1785987923-718e313b426a,212.568,422.498
wide-researcher-1785987923-206e1ac39015,212.668,541.265
reviewer-1785987923-11f2984f3e0f,212.770,663.905
data-analyst-1785987923-586150f8c104,212.835,567.044
deep-researcher-1785987923-2647fc7d03bd,212.943,437.870
wide-researcher-1785987923-683187cdb691,212.989,520.283
reviewer-1785987923-cc2f7f1e2611,213.102,683.459
data-analyst-1785987874-f7ce316540a7,213.151,290.726
data-analyst-1785987924-c236eb7184d7,213.185,641.167
deep-researcher-1785987924-9c9956f4f7da,213.288,677.696
data-analyst-1785987860-1148789eab3c,213.314,213.314
wide-researcher-1785987924-9424ce1b8888,213.376,438.670
reviewer-1785987924-c81b0f816cb1,213.407,659.065
data-analyst-1785987863-d93d56aa59ad,213.472,213.473
data-analyst-1785987924-45dc8ae116db,213.502,454.384
deep-researcher-1785987924-d7623c12b285,213.575,411.943
wide-researcher-1785987924-316a8bc0fb8b,213.621,308.326
reviewer-1785987924-21433c77ae55,213.661,632.255
data-analyst-1785987924-ea84b17268a3,213.820,536.521
deep-researcher-1785987924-7c081ffce4a5,213.901,554.018
data-analyst-1785987849-63e330b4b134,213.902,213.910
wide-researcher-1785987924-c259ef176389,213.975,414.429
reviewer-1785987924-d1efc2af35b1,214.018,633.645
data-analyst-1785987924-70c8e58216a4,214.260,648.341
deep-researcher-1785987925-f66890a25814,214.317,333.956
wide-researcher-1785987925-5378a3bd3072,214.371,413.141
reviewer-1785987925-cf8d13a9c4bb,214.492,625.934
data-analyst-1785987925-1f44de841c15,214.585,670.159
deep-researcher-1785987925-f9e32e1ec043,214.612,676.033
wide-researcher-1785987925-b697798e2065,214.678,412.791
reviewer-1785987925-303ffc594522,214.798,658.324
data-analyst-1785987925-d66ad49b0ee7,214.879,626.560
data-analyst-1785987873-a3388613812c,214.893,297.831
deep-researcher-1785987925-b953fbadb712,214.934,621.565
wide-researcher-1785987925-1ca268dd2d9f,215.038,415.104
reviewer-1785987925-c64ac1c80ff7,215.082,652.916
data-analyst-1785987877-ddda7f56c01f,215.125,292.423
data-analyst-1785987926-e53451bd581b,215.152,540.152
data-analyst-1785987877-ab830b577612,215.177,295.679
deep-researcher-1785987926-008c37976d35,215.202,693.124
data-analyst-1785987853-72f2be51761b,215.283,215.284
wide-researcher-1785987926-55c2c78ccfa2,215.308,516.535
reviewer-1785987926-c41161d7200c,215.363,540.612
data-analyst-1785987926-bb7b0e7fc1d9,215.429,430.250
deep-researcher-1785987926-94c9f6839810,215.484,668.673
wide-researcher-1785987926-37f673ea637a,215.539,420.395
reviewer-1785987926-c2851efd75b2,215.678,676.137
data-analyst-1785987926-880006f4dcff,215.774,540.672
deep-researcher-1785987926-84e6e5973bf6,215.818,373.687
wide-researcher-1785987926-7b05b560e5e6,215.874,422.577
reviewer-1785987926-861c1d830200,216.029,681.661
data-analyst-1785987926-9ebf3e0a2e9b,216.104,682.304
deep-researcher-1785987927-bb4022a948b9,216.132,404.815
data-analyst-1785987848-cff3e99e2a7a,216.173,293.180
wide-researcher-1785987927-6dea3e860830,216.185,663.487
reviewer-1785987927-100218dd5169,216.348,623.902
data-analyst-1785987927-001b6d5293dc,216.410,421.359
deep-researcher-1785987927-9f51755306ff,216.457,415.389
wide-researcher-1785987927-e2093fa866d9,216.564,642.777
reviewer-1785987927-5f70fac25612,216.624,669.880
data-analyst-1785987927-951183d5086f,216.741,629.220
deep-researcher-1785987927-69d4dff39348,216.867,422.952
wide-researcher-1785987927-de47f8ded906,216.944,634.585
reviewer-1785987927-966e442a607e,217.006,626.979
data-analyst-1785987927-3276fd68f0b0,217.089,679.176
deep-researcher-1785987928-64dd5d304544,217.206,665.141
wide-researcher-1785987928-c48e882e5e21,217.296,426.316
reviewer-1785987928-92beafb4d4bf,217.341,591.344
data-analyst-1785987859-3260f7dad34c,217.347,217.351
data-analyst-1785987928-33fa993d779f,217.399,659.668
data-analyst-1785987864-25fffd7b61c8,217.419,217.420
deep-researcher-1785987928-17f8ae90ee73,217.507,422.591
wide-researcher-1785987928-91e5b42dd857,217.547,410.708
reviewer-1785987928-b11d9ba2794e,217.565,671.701
data-analyst-1785987928-be056d0df9aa,217.613,549.458
data-analyst-1785987866-fc3261483217,217.627,217.628
deep-researcher-1785987928-058491ec115d,217.636,409.016
wide-researcher-1785987928-8cdd0c184300,217.656,624.280
data-analyst-1785987853-f2f5772de750,217.670,217.670
reviewer-1785987928-5beb7c5fce09,217.697,654.866
data-analyst-1785987928-b2d714bfe960,217.817,591.209
deep-researcher-1785987928-85cb705c0f07,217.856,525.196
wide-researcher-1785987928-bb41275d94f6,217.873,677.716
data-analyst-1785987872-1a58e9d5958d,217.878,217.878
reviewer-1785987928-004d621a2c14,217.891,598.825
data-analyst-1785987851-478229738214,217.895,217.895
data-analyst-1785987861-5cc55da84e14,217.907,217.908
data-analyst-1785987928-485c94842af1,217.932,642.759
data-analyst-1785987878-66b28436211c,217.959,296.707
data-analyst-1785987853-8119f442ad14,217.990,217.991
data-analyst-1785987865-c8b2910873c6,218.004,218.004
deep-researcher-1785987929-16a916723452,218.063,319.980
wide-researcher-1785987929-77d0f1d12652,218.080,678.699
reviewer-1785987929-f87eddff40d0,218.117,546.940
data-analyst-1785987929-3e0739e79373,218.147,543.052
deep-researcher-1785987929-fb2a1746a8bf,218.188,401.941
wide-researcher-1785987929-104a82189766,218.226,426.888
reviewer-1785987929-98ca9052bd76,218.248,623.178
data-analyst-1785987847-c7bddf6ebd68,218.289,218.290
data-analyst-1785987929-4bb43b1c8c40,218.325,525.001
deep-researcher-1785987929-ee515ba94ca1,218.381,388.646
data-analyst-1785987878-dcb452bd9c43,218.449,292.126
wide-researcher-1785987929-b1117921ac8b,218.501,660.904
reviewer-1785987929-f4b4511c3eaa,218.519,632.690
data-analyst-1785987929-3741d7932eea,218.691,527.890
deep-researcher-1785987929-9816a0af89f7,218.729,532.924
wide-researcher-1785987929-9840f000e2f7,218.790,454.337
reviewer-1785987929-29096abf85cb,218.807,659.636
data-analyst-1785987929-79ce2e01d4bb,218.857,633.993
deep-researcher-1785987929-73a433904ad1,218.910,532.236
data-analyst-1785987861-e2b8174ee5df,218.951,218.951
wide-researcher-1785987929-0f3e2dc21f28,219.045,544.477
reviewer-1785987929-171de4671df9,219.072,627.163
data-analyst-1785987872-f3b07a36577a,219.145,219.145
data-analyst-1785987930-7110318502b7,219.206,541.976
deep-researcher-1785987930-6a0cc0cd1189,219.227,412.809
wide-researcher-1785987930-a61f07dc81d4,219.329,462.031
reviewer-1785987930-630ef376b8ca,219.359,663.156
data-analyst-1785987930-74418265820a,219.404,628.283
deep-researcher-1785987930-ca2c55b1b92f,219.423,667.296
wide-researcher-1785987930-1478999a9e16,219.451,339.348
reviewer-1785987930-650d0bc22a34,219.549,651.242
data-analyst-1785987930-5b76626906e5,219.589,531.511
data-analyst-1785987858-4ea574016d1f,219.608,219.609
deep-researcher-1785987930-dd56ca12bb2f,219.622,672.116
wide-researcher-1785987930-71c4c43fe499,219.639,521.386
reviewer-1785987930-05eda7842d38,219.657,631.571
data-analyst-1785987853-f4b7865b016d,219.689,219.689
data-analyst-1785987930-d67af8a46193,219.697,566.489
deep-researcher-1785987930-f18a83a3e6d7,219.751,400.149
wide-researcher-1785987930-44f9e922e850,219.768,667.796
data-analyst-1785987838-8850963da340,219.772,219.772
data-analyst-1785987874-a518dbeae13d,219.847,219.847
data-analyst-1785987875-3b0cf0922aa3,219.861,219.861
reviewer-1785987930-7283257e1085,219.887,631.805
data-analyst-1785987930-72f5b84b5698,219.960,524.411
deep-researcher-1785987930-5fd7f1f65de0,220.023,388.017
wide-researcher-1785987930-4b9652623e6a,220.040,424.232
reviewer-1785987931-5a3a8ad5e402,220.076,678.068
data-analyst-1785987931-76d16a64a245,220.117,553.115
data-analyst-1785987850-f449541f61bf,220.206,290.844
data-analyst-1785987850-c0f0d657779b,220.219,293.286
deep-researcher-1785987931-6dc775a89c6e,220.228,676.809
wide-researcher-1785987931-b88dd89fc828,220.289,413.412
data-analyst-1785987876-3079fe9395e1,220.308,220.308
reviewer-1785987931-d130cfd411c1,220.320,642.491
data-analyst-1785987864-b0489f760d0b,220.337,220.337
data-analyst-1785987839-622d236d64eb,220.364,220.365
data-analyst-1785987931-a33621634f4c,220.369,659.034
deep-researcher-1785987931-1ce991bd650a,220.422,411.090
wide-researcher-1785987931-93725c079ff5,220.591,674.391
reviewer-1785987931-ac46e807959c,220.655,672.826
data-analyst-1785987931-3a1d529f4762,220.734,560.579
data-analyst-1785987853-853ae2c6a8b8,220.784,220.785
deep-researcher-1785987931-1905793397c8,220.836,402.343
wide-researcher-1785987931-0edb67d74910,220.879,456.958
reviewer-1785987931-452b52f6ae79,220.898,642.992
data-analyst-1785987931-7cf0e665908b,220.929,655.576
data-analyst-1785987870-b14778c4dea4,220.962,220.962
deep-researcher-1785987932-ab530e1f5370,220.962,536.716
data-analyst-1785987855-0e131dff19e9,220.980,220.980
wide-researcher-1785987932-ec433f7c8cdc,221.054,401.024
reviewer-1785987932-1986d083449c,221.072,558.284
data-analyst-1785987857-0a7d2aee44f2,221.072,221.073
data-analyst-1785987932-9e6fa6524683,221.114,632.626
deep-researcher-1785987932-3a09d05cd915,221.153,418.804
wide-researcher-1785987932-99f601bfd5d4,221.172,418.152
reviewer-1785987932-229e7f8654e6,221.247,558.759
data-analyst-1785987932-f9baf0048a5a,221.289,623.545
deep-researcher-1785987932-b811606d9653,221.359,585.263
wide-researcher-1785987932-bdbcca0a75aa,221.403,641.966
reviewer-1785987932-c3ce19d0900c,221.476,622.965
data-analyst-1785987932-189ea4fbd1bb,221.535,681.086
deep-researcher-1785987932-8fcc505fe8ac,221.590,486.659
wide-researcher-1785987932-f7abe7693699,221.627,647.059
data-analyst-1785987832-a18fd076d3d6,221.672,291.134
reviewer-1785987932-380548d434d5,221.700,659.243
data-analyst-1785987932-118071770437,221.743,638.527
deep-researcher-1785987932-4a1533ccfcb9,221.815,671.371
wide-researcher-1785987932-fafa155f7f8e,221.831,683.996
reviewer-1785987932-8b7edfe524ba,221.889,666.525
data-analyst-1785987878-fef4793bd271,221.906,295.472
data-analyst-1785987874-05eadae75979,222.060,222.060
data-analyst-1785987932-6839392ca1b5,222.069,546.511
data-analyst-1785987876-7e99ca06c736,222.077,222.077
deep-researcher-1785987932-215b11e29ddd,222.100,557.266
wide-researcher-1785987933-00d3a1bcc97b,222.171,434.748
reviewer-1785987933-c8d7216cfada,222.189,571.813
data-analyst-1785987933-67f956c764c2,222.230,659.335
deep-researcher-1785987933-7c3449884e88,222.260,422.628
data-analyst-1785987869-bf686e04b9d0,222.309,222.309
wide-researcher-1785987933-db0134f7a2d2,222.380,640.078
reviewer-1785987933-2a85d9e9969b,222.398,644.392
data-analyst-1785987933-bece244713c6,222.439,636.135
data-analyst-1785987866-348a92e07750,222.534,222.535
deep-researcher-1785987933-d5b7a6ecc636,222.571,532.451
wide-researcher-1785987933-1070677ed4c9,222.600,443.617
reviewer-1785987933-76a5ba86dc2d,222.627,417.339
data-analyst-1785987933-72e4500e1985,222.669,634.834
deep-researcher-1785987933-83a273c7c751,222.689,564.211
wide-researcher-1785987933-51f874882bbb,222.763,518.558
reviewer-1785987933-92c64c79441a,222.916,595.359
data-analyst-1785987933-0539ce37b415,222.988,625.026
data-analyst-1785987881-8ce9b7ecde29,223.002,291.654
data-analyst-1785987881-bfedf2d62df4,223.016,290.875
deep-researcher-1785987933-e5197164b1ff,223.043,671.319
wide-researcher-1785987933-766f7f570275,223.061,408.599
reviewer-1785987934-3c4ef67c6092,223.106,517.342
data-analyst-1785987934-b698ec7eaf98,223.330,554.915
deep-researcher-1785987934-cb48a8373d7a,223.349,513.831
wide-researcher-1785987934-9064592bfb39,223.387,520.358
reviewer-1785987934-765d9d36c92b,223.407,543.804
data-analyst-1785987852-acfc5148afe6,223.556,337.043
data-analyst-1785987852-87132af7483b,223.571,313.093
data-analyst-1785987934-c00ea60f5c4b,223.585,648.374
deep-researcher-1785987934-55512586dc15,223.614,411.637
wide-researcher-1785987934-960c270e2e93,223.692,430.321
reviewer-1785987934-ed55236f25c2,223.743,456.315
data-analyst-1785987934-00608688a0c5,223.780,567.823
data-analyst-1785987863-650c57be51e5,223.815,223.816
data-analyst-1785987876-a1b17953e080,223.859,223.859
data-analyst-1785987870-91f52726d0d4,223.880,223.881
deep-researcher-1785987934-bf3fc5e8bc5f,223.911,416.730
wide-researcher-1785987934-31852de6dc62,223.932,517.907
reviewer-1785987934-6691aff37d9a,223.951,558.903
data-analyst-1785987934-9094b903807d,224.083,676.742
deep-researcher-1785987935-43baee02615b,224.117,551.372
wide-researcher-1785987935-a3ad51f88ccb,224.144,528.573
reviewer-1785987935-e784993e4d6f,224.181,691.977
data-analyst-1785987935-a2affe0bcb22,224.274,518.482
deep-researcher-1785987935-c39de4eece78,224.359,670.411
wide-researcher-1785987935-1157a5140838,224.431,654.018
data-analyst-1785987882-a60f6921537b,224.500,291.639
reviewer-1785987935-7cca76e642d8,224.550,653.739
data-analyst-1785987935-ad0be07f11cf,224.610,425.131
deep-researcher-1785987935-9b3bd69c390b,224.637,471.658
wide-researcher-1785987935-35d23e2059f7,224.830,525.451
reviewer-1785987935-89a366dcdb9c,224.859,523.074
data-analyst-1785987935-5789ceba8caa,224.906,638.864
deep-researcher-1785987935-cdf0333693b6,224.956,414.382
data-analyst-1785987877-481a93e15250,224.985,294.596
wide-researcher-1785987936-c67278231841,225.091,412.427
reviewer-1785987936-e5247628c8ae,225.196,532.699
data-analyst-1785987936-aa96185d365e,225.253,533.857
deep-researcher-1785987936-0614fb491866,225.281,686.553
wide-researcher-1785987936-091747b3d176,225.420,511.711
reviewer-1785987936-048dbd3399f2,225.451,665.225
data-analyst-1785987936-db636480d3bf,225.578,670.688
deep-researcher-1785987936-a2b8daff27c7,225.604,674.903
wide-researcher-1785987936-5e3af774dac7,225.659,498.597
reviewer-1785987936-ddafb067d575,225.687,659.684
data-analyst-1785987936-50e696c16557,225.767,669.231
deep-researcher-1785987936-68b6a86d124e,225.801,530.022
data-analyst-1785987863-90d732f7f1da,225.828,225.828
wide-researcher-1785987936-8f7e10705a19,225.870,412.907
reviewer-1785987936-af58a65bf3c7,225.934,668.415
data-analyst-1785987869-a19189b5ac80,225.967,225.967
data-analyst-1785987876-faf62c387c0d,225.982,225.982
data-analyst-1785987858-a5a4bc4a6411,225.996,225.996
data-analyst-1785987936-ca24b141174c,226.004,672.099
data-analyst-1785987828-4e4018c12efe,226.026,226.026
deep-researcher-1785987936-8218270bf440,226.053,667.951
wide-researcher-1785987937-6c99732fe0a9,226.124,425.481
reviewer-1785987937-7dfec4a59663,226.154,551.386
data-analyst-1785987937-b768d7742690,226.270,668.233
deep-researcher-1785987937-a0fa91798e90,226.347,425.160
wide-researcher-1785987937-ddf00754923d,226.366,371.326
reviewer-1785987937-862a787ba4d2,226.385,678.004
data-analyst-1785987863-44490bbc7518,226.424,226.425
data-analyst-1785987937-41d264135b05,226.481,666.250
data-analyst-1785987843-6d64ef58b6ae,226.559,226.560
deep-researcher-1785987937-64c2cdd7b460,226.620,682.513
wide-researcher-1785987937-688284f23c98,226.714,415.539
reviewer-1785987937-422d3bd6ccd4,226.761,623.583
data-analyst-1785987937-1cccbe98508a,226.797,521.129
deep-researcher-1785987937-734d4837613d,226.937,423.750
data-analyst-1785987865-c3f25cf9dabb,226.947,226.947
wide-researcher-1785987937-502523ca037b,226.955,535.857
reviewer-1785987937-704b620f458e,226.989,675.957
data-analyst-1785987937-bff22a5f5fe5,227.086,670.063
deep-researcher-1785987938-908753438a9a,227.114,652.017
wide-researcher-1785987938-889e70e5d7b7,227.140,660.682
data-analyst-1785987883-944e724f6cef,227.203,301.598
reviewer-1785987938-150a98890a74,227.207,588.004
data-analyst-1785987883-4a76751b3190,227.219,407.608
data-analyst-1785987938-a1342d3efde5,227.291,650.277
deep-researcher-1785987938-83055cbc07a0,227.451,523.791
wide-researcher-1785987938-c08226311cc7,227.516,623.068
reviewer-1785987938-fafc88969cd2,227.584,634.397
data-analyst-1785987938-62522bf44eda,227.638,632.077
deep-researcher-1785987938-ebce5aee2d8a,227.658,470.508
wide-researcher-1785987938-045d5b5943a7,227.679,625.278
data-analyst-1785987884-f92d258f7a62,227.711,301.627
reviewer-1785987938-506435d1d15b,227.847,521.401
data-analyst-1785987938-0267c99ade28,227.882,631.824
deep-researcher-1785987938-bd5d973dd229,227.910,427.040
wide-researcher-1785987938-ec3dc0e24801,227.986,404.457
reviewer-1785987939-5d0d7f0ce34e,228.122,576.695
data-analyst-1785987850-b33fde1ea978,228.154,228.154
data-analyst-1785987939-8d73c9bb2541,228.184,539.370
deep-researcher-1785987939-8d79b67bae51,228.214,635.832
wide-researcher-1785987939-edfbf6c609e5,228.282,423.616
reviewer-1785987939-c93d446cad8f,228.300,635.098
data-analyst-1785987878-a59917e034d4,228.395,228.397
data-analyst-1785987939-d29b65dc99c1,228.464,526.188
deep-researcher-1785987939-36520f5f7127,228.496,412.239
wide-researcher-1785987939-49d1cdb2cff5,228.517,633.769
data-analyst-1785987843-bb22665f2f0e,228.544,228.544
reviewer-1785987939-32313b1e6f78,228.612,584.759
data-analyst-1785987939-d82504e5aa88,228.680,547.888
deep-researcher-1785987939-09b6e00f3bee,228.719,632.294
wide-researcher-1785987939-0df25944a1a6,228.735,622.750
reviewer-1785987939-021ed07eba5c,228.805,633.496
data-analyst-1785987862-a3f5bf5eaedd,228.805,228.809
data-analyst-1785987876-8fc75743d159,228.836,228.836
data-analyst-1785987939-bdfa2a3cc2c1,228.889,549.973
deep-researcher-1785987939-b33169a7b873,228.951,468.139
wide-researcher-1785987939-7f1b6f694b13,229.037,631.365
reviewer-1785987939-9007a7b95314,229.093,530.341
data-analyst-1785987884-2828297988cd,229.133,294.847
data-analyst-1785987940-dcb91b6b2429,229.133,437.839
deep-researcher-1785987940-562beb9c4e98,229.155,521.823
wide-researcher-1785987940-3a1c50889ac6,229.174,473.427
reviewer-1785987940-4d6cd9194a64,229.192,540.107
data-analyst-1785987844-4560e34af2a9,229.211,229.211
data-analyst-1785987863-037672ad4052,229.257,229.257
data-analyst-1785987874-01d2c85a301a,229.283,229.284
data-analyst-1785987940-b49c458ca911,229.365,632.058
deep-researcher-1785987940-7f1358abb0ad,229.390,412.211
wide-researcher-1785987940-8b3c61fe441f,229.411,521.925
data-analyst-1785987863-dd21ae887fab,229.469,307.973
data-analyst-1785987881-d7f28d44201f,229.488,290.614
reviewer-1785987940-632671186dae,229.493,629.708
data-analyst-1785987838-88beb01d97ee,229.634,229.635
data-analyst-1785987940-aea56b1badfb,229.643,659.225
data-analyst-1785987878-25464d0974b8,229.684,229.684
deep-researcher-1785987940-07f4ab96f1f5,229.689,517.388
wide-researcher-1785987940-941bb1d1902c,229.736,461.981
reviewer-1785987940-23e613868135,229.775,664.229
data-analyst-1785987940-fd3f4821c505,229.807,547.713
deep-researcher-1785987940-b9958f4c247f,229.825,691.960
wide-researcher-1785987940-26f5933678d7,229.941,527.027
reviewer-1785987940-754fb6aaee89,229.979,583.853
data-analyst-1785987940-3564f0580650,230.014,587.404
deep-researcher-1785987941-5d53bee6f6a2,230.031,685.236
wide-researcher-1785987941-cd8a8b00d9af,230.110,333.470
reviewer-1785987941-4d9beefe040c,230.168,661.300
data-analyst-1785987855-453456d7a2e8,230.177,354.456
data-analyst-1785987848-5f69194bf6fe,230.203,294.496
data-analyst-1785987941-d98e7e32e276,230.229,639.193
deep-researcher-1785987941-530412a4c83a,230.266,662.286
wide-researcher-1785987941-cba32e5aefcf,230.310,414.213
data-analyst-1785987874-d22e7407087a,230.321,230.321
reviewer-1785987941-313db12b4d18,230.331,638.900
data-analyst-1785987941-658f13961a24,230.446,501.170
deep-researcher-1785987941-c4bb862c6c8a,230.543,424.410
wide-researcher-1785987941-740cd41cecb7,230.563,406.674
reviewer-1785987941-4c949d9b450f,230.615,676.575
data-analyst-1785987941-08f39afc3431,230.690,540.282
deep-researcher-1785987941-81a83d0a9906,230.720,661.253
data-analyst-1785987885-7cfc3d61d587,230.842,296.283
wide-researcher-1785987941-f7c991940153,230.883,677.675
reviewer-1785987941-0f4253e3e6a3,230.908,674.626
data-analyst-1785987941-7ecc4db577cb,230.993,672.418
deep-researcher-1785987941-e60b2cf01bfc,231.012,529.672
wide-researcher-1785987942-56d268df65dd,231.137,642.439
reviewer-1785987942-4e9be492b489,231.197,663.373
data-analyst-1785987885-02cd3fe7cc88,231.237,292.079
data-analyst-1785987942-5bbbd3c0fff7,231.250,641.734
deep-researcher-1785987942-db47f7984a4c,231.287,424.851
data-analyst-1785987885-4b0edd8175f8,231.292,291.438
wide-researcher-1785987942-f717ba263f64,231.319,424.307
reviewer-1785987942-c17aca974294,231.338,636.679
data-analyst-1785987942-aa2f65a9b55a,231.404,641.586
deep-researcher-1785987942-83524ad95338,231.445,517.737
wide-researcher-1785987942-cf2ba6dd0f54,231.487,537.801
reviewer-1785987942-eb078475cdc2,231.515,677.133
data-analyst-1785987942-f603ede754c0,231.614,638.417
deep-researcher-1785987942-c6430784ec90,231.679,428.580
wide-researcher-1785987942-be00a73e0a8e,231.696,633.895
data-analyst-1785987885-a73596230ef5,231.704,311.268
reviewer-1785987942-3c737d842f5c,231.747,652.300
data-analyst-1785987942-703eabda5559,231.814,642.929
data-analyst-1785987862-0aedf05dd0b0,231.842,231.843
deep-researcher-1785987942-8c30aae3ccb3,231.847,524.474
data-analyst-1785987876-2c0c4924e59e,231.860,231.861
wide-researcher-1785987942-8aa37806b16e,231.912,415.686
data-analyst-1785987874-74e459e1113c,231.945,231.946
reviewer-1785987942-a7d70f304517,231.963,669.564
data-analyst-1785987942-9c9a43903ef4,232.012,667.751
deep-researcher-1785987943-f24a9c7ceef1,232.060,451.533
wide-researcher-1785987943-9ae162c3cf47,232.080,524.925
data-analyst-1785987885-567c1ee359ea,232.103,291.236
reviewer-1785987943-21d20e99a963,232.108,560.891
data-analyst-1785987943-e72c384d6b3b,232.149,534.479
deep-researcher-1785987943-0c8e5d9fc712,232.205,409.998
wide-researcher-1785987943-e24ceee5f525,232.432,658.147
reviewer-1785987943-48d0fe174a87,232.468,680.538
data-analyst-1785987943-3d3dec24fa6a,232.508,539.978
deep-researcher-1785987943-c92605fa396e,232.534,659.410
data-analyst-1785987856-4147af70ba6d,232.559,403.311
wide-researcher-1785987943-6e8c0f3c952c,232.708,648.987
data-analyst-1785987851-0ffcbb97901e,232.751,232.751
reviewer-1785987943-79c434b53a29,232.764,626.732
data-analyst-1785987867-50ea37775c60,232.768,232.768
data-analyst-1785987876-1f893a411dfd,232.780,232.780
data-analyst-1785987943-142601750f3c,232.826,498.735
deep-researcher-1785987943-94ee4665198a,232.857,522.972
wide-researcher-1785987943-23fe3ab7057c,233.022,660.415
data-analyst-1785987865-9cd5e496c895,233.068,233.069
reviewer-1785987943-b63c352f1acc,233.139,644.444
data-analyst-1785987863-f4e634e45877,233.164,233.165
data-analyst-1785987944-f2b4e1c2ef20,233.195,680.809
deep-researcher-1785987944-f6e5c27b73c0,233.216,516.687
wide-researcher-1785987944-fd883161acb0,233.243,522.880
reviewer-1785987944-9f5906a6dffa,233.339,639.070
data-analyst-1785987944-018c21011b04,233.371,526.173
deep-researcher-1785987944-246375fb46d6,233.410,407.622
data-analyst-1785987867-57f244effc27,233.429,233.430
wide-researcher-1785987944-4778e3a106fb,233.481,412.853
reviewer-1785987944-d40ede62688b,233.500,535.492
data-analyst-1785987944-c091934271f9,233.560,584.476
deep-researcher-1785987944-ca956b570162,233.578,644.312
wide-researcher-1785987944-219c2bfc7631,233.627,491.343
reviewer-1785987944-b97962a2a3c1,233.708,655.408
data-analyst-1785987861-a83b7c1da4ae,233.949,233.950
data-analyst-1785987944-5ad062c7310e,233.977,671.824
deep-researcher-1785987944-5ec5b538f3b3,234.014,410.591
wide-researcher-1785987944-a318c5bf41d2,234.045,529.397
data-analyst-1785987862-e21e37a3a5ec,234.166,234.167
reviewer-1785987944-1870d906c279,234.227,658.819
data-analyst-1785987863-c4ef0d36e529,234.261,234.261
data-analyst-1785987945-aa1a4755834b,234.270,670.583
deep-researcher-1785987945-7470a53aa0af,234.343,465.469
wide-researcher-1785987945-4e8d47467a6b,234.361,522.493
reviewer-1785987945-7be81b62ab83,234.378,548.444
data-analyst-1785987945-0df7acc66534,234.462,657.160
deep-researcher-1785987945-67d6b01732ab,234.527,658.569
wide-researcher-1785987945-3939280bfbee,234.560,426.717
reviewer-1785987945-653c18cfff51,234.693,535.840
data-analyst-1785987846-2c4963f755a5,234.740,307.440
data-analyst-1785987945-0319252dab55,234.757,551.884
deep-researcher-1785987945-aff127c8d94b,234.825,529.799
wide-researcher-1785987945-d7b015e3b0b6,234.842,540.388
reviewer-1785987945-4ce7c5fe7373,234.878,674.249
data-analyst-1785987945-d93240246e61,234.918,578.694
deep-researcher-1785987945-808bc0dcdc4b,235.016,653.723
data-analyst-1785987887-f473b58cf04c,235.084,292.485
wide-researcher-1785987946-383748202f97,235.094,419.052
reviewer-1785987946-ea0ff68662f3,235.133,636.151
data-analyst-1785987946-86d5f8f5207d,235.173,656.688
deep-researcher-1785987946-339ffb56edc6,235.443,519.481
data-analyst-1785987876-c4a5fce22ee5,235.471,235.472
data-analyst-1785987882-ace0be1f7e48,235.484,235.484
wide-researcher-1785987946-1825b0fdc47c,235.489,657.840
reviewer-1785987946-4813a4250a92,235.510,636.533
data-analyst-1785987946-fbac3157c205,235.559,424.672
data-analyst-1785987862-5fb2e11db88f,235.607,293.587
deep-researcher-1785987946-32399ea8728d,235.723,657.666
wide-researcher-1785987946-ccbf0d1dedb9,235.749,647.765
data-analyst-1785987876-1aed147469cd,235.779,235.780
reviewer-1785987946-7104dedad591,235.788,669.271
data-analyst-1785987946-d84045fea407,235.866,663.701
deep-researcher-1785987946-13fec4db0166,235.883,677.970
wide-researcher-1785987946-26b8bddbd3f4,235.899,534.204
data-analyst-1785987851-20a956fceb93,235.900,235.904
data-analyst-1785987878-4c06453b4755,236.016,236.017
reviewer-1785987946-b6913c706fdc,236.035,658.970
data-analyst-1785987881-28a8f36ed0b8,236.047,236.048
data-analyst-1785987947-c0715af13c40,236.170,661.441
deep-researcher-1785987947-81b300dc22e2,236.205,530.246
wide-researcher-1785987947-ed01f384c89d,236.222,406.470
reviewer-1785987947-d315a6aad1c3,236.275,668.706
data-analyst-1785987853-91a099e8154e,236.306,236.307
data-analyst-1785987947-810930c02d24,236.346,653.123
deep-researcher-1785987947-b4711a64ae8f,236.362,657.381
wide-researcher-1785987947-7732e48e795c,236.378,409.344
data-analyst-1785987864-8515d10534e6,236.417,236.417
reviewer-1785987947-d1932f3af154,236.436,663.715
data-analyst-1785987864-614999528a9a,236.490,236.491
data-analyst-1785987947-26c5dd24b343,236.503,659.160
deep-researcher-1785987947-3d50c324e8b6,236.602,522.466
wide-researcher-1785987947-9940b7ba79ab,236.620,616.638
reviewer-1785987947-00780b836196,236.648,675.478
data-analyst-1785987947-d184225cf285,236.748,677.099
deep-researcher-1785987947-15c7cfdc96bd,236.955,462.647
wide-researcher-1785987947-c7e5142ca3bb,237.012,625.213
reviewer-1785987947-88baf6b8080c,237.029,670.981
data-analyst-1785987947-18d6936e5030,237.070,634.608
data-analyst-1785987887-434476dfa5c1,237.124,293.525
data-analyst-1785987875-0a029911ae0f,237.207,237.207
deep-researcher-1785987948-7fe7ae7ff0db,237.289,541.310
data-analyst-1785987850-f552037e7e29,237.293,237.293
wide-researcher-1785987948-0f057487cc89,237.305,627.248
reviewer-1785987948-b5cfa248b5bd,237.362,655.213
data-analyst-1785987948-b3e8fce2b377,237.411,624.404
deep-researcher-1785987948-3eb53ffb4598,237.674,531.222
wide-researcher-1785987948-3ed48fbb9b60,237.721,430.134
reviewer-1785987948-02c4e801af6c,237.749,517.294
data-analyst-1785987948-7107c93cd338,237.800,662.266
deep-researcher-1785987948-38d43ad3c078,237.876,671.934
wide-researcher-1785987948-fc8cc9bcf8a3,237.893,502.480
reviewer-1785987948-3974e4d39974,237.910,637.776
data-analyst-1785987948-3a9b65c340ec,237.951,678.407
deep-researcher-1785987949-abf9bf330340,238.042,425.836
wide-researcher-1785987949-08aa47c9e14b,238.117,410.458
data-analyst-1785987846-77bb4fe1671c,238.154,238.154
reviewer-1785987949-c4e77ebeea14,238.163,634.967
data-analyst-1785987949-dc75c93c43ce,238.247,527.662
data-analyst-1785987888-62c9b161222c,238.333,301.092
deep-researcher-1785987949-2e841bda0e80,238.464,672.642
wide-researcher-1785987949-1a9cf5c98dc7,238.501,420.752
reviewer-1785987949-900069b065d4,238.518,650.567
data-analyst-1785987949-33532bc1df71,238.561,673.855
data-analyst-1785987888-8eea083e7f7e,238.578,294.161
data-analyst-1785987830-461b4ec0d2eb,238.768,238.768
data-analyst-1785987853-d9ed9dcef03d,238.784,238.785
deep-researcher-1785987949-a4a45e42128d,238.812,517.919
wide-researcher-1785987949-8106c015add2,238.833,664.950
reviewer-1785987949-9bdce007b996,238.870,654.436
data-analyst-1785987949-a40924f6ec4e,238.902,661.137
data-analyst-1785987844-82a9641f45fa,238.913,238.914
deep-researcher-1785987949-2fc039e9b1ef,238.999,488.382
wide-researcher-1785987950-e1f9e009ac02,239.221,679.833
reviewer-1785987950-26dd869267f7,239.241,654.580
data-analyst-1785987950-74f4400f8720,239.309,648.780
data-analyst-1785987874-75daf85e9225,239.379,239.379
deep-researcher-1785987950-ff91621b8cd1,239.397,547.181
wide-researcher-1785987950-364fb3dbeb5c,239.414,415.205
reviewer-1785987950-bbee3eedbd37,239.431,621.530
data-analyst-1785987950-5256075b8c17,239.473,648.544
data-analyst-1785987877-a60c5bd39f01,239.525,239.526
deep-researcher-1785987950-18735ba7835d,239.602,538.924
wide-researcher-1785987950-6560046017ca,239.630,518.090
reviewer-1785987950-75f58c49a3f0,239.674,551.911
data-analyst-1785987863-83434a95b1d4,239.784,239.785
data-analyst-1785987876-c8ea60b87cf4,239.798,239.798
data-analyst-1785987950-a54cbabc5cd6,239.933,555.817
data-analyst-1785987884-e96e69bb31bb,240.010,297.034
deep-researcher-1785987950-d64a230fe9c7,240.011,422.313
wide-researcher-1785987950-097d1348f81e,240.031,534.553
reviewer-1785987950-7ccb0ef75b08,240.061,672.193
data-analyst-1785987881-f093ab4adb68,240.158,240.159
data-analyst-1785987951-a6bedb7363f9,240.331,678.930
deep-researcher-1785987951-49d8c2c5b7db,240.350,429.874
wide-researcher-1785987951-5e30c8b61bdc,240.380,517.662
reviewer-1785987951-c24f8b3bdfa6,240.407,641.648
data-analyst-1785987951-9685ae63aaab,240.511,653.187
deep-researcher-1785987951-1d655e3e7053,240.566,681.631
data-analyst-1785987889-c5a92be87e84,240.579,412.872
wide-researcher-1785987951-0cfe55bc8678,240.658,535.142
reviewer-1785987951-ac933ea1d532,240.696,646.578
data-analyst-1785987951-2a4ef5d09592,240.738,552.443
deep-researcher-1785987951-4231306ea939,240.757,424.550
wide-researcher-1785987951-a520af67b79f,240.775,478.542
reviewer-1785987951-ded710501289,240.814,646.980
data-analyst-1785987951-2ca3d6229d25,240.877,635.015
deep-researcher-1785987951-1fd7f853cb17,240.905,669.719
wide-researcher-1785987951-53c5eb5d2b4b,240.923,604.034
reviewer-1785987952-3b74b683da57,240.940,680.993
data-analyst-1785987952-bd4c0e9cdaa3,241.027,623.225
data-analyst-1785987889-32c6f1dd6dc0,241.091,293.965
data-analyst-1785987889-1d636ca94669,241.104,412.300
deep-researcher-1785987952-4b263ef95db8,241.119,551.179
data-analyst-1785987889-33c92c8a7240,241.119,290.953
wide-researcher-1785987952-8a7a00544ca5,241.175,664.293
reviewer-1785987952-fd9d276b8d50,241.193,673.070
data-analyst-1785987860-8b4cd1956653,241.258,241.258
data-analyst-1785987952-c94eb8543147,241.270,630.462
deep-researcher-1785987952-7c94329dc052,241.450,695.140
wide-researcher-1785987952-191f3f8652c3,241.486,417.035
reviewer-1785987952-78a14acdb422,241.523,667.455
data-analyst-1785987952-23c5ba00917d,241.557,679.690
deep-researcher-1785987952-fa23eb00abcc,241.576,567.722
data-analyst-1785987875-21c03f752784,241.816,241.816
wide-researcher-1785987952-c913a8f366dc,241.847,527.013
data-analyst-1785987843-a2ad286bdd26,241.917,241.917
reviewer-1785987952-97dd049426ae,241.931,569.399
data-analyst-1785987952-b75e62f40e8c,241.973,523.557
data-analyst-1785987874-1f535cff9e17,241.982,241.982
deep-researcher-1785987952-816683678bd8,242.011,693.201
wide-researcher-1785987953-194f71bc9915,242.072,673.290
data-analyst-1785987886-c1bb0bbe14d0,242.081,242.082
reviewer-1785987953-99a63dcf048f,242.175,642.036
data-analyst-1785987953-5603e27caa9e,242.250,533.537
data-analyst-1785987886-0742dc6921e8,242.269,242.269
data-analyst-1785987858-6e538e389fbf,242.284,242.285
data-analyst-1785987874-ad4bdcf0a955,242.329,242.329
deep-researcher-1785987953-ad406c9aaab9,242.329,438.745
wide-researcher-1785987953-e3de9cb7bb97,242.443,441.818
data-analyst-1785987883-9ea2e2dbd80d,242.457,242.458
reviewer-1785987953-6b373d2505e6,242.487,631.725
data-analyst-1785987953-ed92b4ad20b7,242.537,539.780
deep-researcher-1785987953-beef8b429603,242.568,552.597
wide-researcher-1785987953-5e6424e7329d,242.641,605.160
reviewer-1785987953-02cf2b4afd2b,242.684,661.197
data-analyst-1785987953-009287d4e8a0,242.716,625.044
data-analyst-1785987885-d1efd8cace11,242.751,290.309
deep-researcher-1785987953-319ac1e3a40a,242.780,429.545
wide-researcher-1785987953-35accddee24b,242.832,405.855
reviewer-1785987953-5da6704adb79,242.994,628.962
data-analyst-1785987953-3a5e6389d68a,243.048,538.093
deep-researcher-1785987953-0e4793a7b27e,243.066,417.068
data-analyst-1785987883-228499462cbe,243.287,243.288
wide-researcher-1785987954-bb4c0be6d9ed,243.301,553.130
data-analyst-1785987875-20033dc0bf07,243.302,243.306
reviewer-1785987954-56a5d1fc40f8,243.351,601.643
data-analyst-1785987842-7f94a36c6612,243.383,243.384
data-analyst-1785987954-e18a3c4aa07d,243.398,533.594
deep-researcher-1785987954-ea52fdeef611,243.428,680.586
wide-researcher-1785987954-5ae670f43127,243.448,661.393
reviewer-1785987954-b0d85baae0f5,243.524,653.755
data-analyst-1785987954-c749dcb02d72,243.589,681.976
data-analyst-1785987878-939c077004d9,243.626,243.626
deep-researcher-1785987954-c12860a6ca9b,243.680,417.928
wide-researcher-1785987954-d213647b291d,243.700,636.360
data-analyst-1785987882-b142a46fa794,243.796,290.555
reviewer-1785987954-255fffd24b92,243.839,533.461
data-analyst-1785987886-1ecc84ffcf13,243.915,243.916
data-analyst-1785987954-41726bffb7a5,243.924,632.738
deep-researcher-1785987954-eb18e2d77c83,243.963,422.481
wide-researcher-1785987954-d568f9f7dba9,244.000,406.812
reviewer-1785987955-861ebf6c4891,244.054,458.330
data-analyst-1785987955-e3d4b20c7fb5,244.134,641.983
deep-researcher-1785987955-d819523ddcbb,244.152,672.600
wide-researcher-1785987955-f70e56a35fe0,244.199,416.456
reviewer-1785987955-e489dc6a67ae,244.217,649.610
data-analyst-1785987955-71e9088c9f6e,244.287,588.328
deep-researcher-1785987955-e3cc831f1c34,244.342,681.724
wide-researcher-1785987955-58ca30cc0993,244.388,646.405
reviewer-1785987955-e3476a7714e0,244.472,670.604
data-analyst-1785987955-36c049879271,244.517,682.186
deep-researcher-1785987955-f78fe0bb0768,244.548,523.876
wide-researcher-1785987955-893e2a1bd1ed,244.566,531.761
data-analyst-1785987834-05dc9626f788,244.593,290.444
data-analyst-1785987885-02d7fd573058,244.689,244.689
reviewer-1785987955-80e8a3ab8988,244.802,662.495
data-analyst-1785987955-628e34f1ee69,244.870,674.311
deep-researcher-1785987955-7300a897fa4c,244.908,666.170
wide-researcher-1785987955-44220c2b5eed,244.946,464.275
reviewer-1785987955-c34d70d17e70,244.965,628.977
data-analyst-1785987956-709a7d2435bc,245.023,537.600
deep-researcher-1785987956-6acf886967be,245.041,686.832
wide-researcher-1785987956-4d512c02ca47,245.089,638.608
data-analyst-1785987881-fba0c24312f8,245.154,245.154
reviewer-1785987956-c6b0703f5d8f,245.207,625.097
data-analyst-1785987956-b601cd9d0959,245.301,574.720
deep-researcher-1785987956-1b4a497b6bdd,245.356,410.118
wide-researcher-1785987956-39d6ef04ff84,245.434,655.609
reviewer-1785987956-0bf99936d71e,245.460,648.184
data-analyst-1785987891-3ab7e2b08cd6,245.476,290.995
data-analyst-1785987956-6928fa15fc87,245.558,549.498
deep-researcher-1785987956-faf4120f9d6c,245.666,527.134
wide-researcher-1785987956-aef3d7b4ca62,245.705,435.066
reviewer-1785987956-f54a73b23405,245.736,654.227
data-analyst-1785987956-8b470beb853d,245.803,538.184
deep-researcher-1785987956-11a5d117119d,245.850,664.661
data-analyst-1785987850-67a68f349f2f,245.862,245.863
wide-researcher-1785987956-5535f4e576a2,245.966,669.168
reviewer-1785987956-fb1cf72ce3f0,245.993,682.821
data-analyst-1785987885-0a12148e2cbe,246.020,246.020
data-analyst-1785987956-13f9ffff9558,246.032,530.728
deep-researcher-1785987957-67318d7aa22e,246.061,493.488
data-analyst-1785987875-15e0915d3dbd,246.086,246.086
wide-researcher-1785987957-d1e9c6f16688,246.118,400.067
data-analyst-1785987867-9a936828ed49,246.146,246.147
data-analyst-1785987886-479f0612b908,246.215,246.215
reviewer-1785987957-93e9f9862540,246.219,659.467
data-analyst-1785987957-a2942da97b33,246.322,668.070
deep-researcher-1785987957-dd4593a317a6,246.417,417.166
wide-researcher-1785987957-88758cfccdeb,246.452,638.007
reviewer-1785987957-dcff833fb3a9,246.469,663.652
data-analyst-1785987957-70f8e709ba32,246.499,668.008
deep-researcher-1785987957-bcde2989356e,246.554,526.090
wide-researcher-1785987957-391cc044cb7e,246.716,674.265
reviewer-1785987957-f9cb83f048ea,246.737,649.296
data-analyst-1785987957-09747621f97e,246.815,672.208
deep-researcher-1785987957-6cf1e237e076,246.851,674.578
wide-researcher-1785987957-a64123a434bd,246.877,422.190
reviewer-1785987957-b03c479dcac9,246.956,680.104
data-analyst-1785987957-0f1a51bec90b,247.021,646.933
deep-researcher-1785987958-b24a27f2cecd,247.072,658.247
wide-researcher-1785987958-9a2fe85613b8,247.089,409.411
reviewer-1785987958-4db7889a49cb,247.126,658.433
data-analyst-1785987958-f26dc6aa5be4,247.170,683.016
deep-researcher-1785987958-9eb6cdd90cd5,247.231,423.393
wide-researcher-1785987958-d65659514897,247.249,543.846
reviewer-1785987958-571980ff92ef,247.318,664.011
data-analyst-1785987958-6d7c98a6e38b,247.490,668.313
deep-researcher-1785987958-9c2b8b77e7bf,247.515,417.746
wide-researcher-1785987958-c6f23c4b1a81,247.543,555.804
reviewer-1785987958-6a0866fe90a8,247.576,629.412
data-analyst-1785987885-d25dba7515b3,247.656,247.656
data-analyst-1785987892-f94a4f1bf903,247.685,403.710
data-analyst-1785987958-d00378f0c925,247.742,672.370
deep-researcher-1785987958-c3e71d4a3e20,247.867,534.568
data-analyst-1785987852-d01cd481435f,247.916,247.917
wide-researcher-1785987958-39567cc78718,247.935,421.859
reviewer-1785987958-b3e1d799e7b5,247.975,673.819
data-analyst-1785987958-dfb486c6a56b,248.063,531.686
data-analyst-1785987892-d20995cceae7,248.094,293.932
deep-researcher-1785987959-88e83b18bd9b,248.112,675.438
wide-researcher-1785987959-624a77a52916,248.229,407.552
reviewer-1785987959-67a237b4eb1a,248.267,536.889
data-analyst-1785987959-f27fb8dc8ecf,248.353,682.050
data-analyst-1785987878-e0dc0a087ed3,248.371,248.371
deep-researcher-1785987959-5e6479a273ec,248.383,673.351
wide-researcher-1785987959-cfc3f1392d04,248.429,523.349
reviewer-1785987959-c104bc014833,248.467,659.975
data-analyst-1785987959-4e7426d4cb17,248.545,471.000
deep-researcher-1785987959-87d97a6572e6,248.581,681.572
wide-researcher-1785987959-67a6305f5a5c,248.639,664.858
reviewer-1785987959-68f8450a589a,248.686,676.346
data-analyst-1785987959-47e8709da472,248.735,655.336
deep-researcher-1785987959-4bde96c8da74,248.770,424.499
wide-researcher-1785987959-6a2d9322357f,248.824,422.434
reviewer-1785987959-a75127def092,248.872,665.417
data-analyst-1785987959-14df8bd2eef6,249.007,677.444
deep-researcher-1785987959-c7f3ab34e8c4,249.034,661.706
wide-researcher-1785987959-8a71b2fcfd91,249.065,664.401
reviewer-1785987960-58a1cb082fe5,249.242,665.266
data-analyst-1785987960-7b5ff8058c6e,249.348,524.755
data-analyst-1785987889-ac686477f7c4,249.402,291.511
deep-researcher-1785987960-364c1a10a485,249.436,660.700
wide-researcher-1785987960-85e89e978350,249.476,651.473
reviewer-1785987960-1b4fec3e268b,249.521,643.710
data-analyst-1785987960-7845646fb019,249.568,673.336
deep-researcher-1785987960-25087cf77981,249.623,459.029
wide-researcher-1785987960-c9f3a300d6fe,249.749,405.930
reviewer-1785987960-0ceed3819e80,249.778,541.295
data-analyst-1785987960-475f6d89be0c,249.840,537.722
data-analyst-1785987893-f10537616133,249.866,290.830
deep-researcher-1785987960-3159ba9c78c9,249.870,459.393
data-analyst-1785987893-6d7c184766e2,249.883,290.711
data-analyst-1785987893-05e1b40a7c30,249.897,295.081
wide-researcher-1785987960-c896fb75c5ba,249.962,414.012
reviewer-1785987960-54876d4cf6c1,249.979,669.638
data-analyst-1785987885-d043e5d52cfd,249.996,249.996
data-analyst-1785987961-32a28499816f,250.037,638.814
deep-researcher-1785987961-f2f8687dfa53,250.064,565.589
wide-researcher-1785987961-0769ab0567f6,250.090,519.657
reviewer-1785987961-108f77fc1b52,250.146,579.767
data-analyst-1785987961-73fed49c4abd,250.188,660.608
deep-researcher-1785987961-e26bce442c13,250.206,659.937
wide-researcher-1785987961-2c9b4d7ab4f9,250.244,530.894
data-analyst-1785987886-2914297d8130,250.255,250.256
data-analyst-1785987886-2195274fb486,250.270,250.271
reviewer-1785987961-d346aaa3dfe4,250.274,644.700
data-analyst-1785987961-b8ff6504adde,250.391,663.175
data-analyst-1785987874-5d621135f99f,250.444,250.445
deep-researcher-1785987961-da198f74a1d9,250.488,646.183
wide-researcher-1785987961-17075222720b,250.515,637.630
reviewer-1785987961-c4a82e926bc9,250.544,660.554
data-analyst-1785987961-be9ba9702dac,250.604,524.894
deep-researcher-1785987961-e2e36c0bacd5,250.649,657.554
data-analyst-1785987889-b042590f56f7,250.673,250.673
wide-researcher-1785987961-b4bbb5841176,250.752,403.546
reviewer-1785987961-a36fa3c707d8,250.899,663.196
data-analyst-1785987961-0ace15747948,250.949,628.302
deep-researcher-1785987961-60da543e708d,251.049,669.189
wide-researcher-1785987961-6391ccad9b0e,251.075,425.659
reviewer-1785987962-f98ebc1d1207,251.136,652.884
data-analyst-1785987962-3dc8d6b08ba3,251.261,533.421
deep-researcher-1785987962-d4d953caae92,251.301,414.652
data-analyst-1785987891-0be344e3c543,251.341,301.003
data-analyst-1785987870-80394508c3ee,251.358,251.359
wide-researcher-1785987962-d745c12d0fc6,251.387,656.640
reviewer-1785987962-42fce78a6e15,251.417,679.028
data-analyst-1785987962-c90b89afa71f,251.487,552.748
deep-researcher-1785987962-ada31e92c460,251.504,665.380
data-analyst-1785987893-21535d31e3c9,251.505,291.544
wide-researcher-1785987962-a10bf3ce9409,251.553,638.231
reviewer-1785987962-40c7c99124a8,251.609,670.296
data-analyst-1785987893-7a4fc337e2e8,251.647,305.340
data-analyst-1785987962-33d29c1ed4f9,251.659,657.179
data-analyst-1785987893-b2c5b7a21b21,251.660,292.253
data-analyst-1785987893-76574aec855d,251.676,378.478
deep-researcher-1785987962-23cb961ac11c,251.707,412.694
wide-researcher-1785987962-ad60369e224d,251.724,416.225
reviewer-1785987962-dcd042625cda,251.786,653.552
data-analyst-1785987873-4ec40d01276f,251.799,251.799
data-analyst-1785987962-85cf7dd4e470,251.865,555.915
data-analyst-1785987893-f05f1e4897cd,251.866,301.505
data-analyst-1785987893-f91d59386caa,251.882,362.547
deep-researcher-1785987962-100002bfa0cf,251.911,475.020
wide-researcher-1785987962-a2c76111a13b,251.995,421.155
reviewer-1785987962-7e5c63a00283,252.036,665.302
data-analyst-1785987963-08fa0d776596,252.155,463.014
deep-researcher-1785987963-e8fbc1b2df4d,252.400,524.863
wide-researcher-1785987963-8c8b3dc2db81,252.420,663.774
reviewer-1785987963-a67736339a25,252.458,663.821
data-analyst-1785987963-9be37fba4a90,252.547,660.502
deep-researcher-1785987963-3e4f971471ed,252.584,432.267
wide-researcher-1785987963-a041f2008de2,252.651,413.042
data-analyst-1785987862-9adbfa2600dc,252.770,290.323
reviewer-1785987963-bb1293e27e1a,252.775,663.354
data-analyst-1785987963-1d9462590529,252.900,456.499
deep-researcher-1785987963-c45a15d4c99a,252.931,416.531
wide-researcher-1785987963-e71652e088b1,253.004,436.647
reviewer-1785987963-4b0f3f0210c0,253.110,687.999
data-analyst-1785987887-15874f515d33,253.149,253.149
data-analyst-1785987964-410967a6a24b,253.174,646.867
deep-researcher-1785987964-482f1c6f2226,253.221,552.556
wide-researcher-1785987964-652ebbefcaef,253.292,442.317
data-analyst-1785987887-c19d5f581fad,253.305,297.000
reviewer-1785987964-fcd982242704,253.313,667.423
data-analyst-1785987964-4685659a64da,253.369,676.118
deep-researcher-1785987964-bfcce952bc5b,253.500,684.259
data-analyst-1785987874-04569b2ae51d,253.546,253.547
wide-researcher-1785987964-19536c65a8cc,253.554,572.949
data-analyst-1785987861-18b657b64511,253.564,253.565
data-analyst-1785987889-1ccf921df29a,253.578,253.578
data-analyst-1785987889-faf4c27fba3e,253.621,253.621
reviewer-1785987964-043960c45ae2,253.634,633.477
data-analyst-1785987857-8b0e3843e8b9,253.665,253.665
data-analyst-1785987862-31f8e282b139,253.680,253.681
data-analyst-1785987964-c1f2118bd299,253.921,534.748
data-analyst-1785987886-76d6cc80b583,253.928,253.929
deep-researcher-1785987964-3df075c684b3,253.973,681.772
wide-researcher-1785987964-2b5058616ee5,254.028,676.759
data-analyst-1785987885-b9584a8a7d33,254.047,254.047
reviewer-1785987964-ad67f6abb6d3,254.066,628.339
data-analyst-1785987885-f7866f941dbd,254.106,254.107
data-analyst-1785987965-64d240c84c02,254.160,667.155
data-analyst-1785987885-ed767b29bb2f,254.164,254.165
data-analyst-1785987868-ee9bfbd48621,254.284,254.285
deep-researcher-1785987965-fe6b4a285f2d,254.297,429.735
data-analyst-1785987886-e2acc930858a,254.307,254.307
data-analyst-1785987877-bdc6f6fc90b4,254.321,254.321
wide-researcher-1785987965-ddb11d1f20ab,254.379,560.079
reviewer-1785987965-98a67a375a35,254.409,640.301
data-analyst-1785987965-a3b87822b582,254.499,642.423
deep-researcher-1785987965-11f95149d7ec,254.556,672.961
wide-researcher-1785987965-d4547c09a676,254.585,529.928
reviewer-1785987965-97e2944358c8,254.622,672.069
data-analyst-1785987965-c1d6162ac05a,254.670,663.237
deep-researcher-1785987965-b1e77d9eb5e2,254.721,647.256
wide-researcher-1785987965-8060ca9bf665,254.814,400.493
reviewer-1785987965-b04d5c1fdfac,254.885,656.911
data-analyst-1785987965-a986380943f2,255.024,669.964
deep-researcher-1785987965-50448c542d2b,255.054,416.776
wide-researcher-1785987965-7e8da336c680,255.139,424.034
reviewer-1785987966-77381b2e92a5,255.162,690.118
data-analyst-1785987966-1067e4665423,255.295,641.692
deep-researcher-1785987966-dc9ea289e4e0,255.435,668.856
wide-researcher-1785987966-c348cb144bd7,255.485,693.776
reviewer-1785987966-24b92acc51af,255.562,680.289
data-analyst-1785987966-700d57f04454,255.596,670.214
deep-researcher-1785987966-8fbd423acfaf,255.670,419.871
data-analyst-1785987888-369251d0b7d7,255.691,255.692
wide-researcher-1785987966-48fe6c869979,255.807,653.302
reviewer-1785987966-4c8342444b6d,255.888,642.545
data-analyst-1785987966-54b64f6b9a6c,255.960,674.776
deep-researcher-1785987966-88516c5418e9,256.014,516.519
wide-researcher-1785987966-c4063133e89f,256.033,667.263
data-analyst-1785987863-a411eb036d10,256.047,256.047
reviewer-1785987967-9adea0de6e91,256.071,636.928
data-analyst-1785987967-f9ee8a169d8c,256.146,679.048
deep-researcher-1785987967-07a37b326db3,256.181,402.539
wide-researcher-1785987967-7efb535716dc,256.232,524.908
data-analyst-1785987872-47a5dd99a4aa,256.262,256.262
reviewer-1785987967-2f0d7679d8c5,256.326,678.332
data-analyst-1785987967-3be16fbe499e,256.403,653.318
deep-researcher-1785987967-bb81846c9a57,256.580,405.951
wide-researcher-1785987967-37d18fa7f422,256.610,588.525
reviewer-1785987967-07b3106ef0ef,256.668,636.802
data-analyst-1785987895-56d745153785,256.778,306.731
data-analyst-1785987895-7048f74e4995,256.794,293.247
data-analyst-1785987967-9b4a1b305297,256.807,665.361
deep-researcher-1785987967-11b784c5dcaa,256.894,534.188
wide-researcher-1785987967-1b8cc5421c8b,256.937,674.961
reviewer-1785987967-b4913c61ac3a,256.981,648.200
data-analyst-1785987967-4aea59018de1,257.038,680.001
deep-researcher-1785987968-e53e8100400b,257.056,486.586
wide-researcher-1785987968-fe9e18a525a0,257.085,453.350
data-analyst-1785987895-d633c7d7bc71,257.112,291.624
reviewer-1785987968-3cb628f392d2,257.116,659.996
data-analyst-1785987895-303f48eb09b2,257.129,295.049
data-analyst-1785987895-3f54b11aa66c,257.143,296.468
data-analyst-1785987968-da127e5af9b4,257.171,643.210
deep-researcher-1785987968-4afb1f190f84,257.191,412.074
wide-researcher-1785987968-ae98415b49ab,257.311,417.251
data-analyst-1785987885-2df5a4e03240,257.325,257.325
reviewer-1785987968-2b30ae3ec897,257.399,669.523
data-analyst-1785987968-fb12364b66d1,257.470,669.082
deep-researcher-1785987968-31a153b9db9a,257.529,414.050
data-analyst-1785987884-dfa88f00cb61,257.535,257.535
wide-researcher-1785987968-2e86842a1fbd,257.548,423.006
reviewer-1785987968-91ef40036bf5,257.586,662.306
data-analyst-1785987968-dc8385ca4db4,257.654,674.001
deep-researcher-1785987968-8c11256af7da,257.700,523.600
wide-researcher-1785987968-305ebb245095,257.740,497.737
reviewer-1785987968-0a144312ea2a,257.797,634.009
data-analyst-1785987968-1c79ca76ec3b,257.839,660.573
deep-researcher-1785987968-8e5591c71808,257.901,490.753
data-analyst-1785987848-251dca19be79,257.958,257.958
wide-researcher-1785987968-a2573f427126,257.986,504.981
data-analyst-1785987877-d6bfd46a8a17,258.021,258.022
reviewer-1785987968-97b2a28a8c79,258.050,647.903
data-analyst-1785987875-4b15d4a0020f,258.080,258.080
data-analyst-1785987969-4762878b879f,258.093,681.118
deep-researcher-1785987969-9167d031ee8f,258.123,679.730
wide-researcher-1785987969-efdefd17a507,258.181,662.524
reviewer-1785987969-750e068beae2,258.317,681.296
data-analyst-1785987969-e0f361990ff4,258.448,655.480
deep-researcher-1785987969-c7e084333eff,258.501,450.768
wide-researcher-1785987969-1acea46bb944,258.518,558.535
reviewer-1785987969-d36689228ab2,258.546,532.855
data-analyst-1785987969-03404abb645f,258.596,660.824
deep-researcher-1785987969-57011f1b7fd2,258.617,655.827
wide-researcher-1785987969-4c92033a91c8,258.647,681.421
reviewer-1785987969-22283fedeaa2,258.675,650.487
data-analyst-1785987884-042ebff745c3,258.676,258.679
data-analyst-1785987888-8e5339723ea8,258.707,258.708
data-analyst-1785987887-0a74c7e4a93b,258.816,258.816
data-analyst-1785987969-5234cd8c1dd9,258.828,672.741
data-analyst-1785987891-9ee716ffe012,258.832,258.833
data-analyst-1785987888-85b3526d6aba,258.894,258.894
deep-researcher-1785987969-306b22f5e840,258.912,436.842
wide-researcher-1785987969-fdc70e5a2ec2,258.948,609.858
reviewer-1785987969-994519197ca8,258.988,671.264
data-analyst-1785987970-860c0be6eb96,259.049,633.879
deep-researcher-1785987970-76f9e9aec59a,259.099,642.142
wide-researcher-1785987970-1adea0c911f0,259.163,408.631
reviewer-1785987970-bb8becfc63e8,259.183,671.916
data-analyst-1785987970-d35ecc3baf2b,259.252,660.721
deep-researcher-1785987970-ae05aa380cf8,259.313,669.622
wide-researcher-1785987970-0e4faeee2ad4,259.351,478.354
reviewer-1785987970-84b52d8789eb,259.370,668.690
data-analyst-1785987970-24936e2b8ccb,259.433,664.165
deep-researcher-1785987970-f8957b9f3b60,259.494,684.599
wide-researcher-1785987970-6e3c935539a9,259.531,530.614
reviewer-1785987970-69ba78ebe1a2,259.557,683.049
data-analyst-1785987896-c0ab6c183058,259.644,296.838
data-analyst-1785987896-7c53f6f1b28c,259.657,295.740
data-analyst-1785987970-9b2624fbf5d9,259.688,681.788
deep-researcher-1785987970-10561a8c7e3b,259.706,526.502
data-analyst-1785987885-f4cb82603b8d,259.778,259.778
wide-researcher-1785987970-6c4af6dfcdde,259.848,637.212
reviewer-1785987970-8b9ee5cd1d58,259.998,634.777
data-analyst-1785987970-12f7dd1b9fd0,260.041,671.989
data-analyst-1785987887-046f11d7e362,260.070,260.070
deep-researcher-1785987970-e66c449f1834,260.071,629.125
wide-researcher-1785987971-72c17cf46b7a,260.120,527.151
reviewer-1785987971-db182a2aec69,260.137,679.432
data-analyst-1785987971-a1593fc122a9,260.166,540.429
deep-researcher-1785987971-bdb7b1e0fbc3,260.194,663.996
wide-researcher-1785987971-7253ed4fc0ce,260.328,581.805
data-analyst-1785987887-1ea025d9f7f7,260.342,260.343
reviewer-1785987971-3338f7effacc,260.424,518.975
data-analyst-1785987971-5297eef48652,260.476,524.630
deep-researcher-1785987971-497f0e2e256e,260.516,658.779
wide-researcher-1785987971-0bc02ece694e,260.547,446.007
reviewer-1785987971-d0601aad345e,260.578,676.364
data-analyst-1785987971-dd9e99f723e8,260.621,524.334
deep-researcher-1785987971-f2d258bd77a3,260.678,677.617
wide-researcher-1785987971-1ff401e71ae8,260.708,650.918
reviewer-1785987971-999973ebdb19,260.806,668.593
data-analyst-1785987971-eddeb58ed5ae,260.869,643.135
deep-researcher-1785987971-09cca21ba546,260.888,679.480
wide-researcher-1785987971-6d474d3eb8e5,260.909,489.518
reviewer-1785987971-5c05924c51d6,260.939,653.458
data-analyst-1785987896-22fccd104a95,260.995,410.289
data-analyst-1785987972-cc93c6833b5b,261.007,669.437
deep-researcher-1785987972-a38d02965c90,261.035,416.276
wide-researcher-1785987972-f8182104e4c2,261.082,423.631
reviewer-1785987972-d63770cd4b88,261.113,631.901
data-analyst-1785987972-83e794549037,261.209,661.672
data-analyst-1785987885-527160125a3f,261.272,261.273
data-analyst-1785987834-d6a3f9cf73ab,261.403,261.403
deep-researcher-1785987972-ea503d193d52,261.427,417.688
wide-researcher-1785987972-4876512ea09d,261.473,611.508
reviewer-1785987972-14461bc1dc0e,261.535,667.327
data-analyst-1785987972-1555871f7ac4,261.584,663.008
data-analyst-1785987896-29deedeff089,261.594,293.603
deep-researcher-1785987972-257da4dc0390,261.621,685.140
wide-researcher-1785987972-16e1c417f06e,261.639,636.698
reviewer-1785987972-592287ec770c,261.670,634.710
data-analyst-1785987892-2930f16dd195,261.683,290.461
data-analyst-1785987972-725204045bd3,261.714,673.166
data-analyst-1785987883-fd6452a663a9,261.810,261.810
data-analyst-1785987884-e219798d3e35,261.868,261.869
deep-researcher-1785987972-f9df982a8a20,261.914,516.671
wide-researcher-1785987972-273fbfe47533,261.951,656.515
reviewer-1785987972-40d6417ac4a0,261.992,646.071
data-analyst-1785987867-12747daf2bae,262.020,262.020
data-analyst-1785987972-ec08709a0736,262.091,584.831
deep-researcher-1785987973-af3d2f1204df,262.141,464.868
wide-researcher-1785987973-9300e8711a93,262.273,525.816
reviewer-1785987973-45751b0b1fb2,262.314,657.020
data-analyst-1785987973-ea23c0f041b4,262.370,633.253
deep-researcher-1785987973-20ffb7ed17a7,262.392,501.730
wide-researcher-1785987973-473c885d7e9c,262.419,429.530
reviewer-1785987973-442a576b6773,262.458,552.472
data-analyst-1785987973-6dcfff702932,262.517,536.257
deep-researcher-1785987973-9a395d0c8e61,262.593,632.561
wide-researcher-1785987973-b191d47a378b,262.621,415.554
reviewer-1785987973-7e407464a50c,262.639,657.979
data-analyst-1785987867-14b2d74a4e1e,262.676,307.265
data-analyst-1785987860-05507ee53a0d,262.691,293.260
data-analyst-1785987973-5e05acf0b104,262.701,667.650
deep-researcher-1785987973-068cc0e1fb87,262.721,679.084
wide-researcher-1785987973-320d724ce11c,262.846,533.809
reviewer-1785987973-607924831c60,262.970,680.246
data-analyst-1785987973-f7efa8f8e6b7,263.024,556.147
data-analyst-1785987860-ec4d420e5b02,263.044,297.473
deep-researcher-1785987973-06ab5dc7f001,263.091,423.143
wide-researcher-1785987974-d9f0fafbdea2,263.138,574.810
reviewer-1785987974-1b6a82437773,263.155,525.110
data-analyst-1785987974-6f04c89660da,263.186,678.196
deep-researcher-1785987974-4fa514b979c4,263.205,532.131
data-analyst-1785987897-c57d7879da75,263.238,291.223
data-analyst-1785987897-89063033ca6b,263.252,297.084
wide-researcher-1785987974-7d95658a9cce,263.437,638.719
reviewer-1785987974-0154bf24e8d0,263.502,658.080
data-analyst-1785987974-168b6376ed4f,263.600,555.571
deep-researcher-1785987974-f02b0564b2af,263.637,521.761
wide-researcher-1785987974-c7c0569f7390,263.786,663.878
reviewer-1785987974-f320ef899bd5,263.823,666.609
data-analyst-1785987874-5ab61eaf441f,263.875,263.875
data-analyst-1785987974-d16b3a79bcf9,263.887,674.023
deep-researcher-1785987974-17acddc73d91,263.909,530.309
wide-researcher-1785987974-c0cdbfa68e09,263.927,426.734
reviewer-1785987975-13485d2ae60a,263.979,656.530
data-analyst-1785987885-0ad41004b6ca,263.992,263.992
data-analyst-1785987852-fe31e6785f4f,264.069,264.069
data-analyst-1785987975-608a360d2631,264.144,627.549
data-analyst-1785987895-57b191b39d0b,264.164,290.375
data-analyst-1785987858-f0d14e150f55,264.183,264.183
data-analyst-1785987878-2eeab9e2cbc1,264.198,264.199
deep-researcher-1785987975-f15eec0f0d07,264.218,417.306
data-analyst-1785987897-5fb2ba3704c6,264.340,291.589
data-analyst-1785987897-d6f3188c08f0,264.354,291.605
wide-researcher-1785987975-2430c497c029,264.358,481.362
data-analyst-1785987897-9c35b2673f96,264.372,300.928
data-analyst-1785987889-b55d2bb5773f,264.451,264.451
reviewer-1785987975-e0ff8543d24c,264.484,544.888
data-analyst-1785987975-eafdb8152178,264.533,670.934
data-analyst-1785987891-03d871988607,264.651,264.652
deep-researcher-1785987975-25a25e498134,264.664,422.089
wide-researcher-1785987975-c7362cbd4156,264.682,682.903
reviewer-1785987975-6247faa4ad05,264.700,643.940
data-analyst-1785987897-83bee9f82612,264.709,319.688
data-analyst-1785987897-5b25507d0b1b,264.722,294.707
data-analyst-1785987975-3a4583689bc7,264.741,572.605
data-analyst-1785987897-7418d70a04ff,264.780,292.237
data-analyst-1785987897-a7b8d82a9be1,264.793,292.000
deep-researcher-1785987975-873aa21ac48f,264.797,528.051
data-analyst-1785987897-24b03465c275,264.810,301.198
wide-researcher-1785987975-dfb2c72625a9,264.871,670.332
reviewer-1785987975-785af3ed5e08,264.928,622.453
data-analyst-1785987892-15d46a1830c2,264.990,336.067
data-analyst-1785987975-73fbabe41f1b,265.024,673.150
deep-researcher-1785987975-4b669b43d03c,265.109,411.485
wide-researcher-1785987976-afe06d23d27d,265.158,414.365
reviewer-1785987976-c912577ef3bc,265.224,653.267
data-analyst-1785987976-2587a468453a,265.298,670.787
deep-researcher-1785987976-aa33a9848835,265.345,648.215
wide-researcher-1785987976-4ac75f979c47,265.383,649.897
reviewer-1785987976-c2595eda32f8,265.401,635.179
data-analyst-1785987976-6e3d9b6a2203,265.441,608.088
deep-researcher-1785987976-f1bb52ea715f,265.478,510.756
wide-researcher-1785987976-cf65b3c752d6,265.496,435.790
reviewer-1785987976-4023ce9b0e47,265.514,668.776
data-analyst-1785987976-c0f834eee15d,265.568,677.243
deep-researcher-1785987976-8d534acfcf21,265.655,556.691
wide-researcher-1785987976-e00905ebf94c,265.707,444.375
reviewer-1785987976-d9a4a2c88723,265.735,660.485
data-analyst-1785987976-db93120b719b,265.866,645.508
deep-researcher-1785987976-345e9a49477c,265.998,675.995
wide-researcher-1785987976-20e0192047a3,266.045,672.084
reviewer-1785987976-aba38108d695,266.092,658.550
data-analyst-1785987977-e12891eb8fd2,266.151,674.920
deep-researcher-1785987977-2f97b1c9406b,266.179,567.354
wide-researcher-1785987977-546125d188de,266.228,528.316
data-analyst-1785987838-d02de309724f,266.344,298.532
data-analyst-1785987868-9ee815eb77c3,266.358,295.504
data-analyst-1785987838-eda80d93a564,266.371,296.267
data-analyst-1785987865-5582b4c01b38,266.384,400.837
reviewer-1785987977-27b2cc379afd,266.454,625.436
data-analyst-1785987977-56af830b3ea6,266.533,681.804
deep-researcher-1785987977-0510ed557e8e,266.609,423.188
wide-researcher-1785987977-f592185f58ae,266.630,645.408
reviewer-1785987977-601c36728724,266.658,672.225
data-analyst-1785987851-1679c4091467,266.718,266.719
data-analyst-1785987977-9c69ace8bca5,266.727,678.313
deep-researcher-1785987977-de603f89a64f,266.746,574.030
wide-researcher-1785987977-6dfe1b2dd7f0,266.811,625.081
data-analyst-1785987886-ce718001319a,266.816,266.816
data-analyst-1785987870-ca8be9d8f35d,266.831,266.832
reviewer-1785987977-15ed73c9e990,266.850,655.678
data-analyst-1785987977-f28f823822b0,266.904,691.381
deep-researcher-1785987977-b765c2bcb97c,266.921,677.935
wide-researcher-1785987977-0ce809384658,266.938,529.847
reviewer-1785987978-07dd50c5903e,266.986,672.983
data-analyst-1785987978-ae3751788526,267.018,641.088
deep-researcher-1785987978-f2f171c235f1,267.078,692.983
data-analyst-1785987868-8176b6fea7cf,267.089,267.090
wide-researcher-1785987978-02cce9146cad,267.231,528.510
reviewer-1785987978-7a300b53e55e,267.259,650.953
data-analyst-1785987891-9e9f34fd01c3,267.374,267.375
data-analyst-1785987862-f68c2a0e6996,267.389,267.390
data-analyst-1785987850-5fbe78f2acb4,267.421,290.490
data-analyst-1785987978-dae1151f7d86,267.451,655.170
data-analyst-1785987883-d8795aed37ec,267.492,267.493
deep-researcher-1785987978-a448eabf6f45,267.501,565.741
wide-researcher-1785987978-4398822cb09b,267.558,656.183
reviewer-1785987978-04fd25258b99,267.611,662.599
data-analyst-1785987978-d25666bd772c,267.709,686.032
deep-researcher-1785987978-97e106671d4f,267.738,674.233
wide-researcher-1785987978-b5df23e91136,267.816,634.729
reviewer-1785987978-9a8e1c262594,267.957,642.725
data-analyst-1785987978-610be75f478e,268.027,669.003
deep-researcher-1785987978-de66b6d05fce,268.105,488.150
wide-researcher-1785987978-fd405a2aef82,268.146,471.244
reviewer-1785987979-88cd7f581d92,268.174,661.911
data-analyst-1785987865-09f3a40d9694,268.222,268.222
data-analyst-1785987979-f16f302585a7,268.235,690.332
deep-researcher-1785987979-19c5e6d5b2ed,268.252,540.734
wide-researcher-1785987979-f85b4f873738,268.297,647.348
reviewer-1785987979-7a0dbac9a139,268.325,656.413
data-analyst-1785987979-4c70a53c59f6,268.432,679.528
data-analyst-1785987885-a0d11a204628,268.462,268.463
deep-researcher-1785987979-81752f352b0f,268.503,522.284
wide-researcher-1785987979-4f822564e747,268.521,674.594
reviewer-1785987979-27103d5902e5,268.539,676.709
data-analyst-1785987866-5e913e08bef9,268.573,268.574
data-analyst-1785987979-070fde6b0287,268.682,539.594
data-analyst-1785987888-971dfb6b9ade,268.694,268.694
data-analyst-1785987835-1417f585c3ef,268.709,268.710
deep-researcher-1785987979-18f756032e84,268.733,660.943
wide-researcher-1785987979-c008343122d4,268.773,638.299
reviewer-1785987979-5e3f3e16f9e8,268.961,675.939
data-analyst-1785987852-c16a4f762e6e,269.094,269.094
data-analyst-1785987979-3d842236a0eb,269.121,653.348
deep-researcher-1785987979-7a00f5ba0033,269.226,665.763
wide-researcher-1785987979-ba48919e25dc,269.255,536.595
reviewer-1785987980-638867dfb0cf,269.331,663.598
data-analyst-1785987980-5be661b3b8be,269.409,546.383
data-analyst-1785987834-a24f25f57bef,269.424,269.424
deep-researcher-1785987980-c1deb48878ad,269.467,424.967
wide-researcher-1785987980-04f026e3c15e,269.487,665.619
reviewer-1785987980-501455e19de6,269.541,648.681
data-analyst-1785987980-d51c26922b32,269.619,530.504
deep-researcher-1785987980-e55d9283169c,269.649,673.134
wide-researcher-1785987980-448d567ebd23,269.698,539.145
reviewer-1785987980-c9638a1cbba2,269.762,623.659
data-analyst-1785987980-f3f4f48b42c4,269.836,678.212
deep-researcher-1785987980-7bfa1a9f31e5,269.946,415.747
wide-researcher-1785987980-0074a7124a8e,269.966,416.547
reviewer-1785987980-ffa4ee74123e,270.004,668.086
data-analyst-1785987981-049d4eb133ee,270.038,686.012
deep-researcher-1785987981-27d4fba3a829,270.057,667.082
data-analyst-1785987839-7ffbe5afa54a,270.160,401.617
wide-researcher-1785987981-0cedfa7da985,270.251,430.353
reviewer-1785987981-4bfb4e9658ba,270.278,677.597
data-analyst-1785987899-f92ccdaacef2,270.419,292.803
data-analyst-1785987899-2c3fd3b16664,270.435,293.234
data-analyst-1785987899-91a7de0511e0,270.449,294.643
data-analyst-1785987981-db082c685b68,270.619,679.576
data-analyst-1785987899-03792e08564f,270.630,295.792
deep-researcher-1785987981-9d0ea89c615a,270.639,666.107
data-analyst-1785987899-d09b53570a0a,270.648,295.601
data-analyst-1785987899-a1c0d4fec258,270.661,305.055
data-analyst-1785987863-9af86c109315,270.695,270.696
wide-researcher-1785987981-fe6f686a9d6d,270.744,534.448
reviewer-1785987981-b6ae62683917,270.771,628.848
data-analyst-1785987885-6ebf3a9b9247,270.920,270.921
data-analyst-1785987981-154f2e6b83be,270.929,541.327
data-analyst-1785987884-ed7c635475a7,271.029,290.058
data-analyst-1785987893-7a7222c5615e,271.048,291.530
deep-researcher-1785987981-29b8912c3f5f,271.131,459.079
wide-researcher-1785987981-9c98f0f080ec,271.202,465.792
reviewer-1785987981-c7b737efbad5,271.221,539.482
data-analyst-1785987982-61f93b438f49,271.273,683.168
deep-researcher-1785987982-0610b608ef41,271.292,678.503
wide-researcher-1785987982-c696d9f83dfe,271.321,638.131
reviewer-1785987982-0dae35dfdbe5,271.349,642.158
data-analyst-1785987982-6b8caf089f72,271.401,551.535
deep-researcher-1785987982-12e309867d1c,271.428,428.483
wide-researcher-1785987982-9c020b8afb1c,271.468,549.766
data-analyst-1785987842-12611b7987e6,271.497,271.497
reviewer-1785987982-89065e871815,271.524,647.314
data-analyst-1785987982-ee3757f5fb05,271.553,574.328
deep-researcher-1785987982-97d2cf0b3d47,271.570,475.253
wide-researcher-1785987982-c853844dd526,271.693,541.485
data-analyst-1785987899-6c93363ddbfd,271.711,291.316
data-analyst-1785987899-18aad356a01d,271.725,294.027
data-analyst-1785987899-5ed65f7f13df,271.737,376.989
reviewer-1785987982-523252a765ad,271.742,670.820
data-analyst-1785987891-7517ba58d3ae,271.772,298.432
data-analyst-1785987884-d20afb7147fd,271.790,271.790
data-analyst-1785987864-d1e9994e636b,271.803,271.803
data-analyst-1785987982-b50a685524d8,271.803,657.899
deep-researcher-1785987982-4c53df62803f,271.910,533.899
wide-researcher-1785987982-da60b4e2a4e5,271.987,667.591
reviewer-1785987982-ee32e3062c9d,272.034,681.676
data-analyst-1785987982-1681b2257af8,272.090,659.260
deep-researcher-1785987983-0be3d34cf669,272.129,672.939
wide-researcher-1785987983-cf1b6e4428d4,272.147,532.253
reviewer-1785987983-5ed9c06800fe,272.187,659.541
data-analyst-1785987983-3d7f15ea7fdc,272.227,679.067
deep-researcher-1785987983-6a9569283037,272.254,625.312
wide-researcher-1785987983-8624d419c445,272.293,528.331
reviewer-1785987983-47f7a9e27abe,272.349,588.804
data-analyst-1785987983-c4c384977f49,272.416,674.472
deep-researcher-1785987983-52c86a251702,272.446,421.487
data-analyst-1785987870-152c2f2874b6,272.460,290.522
wide-researcher-1785987983-937c3925f786,272.515,473.601
reviewer-1785987983-6605658bb137,272.631,588.676
data-analyst-1785987983-c38ca4b4bd9f,272.700,661.856
deep-researcher-1785987983-f60b14844696,272.728,675.923
wide-researcher-1785987983-b904917b5b7e,272.787,522.583
reviewer-1785987983-2ed5d24675ea,272.808,672.684
data-analyst-1785987895-c4a664bb01a9,272.911,272.912
data-analyst-1785987983-8d7f1a81eb58,272.939,636.759
deep-researcher-1785987983-97f1af6b39c0,272.968,520.610
wide-researcher-1785987983-367da2ad6667,273.044,524.600
reviewer-1785987983-15b2130c6444,273.065,641.296
data-analyst-1785987875-924cfa62556d,273.101,273.101
data-analyst-1785987984-c46db43d84ff,273.113,635.986
data-analyst-1785987899-7e4bc132ee4b,273.160,294.969
data-analyst-1785987899-24694374a40e,273.172,293.398
data-analyst-1785987899-c13dba91c6cd,273.186,300.451
deep-researcher-1785987984-7f115550decd,273.204,519.714
wide-researcher-1785987984-1db8f61d0503,273.262,679.631
reviewer-1785987984-aee34a351ce6,273.310,644.871
data-analyst-1785987984-c0efdaef8850,273.484,673.783
deep-researcher-1785987984-6a07021ae42c,273.560,537.984
wide-researcher-1785987984-bd1c7340a88e,273.587,682.676
data-analyst-1785987885-12e543ddcce8,273.634,273.634
reviewer-1785987984-3168b559e862,273.658,642.074
data-analyst-1785987984-ee167e8900e9,273.701,672.386
data-analyst-1785987834-4e8212a4fd55,273.772,273.773
deep-researcher-1785987984-e1b5c3a3259d,273.796,516.152
wide-researcher-1785987984-fe6d434bb291,273.864,547.367
reviewer-1785987984-f625a333a38e,273.882,666.007
data-analyst-1785987984-e504d576a442,273.927,556.924
data-analyst-1785987897-a27208e1b693,273.948,290.540
data-analyst-1785987852-925fe03fb100,273.968,300.654
data-analyst-1785987876-22d5dba76246,274.001,274.001
deep-researcher-1785987984-4951ae8edd33,274.026,664.628
wide-researcher-1785987985-b6fd1b178d6b,274.138,566.504
reviewer-1785987985-78efc9d5ea8e,274.156,605.578
data-analyst-1785987985-ef6260a6403d,274.228,687.125
deep-researcher-1785987985-68843862cd50,274.252,677.460
wide-researcher-1785987985-99faa426ce96,274.292,641.773
reviewer-1785987985-ff3172a1572d,274.328,675.700
data-analyst-1785987985-84331293e933,274.372,625.061
data-analyst-1785987892-cad1f5cf0ac7,274.402,291.483
deep-researcher-1785987985-4c9d85cdcff0,274.414,433.374
data-analyst-1785987893-be3f4a43fb95,274.425,274.426
wide-researcher-1785987985-eacb5105d4ab,274.477,572.718
reviewer-1785987985-a3f32b6a2766,274.533,667.003
data-analyst-1785987985-0e4ab47cebc2,274.563,561.752
deep-researcher-1785987985-d07006b3254f,274.580,585.980
wide-researcher-1785987985-773aa87bd533,274.629,530.149
reviewer-1785987985-b3e0d88dcc2b,274.722,674.067
data-analyst-1785987985-1473ba1bcc82,274.767,658.010
deep-researcher-1785987985-a7225b51c5f6,274.813,651.804
wide-researcher-1785987985-b1e2713a4363,274.917,539.932
reviewer-1785987985-7e454136a776,275.052,648.720
data-analyst-1785987985-1a6959ee7146,275.099,646.481
deep-researcher-1785987985-73bf6c55ef3d,275.175,694.393
wide-researcher-1785987986-b189ac886a6d,275.224,528.796
reviewer-1785987986-6ce948693718,275.308,667.710
data-analyst-1785987986-14fd340ef7db,275.377,533.990
deep-researcher-1785987986-35c00e831c25,275.406,637.442
wide-researcher-1785987986-0ccd07274767,275.446,410.605
reviewer-1785987986-2861f04f6ba1,275.507,644.815
data-analyst-1785987870-4de0d41d5eca,275.573,294.674
data-analyst-1785987986-747fd0ab4032,275.648,674.756
deep-researcher-1785987986-95e8ed62390f,275.680,674.658
wide-researcher-1785987986-8561b0d33752,275.736,616.956
reviewer-1785987986-58e83a318ce4,275.753,639.723
data-analyst-1785987986-af9a06944594,275.814,640.514
deep-researcher-1785987986-449666c56ce2,275.831,629.956
data-analyst-1785987892-e6b2a3d16611,275.845,293.119
wide-researcher-1785987986-421245b3e233,275.855,537.584
reviewer-1785987986-a472b7800691,275.890,676.385
data-analyst-1785987986-08038f0744fe,275.933,624.988
data-analyst-1785987887-9368c697a638,275.992,291.742
deep-researcher-1785987987-07c2ae182119,276.053,443.105
wide-researcher-1785987987-27e5fd8f908d,276.083,584.625
reviewer-1785987987-d275eb41b193,276.101,674.885
data-analyst-1785987987-cef4c39109d1,276.238,673.951
deep-researcher-1785987987-a2406903b118,276.286,518.450
data-analyst-1785987888-07b406124d00,276.286,293.371
data-analyst-1785987895-a816d694f303,276.382,276.383
wide-researcher-1785987987-49f623760f22,276.427,650.812
reviewer-1785987987-a9fc9c1382ea,276.577,682.285
data-analyst-1785987987-3f9c115ccb05,276.620,540.921
deep-researcher-1785987987-a0f1b9cf162e,276.664,694.167
data-analyst-1785987896-40dfa9512bc8,276.712,290.695
wide-researcher-1785987987-69dcb40f87d8,276.721,551.635
data-analyst-1785987889-540cf88ddebf,276.734,276.734
reviewer-1785987987-e7c4b164b9b7,276.813,666.266
data-analyst-1785987889-d8a25308f398,276.850,290.585
data-analyst-1785987884-a562220e0a2f,276.879,276.879
data-analyst-1785987987-4fc822b4bbf2,276.891,689.499
deep-researcher-1785987987-31d38c98ae09,276.957,570.950
wide-researcher-1785987987-02d2dc90b6ff,277.016,532.510
reviewer-1785987988-d4af796bb86d,277.033,655.789
data-analyst-1785987988-8382a1c57e8c,277.079,626.881
data-analyst-1785987900-1b11ef96b3f3,277.129,292.170
data-analyst-1785987900-f91aa008796f,277.143,291.282
data-analyst-1785987900-b08b4cb1def8,277.157,330.971
deep-researcher-1785987988-cd4fbba13e32,277.166,678.540
wide-researcher-1785987988-ff0d3de8e7ac,277.231,638.782
reviewer-1785987988-5fb2ec440a1c,277.307,629.172
data-analyst-1785987988-f0869d84c7c3,277.338,680.925
deep-researcher-1785987988-10c065cf6f7c,277.367,520.842
wide-researcher-1785987988-891c35880fd6,277.405,524.198
reviewer-1785987988-ad304ef33adb,277.440,652.662
data-analyst-1785987988-8112a60d776e,277.513,674.707
deep-researcher-1785987988-e6502e86d997,277.560,640.417
wide-researcher-1785987988-216dc8a7d661,277.623,530.849
reviewer-1785987988-1db6d74a6c18,277.738,664.611
data-analyst-1785987988-6d0e8f05d887,277.801,522.734
deep-researcher-1785987988-d0c30f714814,277.849,463.053
data-analyst-1785987861-443cca068865,277.985,277.985
wide-researcher-1785987988-a156c2a7ffae,278.198,519.928
reviewer-1785987988-5eca012f3005,278.305,634.162
data-analyst-1785987900-ff54c2637018,278.309,298.283
data-analyst-1785987900-ce661b4d714a,278.321,291.470
data-analyst-1785987900-9ecbd1bca1d0,278.334,291.689
data-analyst-1785987988-1951efa22188,278.408,659.002
data-analyst-1785987896-86d4d99ffe26,278.443,293.888
data-analyst-1785987876-0d6dae0302d2,278.461,278.461
deep-researcher-1785987989-1aa9f0126d2f,278.465,420.150
wide-researcher-1785987989-117a06c0b78d,278.483,536.829
reviewer-1785987989-a5391839f72f,278.523,568.569
data-analyst-1785987989-c1f39cf6b039,278.557,668.625
deep-researcher-1785987989-343d57dd09af,278.681,476.788
data-analyst-1785987895-611516d835cf,278.724,278.724
wide-researcher-1785987989-e12779e67926,278.738,671.282
reviewer-1785987989-7c0c2db78ed6,278.832,678.819
data-analyst-1785987989-0cf250e9f84f,278.869,527.229
deep-researcher-1785987989-394fdae9fbe0,278.907,642.126
data-analyst-1785987900-1c22498690b1,278.912,331.739
data-analyst-1785987900-d2f90abd7e1b,278.927,295.455
data-analyst-1785987900-3c94a2172102,278.940,291.180
wide-researcher-1785987989-ef8f41853cf8,278.948,541.392
data-analyst-1785987900-5a6e03748452,278.957,404.230
reviewer-1785987990-d7a067fe2752,278.966,685.172
data-analyst-1785987900-040b0cb040a4,278.974,425.219
data-analyst-1785987900-eb7c85f907b2,278.987,292.816
data-analyst-1785987990-0abab23557f2,279.017,531.179
deep-researcher-1785987990-f2bff278f830,279.081,534.081
wide-researcher-1785987990-a7d5be25527d,279.249,662.847
reviewer-1785987990-a49fecbb6937,279.295,670.495
data-analyst-1785987896-e923afb3fae6,279.516,279.517
data-analyst-1785987990-37c4a752b87f,279.525,669.501
data-analyst-1785987896-44b00f79aa6a,279.535,279.536
deep-researcher-1785987990-ffef02b19fb3,279.612,656.672
wide-researcher-1785987990-0a796b825a86,279.702,530.925
reviewer-1785987990-4b884196aec7,279.741,655.436
data-analyst-1785987990-aa4346704de1,279.815,556.103
deep-researcher-1785987990-3f25c2d46a0f,279.854,575.044
wide-researcher-1785987990-8d1caacd26f3,279.923,636.187
reviewer-1785987990-5c0296fd9a7c,279.980,660.365
data-analyst-1785987990-72689e0be037,280.043,655.732
deep-researcher-1785987991-cd0c9a38bcad,280.063,410.203
wide-researcher-1785987991-f4abe5b51f2b,280.244,663.952
reviewer-1785987991-819f42f88fde,280.333,626.780
data-analyst-1785987991-964d9738e5e7,280.383,677.411
deep-researcher-1785987991-5f9db6ee23b6,280.431,669.460
wide-researcher-1785987991-db14c69fcbaa,280.469,664.548
reviewer-1785987991-7fbdc752e539,280.490,667.816
data-analyst-1785987862-ebd4cb44c411,280.684,292.566
data-analyst-1785987991-51efb34b0503,280.768,681.539
deep-researcher-1785987991-145ba4e74880,280.818,563.268
wide-researcher-1785987991-f209b4496792,281.046,457.600
reviewer-1785987991-0166fb134cc5,281.089,684.212
data-analyst-1785987901-29276e1c70ad,281.171,306.369
data-analyst-1785987991-eeb660d7fedf,281.179,625.859
data-analyst-1785987901-5942bf2b9dd3,281.188,301.565
data-analyst-1785987901-fe94c64e1549,281.204,291.457
deep-researcher-1785987991-d43c0fd4dae2,281.217,531.700
data-analyst-1785987901-92bfe84bd174,281.217,407.245
data-analyst-1785987901-ef7f11ae4cca,281.239,295.936
data-analyst-1785987901-218d0999a8f1,281.253,290.938
wide-researcher-1785987992-864d5230c5be,281.257,633.088
reviewer-1785987992-b90e5015c896,281.430,672.054
data-analyst-1785987901-b0a2f2e27467,281.440,292.435
data-analyst-1785987901-c5d981d4d41b,281.453,304.449
data-analyst-1785987901-bfce0a5cf07b,281.467,319.642
data-analyst-1785987992-7d35d58a5723,281.552,671.882
data-analyst-1785987861-9974d76bc965,281.566,281.566
deep-researcher-1785987992-2ab9f83d7c97,281.570,680.791
wide-researcher-1785987992-6c5fb9c6b5c7,281.617,529.303
data-analyst-1785987893-2369ce9e3d0a,281.686,281.686
reviewer-1785987992-0fb07a044afd,281.690,606.287
data-analyst-1785987992-4e3f2d6d869f,281.756,673.023
deep-researcher-1785987992-8f8c04ad3e6e,281.850,677.312
wide-researcher-1785987992-656df1c42433,281.888,518.309
reviewer-1785987992-e1c2a0b70b79,281.925,666.298
data-analyst-1785987992-9fd787f801ba,281.987,677.987
deep-researcher-1785987993-2e89213faa6d,282.005,672.920
data-analyst-1785987896-4134f5d398b8,282.052,307.482
wide-researcher-1785987993-d084c793598d,282.107,519.086
reviewer-1785987993-b08973558132,282.277,679.543
data-analyst-1785987993-ca5c6e40cc9a,282.332,690.918
data-analyst-1785987889-1285e62e9ec6,282.458,314.791
deep-researcher-1785987993-f14fdade008d,282.467,540.372
wide-researcher-1785987993-0f52ae6f4bf9,282.692,420.259
reviewer-1785987993-2b86010ff502,282.722,683.118
data-analyst-1785987993-0dda81d87de4,282.764,560.565
deep-researcher-1785987993-1de574aad23e,282.827,521.100
wide-researcher-1785987993-6f348d513487,282.873,413.788
reviewer-1785987993-332957e37f15,282.939,662.246
data-analyst-1785987993-59533d53dbc8,282.997,638.704
deep-researcher-1785987994-a1a83bd81a0b,283.080,569.256
wide-researcher-1785987994-024a6903f325,283.201,662.384
reviewer-1785987994-e72639beca79,283.351,684.148
data-analyst-1785987901-f3a98a5b2887,283.369,290.857
data-analyst-1785987901-b10ed35eac2b,283.381,415.134
data-analyst-1785987994-b989754d9a8e,283.395,566.476
data-analyst-1785987901-bb08188895f6,283.395,411.135
deep-researcher-1785987994-6966d9611324,283.451,425.034
wide-researcher-1785987994-c4d178c5dee9,283.479,423.114
reviewer-1785987994-e702ec485ebb,283.510,647.482
data-analyst-1785987994-1dab641c1b37,283.774,539.298
deep-researcher-1785987994-d82dfe948b00,283.837,624.609
wide-researcher-1785987994-730275e9c316,284.198,554.814
reviewer-1785987994-d22e8c85004a,284.274,648.293
data-analyst-1785987994-dc2f9f1da3b6,284.346,527.615
data-analyst-1785987842-a6c22576c9d0,284.356,284.357
deep-researcher-1785987995-267faf9ca8dc,284.460,665.720
wide-researcher-1785987995-4209ee32cd7c,284.477,422.277
data-analyst-1785987885-ef34a162e9bf,284.575,284.575
reviewer-1785987995-a4e20af571b8,284.583,572.413
data-analyst-1785987995-01c7c31458a3,284.713,662.744
deep-researcher-1785987995-75419139b268,284.780,664.437
wide-researcher-1785987995-9c432f4ddf76,284.860,683.786
reviewer-1785987995-0e8fc527e77b,284.902,635.081
data-analyst-1785987995-ab1c91826665,284.950,664.936
deep-researcher-1785987995-1b0daa632459,284.970,583.717
wide-researcher-1785987996-0c5c8d5d06a6,285.021,593.454
reviewer-1785987996-efa2c96ac836,285.122,630.349
data-analyst-1785987996-b010587ddca8,285.201,670.918
deep-researcher-1785987996-ff475cf44d5c,285.228,537.540
wide-researcher-1785987996-6bfde4896075,285.291,473.617
reviewer-1785987996-729b01e8b1b6,285.336,652.095
data-analyst-1785987996-4b4b1c4c0c5b,285.652,554.496
deep-researcher-1785987996-2b55b0be9c7b,285.748,693.445
wide-researcher-1785987996-131de0bb0466,285.796,640.927
reviewer-1785987996-6600b7022eff,285.892,657.144
data-analyst-1785987996-b92d728e4b07,285.943,659.317
deep-researcher-1785987996-99e9818b638a,285.971,693.638
wide-researcher-1785987996-d57efd8526c6,286.003,546.887
reviewer-1785987997-f60f48d955ec,286.097,666.487
data-analyst-1785987997-44d3f80ba1a9,286.147,687.106
deep-researcher-1785987997-63a6e6dbe8dd,286.221,666.429
wide-researcher-1785987997-9fa5b0fbb1ab,286.285,656.393
reviewer-1785987997-fa99d50091a8,286.365,661.023
data-analyst-1785987997-b3e8686123dd,286.405,629.631
data-analyst-1785987870-d781ce65a35b,286.499,296.348
deep-researcher-1785987997-86d8b1b9a5e2,286.533,536.473
wide-researcher-1785987997-5d2ac5ad3a70,286.597,522.597
reviewer-1785987997-c9c6401fc85b,286.628,665.560
data-analyst-1785987997-515e9298e194,286.745,643.161
deep-researcher-1785987997-a303301e574f,286.813,665.990
wide-researcher-1785987997-061e909a327e,286.851,668.808
data-analyst-1785987897-ebcc867cc4bd,286.914,286.915
reviewer-1785987997-49141402526e,286.999,645.976
data-analyst-1785987997-bd3d44bded85,287.167,668.890
deep-researcher-1785987997-28d2cfbbcbeb,287.270,552.984
wide-researcher-1785987998-ec1e4167ebe5,287.298,669.751
reviewer-1785987998-3f4157f560b9,287.361,639.294
data-analyst-1785987998-5e35e11d395f,287.404,675.294
deep-researcher-1785987998-03e530f17bd7,287.477,424.353
wide-researcher-1785987998-13d336069bb0,287.516,433.822
reviewer-1785987998-e6d66dc5f227,287.607,646.652
data-analyst-1785987998-a8a51b8e71e0,287.657,658.954
data-analyst-1785987902-7e69b2affd8f,287.787,291.574
deep-researcher-1785987998-9c26d0f46dc4,287.791,405.772
data-analyst-1785987902-f5ad3e981775,287.803,291.344
data-analyst-1785987902-494a0727a5ed,287.816,304.513
wide-researcher-1785987998-547d11665ee0,287.826,517.185
reviewer-1785987998-af9b31afcf7a,287.894,541.046
data-analyst-1785987998-b0a737039816,287.984,659.505
deep-researcher-1785987998-9a985f374616,288.047,546.002
wide-researcher-1785987999-9328bbde4180,288.100,521.018
reviewer-1785987999-2d8ebf4ab670,288.119,634.256
data-analyst-1785987999-d6e8d4141038,288.223,673.006
deep-researcher-1785987999-2809149f22df,288.359,678.637
wide-researcher-1785987999-3871b9f41077,288.421,427.956
reviewer-1785987999-93ca26dfb70c,288.505,668.840
data-analyst-1785987999-4a17207dfaf4,288.682,573.858
deep-researcher-1785987999-dcd0d1f0b82f,288.765,672.519
wide-researcher-1785987999-5fe737cf4d2d,288.782,638.734
reviewer-1785987999-87e5c06fa937,288.818,673.214
data-analyst-1785987999-aa5d37924280,288.897,661.100
deep-researcher-1785987999-35bcff6da225,288.988,592.698
wide-researcher-1785987999-6d10327c9e71,289.028,653.888
reviewer-1785988000-f92ac7fb13cd,289.108,663.428
data-analyst-1785987902-043d18b706f7,289.112,297.659
data-analyst-1785987902-fa1662afd17b,289.124,305.461
data-analyst-1785987902-a31772a80fdf,289.136,357.560
data-analyst-1785988000-7a8f7c24e441,289.141,566.802
deep-researcher-1785988000-61a2c189f293,289.171,632.002
wide-researcher-1785988000-643eabf3d933,289.306,550.546
reviewer-1785988000-7197df04fd47,289.344,661.539
data-analyst-1785988000-08e65770f11f,289.416,672.274
deep-researcher-1785988000-89206b165c3b,289.445,424.801
wide-researcher-1785988000-50963a5fb8c2,289.473,540.628
reviewer-1785988000-099df4af362a,289.491,665.867
data-analyst-1785988000-4a29626642df,289.613,673.183
deep-researcher-1785988000-d107e3238c38,289.636,675.717
wide-researcher-1785988000-8c2500456e6e,289.654,680.828
reviewer-1785988000-b99c72aae034,289.724,676.692
data-analyst-1785988000-cd0cfab12794,289.766,666.924
deep-researcher-1785988000-e5f1619f5442,289.829,423.229
wide-researcher-1785988000-e8d25a254918,289.863,517.851
reviewer-1785988000-3a28ee399f52,289.926,631.381
data-analyst-1785988000-3e097e8868dd,290.028,645.146
deep-researcher-1785988001-55311ccc373f,290.111,614.380
wide-researcher-1785988001-552e34146187,290.196,424.753
reviewer-1785988001-b509179635d3,290.276,625.344
data-analyst-1785988001-8c193f368766,290.327,664.071
deep-researcher-1785988001-d10538a8e602,290.346,692.670
wide-researcher-1785988001-8dd37e74d0fe,290.414,527.599
reviewer-1785988001-e2c2aca65726,290.470,650.379
data-analyst-1785988001-4010df783e47,290.526,636.440
deep-researcher-1785988001-1c48bb65092e,290.627,677.776
wide-researcher-1785988001-a3f88013af8a,290.648,425.422
reviewer-1785988001-e88d6a5b81a7,290.686,687.695
data-analyst-1785988001-94fe0b06525e,290.866,662.226
deep-researcher-1785988001-0a27d562a5b8,290.896,532.537
wide-researcher-1785988001-513068b0ebac,290.923,626.116
reviewer-1785988001-e14c13cdee4d,290.999,648.122
data-analyst-1785988002-c3bcb6dbe8b7,291.047,658.590
deep-researcher-1785988002-185505de5fa9,291.121,658.490
wide-researcher-1785988002-2ff40bc9b83e,291.162,541.155
reviewer-1785988002-3d0667171e70,291.249,665.013
data-analyst-1785987905-b5d1bd960e15,291.331,291.331
data-analyst-1785988002-b7195039667a,291.344,651.660
deep-researcher-1785988002-5c587f4f1d25,291.442,672.177
wide-researcher-1785988002-3eb288e5ab15,291.525,659.208
reviewer-1785988002-4fb818874fb8,291.619,645.377
data-analyst-1785988002-dec3d820b37c,291.715,691.429
deep-researcher-1785988002-10883426aecc,291.798,434.195
wide-researcher-1785988002-79d8c55cd289,291.837,481.877
reviewer-1785988002-d055ca3a25b7,291.859,628.054
data-analyst-1785988002-4a4847376fd5,291.986,649.673
deep-researcher-1785988002-a92ef20e7b4c,292.005,549.204
data-analyst-1785987908-b17f2a1d78c8,292.048,292.048
wide-researcher-1785988003-b7ff1d0f2f2c,292.122,647.107
reviewer-1785988003-36550a0a3674,292.153,670.124
data-analyst-1785988003-dd8a7ef60faf,292.195,622.188
data-analyst-1785987905-f005bee202ec,292.283,292.283
deep-researcher-1785988003-dbcdcb20c3fc,292.333,528.141
wide-researcher-1785988003-600544a3ed72,292.369,682.325
reviewer-1785988003-6266098918f9,292.419,681.173
data-analyst-1785988003-3730ab23ec12,292.467,657.884
deep-researcher-1785988003-59aa755bd6a1,292.498,637.990
wide-researcher-1785988003-36b01f81d709,292.515,647.597
reviewer-1785988003-c16768fb5303,292.533,673.102
data-analyst-1785988003-a26e8ff221b4,292.625,649.409
deep-researcher-1785988003-3acaac8d531e,292.654,532.496
wide-researcher-1785988003-5232dfd9f0e4,292.674,588.252
reviewer-1785988003-98d586fac298,292.747,682.227
data-analyst-1785987907-cde18b68d10d,292.788,292.788
data-analyst-1785988003-48b2b00ecb24,292.884,680.942
data-analyst-1785987904-fab465b7590d,292.894,292.895
data-analyst-1785987903-6a352d77597f,292.910,292.911
data-analyst-1785987909-7695d4fd9651,292.925,292.926
deep-researcher-1785988003-16b0ddc21879,292.945,668.159
data-analyst-1785987911-b56901e5db7e,292.958,292.959
data-analyst-1785987910-cb87bf2e8369,293.104,293.105
wide-researcher-1785988003-0254d0f58ff6,293.136,580.980
data-analyst-1785987904-110532e51085,293.194,293.194
data-analyst-1785987908-f4e182e8958a,293.221,293.221
reviewer-1785988003-37d8c0c6d6db,293.349,656.059
data-analyst-1785987909-95f4462da4ad,293.357,293.357
data-analyst-1785988004-f71499b2e0ef,293.420,673.118
data-analyst-1785987909-87feba47bc7b,293.430,293.431
data-analyst-1785987912-78b02dc3f588,293.447,293.448
data-analyst-1785987909-0bda7aef92b7,293.462,293.462
deep-researcher-1785988004-40439f378cd8,293.510,535.688
wide-researcher-1785988004-2d30c82a56f9,293.625,681.358
reviewer-1785988004-01e06cbc2265,293.665,672.338
data-analyst-1785988004-4be9361dcdfd,293.708,623.507
data-analyst-1785987909-3872eac2f4de,293.734,293.734
deep-researcher-1785988004-e6815a790493,293.843,417.598
wide-researcher-1785988004-8f7b54ccde15,293.871,518.787
reviewer-1785988004-403a4eed23e4,293.901,675.179
data-analyst-1785988004-096198c9e20b,293.945,644.111
data-analyst-1785987903-a6504343c936,293.950,293.950
data-analyst-1785987909-4567c2e1fa86,293.979,293.979
deep-researcher-1785988005-00b9c5b45801,293.983,413.772
data-analyst-1785987907-4cb9447bb371,293.996,293.997
wide-researcher-1785988005-acc8f5d62816,294.010,505.168
data-analyst-1785987915-caf618d06701,294.014,294.014
reviewer-1785988005-f046227f8f80,294.027,628.265
data-analyst-1785987908-d89112a77a34,294.043,294.044
data-analyst-1785987915-c0f9ba026d9a,294.057,294.058
data-analyst-1785988005-c839759946bc,294.062,691.285
data-analyst-1785987907-cabb16c27c58,294.076,294.076
data-analyst-1785987906-9136d918a42a,294.090,294.090
data-analyst-1785987909-22ae94ceac2e,294.146,294.147
deep-researcher-1785988005-bc39a7387392,294.247,413.628
wide-researcher-1785988005-bd1915c72b01,294.268,520.221
reviewer-1785988005-6c3668269be9,294.288,634.182
data-analyst-1785987912-f3860cec9b64,294.392,294.392
data-analyst-1785988005-50752291e34f,294.392,628.006
data-analyst-1785987909-acb236cb08b2,294.411,294.411
deep-researcher-1785988005-ec4e2d76af9a,294.429,436.600
wide-researcher-1785988005-7a305b655402,294.457,523.105
reviewer-1785988005-d1e83a0d49ca,294.476,640.712
data-analyst-1785987915-d998aeefeeeb,294.511,294.512
data-analyst-1785987907-9e38b40cf95f,294.544,294.544
data-analyst-1785988005-b1a6be35673f,294.544,531.526
data-analyst-1785987916-b3068cf11e2e,294.564,294.564
data-analyst-1785987916-a1fc747461d4,294.612,294.612
data-analyst-1785987915-f786354807ea,294.657,294.658
data-analyst-1785987915-81a063806aba,294.691,294.692
data-analyst-1785987914-90e114b85caa,294.721,294.721
deep-researcher-1785988005-dda890456169,294.735,684.951
data-analyst-1785987907-9e29a0ad0c62,294.752,294.753
data-analyst-1785987917-7c628c32d535,294.796,294.797
wide-researcher-1785988005-75016aaaa446,294.797,631.555
data-analyst-1785987917-7302c665df3e,294.817,294.818
data-analyst-1785987907-1879beb23929,294.832,294.832
reviewer-1785988005-208ef6ef7fbd,294.856,672.038
data-analyst-1785988005-c3d894d8c8b5,294.930,679.945
data-analyst-1785987907-af479660a354,295.063,295.063
deep-researcher-1785988005-ef87a7989203,295.067,537.691
data-analyst-1785987918-88829137e7f3,295.113,295.114
data-analyst-1785987914-85422a4bd6b5,295.130,295.131
data-analyst-1785987915-1cf4075e9684,295.145,295.145
wide-researcher-1785988005-703f19cca66b,295.162,637.646
data-analyst-1785987915-6e418b63a38f,295.176,295.176
reviewer-1785988006-393bd34b845a,295.194,670.350
data-analyst-1785988006-34765e730536,295.236,552.879
data-analyst-1785987911-110b29836f0a,295.342,295.343
data-analyst-1785987914-d6127de8d997,295.357,295.357
deep-researcher-1785988006-6c2d5729a92e,295.362,601.937
data-analyst-1785987914-04d77fb43455,295.406,295.407
wide-researcher-1785988006-ae5b24369452,295.425,644.986
data-analyst-1785987919-f50b5444dfe0,295.486,295.487
reviewer-1785988006-9d1142d45096,295.487,682.206
data-analyst-1785988006-7b850364e94b,295.533,644.558
data-analyst-1785987919-a33960b37b08,295.538,295.538
data-analyst-1785987918-75f1581ec137,295.554,295.554
deep-researcher-1785988006-343cb7d1144a,295.563,680.311
wide-researcher-1785988006-161cb70c42d1,295.651,671.464
data-analyst-1785987920-75d0b69d56ab,295.665,295.665
reviewer-1785988006-3bfeae650486,295.691,668.533
data-analyst-1785987908-316bb537896a,295.692,295.696
data-analyst-1785988006-af3f93efe033,295.753,639.901
data-analyst-1785987910-5ad8418914da,295.758,295.758
deep-researcher-1785988006-bacc7d5c2de6,295.772,583.885
data-analyst-1785987918-8eec16d071b5,295.776,295.776
wide-researcher-1785988006-afe606e35b71,295.801,655.009
data-analyst-1785987921-9e115136e0b0,295.862,295.862
data-analyst-1785987918-e0ff74d3c6d9,295.878,295.878
data-analyst-1785987921-9e1650041a3a,295.895,295.895
reviewer-1785988006-68fe38ef193d,295.903,650.885
data-analyst-1785987921-c30d39cc8bbc,295.908,295.908
data-analyst-1785987921-7ff94cd56a73,295.922,295.922
data-analyst-1785987916-f71e235d316c,295.951,295.951
data-analyst-1785988006-91d50e958b12,295.966,670.884
data-analyst-1785987908-5a36830b41c2,295.971,295.972
data-analyst-1785987921-93fb7d553f81,295.987,295.987
data-analyst-1785987921-0cc5497154d6,296.002,296.002
deep-researcher-1785988006-807f07c2ab75,296.006,470.747
data-analyst-1785987915-75af9a8d5421,296.020,296.021
data-analyst-1785987921-8c404d6eb417,296.036,296.037
data-analyst-1785987909-6f03ee27b55b,296.051,296.052
wide-researcher-1785988006-85d6871a1750,296.065,668.029
data-analyst-1785987918-dfdd9f080f7a,296.168,296.169
reviewer-1785988007-4fd79c55eb25,296.225,667.773
data-analyst-1785987920-86f46c431309,296.328,296.328
data-analyst-1785988007-a82685e69044,296.333,676.625
deep-researcher-1785988007-18cdcd6b099c,296.362,561.829
wide-researcher-1785988007-7e0d19c4e290,296.382,545.217
data-analyst-1785987908-e33cb8bf062a,296.387,296.387
data-analyst-1785987922-870e6f9047f6,296.501,296.501
reviewer-1785988007-bd3e5b584131,296.506,638.576
data-analyst-1785987921-22e4f3a26aa4,296.551,296.552
data-analyst-1785988007-cd48de478b3f,296.569,650.831
data-analyst-1785987922-97c8d5128dba,296.603,296.603
data-analyst-1785987907-78bd367937d8,296.619,296.620
data-analyst-1785987922-e32f38c07ca3,296.636,296.637
deep-researcher-1785988007-cd1758a4b24e,296.645,534.791
data-analyst-1785987918-11ccd9d473f9,296.655,296.656
wide-researcher-1785988007-0f192af61c28,296.671,657.339
data-analyst-1785987918-f84ce1b27354,296.675,296.676
reviewer-1785988007-eb429ba79e89,296.689,650.503
data-analyst-1785988007-431d199b71bb,296.748,677.798
data-analyst-1785987921-9ed25a4d4b78,296.775,296.776
data-analyst-1785987918-7f1ad87cf5f2,296.806,296.806
data-analyst-1785987922-d6d3240d9007,296.854,296.854
deep-researcher-1785988007-72dda16d97b9,296.863,584.982
wide-researcher-1785988007-08b9b9a8bb30,296.882,527.102
data-analyst-1785987912-308799b7180d,296.892,296.893
data-analyst-1785987904-754328b8f5bd,296.908,296.908
reviewer-1785988007-b52a711e629b,296.921,663.121
data-analyst-1785987921-c8e617f268dd,296.921,296.921
data-analyst-1785988007-6274a5c03345,297.013,535.062
deep-researcher-1785988008-646817af2cb8,297.053,686.771
data-analyst-1785987924-d6edc7fe2b91,297.099,297.100
data-analyst-1785987910-893999e11ef2,297.114,297.114
data-analyst-1785987924-06c8910c0431,297.162,297.162
wide-researcher-1785988008-2c7c194e4806,297.166,645.910
data-analyst-1785987923-0f2e0d50505a,297.197,297.198
reviewer-1785988008-573b9ae00f64,297.204,654.371
data-analyst-1785987903-406e58db0a28,297.217,297.217
data-analyst-1785987922-a945482f5423,297.232,297.233
data-analyst-1785987922-a3ef7695775b,297.247,297.248
data-analyst-1785987921-f5ef20ee2b58,297.263,297.263
data-analyst-1785987922-b23f4d8173c8,297.277,297.277
data-analyst-1785988008-ff667a248a0b,297.290,657.947
data-analyst-1785987920-15326cef244d,297.344,297.344
data-analyst-1785987922-0622cdddcecb,297.360,297.360
data-analyst-1785987920-e7f139c4f94d,297.375,297.376
data-analyst-1785987922-60596c57b0b8,297.391,297.392
deep-researcher-1785988008-8eab7e36c030,297.408,536.319
data-analyst-1785987914-ac96203d91fb,297.426,297.426
data-analyst-1785987925-23ad798a83a7,297.441,297.442
data-analyst-1785987925-83aab39df276,297.457,297.458
wide-researcher-1785988008-2d6ecf59c3f1,297.488,435.105
reviewer-1785988008-0aeb8338ee07,297.515,629.156
data-analyst-1785987918-e2143837f10f,297.628,297.628
data-analyst-1785987917-417c453488ed,297.751,297.751
data-analyst-1785988008-8484bc7d6820,297.759,625.451
data-analyst-1785987919-1d3b985a5372,297.816,297.816
deep-researcher-1785988008-e14c5d620cfa,297.849,522.033
wide-researcher-1785988008-8ea32dd55e4c,297.879,538.107
data-analyst-1785987921-1baa818fce18,297.899,297.899
reviewer-1785988008-314cc402909c,297.963,649.312
data-analyst-1785987918-d9b153d13fb0,297.983,297.983
data-analyst-1785987928-6f02d1da2654,298.014,298.014
data-analyst-1785988008-aaad05a8e81b,298.027,673.039
deep-researcher-1785988009-41dfd7709173,298.084,679.673
data-analyst-1785987912-cfa7955bcd5b,298.114,298.114
wide-researcher-1785988009-f8541bd41fde,298.148,646.461
reviewer-1785988009-b5a7b3afd8ea,298.187,643.552
data-analyst-1785988009-425230fc4890,298.223,660.922
data-analyst-1785987929-44be7a67e004,298.234,298.235
deep-researcher-1785988009-f2856b2ec525,298.253,602.154
data-analyst-1785987922-27b4f71c445d,298.267,298.267
data-analyst-1785987908-01b8500a94cc,298.364,298.364
wide-researcher-1785988009-f3af82aeeb86,298.373,660.863
reviewer-1785988009-cb2dfbe45420,298.392,683.032
data-analyst-1785988009-f4dad0b75869,298.447,556.237
data-analyst-1785987918-c51b6fb197c4,298.451,298.451
data-analyst-1785987922-590af1234421,298.466,298.467
data-analyst-1785987928-78eea9cad15a,298.481,298.481
deep-researcher-1785988009-90ad0f925a3d,298.517,673.878
data-analyst-1785987930-402d6425f935,298.547,298.547
wide-researcher-1785988009-021b0e5ca608,298.552,645.798
data-analyst-1785987927-051092902346,298.567,298.567
data-analyst-1785987926-7509f91268d5,298.648,298.649
data-analyst-1785987924-e2e1046ac684,298.663,298.664
reviewer-1785988009-74574eb30eef,298.676,638.831
data-analyst-1785987918-b045ec9e8b53,298.680,298.680
data-analyst-1785987921-3790d2e6e5c3,298.692,298.693
data-analyst-1785987918-c35a3d633761,298.709,298.709
data-analyst-1785988009-53106aa0dded,298.728,539.237
data-analyst-1785987926-4c2cafe1026f,298.787,298.788
data-analyst-1785987929-0d26e6558626,298.803,298.803
deep-researcher-1785988009-ff5ca2fd6711,298.822,692.245
wide-researcher-1785988009-f585869fadd9,298.897,559.406
reviewer-1785988009-931d7f21fa76,298.929,677.427
data-analyst-1785988009-c9077f50d4b4,298.999,664.824
data-analyst-1785987918-93e87c3e72f7,299.027,299.027
deep-researcher-1785988009-aecf330232be,299.039,528.942
data-analyst-1785987931-c97b3676637a,299.075,299.076
data-analyst-1785987924-473a3074e6a9,299.092,299.093
wide-researcher-1785988010-da44ddf237b6,299.156,647.139
data-analyst-1785987915-390725bd4452,299.165,299.165
data-analyst-1785987928-49d5e40af061,299.207,299.207
data-analyst-1785987930-266d1376a75a,299.221,299.221
reviewer-1785988010-b0f4a9a0de31,299.269,671.523
data-analyst-1785988010-5c01b2ff6796,299.320,687.711
deep-researcher-1785988010-7472b591fcf7,299.354,681.153
data-analyst-1785987931-34877e5a2647,299.389,299.389
wide-researcher-1785988010-8056a7e8aab0,299.463,643.669
reviewer-1785988010-ed78dff0c7ae,299.532,636.982
data-analyst-1785988010-0f98ef03ef4a,299.584,689.992
deep-researcher-1785988010-a72d01687ca7,299.668,531.865
wide-researcher-1785988010-c30124ba3321,299.708,513.120
reviewer-1785988010-b711fb494cd2,299.726,675.192
data-analyst-1785987923-dd5faa070c5c,299.758,299.759
data-analyst-1785988010-2e79ec9de801,299.768,644.461
data-analyst-1785987928-5832ccd76d12,299.792,299.793
data-analyst-1785987928-e52883e73e73,299.806,299.807
data-analyst-1785987933-544310853cf9,299.865,299.866
deep-researcher-1785988010-2ee5224e4d46,299.884,647.882
wide-researcher-1785988010-41ee1d93960f,299.940,545.612
data-analyst-1785987935-4e1482ffceff,300.025,300.025
data-analyst-1785987906-736bf15d82f5,300.039,300.041
data-analyst-1785987912-cbd040188620,300.054,300.054
data-analyst-1785987935-cb691a2a46e9,300.066,300.067
reviewer-1785988010-94b96733a661,300.080,647.043
data-analyst-1785987924-4346e84c8b0b,300.084,300.084
data-analyst-1785987921-e790fc958d23,300.096,300.097
data-analyst-1785987930-f8ead42b0ab9,300.154,300.154
data-analyst-1785988010-1ddf2fbc3b8c,300.203,643.039
deep-researcher-1785988011-24a5463d9538,300.236,423.128
wide-researcher-1785988011-d6085baea3fa,300.305,522.062
reviewer-1785988011-67f569bff1ba,300.451,654.070
data-analyst-1785987903-1cb0dd7ebbf7,300.468,300.469
data-analyst-1785988011-f451d8697332,300.510,661.620
data-analyst-1785987937-8c1742ffcbf9,300.521,300.522
deep-researcher-1785988011-e8eeff848574,300.548,425.575
data-analyst-1785987908-eda7875b1284,300.640,300.641
wide-researcher-1785988011-fe4eeda7354d,300.658,656.561
data-analyst-1785987936-8fb4126d533c,300.684,300.684
data-analyst-1785987932-94ee7ba4b892,300.726,300.726
data-analyst-1785987920-3b1111c59fb7,300.739,300.740
data-analyst-1785987920-743a98ce28b7,300.753,300.753
reviewer-1785988011-15694d70144a,300.771,645.165
data-analyst-1785987934-937a5b3e62df,300.825,300.825
data-analyst-1785988011-d2010a4d67f8,300.830,665.849
data-analyst-1785987931-19ac1a99baba,300.843,300.843
data-analyst-1785987931-051a862f642e,300.871,300.871
deep-researcher-1785988011-f454e6d5939f,300.876,424.181
data-analyst-1785987924-e15285433a7a,300.889,300.889
data-analyst-1785987934-5b8c09102dd4,300.915,300.915
data-analyst-1785987922-4dadfda6ce4d,300.940,300.941
data-analyst-1785987938-2c2c16f3a2bc,300.955,300.955
wide-researcher-1785988011-00a67bcdd800,300.974,420.280
data-analyst-1785987931-233ad8871ca1,301.016,301.017
reviewer-1785988011-f5eb5f81b4db,301.029,674.280
data-analyst-1785987936-3fe77cfd0ae8,301.033,301.033
data-analyst-1785987927-59340b1c0306,301.045,301.045
data-analyst-1785988012-cd3b0489736b,301.097,550.429
data-analyst-1785987922-191a71ffd249,301.213,301.214
deep-researcher-1785988012-cd7191a9c7ac,301.219,525.718
wide-researcher-1785988012-f87ea9479812,301.237,538.979
reviewer-1785988012-d71fe475b5ee,301.256,659.904
data-analyst-1785987938-af1b46d38e8b,301.288,301.290
data-analyst-1785987918-830fb5e5ad3d,301.373,301.374
data-analyst-1785987938-3f1f987c6477,301.389,301.389
data-analyst-1785987909-714559fad0be,301.404,301.405
data-analyst-1785987933-f00c5aa4db79,301.418,301.419
data-analyst-1785988012-88036ca213b4,301.419,691.317
data-analyst-1785987918-d63adae95a78,301.439,301.439
data-analyst-1785987923-6d62aa68fdbd,301.454,301.454
deep-researcher-1785988012-ba2a4dd89ef8,301.458,531.641
data-analyst-1785987933-a838abfd80b0,301.471,301.472
wide-researcher-1785988012-1bd8f6caff92,301.476,533.381
data-analyst-1785987933-997b0f5d40cd,301.490,301.490
reviewer-1785988012-bc53c3f1d4c4,301.523,637.582
data-analyst-1785987909-49b07b7ab7f4,301.537,301.537
data-analyst-1785987933-73d4f87ef64d,301.581,301.581
data-analyst-1785988012-bae974202d36,301.594,545.873
data-analyst-1785987938-a13479f3d86d,301.613,301.614
data-analyst-1785987937-dae289d625fc,301.657,301.658
data-analyst-1785987931-0bab158f898e,301.672,301.673
data-analyst-1785987941-083050eaa9b8,301.685,301.686
deep-researcher-1785988012-9011c939435e,301.712,557.159
data-analyst-1785987942-7a2639b62183,301.723,301.724
data-analyst-1785987943-de2b239c56b7,301.739,301.740
wide-researcher-1785988012-e633bf7bceb9,301.759,536.288
reviewer-1785988012-20348fb77d68,301.798,658.375
data-analyst-1785987931-10626601a7c5,301.806,301.806
data-analyst-1785987944-63af999c6db5,301.821,301.821
data-analyst-1785988012-ef158eae8ee8,301.960,556.031
data-analyst-1785987941-4495fa38d313,301.994,301.995
data-analyst-1785987932-d638f9f79a5b,302.011,302.012
data-analyst-1785987935-716d24a831db,302.041,302.042
deep-researcher-1785988012-da562882a757,302.054,552.399
data-analyst-1785987937-c79ecc0f55c5,302.073,302.074
data-analyst-1785987943-c4c1c4eee955,302.135,302.135
data-analyst-1785987942-5ffc86daebb5,302.148,302.149
wide-researcher-1785988012-14f87e275e77,302.170,664.478
data-analyst-1785987941-1c966da09948,302.194,302.194
data-analyst-1785987941-e0beda008a09,302.208,302.208
data-analyst-1785987937-eee95229b4c1,302.235,302.235
reviewer-1785988012-676ac2b9c517,302.285,664.118
data-analyst-1785987940-24810a25d4d0,302.293,302.293
data-analyst-1785988013-9d74ad2f5459,302.349,641.754
deep-researcher-1785988013-1a6d16fbbc41,302.378,635.439
data-analyst-1785987935-edc3bb11f652,302.418,302.418
data-analyst-1785987934-c5205419bb6d,302.434,302.434
data-analyst-1785987941-f75f08c57640,302.449,302.450
wide-researcher-1785988013-dba6b5f91c92,302.535,418.453
data-analyst-1785987940-62a84d8d533f,302.539,302.539
reviewer-1785988013-75f36165cd7c,302.565,677.655
data-analyst-1785988013-1150785bddc4,302.609,576.103
data-analyst-1785987943-efcc1ab25a27,302.635,302.636
deep-researcher-1785988013-4826a3642ff2,302.680,675.418
data-analyst-1785987943-78bcfa8df22b,302.684,302.684
wide-researcher-1785988013-0cf41c219edd,302.728,665.973
reviewer-1785988013-ec762883403d,302.746,666.944
data-analyst-1785987939-88626ad07ab8,302.750,302.750
data-analyst-1785987946-d3d5c7856f17,302.763,302.763
data-analyst-1785988013-bc7442efe883,302.777,632.855
data-analyst-1785987912-cc70e3b7491a,302.778,302.782
data-analyst-1785987931-71bec1887f95,302.812,302.813
data-analyst-1785987928-aaf9e28ebcb0,302.843,302.844
deep-researcher-1785988013-9854de92622e,302.870,679.209
data-analyst-1785987942-c95ada459bb3,302.879,302.880
data-analyst-1785987938-855f500683cf,302.893,302.894
data-analyst-1785987903-edad5b305d7b,302.907,302.908
data-analyst-1785987947-0b1f11396fcc,302.921,302.921
wide-researcher-1785988013-23bf461b84b1,302.934,663.313
data-analyst-1785987939-7346f9cbc156,302.967,302.968
reviewer-1785988013-2580b5986c36,302.972,680.509
data-analyst-1785987907-d9624406ba05,303.014,303.014
data-analyst-1785988013-ce00f6d6811d,303.055,676.904
deep-researcher-1785988014-0c564262dae0,303.094,653.521
wide-researcher-1785988014-8e96e602462e,303.113,518.857
reviewer-1785988014-7545cb31022a,303.161,629.515
data-analyst-1785987948-9af5dd745f6a,303.165,303.165
data-analyst-1785987938-66ad0e61aa8c,303.178,303.179
data-analyst-1785987928-eb0ddfab61b7,303.194,303.194
data-analyst-1785988014-bb6613749204,303.222,679.891
deep-researcher-1785988014-95138a3e184e,303.240,694.187
wide-researcher-1785988014-4559ede0dfac,303.270,635.477
data-analyst-1785987944-cef6ee53fb01,303.282,303.283
reviewer-1785988014-03f4f854fdfe,303.325,656.484
data-analyst-1785987936-69ede60f1ba5,303.384,303.385
data-analyst-1785987929-b452a21e30d8,303.470,303.470
data-analyst-1785987943-aa0f272c5c36,303.485,303.486
data-analyst-1785988014-eaabc094e284,303.525,536.063
data-analyst-1785987946-05a0cfaff025,303.535,303.536
deep-researcher-1785988014-ce2f45b58d77,303.574,680.083
data-analyst-1785987921-b4282eac83f0,303.744,303.744
data-analyst-1785987938-ccfb300afa94,303.757,303.758
wide-researcher-1785988014-f4d24d7c2eb5,303.780,677.847
reviewer-1785988014-84522f848f1a,303.809,676.012
data-analyst-1785988014-07879a26c0d8,303.867,679.980
deep-researcher-1785988014-5ae4a82a55ec,303.894,542.554
data-analyst-1785987937-c55775c728b3,303.944,303.945
wide-researcher-1785988014-13e388b2c25d,304.047,518.756
data-analyst-1785987943-4e6dbacc8cec,304.062,304.062
reviewer-1785988014-509103cfaf22,304.066,669.145
data-analyst-1785987936-86d4ce04d4c9,304.078,304.079
data-analyst-1785988015-b62dfa754123,304.118,536.303
data-analyst-1785987938-44dc1f3f2d94,304.176,304.176
deep-researcher-1785988015-3c33249e3ff6,304.201,529.817
wide-researcher-1785988015-d4bdcd37f502,304.230,681.519
reviewer-1785988015-1adfd722ad42,304.259,627.716
data-analyst-1785987930-5c0b3867af77,304.276,304.277
data-analyst-1785988015-9b5a6d117560,304.321,660.985
data-analyst-1785987928-cf609360f71a,304.335,304.336
deep-researcher-1785988015-ae71e96ecb3b,304.374,541.924
data-analyst-1785987938-21c2fc0314ea,304.385,304.387
data-analyst-1785987950-8c87ab437fb8,304.402,304.403
wide-researcher-1785988015-a48c6dce668d,304.411,669.544
data-analyst-1785987945-d2843bc9f94d,304.435,304.436
reviewer-1785988015-905a2395e9ef,304.453,673.198
data-analyst-1785987951-bb08a4146e07,304.465,304.466
data-analyst-1785988015-55819679df7d,304.528,627.650
data-analyst-1785987929-e46bc289b5b6,304.533,304.533
deep-researcher-1785988015-850ec1de8ea0,304.559,527.844
wide-researcher-1785988015-0047b155e532,304.599,525.408
reviewer-1785988015-3e4736e62237,304.621,673.636
data-analyst-1785987952-288b2b31fcea,304.692,304.693
data-analyst-1785987938-1b28b7804a3a,304.706,304.707
data-analyst-1785987947-cfd1a405e9c6,304.719,304.720
data-analyst-1785987943-ac8aac56cabf,304.732,304.733
data-analyst-1785988015-34832763097f,304.732,651.575
data-analyst-1785987928-4a06e592d251,304.750,304.750
deep-researcher-1785988015-b35c5f2a0341,304.754,538.651
data-analyst-1785987931-0714a44b5d6f,304.799,304.799
wide-researcher-1785988015-9a1c5867b07e,304.839,455.344
data-analyst-1785987949-f001524a50fa,304.883,304.883
data-analyst-1785987943-98be79219503,304.899,304.899
data-analyst-1785987933-9f5f6ad852be,304.961,304.961
reviewer-1785988015-34d935d44e9e,304.969,668.517
data-analyst-1785987903-872c9b6feda0,304.977,304.978
data-analyst-1785988015-97fdf8211e12,305.081,670.646
data-analyst-1785987949-6e15fd65ce70,305.184,305.185
deep-researcher-1785988015-f005d1e6ab10,305.189,538.585
data-analyst-1785987938-30f5e8b5c488,305.249,305.250
wide-researcher-1785988016-81837e839a1e,305.296,534.279
data-analyst-1785987907-bde98c00c45c,305.308,305.308
reviewer-1785988016-f9f399e0df0b,305.322,663.966
data-analyst-1785988016-f649e62637a0,305.364,679.368
data-analyst-1785987952-d26e100d019a,305.390,305.390
data-analyst-1785987941-71b6782bc2ba,305.405,305.405
data-analyst-1785987946-ad0bedea1a77,305.419,305.419
data-analyst-1785987928-878146c0758d,305.433,305.433
data-analyst-1785987955-5d497499b3eb,305.490,305.490
deep-researcher-1785988016-83eb3dac5f3e,305.513,525.272
wide-researcher-1785988016-8583a5937bcf,305.562,669.294
reviewer-1785988016-0cd3e5902e94,305.582,650.774
data-analyst-1785987950-2373ad6de86d,305.622,305.623
data-analyst-1785988016-d6bea8f44851,305.670,651.454
data-analyst-1785987932-01977b67ad94,305.685,305.685
deep-researcher-1785988016-d73332142bcb,305.749,523.046
data-analyst-1785987952-34f2012aaea7,305.823,305.823
data-analyst-1785987941-bd18c276e82b,305.837,305.838
wide-researcher-1785988016-d72a75ef8ad3,305.842,425.232
reviewer-1785988016-16432281b71f,305.919,664.456
data-analyst-1785987949-dd1b0fdf166b,305.945,305.945
data-analyst-1785988016-0ae8f1cd0b79,305.983,662.400
data-analyst-1785987956-410f97212736,305.992,305.992
data-analyst-1785987924-c87e9a99e3c2,306.069,306.069
deep-researcher-1785988016-92dbc628f55e,306.084,521.686
data-analyst-1785987953-8afd4fc0b72b,306.088,306.088
wide-researcher-1785988017-d1c296aaa425,306.114,674.440
data-analyst-1785987934-f27ebc30c55b,306.141,306.141
data-analyst-1785987924-51560278a5a7,306.156,306.156
data-analyst-1785987933-181380bba820,306.170,306.171
reviewer-1785988017-3d5ad5b38f95,306.181,663.759
data-analyst-1785987948-8ee4e20880ed,306.189,306.189
data-analyst-1785988017-683c4f6a8681,306.234,661.818
data-analyst-1785987941-2d5b20b63fb3,306.252,306.252
deep-researcher-1785988017-28f17015f435,306.257,566.656
wide-researcher-1785988017-7dab0949d235,306.275,644.331
data-analyst-1785987944-88e375a1249b,306.353,306.354
data-analyst-1785987955-5b97ebf29e14,306.384,306.385
data-analyst-1785987953-cba267641633,306.415,306.415
data-analyst-1785987958-17d6b161ead9,306.462,306.463
reviewer-1785988017-c11bfa322db1,306.477,643.407
data-analyst-1785987957-3a442909a8f4,306.481,306.481
data-analyst-1785987934-220e11b96b16,306.493,306.493
data-analyst-1785987953-c2465cb0f658,306.508,306.509
data-analyst-1785988017-962e36dd38e7,306.546,669.687
data-analyst-1785987955-6eb4345411bc,306.557,306.558
data-analyst-1785987931-61bc8665a49e,306.572,306.573
deep-researcher-1785988017-8e04745fe174,306.585,432.095
data-analyst-1785987950-1810a3a6ac39,306.589,306.589
wide-researcher-1785988017-82fef0d12e13,306.602,485.520
data-analyst-1785987944-ceffedff3a2c,306.621,306.622
data-analyst-1785987907-19aaa345e139,306.668,306.668
reviewer-1785988017-b7bc776a1a30,306.703,630.951
data-analyst-1785987938-2ec0c368bf70,306.763,306.764
data-analyst-1785988017-722490112c3f,306.802,638.471
data-analyst-1785987937-6390761c5058,306.812,306.813
deep-researcher-1785988017-9305d658e949,306.841,579.040
wide-researcher-1785988017-f8dba9bdb4e4,306.889,535.417
data-analyst-1785987958-7c614cf4fe78,306.894,306.894
reviewer-1785988017-c4922a425e64,306.968,658.341
data-analyst-1785988017-b59253af09c5,307.084,679.303
deep-researcher-1785988018-ebe21baa33df,307.102,517.309
wide-researcher-1785988018-154cad126af0,307.183,425.627
data-analyst-1785987952-fc7805a4196a,307.188,307.188
data-analyst-1785987938-c075b6c1ab4b,307.204,307.204
reviewer-1785988018-a7c4aaa03f44,307.255,675.593
data-analyst-1785987953-527a8c5970b8,307.325,307.325
data-analyst-1785987953-7453012cf43c,307.342,307.342
data-analyst-1785988018-bfc11dcb2e1a,307.359,679.161
deep-researcher-1785988018-8845bfd90740,307.436,682.591
data-analyst-1785987958-63e5c304c226,307.508,307.509
wide-researcher-1785988018-1cb6232ef2d4,307.564,485.302
reviewer-1785988018-8ab4cb401b5b,307.594,630.190
data-analyst-1785987950-fa2afb1f08dd,307.619,307.619
data-analyst-1785988018-679487ad53b9,307.634,671.953
data-analyst-1785987918-2460f81ecf4e,307.652,307.652
data-analyst-1785987945-0b3b4e0dec54,307.667,307.667
deep-researcher-1785988018-85aec0ed29c3,307.703,532.389
data-analyst-1785987938-5828daecce67,307.750,307.750
wide-researcher-1785988018-7698443ad005,307.763,543.008
reviewer-1785988018-0cbd64ea7686,307.783,654.307
data-analyst-1785987923-991535d216b4,307.817,307.818
data-analyst-1785987930-0c1b9c44f3d6,307.851,307.856
data-analyst-1785987950-a42a6b28ddcd,307.881,307.881
data-analyst-1785987964-fdfeef122074,307.897,307.897
data-analyst-1785987912-8f59040f9994,307.912,307.913
data-analyst-1785987939-4513995d1d03,307.927,307.927
data-analyst-1785987950-c784dea0226e,307.989,307.989
data-analyst-1785988018-8ad3cbec8851,307.994,676.441
data-analyst-1785987963-f007ac46c668,308.006,308.007
deep-researcher-1785988018-93a15887a231,308.051,596.327
data-analyst-1785987946-93de0fd14c97,308.056,308.056
wide-researcher-1785988018-a203d7bde15a,308.106,530.819
data-analyst-1785987953-06d571317921,308.121,308.121
data-analyst-1785987936-78b3fb7d41f0,308.135,308.135
data-analyst-1785987948-2a469eb1f4da,308.208,308.209
data-analyst-1785987950-eb2dcbb6ff24,308.222,308.222
reviewer-1785988018-b419f07ee5ee,308.222,635.275
data-analyst-1785987949-2d06e8ebd273,308.238,308.239
data-analyst-1785987948-20c52ae10583,308.251,308.252
data-analyst-1785987918-138a521bf9c4,308.310,308.311
data-analyst-1785988019-98e39c24badf,308.349,683.559
deep-researcher-1785988019-0a320b629aa3,308.400,558.549
data-analyst-1785987928-fe48c5e08cb9,308.441,308.442
data-analyst-1785987965-a39596eb6f70,308.523,308.524
wide-researcher-1785988019-1722458c1fe6,308.533,669.124
data-analyst-1785987960-7aab6fe3ac32,308.544,308.545
reviewer-1785988019-aeeb72ae855f,308.574,657.001
data-analyst-1785987930-f6d1e8eb5e20,308.609,308.609
data-analyst-1785988019-ead62c03cb71,308.619,690.899
deep-researcher-1785988019-4ad6770d9961,308.646,507.991
wide-researcher-1785988019-53e8c4b5c03d,308.697,691.064
data-analyst-1785987933-dae071117251,308.702,308.702
data-analyst-1785987965-9d01d5ef4b73,308.783,308.783
reviewer-1785988019-0f1aff1a24fa,308.873,651.102
data-analyst-1785987930-ce57e4f18371,308.898,308.899
data-analyst-1785988019-764b9db0fd99,308.932,671.174
deep-researcher-1785988019-2ccade57f633,308.963,628.886
wide-researcher-1785988019-4dce1e75a2c1,309.062,477.491
reviewer-1785988020-551ed262dcca,309.103,670.083
data-analyst-1785988020-824ce4a76948,309.144,681.599
deep-researcher-1785988020-336ef7baa3e1,309.206,634.931
wide-researcher-1785988020-937b50e2942c,309.253,533.042
reviewer-1785988020-518edeffc035,309.295,664.329
data-analyst-1785987955-60b07dd67265,309.318,401.908
data-analyst-1785988020-cbfa0973ba34,309.374,627.464
deep-researcher-1785988020-3defdce34c1b,309.509,692.038
wide-researcher-1785988020-79680bb6038f,309.558,437.475
reviewer-1785988020-38ed996288ba,309.612,679.273
data-analyst-1785988020-19b5c5d942ec,309.726,687.301
deep-researcher-1785988020-9e4ec84f9aac,309.756,681.615
wide-researcher-1785988020-792956bffa98,309.816,636.279
reviewer-1785988020-799c733adeb0,309.913,590.604
data-analyst-1785988020-21f55af19133,309.987,682.085
data-analyst-1785987954-8c45eaa3b385,310.007,310.008
data-analyst-1785987963-ccaf370cf477,310.051,403.011
deep-researcher-1785988020-324c5f3852f2,310.077,540.702
data-analyst-1785987972-f217a60797d0,310.104,428.087
wide-researcher-1785988020-e84bb2a1fe4f,310.108,534.140
reviewer-1785988021-f9badce8759b,310.142,664.245
data-analyst-1785988021-3c317f4e1d7c,310.211,552.230
data-analyst-1785987969-df23821eb6f2,310.233,527.693
deep-researcher-1785988021-757647d0ca66,310.274,627.266
wide-researcher-1785988021-4c44f97d8f87,310.377,587.485
reviewer-1785988021-a61b16f34bc9,310.401,685.102
data-analyst-1785987967-553dc2aba0cf,310.454,310.455
data-analyst-1785987946-72063c285bbd,310.471,310.471
data-analyst-1785987963-d694885af9ce,310.536,310.537
data-analyst-1785988021-eb68aef346d7,310.617,552.809
deep-researcher-1785988021-100d38db321a,310.718,570.401
wide-researcher-1785988021-a7e68658d21e,310.796,551.651
reviewer-1785988021-44fbc61b502c,310.814,670.804
data-analyst-1785988021-6a637933290f,310.881,664.384
deep-researcher-1785988021-1bbfcd464ec6,310.960,532.326
wide-researcher-1785988021-186101a1030d,311.017,525.525
reviewer-1785988022-ac1fb068ee77,311.069,670.853
data-analyst-1785987943-f78f727a4e38,311.092,409.118
data-analyst-1785988022-f610e2dcd2ad,311.111,668.270
deep-researcher-1785988022-dfbe715181d6,311.130,634.984
wide-researcher-1785988022-2c4142d841ed,311.243,526.013
reviewer-1785988022-03eb7275a344,311.263,642.866
data-analyst-1785987957-c52f61a721b5,311.400,311.400
data-analyst-1785988022-83e6966825ab,311.409,552.944
deep-researcher-1785988022-e57abd061763,311.439,530.357
data-analyst-1785987954-a07661696dd5,311.469,311.469
wide-researcher-1785988022-caad8487ccff,311.494,519.589
reviewer-1785988022-f94a56de9dfd,311.550,675.685
data-analyst-1785988022-3790c6bc6c48,311.595,662.124
deep-researcher-1785988022-45433e7a4d09,311.613,676.197
data-analyst-1785987955-a6ebfef691e0,311.631,311.631
data-analyst-1785987931-3e7e1e76b4f7,311.646,311.646
wide-researcher-1785988022-7eccb3eb80c5,311.703,645.524
reviewer-1785988022-8a128d77e824,311.750,664.580
data-analyst-1785987955-0f50868bc14e,311.755,311.755
data-analyst-1785987969-3f7eba83caa9,311.798,311.799
data-analyst-1785987958-3972b2ea95d0,311.815,311.816
data-analyst-1785987965-4cb7275f64e7,311.828,311.829
data-analyst-1785987968-69270a75c484,311.854,311.854
data-analyst-1785987958-cc6e6e24a348,311.867,311.868
data-analyst-1785988022-dc517405b07e,311.892,676.793
data-analyst-1785987964-4ef899ea06bb,311.893,404.199
deep-researcher-1785988022-bd41cab58468,311.909,681.820
data-analyst-1785987973-0dd090f77595,311.988,414.334
data-analyst-1785987946-6aa915967710,312.020,312.020
data-analyst-1785987958-7eda5be4939b,312.033,312.034
data-analyst-1785987912-50e7d51b970b,312.074,312.074
data-analyst-1785987960-d2ef34774acb,312.116,312.117
wide-researcher-1785988022-0655d32aa835,312.121,528.667
reviewer-1785988022-8bdcc01596c7,312.138,636.328
data-analyst-1785988023-16ce3c13c7c2,312.222,679.651
data-analyst-1785987973-ab9655018b2c,312.232,419.349
data-analyst-1785987973-955ff127e108,312.246,408.298
deep-researcher-1785988023-0ed11dd2fac9,312.278,551.992
data-analyst-1785987946-9ce6ea7e938c,312.299,312.300
wide-researcher-1785988023-919e640e80eb,312.308,626.417
data-analyst-1785987949-81d234b6010e,312.318,312.319
data-analyst-1785987921-5e5269daf3bc,312.333,312.334
reviewer-1785988023-e8bcb670a002,312.408,580.365
data-analyst-1785988023-d76beccac544,312.462,664.197
deep-researcher-1785988023-bc2025d41bdb,312.481,658.305
wide-researcher-1785988023-0b0e1210e664,312.526,539.812
data-analyst-1785987949-2d760fae432c,312.544,312.544
data-analyst-1785987957-43147d4058a7,312.559,312.560
reviewer-1785988023-3f9b3aa0cc74,312.586,675.163
data-analyst-1785988023-18591cb36862,312.631,669.042
deep-researcher-1785988023-e658c66f586f,312.739,679.962
data-analyst-1785987933-7f76902fa157,312.740,400.697
wide-researcher-1785988023-5c7d455f9b96,312.756,682.968
reviewer-1785988023-f2c5ba75b26e,312.781,629.572
data-analyst-1785988023-c5baf0e30c5f,312.918,673.230
data-analyst-1785987965-fc46a9efbc21,312.934,312.935
deep-researcher-1785988023-2eb562e54619,312.934,534.882
wide-researcher-1785988023-447f5b8b2a14,313.002,679.751
data-analyst-1785987958-d728d39ee70c,313.031,313.032
reviewer-1785988023-61d225aaaca9,313.074,654.180
data-analyst-1785988024-0467cc4d9e91,313.116,664.920
deep-researcher-1785988024-3d983df8b45c,313.135,625.164
data-analyst-1785987971-2c38e515152f,313.204,414.822
wide-researcher-1785988024-69c6cb49d230,313.263,642.831
reviewer-1785988024-0f7a283b599a,313.280,650.970
data-analyst-1785988024-bae58a125b12,313.388,674.456
data-analyst-1785987965-168b8d333a8f,313.413,313.413
deep-researcher-1785988024-a821b6122d95,313.421,656.202
data-analyst-1785987923-5d86792c595f,313.473,313.473
data-analyst-1785987955-d48786e67270,313.486,313.487
wide-researcher-1785988024-3e2acd92fa3d,313.490,582.024
data-analyst-1785987958-2a24448de660,313.503,313.503
reviewer-1785988024-7829acbdf8ed,313.630,677.376
data-analyst-1785987974-e60a138b82db,313.647,406.069
data-analyst-1785988024-4ad3e85b40fb,313.663,675.764
data-analyst-1785987966-2c4434c13eac,313.682,451.918
deep-researcher-1785988024-456a1c1ac640,313.730,468.593
wide-researcher-1785988024-3a94f8210ae0,313.772,683.979
data-analyst-1785987974-b9d1de3ae7ed,313.782,412.253
reviewer-1785988024-a60218596e3b,313.852,659.755
data-analyst-1785988024-5a6f856b6d55,313.907,679.009
data-analyst-1785987933-1043add2d88b,313.924,313.924
deep-researcher-1785988024-eb64b2b172ef,314.042,567.895
wide-researcher-1785988024-c352fbe2e988,314.081,552.706
reviewer-1785988025-a14a4080bfda,314.139,667.230
data-analyst-1785988025-9342df509f42,314.239,679.872
deep-researcher-1785988025-7899c511b6a0,314.266,646.386
wide-researcher-1785988025-c56fe5411ecf,314.300,632.414
reviewer-1785988025-01b312f1f060,314.395,651.914
data-analyst-1785988025-39cb1dcec81f,314.449,691.333
deep-researcher-1785988025-e8b9886dd1ce,314.509,670.022
wide-researcher-1785988025-bfc1e885f642,314.567,567.102
reviewer-1785988025-7101ab740299,314.585,635.459
data-analyst-1785987924-9244ea687362,314.597,314.597
data-analyst-1785988025-d4b3a3e2f563,314.628,677.000
data-analyst-1785987969-d2a0dfcc0573,314.698,314.699
deep-researcher-1785988025-30a012520cc2,314.719,430.271
wide-researcher-1785988025-226cd5c28f8a,314.737,553.299
reviewer-1785988025-e3f03567b146,314.768,668.332
data-analyst-1785987928-f416bbbd40f3,314.777,314.777
data-analyst-1785988025-ae493b995b77,314.799,664.310
deep-researcher-1785988025-aed4f386daa1,314.905,656.577
wide-researcher-1785988025-cb234a4d501a,314.923,670.541
reviewer-1785988025-6af4c5433afa,314.943,684.887
data-analyst-1785987969-43ab5eaa6340,315.095,315.096
data-analyst-1785987967-118c09650e38,315.110,315.112
data-analyst-1785987963-852cf32640a9,315.126,315.127
data-analyst-1785988025-d9a0d7a98525,315.164,660.272
data-analyst-1785987943-eb38e140ca16,315.223,315.224
deep-researcher-1785988026-9471ecbb240b,315.252,694.685
wide-researcher-1785988026-fcf6b3b4309b,315.283,558.486
reviewer-1785988026-34a9bb3a8bd2,315.304,692.775
data-analyst-1785987946-84d8e636b98e,315.313,315.313
data-analyst-1785988026-73d6eab1beb4,315.375,650.049
deep-researcher-1785988026-e5681efa084e,315.416,683.100
wide-researcher-1785988026-21c21ec2e95d,315.503,676.872
data-analyst-1785987971-b53b852b3af6,315.513,421.846
data-analyst-1785987940-0bbbe4873507,315.574,315.575
reviewer-1785988026-196ba1bcfb5f,315.586,678.463
data-analyst-1785988026-e274cd8b41fd,315.657,674.146
deep-researcher-1785988026-965a93e67c89,315.674,648.154
wide-researcher-1785988026-f21d539f10db,315.781,626.865
reviewer-1785988026-a2a6f2c13ca5,315.798,655.287
data-analyst-1785988026-06cd96056bc7,316.019,647.809
deep-researcher-1785988026-49689987944d,316.075,424.865
wide-researcher-1785988026-fce4532c928c,316.113,684.583
reviewer-1785988026-585d1550df30,316.140,645.595
data-analyst-1785988027-ef22a527a921,316.190,592.362
data-analyst-1785987946-0c28c301dff2,316.220,404.798
data-analyst-1785987944-07af8236325c,316.234,399.532
deep-researcher-1785988027-e78ca8a41cb7,316.242,675.347
wide-researcher-1785988027-21aa533e4d99,316.279,630.932
reviewer-1785988027-f5ff8abd92e4,316.298,679.193
data-analyst-1785988027-b1e953313422,316.416,685.877
deep-researcher-1785988027-3f22796b3442,316.442,678.425
data-analyst-1785987971-52862151620e,316.580,316.581
wide-researcher-1785988027-796a7a210072,316.606,566.915
reviewer-1785988027-77faa2c7fb13,316.636,665.174
data-analyst-1785987976-720b4cff03a8,316.668,416.290
data-analyst-1785988027-2eb0bdb8c167,316.680,683.067
deep-researcher-1785988027-049c6f30bc67,316.756,661.964
wide-researcher-1785988027-ceb5a22de51a,316.791,551.869
reviewer-1785988027-d27c54a10f03,316.809,637.057
data-analyst-1785988027-e6828e8e2e92,316.864,675.277
deep-researcher-1785988027-2186cf4346c2,316.882,499.056
wide-researcher-1785988027-c8f3596d03a7,316.900,538.371
reviewer-1785988027-d5077c9c43b7,316.927,662.041
data-analyst-1785988028-a5a06d629552,317.010,647.531
deep-researcher-1785988028-ed31eb28b67a,317.059,691.239
data-analyst-1785987972-f326ac7ea06f,317.093,413.448
data-analyst-1785987963-0354fa45de42,317.110,317.111
wide-researcher-1785988028-40a522ccbb4c,317.115,520.463
reviewer-1785988028-75cd78cf892e,317.176,681.707
data-analyst-1785988028-36a912e58484,317.260,663.042
deep-researcher-1785988028-5874edab8c4c,317.308,481.078
data-analyst-1785987966-d9f68b985c1e,317.353,317.353
wide-researcher-1785988028-984a49709d10,317.423,521.072
reviewer-1785988028-9c1f9507469c,317.612,658.211
data-analyst-1785988028-7ad464efd03c,317.664,666.547
deep-researcher-1785988028-667dae035772,317.692,534.997
wide-researcher-1785988028-24df9f542911,317.738,552.852
reviewer-1785988028-02c4e83bbc90,317.758,675.312
data-analyst-1785988028-f81db7a808ef,317.799,675.653
data-analyst-1785987947-6a227acbe81c,317.803,403.592
deep-researcher-1785988028-4c5af81c6d3a,317.833,551.592
data-analyst-1785987973-23746ea682fb,317.899,404.781
wide-researcher-1785988028-50067bb1f69c,317.932,523.824
data-analyst-1785987963-11a177a264e4,317.949,317.950
reviewer-1785988028-9d30626d025d,317.973,653.771
data-analyst-1785987966-66c8ba7bea9c,317.977,317.977
data-analyst-1785988028-151f0349ef2c,318.017,681.756
deep-researcher-1785988029-f0c1a0e0422b,318.116,693.304
wide-researcher-1785988029-ac34f2d13b09,318.157,652.321
reviewer-1785988029-7f930df138a2,318.195,671.124
data-analyst-1785987975-daed8e1b0055,318.217,419.196
data-analyst-1785988029-adee1ca2aad8,318.279,668.910
deep-researcher-1785988029-54fb847981e0,318.315,531.962
wide-researcher-1785988029-826dd15d6e39,318.337,650.205
data-analyst-1785987952-5100ed9295aa,318.372,318.373
reviewer-1785988029-fc090eec8861,318.386,665.923
data-analyst-1785987943-79a4c27bd8f0,318.390,318.391
data-analyst-1785988029-c69034991459,318.438,676.936
data-analyst-1785987952-db5acae9241a,318.451,318.451
deep-researcher-1785988029-d8a6c8d99bba,318.455,517.574
wide-researcher-1785988029-aa4b301bcb39,318.572,536.380
data-analyst-1785987970-a163db99df5a,318.592,318.593
reviewer-1785988029-a639e1c34ee5,318.602,685.017
data-analyst-1785987966-5b7c76ab69d1,318.700,318.700
data-analyst-1785988029-f8659b08a50b,318.708,643.875
deep-researcher-1785988029-15617dd32269,318.777,547.566
data-analyst-1785987971-6ed4d31f72dd,318.815,413.642
wide-researcher-1785988029-fa19cc0892a3,318.824,638.656
reviewer-1785988029-157064adb3cd,318.937,656.238
data-analyst-1785987971-a3a306cfd1ff,319.055,319.056
data-analyst-1785988029-4573dae291d4,319.105,662.021
deep-researcher-1785988029-90a01685846f,319.167,531.879
data-analyst-1785987960-6c8ae969826c,319.181,319.181
wide-researcher-1785988029-37fece25f310,319.247,549.724
reviewer-1785988030-d45da524b06c,319.282,675.086
data-analyst-1785988030-adf7315d840d,319.326,661.409
data-analyst-1785987918-2beb71198cbb,319.432,417.419
deep-researcher-1785988030-040b94980e03,319.449,565.911
wide-researcher-1785988030-7da2118c05d9,319.477,672.434
reviewer-1785988030-7b485e1e7cf4,319.495,666.282
data-analyst-1785988030-30417d132151,319.536,675.496
deep-researcher-1785988030-437a0cddc43f,319.600,624.082
data-analyst-1785987963-018023b8d1d7,319.625,319.625
wide-researcher-1785988030-f586f34878a5,319.629,539.129
reviewer-1785988030-467f895c0e74,319.660,655.395
data-analyst-1785987911-c252892d7210,319.673,319.674
data-analyst-1785988030-0b4c8a94f95c,319.703,654.086
deep-researcher-1785988030-9078d9f968d4,319.732,522.613
wide-researcher-1785988030-7d6fda455b56,319.885,477.806
data-analyst-1785987926-5d02843786cb,319.912,319.912
reviewer-1785988030-fb9d818fd632,320.032,657.359
data-analyst-1785987957-e7502a2d327d,320.112,320.113
data-analyst-1785988030-19961d61efb8,320.125,644.272
deep-researcher-1785988030-6305ac204ed1,320.200,626.764
wide-researcher-1785988031-8662311d189b,320.218,519.988
reviewer-1785988031-3e40d096754f,320.274,671.301
data-analyst-1785988031-fe434889afaa,320.336,642.187
deep-researcher-1785988031-f46416b15a45,320.373,522.149
data-analyst-1785987971-3d7aa922e27f,320.390,320.391
wide-researcher-1785988031-f2af09b6c060,320.450,630.101
data-analyst-1785987960-83b7602b01eb,320.511,401.054
reviewer-1785988031-33c467a38ef0,320.596,671.970
data-analyst-1785988031-4de459b5a442,320.646,682.165
deep-researcher-1785988031-f949c13c7112,320.687,523.572
wide-researcher-1785988031-080938b3ae1a,320.756,537.955
reviewer-1785988031-e7399833e188,320.806,669.604
data-analyst-1785988031-5615df3f8418,320.952,682.532
deep-researcher-1785988031-e96d8171b398,321.007,590.633
wide-researcher-1785988031-f377af8c24d5,321.048,661.784
reviewer-1785988031-e64a80de75e8,321.103,682.886
data-analyst-1785988032-c816e744c8b2,321.143,656.255
deep-researcher-1785988032-24ae914e8f8c,321.226,417.456
wide-researcher-1785988032-e21bf40051c0,321.245,520.002
reviewer-1785988032-73c720e76982,321.275,647.864
data-analyst-1785987949-ff91589fd791,321.331,406.740
data-analyst-1785988032-29cb1747f4ad,321.335,667.375
deep-researcher-1785988032-bdb956c17526,321.399,522.480
wide-researcher-1785988032-42b059bf995e,321.460,527.442
reviewer-1785988032-dad6de61a649,321.507,654.526
data-analyst-1785988032-5c609862baa4,321.548,656.784
deep-researcher-1785988032-c7e81b01b223,321.567,538.325
wide-researcher-1785988032-be3fbe7370a0,321.627,552.256
data-analyst-1785987971-e410c097222c,321.709,321.710
reviewer-1785988032-77764d539b98,321.714,656.027
data-analyst-1785987975-077c9c90bd07,321.727,321.727
data-analyst-1785987956-0f5564838af3,321.773,321.774
data-analyst-1785988032-bf2adb8757e3,321.790,656.146
deep-researcher-1785988032-f564e4d7bcab,321.809,543.453
wide-researcher-1785988032-966d5652015c,321.837,552.650
reviewer-1785988032-c6dd768fa5b2,321.880,647.563
data-analyst-1785987960-585a46d34ccb,321.929,404.337
data-analyst-1785988032-7b0d62df24a5,321.956,653.474
deep-researcher-1785988032-5561eb805c49,322.110,695.349
data-analyst-1785987964-d4a49f83925a,322.138,322.138
wide-researcher-1785988033-41380b404882,322.192,552.271
data-analyst-1785987948-210853a60e0b,322.245,322.245
reviewer-1785988033-feadc7f8c96d,322.269,675.104
data-analyst-1785988033-d26db99afe05,322.326,679.352
data-analyst-1785987971-147c7037ffb8,322.346,322.346
data-analyst-1785987914-93ced777b80a,322.360,322.360
data-analyst-1785987973-aa774a09bb18,322.376,322.376
deep-researcher-1785988033-ca5fdad9664c,322.467,531.732
wide-researcher-1785988033-c8b7b970748f,322.509,521.502
reviewer-1785988033-4156d73a5250,322.529,658.922
data-analyst-1785988033-ab6612b774ba,322.616,636.117
data-analyst-1785987971-5268f5c72503,322.629,322.629
data-analyst-1785987960-9e2bbd374b8d,322.642,322.642
deep-researcher-1785988033-e414daff9071,322.684,672.620
data-analyst-1785987969-196fe7cf5521,322.704,322.704
wide-researcher-1785988033-93455c078844,322.737,662.663
reviewer-1785988033-9689e6ae4b34,322.761,681.401
data-analyst-1785987979-ada5056af660,322.800,404.888
data-analyst-1785987979-fad7c83230cd,322.814,402.232
data-analyst-1785988033-6f7b51e50b75,322.847,652.468
deep-researcher-1785988033-0e0d12446476,322.901,693.809
data-analyst-1785987971-669eab9afe0a,322.960,322.961
data-analyst-1785987973-16060693097a,322.973,322.974
wide-researcher-1785988033-993c99eaa0a9,322.981,521.956
data-analyst-1785987971-52b1de4ce713,322.990,322.991
reviewer-1785988033-f83f999f0278,323.019,665.601
data-analyst-1785988034-4b2266177387,323.062,558.843
deep-researcher-1785988034-8341632819cc,323.231,528.894
wide-researcher-1785988034-45234bae221a,323.312,584.447
reviewer-1785988034-5610817f72d3,323.331,651.740
data-analyst-1785988034-0fbe5985304b,323.618,668.577
deep-researcher-1785988034-5b6605561e04,323.638,641.419
wide-researcher-1785988034-08401cc85b53,323.668,469.326
data-analyst-1785987973-5d7a54c07b5b,323.682,323.683
reviewer-1785988034-613c616b2273,323.706,565.857
data-analyst-1785988034-2df4995f2027,323.793,678.052
deep-researcher-1785988034-810ab5723581,323.833,692.334
wide-researcher-1785988034-a200ad183b66,323.854,538.555
data-analyst-1785987980-716d5f796878,323.947,406.878
reviewer-1785988034-93ffba3bd3a8,323.976,653.661
data-analyst-1785988034-b45332061c19,324.032,677.017
deep-researcher-1785988035-09fedf596ae2,324.052,667.359
wide-researcher-1785988035-7475fe0ff680,324.134,569.442
reviewer-1785988035-39dbfb89543e,324.163,663.408
data-analyst-1785988035-187c35e834e8,324.238,542.072
deep-researcher-1785988035-b3da2359cbe3,324.278,680.701
wide-researcher-1785988035-81319f24b39a,324.359,583.569
data-analyst-1785987929-91a0b873b4e9,324.402,417.231
reviewer-1785988035-4a894d29956a,324.410,671.580
data-analyst-1785988035-db1994da117d,324.494,634.109
deep-researcher-1785988035-1ef288348d8d,324.527,599.362
data-analyst-1785987954-5602f8da18c2,324.570,324.571
wide-researcher-1785988035-39299ea6b484,324.584,652.115
data-analyst-1785987949-ef0ce433fd58,324.702,324.702
reviewer-1785988035-87d22946f626,324.738,630.777
data-analyst-1785988035-18c05ce934f9,324.808,664.055
deep-researcher-1785988035-a47b52d08029,324.839,678.279
wide-researcher-1785988035-fc670fd8e283,325.143,681.318
data-analyst-1785987948-b1765d4ae797,325.145,405.089
reviewer-1785988035-4ce6e4ad5030,325.215,650.242
data-analyst-1785988035-dfd55fd53377,325.283,670.473
deep-researcher-1785988036-974e7e1ff3c2,325.346,526.588
wide-researcher-1785988036-cd8b06680855,325.365,665.886
reviewer-1785988036-3df5e760ded2,325.489,666.587
data-analyst-1785988036-34260eb8e00d,325.531,682.613
deep-researcher-1785988036-37cc20942525,325.550,519.070
data-analyst-1785987965-5f51c9b10fbb,325.648,325.648
wide-researcher-1785988036-db2d41677236,325.653,662.679
data-analyst-1785987969-8c3ab0a53d9e,325.665,325.666
data-analyst-1785987976-3c7cb58566bf,325.679,325.680
data-analyst-1785987973-7cf499b7575c,325.777,325.777
reviewer-1785988036-be63b2409c7b,325.785,660.317
data-analyst-1785988036-6ac1fcf06c2c,325.872,661.119
deep-researcher-1785988036-a33afbd69c4d,325.930,436.158
data-analyst-1785987943-b99cf16b5769,325.935,325.936
wide-researcher-1785988036-7e8170cf06ad,325.997,543.993
reviewer-1785988036-afb7eb72f723,326.015,663.255
data-analyst-1785987973-da025ebc9f94,326.057,326.058
data-analyst-1785988037-4590c81b14b5,326.091,670.142
deep-researcher-1785988037-b5ac16875773,326.166,484.911
data-analyst-1785987964-b2f40f3645b3,326.215,408.192
wide-researcher-1785988037-413867aeba49,326.253,677.296
reviewer-1785988037-d12eeced46fc,326.329,681.135
data-analyst-1785988037-986651d4553e,326.359,654.507
data-analyst-1785987981-61d70f44befb,326.378,447.594
data-analyst-1785987972-70ef7bb9c3cb,326.575,326.576
deep-researcher-1785988037-9f12f2a39708,326.606,539.609
data-analyst-1785987967-f76962421b5d,326.619,411.698
wide-researcher-1785988037-69fd13b2de68,326.644,642.656
reviewer-1785988037-c18516342fde,326.736,667.610
data-analyst-1785988037-dde7b5ca09ae,326.791,654.634
deep-researcher-1785988037-e09c49d92004,326.821,665.782
data-analyst-1785987960-1350b8eee6e4,326.848,326.848
wide-researcher-1785988037-580741a0d092,326.852,552.354
reviewer-1785988037-31608e7a5c53,326.884,636.910
data-analyst-1785988037-6248b899aaee,326.979,649.203
data-analyst-1785987947-c4c72dbe8774,327.005,403.516
deep-researcher-1785988037-f898cce72f78,327.006,536.945
wide-researcher-1785988038-bdee89e26ae9,327.050,670.869
reviewer-1785988038-55eeab36e975,327.070,634.499
data-analyst-1785987975-436aa65d50ff,327.138,327.138
data-analyst-1785988038-c353b20bce19,327.170,592.151
data-analyst-1785987969-7f09bbb6db01,327.184,327.185
deep-researcher-1785988038-6b532cef3e2d,327.256,579.023
wide-researcher-1785988038-5037a56315b9,327.284,685.266
data-analyst-1785987971-8d94b25f1839,327.294,327.295
reviewer-1785988038-b589b8e6982d,327.303,677.033
data-analyst-1785987963-18dce2f6a54c,327.325,327.325
data-analyst-1785988038-50935da3e8f7,327.377,569.108
data-analyst-1785987974-e7cd81e6b9db,327.490,327.490
deep-researcher-1785988038-1514766dd498,327.502,549.289
wide-researcher-1785988038-ce6534183a0d,327.519,633.417
reviewer-1785988038-f7c3d696efc1,327.536,632.706
data-analyst-1785988038-fecf72a56d85,327.670,683.134
deep-researcher-1785988038-3a5188a4fdf0,327.749,530.519
wide-researcher-1785988038-e7128d59ed97,327.832,692.361
data-analyst-1785987952-df454ec89441,327.844,411.908
reviewer-1785988038-755eb5e3d856,327.857,654.489
data-analyst-1785987947-1edc5ff4de9b,328.084,328.084
data-analyst-1785987973-53e739d1e170,328.098,328.098
data-analyst-1785988038-03a42007ad2b,328.123,660.015
deep-researcher-1785988038-34d53caef7eb,328.167,682.410
data-analyst-1785987959-afeff9264fd8,328.238,328.238
wide-researcher-1785988039-b8cb5b4eb6e0,328.255,532.295
data-analyst-1785987977-c6566a9be0d3,328.268,328.268
data-analyst-1785987971-bbc6a4f826b8,328.281,328.281
reviewer-1785988039-6cd9ba116f35,328.293,682.854
data-analyst-1785988039-f57780721843,328.368,680.207
deep-researcher-1785988039-49fe179f388f,328.386,653.613
wide-researcher-1785988039-2d7c9beb2318,328.405,653.091
data-analyst-1785987973-bbd048e9bc1c,328.464,328.464
data-analyst-1785987971-daf05ff94506,328.497,409.330
reviewer-1785988039-672d6616de1c,328.554,670.042
data-analyst-1785988039-ae96e2b9d502,328.597,569.469
deep-researcher-1785988039-6aaf1846019e,328.676,643.536
wide-researcher-1785988039-a6660601f003,328.696,545.705
reviewer-1785988039-ca9d5a78896c,328.768,674.939
data-analyst-1785987958-c46701657de3,328.800,402.684
data-analyst-1785988039-2d5156af138d,328.812,691.349
deep-researcher-1785988039-9eb82ecc3940,328.884,487.953
wide-researcher-1785988039-6d481b6eb949,328.959,618.674
reviewer-1785988039-973632ed644c,328.995,670.198
data-analyst-1785988039-f61f83445a4d,329.037,625.879
deep-researcher-1785988040-f429f15b0b18,329.056,575.086
wide-researcher-1785988040-05bdd36b74b8,329.179,681.379
reviewer-1785988040-f5020fa01280,329.259,660.627
data-analyst-1785988040-867d9412213e,329.339,683.270
deep-researcher-1785988040-720e301cbafc,329.368,521.271
wide-researcher-1785988040-4f98a99bf9ed,329.385,632.609
reviewer-1785988040-f3279a468a54,329.642,664.701
data-analyst-1785988040-1cfb558999d0,329.682,634.912
deep-researcher-1785988040-145cdeb9f92c,329.806,679.320
wide-researcher-1785988040-44a06e627794,329.824,523.138
reviewer-1785988040-9d90bcd3825a,329.850,670.836
data-analyst-1785988040-77f7f3bf2df4,329.893,640.345
data-analyst-1785987938-4d56f947516c,330.030,401.141
deep-researcher-1785988040-24734b9b87fb,330.065,667.407
wide-researcher-1785988040-e42191689c62,330.096,663.919
reviewer-1785988041-529f4e565e5b,330.115,656.854
data-analyst-1785988041-a856ee5d9b72,330.196,633.607
deep-researcher-1785988041-753ef09589bf,330.279,692.303
wide-researcher-1785988041-446f1e604c01,330.328,628.654
reviewer-1785988041-485438991b83,330.399,630.206
data-analyst-1785987983-c681669e9dd3,330.473,417.873
data-analyst-1785987983-4211c7c83e54,330.487,415.859
data-analyst-1785988041-4b4b4ca12a6d,330.507,673.762
data-analyst-1785987962-e33752634b21,330.521,330.521
deep-researcher-1785988041-0dd0d7a75977,330.538,636.295
wide-researcher-1785988041-363ee62df376,330.693,693.743
reviewer-1785988041-3fdc1673854d,330.775,691.301
data-analyst-1785987952-e811ccbe214f,330.798,330.798
data-analyst-1785988041-9510db44cccc,330.845,685.297
deep-researcher-1785988041-3c57f7fbd7d9,330.878,629.025
data-analyst-1785987983-f558bc5bb456,331.038,408.521
data-analyst-1785987983-8b192d41eb18,331.050,407.407
wide-researcher-1785988041-3f6530341419,331.153,480.361
reviewer-1785988041-7d1ef997ae34,331.196,647.827
data-analyst-1785987983-2a489dd911b3,331.213,451.581
data-analyst-1785988042-434746d2ee71,331.253,655.253
deep-researcher-1785988042-7b5d50df440c,331.304,565.515
wide-researcher-1785988042-b0bf1365e49a,331.322,640.363
reviewer-1785988042-a70dc288398e,331.339,647.631
data-analyst-1785988042-60f574960470,331.405,665.321
deep-researcher-1785988042-1cf4bf3ea80a,331.423,666.123
wide-researcher-1785988042-1ed1e5865306,331.543,450.105
reviewer-1785988042-0a5c197025e8,331.572,672.539
data-analyst-1785988042-36413651173b,331.617,661.081
deep-researcher-1785988042-7ba515aa9b55,331.635,531.569
data-analyst-1785987976-3b68aa213dc6,331.684,404.605
wide-researcher-1785988042-c1e33a2d2566,331.705,558.343
reviewer-1785988042-75f91d1bbeaa,331.789,628.866
data-analyst-1785988042-4f1ccf66cedb,331.832,681.836
deep-researcher-1785988042-d8ff147607ac,331.922,646.560
wide-researcher-1785988042-d70308ace859,331.951,522.940
reviewer-1785988042-435d99729dd2,332.007,683.188
data-analyst-1785988043-38099d90c750,332.057,534.126
deep-researcher-1785988043-d1998c9cbeef,332.136,675.813
wide-researcher-1785988043-46a1a74baefd,332.205,627.092
reviewer-1785988043-401bde27c256,332.272,657.054
data-analyst-1785988043-2bddd6f6999f,332.306,679.103
data-analyst-1785987954-9013f8baaf82,332.343,418.601
data-analyst-1785987924-e9b6c5fb5c3c,332.356,407.130
deep-researcher-1785988043-98a4793f4f14,332.364,518.961
data-analyst-1785987945-03e7fb0aacc9,332.373,407.219
data-analyst-1785987977-61e8564d96a7,332.386,332.386
wide-researcher-1785988043-3c6b39692a1f,332.526,671.744
reviewer-1785988043-3f7300f8acf4,332.660,685.443
data-analyst-1785988043-ac3588539e89,332.705,587.419
deep-researcher-1785988043-48f47b48ab2f,332.759,516.911
wide-researcher-1785988043-f66adbf1e62b,332.821,540.504
reviewer-1785988043-89b443f4bcc5,332.852,660.518
data-analyst-1785988043-848b3203e944,332.912,691.269
deep-researcher-1785988043-2fd77fcc6cba,332.929,679.854
data-analyst-1785987955-b4ae9478ffbe,332.983,332.984
wide-researcher-1785988043-dec37611975c,333.044,681.692
reviewer-1785988044-7b2c72757785,333.094,676.592
data-analyst-1785988044-e7a34ecd3a92,333.124,628.151
deep-researcher-1785988044-00f9c5160a75,333.142,526.861
wide-researcher-1785988044-4a7baad2ae44,333.159,689.660
data-analyst-1785987947-b316b22787ea,333.163,333.164
reviewer-1785988044-a3a57ca41c77,333.220,660.301
data-analyst-1785988044-ea0e105329bd,333.302,553.041
deep-researcher-1785988044-8cfc8e4cf4ac,333.322,516.457
wide-researcher-1785988044-d6c23aba4617,333.431,524.064
reviewer-1785988044-d2f9ba4d379a,333.457,684.315
data-analyst-1785987968-78160d6f9cd1,333.522,474.915
data-analyst-1785988044-138858ad5119,333.567,678.913
data-analyst-1785987918-7ffc35ddbe26,333.637,413.821
deep-researcher-1785988044-35a18e7f0506,333.795,529.211
wide-researcher-1785988044-52686df03125,333.815,649.061
reviewer-1785988044-da21549c912f,333.874,681.050
data-analyst-1785987958-482e0c60f532,333.902,404.924
data-analyst-1785988044-218b6fb34d8b,333.927,649.959
data-analyst-1785987960-5a5b6df92aa8,333.985,401.268
data-analyst-1785987966-febc7fc9e89b,334.030,334.030
deep-researcher-1785988044-3c428140c823,334.036,459.376
data-analyst-1785987973-f3a62c5eaec7,334.061,334.062
wide-researcher-1785988044-a077b70112ae,334.188,565.445
reviewer-1785988045-89fcd3a95dfc,334.217,665.207
data-analyst-1785988045-b7be26828316,334.269,645.926
deep-researcher-1785988045-2e0621bd505c,334.338,533.339
data-analyst-1785987984-2c79cb686ac6,334.356,405.909
wide-researcher-1785988045-aea21600ba91,334.377,534.835
reviewer-1785988045-f5cb7aa104a8,334.436,670.314
data-analyst-1785988045-1c5b9f5884db,334.557,639.136
deep-researcher-1785988045-dfe9ea635fde,334.593,552.569
wide-researcher-1785988045-51c3b4cb72c5,334.626,521.415
reviewer-1785988045-f62c576c7bbf,334.645,674.518
data-analyst-1785988045-ea469974347c,334.739,640.531
deep-researcher-1785988045-4696bf6c6bd9,334.945,540.048
wide-researcher-1785988045-05f6fb957b99,334.987,677.517
reviewer-1785988045-d5c1b6913921,335.030,646.014
data-analyst-1785988045-469d1bd28838,335.107,673.246
deep-researcher-1785988046-101ec4dc3961,335.150,532.006
data-analyst-1785987925-ef965f7e93ea,335.190,411.727
data-analyst-1785987955-fbd523beb74b,335.203,413.395
data-analyst-1785987955-30c45a36dd14,335.216,415.053
data-analyst-1785987921-a5f4a31f41d6,335.230,404.548
wide-researcher-1785988046-965a09fbcaaa,335.234,579.112
reviewer-1785988046-3d496319b299,335.306,677.634
data-analyst-1785987951-68083b7071d0,335.371,335.371
data-analyst-1785988046-ec1e98bb9fc6,335.389,664.102
deep-researcher-1785988046-e50509c3b46d,335.437,540.266
data-analyst-1785987969-2cf4476cb058,335.505,335.506
wide-researcher-1785988046-54be82fe09f2,335.683,633.287
reviewer-1785988046-79787f70eed5,335.742,652.763
data-analyst-1785988046-e8088e7032b7,335.847,673.278
deep-researcher-1785988046-d9f8babf1e9b,335.889,524.569
data-analyst-1785987981-b98f5ac1c983,335.890,335.895
wide-researcher-1785988046-e5320e899581,335.946,677.166
reviewer-1785988046-67e2f1017318,336.071,678.721
data-analyst-1785988047-d83f6169e76c,336.113,690.793
deep-researcher-1785988047-ede1e9bacb3b,336.131,684.164
wide-researcher-1785988047-9d5f23180f78,336.148,558.858
reviewer-1785988047-7651dcd1bc4a,336.179,644.543
data-analyst-1785988047-9408ee0bd1ee,336.240,679.559
deep-researcher-1785988047-ccc157e24e54,336.258,676.777
data-analyst-1785987973-7ff88e9b06a6,336.272,336.272
data-analyst-1785987965-d2ab11df8b26,336.286,336.287
data-analyst-1785987961-c72d6ad106e1,336.331,400.178
wide-researcher-1785988047-2f1b5981386a,336.339,678.802
reviewer-1785988047-2e7445eba9cf,336.379,666.218
data-analyst-1785987959-e6eaa286978b,336.414,336.415
data-analyst-1785988047-07378b67b5ae,336.431,661.690
deep-researcher-1785988047-cc8545bff843,336.450,539.282
data-analyst-1785987975-b8735a99edef,336.479,401.862
wide-researcher-1785988047-0601d4c7826c,336.487,534.420
data-analyst-1785987983-685a2df730f1,336.500,420.974
data-analyst-1785987963-115216bc636d,336.535,400.759
reviewer-1785988047-a0f4cd0441e2,336.539,649.626
data-analyst-1785988047-f35a80141fa3,336.619,655.149
deep-researcher-1785988047-2363b04548a9,336.705,541.545
wide-researcher-1785988047-549b0fedd1ed,336.737,669.670
data-analyst-1785987969-a5afcd61a4bc,336.806,336.807
reviewer-1785988047-a8282e8df571,336.826,682.770
data-analyst-1785988047-b14111fa9269,336.894,665.077
deep-researcher-1785988047-b945f8b91a42,336.952,518.437
data-analyst-1785987985-ff103f42893b,336.993,440.361
data-analyst-1785987972-4f1f1a7a8f5c,337.028,337.028
wide-researcher-1785988047-59c7893489d7,337.193,683.000
reviewer-1785988048-afc74daf0001,337.236,636.571
data-analyst-1785988048-e97e6807ef43,337.381,632.658
deep-researcher-1785988048-defa31244108,337.450,680.225
wide-researcher-1785988048-24c5165d5fd2,337.470,685.001
data-analyst-1785987952-a73900612b82,337.489,400.539
data-analyst-1785987954-bb39fc55b81c,337.519,402.938
reviewer-1785988048-e30e5c165118,337.593,626.474
data-analyst-1785988048-53271bbb5457,337.637,540.658
deep-researcher-1785988048-e5e7f58d343f,337.666,668.214
wide-researcher-1785988048-d66ea3d6e865,337.685,525.831
reviewer-1785988048-e89b987fd413,337.703,671.807
data-analyst-1785987967-910dfed40ac0,337.729,337.729
data-analyst-1785988048-f4141a72cdd2,337.760,664.564
data-analyst-1785987918-2c4c7baf4a4d,337.835,337.836
deep-researcher-1785988048-066c3ed42a53,337.853,527.947
wide-researcher-1785988048-fe055e3694e6,337.884,504.188
reviewer-1785988048-0ddd12dd2f62,337.905,685.312
data-analyst-1785988048-0a8df0de688f,337.971,663.468
deep-researcher-1785988049-7ac43cc5f262,338.014,694.376
wide-researcher-1785988049-9e5ea02317de,338.053,655.592
reviewer-1785988049-d5cc8209e52d,338.074,665.436
data-analyst-1785988049-d8476e82dabe,338.128,673.925
data-analyst-1785987941-a9644a429745,338.185,406.973
data-analyst-1785987960-0f8ad1bf995f,338.206,338.206
deep-researcher-1785988049-165f1899c9c0,338.220,681.254
wide-researcher-1785988049-ef57641d0d86,338.310,552.285
deep-researcher-1785988049-0935b07611e6,338.405,595.647
wide-researcher-1785988049-b7fa8038b04f,338.566,679.910
deep-researcher-1785988049-9e376baa7515,338.702,673.086
wide-researcher-1785988049-3ac7f6891f45,338.719,552.369
deep-researcher-1785988049-9c43dfee3cf6,338.762,692.702
wide-researcher-1785988049-4b5c0b32be95,338.781,670.965
deep-researcher-1785988049-d8a78f8a46c6,338.885,644.053
wide-researcher-1785988049-997b6fbca940,338.968,623.737
deep-researcher-1785988050-ce71ea9df2fd,338.987,691.526
wide-researcher-1785988050-4e77f4aad6ea,339.084,691.710
deep-researcher-1785988050-b35bed1e7330,339.114,586.169
wide-researcher-1785988050-275ce0f796ca,339.153,523.228
deep-researcher-1785988050-23305e5792b0,339.181,528.126
wide-researcher-1785988050-1fd6b318ffaf,339.199,623.453
deep-researcher-1785988050-76f5b8fa3e03,339.356,541.803
wide-researcher-1785988050-6834dde4e859,339.405,598.139
data-analyst-1785987939-12ca50c3a700,339.629,339.630
data-analyst-1785987970-c6589fc16411,339.643,339.643
deep-researcher-1785988050-f84985305ee7,339.744,534.358
wide-researcher-1785988050-4e477b411944,339.821,657.127
deep-researcher-1785988050-88168fc7ed69,339.859,665.905
data-analyst-1785987955-27aacac69a84,339.914,339.914
wide-researcher-1785988050-78c022f46408,339.918,563.878
data-analyst-1785987980-25c27ff3fdfb,339.931,339.931
data-analyst-1785987935-684c90f742b8,339.944,339.944
deep-researcher-1785988051-8b860bf93137,340.063,624.955
data-analyst-1785987965-b2bb0f4aacc9,340.173,340.174
data-analyst-1785987986-8c3bc6bbc1be,340.187,402.261
data-analyst-1785987986-c214f70cce87,340.199,407.637
data-analyst-1785987986-18a60cccf397,340.212,415.090
wide-researcher-1785988051-d42e9b56a496,340.225,641.072
deep-researcher-1785988051-89bd4ce1a063,340.262,595.455
wide-researcher-1785988051-57a09a80d9d9,340.293,671.722
deep-researcher-1785988051-96b641738a39,340.405,667.573
wide-researcher-1785988051-85b7ff32839b,340.466,673.561
deep-researcher-1785988051-05f8f874c2fa,340.485,530.583
wide-researcher-1785988051-56835c22759b,340.656,613.867
deep-researcher-1785988051-5aed645e9f17,340.692,677.279
wide-researcher-1785988051-541bf58aca9b,340.709,535.672
deep-researcher-1785988051-346c2c794a0a,340.727,631.540
wide-researcher-1785988051-bad6801ada8d,340.765,584.682
deep-researcher-1785988051-47ae3862cffb,340.802,651.493
wide-researcher-1785988051-a97f0d47415c,340.919,535.225
deep-researcher-1785988051-1ee3051dc6f3,340.949,545.790
data-analyst-1785987957-a235000eaf22,340.994,403.106
wide-researcher-1785988052-88b42b70c989,341.000,624.939
data-analyst-1785987957-f9de9d25d0ee,341.012,416.059
data-analyst-1785987957-24a52e3a51e9,341.027,422.062
data-analyst-1785987931-c53b75419746,341.039,404.623
deep-researcher-1785988052-65d74d0271e0,341.064,677.150
wide-researcher-1785988052-de067538713b,341.183,537.738
data-analyst-1785987987-8bcddd98a847,341.197,471.738
data-analyst-1785987987-d176cb30b007,341.211,401.436
deep-researcher-1785988052-d0c326865aa3,341.250,624.847
data-analyst-1785987962-584ccc447468,341.353,341.354
wide-researcher-1785988052-10565ae8891d,341.354,671.899
data-analyst-1785987955-2c5a1fc741c5,341.371,341.371
deep-researcher-1785988052-bc5df607ceb0,341.432,516.351
wide-researcher-1785988052-97fa9c5bbc6c,341.672,661.316
deep-researcher-1785988052-0d3dfeeb46e3,341.733,534.762
wide-researcher-1785988052-c9baa89db2d9,341.769,693.159
deep-researcher-1785988052-b3d8c24e9f9f,341.788,537.424
data-analyst-1785987987-bf7333be1adc,341.788,525.509
wide-researcher-1785988052-b5ca92f92c92,341.808,596.050
deep-researcher-1785988052-ed1f7b88a38a,341.874,528.480
wide-researcher-1785988052-1f8c6cbf6289,341.891,683.419
deep-researcher-1785988053-bec9568d8617,341.912,651.963
wide-researcher-1785988053-2988dc36e28d,341.966,535.956
deep-researcher-1785988053-d7b99d6f92a4,341.996,439.223
wide-researcher-1785988053-6c26d38f0901,342.015,634.297
deep-researcher-1785988053-6784eb342770,342.120,625.132
wide-researcher-1785988053-41dd9f12bcff,342.203,672.866
deep-researcher-1785988053-afeb47f506f5,342.226,694.612
data-analyst-1785987965-07d4f6b92e45,342.227,342.232
data-analyst-1785987958-c1067a1fc808,342.245,342.245
wide-researcher-1785988053-4050203bd7a9,342.272,691.082
deep-researcher-1785988053-340ddc978de2,342.430,576.505
wide-researcher-1785988053-eebb1158e78e,342.458,523.090
deep-researcher-1785988053-37e1ca833b3c,342.547,531.790
wide-researcher-1785988053-30e031e16589,342.606,574.300
deep-researcher-1785988053-6c1ccd16d5c9,342.696,682.126
wide-researcher-1785988053-ef0f4d905d84,342.756,541.786
deep-researcher-1785988053-7147d5be0629,342.777,658.229
wide-researcher-1785988053-88d8e038d6bc,342.843,537.207
deep-researcher-1785988053-5ac39a54a5db,342.882,686.752
data-analyst-1785987987-c8547b42de72,342.900,412.442
data-analyst-1785987987-dec96175376a,342.914,541.591
wide-researcher-1785988054-1e791a5e9e00,342.936,523.684
deep-researcher-1785988054-9bfa610acd53,343.086,498.357
wide-researcher-1785988054-b400b9b24696,343.108,580.840
data-analyst-1785987909-76f73a70b368,343.120,343.120
deep-researcher-1785988054-d429bf13dff2,343.166,551.209
wide-researcher-1785988054-7109d579e176,343.184,655.073
deep-researcher-1785988054-18bdf430f5df,343.224,684.822
wide-researcher-1785988054-d50501e8e38b,343.289,523.002
deep-researcher-1785988054-e4bba4267503,343.321,676.725
data-analyst-1785987967-f5c3d2a3f2d4,343.365,402.145
wide-researcher-1785988054-cae39c5c06f5,343.383,536.772
deep-researcher-1785988054-8932e8524b52,343.405,691.023
wide-researcher-1785988054-77b98d7d4cd2,343.481,635.131
data-analyst-1785987966-f85cb8c26b28,343.491,343.492
deep-researcher-1785988054-ad3dd0c98635,343.509,657.485
wide-researcher-1785988054-2ad3305fe7bf,343.681,675.329
deep-researcher-1785988054-cd9deeb00d37,343.715,695.036
wide-researcher-1785988054-f89da059ece7,343.736,670.949
deep-researcher-1785988054-2aec93ac5008,343.800,527.327
data-analyst-1785987974-561aac407d0a,343.801,406.958
wide-researcher-1785988054-16dc995e6a4c,343.829,547.052
deep-researcher-1785988054-99a24541b5ef,343.935,655.627
wide-researcher-1785988055-da5467b8bf3d,343.969,575.131
deep-researcher-1785988055-d6ba49101a38,344.027,692.589
wide-researcher-1785988055-b607c646edbc,344.196,652.415
deep-researcher-1785988055-e0ad5f32ac17,344.214,654.670
wide-researcher-1785988055-226a2166e16e,344.245,534.521
deep-researcher-1785988055-69e09c7fc510,344.283,544.939
wide-researcher-1785988055-5eda5ef6ecfb,344.395,517.591
deep-researcher-1785988055-d81c12ca43b6,344.437,528.526
wide-researcher-1785988055-b353fa9c26c7,344.460,526.293
deep-researcher-1785988055-d78be56b6316,344.627,638.941
wide-researcher-1785988055-fb17168ca010,344.675,519.943
deep-researcher-1785988055-94546e16b37a,344.708,531.059
wide-researcher-1785988055-13ab97e2a524,344.738,692.389
data-analyst-1785987958-bfce6a22ade4,344.753,407.904
deep-researcher-1785988055-09705dea2acb,344.797,538.539
wide-researcher-1785988055-bc9a49442663,344.894,676.889
deep-researcher-1785988055-c3169d51b149,344.927,534.850
data-analyst-1785987960-cf2fdf09ea2a,344.957,344.958
data-analyst-1785987964-230641bb08f9,344.973,344.974
data-analyst-1785987979-00dbcdbc78c4,344.988,344.988
wide-researcher-1785988056-ef86aac732f9,344.992,540.183
deep-researcher-1785988056-c71ab29ef993,345.030,542.126
data-analyst-1785987973-f6d2f8d8a09e,345.069,345.069
data-analyst-1785987961-2415d1158a26,345.097,345.097
wide-researcher-1785988056-26949325352b,345.146,638.193
deep-researcher-1785988056-169bc4a815da,345.197,527.507
wide-researcher-1785988056-84206a73c862,345.225,546.425
deep-researcher-1785988056-b1656f6808a1,345.257,692.140
wide-researcher-1785988056-fb2c055b7fac,345.305,663.982
deep-researcher-1785988056-84a3c4fc2eef,345.349,623.436
data-analyst-1785987935-7679fc9d6429,345.373,421.448
wide-researcher-1785988056-70e7f68936f8,345.418,687.269
deep-researcher-1785988056-1bda65c0f676,345.449,678.658
data-analyst-1785987963-b4d62c251800,345.458,406.643
wide-researcher-1785988056-2f47c2210e1c,345.481,530.165
deep-researcher-1785988056-c8cd20ed7be8,345.541,609.842
wide-researcher-1785988056-49bc93efbc6e,345.573,633.536
deep-researcher-1785988056-62000a088cc1,345.603,660.257
wide-researcher-1785988056-5c4caedf92a2,345.713,666.567
deep-researcher-1785988056-48726f140e16,345.732,694.907
wide-researcher-1785988056-aac26acc3bda,345.761,549.043
deep-researcher-1785988056-d87c221a2828,345.792,692.121
wide-researcher-1785988056-577eac0a7215,345.862,552.692
data-analyst-1785987988-e075d2579d75,345.867,401.167
data-analyst-1785987988-b0d50188a870,345.882,405.105
deep-researcher-1785988056-5faeafc8b627,345.895,552.527
data-analyst-1785987970-a8b69f95330c,345.938,405.824
wide-researcher-1785988057-24603ed90128,345.947,518.033
deep-researcher-1785988057-8ffcd4145551,345.966,583.656
data-analyst-1785987948-b2114f7c0a41,346.081,346.081
data-analyst-1785987969-4aabef5b835d,346.095,346.095
wide-researcher-1785988057-05f65997329b,346.128,630.009
deep-researcher-1785988057-21b35268ed5e,346.180,626.043
data-analyst-1785987949-bfa4a2ccedd8,346.191,346.192
wide-researcher-1785988057-55ca07ae09de,346.210,645.576
data-analyst-1785987960-35eeee9c52cf,346.241,346.241
data-analyst-1785987983-073dbf81251f,346.256,346.256
deep-researcher-1785988057-5e3552f06337,346.417,539.859
data-analyst-1785987944-6850b99fd839,346.418,346.421
data-analyst-1785987983-dbe665658236,346.434,346.434
wide-researcher-1785988057-b70c8fb718c5,346.434,610.145
deep-researcher-1785988057-4dfe18cf4984,346.536,634.356
wide-researcher-1785988057-b5c2e247f670,346.573,599.073
data-analyst-1785987988-0207d779b574,346.641,459.114
data-analyst-1785987988-cfea6c27f987,346.653,412.777
deep-researcher-1785988057-8167efc06000,346.657,633.069
data-analyst-1785987983-ff568d490d20,346.689,399.678
wide-researcher-1785988057-0987109340be,346.716,634.565
deep-researcher-1785988057-1fc406a31c9c,346.744,622.556
wide-researcher-1785988057-1ec46d4ffe2a,346.776,676.178
deep-researcher-1785988057-7e318763199d,346.814,624.437
data-analyst-1785987930-61ae63047586,346.930,346.930
wide-researcher-1785988057-4cf5f49709b0,346.934,531.281
data-analyst-1785987952-18b0f64caad1,347.032,347.032
deep-researcher-1785988057-b1b4c792f405,347.049,535.128
wide-researcher-1785988058-068429bcd0fb,347.118,539.901
deep-researcher-1785988058-a878dc4ca61d,347.211,623.100
wide-researcher-1785988058-e7a5b24e4a65,347.245,656.271
deep-researcher-1785988058-02facaeb5c57,347.274,683.352
wide-researcher-1785988058-a220f3decceb,347.343,633.959
deep-researcher-1785988058-40ef8878c19f,347.387,693.056
data-analyst-1785987956-e8a30543891e,347.453,399.561
wide-researcher-1785988058-e920355a19bb,347.458,588.193
data-analyst-1785987928-34da7320b099,347.470,400.556
deep-researcher-1785988058-8ecdcc491599,347.633,555.032
wide-researcher-1785988058-cf8f01ec4a3b,347.664,535.404
data-analyst-1785987966-a384d007555c,347.686,347.686
deep-researcher-1785988058-2e504b958a20,347.694,674.045
data-analyst-1785987942-d2b0f66163b4,347.788,347.789
wide-researcher-1785988058-251622b88056,347.822,585.186
deep-researcher-1785988058-7c26704f36fa,347.918,667.102
wide-researcher-1785988058-a00ca19b9326,347.937,655.959
deep-researcher-1785988059-a09e91feb121,348.022,629.902
wide-researcher-1785988059-1d6f8159aaeb,348.058,631.140
deep-researcher-1785988059-cdc0ebded821,348.091,671.484
data-analyst-1785987941-7e57918db67d,348.136,348.137
wide-researcher-1785988059-d65be8ad9b09,348.171,559.350
deep-researcher-1785988059-762219530c88,348.212,623.698
wide-researcher-1785988059-34beacc7825a,348.234,682.984
deep-researcher-1785988059-14afb0e389d0,348.263,691.789
wide-researcher-1785988059-8c3afb8b66f4,348.343,630.333
data-analyst-1785987989-7a51cc508135,348.389,406.160
deep-researcher-1785988059-fb8ea6500516,348.398,640.568
data-analyst-1785987989-5a7b09d1e637,348.404,424.425
wide-researcher-1785988059-e8d646cec954,348.452,546.471
deep-researcher-1785988059-3c91c96d661e,348.502,666.390
wide-researcher-1785988059-5bb79059cf3b,348.543,523.843
deep-researcher-1785988059-b1f5ed173ae0,348.622,535.344
data-analyst-1785987975-187565e04849,348.650,402.191
wide-researcher-1785988059-15f39a66c768,348.736,663.523
data-analyst-1785987957-3a064caf4616,348.757,348.758
deep-researcher-1785988059-a209d492622c,348.789,592.303
wide-researcher-1785988059-c5b5c1dc7633,348.816,651.597
deep-researcher-1785988059-29aaa1ef6c10,348.859,636.493
wide-researcher-1785988059-bcce52f1d0cf,348.928,623.404
data-analyst-1785987929-04894b4988b3,348.942,348.942
deep-researcher-1785988060-ac2699939a74,348.968,691.446
wide-researcher-1785988060-3344f8a1edd1,348.988,546.808
deep-researcher-1785988060-469ca54cd361,349.113,653.218
wide-researcher-1785988060-e3e7de458de8,349.143,573.020
deep-researcher-1785988060-8a680255d02c,349.186,548.654
wide-researcher-1785988060-c2de9a18d804,349.230,533.112
deep-researcher-1785988060-14cd9013ac23,349.269,535.115
data-analyst-1785987989-cf02fad70bad,349.331,404.421
wide-researcher-1785988060-b8b77cfaead0,349.341,679.225
data-analyst-1785987972-d6cd8ba718e7,349.372,349.372
deep-researcher-1785988060-612c70807e57,349.417,676.500
wide-researcher-1785988060-b603edd6842a,349.446,691.847
data-analyst-1785987987-53d1a3774cea,349.505,401.550
deep-researcher-1785988060-b12756088bf1,349.519,520.742
wide-researcher-1785988060-5ec959bf634f,349.541,500.058
data-analyst-1785987968-077f4c152668,349.561,349.562
deep-researcher-1785988060-49ce708cb504,349.571,552.679
data-analyst-1785987948-2ccba4f4bc49,349.578,349.579
wide-researcher-1785988060-94076b0b8b9e,349.613,675.400
data-analyst-1785987954-ade4926eba1d,349.617,349.618
deep-researcher-1785988060-0f41726822e9,349.670,536.394
wide-researcher-1785988060-26bd044e7d53,349.690,630.509
deep-researcher-1785988060-900d4cf6a92c,349.740,648.802
wide-researcher-1785988060-68029ac69548,349.768,529.898
deep-researcher-1785988060-8ed7ed6f42f9,349.791,551.224
wide-researcher-1785988060-adfcd66b9e8a,349.831,674.690
deep-researcher-1785988060-249d8d6576d2,349.947,528.494
wide-researcher-1785988061-b5d8963a645d,350.007,624.661
deep-researcher-1785988061-7c50d3db08af,350.053,680.023
wide-researcher-1785988061-aa0007c7be9a,350.143,536.990
deep-researcher-1785988061-197ee659c086,350.237,626.081
wide-researcher-1785988061-f28c7fba3626,350.277,524.124
deep-researcher-1785988061-4cc549090ebc,350.305,528.405
wide-researcher-1785988061-13fecbb534f4,350.336,631.476
deep-researcher-1785988061-3a9c6abdca93,350.446,534.583
data-analyst-1785987928-fb446d2ff8dc,350.608,402.329
wide-researcher-1785988061-a93c72810dee,350.622,533.492
deep-researcher-1785988061-822c4b6e35db,350.696,693.844
wide-researcher-1785988061-d5756bd78e0c,350.724,658.531
deep-researcher-1785988061-026fcdf13f60,350.743,682.836
wide-researcher-1785988061-36297d7c5bcd,350.783,643.895
data-analyst-1785987948-6dd46ba661a0,350.840,350.840
deep-researcher-1785988061-14879d9422ba,350.840,694.531
wide-researcher-1785988061-68a5a0a662e8,350.961,523.628
data-analyst-1785987974-f285fbecfb88,351.001,351.002
data-analyst-1785987907-8dfdecc5ecb0,351.016,351.016
deep-researcher-1785988062-91fe2a681579,351.044,562.198
wide-researcher-1785988062-4a01100e1d5c,351.063,523.184
data-analyst-1785987952-873726137b12,351.068,351.069
data-analyst-1785987953-9feba5dd3de5,351.084,351.085
deep-researcher-1785988062-c70e98373484,351.183,524.815
wide-researcher-1785988062-23dc80b08817,351.302,518.542
deep-researcher-1785988062-bd36faad401f,351.342,678.895
wide-researcher-1785988062-c31dade08fa3,351.427,642.172
deep-researcher-1785988062-739c19086946,351.455,623.885
data-analyst-1785987983-dcd7d357d70b,351.472,351.472
wide-researcher-1785988062-7691291e08ca,351.515,614.254
deep-researcher-1785988062-3e964d332882,351.621,529.381
wide-researcher-1785988062-2f03d7d68ee1,351.747,678.099
data-analyst-1785987990-30fe02917eb1,351.821,409.591
deep-researcher-1785988062-44dbd31cdbf4,351.905,631.397
wide-researcher-1785988062-5ea827978168,351.959,671.411
deep-researcher-1785988063-1861612a40b5,351.991,540.061
data-analyst-1785987987-c535cffeb078,352.037,410.385
wide-researcher-1785988063-8f6e21eda6af,352.210,543.687
deep-researcher-1785988063-608a9123bd49,352.249,654.148
wide-researcher-1785988063-b2ab7db96a49,352.295,640.449
deep-researcher-1785988063-cee0028aa16e,352.434,624.751
wide-researcher-1785988063-521a83097fe2,352.461,520.448
data-analyst-1785987990-a19ba7c79936,352.476,408.394
deep-researcher-1785988063-2890bc7b5128,352.557,536.536
wide-researcher-1785988063-d4b866552dee,352.579,539.688
deep-researcher-1785988063-0803abca9c72,352.782,527.726
wide-researcher-1785988063-03f5a45f43eb,352.810,641.812
data-analyst-1785987988-eb8d290f2f14,352.832,406.206
deep-researcher-1785988063-57994a33ce09,352.844,555.497
wide-researcher-1785988063-2f21443fe7b7,352.887,531.106
data-analyst-1785987987-3c1c5f75707a,352.946,401.450
deep-researcher-1785988064-01b1443dcaef,352.969,685.035
data-analyst-1785987974-46ff79f12ad2,353.032,410.103
wide-researcher-1785988064-980ca85323b9,353.072,494.283
deep-researcher-1785988064-5414747893af,353.132,523.644
wide-researcher-1785988064-750f7d2bb549,353.269,648.073
data-analyst-1785987965-1168670490b1,353.300,353.300
deep-researcher-1785988064-18c561a3d072,353.330,523.584
wide-researcher-1785988064-61925baed51d,353.395,680.522
deep-researcher-1785988064-381f14991ee3,353.422,531.540
wide-researcher-1785988064-49cfc4fb9a70,353.452,671.767
deep-researcher-1785988064-81e44dd0e58c,353.470,625.328
wide-researcher-1785988064-7fb7bd2826e0,353.514,524.379
deep-researcher-1785988064-54edcc909bee,353.637,684.694
wide-researcher-1785988064-a30f3b6f54ec,353.703,615.808
deep-researcher-1785988064-1920af93a752,353.753,490.461
wide-researcher-1785988064-0e1da9ce492b,353.771,552.931
deep-researcher-1785988064-a12e2096031e,353.808,627.128
wide-researcher-1785988064-d5039f715fbc,353.878,647.123
data-analyst-1785987931-961c8c282e9c,354.027,423.849
deep-researcher-1785988064-46418ff6d6b4,354.057,643.504
wide-researcher-1785988065-77e85b17921d,354.091,647.366
deep-researcher-1785988065-7465de4a7740,354.140,637.394
wide-researcher-1785988065-2e5eda81e26b,354.218,580.125
data-analyst-1785987972-6832d1937f1b,354.256,354.256
data-analyst-1785987951-82540678fa73,354.270,354.270
deep-researcher-1785988065-81954da9caf0,354.296,684.743
wide-researcher-1785988065-c5d3d2eec8ab,354.323,679.240
deep-researcher-1785988065-4d839e7f3476,354.360,635.211
wide-researcher-1785988065-75045e433733,354.442,521.285
deep-researcher-1785988065-6d4a3c8d531b,354.479,536.333
wide-researcher-1785988065-436208e6326e,354.536,677.049
data-analyst-1785987984-026f50e9b920,354.563,354.563
deep-researcher-1785988065-0e59ecd2e1a5,354.582,658.511
wide-researcher-1785988065-24be69d4ebcf,354.640,671.337
deep-researcher-1785988065-fa9665060944,354.670,694.247
data-analyst-1785987987-a4eb1d08992e,354.685,411.403
wide-researcher-1785988065-678923077b71,354.771,649.977
deep-researcher-1785988065-f829fafff4ef,354.837,644.747
wide-researcher-1785988065-eaeb68807e9b,354.942,632.954
data-analyst-1785987991-206d3641006b,354.959,482.091
deep-researcher-1785988066-e12d9a17b84b,354.971,567.696
wide-researcher-1785988066-caa46978a664,355.010,633.050
deep-researcher-1785988066-df191b928e5a,355.027,669.831
wide-researcher-1785988066-2177322697a2,355.154,556.210
deep-researcher-1785988066-47bdd3aaa375,355.213,663.618
wide-researcher-1785988066-24cf3bfd5bda,355.275,573.771
deep-researcher-1785988066-a49a9d1be8d4,355.322,542.180
wide-researcher-1785988066-56cf21159cd4,355.376,693.140
data-analyst-1785987987-3b8e71be15d7,355.458,402.246
deep-researcher-1785988066-0c51a2469a0e,355.467,661.176
data-analyst-1785987969-449dca00b39e,355.480,355.480
wide-researcher-1785988066-30fb286978dd,355.580,638.559
deep-researcher-1785988066-b201924ec640,355.600,623.601
wide-researcher-1785988066-aa1c55bf9e22,355.658,666.984
deep-researcher-1785988066-e443fbface3a,355.728,676.421
data-analyst-1785987989-b94714968c9f,355.823,403.150
wide-researcher-1785988066-e6571bfa96db,355.841,508.692
deep-researcher-1785988066-17047f1fcd00,355.953,695.273
wide-researcher-1785988067-db111d191b2a,355.990,629.768
deep-researcher-1785988067-ce5197204211,356.046,643.008
data-analyst-1785987984-c0de82097261,356.092,356.093
wide-researcher-1785988067-513c0e8d53f8,356.153,601.783
deep-researcher-1785988067-98851d450f68,356.183,611.225
wide-researcher-1785988067-24f364974edc,356.269,672.703
deep-researcher-1785988067-62105f86e36f,356.318,683.228
wide-researcher-1785988067-8350cfd83e30,356.348,540.329
deep-researcher-1785988067-afbefb8e5706,356.379,636.457
wide-researcher-1785988067-f1b5791fbabb,356.421,526.123
deep-researcher-1785988067-1a84f97f2cea,356.455,605.487
wide-researcher-1785988067-38630cd16330,356.514,667.023
deep-researcher-1785988067-5505f2302b45,356.667,681.480
wide-researcher-1785988067-aaaa89a7df70,356.723,641.056
deep-researcher-1785988067-a89dd5be12bb,356.784,690.857
wide-researcher-1785988067-5a1d287ff460,356.824,693.948
deep-researcher-1785988067-949051e07246,356.845,674.104
wide-researcher-1785988067-830077b03155,356.891,653.075
deep-researcher-1785988068-b75be6e3c7d8,356.983,537.334
data-analyst-1785987962-2b9a8c7dcfb0,357.001,409.050
data-analyst-1785987962-70196f0ff939,357.014,402.425
data-analyst-1785987962-d4e9692a4756,357.027,521.031
data-analyst-1785987912-c3a6913d8707,357.040,407.788
wide-researcher-1785988068-58f2a13d2c5b,357.091,638.750
deep-researcher-1785988068-08eb74e27928,357.113,692.510
data-analyst-1785987963-8cc91153a51b,357.171,357.171
wide-researcher-1785988068-c8098cbdcdee,357.171,529.640
deep-researcher-1785988068-cca009c2b367,357.225,520.207
data-analyst-1785987953-f9aa22aa61c9,357.235,357.236
wide-researcher-1785988068-e8f6691a123a,357.244,673.497
data-analyst-1785987967-b690cfa46f4a,357.317,415.890
data-analyst-1785987992-a545dcecac76,357.361,403.073
deep-researcher-1785988068-678c6538e6eb,357.366,651.258
data-analyst-1785987987-8cec9bdc381f,357.459,357.459
wide-researcher-1785988068-2779e79a3df6,357.500,625.698
data-analyst-1785987992-9c3b10a42f72,357.527,411.120
data-analyst-1785987989-5e0bc1911852,357.604,401.469
deep-researcher-1785988068-b0563a12198c,357.609,622.695
wide-researcher-1785988068-00621817ca4a,357.668,649.917
data-analyst-1785987992-9475e4a6b518,357.769,417.354
data-analyst-1785987992-11f0ac8022bf,357.781,417.824
deep-researcher-1785988068-339101a95e98,357.795,675.733
data-analyst-1785987947-5298258ab209,357.817,357.818
wide-researcher-1785988068-9ed771b53d60,357.922,567.868
data-analyst-1785987989-938a0fe0a3f5,357.941,420.876
deep-researcher-1785988068-aa334afab68c,357.959,693.622
wide-researcher-1785988069-f8e7dfac96c9,357.976,550.958
deep-researcher-1785988069-7f39e71435d6,358.034,632.497
data-analyst-1785987982-f2e09142a2b6,358.077,358.077
wide-researcher-1785988069-d4b560591930,358.086,641.182
data-analyst-1785987987-4fc644a13f6b,358.162,402.857
data-analyst-1785987961-6fe7ad0de995,358.210,358.211
deep-researcher-1785988069-5898560f762b,358.251,486.571
data-analyst-1785987928-5133e8258358,358.270,358.271
wide-researcher-1785988069-9e2901308d9e,358.309,678.948
deep-researcher-1785988069-061fb3ed6a49,358.339,552.118
wide-researcher-1785988069-3f335fb56656,358.358,679.928
deep-researcher-1785988069-e49b8032b54a,358.474,681.459
data-analyst-1785987937-77785729e022,358.515,358.515
data-analyst-1785987987-2fedf10e50dd,358.530,358.530
wide-researcher-1785988069-cf02533f07a9,358.596,680.554
deep-researcher-1785988069-9fc49eee966c,358.618,630.269
wide-researcher-1785988069-7c4d369e9347,358.673,684.630
deep-researcher-1785988069-7d3869d1a014,358.693,636.098
wide-researcher-1785988069-db2635e30593,358.733,630.667
data-analyst-1785987966-23440ca0431c,358.767,358.767
deep-researcher-1785988069-c6867f7a7c54,358.789,659.921
wide-researcher-1785988069-81304758c67f,358.872,601.767
deep-researcher-1785988069-d4bb987e13c6,358.976,664.498
wide-researcher-1785988070-2391912b67cf,359.028,661.348
deep-researcher-1785988070-ce22bacae00c,359.106,497.593
wide-researcher-1785988070-902f94320d51,359.126,521.344
deep-researcher-1785988070-e0dbfd527d7b,359.154,526.558
wide-researcher-1785988070-b50f4c4e8b20,359.187,540.904
data-analyst-1785987946-0be019ed4cec,359.258,359.258
deep-researcher-1785988070-0217df3110ce,359.311,619.358
data-analyst-1785987983-5f64a97cdae7,359.410,359.410
wide-researcher-1785988070-cf0deb90898b,359.427,633.108
deep-researcher-1785988070-dced695092df,359.445,680.718
wide-researcher-1785988070-4e67a98868cf,359.472,534.006
data-analyst-1785987990-ee53bda7e185,359.507,403.136
deep-researcher-1785988070-4aff549c8043,359.544,629.491
wide-researcher-1785988070-8d07c038ad76,359.600,533.157
deep-researcher-1785988070-199d6c0d601e,359.757,684.392
data-analyst-1785987990-ae8646e9d243,359.787,405.808
wide-researcher-1785988070-bbf5b0474f07,359.805,598.575
deep-researcher-1785988070-81b28e14109e,359.853,685.069
wide-researcher-1785988070-b12a72f49ac1,359.908,536.490
deep-researcher-1785988071-ab578d9742ab,359.985,622.537
wide-researcher-1785988071-f41c1618fab0,360.105,561.083
deep-researcher-1785988071-18868fc8171e,360.124,541.343
wide-researcher-1785988071-a30acacfc514,360.141,642.850
deep-researcher-1785988071-404a77c1d5bc,360.182,632.039
wide-researcher-1785988071-eafc0474f8c8,360.199,651.395
deep-researcher-1785988071-53b0351c53b5,360.237,630.991
wide-researcher-1785988071-d125617252bc,360.255,529.832
deep-researcher-1785988071-fda8743c55c9,360.370,690.833
wide-researcher-1785988071-d39acf67736c,360.471,627.768
deep-researcher-1785988071-3c3ba1bec526,360.518,664.681
wide-researcher-1785988071-d6ae9f059f58,360.548,540.596
deep-researcher-1785988071-a9573f1b7253,360.618,541.561
data-analyst-1785987933-e92b88de1303,360.786,401.973
data-analyst-1785987933-b2b0e1849ebd,360.798,404.005
wide-researcher-1785988071-953c40e08999,360.907,559.447
deep-researcher-1785988071-11052b4b0667,360.936,641.262
wide-researcher-1785988072-b58b0028556f,360.955,667.852
deep-researcher-1785988072-f497614c64be,361.001,585.142
wide-researcher-1785988072-0160393932cc,361.064,543.414
deep-researcher-1785988072-509002e3eeb8,361.113,539.561
data-analyst-1785987982-e4b40406094c,361.182,361.182
wide-researcher-1785988072-5d36d8183162,361.269,625.600
deep-researcher-1785988072-eb33e6de7a49,361.306,538.511
wide-researcher-1785988072-aa4b30f45b41,361.324,640.835
data-analyst-1785987991-ad6d6d94345d,361.351,418.270
deep-researcher-1785988072-94be9fd7b5d0,361.361,692.908
wide-researcher-1785988072-ba0659aa804c,361.382,671.847
deep-researcher-1785988072-d35b43404c7c,361.613,676.459
wide-researcher-1785988072-7bf021cf799e,361.636,653.872
deep-researcher-1785988072-2f6358d0b36b,361.656,538.951
wide-researcher-1785988072-d62f0eff6859,361.687,671.598
deep-researcher-1785988072-0b565acdb436,361.742,624.829
wide-researcher-1785988072-5b5f6e27a13e,361.765,605.423
deep-researcher-1785988072-18bb7b551b77,361.806,693.666
data-analyst-1785987993-430d5d72b312,361.867,410.371
data-analyst-1785987991-d555ef135b11,361.901,402.670
wide-researcher-1785988072-58bda26c2902,361.992,634.853
data-analyst-1785987982-852e60af434b,362.001,407.803
deep-researcher-1785988072-e8ec2fc2b7b4,362.030,541.531
wide-researcher-1785988073-bf259cc9a1d8,362.090,693.003
deep-researcher-1785988073-998f1ca70b18,362.183,639.365
wide-researcher-1785988073-9ac7a01d3afe,362.330,537.364
deep-researcher-1785988073-ae6f2f547071,362.394,567.810
wide-researcher-1785988073-59a3b56d0cb0,362.422,658.743
deep-researcher-1785988073-981cba93491b,362.468,693.606
wide-researcher-1785988073-85cbc4f36dfb,362.497,551.754
deep-researcher-1785988073-28bdd3e1c3e9,362.556,683.894
data-analyst-1785987988-1c208248dbe5,362.747,362.747
wide-researcher-1785988073-cbe16f071b1d,362.776,551.015
deep-researcher-1785988073-7706e1336f66,362.829,660.349
wide-researcher-1785988073-8c76c4c50f42,362.863,679.612
deep-researcher-1785988074-c5d8779661af,362.882,624.627
data-analyst-1785987990-1dee5423724c,362.903,410.775
wide-researcher-1785988074-a264896c8dbe,362.938,637.021
data-analyst-1785987987-1f1dd8f53ad7,363.046,363.047
data-analyst-1785987973-071f061d7dc9,363.059,363.060
deep-researcher-1785988074-39a6c9a2523d,363.109,623.954
wide-researcher-1785988074-3b6289a762ef,363.127,676.290
deep-researcher-1785988074-2da5bc923377,363.159,694.345
data-analyst-1785987988-8e3d86adb54f,363.174,363.174
wide-researcher-1785988074-b2eda249a5bc,363.201,662.810
deep-researcher-1785988074-f27ddcfa22df,363.260,533.686
wide-researcher-1785988074-184f244b70f3,363.283,538.137
deep-researcher-1785988074-455ce2e55e1e,363.387,541.422
wide-researcher-1785988074-365e63d410b3,363.493,678.246
deep-researcher-1785988074-7fd6a5b84b02,363.510,674.642
wide-researcher-1785988074-4c3be0a8ecca,363.552,514.242
deep-researcher-1785988074-1fba9993d6c1,363.595,678.263
wide-researcher-1785988074-6a713546aa51,363.646,596.170
deep-researcher-1785988074-74b7275b583a,363.693,640.773
wide-researcher-1785988074-e5d19e4b2775,363.809,653.043
deep-researcher-1785988074-e502480b5e22,363.851,533.914
wide-researcher-1785988074-8b35f53d8db2,363.909,530.086
deep-researcher-1785988075-cb214f942b34,363.958,681.647
wide-researcher-1785988075-97e8236f341c,363.977,541.188
deep-researcher-1785988075-765c3bd60470,364.005,658.358
wide-researcher-1785988075-d64aa7fd9007,364.023,591.374
deep-researcher-1785988075-417bd985ae84,364.063,695.381
wide-researcher-1785988075-1d8758607000,364.123,552.089
deep-researcher-1785988075-26bfd973ce3d,364.334,526.397
wide-researcher-1785988075-90439612c068,364.353,539.161
deep-researcher-1785988075-ed3f43511e9e,364.382,633.626
wide-researcher-1785988075-2037085b6620,364.401,521.970
deep-researcher-1785988075-7bee4e69cce0,364.437,538.123
data-analyst-1785987930-ef34f4f8a2a6,364.470,400.003
wide-researcher-1785988075-6dfccd43d9d2,364.577,559.551
deep-researcher-1785988075-d33855a8f56e,364.627,565.953
wide-researcher-1785988075-518131a120da,364.649,622.981
deep-researcher-1785988075-68b5a4717508,364.681,661.572
data-analyst-1785987941-38f264a9a715,364.709,364.710
wide-researcher-1785988075-396465a9ed9e,364.722,561.041
deep-researcher-1785988075-060d08707eb2,364.774,690.734
data-analyst-1785987942-a0f0796ba235,364.787,364.787
wide-researcher-1785988075-d46762aae508,364.792,559.741
deep-researcher-1785988075-c6e7e3ec79e1,364.820,674.868
data-analyst-1785987960-5746790ab99a,364.843,364.843
data-analyst-1785987987-2f9facb2ec0d,364.887,401.808
data-analyst-1785987991-78bf14ff66cc,364.906,411.759
wide-researcher-1785988075-323bc5d6e852,364.992,691.193
deep-researcher-1785988075-601c3a65c78b,365.022,516.306
wide-researcher-1785988076-4620a31ff424,365.050,538.465
deep-researcher-1785988076-272430d985cd,365.115,666.368
wide-researcher-1785988076-a9f90af4fe8b,365.144,521.592
deep-researcher-1785988076-4d307ff19ff8,365.166,644.410
wide-researcher-1785988076-e0b2c4bedf6c,365.203,638.214
deep-researcher-1785988076-a1f109b2c315,365.233,575.648
data-analyst-1785987988-e78865e86105,365.281,365.282
data-analyst-1785987981-a6b039c1d9f2,365.297,365.298
wide-researcher-1785988076-c77a96fa0a3f,365.359,595.870
deep-researcher-1785988076-40ae85356667,365.424,683.671
wide-researcher-1785988076-3d4f18b81730,365.470,683.376
deep-researcher-1785988076-2a4a4277136d,365.490,678.737
wide-researcher-1785988076-ba02502e1ec3,365.522,527.042
deep-researcher-1785988076-cc1e2825800b,365.541,562.584
wide-researcher-1785988076-e4669c8e6485,365.580,666.507
deep-researcher-1785988076-8fdcb5383420,365.630,634.144
wide-researcher-1785988076-7d7800390516,365.792,637.363
data-analyst-1785987992-64cf58e6a24a,365.812,403.930
data-analyst-1785987991-d8d1efb86cee,365.829,414.301
deep-researcher-1785988076-b7e5333a4561,365.838,672.450
wide-researcher-1785988076-7fb9415c7c29,365.894,662.828
deep-researcher-1785988077-ccdd85991d63,365.924,552.583
wide-researcher-1785988077-1551513520fd,365.952,599.155
data-analyst-1785987962-e89d463bb8f0,365.992,365.992
deep-researcher-1785988077-b7111bd32942,366.010,618.040
wide-researcher-1785988077-a1fb634393f5,366.102,643.423
deep-researcher-1785988077-c6e78174705d,366.171,694.651
wide-researcher-1785988077-8d39d377f3dd,366.189,633.753
deep-researcher-1785988077-37b77df33702,366.226,605.945
wide-researcher-1785988077-d3b305f91e07,366.277,662.793
deep-researcher-1785988077-c47b6ae28947,366.301,626.024
wide-researcher-1785988077-d583dff496e6,366.398,654.598
deep-researcher-1785988077-ae737934f940,366.507,684.759
wide-researcher-1785988077-53649fd175a4,366.526,660.844
deep-researcher-1785988077-1a5af2e44111,366.562,671.680
wide-researcher-1785988077-a5ecef33274f,366.583,649.574
deep-researcher-1785988077-de9a181ac96c,366.623,693.427
data-analyst-1785987994-a83a17a63010,366.653,409.148
data-analyst-1785987994-4cd067ca4f7c,366.666,400.258
data-analyst-1785987994-01ad65598225,366.678,421.703
wide-researcher-1785988077-0108f56542ae,366.707,610.274
deep-researcher-1785988077-e3b6e4731186,366.742,536.228
wide-researcher-1785988077-3b4ab31d97d4,366.837,535.824
data-analyst-1785987983-e25c79d7adfa,366.847,366.848
deep-researcher-1785988077-db6832aae7a9,366.934,533.522
wide-researcher-1785988078-027502a0c1da,366.995,628.168
deep-researcher-1785988078-335bb13f2325,367.030,536.917
wide-researcher-1785988078-a3237c12046a,367.102,642.202
deep-researcher-1785988078-d8d7a9db8e81,367.145,679.257
wide-researcher-1785988078-5955de7edd8b,367.310,628.527
deep-researcher-1785988078-725f5f62b944,367.362,603.323
wide-researcher-1785988078-bcdc44f2aa58,367.403,661.363
deep-researcher-1785988078-db7b8ff5b735,367.435,557.069
wide-researcher-1785988078-76cdd663c949,367.463,680.569
deep-researcher-1785988078-0adaf4347881,367.520,527.087
wide-researcher-1785988078-c9579168fece,367.557,553.086
deep-researcher-1785988078-4ba977521038,367.594,625.715
wide-researcher-1785988078-1486b0f7997c,367.616,662.347
deep-researcher-1785988078-c931d3c7bdd1,367.652,625.196
wide-researcher-1785988078-b26ca7bc67a4,367.681,637.257
deep-researcher-1785988078-ea4cd9b2c549,367.713,683.480
wide-researcher-1785988078-7df0773b0bdb,367.785,640.060
deep-researcher-1785988078-c05535527bca,367.847,525.981
wide-researcher-1785988078-e8ce5bdf1741,367.916,528.845
deep-researcher-1785988079-dcd85b582e30,368.009,638.249
wide-researcher-1785988079-47f252fb0b01,368.032,678.560
deep-researcher-1785988079-f43dadbdfd54,368.079,652.134
wide-researcher-1785988079-be63b2043099,368.101,639.276
deep-researcher-1785988079-7a6945dc848a,368.133,692.016
data-analyst-1785987965-d6b60145c439,368.164,404.386
wide-researcher-1785988079-c94959efae2c,368.164,687.896
data-analyst-1785987905-be7fdac43bd2,368.182,420.354
data-analyst-1785987965-6734c975799c,368.195,405.480
data-analyst-1785987950-b6d9cd160d6b,368.209,402.924
data-analyst-1785987959-48975cc5a6ef,368.222,420.641
deep-researcher-1785988079-5024130a0f18,368.227,680.860
wide-researcher-1785988079-900126b76144,368.258,627.749
deep-researcher-1785988079-9853c9fc3b08,368.357,693.697
wide-researcher-1785988079-fad74977bcae,368.447,677.499
data-analyst-1785987995-02ab1fc2e7d4,368.494,406.828
deep-researcher-1785988079-01d39e43bbb8,368.499,669.023
data-analyst-1785987995-0d882dcf8115,368.511,407.472
wide-researcher-1785988079-19a53f099cd2,368.519,622.767
deep-researcher-1785988079-b393890ef6d8,368.555,624.680
data-analyst-1785987924-ad53c57882ba,368.565,368.566
wide-researcher-1785988079-b354a0f037f4,368.654,552.458
deep-researcher-1785988079-dab53f1aca4f,368.828,633.833
wide-researcher-1785988079-996ff11ba445,369.033,681.339
deep-researcher-1785988080-9a0c6522cd00,369.073,682.805
wide-researcher-1785988080-4d726977f197,369.105,527.677
deep-researcher-1785988080-f17e998cedba,369.126,591.783
wide-researcher-1785988080-b283f96edd20,369.157,674.296
deep-researcher-1785988080-81e750d8d01a,369.323,546.692
wide-researcher-1785988080-85caf9e20998,369.368,523.411
data-analyst-1785987995-f439f4d25903,369.386,404.183
data-analyst-1785987995-0cc81318b664,369.400,400.441
data-analyst-1785987995-44f1616dc1da,369.412,415.403
deep-researcher-1785988080-cf864e78099f,369.417,535.272
data-analyst-1785987991-47b0d0bda1a6,369.447,401.516
wide-researcher-1785988080-0abda25da7b3,369.526,663.864
deep-researcher-1785988080-d9e10e59e320,369.595,600.932
wide-researcher-1785988080-36b046e4f961,369.645,676.076
deep-researcher-1785988080-d51250963aa9,369.687,516.582
wide-researcher-1785988080-3427256af634,369.733,532.799
deep-researcher-1785988080-746f33e3f108,369.827,694.062
wide-researcher-1785988080-c7c29849458a,369.872,630.412
deep-researcher-1785988081-4da4bc0f7952,369.932,631.008
wide-researcher-1785988081-349d1b45d840,369.962,554.110
data-analyst-1785987992-b393584ca09a,369.988,406.513
deep-researcher-1785988081-1cfef121cd37,369.999,694.043
wide-researcher-1785988081-1da43b55fe94,370.017,672.354
deep-researcher-1785988081-b41d6c10ed8d,370.069,579.054
wide-researcher-1785988081-0ac7105590a6,370.127,643.635
deep-researcher-1785988081-b0870c12a30c,370.156,687.055
data-analyst-1785987947-e5ec587bf5b7,370.255,370.256
wide-researcher-1785988081-5c10613bd5a0,370.335,681.069
deep-researcher-1785988081-0ac6770bc87d,370.486,627.283
wide-researcher-1785988081-14214886efd8,370.548,641.913
deep-researcher-1785988081-92256de85fde,370.609,629.258
data-analyst-1785987991-5fdd06fed2c3,370.675,370.675
wide-researcher-1785988081-d8ed63366964,370.679,677.918
deep-researcher-1785988081-b86678aaf402,370.734,591.238
wide-researcher-1785988081-4b3dbd4de896,370.765,670.004
deep-researcher-1785988081-5308a499ab92,370.877,562.070
wide-researcher-1785988081-575b9362b1fc,370.938,527.772
data-analyst-1785987995-fa12182c3b84,370.942,403.612
data-analyst-1785987995-98177c144769,370.954,404.659
deep-researcher-1785988082-02a111bb8837,371.024,527.311
wide-researcher-1785988082-1118aac8d888,371.114,691.558
deep-researcher-1785988082-15a2b191ea0a,371.164,682.346
wide-researcher-1785988082-3a916717a903,371.191,645.631
data-analyst-1785987993-f2f0516f71a2,371.228,399.922
deep-researcher-1785988082-1e24fc19f3a7,371.246,540.824
wide-researcher-1785988082-8f3d3df444b6,371.273,528.605
deep-researcher-1785988082-374e391442b2,371.335,639.870
data-analyst-1785987995-3e4a9243bb11,371.345,406.019
data-analyst-1785987995-c704dcc2aa06,371.359,410.762
wide-researcher-1785988082-1fa7ff534cea,371.372,635.227
data-analyst-1785987995-547c0a30cf6f,371.372,401.039
deep-researcher-1785988082-477d7fc8e016,371.447,684.196
wide-researcher-1785988082-5fc38a279f09,371.509,676.608
deep-researcher-1785988082-830161456192,371.528,694.749
wide-researcher-1785988082-129070f809b7,371.579,679.336
deep-researcher-1785988082-30dd9f0508f0,371.634,579.446
wide-researcher-1785988082-42869c5a3ae4,371.846,552.779
deep-researcher-1785988082-56153c43009a,371.906,554.081
wide-researcher-1785988083-3f1c2112451b,371.956,645.206
deep-researcher-1785988083-f506eb87f80b,372.064,537.248
wide-researcher-1785988083-661b805ef04e,372.091,548.230
deep-researcher-1785988083-1f74b7ed7777,372.127,528.926
wide-researcher-1785988083-70ac2702a668,372.154,652.847
deep-researcher-1785988083-91455c1881cf,372.182,694.102
wide-researcher-1785988083-d1ea6df1bc2c,372.252,539.099
deep-researcher-1785988083-43b52f5b12e9,372.284,629.067
wide-researcher-1785988083-e9ab012b9a90,372.345,625.262
deep-researcher-1785988083-08a3019a538e,372.372,536.701
wide-researcher-1785988083-7a09317e4673,372.389,535.972
data-analyst-1785987966-56291d57fede,372.439,407.335
deep-researcher-1785988083-cd289d9dfa2c,372.453,624.374
data-analyst-1785987936-e5c6a626fc19,372.453,410.865
data-analyst-1785987958-ef849f08f723,372.473,414.495
data-analyst-1785987922-ee49f7401c59,372.486,401.418
wide-researcher-1785988083-1f49e503e23c,372.538,665.029
deep-researcher-1785988083-b68bd1285571,372.615,678.618
wide-researcher-1785988083-58f7f2f1aedd,372.636,638.672
data-analyst-1785987996-7b25b7e2beaf,372.661,400.774
deep-researcher-1785988083-032f94f54b05,372.673,673.304
wide-researcher-1785988083-e3d66fdcab9b,372.705,650.108
deep-researcher-1785988083-1ee028d4a01b,372.751,622.423
wide-researcher-1785988083-ba6e896c3ad8,372.788,693.653
data-analyst-1785987993-7e4a3609f421,372.818,399.547
data-analyst-1785987987-26bcaf28b7d7,372.837,372.837
deep-researcher-1785988083-722a8b7d3cbc,372.846,647.331
data-analyst-1785987992-1ddf5296f4bd,372.871,519.528
wide-researcher-1785988083-1607dd492871,373.009,671.560
deep-researcher-1785988084-69371eba81a6,373.028,621.071
wide-researcher-1785988084-914d21424a8c,373.046,668.397
deep-researcher-1785988084-23a1d788063a,373.081,677.876
wide-researcher-1785988084-f7238ef5578a,373.149,657.038
data-analyst-1785987996-be102ba9f50c,373.178,404.143
deep-researcher-1785988084-9019007f37d3,373.359,539.641
wide-researcher-1785988084-955bb68aa37b,373.423,575.071
deep-researcher-1785988084-2b27a80e5558,373.453,650.850
wide-researcher-1785988084-d0f4f587df5b,373.470,653.949
deep-researcher-1785988084-d88da4e61764,373.631,694.144
wide-researcher-1785988084-a371be319e28,373.764,693.327
deep-researcher-1785988084-2fdb5caf6221,373.802,670.230
wide-researcher-1785988084-ecc1ca434ba9,373.831,690.755
deep-researcher-1785988084-91bbc6067d0a,373.861,594.237
wide-researcher-1785988085-7c37b640f283,374.061,667.503
deep-researcher-1785988085-9b9574082af3,374.132,692.179
wide-researcher-1785988085-ff1b0b2c7a05,374.150,674.184
deep-researcher-1785988085-2123c7bb5956,374.180,633.031
wide-researcher-1785988085-f875d652cc47,374.218,626.169
deep-researcher-1785988085-5f843b9aba41,374.266,639.421
data-analyst-1785987975-ab9c90cb2965,374.266,374.266
wide-researcher-1785988085-f2c35c166811,374.293,676.270
data-analyst-1785987969-e7b51619ea2d,374.360,399.730
deep-researcher-1785988085-f1ee51c3824a,374.365,606.316
data-analyst-1785987977-ffed60596103,374.378,374.378
wide-researcher-1785988085-0c1014579b4f,374.391,669.064
deep-researcher-1785988085-71ae5b950753,374.463,637.951
wide-researcher-1785988085-cf6aaabdd575,374.539,667.343
deep-researcher-1785988085-85e14df2e5ed,374.557,646.752
data-analyst-1785987989-0dce65fd443f,374.580,374.581
wide-researcher-1785988085-c5a7aa7c897d,374.606,656.353
deep-researcher-1785988085-a59a84e8c603,374.692,694.984
data-analyst-1785987958-9efed77c72ab,374.741,374.741
data-analyst-1785987965-d3f3cdb47e00,374.756,374.757
data-analyst-1785987946-7dabdf7ab106,374.770,374.770
wide-researcher-1785988085-7e7751cf11f7,374.874,669.397
deep-researcher-1785988085-46303d63de4e,374.927,564.309
wide-researcher-1785988086-e97022af14c4,374.958,669.848
deep-researcher-1785988086-00a3b76a47b0,375.022,522.777
data-analyst-1785987957-c1eb7aa1e3cd,375.035,375.035
wide-researcher-1785988086-4333ab76f04c,375.090,647.997
deep-researcher-1785988086-99e7827d16f3,375.147,570.087
data-analyst-1785987996-339fe848cc75,375.252,401.111
data-analyst-1785987996-714621ad1514,375.266,403.808
wide-researcher-1785988086-29a563eb71f2,375.347,658.179
data-analyst-1785987990-241f1c10adf5,375.360,375.360
deep-researcher-1785988086-d16663251a0a,375.374,530.909
wide-researcher-1785988086-10149e91e74f,375.478,652.505
deep-researcher-1785988086-7b911a800b71,375.560,619.583
wide-researcher-1785988086-6bb57b230d4c,375.580,684.679
deep-researcher-1785988086-52dbefbd39f9,375.630,660.884
wide-researcher-1785988086-09221d776f23,375.649,641.459
deep-researcher-1785988086-f24dbc4cd0de,375.667,671.503
wide-researcher-1785988086-82deaafcaf43,375.738,667.834
deep-researcher-1785988086-342bfc65e882,375.787,654.689
wide-researcher-1785988086-2ec986f3f9cf,375.904,525.211
deep-researcher-1785988086-bc1a81bb4024,375.971,634.542
wide-researcher-1785988087-5216fa7525d1,376.044,570.691
deep-researcher-1785988087-1b085898b1ed,376.077,645.112
wide-researcher-1785988087-39e0cbba85d2,376.115,541.407
deep-researcher-1785988087-50ff0c99cc0f,376.173,622.819
wide-researcher-1785988087-0d71a4b6afa2,376.202,656.163
deep-researcher-1785988087-0ae8474262d9,376.330,570.029
wide-researcher-1785988087-e7c12adb1dd7,376.382,582.911
deep-researcher-1785988087-c79142de7b32,376.473,525.228
wide-researcher-1785988087-9d7b7ad0aaa6,376.534,644.231
deep-researcher-1785988087-1900d22c1cdd,376.661,693.221
data-analyst-1785987937-06a548b6e1e3,376.838,412.762
data-analyst-1785987967-127f9d51e773,376.852,414.269
data-analyst-1785987967-93f21e8bc676,376.866,400.944
data-analyst-1785987964-323606d3ed3b,376.879,406.660
wide-researcher-1785988087-6b3b44c5095d,376.884,641.523
data-analyst-1785987931-aacafb5f896b,376.897,489.848
data-analyst-1785987950-169b6a9088d8,376.976,376.977
data-analyst-1785987921-1f43d226e2c2,377.067,377.068
deep-researcher-1785988087-7bd65d58a1f6,377.097,691.224
wide-researcher-1785988088-3c06c8744443,377.137,658.027
deep-researcher-1785988088-049ed9078c12,377.165,644.763
data-analyst-1785987989-ce03277c1c9a,377.185,377.186
data-analyst-1785987987-5bd002c78ebc,377.200,377.201
wide-researcher-1785988088-d90939710cf0,377.213,636.079
data-analyst-1785987923-b2d32028798d,377.217,377.217
deep-researcher-1785988088-5fbda05cd696,377.243,691.133
wide-researcher-1785988088-e3b0b0880f7b,377.311,554.669
deep-researcher-1785988088-396683bddb2b,377.421,595.305
data-analyst-1785987987-fe3d379c9463,377.475,377.476
wide-researcher-1785988088-e7843e687827,377.490,581.573
deep-researcher-1785988088-d0f4b7900e3d,377.546,634.627
wide-researcher-1785988088-7e5893c31450,377.565,575.608
deep-researcher-1785988088-b7b7e7dd6e13,377.590,553.027
data-analyst-1785987990-a7082a6132f1,377.676,377.676
wide-researcher-1785988088-2f6eac2abece,377.694,656.221
deep-researcher-1785988088-3efea26f39e8,377.723,526.382
wide-researcher-1785988088-3a75cc50b46b,377.879,532.812
deep-researcher-1785988088-21e17539b444,377.941,658.115
wide-researcher-1785988089-5607116568ed,377.989,638.027
deep-researcher-1785988089-4696cd1a90d8,378.016,565.382
wide-researcher-1785988089-9331d3ffebc9,378.052,536.125
deep-researcher-1785988089-04b095cf8dbd,378.102,693.083
wide-researcher-1785988089-f3444445117b,378.175,678.163
data-analyst-1785987997-1bce197e72ef,378.196,412.225
data-analyst-1785987997-880562357df2,378.211,410.695
data-analyst-1785987997-af5da7ea0feb,378.225,401.601
data-analyst-1785987997-c71bab9d0e31,378.289,402.398
deep-researcher-1785988089-cdffb2e38f3c,378.294,653.629
data-analyst-1785987997-8c4ad05b7348,378.306,470.363
data-analyst-1785987997-9bed981fe94b,378.320,410.543
wide-researcher-1785988089-dc3f1cc4d85f,378.330,623.290
data-analyst-1785987931-f880f146f957,378.358,378.359
deep-researcher-1785988089-53eb5f263d10,378.428,546.594
data-analyst-1785987990-fe2c7a3cf937,378.455,409.316
data-analyst-1785987965-b4dfce283abb,378.493,378.494
wide-researcher-1785988089-88b998de7302,378.498,691.510
deep-researcher-1785988089-acec9f9aff3e,378.566,695.212
wide-researcher-1785988089-622c9fc33b7a,378.613,681.235
deep-researcher-1785988089-ba67964eeec3,378.642,694.511
wide-researcher-1785988089-c665cca7ed14,378.693,672.241
deep-researcher-1785988089-eaca48963160,378.724,533.641
data-analyst-1785987990-2b6299d1e68b,378.784,403.280
data-analyst-1785987991-ddcf6bd87d3d,378.804,399.519
data-analyst-1785987989-9dcdf30eb126,378.822,399.506
data-analyst-1785987993-c29a38b70d96,378.888,409.517
wide-researcher-1785988089-22194c34add2,378.989,649.765
deep-researcher-1785988089-86b888e207ba,379.057,695.412
wide-researcher-1785988090-00d7c37daadd,379.076,595.231
deep-researcher-1785988090-e6369fe0a8cb,379.105,547.253
wide-researcher-1785988090-efdd7a792707,379.135,674.170
deep-researcher-1785988090-30e0f6402894,379.195,671.246
wide-researcher-1785988090-e698d0911c50,379.359,640.732
deep-researcher-1785988090-d64fe368db7c,379.462,550.865
wide-researcher-1785988090-f73bf7e19992,379.489,637.970
data-analyst-1785987942-697032775f49,379.493,379.493
deep-researcher-1785988090-09c7ad814ad2,379.527,675.891
wide-researcher-1785988090-a535f0c8ed33,379.566,652.583
data-analyst-1785987996-d12352fd6024,379.593,402.085
data-analyst-1785987978-46ca2c1f9b6d,379.612,379.613
deep-researcher-1785988090-078d0a6e30ef,379.681,579.068
wide-researcher-1785988090-c8672c531ad4,379.800,673.978
deep-researcher-1785988090-f53e0891125e,379.855,681.555
wide-researcher-1785988090-19f820f0d56d,379.934,678.581
deep-researcher-1785988091-42a18beedef2,380.009,636.737
wide-researcher-1785988091-171f406a073e,380.068,686.870
deep-researcher-1785988091-87522c161bd7,380.109,695.541
data-analyst-1785987958-63b5b76d9e63,380.176,400.523
wide-researcher-1785988091-a55771b86f41,380.189,528.637
deep-researcher-1785988091-8fa98787d171,380.237,622.391
wide-researcher-1785988091-dc615e791155,380.264,644.685
deep-researcher-1785988091-05c40df5db89,380.329,534.403
wide-researcher-1785988091-83503a0e3a34,380.566,526.235
deep-researcher-1785988091-07d28c6b5a59,380.583,622.892
wide-researcher-1785988091-ea114ee48dd2,380.606,521.792
deep-researcher-1785988091-561324bfefaf,380.647,616.235
wide-researcher-1785988091-705e28150f27,380.706,535.075
deep-researcher-1785988091-a9be81e57d9a,380.742,632.372
wide-researcher-1785988091-443cb11880bd,380.909,632.990
deep-researcher-1785988091-66e640150869,380.973,653.568
wide-researcher-1785988092-c5f7fbd0bffd,381.000,572.990
deep-researcher-1785988092-828cf4da2d23,381.036,588.660
data-analyst-1785987927-02b7d3c0139c,381.066,518.352
wide-researcher-1785988092-b07417eacdf8,381.075,601.312
deep-researcher-1785988092-e245f8f4f7a8,381.306,649.938
wide-researcher-1785988092-614a5329f99f,381.325,567.368
deep-researcher-1785988092-46d487656e67,381.366,540.550
wide-researcher-1785988092-38743cff9db5,381.451,623.306
deep-researcher-1785988092-5aa95193aed0,381.497,670.748
wide-researcher-1785988092-0d07fa51ac09,381.524,552.034
data-analyst-1785987978-75fbf408ad7d,381.559,421.735
deep-researcher-1785988092-584c6068d892,381.633,692.101
wide-researcher-1785988092-ab2a8af1e263,381.696,677.394
deep-researcher-1785988092-3fdf3f02fff0,381.742,624.311
wide-researcher-1785988092-2b0c5648c569,381.778,683.689
deep-researcher-1785988092-a5158b974e90,381.808,633.849
wide-researcher-1785988092-368d41e7c880,381.946,630.477
deep-researcher-1785988092-400fa66282e8,382.013,649.185
wide-researcher-1785988093-87afcf18ea00,382.068,637.566
deep-researcher-1785988093-d81986b703b3,382.086,632.331
data-analyst-1785987988-e932436bcfa1,382.100,401.893
wide-researcher-1785988093-e4adc48c1eaa,382.117,549.625
data-analyst-1785987995-fac735013555,382.122,401.098
deep-researcher-1785988093-442cf2e81afe,382.137,665.679
data-analyst-1785987978-d8414ca9efec,382.142,382.142
wide-researcher-1785988093-02f045308612,382.213,584.523
deep-researcher-1785988093-f48a52cac7fd,382.251,635.341
wide-researcher-1785988093-a3f4c9ed860a,382.451,647.745
deep-researcher-1785988093-7448554eca9f,382.546,647.028
wide-researcher-1785988093-07b687fefa81,382.586,671.638
deep-researcher-1785988093-3849f66ecfa4,382.636,695.242
wide-researcher-1785988093-9cb9a6cc8fb9,382.676,657.419
deep-researcher-1785988093-68d43c478678,382.811,560.806
wide-researcher-1785988093-9e6cf0ea610b,382.830,651.085
deep-researcher-1785988093-5d534be56a5e,382.870,679.709
data-analyst-1785987998-d3d8558ea306,382.889,542.920
data-analyst-1785987998-7d6eb7d37bd9,382.902,400.634
data-analyst-1785987998-edcc476d757c,382.915,404.351
wide-researcher-1785988094-0e96884f344d,382.937,624.062
deep-researcher-1785988094-306edcc572d0,383.038,533.507
data-analyst-1785987980-fffb674b81ff,383.101,383.101
wide-researcher-1785988094-a928f69d4189,383.128,662.416
deep-researcher-1785988094-4e7d1ef414e9,383.177,674.327
wide-researcher-1785988094-e73e049d96f5,383.244,653.903
deep-researcher-1785988094-8f4672db5972,383.262,630.652
wide-researcher-1785988094-564abe0a9f14,383.356,654.847
data-analyst-1785987998-967cc08637aa,383.357,422.988
data-analyst-1785987998-ceb7155c7d01,383.373,400.683
deep-researcher-1785988094-9ce1f4ed98be,383.463,692.813
wide-researcher-1785988094-2618b3c3b057,383.521,667.311
data-analyst-1785987992-2279b9e7ed5c,383.555,383.555
deep-researcher-1785988094-e6ca47ae304c,383.595,545.173
wide-researcher-1785988094-1933c62694d7,383.626,673.900
deep-researcher-1785988094-48c976716567,383.724,527.830
wide-researcher-1785988094-bb8066c85ee0,383.762,555.664
deep-researcher-1785988094-43753b31ceba,383.887,673.481
data-analyst-1785987985-e77d887f9448,383.912,383.912
wide-researcher-1785988094-79fe4451aed2,384.021,672.782
deep-researcher-1785988095-3c79ec13676f,384.101,609.939
data-analyst-1785987985-752ad8882f66,384.118,399.789
wide-researcher-1785988095-bd419c95fe10,384.282,665.455
deep-researcher-1785988095-c43b6f8c406a,384.323,663.580
wide-researcher-1785988095-dfe0720badce,384.341,644.511
deep-researcher-1785988095-5975c34201bc,384.359,665.494
data-analyst-1785987990-839a171795f1,384.373,384.374
wide-researcher-1785988095-1e691a30c577,384.391,569.242
deep-researcher-1785988095-4f29d47b52d0,384.441,683.964
wide-researcher-1785988095-dc3e71337821,384.520,691.478
deep-researcher-1785988095-3addfc8d44e9,384.548,679.594
wide-researcher-1785988095-08072b7091ec,384.687,544.594
deep-researcher-1785988095-34e197f4e85d,384.718,625.422
wide-researcher-1785988095-00eb6958d7ef,384.758,531.381
deep-researcher-1785988095-b670714a4fdb,384.832,692.869
wide-researcher-1785988095-8eb3d41131bf,384.864,669.799
deep-researcher-1785988096-917c5150f9f5,385.039,632.351
wide-researcher-1785988096-9f78cde4506f,385.098,648.439
deep-researcher-1785988096-ed8bf31092f6,385.147,622.469
wide-researcher-1785988096-8a6b1f21a44a,385.234,669.586
deep-researcher-1785988096-ced13b65bf69,385.262,535.239
wide-researcher-1785988096-0554a5a2498c,385.341,624.714
deep-researcher-1785988096-4802b025c9e7,385.439,640.433
wide-researcher-1785988096-577e1637b334,385.501,558.134
deep-researcher-1785988096-3426faa53d72,385.529,550.173
wide-researcher-1785988096-e4aba4827e90,385.607,683.152
deep-researcher-1785988096-6e7a4f90c4e1,385.626,679.464
wide-researcher-1785988096-01bf761bf6b1,385.653,681.102
deep-researcher-1785988096-cff8cd0ba712,385.691,655.233
wide-researcher-1785988096-9d0d9f14c131,385.801,626.366
deep-researcher-1785988096-8128d8d950c7,385.828,561.265
wide-researcher-1785988096-726c50b16828,385.858,546.756
deep-researcher-1785988097-a5f63fb57899,386.201,551.769
wide-researcher-1785988097-26a59d24ca5a,386.245,552.610
deep-researcher-1785988097-f9246274ea5b,386.274,644.093
wide-researcher-1785988097-74a1bb47b804,386.314,674.739
deep-researcher-1785988097-895b0fd9642d,386.347,562.510
wide-researcher-1785988097-30abfe0f0ded,386.376,645.323
data-analyst-1785987939-d97a97588210,386.376,403.691
data-analyst-1785987939-eb4269d31762,386.394,424.925
deep-researcher-1785988097-35c040ad09b6,386.557,693.038
wide-researcher-1785988097-66f21dcfe20e,386.611,640.649
deep-researcher-1785988097-db866486cc59,386.661,586.338
wide-researcher-1785988097-27a983e3e6f6,386.730,633.555
deep-researcher-1785988097-f28d52925065,386.756,694.309
wide-researcher-1785988097-b7493d5508ac,386.789,684.565
deep-researcher-1785988097-b0deb0952f7f,386.846,675.576
wide-researcher-1785988097-e60fad245ff9,386.945,684.726
deep-researcher-1785988098-07211809d481,386.985,566.960
wide-researcher-1785988098-025409dde131,387.012,635.706
deep-researcher-1785988098-91d31e3437a2,387.040,553.797
wide-researcher-1785988098-9a2184a5a165,387.077,536.349
deep-researcher-1785988098-2b0fa7291d9e,387.128,690.980
data-analyst-1785987987-f6cd40f4426f,387.152,400.971
data-analyst-1785987908-a2855b298927,387.275,387.276
wide-researcher-1785988098-86d0d50c76f1,387.314,572.257
deep-researcher-1785988098-911032d5103e,387.375,645.283
wide-researcher-1785988098-261e6246d4fb,387.415,674.723
deep-researcher-1785988098-109530b77fbd,387.459,654.728
wide-researcher-1785988098-a3d2664595d8,387.577,635.620
deep-researcher-1785988098-d47f8169dce5,387.613,551.740
wide-researcher-1785988098-a2984562d08a,387.662,529.335
deep-researcher-1785988098-6c98d02f2281,387.712,683.083
wide-researcher-1785988098-84ce974568c0,387.754,585.692
deep-researcher-1785988098-7e7cd185bf09,387.792,595.857
wide-researcher-1785988098-9604db2bc7b5,387.858,659.793
deep-researcher-1785988098-d5e3767973db,387.948,695.049
wide-researcher-1785988099-c390ffbab973,387.985,681.190
deep-researcher-1785988099-7983c5206af6,388.065,628.672
data-analyst-1785987999-5821ef4faed0,388.080,402.117
data-analyst-1785987999-16087c7b6ee2,388.093,400.458
data-analyst-1785987999-38f88bb3ce78,388.106,407.434
wide-researcher-1785988099-9b7c6e6429b2,388.119,639.311
deep-researcher-1785988099-94bb77e9ad39,388.148,662.631
wide-researcher-1785988099-4e342705a7c1,388.167,630.633
deep-researcher-1785988099-f00136a1fce1,388.242,646.915
wide-researcher-1785988099-a791170e5edd,388.269,683.859
deep-researcher-1785988099-1eb5e02ce9a6,388.354,637.195
data-analyst-1785987999-12293cda0c35,388.431,524.832
data-analyst-1785987999-6f8aaf174296,388.444,403.847
data-analyst-1785987999-453e535ac90c,388.457,517.544
wide-researcher-1785988099-f69c7380e9b7,388.465,686.714
deep-researcher-1785988099-2a3db0cd6baf,388.584,526.602
wide-researcher-1785988099-8b63a118f286,388.622,535.169
data-analyst-1785987906-cd94b29bf545,388.674,415.818
deep-researcher-1785988099-5e2adeb11f4c,388.690,662.509
wide-researcher-1785988099-ea1c431d4ff3,388.719,646.127
deep-researcher-1785988099-a901f0f2f4a3,388.750,571.255
wide-researcher-1785988099-6efbb27bd9db,388.813,659.113
deep-researcher-1785988099-9d7303d73d3f,388.831,566.364
wide-researcher-1785988099-65d85caa9138,388.881,532.771
deep-researcher-1785988100-488154517727,388.919,553.382
wide-researcher-1785988100-aa9dced59e8a,388.966,675.749
deep-researcher-1785988100-241ec9e9cdac,388.984,676.309
wide-researcher-1785988100-08c01ff7628d,389.031,672.290
deep-researcher-1785988100-dd40489b2d09,389.058,646.165
wide-researcher-1785988100-2e90e2d67229,389.126,666.798
deep-researcher-1785988100-ce97fdff3eec,389.182,634.648
wide-researcher-1785988100-7c3eec3bdf8e,389.232,529.287
deep-researcher-1785988100-de4fb692f56f,389.261,632.871
wide-researcher-1785988100-d993ab792137,389.399,648.820
deep-researcher-1785988100-d41ca31fd3d7,389.503,637.697
data-analyst-1785987995-60d4a6c5d0e6,389.517,400.586
wide-researcher-1785988100-e69f72a2e7de,389.563,673.800
deep-researcher-1785988100-fb6121288ba8,389.670,691.493
wide-researcher-1785988100-ac5bbf6f2208,389.700,540.536
deep-researcher-1785988100-3faea0b54a08,389.757,564.612
wide-researcher-1785988100-4c510639b6fa,389.787,665.397
deep-researcher-1785988100-87cf07e4380d,389.866,539.963
data-analyst-1785987991-66fd7749599a,389.921,399.776
wide-researcher-1785988100-c9f3a45d18dc,389.983,630.237
deep-researcher-1785988101-91481b63fe71,390.029,632.593
wide-researcher-1785988101-c249fae86890,390.064,585.921
deep-researcher-1785988101-5476e0c28f0e,390.101,657.779
wide-researcher-1785988101-599167c174a9,390.131,668.251
deep-researcher-1785988101-6bbefa7b2813,390.188,693.913
data-analyst-1785987990-a635257f0265,390.225,400.668
wide-researcher-1785988101-52ee703b0f5e,390.261,627.682
deep-researcher-1785988101-a2e6b424b7a3,390.433,652.996
wide-researcher-1785988101-5e1ccf076353,390.472,660.450
deep-researcher-1785988101-4a484bcaf7fc,390.490,600.005
wide-researcher-1785988101-095ec43e084d,390.546,676.641
deep-researcher-1785988101-0e5a0545282b,390.574,626.815
wide-researcher-1785988101-36353c0f0516,390.603,681.585
deep-researcher-1785988101-f727fff6d96f,390.692,695.460
wide-researcher-1785988101-2802bdfbf2ff,390.811,650.990
deep-researcher-1785988101-d9ddd299bbd8,390.913,622.657
wide-researcher-1785988101-2a3cadce371e,391.077,689.080
deep-researcher-1785988102-57b8dda0e563,391.178,657.240
data-analyst-1785987971-f470bd2155ba,391.202,391.202
wide-researcher-1785988102-c9f5cdab97f5,391.215,626.685
deep-researcher-1785988102-326955272fc1,391.273,587.363
wide-researcher-1785988102-6895359d6b74,391.303,545.396
deep-researcher-1785988102-09da1cea627c,391.375,625.482
wide-researcher-1785988102-c6450552ebb9,391.488,637.170
deep-researcher-1785988102-5e03001a9377,391.543,532.635
wide-researcher-1785988102-ac3ea05561ce,391.577,652.867
deep-researcher-1785988102-8a7d6341644b,391.607,693.590
wide-researcher-1785988102-ce68e6a621b4,391.696,623.990
deep-researcher-1785988102-9ddd2406c490,391.737,536.156
wide-researcher-1785988102-317b702e754c,391.777,611.336
deep-researcher-1785988102-1f3273c0dc67,391.888,683.914
wide-researcher-1785988102-ec2371446eca,391.943,673.657
deep-researcher-1785988103-e0c00f3c3051,391.996,692.434
wide-researcher-1785988103-0a465c9990e1,392.209,664.786
deep-researcher-1785988103-74d562d4f035,392.251,538.432
wide-researcher-1785988103-a4da6a14a6ea,392.291,636.408
deep-researcher-1785988103-f09b232653b3,392.321,598.125
wide-researcher-1785988103-a8af93bb968b,392.389,672.402
data-analyst-1785988000-a04e6d3747a9,392.551,413.477
data-analyst-1785988000-c97e7679c179,392.564,405.124
data-analyst-1785988000-970d6094d2aa,392.578,415.768
deep-researcher-1785988103-59d839b7f833,392.595,669.378
data-analyst-1785987965-ec9ea9bce34f,392.634,401.254
data-analyst-1785987967-cb7b69e7abaf,392.662,405.023
wide-researcher-1785988103-a204e4457e51,392.680,643.738
deep-researcher-1785988103-158ecd85ce66,392.776,657.795
wide-researcher-1785988103-399806155a35,392.807,678.180
deep-researcher-1785988103-e1423b2fe876,392.881,552.203
data-analyst-1785987952-176dc5e5afee,392.895,392.896
wide-researcher-1785988103-fb2a5651fac9,392.900,533.761
deep-researcher-1785988104-d9459af07299,392.990,546.552
wide-researcher-1785988104-6a31354023e4,393.046,639.825
data-analyst-1785987996-f4d92052545f,393.060,407.420
deep-researcher-1785988104-5e9fd3c1ddfc,393.065,674.562
data-analyst-1785987993-6b201f019162,393.082,393.082
wide-researcher-1785988104-392ba843d40c,393.099,670.729
deep-researcher-1785988104-06d25b285979,393.149,636.024
wide-researcher-1785988104-553d8305c9ad,393.283,665.061
deep-researcher-1785988104-b1d90fd19d1e,393.409,633.703
wide-researcher-1785988104-dc216042799e,393.459,634.461
data-analyst-1785987996-f531ff0f7673,393.486,399.760
deep-researcher-1785988104-15680d763e0d,393.502,650.452
data-analyst-1785987937-4874797d7bdf,393.506,393.507
wide-researcher-1785988104-187097c0d2a9,393.595,549.580
deep-researcher-1785988104-c0bbd402e3c0,393.627,654.275
wide-researcher-1785988104-b83bf0495fc8,393.663,631.764
data-analyst-1785987922-d5e00884acb7,393.720,393.720
deep-researcher-1785988104-a4c1714a4495,393.752,534.066
wide-researcher-1785988104-811ff523dfe3,393.799,629.111
deep-researcher-1785988104-fe49afc37e42,393.827,694.268
wide-researcher-1785988104-d8d21d37e9fc,393.866,657.220
deep-researcher-1785988105-5b4bad08f69f,393.897,674.832
data-analyst-1785987998-16b8c4f80e9e,393.907,399.824
wide-researcher-1785988105-4660cb6a313c,394.099,570.356
deep-researcher-1785988105-c05276c41ddd,394.192,566.758
data-analyst-1785988000-a9d84115a4c8,394.222,400.654
wide-researcher-1785988105-5e97040393cc,394.230,629.848
data-analyst-1785988000-a27b095b837b,394.239,411.606
data-analyst-1785988000-c6a6312c945d,394.253,412.569
deep-researcher-1785988105-bc6949d36a38,394.287,692.318
wide-researcher-1785988105-c5db04ef757e,394.315,570.720
deep-researcher-1785988105-788e9ba02a02,394.388,650.090
wide-researcher-1785988105-0017fc914aa3,394.419,645.244
deep-researcher-1785988105-e5759d083651,394.505,545.447
wide-researcher-1785988105-ba131b74bcc9,394.562,525.051
deep-researcher-1785988105-fa6bce49b19e,394.583,691.691
data-analyst-1785987963-7319a1ae7f5c,394.594,394.595
wide-researcher-1785988105-e740e2c3c6df,394.727,666.764
deep-researcher-1785988105-5880a3c3c77a,394.795,628.135
wide-researcher-1785988105-7a85e2fa691f,394.926,642.359
data-analyst-1785987996-6298ae0a1194,394.943,399.808
deep-researcher-1785988105-ac3b34bd3629,394.996,642.265
data-analyst-1785987947-224029c0a33b,395.025,395.025
wide-researcher-1785988106-c95a9cc33d11,395.077,645.715
deep-researcher-1785988106-f89b06bbd69a,395.105,693.711
data-analyst-1785987987-82f2a3b8cb45,395.125,399.989
wide-researcher-1785988106-173ac7edc8b6,395.133,618.937
deep-researcher-1785988106-e5f36f25f659,395.171,695.196
wide-researcher-1785988106-ac86a85044ea,395.228,668.824
deep-researcher-1785988106-adda41d35fdf,395.266,636.612
wide-researcher-1785988106-cc7ef7d1f47c,395.316,600.256
deep-researcher-1785988106-0bd8c605ba79,395.374,632.792
wide-researcher-1785988106-84b42e3523c6,395.411,669.946
data-analyst-1785987946-154fa5fbbfaa,395.422,399.838
deep-researcher-1785988106-e088b24fb187,395.443,693.792
wide-researcher-1785988106-134ca7e25c35,395.610,650.435
deep-researcher-1785988106-811ece5ab2b7,395.650,656.468
wide-researcher-1785988106-e5b8ce621176,395.746,624.453
deep-researcher-1785988106-d05c552b4097,395.807,695.079
wide-researcher-1785988106-77da420ac945,395.894,681.739
deep-researcher-1785988106-101f8b7e7272,395.915,675.797
wide-researcher-1785988107-fbff8db26a85,395.935,534.868
deep-researcher-1785988107-65f8a3b6e7ac,396.076,664.087
wide-researcher-1785988107-f423ec156c45,396.094,693.682
deep-researcher-1785988107-92e632b2365f,396.121,654.387
wide-researcher-1785988107-fe961203b614,396.180,632.173
deep-researcher-1785988107-ffda1ea51d9f,396.240,625.753
wide-researcher-1785988107-56b4cc9c7908,396.304,610.258
data-analyst-1785987953-59b7fb9760f4,396.364,400.291
deep-researcher-1785988107-e0d59be944da,396.417,563.862
wide-researcher-1785988107-094ec793e4e9,396.467,638.981
data-analyst-1785988000-579d9781c407,396.530,423.442
data-analyst-1785988000-99aef3edacf9,396.544,413.510
data-analyst-1785988000-d0d8b9df2807,396.557,401.631
data-analyst-1785987987-01b330eb4522,396.587,396.587
data-analyst-1785987990-aaf83c8a3e36,396.600,396.600
deep-researcher-1785988107-7bf15ffe9cac,396.612,606.597
wide-researcher-1785988107-35ca5c7ad1bb,396.647,543.650
data-analyst-1785987992-f764e17bb1a0,396.662,396.662
deep-researcher-1785988107-6e490c62353f,396.679,629.670
wide-researcher-1785988107-8a8a58d3deaf,396.748,665.957
deep-researcher-1785988107-6ea85bf0283c,396.831,682.787
wide-researcher-1785988107-3089debc87a4,396.858,555.830
deep-researcher-1785988108-2bf0421cd705,396.891,690.714
wide-researcher-1785988108-3b7851203eb7,396.921,651.224
deep-researcher-1785988108-c248e108980d,396.947,607.402
data-analyst-1785988000-0aac11d486db,396.996,406.488
data-analyst-1785988000-ba9ce7da0f6f,397.010,402.316
data-analyst-1785988000-3073a404ef2e,397.023,401.955
wide-researcher-1785988108-c129b292610a,397.050,648.230
deep-researcher-1785988108-c98b645da560,397.110,550.705
wide-researcher-1785988108-8b63da5033c6,397.231,669.912
deep-researcher-1785988108-f6dd312bc610,397.293,683.821
wide-researcher-1785988108-bee6240e414b,397.325,651.980
deep-researcher-1785988108-09a815f37782,397.413,627.732
wide-researcher-1785988108-235d828a453e,397.435,628.906
deep-researcher-1785988108-901e5720a3b2,397.603,645.748
data-analyst-1785987993-4f8ffbba7aa8,397.631,397.631
data-analyst-1785987924-063cae353190,397.644,397.644
wide-researcher-1785988108-4b6443b760d6,397.682,629.239
deep-researcher-1785988108-36a143699c4d,397.786,554.654
wide-researcher-1785988108-2aec6096c5e9,397.819,628.749
deep-researcher-1785988108-09ab94be01b9,397.889,537.616
wide-researcher-1785988108-879a233de16e,397.929,569.149
deep-researcher-1785988109-7b408a896af7,397.947,656.289
wide-researcher-1785988109-26500af8ff7d,397.983,653.583
deep-researcher-1785988109-4bfdaff0c36c,398.020,558.016
wide-researcher-1785988109-eb8390b5aa79,398.286,629.291
deep-researcher-1785988109-088a7d50e147,398.330,636.167
wide-researcher-1785988109-725b1fa33c3d,398.378,632.466
data-analyst-1785988001-03ede31f8e77,398.490,403.426
data-analyst-1785988001-99bb783d422a,398.504,404.401
data-analyst-1785988001-42833b92df4c,398.518,402.205
deep-researcher-1785988109-a5a64eea74c2,398.545,656.720
wide-researcher-1785988109-14f74e341f01,398.622,627.618
deep-researcher-1785988109-667497769d6f,398.670,678.786
data-analyst-1785987941-49460ed8af9f,398.680,407.291
data-analyst-1785987934-3fb35d5f7c3d,398.695,421.502
wide-researcher-1785988109-af56406123a7,398.718,580.867
deep-researcher-1785988109-9beb4e80619b,398.747,694.796
wide-researcher-1785988109-1ed137387e2f,398.806,623.257
deep-researcher-1785988109-3473c2971cf9,398.906,624.295
wide-researcher-1785988109-bacaa701f9e0,398.938,643.071
deep-researcher-1785988110-277c868358d4,398.961,653.059
wide-researcher-1785988110-8f572d3ededd,399.078,531.294
deep-researcher-1785988110-aea25d4563ce,399.107,654.259
wide-researcher-1785988110-7b5c152c25c3,399.150,668.291
data-analyst-1785987996-775595d1e29d,399.209,401.336
deep-researcher-1785988110-29a6973a4d56,399.209,537.645
wide-researcher-1785988110-3f80cb1c5117,399.300,642.608
deep-researcher-1785988110-2d20d08c799e,399.397,680.352
wide-researcher-1785988110-2e045ac5544f,399.449,663.505
deep-researcher-1785988110-94f5a9fca7c8,399.466,652.382
wide-researcher-1785988110-905cf66d338e,399.494,669.735
deep-researcher-1785988110-63aff7d88c14,399.617,534.938
wide-researcher-1785988110-12478202baff,399.664,649.689
deep-researcher-1785988110-a79f64f00ada,399.701,649.361
wide-researcher-1785988110-3d1bbc7897d7,399.794,691.414
deep-researcher-1785988110-03ba624bfd9f,399.894,640.692
wide-researcher-1785988110-d44cf26b2681,399.940,670.178
deep-researcher-1785988111-e1f0142c186a,399.977,658.099
wide-researcher-1785988111-6e180a837b4a,400.007,629.355
deep-researcher-1785988111-1a9cd1c34016,400.134,636.043
wide-researcher-1785988111-b3d678e1c17e,400.286,649.329
deep-researcher-1785988111-558d9234f440,400.408,532.359
wide-researcher-1785988111-239e201b8db6,400.429,648.422
deep-researcher-1785988111-58b90ddb3d4b,400.461,582.182
wide-researcher-1785988111-ccaf4976da38,400.480,675.907
deep-researcher-1785988111-d4ecafe5ad00,400.595,529.655
wide-researcher-1785988111-4b4ef25dd8e8,400.642,559.308
deep-researcher-1785988111-4a1d1ed48666,400.706,685.823
wide-researcher-1785988111-8dac155ec9c9,400.811,630.364
deep-researcher-1785988111-824ff59638e4,400.841,630.579
wide-researcher-1785988111-e34df2c1a302,400.975,675.625
deep-researcher-1785988112-76024c53a292,401.004,568.763
wide-researcher-1785988112-6f9a3a9ee7fd,401.075,664.261
deep-researcher-1785988112-f51d43b2da0e,401.216,541.016
wide-researcher-1785988112-60c22f31c77a,401.336,646.699
deep-researcher-1785988112-a34c01bed774,401.403,573.178
wide-researcher-1785988112-049d5d955a03,401.454,625.525
deep-researcher-1785988112-b86873314ad7,401.487,562.272
wide-researcher-1785988112-7871232d6981,401.520,666.332
deep-researcher-1785988112-7e474ff48b9e,401.569,691.101
wide-researcher-1785988112-e769cf225b7a,401.635,654.035
deep-researcher-1785988112-2f76fc4a7ebb,401.696,623.919
wide-researcher-1785988112-3cf93f44c469,401.796,624.471
deep-researcher-1785988112-ef724655eb70,401.824,677.260
wide-researcher-1785988112-c72b1cd2b206,401.857,544.515
deep-researcher-1785988113-d1aebf88d0a9,401.933,609.691
wide-researcher-1785988113-7cf21ef62f7d,401.959,622.345
deep-researcher-1785988113-3ce4a9e7433e,401.991,648.245
wide-researcher-1785988113-715042692edb,402.093,680.125
deep-researcher-1785988113-f8ecd560a343,402.149,659.081
data-analyst-1785988001-45138a7582c8,402.303,402.303
wide-researcher-1785988113-cc08e2aaa23f,402.488,631.744
deep-researcher-1785988113-c27086574243,402.517,687.983
wide-researcher-1785988113-33aded402b89,402.554,627.850
data-analyst-1785988008-ec2f3a4bbc09,402.699,402.699
deep-researcher-1785988113-b101d6029b6f,402.726,682.635
data-analyst-1785988005-1c865984c76c,402.731,402.731
wide-researcher-1785988113-66b7aed93d6d,402.816,684.432
data-analyst-1785988001-1e50a76eebcc,402.842,402.842
deep-researcher-1785988113-5ae3d902c6f0,402.892,537.972
data-analyst-1785988005-d8ff9b32620b,402.905,402.906
wide-researcher-1785988113-f4d480725c3c,402.914,675.458
deep-researcher-1785988114-5cb19e1a47b3,402.961,564.262
wide-researcher-1785988114-a9e823f191a5,402.999,644.890
deep-researcher-1785988114-3f42874c3526,403.077,649.098
data-analyst-1785988004-439fecd4f025,403.121,403.121
wide-researcher-1785988114-e4f7963b86cb,403.247,639.649
data-analyst-1785988001-17194966e168,403.328,403.329
deep-researcher-1785988114-1439a2b3529f,403.337,678.116
wide-researcher-1785988114-c8c31b7420e4,403.366,667.630
deep-researcher-1785988114-2dae2dcb692c,403.444,686.893
wide-researcher-1785988114-ed6026cca25c,403.463,638.314
deep-researcher-1785988114-f0227e439495,403.482,661.061
wide-researcher-1785988114-6ccd1b2fb7e8,403.501,634.317
deep-researcher-1785988114-7f20b478a1bd,403.606,643.119
wide-researcher-1785988114-f7db0f540b6a,403.646,680.369
deep-researcher-1785988114-c3664bf94113,403.727,579.084
wide-researcher-1785988114-32fb878630b4,403.834,646.200
data-analyst-1785988005-07debff351f4,403.891,403.891
deep-researcher-1785988114-67528adb760e,403.968,691.729
wide-researcher-1785988115-9d680870ee6e,403.999,661.523
deep-researcher-1785988115-eb10f76009ff,404.059,552.341
wide-researcher-1785988115-b10380002b38,404.099,615.790
deep-researcher-1785988115-512acaec568b,404.148,626.638
data-analyst-1785988005-633ad650febc,404.164,404.164
data-analyst-1785988008-375501b35443,404.214,404.215
wide-researcher-1785988115-ff178cd04cb9,404.239,568.805
deep-researcher-1785988115-cccec62f7d68,404.280,690.149
wide-researcher-1785988115-08ee522e553a,404.327,635.967
deep-researcher-1785988115-4e020c8961cc,404.356,691.883
data-analyst-1785988007-56575d6cfdee,404.370,404.371
wide-researcher-1785988115-483b2f2dec88,404.416,680.418
deep-researcher-1785988115-5ff39180763c,404.436,688.233
data-analyst-1785988008-cb42d694a528,404.441,404.441
data-analyst-1785988013-82f93e257c56,404.473,404.474
wide-researcher-1785988115-f76b931e34ef,404.473,631.653
data-analyst-1785988013-b039a37a869e,404.509,404.510
deep-researcher-1785988115-e161ac9f6246,404.510,623.421
wide-researcher-1785988115-8d7e4ac71a76,404.593,567.059
data-analyst-1785988011-8c8297098042,404.692,404.693
deep-researcher-1785988115-212072b2be16,404.747,637.598
wide-researcher-1785988115-222b7c782447,404.766,623.372
deep-researcher-1785988115-f7b985fa5e91,404.849,644.852
wide-researcher-1785988115-70387817a460,404.951,672.848
deep-researcher-1785988116-4f614daa71d5,404.984,641.715
wide-researcher-1785988116-f49b17de11db,405.011,648.619
deep-researcher-1785988116-907bf00b0335,405.119,692.494
data-analyst-1785988013-5a11f4dfcd37,405.141,405.142
wide-researcher-1785988116-dbff8388b540,405.165,656.499
data-analyst-1785988013-9249775c4e14,405.300,405.301
data-analyst-1785988012-04ce70a48e02,405.318,405.318
data-analyst-1785988016-2c8a01d8f8c2,405.334,405.335
deep-researcher-1785988116-b4c7ebef8db1,405.343,540.937
data-analyst-1785988014-ecb32da348f6,405.352,405.352
data-analyst-1785988014-e4abd715462e,405.383,405.383
data-analyst-1785988014-39fca52a1f66,405.400,405.400
wide-researcher-1785988116-3cea5068ed32,405.480,637.426
deep-researcher-1785988116-1bc15d063130,405.511,663.449
wide-researcher-1785988116-726a08893d16,405.583,638.267
data-analyst-1785988014-e2e8cd8e2152,405.605,405.606
deep-researcher-1785988116-283c4de7e8c2,405.663,650.471
data-analyst-1785988004-08b90927c111,405.690,405.690
wide-researcher-1785988116-73916f86c017,405.741,648.760
data-analyst-1785988012-95ec1f709208,405.787,405.788
deep-researcher-1785988116-0601e5396a42,405.802,658.650
wide-researcher-1785988116-9206689f5aa6,405.870,692.348
deep-researcher-1785988116-0262084ac574,405.918,641.329
wide-researcher-1785988117-740892827aa8,405.940,625.407
data-analyst-1785988001-645b09d0ce35,405.983,405.984
deep-researcher-1785988117-06f234fb7f55,405.989,657.501
wide-researcher-1785988117-47a7b05e381b,406.038,599.497
data-analyst-1785988013-4c3b1075e3fd,406.084,406.085
data-analyst-1785988008-99973558c627,406.100,406.101
data-analyst-1785988013-95eca3cd3e15,406.145,406.146
deep-researcher-1785988117-20d5b65c2829,406.215,641.229
wide-researcher-1785988117-c59e61fd266a,406.260,639.794
deep-researcher-1785988117-07d2aa1041ed,406.280,644.716
data-analyst-1785988016-7ae333611466,406.326,406.327
data-analyst-1785988011-a09b4f0a11d0,406.374,406.375
data-analyst-1785988014-be1b487cf756,406.450,406.451
wide-researcher-1785988117-2eb4acf7000d,406.460,562.674
deep-researcher-1785988117-15d7248cf4e1,406.479,683.752
wide-researcher-1785988117-1747ae39795b,406.502,622.873
deep-researcher-1785988117-beda44dba90e,406.521,630.317
data-analyst-1785988017-6b33f4c89041,406.560,406.561
data-analyst-1785988014-36642a656f80,406.592,406.593
wide-researcher-1785988117-626bfdb2b40f,406.618,639.916
deep-researcher-1785988117-76cfda31f08e,406.688,650.185
data-analyst-1785988015-85179ec077b8,406.694,406.694
wide-researcher-1785988117-d55e1e8488eb,406.755,624.696
data-analyst-1785988014-928516efb331,406.842,406.842
deep-researcher-1785988117-8efdf543c1d1,406.857,682.952
wide-researcher-1785988117-69fe69866ad0,406.886,631.508
data-analyst-1785988007-b590caf4af13,406.898,406.899
data-analyst-1785988012-e0f1ba995b69,406.944,406.945
deep-researcher-1785988118-022b78357f6d,406.992,630.835
wide-researcher-1785988118-f28cfd94f83f,407.024,658.284
deep-researcher-1785988118-5243ad6e7bad,407.052,588.556
wide-researcher-1785988118-b598f5722b41,407.083,582.705
data-analyst-1785988013-c14d61144c23,407.102,407.102
data-analyst-1785988015-1f5eb955b72d,407.173,407.173
data-analyst-1785988008-3670a25c26e2,407.201,407.201
deep-researcher-1785988118-a7c918bfc97c,407.214,630.814
wide-researcher-1785988118-4f4cbf53d3bf,407.253,658.761
data-analyst-1785988021-08ebd365934d,407.277,407.277
deep-researcher-1785988118-6d78cf824582,407.299,693.104
data-analyst-1785988015-edec37e7a068,407.308,407.309
data-analyst-1785988021-7ba0e384f480,407.322,407.323
data-analyst-1785988016-a0c6f4b1954c,407.348,407.348
wide-researcher-1785988118-c44e2fe5214d,407.360,692.736
deep-researcher-1785988118-814b3a1a9835,407.389,664.645
data-analyst-1785988017-c059608c0932,407.394,407.394
wide-researcher-1785988118-782da64d45b0,407.438,648.660
deep-researcher-1785988118-bf4b757fe194,407.457,693.511
wide-researcher-1785988118-87cbc590697b,407.501,644.928
deep-researcher-1785988118-1e4047e38e01,407.556,693.826
wide-researcher-1785988118-8d02062c90ff,407.596,581.849
deep-researcher-1785988118-ae7c462e6770,407.645,640.012
data-analyst-1785988014-201958a8e1fc,407.656,407.657
data-analyst-1785988007-9e103e870d42,407.670,407.670
data-analyst-1785988006-2a137c60b1df,407.684,407.685
data-analyst-1785988011-2a4e0a9e8e05,407.757,407.757
wide-researcher-1785988118-e37630085f5a,407.770,676.157
data-analyst-1785988018-cc36cacf43f3,407.818,407.819
deep-researcher-1785988118-4eebc5d05392,407.874,563.601
data-analyst-1785988021-6643793fddee,407.891,407.891
wide-researcher-1785988118-1057cd4a266f,407.908,649.802
deep-researcher-1785988119-fdc149bec402,407.977,648.277
wide-researcher-1785988119-3059f97c4f5b,408.017,638.174
data-analyst-1785988015-d3c2076863b3,408.022,408.023
deep-researcher-1785988119-598623110522,408.035,564.079
wide-researcher-1785988119-5f6e1efe213e,408.197,630.301
data-analyst-1785988015-64370488a39e,408.226,408.227
data-analyst-1785988015-3277a659264a,408.240,408.240
data-analyst-1785988021-cb832928edb7,408.253,408.254
data-analyst-1785988018-cee4a8c0b23f,408.360,408.361
deep-researcher-1785988119-3f04834c1adc,408.373,564.532
data-analyst-1785988008-92c2a00998e2,408.378,408.379
data-analyst-1785988021-97bca27be895,408.408,408.409
data-analyst-1785988021-82b273a0ff19,408.451,408.451
data-analyst-1785988021-8e30ac2f1270,408.479,408.479
wide-researcher-1785988119-ef18108ab160,408.542,692.449
data-analyst-1785988007-891450f046ac,408.552,408.553
deep-researcher-1785988119-d8614d2a60ea,408.570,681.958
wide-researcher-1785988119-3f49ac47a080,408.598,552.385
data-analyst-1785988016-14028f9cf57e,408.751,408.752
deep-researcher-1785988119-cd2266b5cbe7,408.751,695.444
wide-researcher-1785988119-7d4951a193cd,408.773,673.449
deep-researcher-1785988119-873f7aff6814,408.821,627.533
wide-researcher-1785988119-50c0439ad154,408.959,683.333
deep-researcher-1785988119-f04d85552c74,408.978,640.628
wide-researcher-1785988120-d5e94b679356,409.020,591.269
deep-researcher-1785988120-0762b0182d5b,409.051,566.323
data-analyst-1785988008-9db99d71d6bb,409.100,409.100
wide-researcher-1785988120-7a72bedadb83,409.104,654.804
data-analyst-1785988024-dacffc306d4b,409.133,409.134
deep-researcher-1785988120-9038a56708f3,409.160,580.412
wide-researcher-1785988120-fd5b2b599a44,409.238,628.022
deep-researcher-1785988120-e8d20775b0ef,409.295,694.733
wide-researcher-1785988120-7a188bd441f2,409.379,667.689
deep-researcher-1785988120-b60e832d0209,409.396,682.147
wide-researcher-1785988120-6756a2d3ed88,409.525,626.005
data-analyst-1785988011-38c97af7b953,409.561,409.561
data-analyst-1785988015-c77855598f7d,409.577,409.577
deep-researcher-1785988120-b42d8990cbd7,409.644,528.169
data-analyst-1785988005-fccd8f64aca6,409.691,409.691
wide-researcher-1785988120-2a132e67546b,409.692,601.599
deep-researcher-1785988120-1fa5c6f70ba1,409.714,653.597
data-analyst-1785988022-bcffc24a6323,409.728,409.729
data-analyst-1785988001-4929324e6065,409.763,409.763
data-analyst-1785988015-09fc22709461,409.778,409.779
wide-researcher-1785988120-e69bb4828657,409.779,636.249
deep-researcher-1785988120-66fcc650884a,409.886,652.980
data-analyst-1785988014-cff18afed61a,409.930,409.930
wide-researcher-1785988120-0359e98907d6,409.971,690.938
deep-researcher-1785988121-a27815d7de92,410.003,552.075
data-analyst-1785988014-5af6d0b90fe1,410.048,410.048
wide-researcher-1785988121-b8e2c12a734c,410.061,662.887
deep-researcher-1785988121-36a7f4ec70e0,410.091,692.638
wide-researcher-1785988121-1e21ed39b56e,410.143,666.664
deep-researcher-1785988121-f7ed11be91cf,410.182,632.824
data-analyst-1785988010-b957e8b7e615,410.234,410.235
wide-researcher-1785988121-519ef618247d,410.243,639.120
data-analyst-1785988010-aa64bff9bea6,410.254,410.254
data-analyst-1785988022-404814b1e9ee,410.271,410.272
deep-researcher-1785988121-6decf0055c21,410.275,654.196
wide-researcher-1785988121-a1f2310adf3d,410.293,659.590
deep-researcher-1785988121-4af13a8535fc,410.335,629.372
data-analyst-1785988013-f948f988fbb8,410.354,410.354
wide-researcher-1785988121-49943ea5d60f,410.363,682.067
data-analyst-1785988029-4123b0957091,410.442,410.442
deep-researcher-1785988121-c7f1e7c0e79a,410.476,668.501
wide-researcher-1785988121-994684d77427,410.494,662.432
data-analyst-1785988019-8bb1bcd9ea13,410.525,410.526
deep-researcher-1785988121-9dc1b2e17b17,410.534,667.892
wide-researcher-1785988121-9f8d4377357c,410.570,676.968
data-analyst-1785988031-0bcaab483c09,410.619,410.619
data-analyst-1785988014-99231b550f24,410.664,410.664
deep-researcher-1785988121-383711a34b35,410.668,691.462
data-analyst-1785988029-1399df5b38b5,410.736,410.736
wide-researcher-1785988121-e64a2d1eb5be,410.810,677.360
data-analyst-1785988014-50fff617bfee,410.821,410.822
data-analyst-1785988022-8e7ac056d687,410.836,410.837
data-analyst-1785988002-11535aff6f99,410.851,410.851
data-analyst-1785988023-d3961280168b,410.879,410.879
deep-researcher-1785988121-283261cd30bc,410.908,640.466
wide-researcher-1785988121-1bd0acacb177,410.999,667.279
data-analyst-1785988032-9601c9c5a6c9,411.003,411.003
data-analyst-1785988034-4947d4a9b0ab,411.077,411.077
deep-researcher-1785988122-2dc551df7686,411.155,537.082
wide-researcher-1785988122-4da00699575a,411.195,650.726
data-analyst-1785988015-2c65db8497e1,411.199,411.200
deep-researcher-1785988122-ded9488668b3,411.212,636.512
data-analyst-1785988008-629130f2b380,411.216,411.217
wide-researcher-1785988122-17ccd44e7b14,411.229,664.744
data-analyst-1785988031-28da5936f5cd,411.282,411.282
deep-researcher-1785988122-319906c86062,411.286,681.011
data-analyst-1785988032-48131aaf6cfb,411.296,411.297
data-analyst-1785988032-d19256aaf1f1,411.311,411.311
data-analyst-1785988012-9dd0216e46a6,411.339,411.339
wide-researcher-1785988122-6b77b9793dfd,411.343,691.574
data-analyst-1785988025-5aa1cf7f5370,411.371,411.371
deep-researcher-1785988122-72c94a4b030d,411.389,625.006
data-analyst-1785988033-f4e70b6f282f,411.417,411.417
data-analyst-1785988023-4031792a3696,411.430,411.430
data-analyst-1785988019-fbb5666eabce,411.457,411.457
data-analyst-1785988012-37c166e3ebcb,411.498,411.499
data-analyst-1785988015-6350aff2286f,411.512,411.512
wide-researcher-1785988122-f6075366b2c2,411.516,636.964
deep-researcher-1785988122-5d23c82ab5da,411.543,540.090
data-analyst-1785988009-ff41f6f9fe96,411.562,411.563
wide-researcher-1785988122-fd859769bd1d,411.571,626.543
deep-researcher-1785988122-ed87861f9df7,411.610,623.116
data-analyst-1785988032-32eb5f4dd5b6,411.624,411.624
wide-researcher-1785988122-b155b4b0d61f,411.683,638.882
deep-researcher-1785988122-1ec653ba24c2,411.739,647.848
data-analyst-1785988012-e91c7fcbdcad,411.773,411.773
wide-researcher-1785988122-c16edccf61f8,411.786,676.659
data-analyst-1785988034-aa53003c872b,411.804,411.804
data-analyst-1785988024-da04406bcbb3,411.818,411.819
data-analyst-1785988019-92996475ede5,411.833,411.833
deep-researcher-1785988122-ff23a03d46eb,411.908,694.288
wide-researcher-1785988122-9b99417c1a2a,411.988,627.316
deep-researcher-1785988123-351b94a60204,412.039,596.143
wide-researcher-1785988123-5a7900b67326,412.061,547.476
deep-researcher-1785988123-89e5d2f7c9fb,412.088,550.298
wide-researcher-1785988123-9c769447c2b8,412.119,657.611
data-analyst-1785988020-9e1a52f743ca,412.161,412.161
data-analyst-1785988036-c4aad3cf1baf,412.175,412.175
deep-researcher-1785988123-9ee87bc0b029,412.189,598.631
data-analyst-1785988014-5d604297d683,412.195,412.195
data-analyst-1785988021-3776668f3bb0,412.314,412.314
wide-researcher-1785988123-912372de7e31,412.318,627.060
data-analyst-1785988021-1cb2a36415e1,412.349,412.349
data-analyst-1785988007-25ef4c6a8769,412.364,412.365
data-analyst-1785988033-c73f6f150345,412.396,412.396
deep-researcher-1785988123-198b585a6dbf,412.400,656.872
data-analyst-1785988013-2ffc5421f271,412.414,412.414
wide-researcher-1785988123-b6073fe495c0,412.505,636.424
deep-researcher-1785988123-56776c5feb1e,412.548,692.833
data-analyst-1785988011-ccb612d7730a,412.599,412.599
data-analyst-1785988001-9706b98b729e,412.614,412.614
wide-researcher-1785988123-e508b2b16e23,412.657,624.542
deep-researcher-1785988123-d738f0461465,412.703,548.487
wide-researcher-1785988123-c55ebe239f34,412.736,693.527
data-analyst-1785988005-ea43a87b4df6,412.746,412.747
deep-researcher-1785988123-679f0945864e,412.795,666.964
wide-researcher-1785988123-9afab8feb2f2,412.853,673.693
data-analyst-1785988034-170430b70e24,412.888,412.888
deep-researcher-1785988123-1cefc10ae35f,412.897,651.207
wide-researcher-1785988124-af56087f05b8,412.916,635.537
data-analyst-1785988036-9f9b42e30662,412.926,412.927
data-analyst-1785988019-b600307386d6,412.956,412.956
data-analyst-1785988023-78b000bb2a69,412.971,412.972
deep-researcher-1785988124-d3c44fff5962,412.990,553.594
wide-researcher-1785988124-c2374711061b,413.030,678.351
deep-researcher-1785988124-13815e639bdf,413.060,572.761
wide-researcher-1785988124-04108036a007,413.116,640.324
data-analyst-1785988021-8b748fd0a628,413.127,413.128
data-analyst-1785988023-5d2131356fea,413.156,413.156
deep-researcher-1785988124-8937f7c61d07,413.161,692.403
wide-researcher-1785988124-3d90af0a93fb,413.205,631.257
deep-researcher-1785988124-698a3ea8086f,413.252,651.189
wide-researcher-1785988124-df45d9bfa3a4,413.290,641.669
data-analyst-1785988019-30eb8a66c9b8,413.363,413.363
deep-researcher-1785988124-0534d08ac584,413.381,646.837
wide-researcher-1785988124-22e0af646f53,413.495,690.675
data-analyst-1785988034-0edfcf147d71,413.541,413.541
deep-researcher-1785988124-ff76c82957fa,413.555,631.217
data-analyst-1785988025-7d209fcad665,413.555,413.555
wide-researcher-1785988124-a6bc758b887b,413.573,541.062
deep-researcher-1785988124-4f9d7367b111,413.602,639.687
wide-researcher-1785988124-968ea9f0b35c,413.691,644.293
deep-researcher-1785988124-7568f43d191c,413.754,670.518
wide-researcher-1785988124-a84e1800c7d4,413.830,626.453
data-analyst-1785988040-6fffc8c552bf,413.857,413.857
data-analyst-1785988037-542d894ce491,413.872,413.872
data-analyst-1785988027-a2cf0dd2b609,413.887,413.888
deep-researcher-1785988124-bbefaf9681d6,413.916,538.679
wide-researcher-1785988125-99ba8c40397d,414.017,661.378
deep-researcher-1785988125-3e3ca862cf0c,414.045,691.940
wide-researcher-1785988125-aac2d1782fee,414.064,654.986
data-analyst-1785988021-3c8251d40313,414.168,414.168
deep-researcher-1785988125-a7bb0da4213a,414.217,652.566
wide-researcher-1785988125-46402eea7e3a,414.236,632.920
data-analyst-1785988014-48b7b193969a,414.250,414.250
deep-researcher-1785988125-f46f7c9b3e34,414.255,695.023
wide-researcher-1785988125-fe5f713b4806,414.305,658.411
deep-researcher-1785988125-1cab52ec4ea9,414.401,625.632
wide-researcher-1785988125-6088eb0e6978,414.433,653.787
deep-researcher-1785988125-c9268ab8753f,414.499,651.851
wide-researcher-1785988125-08be02b7d729,414.548,680.602
deep-researcher-1785988125-39b5f1e694c3,414.709,679.791
data-analyst-1785988040-856371ceac6a,414.835,414.835
data-analyst-1785988033-d1b1caec7be7,414.861,414.861
wide-researcher-1785988125-cd257911cdc6,414.904,627.364
data-analyst-1785988011-9c8ee30d3e05,414.946,414.946
data-analyst-1785988043-e9ff6c919bd7,414.986,414.986
data-analyst-1785988042-b645b238c466,415.026,415.026
deep-researcher-1785988125-16dc6fa73d51,415.057,691.769
wide-researcher-1785988126-adc1fac05b98,415.079,667.061
deep-researcher-1785988126-5fd2e01debb3,415.108,599.837
data-analyst-1785988043-9cd95987ff1e,415.121,415.121
wide-researcher-1785988126-358ce490c429,415.143,642.343
data-analyst-1785988021-23c61cd45ba9,415.151,415.151
data-analyst-1785988022-1cb64e6aee89,415.164,415.164
data-analyst-1785988033-9da646235854,415.260,415.260
deep-researcher-1785988126-02f1b41ea157,415.268,646.109
data-analyst-1785988018-b4235ab0abed,415.333,415.333
wide-researcher-1785988126-2f8fe16537fd,415.430,682.716
data-analyst-1785988045-f045e5d117b6,415.449,415.449
data-analyst-1785988023-c2c06f9ee9c8,415.462,415.462
data-analyst-1785988013-48bdae8603ce,415.492,415.492
data-analyst-1785988037-3fdc4b4b9002,415.601,415.601
data-analyst-1785988038-e4150f83bb90,415.645,415.646
data-analyst-1785988045-f6184628525d,415.659,415.659
data-analyst-1785988045-30548d4e06b8,415.672,415.672
data-analyst-1785988037-c1a05b8662e9,415.714,415.714
data-analyst-1785988044-9440e15f4f42,415.727,415.728
deep-researcher-1785988126-605dd16a4fec,415.736,628.386
wide-researcher-1785988126-403799e50b18,415.756,647.425
deep-researcher-1785988126-ec9d95d06f20,415.776,646.256
data-analyst-1785988013-72f499011d02,415.804,415.805
wide-researcher-1785988126-fd70e39c2533,415.863,678.522
data-analyst-1785988013-72fa2299e68e,415.877,415.877
deep-researcher-1785988126-37b29c3b9367,415.917,653.505
data-analyst-1785988027-3a0e543b5c7d,415.922,415.923
wide-researcher-1785988127-adacfd33259b,415.951,671.209
deep-researcher-1785988127-bc13fc3dd942,416.049,626.223
data-analyst-1785988033-42e514cd02f7,416.074,416.075
wide-researcher-1785988127-353f4b48ecb0,416.084,640.139
data-analyst-1785988045-d48f158df801,416.134,416.134
deep-researcher-1785988127-10c2a178dd27,416.188,692.557
wide-researcher-1785988127-a391034bd74c,416.229,684.069
data-analyst-1785988043-fd3d93e8036a,416.244,416.244
deep-researcher-1785988127-f534dfb9d713,416.308,679.496
data-analyst-1785988036-295298193646,416.322,416.322
data-analyst-1785988045-79bf682d57a0,416.363,416.363
wide-researcher-1785988127-901970e537ba,416.367,680.844
deep-researcher-1785988127-068da661167d,416.418,632.840
data-analyst-1785988043-9340276511d8,416.472,416.473
data-analyst-1785988042-3d0a1ff8fd1c,416.563,416.564
wide-researcher-1785988127-572f1585453e,416.569,676.404
data-analyst-1785988043-229d1441bb18,416.584,416.584
deep-researcher-1785988127-0e1a9f301e8b,416.588,695.319
wide-researcher-1785988127-de26ef2b90e3,416.624,628.636
data-analyst-1785988021-1f5069b15993,416.639,416.639
deep-researcher-1785988127-8e1c8e1bdda6,416.653,695.575
data-analyst-1785988012-47b5947a45e2,416.673,416.673
wide-researcher-1785988127-eb60ff5daf0f,416.717,630.892
data-analyst-1785988013-db830d49580d,416.747,416.748
deep-researcher-1785988127-6b4dccb2dfc8,416.776,662.647
data-analyst-1785988023-6ee2c76544d8,416.860,416.860
data-analyst-1785988051-85cea7c52fcc,416.925,416.925
wide-researcher-1785988127-4b753bcde3d0,416.929,538.387
deep-researcher-1785988127-8075d6dd2445,417.004,625.916
data-analyst-1785988044-27b8cec18713,417.148,417.149
wide-researcher-1785988128-845b1c9b0cbe,417.245,676.539
deep-researcher-1785988128-129e43c6aea9,417.265,628.086
data-analyst-1785988048-c6bd4bcdc435,417.265,417.266
wide-researcher-1785988128-8b51bf43451e,417.286,539.023
data-analyst-1785988051-75c4199619f0,417.322,417.323
deep-researcher-1785988128-eaae997aa692,417.377,693.021
wide-researcher-1785988128-b7f996962a66,417.423,635.949
deep-researcher-1785988128-15b989de0898,417.442,639.628
wide-researcher-1785988128-7fd9c83c3ea5,417.460,657.199
data-analyst-1785988035-999f657e68c6,417.473,417.473
data-analyst-1785988046-a9956017c863,417.488,417.489
deep-researcher-1785988128-5e4405c81e5d,417.546,682.245
wide-researcher-1785988128-5a39ad927a66,417.594,572.273
data-analyst-1785988043-6558d42c51a4,417.614,417.614
data-analyst-1785988034-5ff4fc64c5cb,417.642,417.642
data-analyst-1785988045-c365028d5f12,417.657,417.657
deep-researcher-1785988128-f1063ae27fa7,417.702,685.460
wide-researcher-1785988128-34bcf8ae8f54,417.730,648.168
deep-researcher-1785988128-5c19954b0670,417.772,653.537
data-analyst-1785988048-184980f9749b,417.777,417.778
data-analyst-1785988051-e9d4dd614f3b,417.792,417.793
wide-researcher-1785988128-914ef965a08c,417.820,672.023
data-analyst-1785988023-dfc90bc61eb0,417.857,417.858
deep-researcher-1785988128-026d54bbe816,417.877,678.855
wide-researcher-1785988128-5d3608f27814,417.916,630.544
data-analyst-1785988029-d8a043534356,417.946,417.946
data-analyst-1785988012-54439510e93e,417.959,417.959
deep-researcher-1785988129-649ef115cba9,418.018,674.201
data-analyst-1785988048-966485fdd9ee,418.067,418.067
wide-researcher-1785988129-9dec6662acd0,418.071,647.727
deep-researcher-1785988129-48311c3ca6e5,418.089,641.104
data-analyst-1785988041-7c80cf621e20,418.103,418.104
wide-researcher-1785988129-243926603d8a,418.108,551.620
data-analyst-1785988052-c3f751047a6e,418.122,418.122
deep-researcher-1785988129-3f3fd82c4123,418.167,692.605
wide-researcher-1785988129-95478016345e,418.214,684.011
data-analyst-1785988032-6fa786a312d7,418.255,418.256
deep-researcher-1785988129-35a800beb134,418.274,654.419
data-analyst-1785988015-a47f696d953b,418.401,418.402
data-analyst-1785988043-dcf965a838fb,418.433,418.433
wide-researcher-1785988129-a1073b3a05d0,418.438,689.726
data-analyst-1785988052-d279ab0cae46,418.486,418.487
data-analyst-1785988046-42128c75316a,418.502,418.503
deep-researcher-1785988129-0b9f167dfbca,418.511,651.997
data-analyst-1785988052-23d0aecdef80,418.532,418.532
data-analyst-1785988044-2525fe14fd8b,418.548,418.549
data-analyst-1785988011-c3930dcd5d1c,418.632,418.632
wide-researcher-1785988129-dbf25e0123f3,418.769,580.486
data-analyst-1785988047-6391984a698c,418.784,418.784
deep-researcher-1785988129-322adab08b49,418.789,646.948
wide-researcher-1785988129-442d95e9813f,418.808,600.332
data-analyst-1785988044-d14f004e3619,418.840,418.840
data-analyst-1785988052-80528b9f1798,418.873,418.874
deep-researcher-1785988129-4f7935f76de2,418.934,692.794
data-analyst-1785988055-a404c0045325,418.939,418.940
wide-researcher-1785988129-864ecf38becb,418.954,587.348
data-analyst-1785988025-e70cdc298396,418.958,418.959
data-analyst-1785988036-5cd854425c19,418.991,418.992
deep-researcher-1785988130-5ba99e3c4e8d,419.062,551.064
data-analyst-1785988056-49d38b758be8,419.148,419.149
wide-researcher-1785988130-0a4bbc086b9f,419.157,676.479
data-analyst-1785988036-2f20d999573e,419.167,419.168
deep-researcher-1785988130-f96ee6e20d90,419.210,650.614
data-analyst-1785988055-0cee1a692a9f,419.231,419.231
wide-researcher-1785988130-4c83fdfcdc2d,419.240,678.483
data-analyst-1785988009-48246d9d8d8f,419.250,419.251
deep-researcher-1785988130-53528edbe7f2,419.259,647.464
wide-researcher-1785988130-96f1a39fc753,419.285,561.640
data-analyst-1785988049-b474c652ac7b,419.305,419.306
deep-researcher-1785988130-06019b467f39,419.388,638.592
wide-researcher-1785988130-f4c99f191cf3,419.428,673.675
data-analyst-1785988055-7868a1a24a31,419.509,419.509
data-analyst-1785988048-c7a388c0dd24,419.524,419.524
data-analyst-1785988046-6625b81776d3,419.554,419.554
deep-researcher-1785988130-38b3a82416b3,419.581,652.805
wide-researcher-1785988130-94b2ce804d86,419.612,646.679
data-analyst-1785988048-a0629c4b27fe,419.643,419.643
deep-researcher-1785988130-eda6318e05bb,419.663,636.264
wide-researcher-1785988130-5a81e5f2152d,419.727,681.212
data-analyst-1785988046-a103cbf19961,419.745,419.745
data-analyst-1785988046-b3f2f0396ce7,419.760,419.761
data-analyst-1785988058-328a88f75e1c,419.777,419.778
deep-researcher-1785988130-32289e15d215,419.786,682.752
data-analyst-1785988058-fcb49040a817,419.815,419.816
data-analyst-1785988057-cc655cd41ae2,419.834,419.835
data-analyst-1785988056-68c9df264c06,419.888,419.889
data-analyst-1785988057-1e333ede14fa,419.920,419.922
data-analyst-1785988023-b454008187e3,419.937,419.937
data-analyst-1785988056-bea5cdd3ece9,419.951,419.951
wide-researcher-1785988130-17bffe8c0b90,419.952,626.099
data-analyst-1785988052-e29df413a59e,419.985,419.986
data-analyst-1785988017-21eb463ed573,420.002,420.003
data-analyst-1785988058-466bc964b9cd,420.017,420.018
deep-researcher-1785988130-f429adc3137d,420.060,681.995
data-analyst-1785988014-d781aa3f0540,420.165,420.166
wide-researcher-1785988131-af3b7c4ffb10,420.209,657.810
data-analyst-1785988053-3711b5ffcc94,420.228,420.230
deep-researcher-1785988131-be902946c871,420.268,694.781
wide-researcher-1785988131-b1ebd9f783a4,420.289,656.012
deep-researcher-1785988131-864ff2f1165d,420.309,632.021
wide-researcher-1785988131-3cfc43514b9d,420.329,631.045
data-analyst-1785988046-e39ad75d7154,420.425,420.425
data-analyst-1785988049-139f3fd929ce,420.438,420.438
deep-researcher-1785988131-4a1bc51a5fe1,420.446,660.118
wide-researcher-1785988131-bb3f1513b49d,420.467,680.634
deep-researcher-1785988131-0ba793fe22be,420.541,634.075
data-analyst-1785988047-285c60367c00,420.561,420.562
wide-researcher-1785988131-b9cbb006fb35,420.580,629.471
data-analyst-1785988049-f0596efaa648,420.608,420.609
data-analyst-1785988014-cedf5b370acc,420.655,420.655
deep-researcher-1785988131-68dd555ce881,420.660,692.213
wide-researcher-1785988131-cc2b4e9d1cd8,420.722,626.292
deep-researcher-1785988131-0403d0ba2f80,420.781,647.275
data-analyst-1785988021-824c91f80acd,420.800,420.800
data-analyst-1785988002-343823f6428a,420.862,420.863
wide-researcher-1785988131-a96627b89ffc,420.899,635.496
data-analyst-1785988035-c505ecb3865d,420.926,420.927
data-analyst-1785988057-c3fdb0ba35b1,420.941,420.941
data-analyst-1785988041-cf01c3fa98a9,420.957,420.958
data-analyst-1785988017-9c5bd45dc89c,420.988,420.988
data-analyst-1785988021-f53411e82b78,421.030,421.031
deep-researcher-1785988131-ad5789f15438,421.049,693.261
data-analyst-1785988046-e3fd98d6bce2,421.078,421.079
data-analyst-1785988039-bd04c08811b3,421.093,421.093
wide-researcher-1785988132-45c4c318e4ac,421.106,658.723
data-analyst-1785988055-4d788a1ce1bc,421.110,421.110
deep-researcher-1785988132-296003486663,421.122,695.228
data-analyst-1785988056-6fe20b2a224a,421.123,421.127
data-analyst-1785988052-c733177c5507,421.141,421.142
wide-researcher-1785988132-862e56c6d4b2,421.159,573.034
data-analyst-1785988031-04c7d3f4149d,421.204,421.204
deep-researcher-1785988132-8eb91baadec0,421.292,662.908
data-analyst-1785988032-498e73c6372f,421.315,421.315
wide-researcher-1785988132-dddb8d4daa53,421.456,627.332
deep-researcher-1785988132-b3d8503dd964,421.476,626.242
wide-researcher-1785988132-c062ac0ff684,421.540,666.349
deep-researcher-1785988132-705ee8cbb162,421.578,673.320
wide-researcher-1785988132-b0ab6d399045,421.715,627.348
data-analyst-1785988043-8cdb4cbf2f9d,421.750,421.751
deep-researcher-1785988132-f26568224b36,421.759,674.674
data-analyst-1785988052-1bd3e0181f66,421.770,421.770
wide-researcher-1785988132-346f0a366c94,421.797,640.198
data-analyst-1785988055-d8d41f310110,421.873,421.874
data-analyst-1785988043-ec12fc521316,421.960,421.960
deep-researcher-1785988132-41b0874378b5,421.961,634.125
wide-researcher-1785988132-dbfad37badd5,421.983,667.932
data-analyst-1785988045-49e1ed6595e8,421.997,421.997
data-analyst-1785988022-08862d7225bb,422.013,422.013
deep-researcher-1785988133-f397e8ff278f,422.050,608.969
wide-researcher-1785988133-bbbae7b1c5af,422.093,655.645
deep-researcher-1785988133-27337389534d,422.131,627.230
wide-researcher-1785988133-3115432a6b05,422.214,691.903
deep-researcher-1785988133-a6c7e704662d,422.234,678.874
data-analyst-1785988060-bf241cd1f9b5,422.244,422.245
wide-researcher-1785988133-d174e22c453a,422.263,548.529
deep-researcher-1785988133-389946c8d593,422.291,674.408
data-analyst-1785988019-fa68bbfe6999,422.328,422.329
data-analyst-1785988046-d8f262202ab8,422.342,422.342
wide-researcher-1785988133-da0f335feb03,422.365,678.131
data-analyst-1785988067-b88b035a4a32,422.420,422.421
deep-researcher-1785988133-7fd197e31611,422.452,691.003
wide-researcher-1785988133-a796521bad4f,422.516,638.624
deep-researcher-1785988133-a2cac2fbd689,422.605,690.654
wide-researcher-1785988133-52b40cd1281e,422.624,666.155
deep-researcher-1785988133-1d877895ea11,422.668,602.101
wide-researcher-1785988133-875943da3df9,422.690,634.277
data-analyst-1785988045-cc900a557f62,422.709,422.710
data-analyst-1785988028-9644d3e184ec,422.753,422.754
data-analyst-1785988056-68f08e52f2b6,422.769,422.770
data-analyst-1785988054-eedd8e037bcb,422.783,422.783
deep-researcher-1785988133-8d28a86ded1a,422.796,599.227
data-analyst-1785988013-ef9856861956,422.796,422.796
data-analyst-1785988060-0aedb1115dc4,422.814,422.814
wide-researcher-1785988133-69cdf93f7af7,422.814,685.410
data-analyst-1785988051-ffb8e2b36fa3,422.891,422.892
deep-researcher-1785988133-ad5b1356233f,422.962,639.996
wide-researcher-1785988133-58b6e0aabc50,422.992,639.587
data-analyst-1785988060-bc7872394ec0,423.021,423.021
data-analyst-1785988028-028e4bd48ec6,423.049,423.049
deep-researcher-1785988134-e2766dcf1093,423.049,546.303
wide-researcher-1785988134-537548aa60ab,423.084,658.131
data-analyst-1785988036-66bc7704bd9f,423.158,423.159
deep-researcher-1785988134-40aa1d4b5be9,423.237,625.539
data-analyst-1785988049-25ce59a197e4,423.302,423.302
wide-researcher-1785988134-4f36eccade79,423.314,550.823
data-analyst-1785988020-e0085d1f8fc1,423.318,423.318
data-analyst-1785988049-9770dd1c211e,423.332,423.332
deep-researcher-1785988134-c985f52bba43,423.354,693.282
data-analyst-1785988056-3e11fadf327e,423.378,423.378
wide-researcher-1785988134-f62d36488bdd,423.454,683.439
deep-researcher-1785988134-4301cd93854c,423.471,653.202
data-analyst-1785988070-db5a87d8c41f,423.476,423.476
data-analyst-1785988042-14a1901241f0,423.554,423.555
data-analyst-1785988042-12151c0c7c05,423.569,423.569
data-analyst-1785988060-fb31f979ae2b,423.583,423.583
wide-researcher-1785988134-9c6ac6d78ffc,423.596,541.772
deep-researcher-1785988134-14388e7c3e1d,423.635,694.443
data-analyst-1785988046-8747fa62b835,423.666,423.667
wide-researcher-1785988134-54934ad666df,423.681,637.235
data-analyst-1785988052-94dba4a67b81,423.681,423.685
data-analyst-1785988015-55d82eda5f5b,423.698,423.699
deep-researcher-1785988134-36e30ae93659,423.727,644.495
data-analyst-1785988012-d82dd6ae488c,423.728,423.732
wide-researcher-1785988134-12cf999441f7,423.785,691.254
data-analyst-1785988036-c727d3d50f5b,423.799,423.799
deep-researcher-1785988134-141c5ba36627,423.804,694.875
wide-researcher-1785988134-f2e6c43f7f45,423.874,626.346
data-analyst-1785988051-bc05df1025d0,423.914,423.915
data-analyst-1785988038-6b2bcb8fac48,423.928,423.928
data-analyst-1785988070-4d21f9c4b6a4,423.943,423.943
data-analyst-1785988063-a51e3217bc3f,423.957,423.957
deep-researcher-1785988134-db8ac9b8cd69,423.961,690.494
data-analyst-1785988042-de87cdbc4f37,423.974,423.974
data-analyst-1785988070-a2426906165b,424.003,424.003
data-analyst-1785988043-2cf51da87f1d,424.018,424.018
wide-researcher-1785988135-478bba177330,424.062,651.069
deep-researcher-1785988135-52df0c850c09,424.110,635.417
wide-researcher-1785988135-6559ed0af806,424.128,667.192
data-analyst-1785988037-d84e833bf109,424.133,424.133
deep-researcher-1785988135-92e22c59de6e,424.146,640.097
wide-researcher-1785988135-d5728972851b,424.185,661.983
data-analyst-1785988063-3c69543400b0,424.198,424.198
deep-researcher-1785988135-1c157f1ea632,424.203,669.102
data-analyst-1785988063-303ae97028bf,424.217,424.218
data-analyst-1785988002-91081510f0df,424.246,424.247
data-analyst-1785988055-28bfd17ba543,424.278,424.278
data-analyst-1785988042-ef80f1c998bc,424.323,424.324
data-analyst-1785988016-f9d1cdb5bb48,424.338,424.338
data-analyst-1785988032-6760a32fdd07,424.368,424.368
data-analyst-1785988057-01408f0ea08a,424.381,424.382
data-analyst-1785988060-b8ea0d4f1628,424.396,424.397
data-analyst-1785988067-6721d9b0135d,424.439,424.440
data-analyst-1785988064-28bb6ed61088,424.453,424.453
data-analyst-1785988054-6a582473e8ea,424.466,424.466
wide-researcher-1785988135-5f8a31f86b33,424.484,685.085
deep-researcher-1785988135-d6da88dfd382,424.503,680.187
wide-researcher-1785988135-424efb9893be,424.559,676.953
data-analyst-1785988069-43fbd6f14362,424.569,424.570
deep-researcher-1785988135-1b0706ab3ea5,424.606,669.783
data-analyst-1785988071-1ed9381aa4b1,424.631,424.632
data-analyst-1785988057-d2d8dc91ba10,424.645,424.645
data-analyst-1785988060-ae4032709e81,424.658,424.658
data-analyst-1785988008-4868e297e871,424.732,424.733
wide-researcher-1785988135-abab92e7b77a,424.741,664.027
deep-researcher-1785988135-9cf1c63e43c8,424.796,566.394
wide-researcher-1785988135-6940e02c4675,424.814,633.340
data-analyst-1785988073-84439d5ff29a,424.833,424.833
deep-researcher-1785988135-d1c625a82228,424.837,692.963
data-analyst-1785988035-c5ff52809f6a,424.896,424.896
data-analyst-1785988072-d5c949c49fa2,424.910,424.910
wide-researcher-1785988135-904188e22955,424.975,658.669
deep-researcher-1785988136-4bad0b210b1a,424.994,645.960
data-analyst-1785988055-85944a504deb,425.005,425.006
data-analyst-1785988035-3a002097e822,425.020,425.020
wide-researcher-1785988136-7af4d6c83a84,425.042,569.016
deep-researcher-1785988136-6673f7f2cd9f,425.071,637.503
wide-researcher-1785988136-83d895653e28,425.112,656.818
data-analyst-1785988056-c07614f4dc8e,425.176,425.176
deep-researcher-1785988136-113a1ca6a954,425.188,694.361
wide-researcher-1785988136-9e87854646cd,425.236,677.204
deep-researcher-1785988136-e90fb19ca0d5,425.297,651.276
wide-researcher-1785988136-ab7276b3be6c,425.357,646.350
data-analyst-1785988021-029536723769,425.449,425.449
deep-researcher-1785988136-976ddfa3d035,425.467,694.891
wide-researcher-1785988136-e4b36d346803,425.538,651.357
deep-researcher-1785988136-eb3c219c7724,425.575,682.869
data-analyst-1785988054-500b98867e6f,425.593,425.593
data-analyst-1785988017-f071d1c4e26f,425.608,425.608
wide-researcher-1785988136-05b37c40249d,425.617,671.660
data-analyst-1785988067-3d5b6a1296bb,425.641,425.641
deep-researcher-1785988136-06e011cc92c7,425.646,693.575
data-analyst-1785988005-ff3d6cae3fbe,425.687,425.688
wide-researcher-1785988136-1601ca075aa8,425.697,691.178
data-analyst-1785988036-40544139bb49,425.706,425.707
deep-researcher-1785988136-bf4103d030a0,425.715,694.812
data-analyst-1785988045-b0d79a459fe1,425.724,425.725
data-analyst-1785988054-2ec1c1a6a6fd,425.738,425.738
data-analyst-1785988068-0b5e358e9a16,425.751,425.751
data-analyst-1785988067-e676c74e7820,425.764,425.764
wide-researcher-1785988136-c290a816ea18,425.836,624.117
deep-researcher-1785988136-5dc0c6f15734,426.000,648.506
wide-researcher-1785988137-59288dc04c1e,426.018,557.940
deep-researcher-1785988137-54956a113ef6,426.072,639.948
wide-researcher-1785988137-4f5f29679beb,426.113,684.711
data-analyst-1785988081-994672cc3c7d,426.133,523.168
data-analyst-1785988004-a598f85d44df,426.205,520.419
deep-researcher-1785988137-0d2865181195,426.241,641.280
wide-researcher-1785988137-623bbbfaec39,426.320,622.837
deep-researcher-1785988137-e95cd40edc4d,426.339,693.480
wide-researcher-1785988137-c891481559bf,426.357,650.551
deep-researcher-1785988137-74a18e1381aa,426.413,656.451
wide-researcher-1785988137-b136d2b9e697,426.479,573.147
deep-researcher-1785988137-688ed19a3ebf,426.497,666.863
wide-researcher-1785988137-c3a1ea69433f,426.589,630.871
deep-researcher-1785988137-13573f9cd333,426.619,682.013
data-analyst-1785988081-e46f92bbb3b6,426.648,549.931
wide-researcher-1785988137-315a95e315e9,426.657,635.791
deep-researcher-1785988137-e2ebe5fb5c13,426.702,667.731
wide-researcher-1785988137-1c24525a97ea,426.761,653.981
deep-researcher-1785988137-6eee37b91c82,426.813,600.948
wide-researcher-1785988137-aead83924d78,426.866,648.701
deep-researcher-1785988137-670d6b02a58f,426.963,626.276
wide-researcher-1785988138-fa684130793c,426.982,675.364
deep-researcher-1785988138-53da6f8740ac,427.087,690.774
wide-researcher-1785988138-fceadd8730f4,427.152,662.539
data-analyst-1785988060-d1be2c6c6efe,427.178,427.178
data-analyst-1785988073-097fdbedc078,427.193,427.193
deep-researcher-1785988138-0544bece1ea5,427.201,622.572
data-analyst-1785988067-e915bd5fc15f,427.206,427.206
data-analyst-1785988022-33bb48af3a43,427.220,427.220
wide-researcher-1785988138-95016838afe2,427.279,674.217
data-analyst-1785988081-f1d9a665a254,427.298,533.671
deep-researcher-1785988138-0c26a6cd43ae,427.343,650.662
data-analyst-1785988081-9ae9a6e0edfe,427.375,516.864
data-analyst-1785988060-6fda50dd0e6d,427.452,427.452
wide-researcher-1785988138-5134021572ec,427.456,665.125
deep-researcher-1785988138-d1c8406870f6,427.494,642.018
wide-researcher-1785988138-94d492b15e3d,427.526,638.330
deep-researcher-1785988138-2d9c4d3ae521,427.590,655.921
wide-researcher-1785988138-be3a75f1c54f,427.619,629.040
deep-researcher-1785988138-4c6a2d7e32c4,427.746,695.508
data-analyst-1785988052-6b1fc07e8a8c,427.758,529.256
data-analyst-1785988046-02271e646cab,427.771,523.017
wide-researcher-1785988138-22aa910a9782,427.822,679.813
deep-researcher-1785988138-43bdce7b9c76,427.840,694.859
wide-researcher-1785988138-298499653958,427.874,546.052
deep-researcher-1785988139-654c2e3baba0,427.918,561.769
wide-researcher-1785988139-0bc384e4968a,427.985,630.686
deep-researcher-1785988139-ec9ac0279c9f,428.016,673.368
wide-researcher-1785988139-e9cc5a664542,428.095,684.855
deep-researcher-1785988139-0eecdf690d87,428.204,692.946
data-analyst-1785988065-007893e75256,428.255,428.256
wide-researcher-1785988139-e954099ef0f7,428.273,639.171
deep-researcher-1785988139-84c623f2b5a4,428.301,692.229
wide-researcher-1785988139-dc5266c8f650,428.320,535.009
deep-researcher-1785988139-d1bb13bb6975,428.377,656.801
data-analyst-1785988028-7116ff2e57aa,428.384,428.384
wide-researcher-1785988139-61a8ff674982,428.471,683.580
deep-researcher-1785988139-5064dff3bce4,428.499,676.858
data-analyst-1785988032-555e869b0029,428.597,428.598
wide-researcher-1785988139-1b4f1e77f486,428.635,682.935
deep-researcher-1785988139-d7234d8da97c,428.664,682.654
wide-researcher-1785988139-a697f7d96b04,428.725,664.890
deep-researcher-1785988139-1ffdb3f05c93,428.773,669.416
data-analyst-1785988046-463028e88448,428.821,428.821
data-analyst-1785988063-114349bdd485,428.850,428.850
data-analyst-1785988072-c5f9347f1656,428.864,428.864
wide-researcher-1785988139-dc6d6a65e622,428.965,666.842
deep-researcher-1785988139-fe137a0f5576,429.004,627.666
wide-researcher-1785988140-55749d9ebf4f,429.023,636.861
deep-researcher-1785988140-ec2075cd73d4,429.102,692.059
wide-researcher-1785988140-598ebce7b701,429.270,694.004
deep-researcher-1785988140-ec88b990e4f9,429.325,629.433
wide-researcher-1785988140-9b3b38ca21ca,429.353,685.119
deep-researcher-1785988140-ae79d8eec87a,429.373,689.385
wide-researcher-1785988140-a02a87a017c7,429.391,694.080
deep-researcher-1785988140-cee7c7fb7854,429.439,643.984
wide-researcher-1785988140-b0018189684b,429.512,639.493
deep-researcher-1785988140-a7c8bc9a169c,429.618,552.415
data-analyst-1785988032-8635d272baa1,429.637,429.638
wide-researcher-1785988140-4e8d77887703,429.646,692.259
deep-researcher-1785988140-7447d80e92f2,429.674,642.055
wide-researcher-1785988140-926c3f28d978,429.714,663.669
deep-researcher-1785988140-daa0d348a844,429.749,695.166
data-analyst-1785988077-fced9e4fc8b2,429.784,429.784
wide-researcher-1785988140-f453bf5ef7c1,429.784,653.645
deep-researcher-1785988140-e031e03338c8,429.816,644.574
wide-researcher-1785988140-ea027e05852f,429.835,626.491
deep-researcher-1785988140-87c701aa3d0e,429.898,630.705
wide-researcher-1785988141-a4364a97b75c,430.021,667.669
deep-researcher-1785988141-60b9b80dba28,430.049,680.386
data-analyst-1785988060-9f4a87d0f7a6,430.078,430.078
wide-researcher-1785988141-d517b44e0c5c,430.143,680.494
deep-researcher-1785988141-356e1ac87316,430.182,634.418
wide-researcher-1785988141-dcc2cc643c4c,430.235,635.396
deep-researcher-1785988141-6dde07842d5f,430.259,601.256
data-analyst-1785988006-d153da76f7f6,430.286,430.286
wide-researcher-1785988141-54f1aeb65f33,430.290,622.360
deep-researcher-1785988141-458a230c8c59,430.366,695.258
wide-researcher-1785988141-1de06d7a897a,430.468,624.166
deep-researcher-1785988141-81b9db75bc47,430.520,693.728
wide-researcher-1785988141-00782eaa7c7e,430.540,683.706
deep-researcher-1785988141-41fcca1d3277,430.559,658.264
data-analyst-1785988079-6fdafd36496b,430.605,524.458
wide-researcher-1785988141-833f046aa4e8,430.618,694.971
deep-researcher-1785988141-c58b1c1fa4fe,430.648,668.609
data-analyst-1785988021-cdc5ded1ccbf,430.695,524.553
wide-researcher-1785988141-7007b1c8ce55,430.777,630.525
deep-researcher-1785988141-a0e6b27521a3,430.840,685.188
wide-researcher-1785988141-6be5c57b0155,430.870,681.275
deep-researcher-1785988142-70bc7a88f667,430.910,619.141
wide-researcher-1785988142-6bdb29289440,430.951,627.412
deep-researcher-1785988142-4f9c72f22d93,431.029,662.568
wide-researcher-1785988142-1194154ec417,431.077,651.415
deep-researcher-1785988142-8e2e14a8c9b5,431.115,651.788
wide-researcher-1785988142-2e0f47475a0f,431.164,644.130
deep-researcher-1785988142-4eff8598121e,431.193,677.733
data-analyst-1785988084-015d73a59e8c,431.251,535.555
wide-researcher-1785988142-1bd70ec82d65,431.307,653.934
deep-researcher-1785988142-9eaf2a318f6a,431.349,682.389
wide-researcher-1785988142-5ed6094ea01b,431.407,655.449
deep-researcher-1785988142-a4f73d73ff87,431.491,694.923
wide-researcher-1785988142-0b5ce992564d,431.523,592.182
deep-researcher-1785988142-25ee230484e4,431.556,666.696
data-analyst-1785988072-4a58f2cfc913,431.595,431.596
data-analyst-1785988075-924c8007729a,431.612,431.612
wide-researcher-1785988142-2ab9772e1186,431.651,628.993
deep-researcher-1785988142-865cc3713c1b,431.691,622.912
wide-researcher-1785988142-7afef087b8b0,431.748,625.392
deep-researcher-1785988142-0df3aed25894,431.882,555.755
wide-researcher-1785988142-c57c746c3e93,431.976,654.888
data-analyst-1785988037-608d9af806b2,432.013,432.013
deep-researcher-1785988143-6d6933d4360a,432.021,695.558
wide-researcher-1785988143-38dbfa454f10,432.065,659.719
data-analyst-1785988084-a0f1d46ca25b,432.111,519.232
deep-researcher-1785988143-9d5242fd72e9,432.116,645.732
wide-researcher-1785988143-5e24eba5d0bf,432.139,628.616
deep-researcher-1785988143-b95434165235,432.286,673.738
wide-researcher-1785988143-27f3d8b81634,432.349,669.315
deep-researcher-1785988143-eb3cb605edde,432.382,694.425
wide-researcher-1785988143-c7f338753438,432.422,611.069
deep-researcher-1785988143-1c63bfdc34d5,432.448,654.616
data-analyst-1785988077-9b68c39135f0,432.535,432.535
wide-researcher-1785988143-1477d352609b,432.585,657.868
deep-researcher-1785988143-7acac3ffccfe,432.628,678.295
wide-researcher-1785988143-3e8fd05cb564,432.712,677.081
deep-researcher-1785988143-df08e1a88fca,432.826,694.229
wide-researcher-1785988143-e626ca5e41e5,432.854,625.734
deep-researcher-1785988144-57abdf37c606,432.901,694.633
wide-researcher-1785988144-dbc070e42fa6,432.930,685.220
deep-researcher-1785988144-52b51ae4e22c,432.970,659.833
wide-researcher-1785988144-0f6b5733aa02,433.009,581.260
deep-researcher-1785988144-e59c088b2d80,433.047,629.080
wide-researcher-1785988144-2d7dc4c55f40,433.076,633.927
deep-researcher-1785988144-e59de7736249,433.157,586.625
data-analyst-1785988052-c544a977eda0,433.171,529.038
wide-researcher-1785988144-be014a0704a7,433.197,585.216
deep-researcher-1785988144-fcbd85fb7f5a,433.226,594.162
wide-researcher-1785988144-4c1af1e23764,433.270,540.169
deep-researcher-1785988144-76c2b39a7448,433.316,623.147
data-analyst-1785988055-fb455e2f6f79,433.359,433.359
wide-researcher-1785988144-96f53dbb4146,433.403,646.090
data-analyst-1785988072-b0017664a102,433.413,433.414
deep-researcher-1785988144-d911c551cb77,433.489,695.010
wide-researcher-1785988144-9879f8af16a3,433.538,632.774
data-analyst-1785988081-2909ee7914e6,433.556,524.488
deep-researcher-1785988144-e788d70d5b53,433.570,651.642
wide-researcher-1785988144-a6dbaa81b7dd,433.629,647.959
data-analyst-1785988079-14b946cc6d70,433.853,433.854
deep-researcher-1785988144-e8a13a54bbe5,433.869,639.779
wide-researcher-1785988144-fbf0590ec603,433.890,640.400
deep-researcher-1785988145-e193554afee4,433.919,625.807
wide-researcher-1785988145-057e361961d0,434.051,668.196
deep-researcher-1785988145-a8f039392f4e,434.091,601.584
wide-researcher-1785988145-7148e08d00ff,434.139,656.752
deep-researcher-1785988145-4e96c044856f,434.174,691.397
wide-researcher-1785988145-2eb353910c5a,434.210,674.849
deep-researcher-1785988145-9fb054329f81,434.232,668.792
wide-researcher-1785988145-41b335c4c543,434.337,674.503
deep-researcher-1785988145-584209cd7ab3,434.364,628.508
wide-researcher-1785988145-5c6f32bcd210,434.411,627.076
deep-researcher-1785988145-6026335dc1ca,434.430,674.374
data-analyst-1785988072-811c40929f3b,434.464,590.288
wide-researcher-1785988145-5045e909625a,434.524,683.312
data-analyst-1785988031-d6e772934e6e,434.542,434.542
deep-researcher-1785988145-bb4b29a79a91,434.551,670.372
wide-researcher-1785988145-899d44a6cdb0,434.586,672.903
deep-researcher-1785988145-21d2717f582f,434.664,694.592
data-analyst-1785988042-f81a51e73a23,434.674,434.675
wide-researcher-1785988145-73bc907b53fd,434.711,662.186
deep-researcher-1785988145-e661d613059d,434.772,694.844
wide-researcher-1785988145-af4febb1b161,434.834,676.985
data-analyst-1785988079-b7485eb29d15,434.834,519.103
deep-researcher-1785988145-28fbd6ed3a2e,434.901,694.551
data-analyst-1785988010-f1d5980bee0a,434.939,434.940
wide-researcher-1785988146-d356ef5aebf1,435.002,675.123
deep-researcher-1785988146-15b5f6125ea7,435.062,628.071
wide-researcher-1785988146-ac6392a46274,435.093,630.615
deep-researcher-1785988146-2af1600c4acf,435.144,645.683
wide-researcher-1785988146-d9b518e4aea4,435.163,643.439
deep-researcher-1785988146-28b5653a481f,435.297,650.694
wide-researcher-1785988146-52547439320e,435.393,641.244
deep-researcher-1785988146-5bbb5ec5503a,435.421,625.616
wide-researcher-1785988146-cd3f19a782cf,435.451,659.049
data-analyst-1785988056-ce7c1f155a71,435.544,527.917
deep-researcher-1785988146-1670f99b15de,435.561,693.367
data-analyst-1785988039-3c51bcf8651c,435.590,538.272
wide-researcher-1785988146-1e17ddd2528c,435.643,684.647
deep-researcher-1785988146-9afb6c18efc7,435.694,657.747
wide-researcher-1785988146-eb4d0d949382,435.720,653.396
deep-researcher-1785988146-f3da887b7bef,435.738,629.452
wide-researcher-1785988146-cc62985f57c4,435.824,656.043
deep-researcher-1785988146-e611085e4fce,435.884,653.364
wide-researcher-1785988146-62cc80eeb7b8,435.942,693.347
data-analyst-1785988086-24175ed94032,436.015,530.939
deep-researcher-1785988147-819729788f25,436.016,659.870
wide-researcher-1785988147-c109227882d5,436.040,693.240
deep-researcher-1785988147-ec127e895530,436.067,665.245
wide-researcher-1785988147-f806933a86f5,436.097,680.043
deep-researcher-1785988147-7cd5279b27cc,436.171,652.176
wide-researcher-1785988147-49f64ea1bec3,436.228,682.367
deep-researcher-1785988147-8ae228b2977b,436.291,694.669
wide-researcher-1785988147-407aec1fb751,436.331,658.044
data-analyst-1785988034-ce89cb973df0,436.342,436.343
deep-researcher-1785988147-d4ac46d4ee99,436.351,690.813
data-analyst-1785988031-720ca65d00c1,436.470,436.470
wide-researcher-1785988147-b7efd442c1ed,436.502,674.085
deep-researcher-1785988147-dd8f5dc1adc3,436.562,625.467
wide-researcher-1785988147-d877177c02c0,436.651,692.375
deep-researcher-1785988147-c82df4ed9ba3,436.678,639.000
wide-researcher-1785988147-aa86f83431d6,436.842,639.841
deep-researcher-1785988147-a99bea31e53a,436.892,691.674
wide-researcher-1785988148-27e02138686c,436.919,626.133
deep-researcher-1785988148-ac7b5efccdfa,436.941,641.026
wide-researcher-1785988148-f8d1f1a13c36,437.201,564.197
deep-researcher-1785988148-f5c43937a6bd,437.239,695.476
wide-researcher-1785988148-e74d0f7bfc4b,437.331,630.598
deep-researcher-1785988148-2f8e0cb2d208,437.367,569.282
wide-researcher-1785988148-7b27e1d8a6a5,437.427,654.102
data-analyst-1785988077-4d0c1ec69452,437.442,437.442
deep-researcher-1785988148-3d6ae3ff365d,437.460,641.402
wide-researcher-1785988148-9ed35024b7cb,437.536,623.273
deep-researcher-1785988148-149e9f781983,437.578,654.562
wide-researcher-1785988148-c43f822d25df,437.609,690.458
data-analyst-1785988060-2d5e79de580f,437.619,437.620
deep-researcher-1785988148-1d307e1d54cc,437.688,660.162
wide-researcher-1785988148-32d551a5c2cb,437.736,649.167
deep-researcher-1785988148-80a749df202d,437.761,656.609
data-analyst-1785988087-27d4f47386f3,437.777,526.140
wide-researcher-1785988148-ba13ffca60ba,437.794,691.117
deep-researcher-1785988148-080bbc62205e,437.905,693.878
wide-researcher-1785988148-3d09ae464034,438.029,692.621
deep-researcher-1785988149-63490ec9750c,438.075,631.197
wide-researcher-1785988149-28d41c960973,438.165,587.289
deep-researcher-1785988149-91742d0343c3,438.191,645.266
data-analyst-1785988087-059b4f2a2210,438.242,520.695
wide-researcher-1785988149-e815e7a1a59a,438.298,555.046
deep-researcher-1785988149-27ad0747e31b,438.347,645.055
wide-researcher-1785988149-4aae6675e663,438.414,590.930
data-analyst-1785988075-ea41d7c8c6d3,438.427,438.428
deep-researcher-1785988149-821bc62c4023,438.454,693.387
wide-researcher-1785988149-e183689bfa88,438.471,691.829
data-analyst-1785988014-f4bc63c97e3f,438.476,438.476
deep-researcher-1785988149-4ec9d9ed6b57,438.581,664.997
wide-researcher-1785988149-0d572df72d0a,438.666,632.434
data-analyst-1785988051-f56ff53e3037,438.698,438.699
deep-researcher-1785988149-31ff4352db1a,438.712,695.304
data-analyst-1785988077-5a19f0bd9684,438.716,438.716
wide-researcher-1785988149-8f7705fbc733,438.758,684.663
deep-researcher-1785988149-ed51d1076a2a,438.843,648.054
wide-researcher-1785988149-835fbb850136,438.883,668.549
deep-researcher-1785988150-0b3162a9dcd4,438.932,679.400
data-analyst-1785988058-44d47cc4911f,438.995,518.498
wide-researcher-1785988150-0124db645833,439.014,652.217
deep-researcher-1785988150-ef333414936c,439.094,656.929
wide-researcher-1785988150-6ce85285edc7,439.124,673.401
data-analyst-1785988063-4b80253f54ed,439.249,522.390
deep-researcher-1785988150-7b8acfec1b77,439.262,622.160
data-analyst-1785988088-25f419c3aba8,439.289,517.106
wide-researcher-1785988150-5b2c65ded77b,439.306,557.084
deep-researcher-1785988150-638e87748d76,439.324,642.793
wide-researcher-1785988150-79ce86069ffe,439.362,635.559
data-analyst-1785988088-0e793c47d3dc,439.395,538.169
deep-researcher-1785988150-9a4ff2e35512,439.423,691.622
data-analyst-1785988079-dabbaf1babeb,439.463,537.453
data-analyst-1785988081-af7343217f1b,439.482,439.482
wide-researcher-1785988150-d8713ca3bee8,439.537,646.331
deep-researcher-1785988150-0e53820894bf,439.590,578.611
wide-researcher-1785988150-8919ff2794a0,439.651,641.831
deep-researcher-1785988150-e1321deafa87,439.680,593.482
wide-researcher-1785988150-64f8748f6772,439.806,587.935
deep-researcher-1785988150-c67ea857403a,439.856,680.433
wide-researcher-1785988150-6aa5abdf9240,439.952,682.492
deep-researcher-1785988151-7828210bebed,439.975,682.470
wide-researcher-1785988151-ff3572040413,440.088,624.009
data-analyst-1785988056-8400b7083791,440.099,440.099
deep-researcher-1785988151-d082e5b14caf,440.170,551.898
wide-researcher-1785988151-dc09a6449934,440.224,637.550
deep-researcher-1785988151-c923671eda87,440.271,675.859
data-analyst-1785988046-607ed24c6b22,440.327,440.328
data-analyst-1785988072-7cfc12025719,440.343,440.343
wide-researcher-1785988151-b23ed3ddd776,440.347,668.485
deep-researcher-1785988151-649179df3c84,440.385,681.886
wide-researcher-1785988151-d62755d4399c,440.404,645.492
deep-researcher-1785988151-26387f7e65ff,440.441,678.769
wide-researcher-1785988151-7bd5dec0b95a,440.477,637.915
data-analyst-1785988081-18cca53a46be,440.492,440.492
deep-researcher-1785988151-1f9d5a2c57b3,440.516,683.632
wide-researcher-1785988151-03791a0c5e0e,440.608,626.607
deep-researcher-1785988151-edfd9bff3010,440.641,695.493
wide-researcher-1785988151-4f7bb1a8bbb7,440.777,631.966
deep-researcher-1785988151-248d4948846e,440.816,665.093
wide-researcher-1785988151-e7532e747f6e,440.835,604.124
deep-researcher-1785988151-76e1683c28b8,440.878,636.717
wide-researcher-1785988152-c7f90d11a0d9,440.924,659.737
deep-researcher-1785988152-32d10d7baf9d,440.943,543.260
wide-researcher-1785988152-04f1d65f3861,441.039,675.209
deep-researcher-1785988152-5c942b9c1e16,441.094,692.197
wide-researcher-1785988152-4ada563eb8a9,441.114,662.448
data-analyst-1785988076-7efd0f94bf1e,441.198,441.198
deep-researcher-1785988152-61e6d220ea48,441.311,644.946
data-analyst-1785988089-eaee7394b2f1,441.337,527.992
data-analyst-1785988007-4d117f078859,441.369,441.369
wide-researcher-1785988152-cbcf29ccf6bf,441.439,637.379
deep-researcher-1785988152-8abfe82dfca3,441.478,633.235
wide-researcher-1785988152-d883e523d3aa,441.496,691.542
deep-researcher-1785988152-3d4b79e6f039,441.525,651.897
wide-researcher-1785988152-f679c43cac31,441.553,582.732
deep-researcher-1785988152-84565fb7b7a1,441.598,628.038
data-analyst-1785988067-8301d337b64c,441.667,441.668
wide-researcher-1785988152-2ca884ddce13,441.680,675.022
data-analyst-1785988056-46801b3fa0b6,441.699,441.700
deep-researcher-1785988152-7f2dbefda7ae,441.724,695.333
data-analyst-1785988047-de1f618f37c6,441.733,441.733
wide-researcher-1785988152-7ed9244717b4,441.780,680.461
deep-researcher-1785988152-ab185ba92288,441.863,680.063
wide-researcher-1785988152-ce61eaf9f5b5,441.891,633.164
deep-researcher-1785988153-5bcb63f11c59,441.953,692.852
wide-researcher-1785988153-080323f0f535,441.998,684.056
deep-researcher-1785988153-2b2550a6a9de,442.078,694.459
wide-researcher-1785988153-ff4b30e21cae,442.117,580.396
deep-researcher-1785988153-a5a4b9b235d6,442.154,647.155
data-analyst-1785988067-60a06e7da6ea,442.171,442.172
wide-researcher-1785988153-71e80edf002a,442.254,659.128
deep-researcher-1785988153-ccec4169bf64,442.282,615.537
wide-researcher-1785988153-3b75a60ced09,442.322,675.558
data-analyst-1785988088-4f5833c76731,442.336,523.990
deep-researcher-1785988153-04204885b216,442.341,570.342
wide-researcher-1785988153-d80556b9f59f,442.362,673.055
deep-researcher-1785988153-43cff9601dac,442.449,644.212
wide-researcher-1785988153-aa1a73c57682,442.523,675.609
deep-researcher-1785988153-e1d7d9d51d5c,442.549,694.022
wide-researcher-1785988153-5708b34d6b13,442.606,622.329
deep-researcher-1785988153-5e4e718dce37,442.625,568.678
wide-researcher-1785988153-c201a5e5decc,442.725,653.803
deep-researcher-1785988153-49367a05df44,442.945,624.576
wide-researcher-1785988153-d2cc4ad818e9,442.995,677.117
deep-researcher-1785988154-734e9d38e316,443.014,636.392
wide-researcher-1785988154-0f3677666d4f,443.062,676.825
data-analyst-1785988058-fcd5b37b624e,443.124,443.124
deep-researcher-1785988154-2923da609db3,443.205,645.846
data-analyst-1785988090-b60912f5e996,443.215,535.570
wide-researcher-1785988154-2bbdd8224a71,443.244,640.218
deep-researcher-1785988154-ff83c8dd2866,443.279,685.203
wide-researcher-1785988154-fee8d5b1b4e9,443.299,679.416
deep-researcher-1785988154-cc436f71afa0,443.410,693.495
wide-researcher-1785988154-2839eb228421,443.516,691.656
data-analyst-1785988044-958c84f80838,443.530,443.531
deep-researcher-1785988154-f0765a7abe06,443.616,694.475
data-analyst-1785988074-e8312789fb1c,443.635,443.635
data-analyst-1785988072-e32790cc2883,443.649,443.649
wide-researcher-1785988154-f8fc1c09a668,443.657,677.577
deep-researcher-1785988154-c9e39b0069f1,443.758,623.829
data-analyst-1785988067-56e8d47ce57a,443.771,443.772
wide-researcher-1785988154-b6d0e60e0de5,443.796,635.579
deep-researcher-1785988154-c0d330a1bab0,443.849,660.645
data-analyst-1785988077-f01b6849f6fa,443.858,443.859
wide-researcher-1785988154-d330111da179,443.868,645.440
data-analyst-1785988067-68b19b187461,443.877,443.877
deep-researcher-1785988155-a53e836d3124,443.958,638.920
data-analyst-1785988056-e8bcb19b3e3d,444.025,444.026
wide-researcher-1785988155-a29b8e99b9f2,444.063,684.838
deep-researcher-1785988155-07faea447cdb,444.119,639.458
data-analyst-1785988080-41a4968f04cf,444.203,518.727
wide-researcher-1785988155-707876c7c7c4,444.212,628.227
data-analyst-1785988084-aa51856f43f1,444.322,517.278
deep-researcher-1785988155-8885b2fcb594,444.385,646.964
wide-researcher-1785988155-d072cf61dd92,444.471,677.818
deep-researcher-1785988155-d4d144d09d7b,444.499,679.512
wide-researcher-1785988155-c3d8ef60572e,444.519,650.901
deep-researcher-1785988155-8fef5f81386d,444.575,641.439
wide-researcher-1785988155-07dbfe2658fb,444.717,681.439
deep-researcher-1785988155-5f67a585fb83,444.762,628.434
wide-researcher-1785988155-a189620818d8,444.797,692.274
deep-researcher-1785988155-5a663fe52f3a,444.819,662.776
wide-researcher-1785988155-cd242f1b50e1,444.914,618.955
data-analyst-1785988031-0ea30ba63320,444.940,522.539
deep-researcher-1785988155-fe5d0dd2565e,444.964,678.967
wide-researcher-1785988156-3587a42efa13,445.003,666.315
deep-researcher-1785988156-c64f82a42e21,445.033,691.606
wide-researcher-1785988156-608fdf7c2106,445.100,641.347
deep-researcher-1785988156-c200995d8f29,445.130,627.911
wide-researcher-1785988156-f77892a11d30,445.169,668.141
deep-researcher-1785988156-e3cd7fd71beb,445.244,651.881
data-analyst-1785988048-a60b24486db1,445.271,445.271
wide-researcher-1785988156-4c1fef569026,445.275,660.432
data-analyst-1785988056-be6fc6f7ca85,445.288,445.289
deep-researcher-1785988156-a8ff578e4384,445.370,648.358
data-analyst-1785988035-be4d93670ba4,445.438,445.439
data-analyst-1785988078-d8566337c880,445.451,445.452
wide-researcher-1785988156-bef500eecfa2,445.469,658.876
deep-researcher-1785988156-f7380d339d9f,445.533,695.289
wide-researcher-1785988156-80b0e2fa78d9,445.571,632.936
deep-researcher-1785988156-8f1a40c10540,445.630,645.129
wide-researcher-1785988156-1d7af4985bc0,445.653,691.996
deep-researcher-1785988156-d7f5f8f6ee42,445.725,691.865
wide-researcher-1785988156-303fb26033d7,445.860,662.760
deep-researcher-1785988156-8afffc50d0b4,445.900,642.673
wide-researcher-1785988157-206bad70bfec,445.971,646.424
deep-researcher-1785988157-f77f7dcd00ff,445.991,695.396
wide-researcher-1785988157-b7b8e1a23707,446.021,643.855
data-analyst-1785988091-8243b9888eb5,446.026,626.328
data-analyst-1785988055-bd88f5ac8c12,446.144,446.144
deep-researcher-1785988157-c702ac58f67f,446.225,695.111
wide-researcher-1785988157-fc6a6d7caf10,446.302,648.138
deep-researcher-1785988157-40d320a504a6,446.322,693.931
wide-researcher-1785988157-eae1c68ab9af,446.397,667.553
deep-researcher-1785988157-0175bc6bde06,446.475,660.740
wide-researcher-1785988157-e784707e02ec,446.515,684.548
deep-researcher-1785988157-c98f7bf8047b,446.548,593.609
wide-researcher-1785988157-2c95fe928d03,446.592,679.122
deep-researcher-1785988157-8484cf63bd89,446.621,692.573
wide-researcher-1785988157-09ade906ee47,446.647,630.912
data-analyst-1785988072-6eb143b9e2c7,446.661,446.661
deep-researcher-1785988157-9fa75f2d5033,446.694,642.640
wide-researcher-1785988157-ce1dff894eb5,446.760,673.714
deep-researcher-1785988157-c41147da49c0,446.790,666.647
wide-researcher-1785988157-a768f49e9f8a,446.819,647.012
deep-researcher-1785988157-7bebc17c59dd,446.849,692.541
wide-researcher-1785988157-db5e3b4fbece,446.918,658.860
deep-researcher-1785988158-c923de0da24f,446.974,646.293
wide-researcher-1785988158-14ea42f1a4e9,447.049,651.867
deep-researcher-1785988158-dbfa1a723798,447.154,692.654
wide-researcher-1785988158-16caa929a1d2,447.234,663.806
deep-researcher-1785988158-0f209dad955f,447.402,670.625
data-analyst-1785988032-cb435550b8ba,447.411,529.611
data-analyst-1785988037-0a294ebe3a30,447.447,518.048
wide-researcher-1785988158-0a9e623f6505,447.447,647.647
data-analyst-1785988052-b83c141a6d70,447.465,519.219
deep-researcher-1785988158-a0f0df4b01b6,447.475,640.481
data-analyst-1785988033-905977e1e179,447.495,447.495
wide-researcher-1785988158-13d3822fc883,447.514,625.114
deep-researcher-1785988158-80086b22ef54,447.542,651.619
data-analyst-1785988038-f824c7548c49,447.579,447.580
wide-researcher-1785988158-7fc6c9083a7a,447.598,657.682
deep-researcher-1785988158-32656c906f7f,447.747,647.171
data-analyst-1785988056-daf9ed27cb2a,447.774,447.775
wide-researcher-1785988158-a54f6a5c09bf,447.814,695.153
deep-researcher-1785988158-9905ac070942,447.838,572.861
data-analyst-1785988086-28aa2f941752,447.843,447.843
wide-researcher-1785988158-c9e967f00b4e,447.887,675.669
deep-researcher-1785988159-7742f3d56119,447.915,662.062
wide-researcher-1785988159-2a3273fe184b,447.979,650.415
deep-researcher-1785988159-d09d7fe9b358,448.032,675.976
wide-researcher-1785988159-b567c5b03ed5,448.052,629.992
data-analyst-1785988078-f93c595c6082,448.114,448.114
deep-researcher-1785988159-bbc9db870b9a,448.131,671.012
wide-researcher-1785988159-06a7c4431d5b,448.163,650.535
deep-researcher-1785988159-f69ba11cac6d,448.190,695.428
wide-researcher-1785988159-4e9c7a212b0b,448.208,653.965
data-analyst-1785988041-be2d41208eb3,448.212,448.212
deep-researcher-1785988159-79928882502a,448.283,627.635
wide-researcher-1785988159-d16d0aceeff2,448.329,662.206
deep-researcher-1785988159-05cd395e6697,448.364,693.895
wide-researcher-1785988159-66f848136ff7,448.426,627.943
deep-researcher-1785988159-3a8bda73af43,448.464,684.984
wide-researcher-1785988159-2fa7d121854b,448.491,660.102
deep-researcher-1785988159-50febef42733,448.551,643.569
wide-researcher-1785988159-21f206d8f9a2,448.570,694.208
deep-researcher-1785988159-3a45f2c1a462,448.599,672.131
wide-researcher-1785988159-d9e1aa4902fa,448.628,576.118
data-analyst-1785988092-590f63b7ac6f,448.662,532.784
deep-researcher-1785988159-d85d6d1b6308,448.667,641.794
data-analyst-1785988092-019882964d75,448.679,517.808
wide-researcher-1785988159-0e16ea5f28bd,448.739,646.734
deep-researcher-1785988159-bb0a86882a3d,448.778,666.057
wide-researcher-1785988159-fa6d79ec49a9,448.856,683.877
deep-researcher-1785988159-c8cc870f427d,448.954,683.291
wide-researcher-1785988160-1d0137b7d7ec,449.014,656.891
deep-researcher-1785988160-c36e5030e8ed,449.054,657.915
data-analyst-1785988083-be0cd47bc954,449.095,449.095
data-analyst-1785988078-72c9c8cf5e0b,449.108,449.109
wide-researcher-1785988160-6d8f7641cec9,449.113,628.403
data-analyst-1785988080-fc73366bcc39,449.126,449.126
deep-researcher-1785988160-978070eefe60,449.248,632.132
wide-researcher-1785988160-ffe4e226c1da,449.266,563.803
deep-researcher-1785988160-7624c1e1de89,449.320,632.482
wide-researcher-1785988160-33de736180bf,449.351,661.753
deep-researcher-1785988160-bffa22e91ee4,449.495,649.555
wide-researcher-1785988160-73a85315d86b,449.528,582.982
deep-researcher-1785988160-95237385cd6b,449.560,651.027
wide-researcher-1785988160-a2e17efdba15,449.652,660.131
deep-researcher-1785988160-ec63af021319,449.680,633.144
wide-researcher-1785988160-63c3a033bfc7,449.718,683.250
deep-researcher-1785988160-6359e5152ea6,449.787,694.572
wide-researcher-1785988160-8500da426f65,449.878,693.181
deep-researcher-1785988160-dac4b6a04e65,449.935,692.160
wide-researcher-1785988161-1b94f75efd45,449.984,657.963
deep-researcher-1785988161-6e9420135941,450.013,639.855
data-analyst-1785988093-21e3d928de8d,450.026,524.348
wide-researcher-1785988161-f53ad9ce6d78,450.072,648.036
deep-researcher-1785988161-3e3abb5a26ed,450.110,692.686
wide-researcher-1785988161-e068e65f80e9,450.172,663.293
data-analyst-1785988064-39bad7bb72da,450.186,450.187
deep-researcher-1785988161-bd151d5bc9e1,450.211,623.355
data-analyst-1785988023-49dfbabefa02,450.219,517.217
wide-researcher-1785988161-b2cfb83feda9,450.242,666.410
deep-researcher-1785988161-8b7ea5e1e743,450.260,650.069
wide-researcher-1785988161-d4f957e852ad,450.287,637.795
deep-researcher-1785988161-d7355223b3da,450.426,628.102
data-analyst-1785988093-b9e3a33e9914,450.436,520.626
data-analyst-1785988093-71b54b2bfccf,450.450,522.925
data-analyst-1785988093-0a973a4ac7ce,450.463,534.464
wide-researcher-1785988161-bb6e5d84fdce,450.568,692.887
data-analyst-1785988088-21439d3e6dba,450.648,450.648
deep-researcher-1785988161-11db1cac4207,450.710,689.431
wide-researcher-1785988161-ba635ca69ec7,450.783,685.511
deep-researcher-1785988161-ac2e55c1635e,450.830,685.393
wide-researcher-1785988161-7f447e7dde5c,450.849,690.696
data-analyst-1785988043-f741a7c807f8,450.868,450.868
deep-researcher-1785988162-8956a80622b8,450.905,653.107
wide-researcher-1785988162-83cfb617cd38,450.998,662.479
deep-researcher-1785988162-2ea401062e65,451.038,645.878
wide-researcher-1785988162-0ef38b2afa11,451.068,692.928
deep-researcher-1785988162-4499be5f20cb,451.087,633.976
wide-researcher-1785988162-3ffb9df50866,451.159,632.275
deep-researcher-1785988162-a36c6f849079,451.188,695.127
wide-researcher-1785988162-894599761a53,451.228,690.877
deep-researcher-1785988162-faf53c61f8bb,451.305,660.467
wide-researcher-1785988162-cb33b7ace9ef,451.392,648.885
deep-researcher-1785988162-10951203e806,451.422,657.854
data-analyst-1785988079-ca6bf0ba4ebf,451.466,451.467
wide-researcher-1785988162-827307d55be9,451.475,674.984
deep-researcher-1785988162-88bee4ee678b,451.493,661.217
wide-researcher-1785988162-704d77576b51,451.571,633.817
deep-researcher-1785988162-d33a4f84face,451.629,656.704
wide-researcher-1785988162-a6e95e306f66,451.755,693.408
data-analyst-1785988013-9fe1504384df,451.816,451.817
deep-researcher-1785988162-927c2aaa98c7,451.968,619.125
data-analyst-1785988032-0abbf39c027a,452.000,452.000
wide-researcher-1785988162-77e0a8ffc303,452.008,680.448
deep-researcher-1785988163-06f3a195bfa6,452.067,695.525
wide-researcher-1785988163-bff343535c34,452.086,667.213
deep-researcher-1785988163-9c42a3a8fa38,452.127,661.003
wide-researcher-1785988163-d37e37b0f372,452.226,660.381
deep-researcher-1785988163-cf05448e71de,452.265,668.564
wide-researcher-1785988163-153891b71482,452.300,679.289
deep-researcher-1785988163-88b2b6946ef9,452.356,691.162
wide-researcher-1785988163-0b152e227bc0,452.424,611.737
deep-researcher-1785988163-397b41230afd,452.514,680.168
data-analyst-1785988064-9b5b870522a2,452.549,519.272
data-analyst-1785988055-5acd46c0bc21,452.564,531.122
data-analyst-1785988021-c98911e21ebc,452.577,527.631
wide-researcher-1785988163-f090a47ce921,452.586,646.442
deep-researcher-1785988163-0fecc062d52f,452.604,663.388
wide-researcher-1785988163-a61d2a60c91a,452.634,657.518
deep-researcher-1785988163-f7b61018c469,452.652,695.064
wide-researcher-1785988163-538d848e8a77,452.710,661.835
deep-researcher-1785988163-0c65d23d47fa,452.748,693.967
wide-researcher-1785988163-6c2c6a59a101,452.817,642.407
deep-researcher-1785988163-56ace2d44184,452.934,635.047
wide-researcher-1785988163-8e3b453b01c5,452.961,690.958
deep-researcher-1785988164-003e11fb1c01,453.000,639.346
wide-researcher-1785988164-ab46bb7b78f0,453.028,685.251
deep-researcher-1785988164-f730d34acbe0,453.082,640.028
wide-researcher-1785988164-90e1bc8b0785,453.135,651.053
data-analyst-1785988079-5cd834aa52ed,453.191,538.076
deep-researcher-1785988164-bc88f1a8bb77,453.192,663.139
wide-researcher-1785988164-11d123fa6800,453.450,638.640
deep-researcher-1785988164-6312ee4d3063,453.488,657.931
data-analyst-1785988088-ed95f35a570f,453.492,517.780
wide-researcher-1785988164-5012aa5d8638,453.527,661.652
data-analyst-1785988075-592a15e3df7b,453.562,453.564
data-analyst-1785988071-823764ee4614,453.577,453.578
deep-researcher-1785988164-2be7de32c2dc,453.582,688.213
wide-researcher-1785988164-ba5be2cfb193,453.609,622.676
data-analyst-1785988094-4c5ddf76a53c,453.609,519.258
data-analyst-1785988094-b7ba7f4c655d,453.627,523.719
deep-researcher-1785988164-89827e1fc5a0,453.742,694.828
wide-researcher-1785988164-8e181a841565,453.777,654.455
data-analyst-1785988088-c168e702e4bc,453.787,516.731
deep-researcher-1785988164-c2f436085d47,453.805,628.489
wide-researcher-1785988164-16bcdb0853bd,453.931,643.024
deep-researcher-1785988164-aff2fbb74de0,453.962,693.559
wide-researcher-1785988165-411c9a2cdb02,454.025,680.771
deep-researcher-1785988165-05a728e1bf95,454.062,658.195
wide-researcher-1785988165-d8a3f1f50bac,454.101,644.030
deep-researcher-1785988165-211b95c294b8,454.138,658.687
wide-researcher-1785988165-4cbba9c93c33,454.173,637.614
deep-researcher-1785988165-7f764c2a9759,454.227,660.965
wide-researcher-1785988165-d8e380123c29,454.394,650.358
deep-researcher-1785988165-66dd6ac57e5f,454.443,664.874
wide-researcher-1785988165-cf3fa70ae7eb,454.595,661.636
deep-researcher-1785988165-e70ef0644581,454.642,666.091
wide-researcher-1785988165-94901f417bef,454.706,633.785
deep-researcher-1785988165-2efdbef7e0b8,454.769,694.939
wide-researcher-1785988165-29c95889e914,454.955,651.338
deep-researcher-1785988165-70c74314384d,454.993,691.750
wide-researcher-1785988166-f5703aee9c95,455.040,570.058
deep-researcher-1785988166-d2c59e65b54c,455.089,680.146
wide-researcher-1785988166-273519a66b01,455.129,631.637
data-analyst-1785988005-f18efcdcca4d,455.158,530.643
data-analyst-1785988065-1f4a3d602ef9,455.173,522.792
data-analyst-1785988005-2217dfc1dc35,455.187,521.837
data-analyst-1785988087-c1cacdd0353f,455.201,455.202
deep-researcher-1785988166-97ac438e6455,455.239,651.534
wide-researcher-1785988166-b1f463aaf728,455.282,659.279
deep-researcher-1785988166-1337504e6378,455.310,639.529
data-analyst-1785988087-74266eae604e,455.373,521.045
wide-researcher-1785988166-a09147218a88,455.382,602.067
data-analyst-1785988042-e052c04a341a,455.396,455.396
deep-researcher-1785988166-df3fac06b631,455.430,691.366
wide-researcher-1785988166-e728bf46e393,455.448,693.986
deep-researcher-1785988166-55782946eb6f,455.544,694.701
data-analyst-1785988079-f5f91b90eea5,455.573,455.574
wide-researcher-1785988166-07d702739a54,455.610,639.018
deep-researcher-1785988166-15891b8a5d81,455.629,628.452
data-analyst-1785988095-1202c5fd8de3,455.652,525.244
data-analyst-1785988095-342a5710f3c1,455.667,523.482
wide-researcher-1785988166-55e3bd3c3998,455.676,657.436
data-analyst-1785988089-e2d51b16901b,455.704,455.705
deep-researcher-1785988166-1bc16c83cf47,455.741,631.984
wide-researcher-1785988166-cdfec070bbb9,455.776,652.826
deep-researcher-1785988166-4d6fe5bc3127,455.804,635.063
wide-researcher-1785988166-37c8e942673e,455.840,641.929
deep-researcher-1785988166-3f3741d4ae19,455.915,657.824
wide-researcher-1785988167-45a5243d5589,455.986,633.943
deep-researcher-1785988167-9f3767d4bdf7,456.043,667.247
wide-researcher-1785988167-45b1363d002e,456.160,653.820
data-analyst-1785988058-2dcf9e9cf31e,456.202,522.703
deep-researcher-1785988167-993b38fb10f3,456.218,588.510
data-analyst-1785988083-565681493869,456.237,456.238
wide-researcher-1785988167-6bfdff0e7eb0,456.256,642.110
deep-researcher-1785988167-c08df3f15a66,456.284,691.044
data-analyst-1785988095-b57f3f6e9d80,456.330,551.445
wide-researcher-1785988167-8a38ce922e2f,456.411,692.080
deep-researcher-1785988167-3da1dc0baafb,456.465,661.873
wide-researcher-1785988167-a0d8c2c4cdaf,456.482,678.987
deep-researcher-1785988167-4a0c820c0b05,456.548,646.802
data-analyst-1785988060-77b8750b5cd6,456.654,456.655
wide-researcher-1785988167-89fa47fe7ac8,456.745,666.680
deep-researcher-1785988167-824a38efb91a,456.766,673.596
wide-researcher-1785988167-5f9fde1140ef,456.796,681.500
deep-researcher-1785988167-315b02704a24,456.831,668.177
wide-researcher-1785988167-e11367e19aab,456.948,678.599
deep-researcher-1785988168-6f245ac84f9d,456.968,666.074
wide-researcher-1785988168-62a10e7350c8,457.047,647.665
deep-researcher-1785988168-c3171bba203e,457.068,629.307
data-analyst-1785988014-b3cfc07c9da9,457.068,457.069
wide-researcher-1785988168-5b8d3f1da16a,457.128,636.376
data-analyst-1785988089-88c9d5f67344,457.136,457.138
deep-researcher-1785988168-9e6f74de0cd3,457.179,655.029
wide-researcher-1785988168-60a090bca529,457.197,649.114
deep-researcher-1785988168-f576d5d6b873,457.243,695.180
wide-researcher-1785988168-d20bb22099d8,457.322,631.933
deep-researcher-1785988168-291ee38bde2c,457.353,687.833
wide-researcher-1785988168-225fe84347b7,457.389,636.780
deep-researcher-1785988168-5143ca1a4fb6,457.420,629.188
wide-researcher-1785988168-37c43627701d,457.501,683.397
deep-researcher-1785988168-300ad8263ed5,457.619,626.258
wide-researcher-1785988168-15e8dfde296e,457.652,678.679
deep-researcher-1785988168-fb8fa3a7b6d4,457.726,684.615
wide-researcher-1785988168-27bb11d77ace,457.793,652.900
deep-researcher-1785988168-461be556d128,457.922,596.342
data-analyst-1785988053-7f510967b3db,457.962,528.621
wide-researcher-1785988168-2b045ec3d51e,457.986,672.501
deep-researcher-1785988169-b8ce5de889e2,458.016,693.464
wide-researcher-1785988169-df2e83d29262,458.046,633.270
deep-researcher-1785988169-2e30c985b917,458.150,659.391
data-analyst-1785988075-0f058a80e85a,458.223,458.224
data-analyst-1785988087-4e2942edc0fa,458.289,519.465
wide-researcher-1785988169-b6d902538850,458.305,643.472
data-analyst-1785988077-6092706e400f,458.345,458.346
deep-researcher-1785988169-e592d4990ce6,458.350,653.171
wide-researcher-1785988169-2a3095dd9f6a,458.395,669.480
deep-researcher-1785988169-9212b451cbca,458.450,663.333
wide-researcher-1785988169-b94847a64ed8,458.469,647.941
deep-researcher-1785988169-e4071c4b68e7,458.487,642.624
data-analyst-1785988077-eae9f77636b9,458.537,458.537
data-analyst-1785988071-df4dee85df91,458.552,458.553
wide-researcher-1785988169-0ec75dea45f2,458.561,665.658
deep-researcher-1785988169-a1982e8ba829,458.579,666.186
wide-researcher-1785988169-091a4e44aa51,458.640,692.479
deep-researcher-1785988169-558a5d7563de,458.660,634.745
wide-researcher-1785988169-36f8a0bb54bf,458.689,653.155
deep-researcher-1785988169-50b8c7d44c82,458.707,659.429
wide-researcher-1785988169-83485860c55c,458.755,684.131
deep-researcher-1785988169-e6545959dc5c,458.774,662.553
wide-researcher-1785988169-944ba1b1cf13,458.830,641.502
deep-researcher-1785988169-648c6856e684,458.873,642.913
wide-researcher-1785988170-eb934a978953,458.902,634.202
deep-researcher-1785988170-6238ce55679b,458.970,693.861
wide-researcher-1785988170-eee8dda18948,458.999,628.925
deep-researcher-1785988170-46e5d76c510b,459.017,634.058
wide-researcher-1785988170-1d8842cd0e66,459.075,640.995
deep-researcher-1785988170-11ec944c63a2,459.162,652.449
wide-researcher-1785988170-7de8104e385e,459.241,652.948
deep-researcher-1785988170-eeaadfc12982,459.281,638.363
data-analyst-1785988084-81b3d6e18e03,459.292,520.901
wide-researcher-1785988170-3c654eb46de7,459.429,655.769
deep-researcher-1785988170-5c98ba9edbb6,459.468,695.095
wide-researcher-1785988170-f95de3e855d5,459.494,691.639
deep-researcher-1785988170-e96121108e75,459.557,671.140
wide-researcher-1785988170-f81686029bab,459.648,624.809
deep-researcher-1785988170-140c5f4bc990,459.762,655.978
wide-researcher-1785988170-a11b3fad4e91,459.853,643.766
data-analyst-1785988087-d0bad4c0ab80,459.863,516.596
deep-researcher-1785988170-27aeb448220f,459.910,655.939
wide-researcher-1785988171-7a7efc664474,459.972,628.544
deep-researcher-1785988171-179dc8ac8be0,460.069,645.699
wide-researcher-1785988171-70f44e363992,460.089,693.543
deep-researcher-1785988171-4ba2ef6cccfc,460.149,638.087
wide-researcher-1785988171-c17676ba9005,460.173,667.970
deep-researcher-1785988171-1d694d21becd,460.214,654.785
wide-researcher-1785988171-aa3dd0486dee,460.263,640.979
deep-researcher-1785988171-4c7a271e341f,460.334,684.412
wide-researcher-1785988171-f5a9dea827dc,460.378,691.922
deep-researcher-1785988171-775938a5694a,460.418,637.131
wide-researcher-1785988171-ae4a61129e68,460.511,592.195
deep-researcher-1785988171-d2e17c250c71,460.540,638.346
data-analyst-1785988056-6e3a033479d8,460.570,460.570
wide-researcher-1785988171-b63114126cff,460.675,628.729
deep-researcher-1785988171-9b4315cd96d7,460.756,692.418
wide-researcher-1785988171-833cb2252916,460.789,637.858
deep-researcher-1785988171-4d999fa9c200,460.818,694.327
wide-researcher-1785988171-81c17cc189d4,461.008,687.235
deep-researcher-1785988171-e9fc2f05bdbe,461.070,642.327
wide-researcher-1785988172-d1db08eb3e44,461.171,692.755
deep-researcher-1785988172-034c1c588f18,461.282,655.051
wide-researcher-1785988172-d258b063f6c4,461.330,691.148
deep-researcher-1785988172-611c47f89827,461.369,649.457
wide-researcher-1785988172-82a6a31cf454,461.425,683.843
data-analyst-1785988067-53159569efcc,461.448,526.908
deep-researcher-1785988172-131a5ddaf316,461.458,694.409
wide-researcher-1785988172-8eeb4d8df00c,461.582,673.513
deep-researcher-1785988172-cee337cdc8d9,461.607,631.275
wide-researcher-1785988172-4bd2e564ce88,461.646,679.141
deep-researcher-1785988172-7b7a22b4ff13,461.664,647.705
wide-researcher-1785988172-3d95ffbc4137,461.687,638.435
deep-researcher-1785988172-be955528441f,461.787,658.704
data-analyst-1785988011-f0fed6fe730c,461.838,461.839
wide-researcher-1785988172-9a7b9b09691c,461.844,660.146
deep-researcher-1785988172-cbf598472d13,461.883,673.262
wide-researcher-1785988173-298cd51e2e5a,461.925,634.377
deep-researcher-1785988173-2f2070b28017,461.996,646.883
wide-researcher-1785988173-b799865dd999,462.026,659.557
data-analyst-1785988072-4146b9c777c6,462.044,462.045
data-analyst-1785988046-fc051d483c86,462.159,462.159
data-analyst-1785988097-c603677313b1,462.273,555.526
data-analyst-1785988097-b8cac0da22e1,462.286,520.130
deep-researcher-1785988173-b1a8ece5a095,462.298,694.765
wide-researcher-1785988173-881d351b6f24,462.488,625.228
deep-researcher-1785988173-d4c378cdb006,462.523,660.210
wide-researcher-1785988173-4e18de37e290,462.578,644.779
deep-researcher-1785988173-6da7bc9ed38a,462.659,640.118
data-analyst-1785988087-83c2a40cd395,462.660,532.911
wide-researcher-1785988173-28d5d858bdd3,462.786,664.532
deep-researcher-1785988173-e07c31723cdb,462.844,694.123
data-analyst-1785988097-cd2a3f270109,462.872,522.987
wide-researcher-1785988173-22b95c4ba4d6,462.876,677.535
data-analyst-1785988097-d84935584a89,462.889,523.512
data-analyst-1785988097-1e10ed873147,462.902,527.166
deep-researcher-1785988174-88d53a463e6f,462.925,691.590
wide-researcher-1785988174-9f91bde0a1b3,462.998,629.650
deep-researcher-1785988174-432fca1381ec,463.088,661.236
wide-researcher-1785988174-4fb15fb7ae8e,463.119,672.761
deep-researcher-1785988174-417bdebeba21,463.155,671.541
wide-researcher-1785988174-d04fcde58a72,463.184,630.159
deep-researcher-1785988174-e684dd0a12fa,463.201,694.954
wide-researcher-1785988174-e48c9001c174,463.229,632.513
deep-researcher-1785988174-7b1821053106,463.287,635.031
wide-researcher-1785988174-11cfb9731ace,463.333,691.209
deep-researcher-1785988174-7ce590ea2e31,463.362,695.365
wide-researcher-1785988174-9ad74d229bff,463.391,662.866
deep-researcher-1785988174-c6faba12f9a3,463.438,657.469
wide-researcher-1785988174-32a24b30bb2d,463.502,692.526
deep-researcher-1785988174-4d09cd5779ee,463.538,648.454
wide-researcher-1785988174-dbfe9f0dbd68,463.599,650.519
deep-researcher-1785988174-e0ea43d0fb94,463.699,672.805
wide-researcher-1785988174-7b6bd634bf4c,463.763,644.192
deep-researcher-1785988174-b479044e4baf,463.821,652.744
wide-researcher-1785988174-d328cd9c7ba8,463.959,680.666
deep-researcher-1785988174-63db2234f07c,463.989,676.326
wide-researcher-1785988175-bd02efbde142,464.011,669.654
data-analyst-1785988055-b19bc910c1ae,464.038,537.291
data-analyst-1785988044-fa735b2dbf94,464.053,527.932
data-analyst-1785988083-8337e7fac1b6,464.067,464.069
deep-researcher-1785988175-2bb47c5c3801,464.086,694.493
wide-researcher-1785988175-0987d88620c7,464.170,649.522
deep-researcher-1785988175-be1ed3801425,464.188,643.304
wide-researcher-1785988175-5eb16c7d9ee5,464.292,626.915
data-analyst-1785988098-d2f60adbb7cc,464.347,519.245
deep-researcher-1785988175-697314361a01,464.351,659.813
wide-researcher-1785988175-ed1a94fa8e99,464.389,635.869
deep-researcher-1785988175-ff6041428cba,464.419,692.464
wide-researcher-1785988175-8f3e1a249437,464.449,654.544
deep-researcher-1785988175-d37170bcc791,464.612,694.997
wide-researcher-1785988175-834d602e290c,464.670,684.115
deep-researcher-1785988175-fc42c8d98ac6,464.700,662.366
wide-researcher-1785988175-958342c683ea,464.718,664.367
data-analyst-1785988087-805d442b2342,464.732,516.820
deep-researcher-1785988175-58f9f58a159f,464.745,632.394
wide-researcher-1785988175-500a45790397,464.785,676.214
deep-researcher-1785988175-5cb53e57eb5b,464.881,638.107
data-analyst-1785988080-68acc00fd5d2,464.901,537.512
wide-researcher-1785988175-0b8e035dadc1,464.910,644.621
data-analyst-1785988095-72d552bf5458,465.235,519.879
data-analyst-1785988098-09fb937c3c5b,465.542,530.967
data-analyst-1785988077-e186f90f9677,465.886,465.887
data-analyst-1785988067-8c352536b8bf,466.107,466.108
data-analyst-1785988067-f3e9508947e5,466.767,530.953
data-analyst-1785988039-c4ccaf1c34bb,467.259,520.977
data-analyst-1785988087-1a77cb4cdc39,467.277,525.493
data-analyst-1785988099-3753c8cb3b99,467.417,533.200
data-analyst-1785988099-250274899555,467.431,526.617
data-analyst-1785988090-c589ed3e0147,467.479,467.480
data-analyst-1785988099-d7e63f622182,467.590,525.935
data-analyst-1785988099-50412026873f,467.603,516.851
data-analyst-1785988090-865eed38975f,467.634,467.634
data-analyst-1785988090-5f94d70140ff,467.647,467.647
data-analyst-1785988087-77cb4d4f3359,467.733,467.733
data-analyst-1785988095-942a5b04f1f4,467.979,467.980
data-analyst-1785988074-f85e71130ef1,468.022,468.023
data-analyst-1785988039-aaec98e04185,468.621,468.622
data-analyst-1785988084-95e4dd14ff78,469.197,469.197
data-analyst-1785988067-5e8f6d978595,469.210,469.210
data-analyst-1785988055-6b0b9db1eaf3,469.282,517.962
data-analyst-1785988072-512f4872e63d,469.299,469.300
data-analyst-1785988067-cf19e78fd96a,470.043,516.427
data-analyst-1785988065-2218e6d4e02c,470.057,524.971
data-analyst-1785988095-198f658f45a4,470.461,525.878
data-analyst-1785988040-a69b3fe6b599,470.762,517.045
data-analyst-1785988087-bfaf771422da,470.884,470.885
data-analyst-1785988089-71ac1726e8db,471.015,471.015
data-analyst-1785988074-a54e2bab5697,471.124,523.776
data-analyst-1785988069-cbb54a073339,471.370,471.370
data-analyst-1785988083-8493bded2a64,471.613,471.614
data-analyst-1785988100-48d27fe20f93,471.673,541.742
data-analyst-1785988100-56b6bbff0d72,471.687,520.082
data-analyst-1785988089-5082fb684b93,471.721,518.512
data-analyst-1785988100-aed1573afe99,471.891,520.524
data-analyst-1785988011-d97d3d12f57b,472.532,535.986
data-analyst-1785988101-d3622942f4a6,473.349,527.788
data-analyst-1785988101-ccff14f7cc8f,473.363,526.745
data-analyst-1785988089-c309a9aefb70,473.442,533.214
data-analyst-1785988057-e9880cbc5ee7,473.462,473.463
data-analyst-1785988041-0afaf50adbf3,473.509,473.510
data-analyst-1785988094-bfccb7379957,473.694,473.695
data-analyst-1785988072-0a4c82eaa7c8,474.007,474.007
data-analyst-1785988069-fa03f5033d7c,474.206,474.206
data-analyst-1785988090-572e6ee2f290,474.223,474.224
data-analyst-1785988098-4158fc30a22b,474.447,524.679
data-analyst-1785988095-07ea2c742492,474.483,530.999
data-analyst-1785988101-88e13577a18b,474.565,524.213
data-analyst-1785988101-e14c6e620b71,474.580,534.537
data-analyst-1785988017-24d969c25881,474.945,474.945
data-analyst-1785988101-2b92efd60303,475.068,523.758
data-analyst-1785988101-bbd61f390db4,475.083,519.972
data-analyst-1785988095-d838b3ceb99a,475.118,475.118
data-analyst-1785988095-8b8659e51e83,475.322,475.323
data-analyst-1785988098-f349007e37c9,475.422,532.996
data-analyst-1785988099-7edf83dad106,475.442,518.407
data-analyst-1785988063-34a526c5931f,475.602,517.031
data-analyst-1785988072-6240b7bb24f0,476.186,536.686
data-analyst-1785988072-da42d2f72594,476.199,520.236
data-analyst-1785988072-1c6ee2cb5b51,476.214,518.159
data-analyst-1785988067-1fe9e096d8bf,476.226,522.212
data-analyst-1785988098-b0a2142ef6f7,476.468,527.708
data-analyst-1785988068-06adb08bf8bf,477.444,477.445
data-analyst-1785988073-932b80b8a0fb,477.748,477.749
data-analyst-1785988079-dee8c77d34c7,478.111,478.112
data-analyst-1785988090-1fdd4656a224,478.127,478.128
data-analyst-1785988039-02482e9cf1cf,478.741,478.741
data-analyst-1785988101-8893f24ac2a2,478.810,524.956
data-analyst-1785988039-70960ecc480b,478.828,478.828
data-analyst-1785988054-3a2c189adb04,478.841,478.841
data-analyst-1785988095-02ff35c14bff,478.969,519.513
data-analyst-1785988043-b5856d65f635,479.927,521.156
data-analyst-1785988103-90743597cd9f,480.043,540.239
data-analyst-1785988074-8334ec368572,480.076,480.077
data-analyst-1785988087-59fe06d90d23,480.527,480.528
data-analyst-1785988076-d660250c0840,480.568,480.569
data-analyst-1785988072-5ae63cbe47e3,480.657,480.657
data-analyst-1785988094-5e078db021a3,481.108,516.224
data-analyst-1785988077-ee0c36f09224,481.512,481.512
data-analyst-1785988103-a249651c8bd1,481.542,537.675
data-analyst-1785988103-49a727e40ffa,481.556,519.163
data-analyst-1785988103-a30ca40cd20b,481.571,517.155
data-analyst-1785988087-e0cb8d633f97,481.639,538.153
data-analyst-1785988060-94cba1b3a48c,481.658,481.659
data-analyst-1785988084-ef883cda6d0e,482.256,642.743
data-analyst-1785988104-dab80b15a2cb,483.123,518.672
data-analyst-1785988074-733ee2d57ae4,483.211,533.626
data-analyst-1785988074-98ebe3164938,483.225,537.660
data-analyst-1785988094-f214d83e7ccd,483.238,516.473
data-analyst-1785988101-104a2b622c55,483.255,516.790
data-analyst-1785988042-b920789545d7,483.273,517.646
data-analyst-1785988060-73ac3f9300db,483.286,527.280
data-analyst-1785988032-a16d2f677bba,483.424,483.425
data-analyst-1785988060-4315624775a9,483.796,483.796
data-analyst-1785988104-1fb9fbfaec30,484.141,529.882
data-analyst-1785988104-92839a6efd51,484.155,531.931
data-analyst-1785988075-d16519fe3425,484.186,484.187
data-analyst-1785988024-029a207e50f5,484.202,484.203
data-analyst-1785988093-6d8e0de1c2c2,484.487,484.487
data-analyst-1785988098-adada666da56,484.502,484.502
data-analyst-1785988098-4607797fd77a,484.926,526.731
data-analyst-1785988079-534ea0585d80,484.946,525.996
data-analyst-1785988075-ddac7fb9e694,484.965,532.896
data-analyst-1785988104-9f0aa22ff114,485.071,517.200
data-analyst-1785988104-1189118fa670,485.084,525.922
data-analyst-1785988101-5aab58eaa80c,485.239,524.442
data-analyst-1785988105-a16065d2a3fe,488.263,525.341
data-analyst-1785988105-e17d57e67d41,488.277,550.256
data-analyst-1785988016-dd6f491b3892,489.022,489.022
data-analyst-1785988075-78ed6c819692,489.036,489.036
data-analyst-1785988075-31a23897afa6,489.988,489.988
data-analyst-1785988103-91259dfc295b,490.140,529.957
data-analyst-1785988079-28c41d3c8b14,490.158,490.158
data-analyst-1785988077-a356241f7bb3,490.172,490.172
data-analyst-1785988091-eab0d6295921,490.186,490.187
data-analyst-1785988100-f8df2c9f38ff,490.229,527.119
data-analyst-1785988072-4d553b73125c,490.247,518.282
data-analyst-1785988092-dadde6606d3f,490.640,490.641
data-analyst-1785988087-ebccb231f4d4,490.654,490.654
data-analyst-1785988027-86b1870fe831,490.802,516.804
data-analyst-1785988105-c151bd1737d0,491.459,557.204
data-analyst-1785988046-3dae0c15d169,492.445,593.109
data-analyst-1785988076-2d9c316c860b,492.457,561.798
data-analyst-1785988087-b1f6967f3bc8,493.237,493.237
data-analyst-1785988081-38b20a32a1ca,494.362,494.362
data-analyst-1785988052-b2b2b4112ecf,494.482,494.482
data-analyst-1785988093-5c886d39cea1,494.548,494.549
data-analyst-1785988072-c2bd91057b2b,494.640,520.176
data-analyst-1785988056-4d44b58b3a78,495.346,495.347
data-analyst-1785988077-311cdea033d8,496.272,528.156
data-analyst-1785988077-4b0e7b2944c3,496.287,520.961
data-analyst-1785988077-b8a159b9d56a,496.300,521.700
data-analyst-1785988077-3dca7955ca91,496.314,534.232
data-analyst-1785988077-9ba679e991c0,496.327,521.086
data-analyst-1785988077-c4e004a5521b,496.340,518.772
data-analyst-1785988009-a62cb47e7076,496.353,521.984
data-analyst-1785988041-83c65b9a71ba,496.367,522.240
data-analyst-1785988107-9f4ed722b9eb,496.559,519.192
data-analyst-1785988107-8e14fb40ea7f,496.573,516.940
data-analyst-1785988107-6d72a71515ad,496.588,516.955
data-analyst-1785988083-455505aec156,496.736,496.736
data-analyst-1785988107-3088ff8395eb,497.131,517.232
data-analyst-1785988107-5c77a337b147,497.143,517.632
data-analyst-1785988107-fd2ef47d3e0b,497.156,516.970
data-analyst-1785988102-651eaf73ca28,497.189,497.190
data-analyst-1785988095-4976f59c8895,497.773,497.773
data-analyst-1785988107-51428d7dbcb0,497.986,522.377
data-analyst-1785988107-19264219ff5c,497.999,519.602
data-analyst-1785988107-66405a2521ac,498.012,540.401
data-analyst-1785988104-b32ca015b1d8,498.145,516.702
data-analyst-1785988094-02ab70d050ea,498.795,498.795
data-analyst-1785988098-3c4029a96fcf,499.349,499.349
data-analyst-1785988075-f244b3361979,499.364,499.364
data-analyst-1785988100-b205c8d6112f,499.562,518.685
data-analyst-1785988078-dcff3d5876c8,499.843,499.844
data-analyst-1785988049-67dc74d953fb,500.141,500.141
data-analyst-1785988077-97ea8c4ac14b,500.512,500.512
data-analyst-1785988078-c40c9af12b1b,501.440,600.106
data-analyst-1785988078-81edc27d2ff4,501.456,520.328
data-analyst-1785988046-f5e57b026e62,501.471,529.133
data-analyst-1785988035-ae70aecb3014,501.485,520.786
data-analyst-1785988006-18373706d6d9,501.498,517.822
data-analyst-1785988079-0008e5ceb8cf,501.760,501.760
data-analyst-1785988086-b5ab2fa1812e,502.116,543.376
data-analyst-1785988102-4eabaec34e60,502.215,516.321
data-analyst-1785988103-d98b559074a2,502.657,518.816
data-analyst-1785988054-5fcc30081ae6,503.413,503.413
data-analyst-1785988041-36e819a6a1de,503.647,503.648
data-analyst-1785988097-47e657043f1b,503.720,517.247
data-analyst-1785988084-877d55fef81e,504.028,516.382
data-analyst-1785988102-b3c730cf53f3,504.218,529.021
data-analyst-1785988104-9c285237b0d8,505.271,505.272
data-analyst-1785988081-2339658c4cb0,505.385,505.386
data-analyst-1785988072-227f466cd52a,505.399,505.400
data-analyst-1785988060-d7d469901898,505.588,505.588
data-analyst-1785988079-807368a3a340,506.839,532.666
data-analyst-1785988036-c7213e231fe8,506.853,520.116
data-analyst-1785988081-8a61564a566c,507.207,517.620
data-analyst-1785988105-be836836d050,507.535,520.144
data-analyst-1785988084-b7c8308fa30e,507.651,507.651
data-analyst-1785988109-be08539f6c0c,507.777,526.265
data-analyst-1785988109-fc69b8a71f54,507.791,524.108
data-analyst-1785988109-274239d6179e,507.804,517.262
data-analyst-1785988068-ff1efcff046c,508.124,508.124
data-analyst-1785988095-55c689023665,508.215,508.215
data-analyst-1785988081-247e8f590281,508.284,508.284
data-analyst-1785988084-3c9ecd70a739,508.875,508.875
data-analyst-1785988053-27c3e4fad753,508.890,508.890
data-analyst-1785988109-aa99eeafd5d1,509.134,522.673
data-analyst-1785988109-abce9eadb4cf,509.147,526.060
data-analyst-1785988109-31cb4b745b06,509.161,531.496
data-analyst-1785988099-cb69852affa2,509.194,509.195
data-analyst-1785988109-25e64773f8b9,509.289,526.816
data-analyst-1785988109-d94ec79bcd03,509.303,523.439
data-analyst-1785988109-27e2ce54e348,509.316,517.989
data-analyst-1785988083-b237a3420e6f,509.545,509.546
data-analyst-1785988091-f81bb9d80e15,509.668,509.669
data-analyst-1785988098-5187d7761e03,509.683,509.683
data-analyst-1785988077-93a8e1d9ef15,509.815,509.815
data-analyst-1785988109-250dc8a34dae,510.918,519.285
data-analyst-1785988109-d1d503204910,510.932,522.522
data-analyst-1785988109-cde3a0fafdc3,510.946,518.802
data-analyst-1785988109-83147541c90b,511.514,540.718
data-analyst-1785988109-5e0b5a8e5867,511.528,519.339
data-analyst-1785988109-848c9dd6c260,511.542,531.774
data-analyst-1785988100-f0c6581ca32e,511.759,519.147
data-analyst-1785988080-373671c89039,512.612,536.815
data-analyst-1785988080-8be47f108af4,512.625,525.732
data-analyst-1785988020-6ba44e11b612,512.638,538.045
data-analyst-1785988080-a8caf94907ca,512.651,517.417
data-analyst-1785988105-bc6e44c6a019,513.247,520.771
data-analyst-1785988110-8392aa46c2cb,514.386,522.507
data-analyst-1785988110-22a1ffc4bb51,514.399,528.197
data-analyst-1785988110-b3fdc5727449,514.413,520.712
data-analyst-1785988104-f59e5e2fef58,514.819,520.065
data-analyst-1785988104-703c283acac4,514.868,516.641
data-analyst-1785988110-ace4bd5337eb,515.271,529.226
data-analyst-1785988110-216a5f960900,515.286,545.914
data-analyst-1785988110-636c03d3a41d,515.300,518.189
data-analyst-1785988105-427b14a7b140,515.398,516.761
data-analyst-1785988081-1d17ab3864f2,515.418,517.403
data-analyst-1785988111-4034a0b6b21e,518.829,518.830
data-analyst-1785988114-4c80edfc07ae,518.948,518.949
data-analyst-1785988114-3352140e79c3,519.178,519.178
data-analyst-1785988114-7a96b0bb66b2,519.205,519.206
data-analyst-1785988114-42fe414f9f76,519.420,519.421
data-analyst-1785988115-90c8d6077c7c,519.433,519.434
data-analyst-1785988114-d5dc3ea8b865,519.560,519.561
data-analyst-1785988111-88a662dd0bec,519.643,519.643
data-analyst-1785988116-24af0a448271,519.958,519.958
data-analyst-1785988116-1fa5914f9c0c,520.160,520.161
data-analyst-1785988117-a5cfbe00191b,520.314,520.315
data-analyst-1785988116-66220de3cf16,520.372,520.373
data-analyst-1785988117-28b6f3cbf1ee,520.507,520.507
data-analyst-1785988116-0abaabde0a55,520.638,520.639
data-analyst-1785988116-aace8e5955b3,520.814,520.815
data-analyst-1785988116-7f1182f101c0,520.828,520.828
data-analyst-1785988119-ee5b871f3cff,521.113,521.113
data-analyst-1785988119-56a0bf7ca9f1,521.213,521.214
data-analyst-1785988119-723f082f4049,521.316,521.317
data-analyst-1785988116-13c13e4519e0,521.473,521.474
data-analyst-1785988111-4d1b4a1b5695,521.868,521.869
data-analyst-1785988114-88c0a9ce4e68,521.882,521.883
data-analyst-1785988117-530cea22567a,522.076,522.077
data-analyst-1785988116-71e2b81f2d51,522.163,522.164
data-analyst-1785988121-0fcfc9208822,522.329,522.330
data-analyst-1785988121-10feb3fb9f51,522.360,522.361
data-analyst-1785988112-1cbbefffacf9,522.452,522.453
data-analyst-1785988112-0867f705403b,522.820,522.820
data-analyst-1785988120-062ac0bbe6a2,522.910,522.911
data-analyst-1785988116-6166c87ef44e,523.031,523.031
data-analyst-1785988121-88026c3c9a0d,523.060,523.061
data-analyst-1785988123-114c0efb20e2,523.259,523.260
data-analyst-1785988115-b65e7aa1f7cf,523.424,523.425
data-analyst-1785988116-080d6592db65,523.467,523.468
data-analyst-1785988115-2c4767965ac2,523.527,523.528
data-analyst-1785988126-74c15fd02a31,523.657,523.658
data-analyst-1785988127-cc87f8184b88,523.699,523.700
data-analyst-1785988116-5d6e6cec9975,524.182,524.183
data-analyst-1785988123-6ad65414fb78,524.226,524.226
data-analyst-1785988126-1fd313e2f7c2,524.239,524.240
data-analyst-1785988123-9b94ad51f671,524.293,524.294
data-analyst-1785988121-f9eb0dcc2254,524.307,524.307
data-analyst-1785988116-c6115e5f78d5,524.801,524.801
data-analyst-1785988131-0df306d24270,524.847,524.847
data-analyst-1785988115-911a22e6eae3,524.986,524.987
data-analyst-1785988126-ba8338416a7c,525.138,525.139
data-analyst-1785988126-707b03985107,525.257,525.258
data-analyst-1785988117-beebf8e74521,525.284,525.284
data-analyst-1785988131-213afedd505a,525.367,525.368
data-analyst-1785988114-6c63c9d41eb6,525.381,525.381
data-analyst-1785988133-3ea0418a0347,525.552,525.553
data-analyst-1785988131-3d1bfaf99ce0,525.582,525.583
data-analyst-1785988127-eaf6cb9f6329,525.596,525.596
data-analyst-1785988123-b09995da819e,525.659,525.659
data-analyst-1785988126-2e367dd0f1a7,525.675,525.676
data-analyst-1785988123-e37cd6152da3,525.892,525.893
data-analyst-1785988129-ae2c7b77236e,526.157,526.157
data-analyst-1785988113-461449435d3a,526.221,526.221
data-analyst-1785988131-e327f3258ae2,526.306,526.306
data-analyst-1785988126-7fca505d04a7,526.319,526.320
data-analyst-1785988126-0dadcf22531c,526.474,526.475
data-analyst-1785988131-329d175581c7,526.517,526.517
data-analyst-1785988130-3379b802b3ac,526.530,526.531
data-analyst-1785988120-c62b9953a44d,526.630,526.631
data-analyst-1785988123-cfd0b689fb74,526.645,526.646
data-analyst-1785988127-f30fb38a9868,526.661,526.662
data-analyst-1785988133-9d4b93f983ec,526.674,526.674
data-analyst-1785988129-ae7a4d2e6f92,526.703,526.704
data-analyst-1785988123-8bcc0330c483,526.802,526.802
data-analyst-1785988130-9a9e45704529,526.923,526.923
data-analyst-1785988127-6aa7ec80f4aa,527.180,527.181
data-analyst-1785988113-f14052c5d4e9,527.372,527.373
data-analyst-1785988112-0ca9dddbef53,527.386,527.386
data-analyst-1785988131-eeaaf79b69fa,527.414,527.415
data-analyst-1785988123-3698303aff3f,527.429,527.429
data-analyst-1785988137-c248d3cb8564,527.539,527.539
data-analyst-1785988126-2385d3b4b15b,527.646,527.646
data-analyst-1785988136-3d21c36edcf4,527.858,527.859
data-analyst-1785988137-93a1a1ac5eb9,527.873,527.874
data-analyst-1785988131-e9d91ad229ea,527.963,527.963
data-analyst-1785988126-ad68bc338b32,527.978,527.979
data-analyst-1785988136-f013b449a0af,528.021,528.022
data-analyst-1785988139-e5e9f4b486e9,528.065,528.066
data-analyst-1785988140-b62522866557,528.243,528.243
data-analyst-1785988123-a6b5a2e781db,528.715,528.715
data-analyst-1785988140-9d6751979049,528.747,528.747
data-analyst-1785988140-a3d7e337ebbc,528.829,528.829
data-analyst-1785988131-2536360a6008,528.860,528.861
data-analyst-1785988137-3ff4ec2d08a9,529.117,529.118
data-analyst-1785988123-eff99feba33d,529.163,529.164
data-analyst-1785988117-90207fd5c71a,529.272,529.272
data-analyst-1785988129-791be691589d,529.523,529.523
data-analyst-1785988146-789d0ce7f949,529.538,529.538
data-analyst-1785988123-0ef7f102cbe2,529.597,529.598
data-analyst-1785988117-f279bbe6655a,529.624,529.624
data-analyst-1785988127-1e00c44661e6,529.716,529.716
data-analyst-1785988137-5963a9644ac3,529.912,529.913
data-analyst-1785988142-75ce7a921c3b,529.988,529.989
data-analyst-1785988143-aa16d7c5e3d8,530.102,530.102
data-analyst-1785988129-bd2ba36b7b5a,530.212,530.212
data-analyst-1785988119-ac85e6d50738,530.229,530.229
data-analyst-1785988114-60d83799baaf,530.629,530.629
data-analyst-1785988143-933f8619c53c,530.656,530.656
data-analyst-1785988146-5e9717936df2,530.670,530.671
data-analyst-1785988137-b7f6b3b47394,530.714,530.714
data-analyst-1785988115-1efd5d8a79f2,530.742,530.743
data-analyst-1785988139-77483b1edaf9,530.879,530.879
data-analyst-1785988127-eb0a51af4925,531.136,531.137
data-analyst-1785988152-9dde6a341718,531.209,531.209
data-analyst-1785988138-76f4487990da,531.235,531.235
data-analyst-1785988150-376136c833b8,531.266,531.266
data-analyst-1785988123-30fabd2ef314,531.326,531.327
data-analyst-1785988137-9027da74ad1c,531.342,531.342
data-analyst-1785988146-713124906eb0,531.354,531.354
data-analyst-1785988113-9f6c80271801,531.397,531.397
data-analyst-1785988137-38672ec4b8ec,531.425,531.425
data-analyst-1785988149-4f2055189bde,531.454,531.454
data-analyst-1785988142-90df6335db11,531.468,531.469
data-analyst-1785988137-59c2750517cf,531.582,531.583
data-analyst-1785988121-5aab95402cb8,531.595,531.596
data-analyst-1785988134-6293c62caa00,531.671,531.672
data-analyst-1785988121-37bb0fd9ff28,531.747,531.747
data-analyst-1785988131-885dd9603d48,531.822,531.822
data-analyst-1785988139-33643d7c682a,531.892,531.892
data-analyst-1785988148-02b8244e23dc,531.918,531.918
data-analyst-1785988148-56b23f6e8a81,532.061,532.061
data-analyst-1785988123-0da99f9b2710,532.203,532.204
data-analyst-1785988130-1aac0ba28000,532.311,532.311
data-analyst-1785988151-e1a0ac79ea87,532.342,532.343
data-analyst-1785988152-e16cde698aaf,532.621,532.621
data-analyst-1785988149-9c772dc5697b,532.682,532.683
data-analyst-1785988119-d9cbf1583271,532.757,532.757
data-analyst-1785988140-c32db79b5ec4,532.827,532.828
data-analyst-1785988155-4b2a92ef7554,532.869,532.869
data-analyst-1785988148-38a75f854ef3,532.939,532.939
data-analyst-1785988148-7761903de05f,533.143,533.144
data-analyst-1785988146-5d46cb03b4b0,533.309,533.310
data-analyst-1785988149-fd0401a59445,533.656,533.657
data-analyst-1785988143-b3977795e517,533.747,533.747
data-analyst-1785988125-ee1f6f0e8a19,533.872,533.872
data-analyst-1785988127-3bf883429529,533.959,533.959
data-analyst-1785988114-4823d8db5fe3,534.020,534.020
data-analyst-1785988126-0695e1555f15,534.112,534.112
data-analyst-1785988155-ab476f134b4b,534.219,534.219
data-analyst-1785988149-ceffda0c92c5,534.372,534.373
data-analyst-1785988137-0bb17c32886a,534.493,534.494
data-analyst-1785988120-ff0eaff00ef1,534.508,534.508
data-analyst-1785988154-1e9afae5cdc7,534.599,534.600
data-analyst-1785988139-7ab7264901cf,534.721,534.722
data-analyst-1785988136-e2a11c61479a,534.734,534.735
data-analyst-1785988150-093df59387db,534.776,534.777
data-analyst-1785988126-1fa8d32af7c9,534.895,534.896
data-analyst-1785988149-7fbb379d895f,534.982,534.983
data-analyst-1785988131-833071b7effb,535.035,535.035
data-analyst-1785988143-6adb215f152e,535.315,535.316
data-analyst-1785988148-63779fe17a1b,535.330,535.331
data-analyst-1785988131-ec599aa9ee24,535.373,535.373
data-analyst-1785988121-38d50eb49174,535.613,535.614
data-analyst-1785988139-d11c0df6fafe,535.810,535.811
data-analyst-1785988162-d48888745b60,535.871,535.872
data-analyst-1785988162-234e10374ffa,535.940,535.941
data-analyst-1785988160-202f7efa0655,536.171,536.171
data-analyst-1785988125-e7fbde0f95eb,536.184,536.184
data-analyst-1785988160-0eb70255990f,536.199,536.199
data-analyst-1785988146-5b9a54ac6531,536.424,536.425
data-analyst-1785988140-67ea1cbb0e46,536.568,536.568
data-analyst-1785988162-86ffc1d04b3c,536.672,536.672
data-analyst-1785988139-5b63aa501bc1,536.801,536.802
data-analyst-1785988124-ef1aa9dc774f,536.874,536.874
data-analyst-1785988163-d4cae01bdbb8,536.958,536.959
data-analyst-1785988130-f5f178e9a252,537.127,537.127
data-analyst-1785988160-78d486e7f92f,537.172,537.173
data-analyst-1785988150-ff5a100097d0,537.221,537.222
data-analyst-1785988130-0265efc05c2a,537.235,537.235
data-analyst-1785988140-f173b4a1ecd6,537.321,537.322
data-analyst-1785988160-27b91dffa018,537.410,537.410
data-analyst-1785988137-58b2beef8bea,537.496,537.496
data-analyst-1785988119-e326456b2696,537.526,537.526
data-analyst-1785988147-af530d16c9f7,537.555,537.556
data-analyst-1785988162-c31ee0825317,537.755,537.755
data-analyst-1785988114-56da32edc944,537.850,537.850
data-analyst-1785988137-f555d5ac9a2d,537.866,537.867
data-analyst-1785988134-02e4d0c0de46,537.880,537.880
data-analyst-1785988154-bc532d07e202,537.910,537.911
data-analyst-1785988114-7b54dc89ecba,538.000,538.000
data-analyst-1785988137-398945c102d3,538.232,538.232
data-analyst-1785988139-0de98b30a151,538.298,538.299
data-analyst-1785988169-c1d851b2d003,538.401,538.401
data-analyst-1785988129-5ff6e88e8067,538.666,538.666
data-analyst-1785988144-414cfb4362cb,538.724,538.725
data-analyst-1785988166-f6433d572362,538.769,538.770
data-analyst-1785988137-ecadcdf3ee60,538.812,538.813
data-analyst-1785988150-320437119d25,538.840,538.840
data-analyst-1785988128-915b9ad753c1,538.869,538.870
data-analyst-1785988171-6e32e302ec7d,538.884,538.885
data-analyst-1785988168-e6ba23cb94f8,538.897,538.897
data-analyst-1785988147-11a537d4b70e,538.910,538.910
data-analyst-1785988117-f67c7665418a,539.073,539.073
data-analyst-1785988168-b0a3c97ec5bd,539.086,539.086
data-analyst-1785988127-aa7b5320efd4,539.356,539.356
data-analyst-1785988142-1f23d1a02200,539.413,539.413
data-analyst-1785988163-9ac35e4f1c71,539.426,539.426
data-analyst-1785988168-7f81c88bdc91,539.439,539.439
data-analyst-1785988169-66c00098fc10,539.721,539.721
data-analyst-1785988163-7930a19e2e40,539.735,539.735
data-analyst-1785988162-5a449bce1adc,539.844,539.845
data-analyst-1785988169-ab4033ac2915,539.873,539.873
data-analyst-1785988162-4de55068eb2b,539.886,539.886
data-analyst-1785988169-0cc79c1f38a4,540.006,540.006
data-analyst-1785988176-80c5cd688182,540.020,540.021
data-analyst-1785988124-34fcd9e4c683,540.034,540.034
data-analyst-1785988114-d76318cfcacf,540.075,540.076
data-analyst-1785988172-52357a0ff89d,540.212,540.213
data-analyst-1785988171-89925058fed3,540.226,540.227
data-analyst-1785988143-9758bcb54943,540.457,540.457
data-analyst-1785988167-a7ca92740d7f,540.472,540.473
data-analyst-1785988142-7f82434a56ed,540.748,540.748
data-analyst-1785988169-5d7d22e5af8f,540.763,540.763
data-analyst-1785988161-5ae59bd86e5e,540.952,540.953
data-analyst-1785988166-f7b112a4e220,540.966,540.967
data-analyst-1785988127-14fac86a1c48,541.092,541.092
data-analyst-1785988150-6b89d7210678,541.221,541.221
data-analyst-1785988166-c297d4f56737,541.250,541.250
data-analyst-1785988129-0b6fe2531d1f,541.360,541.361
data-analyst-1785988131-419ade1020b9,541.378,541.378
data-analyst-1785988168-376856b2b615,541.470,541.471
data-analyst-1785988133-528a19182ceb,541.501,541.501
data-analyst-1785988173-36d9581764cc,541.516,541.516
data-analyst-1785988117-cc83792acf49,541.605,541.606
data-analyst-1785988143-3c5031478175,541.682,541.682
data-analyst-1785988168-263629057cdf,541.727,541.728
data-analyst-1785988163-b2348989ddd9,542.492,542.492
data-analyst-1785988163-30a88147fe60,542.651,542.652
data-analyst-1785988128-575188ada0be,543.091,543.091
data-analyst-1785988174-3c17ee3fbb8f,543.219,543.219
data-analyst-1785988166-3f9bf00284ff,543.337,543.337
data-analyst-1785988130-6465ddc21b4d,543.935,543.939
data-analyst-1785988143-8a7b8c7c68f9,544.191,544.192
data-analyst-1785988121-b9b09bdccd79,544.355,544.355
data-analyst-1785988146-1f764ea3eed4,544.401,544.401
data-analyst-1785988180-e78805605a73,545.018,545.018
data-analyst-1785988176-5d8dc7ea5118,545.517,545.517
data-analyst-1785988163-702451530767,545.662,545.662
data-analyst-1785988176-62074a758d0c,545.748,545.748
data-analyst-1785988162-d5ab7999d3d2,546.099,546.099
data-analyst-1785988162-bcd3da122305,546.222,546.222
data-analyst-1785988164-8324a6c54b6e,547.520,547.521
data-analyst-1785988154-812070203480,547.804,547.804
data-analyst-1785988180-147651f9d72f,548.270,548.270
data-analyst-1785988174-68e6b0ef4731,548.609,548.612
data-analyst-1785988166-b6efede31bdd,548.807,548.808
data-analyst-1785988130-3c409384929a,548.846,548.846
data-analyst-1785988172-93c96e4ce9ea,549.125,549.125
data-analyst-1785988152-21c772e6acf4,549.245,549.246
data-analyst-1785988174-8c2638ede5df,549.672,549.672
data-analyst-1785988168-6dc8046ab24d,550.012,550.012
data-analyst-1785988174-7d89ce584a99,550.052,550.053
data-analyst-1785988187-28af151f4cb8,550.386,550.386
data-analyst-1785988180-53849b91d4ed,550.466,550.467
data-analyst-1785988127-6018eacfaad7,550.505,550.505
data-analyst-1785988166-a51e718bab7a,550.783,550.783
data-analyst-1785988169-a6d37d9b3d32,551.252,551.252
data-analyst-1785988168-818137ca0a98,551.282,551.283
data-analyst-1785988161-b2611ace7e1d,551.359,551.359
data-analyst-1785988163-660aa8e1e23f,551.431,551.431
data-analyst-1785988172-2cfbbc7fafb9,551.475,551.475
data-analyst-1785988182-091ec7f4c3b7,551.491,551.491
data-analyst-1785988150-5fa3fd0b7b93,551.606,551.606
data-analyst-1785988176-0061939c2c87,551.679,551.679
data-analyst-1785988128-dfc23e475338,551.854,551.854
data-analyst-1785988121-63ed96e12036,551.951,551.951
data-analyst-1785988163-743089ee78c8,552.159,552.159
data-analyst-1785988169-d51207b7653e,552.190,552.190
data-analyst-1785988147-e2eb2fe335a9,552.217,552.217
data-analyst-1785988190-bafd51891ea8,552.429,552.429
data-analyst-1785988191-ffab59298025,552.487,552.488
data-analyst-1785988180-4206bd7cc563,552.541,552.542
data-analyst-1785988177-26318d1b1784,552.624,552.624
data-analyst-1785988190-151ee0a1dc54,552.665,552.665
data-analyst-1785988188-b802ee6fb9f6,552.735,552.735
data-analyst-1785988137-5f9ab84f4f96,552.905,552.905
data-analyst-1785988130-8aaf174ed0d0,552.998,552.998
data-analyst-1785988174-1fc188f6f6d3,553.101,553.102
data-analyst-1785988150-9aa0cd118396,553.411,553.412
data-analyst-1785988180-d2d0c9dbfd71,553.428,553.428
data-analyst-1785988177-c49bc4ec8620,553.442,553.442
data-analyst-1785988151-ce725ddd1032,553.485,553.485
data-analyst-1785988123-d4c77dde81d7,553.714,553.715
data-analyst-1785988123-fcc898d3346d,553.886,553.887
data-analyst-1785988180-299f6f999860,554.627,554.627
data-analyst-1785988151-0795ac3d001f,554.887,554.887
data-analyst-1785988199-2620e3b73f1f,554.960,641.197
data-analyst-1785988176-4d502242d184,555.135,555.135
data-analyst-1785988177-b7c7f97ff676,555.541,555.542
data-analyst-1785988190-9c02314c9fc4,556.044,556.044
data-analyst-1785988166-7899375777fa,556.057,556.057
data-analyst-1785988171-49d5b24499f3,556.559,630.174
data-analyst-1785988148-e826bda133d2,556.650,556.650
data-analyst-1785988173-29e187f49f82,556.971,556.971
data-analyst-1785988117-f4a2a2b361aa,557.126,635.291
data-analyst-1785988139-3ebba01e1e70,557.715,626.150
data-analyst-1785988187-aaaf698beaf8,557.865,557.865
data-analyst-1785988188-f2f8ac641581,557.880,557.881
data-analyst-1785988202-410c59c48218,557.983,651.318
data-analyst-1785988162-262f7ebd194c,558.031,558.032
data-analyst-1785988163-12e4e963f931,558.256,558.256
data-analyst-1785988180-36a5eb842c76,559.363,559.363
data-analyst-1785988172-4ea2fc1410ae,559.477,559.478
data-analyst-1785988163-f2c9e56ded96,559.524,559.524
data-analyst-1785988174-a0a0081a6b05,559.754,559.754
data-analyst-1785988166-21ed546317ed,559.829,622.266
data-analyst-1785988137-2daa102866b5,559.993,559.993
data-analyst-1785988167-db9b78a1fc51,560.110,560.110
data-analyst-1785988176-a46112643371,560.791,560.792
data-analyst-1785988177-87fae4c07e33,561.192,639.964
data-analyst-1785988137-8afdf5bc5d3a,561.499,629.323
data-analyst-1785988169-7cc49b62cbf7,561.689,561.689
data-analyst-1785988164-b02871e11924,561.784,561.784
data-analyst-1785988176-8f14c837ac99,562.830,562.830
data-analyst-1785988142-4e9e04f7abbe,563.129,633.360
data-analyst-1785988148-634a3beecf23,563.143,622.203
data-analyst-1785988144-10e4e970be16,563.348,563.348
data-analyst-1785988138-9417043381a1,563.945,563.945
data-analyst-1785988164-a5f13e53f133,563.991,628.118
data-analyst-1785988191-56959db78d1e,564.375,632.529
data-analyst-1785988127-20b50a8a1fd4,564.584,564.584
data-analyst-1785988137-52cc35f4148a,564.944,622.502
data-analyst-1785988161-6188f90de39b,566.974,566.974
data-analyst-1785988208-56956af4522c,567.117,633.216
data-analyst-1785988208-f66b5f2c9076,567.764,638.688
data-analyst-1785988149-6fb31bc2e728,568.336,628.188
data-analyst-1785988187-8c27899452bd,568.874,568.875
data-analyst-1785988160-8cc975523ae6,569.633,569.633
data-analyst-1785988172-6b87806d47fc,570.001,570.002
data-analyst-1785988210-2cd6ae05d12c,570.500,634.950
data-analyst-1785988139-0a9105b972b4,570.530,570.531
data-analyst-1785988163-495ddaf84d74,570.734,570.734
data-analyst-1785988202-204c93d8a947,572.788,572.789
data-analyst-1785988176-53a0a6a0652d,572.802,572.803
data-analyst-1785988182-d12d0ca648ee,573.677,642.882
data-analyst-1785988177-6abb3d774656,573.690,639.980
data-analyst-1785988190-57122ca2e6da,574.404,574.405
data-analyst-1785988205-382921a290ad,574.662,574.663
data-analyst-1785988208-10a38a66bf51,575.057,575.057
data-analyst-1785988194-bcdeb4a4b215,575.101,575.101
data-analyst-1785988169-b2a6a611be5a,575.244,575.244
data-analyst-1785988210-a138ec5a662b,575.576,626.669
data-analyst-1785988213-8697109824bb,577.032,648.526
data-analyst-1785988180-9cfcedd94902,577.468,577.468
data-analyst-1785988168-221b9e43bdb8,577.923,577.923
data-analyst-1785988176-cf8ca0167210,577.937,577.937
data-analyst-1785988176-85c0f5a0ee4a,578.264,578.265
data-analyst-1785988134-23f02ac7b097,578.750,578.750
data-analyst-1785988214-e1f196e31031,579.240,653.412
data-analyst-1785988214-c3de19ffb338,579.255,649.862
data-analyst-1785988168-3e6c03baa60d,579.836,579.837
data-analyst-1785988124-eb7fde91d15f,580.212,627.429
data-analyst-1785988177-126250575d41,580.225,624.027
data-analyst-1785988176-3b0d26a144ff,580.238,635.727
data-analyst-1785988160-e050b6abdfe5,580.251,580.251
data-analyst-1785988202-a3ec25e9db0c,580.455,580.455
data-analyst-1785988210-8d715f783b2c,580.717,629.938
data-analyst-1785988150-95410e77ea7e,580.793,624.342
data-analyst-1785988188-cd02bce0cd1a,581.299,581.299
data-analyst-1785988142-1251656f09ab,581.983,581.983
data-analyst-1785988143-004b6774fb0b,582.954,582.955
data-analyst-1785988216-29f61da85262,583.358,639.258
data-analyst-1785988216-6129d9fbf539,583.372,630.796
data-analyst-1785988172-99b7ac1c7930,583.404,624.922
data-analyst-1785988190-97e120dccaa2,583.496,583.496
data-analyst-1785988125-65056e48e005,584.001,584.001
data-analyst-1785988187-8a0d40e0094a,584.352,630.140
data-analyst-1785988202-c24e7c7cc77e,584.771,584.772
data-analyst-1785988127-a836438d5920,585.377,585.377
data-analyst-1785988163-8859a7741cb6,587.136,624.524
data-analyst-1785988148-7aa70e5f292b,587.149,624.045
data-analyst-1785988190-ffab96d8adaa,587.467,624.790
data-analyst-1785988126-a0f5f1e1170e,588.361,588.362
data-analyst-1785988190-6376c9a56322,588.376,588.377
data-analyst-1785988202-95d9d1d1832d,588.788,588.789
data-analyst-1785988155-080147e4b678,589.877,636.235
data-analyst-1785988144-a70a7906bed1,590.777,590.777
data-analyst-1785988149-03cfc38ef339,590.817,590.817
data-analyst-1785988173-14b3fece393c,591.284,591.284
data-analyst-1785988138-bf8431325b84,592.951,592.951
data-analyst-1785988130-922f2cfb61fc,593.047,593.048
data-analyst-1785988214-e766a4013b94,593.090,626.204
data-analyst-1785988221-7dd97f28a205,595.579,644.834
data-analyst-1785988221-35a9c0e8e4f1,595.592,643.688
data-analyst-1785988221-41b9ba4bd626,595.605,625.790
data-analyst-1785988182-6eab4ee543ee,595.690,595.690
data-analyst-1785988213-a0bff92e3c97,595.978,623.563
data-analyst-1785988143-1328ee9cec5d,596.090,596.090
data-analyst-1785988137-836d1d34acdb,596.298,596.298
data-analyst-1785988208-8235dc579142,596.394,623.163
data-analyst-1785988190-9846b7eb6cb4,596.825,596.825
data-analyst-1785988115-6396bcd3b8e5,597.218,597.219
data-analyst-1785988213-45b034b0d7ec,597.333,654.471
data-analyst-1785988208-ed5696003564,597.566,597.566
data-analyst-1785988199-0d9942307867,598.395,624.732
data-analyst-1785988149-d75895d8be6b,598.724,598.725
data-analyst-1785988216-83f5bf686c6c,599.197,625.553
data-analyst-1785988150-7ead21846134,599.242,599.242
data-analyst-1785988205-d7bd8b86821d,599.750,599.750
data-analyst-1785988222-4c937040e748,600.173,629.799
data-analyst-1785988222-f7b215764107,600.186,653.333
data-analyst-1785988222-c26b67070709,600.199,626.947
data-analyst-1785988187-322bfbd6d235,601.369,601.369
data-analyst-1785988167-d264232f9773,601.526,601.527
data-analyst-1785988194-e3cdb774483d,604.845,625.361
data-analyst-1785988190-cdf55b900d44,604.861,622.948
data-analyst-1785988205-f2cfbfc4f4ae,605.059,605.060
data-analyst-1785988194-2e4b1807b280,605.883,643.917
data-analyst-1785988149-4b6807300cc0,607.798,607.799
data-analyst-1785988180-a92d4be8c0ab,609.016,629.534
data-analyst-1785988176-71ee1d76c99c,609.351,609.351
data-analyst-1785988225-e85e3155d36f,609.954,648.582
data-analyst-1785988225-2800f41fd213,609.969,640.753
data-analyst-1785988225-4ee7716ccc02,609.981,646.996
data-analyst-1785988166-bc456a92c3ac,613.102,628.829
data-analyst-1785988199-d0ef2ccd9c8d,615.186,634.760
data-analyst-1785988148-af6e9e09ac1c,619.506,619.507
data-analyst-1785988191-e1916f826ebe,619.739,619.739
data-analyst-1785988208-d1f7f8262e00,619.812,629.920
data-analyst-1785988202-1901ea6a6e67,621.087,621.088
data-analyst-1785988187-ee9f653af888,621.208,621.208
data-analyst-1785988228-0713d9c28bb5,625.825,625.825
data-analyst-1785988228-ad7193569d1b,626.526,626.526
data-analyst-1785988249-b7e4615fde98,639.235,639.236
data-analyst-1785988228-5bdadcc3d49b,642.375,642.375
data-analyst-1785988227-806feb1b13b6,645.424,645.425
data-analyst-1785988249-221e29137dfe,648.470,648.471
data-analyst-1785988249-2c9b4de738bd,649.148,649.149
data-analyst-1785988272-37c4495a47bc,649.222,649.223
data-analyst-1785988272-01b473eab805,649.727,649.728
data-analyst-1785988272-18a749481ece,650.258,650.259
data-analyst-1785988227-ce6231244292,650.646,650.646
data-analyst-1785988276-5d1927262758,651.692,651.692
data-analyst-1785988276-8c2ec036ead9,652.399,652.399
data-analyst-1785988227-5aa24d3f21d2,653.676,653.676
data-analyst-1785988276-dcf9aa0190a2,653.998,654.000
data-analyst-1785988293-9246b4d5f77b,668.983,668.984
data-analyst-1785988293-85be97451a60,670.246,670.246
data-analyst-1785988293-54635e81f1a8,674.342,674.343
